variables,type,units,values,description
financese.machine_rating,input,kW,[5000.],
financese.offset_tcc_per_kW,input,USD/kW,[0.],
financese.opex_per_kW,input,USD/kW/year,[43.],
financese.plant_aep_in,input,kW*h,[0.],
financese.wake_loss_factor,input,,[0.15],
financese.fixed_charge_rate,input,,[0.0578],
financese.electricity_price,input,USD/kW/h,[0.04],
financese.reserve_margin_price,input,USD/kW/year,[120.],
financese.capacity_credit,input,,[1.],
financese.benchmark_price,input,USD/kW/h,[0.071],
financese.turbine_number,input,n/a,120,
landbosse.blade_drag_coefficient,input,,[-1.],
landbosse.blade_lever_arm,input,m,[-1.],
landbosse.blade_install_cycle_time,input,h,[-1.],
landbosse.blade_offload_hook_height,input,m,[-1.],
landbosse.blade_offload_cycle_time,input,h,[-1.],
landbosse.blade_drag_multiplier,input,,[-1.],
landbosse.tower_section_length_m,input,m,[30.],
landbosse.crane_breakdown_fraction,input,,[0.],0 means the crane is never broken down. 1 means it is broken down every turbine.
landbosse.construct_duration,input,,[9.],Total project construction time (months)
landbosse.wind_shear_exponent,input,,[0.2],Wind shear exponent
landbosse.turbine_rating_MW,input,MW,[5.],Turbine rating MW
landbosse.fuel_cost_usd_per_gal,input,,[1.5],Fuel cost USD/gal
landbosse.breakpoint_between_base_and_topping_percent,input,,[0.8],Breakpoint between base and topping (percent)
landbosse.turbine_spacing_rotor_diameters,input,,[7.],Turbine spacing (times rotor diameter)
landbosse.depth,input,m,[2.36],Foundation depth m
landbosse.bearing_pressure_n_m2,input,,[191521.],Bearing Pressure (n/m2)
landbosse.road_length_adder_m,input,m,[5000.],Road length adder (m)
landbosse.fraction_new_roads,input,,[0.33],Percent of roads that will be constructed (0.0 - 1.0)
landbosse.road_quality,input,,[0.6],Road Quality (0-1)
landbosse.line_frequency_hz,input,Hz,[60.],Line Frequency (Hz)
landbosse.row_spacing_rotor_diameters,input,,[7.],Row spacing (times rotor diameter)
landbosse.trench_len_to_substation_km,input,km,[50.],Combined Homerun Trench Length to Substation (km)
landbosse.distance_to_interconnect_mi,input,mi,[4.97096954],Distance to interconnect (miles)
landbosse.interconnect_voltage_kV,input,kV,[130.],Interconnect Voltage (kV)
landbosse.critical_speed_non_erection_wind_delays_m_per_s,input,m/s,[15.],Non-Erection Wind Delay Critical Speed (m/s)
landbosse.critical_height_non_erection_wind_delays_m,input,m,[10.],Non-Erection Wind Delay Critical Height (m)
landbosse.road_width_ft,input,ft,[20.],Road width (ft)
landbosse.road_thickness,input,,[8.],Road thickness (in)
landbosse.crane_width,input,m,[12.2],Crane width (m)
landbosse.overtime_multiplier,input,,[1.4],Overtime multiplier
landbosse.markup_contingency,input,,[0.03],Markup contingency
landbosse.markup_warranty_management,input,,[0.0002],Markup warranty management
landbosse.markup_sales_and_use_tax,input,,[0.],Markup sales and use tax
landbosse.markup_overhead,input,,[0.05],Markup overhead
landbosse.markup_profit_margin,input,,[0.05],Markup profit margin
landbosse.Mass tonne,input,t,[1.],
landbosse.development_labor_cost_usd,input,USD,[1000000.],The cost of labor in the development phase
landbosse.labor_cost_multiplier,input,,[1.],Labor cost multiplier
landbosse.commissioning_pct,input,,[0.01],
landbosse.decommissioning_pct,input,,[0.15],
landbosse.road_distributed_winnd,input,n/a,False,
landbosse.num_turbines,input,n/a,120,Number of turbines in project
landbosse.number_of_blades,input,n/a,3,Number of blades on the rotor
landbosse.user_defined_home_run_trench,input,n/a,0,Flag for user-defined home run trench length (0 = no; 1 = yes)
landbosse.allow_same_flag,input,n/a,False,Allow same crane for base and topping (True or False)
landbosse.hour_day,input,n/a,"{'long': 24, 'normal': 10}","Dictionary of normal and long hours for construction in a day in the form of {'long': 24, 'normal': 10}"
landbosse.time_construct,input,n/a,normal,One of the keys in the hour_day dictionary to specify how many hours per day construction happens.
landbosse.user_defined_distance_to_grid_connection,input,n/a,False,Flag for user-defined home run trench length (True or False)
landbosse.rate_of_deliveries,input,n/a,10,Rate of deliveries (turbines per week)
landbosse.new_switchyard,input,n/a,True,New Switchyard (True or False)
landbosse.num_hwy_permits,input,n/a,10,Number of highway permits
landbosse.num_access_roads,input,n/a,2,Number of access roads
landbosse.site_facility_building_area_df,input,n/a,"   Size Min (MW)  Size Max (MW)  Building area (sq. ft.)
0              0            200                     3000
1            200            500                     5000
2            500            800                     7000
3            800           1000                     9000
4           1000           5000                    12000",site_facility_building_area DataFrame
landbosse.components,input,n/a,"           Component  Mass tonne  Lift height m  Surface area sq m  Coeff drag  Coeff drag (installed)  ...  Lever arm m  Cycle time installation hrs  Offload hook height m  Offload cycle time hrs  Multplier drag rotor  Multiplier tower drag
0  Nacelle GE 1.5SLE        50.0             90              33.00         0.8                     0.8  ...           80                          1.5                      6                     0.5              1.000000                      0
1                Hub        15.4             90              11.30         1.1                     1.1  ...           80                          1.0                      6                     0.5              0.000000                      0
2            Blade 1         5.2             90              33.44         0.1                     1.4  ...           80                          1.0                      6                     0.5              0.666667                      0
3            Blade 2         5.2             90              33.44         0.1                     1.4  ...           80                          1.0                      6                     0.5              0.666667                      0
4            Blade 3         5.2             90              33.44         0.1                     1.4  ...           80                          1.0                      6                     0.5              0.666667                      0
5    Tower section 1        59.8             30              95.89         0.6                     1.1  ...           12                          1.0                      6                     0.5              0.000000                      1
6    Tower section 2        39.3             60              96.25         0.6                     1.1  ...           37                          1.0                      6                     0.5              0.000000                      1
7    Tower section 3        30.9             90              90.00         0.6                     1.1  ...           65                          1.0                      6                     0.5              0.000000                      1

[8 rows x 13 columns]","Dataframe of components for tower, blade, nacelle"
landbosse.crane_specs,input,n/a,"   Equipment name    Crane name              Boom system  Crane capacity tonne  Speed of travel km per hr  Hoist speed m per min  ... Max wind speed m per s Hub height m  Max capacity tonne  Radius m  Hook Height m  Mobilization cost USD
0   Offload crane         LB 75                Hydraulic                    75                         40                     60  ...                     10         12.5                  38       5.4           12.5                   8040
1   Offload crane   Big LB 2580            Big Hydraulic                   500                         40                     60  ...                     10         48.0                 500      11.0           48.0                 406100
2   Offload crane        LB 258                Hydraulic                   200                         40                     60  ...                     10         48.0                  63      11.0           48.0                  40610
3   Crawler crane          M999                     22EL                   275                          2                     20  ...                      9         57.0                  67      14.0           57.0                  68709
4   Crawler crane        LR1500                     SL3F                   500                          2                     20  ...                      9         80.0                 102      16.0           94.0                 184398
5   Crawler crane        LR1500                     SL3F                   500                          2                     20  ...                      9         85.0                  95      16.0          100.0                 184398
6   Crawler crane        LR1500                     SL3F                   500                          2                     20  ...                      9         90.0                  87      16.0          106.0                 184398
7   Crawler crane        LR1500                     SL3F                   500                          2                     20  ...                      9        100.0                  77      18.0          112.0                 184398
8   Crawler crane        LR1500         SL4DFB + Derrick                   500                          2                     20  ...                      9         80.0                 112      16.0           94.0                 184398
9   Crawler crane        LR1500         SL4DFB + Derrick                   500                          2                     20  ...                      9         90.0                 105      16.0          100.0                 184398
10  Crawler crane        LR1500         SL4DFB + Derrick                   500                          2                     20  ...                      9        100.0                  90      16.0          112.0                 184398
11  Crawler crane        LR1500         SL4DFB + Derrick                   500                          2                     20  ...                      9        120.0                  74      18.0          130.0                 184398
12  Crawler crane        LR1500         SL4DFB + Derrick                   500                          2                     20  ...                      9        130.0                  60      20.0          142.0                 184398
13  Crawler crane      LR1600/2                    SL8F3                   600                          2                     20  ...                      9         80.0                 137      18.0           93.0                 249177
14  Crawler crane      LR1600/2                    SL8F3                   600                          2                     20  ...                      9        100.0                 118      18.0          114.0                 249177
15  Crawler crane      LR1600/2                     SL3F                   600                          2                     20  ...                      9        105.0                  93      18.0          117.0                 249177
16  Crawler crane      LR1600/2    HSL4DF + Derrick boom                   600                          2                     20  ...                      9        120.0                  87      20.0          135.0                 249177
17  Crawler crane      LR1600/2       SL13DFB + Derrick                    600                          2                     20  ...                      9        135.0                  96      20.0          147.0                 249177
18  Crawler crane      LR1600/2       SL13DFB + Derrick                    600                          2                     20  ...                      9        140.0                  87      24.0          152.0                 249177
19  Crawler crane      LR1600/2      SL13DFB2 + Derrick                    600                          2                     20  ...                      9        150.0                  71      24.0          164.0                 249177
20  Crawler crane      LR1750/2                   HSL8HS                   750                          2                     20  ...                      9         80.0                 111      18.0          101.0                 360193
21  Crawler crane      LR1500/2                   HSL8HS                   750                          2                     20  ...                      9         95.0                 110      18.0          109.0                 360193
22  Crawler crane      LR1750/2                  HSL7DHS                   750                          2                     20  ...                      9        120.0                 108      18.0          136.0                 360193
23  Crawler crane      LR1750/2                  HSL7DHS                   750                          2                     20  ...                      9        130.0                  98      18.0          147.0                 360193
24  Crawler crane      LR1500/2                  HSL7DHS                   750                          2                     20  ...                      9        140.0                  89      22.0          152.0                 360193
25  Crawler crane      LR1750/2  SX3D4F2B Derrick (walk)                   750                          2                     20  ...                      9        140.0                 141      28.0          154.0                 360193
26  Crawler crane      LR1750/2  SX3D4F2B Derrick (walk)                   750                          2                     20  ...                      6        150.0                 118      28.0          165.0                 360193
27  Crawler crane       LR11000                     SL3F                  1000                          1                     25  ...                      6        100.0                 179      18.0          114.0                 579224
28  Crawler crane       LR11000                     SL3F                  1000                          1                     25  ...                      6        110.0                 152      18.0          120.0                1000000
29  Crawler crane       LR11000                   SL2DFB                  1000                          1                     25  ...                      6        120.0                 179      20.0          132.0                1000000
30  Crawler crane       LR11000                   SL2DFB                  1000                          1                     25  ...                      6        140.0                 133      18.0          136.0                1000000
31  Crawler crane       LR11000                   SL2DFB                  1000                          1                     25  ...                      6        150.0                 154      18.0          147.0                1000000
32  Crawler crane       LR11000                   SL2DFB                  1000                          1                     25  ...                      6        155.0                 140      22.0          152.0                1000000
33  Crawler crane       LR11000                   SL2DFB                  1000                          1                     25  ...                      6        160.0                 120      26.0          174.0                1000000
34  Crawler crane       LR11000                   SL2DFB                  1000                          1                     25  ...                      6        180.0                  73      22.0          192.0                1000000
35  Crawler crane       LR11000                   SL2DFB                  1000                          1                     25  ...                      6        185.0                  54      34.0          198.0                1000000
36  Crawler crane       LR11000            PDW3B Derrick                  1000                          1                     25  ...                      6        130.0                 227      28.0          147.0                1000000
37  Crawler crane       LR11000           PDW3B2 Derrick                  1000                          1                     25  ...                      6        165.0                 142      26.0          174.0                1000000
38  Crawler crane  Big LR110000       Big PDW3B2 Derrick                100000                          1                     25  ...                      6        250.0                1000      50.0          300.0                1400000

[39 rows x 16 columns]",Dataframe of specifications of cranes
landbosse.weather_window,input,n/a,"                      Date UTC  Temp C  Pressure atm  Direction deg  Speed m per s                      Date  Month  Day  Hour Time window  Season
0    2012-01-01 12:00:00+00:00   2.444      0.952053          185.0          8.681 2012-01-01 05:00:00-07:00      1    1     5        long  winter
1    2012-01-01 13:00:00+00:00   1.655      0.952275          270.0          7.234 2012-01-01 06:00:00-07:00      1    1     6        long  winter
2    2012-01-01 14:00:00+00:00   2.512      0.952485          322.0         12.898 2012-01-01 07:00:00-07:00      1    1     7        long  winter
3    2012-01-01 15:00:00+00:00   2.589      0.953325          321.0         14.795 2012-01-01 08:00:00-07:00      1    1     8      normal  winter
4    2012-01-01 16:00:00+00:00   1.534      0.954406          323.0         15.076 2012-01-01 09:00:00-07:00      1    1     9      normal  winter
...                        ...     ...           ...            ...            ...                       ...    ...  ...   ...         ...     ...
8779 2013-01-01 07:00:00+00:00  -8.496      0.970703          346.0          6.550 2013-01-01 00:00:00-07:00      1    1     0        long  winter
8780 2013-01-01 08:00:00+00:00  -8.584      0.970879          348.0          6.387 2013-01-01 01:00:00-07:00      1    1     1        long  winter
8781 2013-01-01 09:00:00+00:00  -9.121      0.970915          351.0          6.617 2013-01-01 02:00:00-07:00      1    1     2        long  winter
8782 2013-01-01 10:00:00+00:00  -9.941      0.970998          351.0          7.304 2013-01-01 03:00:00-07:00      1    1     3        long  winter
8783 2013-01-01 11:00:00+00:00 -10.568      0.971338          351.0          7.864 2013-01-01 04:00:00-07:00      1    1     4        long  winter

[8784 rows x 11 columns]",Dataframe of wind toolkit data
landbosse.crew,input,n/a,"   Crew type ID   Operation                  Crew name         Labor type ID  Number of workers
0            M0  Management  Management - project size       Project manager                  1
1            M0  Management  Management - project size          Site manager                  1
2            M0  Management  Management - project size  Construction manager                  1
3            M0  Management  Management - project size      Project engineer                  1
4            M0  Management  Management - project size  Safety or qc manager                  1
..          ...         ...                        ...                   ...                ...
74           C4        Base                  Top 1000t        Rigger foreman                  1
75           C0        Base          Offload can tower        Crane operator                  2
76           C0        Base          Offload can tower                 Oiler                  2
77           C0        Base          Offload can tower           Iron worker                  3
78           C0        Base          Offload can tower        Rigger foreman                  1

[79 rows x 5 columns]",Dataframe of crew configurations
landbosse.crew_price,input,n/a,"           Labor type ID  Hourly rate USD per hour  Per diem USD per day                                   Notes/References
0         Crane operator                 81.910500                   149  2017 National Construction Estimator:  Page 30...
1                  Oiler                 61.625000                   149  (35% burden) https://www.ziprecruiter.com/Sala...
2                 Rigger                 85.840000                   149  2017 National Construction Estimator:  Page 30...
3           Truck driver                 66.410000                   149  2017 National Construction Estimator:  Page 30...
4            Iron worker                 94.554500                   149  2017 National Construction Estimator:  Page 30...
5        Project manager                119.000000                   149  (50% burden) https://www.salary.com/tools/sala...
6           Site manager                112.200000                   149  (50% burden) https://www.salary.com/tools/sala...
7   Construction manager                112.200000                   149  (50% burden) https://www.salary.com/tools/sala...
8       Project engineer                 93.500000                   149  (50% burden) https://www.salary.com/tools/sala...
9   Safety or qc manager                106.117647                   149  (70% burden) https://www.salary.com/tools/sala...
10     Logistics manager                 99.900000                   149  (50 % burden) https://www.salary.com/research/...
11        Rigger foreman                 85.840000                   149  2017 National Construction Estimator:  Page 30...
12                Rigger                 85.840000                   149  2017 National Construction Estimator:  Page 30...
13              Operator                 81.910500                   149  2017 National Construction Estimator:  Page 30...
14                 Oiler                 71.145000                   149  (35% burden) https://www.ziprecruiter.com/Sala...
15           Electrician                 85.840000                   149  2017 National Construction Estimator:  Page 30...
16             Tool room                 85.840000                   149  2017 National Construction Estimator:  Page 30...
17            QC/QA tech                 87.125000                   149  (50% burden for QC/QC Manager) https://www.zip...
18          Office admin                 44.562500                   149  (35% burden) https://www.salary.com/tools/sala...
19               RSMeans                       NaN                   149                                                NaN",Dataframe of costs per hour for each type of worker.
landbosse.equip,input,n/a,"   Equipment ID Operation Equipment name  Crane capacity tonne  Number of equipment
0            E1      Base  Crawler crane                   500                    1
1            E1      Base    Truck crane                    50                    1
2            E1       Top  Crawler crane                   500                    1
3            E1       Top    Truck crane                    50                    2
4            E2       Top  Crawler crane                   600                    1
5            E2       Top    Truck crane                    50                    2
6            E2       Top             RT                   100                    2
7            E3       Top  Crawler crane                   750                    1
8            E3       Top             RT                   100                    2
9            E4       Top  Crawler crane                  1000                    1
10           E4       Top             RT                   100                    2
11          ST1       Top   Mobile crane                   200                    1
12          ST1       Top             RT                   100                    2
13          OL1   Offload  Offload crane                    75                    2
14          OL2   Offload  Offload crane                   200                    2
15           B1      Base  Crawler crane                   275                    1
16           B1      Base    Truck crane                    50                    1
17           E2      Base  Crawler crane                   600                    1
18           E2      Base    Truck crane                    50                    2
19           E2      Base             RT                   100                    2
20           E3      Base  Crawler crane                   750                    1
21           E3      Base             RT                   100                    2
22           E4      Base  Crawler crane                  1000                    1
23           E4      Base             RT                   100                    2
24          ST1      Base   Mobile crane                   200                    1
25          ST1      Base             RT                   100                    2
26          OL2      Base  Offload crane                   200                    2",Collections of equipment to perform erection operations.
landbosse.equip_price,input,n/a,"   Equipment name  Crane capacity tonne  Equipment price USD per hour  Cost USD per breakdown  Fuel consumption gal per day
0    Mobile crane                    75                            35                     NaN                          44.0
1    Mobile crane                   200                           149                     NaN                          64.0
2   Crawler crane                   275                           217                 37674.0                          76.0
3   Crawler crane                   250                           194                 30534.0                          72.0
4   Crawler crane                   400                           330                 73375.0                          97.0
5   Crawler crane                   500                           420                101936.0                         113.0
6   Crawler crane                   600                           511                130497.0                         130.0
7   Crawler crane                   750                           647                173339.0                         154.0
8   Crawler crane                  1000                           873                244741.0                         195.0
9   Crawler crane                  1350                          1190                344705.0                         252.0
10    Truck crane                    50                            13                     NaN                           NaN
11             RT                   100                            58                     NaN                           NaN
12  Offload crane                    75                            35                     NaN                          44.0
13  Offload crane                   200                           149                     NaN                          64.0",Prices for various type of equipment.
landbosse.rsmeans,input,n/a,"                                    Operation ID      Type of cost  ...                                   Additional Notes                                             Source
0                             Concrete placement  Equipment rental  ...                                                NaN  Source 2017 National Construction Estimator:  ...
1                             Rebar installation  Equipment rental  ...                                                NaN  Source: 2017 National Construction Estimator: ...
2                                         Survey  Equipment rental  ...                                                NaN                                                NaN
3                                 Clear and grub  Equipment rental  ...                                                NaN                                                NaN
4              Topsoil stripping and stockpiling  Equipment rental  ...                   460 HP D-9 dozer with “U”- blade   2017 National Construction Estimator:  Page 599 
5                Stormwater pollution prevention  Equipment rental  ...                                                NaN                                                NaN
6                                       Culverts  Equipment rental  ...                                                NaN                                                NaN
7   Compaction of soil (subgrade and crane path)  Equipment rental  ...                                                NaN  http://www.get-a-quote.net/QuoteEngine/costboo...
8          Mass material movement (cut and fill)  Equipment rental  ...                                                NaN                                                NaN
9                    Placing road base (hauling)  Equipment rental  ...                                                NaN                                                NaN
10                       Rough grading road base  Equipment rental  ...  Site preparation grading based on using one cr...  http://www.get-a-quote.net/QuoteEngine/costboo...
11                          Compacting road base  Equipment rental  ...                                                NaN  http://www.get-a-quote.net/QuoteEngine/costboo...
12                                 Final grading  Equipment rental  ...                                                NaN                                                NaN
13                              Road maintanance  Equipment rental  ...                                                NaN                                                NaN
14                   Decompaction of crane paths  Equipment rental  ...                                                NaN                                                NaN
15                      Reseeding, planting, etc  Equipment rental  ...                                                NaN                                                NaN
16                            Concrete placement             Labor  ...  Ready-mix concrete for the pour strip includin...  Source: 2017 National Construction Estimator: ...
17                            Rebar installation             Labor  ...  Steel reinforcing bars (rebar), ASTM A615 Grad...  Source: 2017 National Construction Estimator: ...
18                                        Survey             Labor  ...                                                NaN                                                NaN
19                                Clear and grub             Labor  ...                                                NaN                                                NaN
20             Topsoil stripping and stockpiling             Labor  ...                                   Tractor operator   2017 National Construction Estimator:  Page 599 
21               Stormwater pollution prevention             Labor  ...                                                NaN                                                NaN
22                                      Culverts             Labor  ...                                                NaN                                                NaN
23  Compaction of soil (subgrade and crane path)             Labor  ...        Laborer, tractor operator, and truck driver  http://www.get-a-quote.net/QuoteEngine/costboo...
24         Mass material movement (cut and fill)             Labor  ...                                                NaN                                                NaN
25                   Placing road base (hauling)             Labor  ...                                   Tractor operator  http://www.get-a-quote.net/QuoteEngine/costboo...
26                       Rough grading road base             Labor  ...                       Laborer and tractor operator  http://www.get-a-quote.net/QuoteEngine/costboo...
27                          Compacting road base             Labor  ...        Laborer, tractor operator, and truck driver  http://www.get-a-quote.net/QuoteEngine/costboo...
28                                 Final grading             Labor  ...                                                NaN                                                NaN
29                              Road maintanance             Labor  ...                                                NaN                                                NaN
30                   Decompaction of crane paths             Labor  ...                                                NaN                                                NaN
31                      Reseeding, planting, etc             Labor  ...                                                NaN                                                NaN
32                                    Excavation  Equipment rental  ...                                                NaN  Source: 2017 National Construction Estimator: ...
33                                    Excavation             Labor  ...                                                NaN  Source: 2017 National Construction Estimator: ...
34                                      Backfill  Equipment rental  ...                                                NaN  Source: 2017 National Construction Estimator: ...
35                                      Backfill             Labor  ...                                   1 truck operator  Source: 2017 National Construction Estimator: ...
36                                    Collection             Labor  ...                                                NaN  Source: 2017 National Construction Estimator: ...
37                                    Collection         Equipment  ...                                                NaN  Source: 2017 National Construction Estimator: ...
38                                    Collection             Labor  ...                                                NaN  Source: 2017 National Construction Estimator: ...
39                                    Collection         Equipment  ...                                                NaN  Source: 2017 National Construction Estimator: ...
40                                    Collection             Labor  ...                                                NaN  Source: 2017 National Construction Estimator: ...
41                                    Collection         Equipment  ...                                                NaN  Source: 2017 National Construction Estimator: ...

[42 rows x 12 columns]",RSMeans price data
landbosse.cable_specs,input,n/a,"  Array Cable  Conductor Size (mm2)  Current Capacity (A)  Rated Voltage (V)  AC Resistance (Ohms/km)  Inductance (mH/km)  Capacitance (nF/km)  Cost (USD/LF)                                              Notes
0     AWG 1/0                   120                   300                 36                   0.2530               0.398                0.179              6  2017 National Construction Estimator:  Page 55...
1     AWG 4/0                   240                   440                 36                   0.1250               0.359                0.223              9  2017 National Construction Estimator:  Page 55...
2     MCM 500                   500                   640                 36                   0.0605               0.317                0.293             13  2017 National Construction Estimator:  Page 55...
3     MCM1000                   800                   830                 36                   0.0367               0.291                0.375             16  (curve fitted) 2017 National Construction Esti...
4     MCM1250                  1000                   935                 36                   0.0291               0.284                0.411             17  (curve fitted) 2017 National Construction Esti...",cable specs for collection system
landbosse.material_price,input,n/a,"                      Material type ID  Material price USD per unit                           Unit                                              Notes
0  unique identifier for the material   price of material per unit   unit of measure used for cost                                                NaN
1                    Concrete 3000 psi                          117                     cubic yard                    http://gsiconcrete.com/pricing/
2                    Concrete 5000 psi                          140                     cubic yard                    http://gsiconcrete.com/pricing/
3                    Concrete 8000 psi                          130                     cubic yard          Curve fit http://gsiconcrete.com/pricing/
4                        Steel - rebar                         1120                    ton (short)  https://www.steelsupplylp.com/sku/102775?gclid...
5   Road base - 3/4 inch crushed stone                           15               Loose cubic yard     https://homeguide.com/costs/gravel-prices#yard
6                       Excavated dirt                            0                     cubic yard                                                NaN
7                             Backfill                            0                     cubic yard                                                NaN",Prices of materials for foundations and roads
landbosse.project_data,input,n/a,"{'components':   Component  Mass tonne  Lift height m  Surface area sq m  Coeff drag  Coeff drag (installed)  ...  Cycle time installation hrs  Offload hook height m  Offload cycle time hrs  Multplier drag rotor  Multiplier tower drag  Operation
0   Nacelle  178.691438          140.0          33.000000         0.8                     0.8  ...                          1.5                      6                     0.5              1.000000                      0        Top
1       Hub   36.108088          140.0          11.300000         1.1                     1.1  ...                          1.0                      6                     0.5              0.000000                      0        Top
2   Blade 1   50.167154          140.0         151.092291         0.1                     1.4  ...                          1.0                      6                     0.5              0.666667                      0        Top
2   Blade 2   50.167154          140.0         151.092291         0.1                     1.4  ...                          1.0                      6                     0.5              0.666667                      0        Top
2   Blade 3   50.167154          140.0         151.092291         0.1                     1.4  ...                          1.0                      6                     0.5              0.666667                      0        Top
5   Tower 1   79.144596           14.0          74.330082         0.6                     1.1  ...                          1.0                      6                     0.5              0.000000                      1       Base
5   Tower 2   79.144596           28.0          74.330082         0.6                     1.1  ...                          1.0                      6                     0.5              0.000000                      1       Base
5   Tower 3   79.144596           42.0          74.330082         0.6                     1.1  ...                          1.0                      6                     0.5              0.000000                      1       Base
5   Tower 4   79.144596           56.0          74.330082         0.6                     1.1  ...                          1.0                      6                     0.5              0.000000                      1       Base
5   Tower 5   79.144596           70.0          74.330082         0.6                     1.1  ...                          1.0                      6                     0.5              0.000000                      1       Base
5   Tower 6   79.144596           84.0          74.330082         0.6                     1.1  ...                          1.0                      6                     0.5              0.000000                      1       Base
5   Tower 7   79.144596           98.0          74.330082         0.6                     1.1  ...                          1.0                      6                     0.5              0.000000                      1       Base
5   Tower 8   79.144596          112.0          74.330082         0.6                     1.1  ...                          1.0                      6                     0.5              0.000000                      1       Base
5   Tower 9   79.144596          126.0          74.330082         0.6                     1.1  ...                          1.0                      6                     0.5              0.000000                      1        Top
5  Tower 10   79.144596          140.0          74.330082         0.6                     1.1  ...                          1.0                      6                     0.5              0.000000                      1        Top

[15 rows x 14 columns], 'cable_specs':   Array Cable  Conductor Size (mm2)  Current Capacity (A)  Rated Voltage (V)  AC Resistance (Ohms/km)  Inductance (mH/km)  Capacitance (nF/km)  Cost (USD/LF)                                              Notes
0     AWG 1/0                   120                   300                 36                   0.2530               0.398                0.179              6  2017 National Construction Estimator:  Page 55...
1     AWG 4/0                   240                   440                 36                   0.1250               0.359                0.223              9  2017 National Construction Estimator:  Page 55...
2     MCM 500                   500                   640                 36                   0.0605               0.317                0.293             13  2017 National Construction Estimator:  Page 55...
3     MCM1000                   800                   830                 36                   0.0367               0.291                0.375             16  (curve fitted) 2017 National Construction Esti...
4     MCM1250                  1000                   935                 36                   0.0291               0.284                0.411             17  (curve fitted) 2017 National Construction Esti..., 'equip':    Equipment ID Operation Equipment name  Crane capacity tonne  Number of equipment
0            E1      Base  Crawler crane                   500                    1
1            E1      Base    Truck crane                    50                    1
2            E1       Top  Crawler crane                   500                    1
3            E1       Top    Truck crane                    50                    2
4            E2       Top  Crawler crane                   600                    1
5            E2       Top    Truck crane                    50                    2
6            E2       Top             RT                   100                    2
7            E3       Top  Crawler crane                   750                    1
8            E3       Top             RT                   100                    2
9            E4       Top  Crawler crane                  1000                    1
10           E4       Top             RT                   100                    2
11          ST1       Top   Mobile crane                   200                    1
12          ST1       Top             RT                   100                    2
13          OL1   Offload  Offload crane                    75                    2
14          OL2   Offload  Offload crane                   200                    2
15           B1      Base  Crawler crane                   275                    1
16           B1      Base    Truck crane                    50                    1
17           E2      Base  Crawler crane                   600                    1
18           E2      Base    Truck crane                    50                    2
19           E2      Base             RT                   100                    2
20           E3      Base  Crawler crane                   750                    1
21           E3      Base             RT                   100                    2
22           E4      Base  Crawler crane                  1000                    1
23           E4      Base             RT                   100                    2
24          ST1      Base   Mobile crane                   200                    1
25          ST1      Base             RT                   100                    2
26          OL2      Base  Offload crane                   200                    2, 'crane_specs':    Equipment name    Crane name              Boom system  Crane capacity tonne  Speed of travel km per hr  Hoist speed m per min  ... Max wind speed m per s Hub height m  Max capacity tonne  Radius m  Hook Height m  Mobilization cost USD
0   Offload crane         LB 75                Hydraulic                    75                         40                     60  ...                     10         12.5                  38       5.4           12.5                   8040
1   Offload crane   Big LB 2580            Big Hydraulic                   500                         40                     60  ...                     10         48.0                 500      11.0           48.0                 406100
2   Offload crane        LB 258                Hydraulic                   200                         40                     60  ...                     10         48.0                  63      11.0           48.0                  40610
3   Crawler crane          M999                     22EL                   275                          2                     20  ...                      9         57.0                  67      14.0           57.0                  68709
4   Crawler crane        LR1500                     SL3F                   500                          2                     20  ...                      9         80.0                 102      16.0           94.0                 184398
5   Crawler crane        LR1500                     SL3F                   500                          2                     20  ...                      9         85.0                  95      16.0          100.0                 184398
6   Crawler crane        LR1500                     SL3F                   500                          2                     20  ...                      9         90.0                  87      16.0          106.0                 184398
7   Crawler crane        LR1500                     SL3F                   500                          2                     20  ...                      9        100.0                  77      18.0          112.0                 184398
8   Crawler crane        LR1500         SL4DFB + Derrick                   500                          2                     20  ...                      9         80.0                 112      16.0           94.0                 184398
9   Crawler crane        LR1500         SL4DFB + Derrick                   500                          2                     20  ...                      9         90.0                 105      16.0          100.0                 184398
10  Crawler crane        LR1500         SL4DFB + Derrick                   500                          2                     20  ...                      9        100.0                  90      16.0          112.0                 184398
11  Crawler crane        LR1500         SL4DFB + Derrick                   500                          2                     20  ...                      9        120.0                  74      18.0          130.0                 184398
12  Crawler crane        LR1500         SL4DFB + Derrick                   500                          2                     20  ...                      9        130.0                  60      20.0          142.0                 184398
13  Crawler crane      LR1600/2                    SL8F3                   600                          2                     20  ...                      9         80.0                 137      18.0           93.0                 249177
14  Crawler crane      LR1600/2                    SL8F3                   600                          2                     20  ...                      9        100.0                 118      18.0          114.0                 249177
15  Crawler crane      LR1600/2                     SL3F                   600                          2                     20  ...                      9        105.0                  93      18.0          117.0                 249177
16  Crawler crane      LR1600/2    HSL4DF + Derrick boom                   600                          2                     20  ...                      9        120.0                  87      20.0          135.0                 249177
17  Crawler crane      LR1600/2       SL13DFB + Derrick                    600                          2                     20  ...                      9        135.0                  96      20.0          147.0                 249177
18  Crawler crane      LR1600/2       SL13DFB + Derrick                    600                          2                     20  ...                      9        140.0                  87      24.0          152.0                 249177
19  Crawler crane      LR1600/2      SL13DFB2 + Derrick                    600                          2                     20  ...                      9        150.0                  71      24.0          164.0                 249177
20  Crawler crane      LR1750/2                   HSL8HS                   750                          2                     20  ...                      9         80.0                 111      18.0          101.0                 360193
21  Crawler crane      LR1500/2                   HSL8HS                   750                          2                     20  ...                      9         95.0                 110      18.0          109.0                 360193
22  Crawler crane      LR1750/2                  HSL7DHS                   750                          2                     20  ...                      9        120.0                 108      18.0          136.0                 360193
23  Crawler crane      LR1750/2                  HSL7DHS                   750                          2                     20  ...                      9        130.0                  98      18.0          147.0                 360193
24  Crawler crane      LR1500/2                  HSL7DHS                   750                          2                     20  ...                      9        140.0                  89      22.0          152.0                 360193
25  Crawler crane      LR1750/2  SX3D4F2B Derrick (walk)                   750                          2                     20  ...                      9        140.0                 141      28.0          154.0                 360193
26  Crawler crane      LR1750/2  SX3D4F2B Derrick (walk)                   750                          2                     20  ...                      6        150.0                 118      28.0          165.0                 360193
27  Crawler crane       LR11000                     SL3F                  1000                          1                     25  ...                      6        100.0                 179      18.0          114.0                 579224
28  Crawler crane       LR11000                     SL3F                  1000                          1                     25  ...                      6        110.0                 152      18.0          120.0                1000000
29  Crawler crane       LR11000                   SL2DFB                  1000                          1                     25  ...                      6        120.0                 179      20.0          132.0                1000000
30  Crawler crane       LR11000                   SL2DFB                  1000                          1                     25  ...                      6        140.0                 133      18.0          136.0                1000000
31  Crawler crane       LR11000                   SL2DFB                  1000                          1                     25  ...                      6        150.0                 154      18.0          147.0                1000000
32  Crawler crane       LR11000                   SL2DFB                  1000                          1                     25  ...                      6        155.0                 140      22.0          152.0                1000000
33  Crawler crane       LR11000                   SL2DFB                  1000                          1                     25  ...                      6        160.0                 120      26.0          174.0                1000000
34  Crawler crane       LR11000                   SL2DFB                  1000                          1                     25  ...                      6        180.0                  73      22.0          192.0                1000000
35  Crawler crane       LR11000                   SL2DFB                  1000                          1                     25  ...                      6        185.0                  54      34.0          198.0                1000000
36  Crawler crane       LR11000            PDW3B Derrick                  1000                          1                     25  ...                      6        130.0                 227      28.0          147.0                1000000
37  Crawler crane       LR11000           PDW3B2 Derrick                  1000                          1                     25  ...                      6        165.0                 142      26.0          174.0                1000000
38  Crawler crane  Big LR110000       Big PDW3B2 Derrick                100000                          1                     25  ...                      6        250.0                1000      50.0          300.0                1400000

[39 rows x 16 columns], 'development':        Type of cost  Cost USD Phase of construction
0  Equipment rental         0           Development
1             Labor   1000000           Development
2         Materials         0           Development
3      Mobilization         0           Development
4             Other         0           Development, 'crew_price':            Labor type ID  Hourly rate USD per hour  Per diem USD per day                                   Notes/References
0         Crane operator                 81.910500                   149  2017 National Construction Estimator:  Page 30...
1                  Oiler                 61.625000                   149  (35% burden) https://www.ziprecruiter.com/Sala...
2                 Rigger                 85.840000                   149  2017 National Construction Estimator:  Page 30...
3           Truck driver                 66.410000                   149  2017 National Construction Estimator:  Page 30...
4            Iron worker                 94.554500                   149  2017 National Construction Estimator:  Page 30...
5        Project manager                119.000000                   149  (50% burden) https://www.salary.com/tools/sala...
6           Site manager                112.200000                   149  (50% burden) https://www.salary.com/tools/sala...
7   Construction manager                112.200000                   149  (50% burden) https://www.salary.com/tools/sala...
8       Project engineer                 93.500000                   149  (50% burden) https://www.salary.com/tools/sala...
9   Safety or qc manager                106.117647                   149  (70% burden) https://www.salary.com/tools/sala...
10     Logistics manager                 99.900000                   149  (50 % burden) https://www.salary.com/research/...
11        Rigger foreman                 85.840000                   149  2017 National Construction Estimator:  Page 30...
12                Rigger                 85.840000                   149  2017 National Construction Estimator:  Page 30...
13              Operator                 81.910500                   149  2017 National Construction Estimator:  Page 30...
14                 Oiler                 71.145000                   149  (35% burden) https://www.ziprecruiter.com/Sala...
15           Electrician                 85.840000                   149  2017 National Construction Estimator:  Page 30...
16             Tool room                 85.840000                   149  2017 National Construction Estimator:  Page 30...
17            QC/QA tech                 87.125000                   149  (50% burden for QC/QC Manager) https://www.zip...
18          Office admin                 44.562500                   149  (35% burden) https://www.salary.com/tools/sala...
19               RSMeans                       NaN                   149                                                NaN, 'crew':    Crew type ID   Operation                  Crew name         Labor type ID  Number of workers
0            M0  Management  Management - project size       Project manager                  1
1            M0  Management  Management - project size          Site manager                  1
2            M0  Management  Management - project size  Construction manager                  1
3            M0  Management  Management - project size      Project engineer                  1
4            M0  Management  Management - project size  Safety or qc manager                  1
..          ...         ...                        ...                   ...                ...
74           C4        Base                  Top 1000t        Rigger foreman                  1
75           C0        Base          Offload can tower        Crane operator                  2
76           C0        Base          Offload can tower                 Oiler                  2
77           C0        Base          Offload can tower           Iron worker                  3
78           C0        Base          Offload can tower        Rigger foreman                  1

[79 rows x 5 columns], 'equip_price':    Equipment name  Crane capacity tonne  Equipment price USD per hour  Cost USD per breakdown  Fuel consumption gal per day
0    Mobile crane                    75                            35                     NaN                          44.0
1    Mobile crane                   200                           149                     NaN                          64.0
2   Crawler crane                   275                           217                 37674.0                          76.0
3   Crawler crane                   250                           194                 30534.0                          72.0
4   Crawler crane                   400                           330                 73375.0                          97.0
5   Crawler crane                   500                           420                101936.0                         113.0
6   Crawler crane                   600                           511                130497.0                         130.0
7   Crawler crane                   750                           647                173339.0                         154.0
8   Crawler crane                  1000                           873                244741.0                         195.0
9   Crawler crane                  1350                          1190                344705.0                         252.0
10    Truck crane                    50                            13                     NaN                           NaN
11             RT                   100                            58                     NaN                           NaN
12  Offload crane                    75                            35                     NaN                          44.0
13  Offload crane                   200                           149                     NaN                          64.0, 'material_price':                       Material type ID  Material price USD per unit                           Unit                                              Notes
0  unique identifier for the material   price of material per unit   unit of measure used for cost                                                NaN
1                    Concrete 3000 psi                          117                     cubic yard                    http://gsiconcrete.com/pricing/
2                    Concrete 5000 psi                          140                     cubic yard                    http://gsiconcrete.com/pricing/
3                    Concrete 8000 psi                          130                     cubic yard          Curve fit http://gsiconcrete.com/pricing/
4                        Steel - rebar                         1120                    ton (short)  https://www.steelsupplylp.com/sku/102775?gclid...
5   Road base - 3/4 inch crushed stone                           15               Loose cubic yard     https://homeguide.com/costs/gravel-prices#yard
6                       Excavated dirt                            0                     cubic yard                                                NaN
7                             Backfill                            0                     cubic yard                                                NaN, 'rsmeans':                                     Operation ID      Type of cost  ...                                   Additional Notes                                             Source
0                             Concrete placement  Equipment rental  ...                                                NaN  Source 2017 National Construction Estimator:  ...
1                             Rebar installation  Equipment rental  ...                                                NaN  Source: 2017 National Construction Estimator: ...
2                                         Survey  Equipment rental  ...                                                NaN                                                NaN
3                                 Clear and grub  Equipment rental  ...                                                NaN                                                NaN
4              Topsoil stripping and stockpiling  Equipment rental  ...                   460 HP D-9 dozer with “U”- blade   2017 National Construction Estimator:  Page 599 
5                Stormwater pollution prevention  Equipment rental  ...                                                NaN                                                NaN
6                                       Culverts  Equipment rental  ...                                                NaN                                                NaN
7   Compaction of soil (subgrade and crane path)  Equipment rental  ...                                                NaN  http://www.get-a-quote.net/QuoteEngine/costboo...
8          Mass material movement (cut and fill)  Equipment rental  ...                                                NaN                                                NaN
9                    Placing road base (hauling)  Equipment rental  ...                                                NaN                                                NaN
10                       Rough grading road base  Equipment rental  ...  Site preparation grading based on using one cr...  http://www.get-a-quote.net/QuoteEngine/costboo...
11                          Compacting road base  Equipment rental  ...                                                NaN  http://www.get-a-quote.net/QuoteEngine/costboo...
12                                 Final grading  Equipment rental  ...                                                NaN                                                NaN
13                              Road maintanance  Equipment rental  ...                                                NaN                                                NaN
14                   Decompaction of crane paths  Equipment rental  ...                                                NaN                                                NaN
15                      Reseeding, planting, etc  Equipment rental  ...                                                NaN                                                NaN
16                            Concrete placement             Labor  ...  Ready-mix concrete for the pour strip includin...  Source: 2017 National Construction Estimator: ...
17                            Rebar installation             Labor  ...  Steel reinforcing bars (rebar), ASTM A615 Grad...  Source: 2017 National Construction Estimator: ...
18                                        Survey             Labor  ...                                                NaN                                                NaN
19                                Clear and grub             Labor  ...                                                NaN                                                NaN
20             Topsoil stripping and stockpiling             Labor  ...                                   Tractor operator   2017 National Construction Estimator:  Page 599 
21               Stormwater pollution prevention             Labor  ...                                                NaN                                                NaN
22                                      Culverts             Labor  ...                                                NaN                                                NaN
23  Compaction of soil (subgrade and crane path)             Labor  ...        Laborer, tractor operator, and truck driver  http://www.get-a-quote.net/QuoteEngine/costboo...
24         Mass material movement (cut and fill)             Labor  ...                                                NaN                                                NaN
25                   Placing road base (hauling)             Labor  ...                                   Tractor operator  http://www.get-a-quote.net/QuoteEngine/costboo...
26                       Rough grading road base             Labor  ...                       Laborer and tractor operator  http://www.get-a-quote.net/QuoteEngine/costboo...
27                          Compacting road base             Labor  ...        Laborer, tractor operator, and truck driver  http://www.get-a-quote.net/QuoteEngine/costboo...
28                                 Final grading             Labor  ...                                                NaN                                                NaN
29                              Road maintanance             Labor  ...                                                NaN                                                NaN
30                   Decompaction of crane paths             Labor  ...                                                NaN                                                NaN
31                      Reseeding, planting, etc             Labor  ...                                                NaN                                                NaN
32                                    Excavation  Equipment rental  ...                                                NaN  Source: 2017 National Construction Estimator: ...
33                                    Excavation             Labor  ...                                                NaN  Source: 2017 National Construction Estimator: ...
34                                      Backfill  Equipment rental  ...                                                NaN  Source: 2017 National Construction Estimator: ...
35                                      Backfill             Labor  ...                                   1 truck operator  Source: 2017 National Construction Estimator: ...
36                                    Collection             Labor  ...                                                NaN  Source: 2017 National Construction Estimator: ...
37                                    Collection         Equipment  ...                                                NaN  Source: 2017 National Construction Estimator: ...
38                                    Collection             Labor  ...                                                NaN  Source: 2017 National Construction Estimator: ...
39                                    Collection         Equipment  ...                                                NaN  Source: 2017 National Construction Estimator: ...
40                                    Collection             Labor  ...                                                NaN  Source: 2017 National Construction Estimator: ...
41                                    Collection         Equipment  ...                                                NaN  Source: 2017 National Construction Estimator: ...

[42 rows x 12 columns], 'site_facility_building_area':    Size Min (MW)  Size Max (MW)  Building area (sq. ft.)
0              0            200                     3000
1            200            500                     5000
2            500            800                     7000
3            800           1000                     9000
4           1000           5000                    12000, 'weather_window':               Unnamed: 0                                     71444    city??       Iowa  United States   2012   42.141941  -93.429169   Not Available   1   8760
0                    NaT  WTK data from NREL downloaded  2018-1-25       NaN        NaN            NaN    NaN         NaN         NaN             NaN NaN    NaN
1                    NaT                               Temperature  Pressure  Direction          Speed    NaN         NaN         NaN             NaN NaN    NaN
2                    NaT                                         C       atm    Degrees            m/s    NaN         NaN         NaN             NaN NaN    NaN
3                    NaT                                       100       100        100            100    NaN         NaN         NaN             NaN NaN    NaN
4    2012-01-01 12:00:00                                     2.444  0.952053        185          8.681    NaN         NaN         NaN             NaN NaN    NaN
...                  ...                                       ...       ...        ...            ...    ...         ...         ...             ...  ..    ...
8783 2013-01-01 07:00:00                                    -8.496  0.970703        346           6.55    NaN         NaN         NaN             NaN NaN    NaN
8784 2013-01-01 08:00:00                                    -8.584  0.970879        348          6.387    NaN         NaN         NaN             NaN NaN    NaN
8785 2013-01-01 09:00:00                                    -9.121  0.970915        351          6.617    NaN         NaN         NaN             NaN NaN    NaN
8786 2013-01-01 10:00:00                                    -9.941  0.970998        351          7.304    NaN         NaN         NaN             NaN NaN    NaN
8787 2013-01-01 11:00:00                                   -10.568  0.971338        351          7.864    NaN         NaN         NaN             NaN NaN    NaN

[8788 rows x 11 columns]}",Dictionary of all dataframes of data
outputs_2_screen.My_std,input,N*m,[0.],
outputs_2_screen.flp1_std,input,deg,[0.],
outputs_2_screen.PC_omega,input,rad/s,[0.],
outputs_2_screen.PC_zeta,input,,[0.],
outputs_2_screen.VS_omega,input,rad/s,[0.],
outputs_2_screen.VS_zeta,input,,[0.],
outputs_2_screen.Flp_omega,input,rad/s,[0.],
outputs_2_screen.Flp_zeta,input,,[0.],
tcc.bearing_mass_cost_coeff,input,USD/kg,[4.5],
tcc.bedplate_mass_cost_coeff,input,USD/kg,[2.9],
tcc.blade_mass_cost_coeff,input,USD/kg,[14.6],
tcc.brake_mass_cost_coeff,input,USD/kg,[3.6254],
tcc.machine_rating,input,kW,[5000.],
tcc.controls_machine_rating_cost_coeff,input,USD/kW,[21.15],
tcc.converter_mass_cost_coeff,input,USD/kg,[18.8],
tcc.cover_mass_cost_coeff,input,USD/kg,[5.7],
tcc.elec_connec_machine_rating_cost_coeff,input,USD/kW,[41.85],
tcc.gearbox_torque_density,input,N*m/kg,[200.],"In 2024, modern 5-7MW gearboxes are able to reach 200 Nm/kg"
tcc.gearbox_torque_cost,input,USD/kN/m,[50.],"In 2024, modern 5-7MW gearboxes cost approx $50/kNm"
tcc.generator_mass_cost_coeff,input,USD/kg,[12.4],
tcc.generator_cost_external,input,USD,[0.],
tcc.hss_mass_cost_coeff,input,USD/kg,[6.8],
tcc.hub_assemblyCostMultiplier,input,,[0.],
tcc.hub_overheadCostMultiplier,input,,[0.],
tcc.hub_profitMultiplier,input,,[0.],
tcc.hub_transportMultiplier,input,,[0.],
tcc.hub_mass_cost_coeff,input,USD/kg,[3.9],
tcc.hvac_mass_cost_coeff,input,USD/kg,[124.],
tcc.lss_mass_cost_coeff,input,USD/kg,[11.9],
tcc.nacelle_assemblyCostMultiplier,input,,[0.],
tcc.nacelle_overheadCostMultiplier,input,,[0.],
tcc.nacelle_profitMultiplier,input,,[0.],
tcc.nacelle_transportMultiplier,input,,[0.],
tcc.main_bearing_number,input,n/a,2,
tcc.pitch_system_mass_cost_coeff,input,USD/kg,[22.1],
tcc.platforms_mass_cost_coeff,input,USD/kg,[17.1],
tcc.crane_cost,input,USD,[12000.],
tcc.crane,input,n/a,False,
tcc.blade_number,input,n/a,3,
tcc.spinner_mass_cost_coeff,input,USD/kg,[11.1],
tcc.tower_assemblyCostMultiplier,input,,[0.],
tcc.tower_overheadCostMultiplier,input,,[0.],
tcc.tower_profitMultiplier,input,,[0.],
tcc.tower_transportMultiplier,input,,[0.],
tcc.tower_mass_cost_coeff,input,USD/kg,[2.9],
tcc.transformer_mass_cost_coeff,input,USD/kg,[18.8],
tcc.turbine_assemblyCostMultiplier,input,,[0.],
tcc.turbine_overheadCostMultiplier,input,,[0.],
tcc.turbine_profitMultiplier,input,,[0.],
tcc.turbine_transportMultiplier,input,,[0.],
tcc.yaw_mass_cost_coeff,input,USD/kg,[8.3],
tcons.blade_number,input,n/a,3,
tcons.precone,input,deg,[2.],
tcons.tilt,input,deg,[4.],
tcons.overhang,input,m,[7.],
tcons.outer_diameter_full,input,m,"[6.         6.         6.         6.         6.         6.
 6.         6.         6.         5.89079213 5.53032592]",
tcons.max_allowable_td_ratio,input,,[1.4175],
tcons.rotor_orientation,input,n/a,upwind,
towerse.env.distLoads.waveLoads_Px,input,N/m,"[0. 0. 0. 0. 0. 0. 0. 0. 0. 0. 0. 0. 0. 0. 0. 0. 0. 0. 0. 0. 0. 0. 0. 0.
 0. 0. 0. 0. 0. 0. 0.]",
towerse.env.distLoads.waveLoads_Py,input,N/m,"[0. 0. 0. 0. 0. 0. 0. 0. 0. 0. 0. 0. 0. 0. 0. 0. 0. 0. 0. 0. 0. 0. 0. 0.
 0. 0. 0. 0. 0. 0. 0.]",
towerse.env.distLoads.waveLoads_Pz,input,N/m,"[0. 0. 0. 0. 0. 0. 0. 0. 0. 0. 0. 0. 0. 0. 0. 0. 0. 0. 0. 0. 0. 0. 0. 0.
 0. 0. 0. 0. 0. 0. 0.]",
towerse.env.distLoads.waveLoads_qdyn,input,N/m**2,"[0. 0. 0. 0. 0. 0. 0. 0. 0. 0. 0. 0. 0. 0. 0. 0. 0. 0. 0. 0. 0. 0. 0. 0.
 0. 0. 0. 0. 0. 0. 0.]",
towerse.env.distLoads.waveLoads_z,input,m,"[0. 0. 0. 0. 0. 0. 0. 0. 0. 0. 0. 0. 0. 0. 0. 0. 0. 0. 0. 0. 0. 0. 0. 0.
 0. 0. 0. 0. 0. 0. 0.]",
towerse.env.distLoads.waveLoads_beta,input,deg,[0.],
towerse.yaw,input,deg,[0.],
towerse.z0,input,m,[0.],
towerse.shearExp,input,,[0.2],
towerse.beta_wind,input,deg,[0.],
towerse.rho_air,input,kg/m**3,[1.225],
towerse.mu_air,input,kg/m/s,[1.81e-05],
towerse.cd_usr,input,,"[-1. -1. -1. -1. -1. -1. -1. -1. -1. -1. -1. -1. -1. -1. -1. -1. -1. -1.
 -1. -1. -1. -1. -1. -1. -1. -1. -1. -1. -1. -1. -1.]",
towerse.s_all,input,,"[0. 0. 0. 0. 0. 0. 0. 0. 0. 0. 0. 0. 0. 0. 0. 0. 0. 0. 0. 0. 0. 0. 0. 0.
 0. 0. 0. 0. 0. 0. 0.]",
rotorse.ccblade.Uhub,input,m/s,[9.],Undisturbed wind speed
rotorse.tsr,input,,[10.5],Tip speed ratio
rotorse.pitch,input,deg,[0.],Pitch angle
rotorse.ccblade.s_opt_chord,input,,"[0.         0.03448276 0.06896552 0.10344828 0.13793103 0.17241379
 0.20689655 0.24137931 0.27586207 0.31034483 0.34482759 0.37931034
 0.4137931  0.44827586 0.48275862 0.51724138 0.55172414 0.5862069
 0.62068966 0.65517241 0.68965517 0.72413793 0.75862069 0.79310345
 0.82758621 0.86206897 0.89655172 0.93103448 0.96551724 1.        ]",1D array of the non-dimensional spanwise grid defined along blade axis to optimize the blade chord
rotorse.ccblade.s_opt_theta,input,,[0.         0.33333333 0.66666667 1.        ],1D array of the non-dimensional spanwise grid defined along blade axis to optimize the blade twist
rotorse.ccblade.aoa_op,input,rad,"[3.14159265 3.14159265 3.14159265 3.14159265 3.14159265 3.14159265
 3.14159265 3.14159265 3.14159265 3.14159265 3.14159265 3.14159265
 3.14159265 3.14159265 3.14159265 3.14159265 3.14159265 3.14159265
 3.14159265 3.14159265 3.14159265 3.14159265 3.14159265 3.14159265
 3.14159265 3.14159265 3.14159265 3.14159265 3.14159265 3.14159265]",1D array with the operational angles of attack for the airfoils along blade span.
rotorse.airfoils_aoa,input,deg,"[-180.         -177.         -174.         -171.         -168.
 -165.         -162.         -159.         -156.         -153.
 -150.         -147.         -144.         -141.         -138.
 -135.         -132.         -129.         -126.         -123.
 -120.         -117.         -114.         -111.         -108.
 -105.         -102.          -99.          -96.          -93.
  -90.          -87.          -84.          -81.          -78.
  -75.          -72.          -69.          -66.          -63.
  -60.          -57.          -54.          -51.          -48.
  -45.          -42.          -39.          -36.          -33.
  -30.          -29.39393939  -28.78787879  -28.18181818  -27.57575758
  -26.96969697  -26.36363636  -25.75757576  -25.15151515  -24.54545455
  -23.93939394  -23.33333333  -22.72727273  -22.12121212  -21.51515152
  -20.90909091  -20.3030303   -19.6969697   -19.09090909  -18.48484848
  -17.87878788  -17.27272727  -16.66666667  -16.06060606  -15.45454545
  -14.84848485  -14.24242424  -13.63636364  -13.03030303  -12.42424242
  -11.81818182  -11.21212121  -10.60606061  -10.           -9.39393939
   -8.78787879   -8.18181818   -7.57575758   -6.96969697   -6.36363636
   -5.75757576   -5.15151515   -4.54545455   -3.93939394   -3.33333333
   -2.72727273   -2.12121212   -1.51515152   -0.90909091   -0.3030303
    0.3030303     0.90909091    1.51515152    2.12121212    2.72727273
    3.33333333    3.93939394    4.54545455    5.15151515    5.75757576
    6.36363636    6.96969697    7.57575758    8.18181818    8.78787879
    9.39393939   10.           10.60606061   11.21212121   11.81818182
   12.42424242   13.03030303   13.63636364   14.24242424   14.84848485
   15.45454545   16.06060606   16.66666667   17.27272727   17.87878788
   18.48484848   19.09090909   19.6969697    20.3030303    20.90909091
   21.51515152   22.12121212   22.72727273   23.33333333   23.93939394
   24.54545455   25.15151515   25.75757576   26.36363636   26.96969697
   27.57575758   28.18181818   28.78787879   29.39393939   30.
   33.           36.           39.           42.           45.
   48.           51.           54.           57.           60.
   63.           66.           69.           72.           75.
   78.           81.           84.           87.           90.
   93.           96.           99.          102.          105.
  108.          111.          114.          117.          120.
  123.          126.          129.          132.          135.
  138.          141.          144.          147.          150.
  153.          156.          159.          162.          165.
  168.          171.          174.          177.          180.        ]",angle of attack grid for polars
rotorse.airfoils_Re,input,,[ 3000000.  5280000.  6000000.  9000000. 12000000.],Reynolds numbers of polars
rotorse.precone,input,deg,[2.],precone angle
rotorse.tilt,input,deg,[4.],shaft tilt
rotorse.yaw,input,deg,[0.],yaw error
rotorse.rho_air,input,kg/m**3,[1.225],density of air
rotorse.mu_air,input,kg/m/s,[1.81e-05],dynamic viscosity of air
rotorse.shearExp,input,,[0.2],shear exponent
rotorse.nBlades,input,n/a,3,number of blades
rotorse.nSector,output,n/a,4,number of sectors to divide rotor face into in computing thrust and power
rotorse.tiploss,output,n/a,True,include Prandtl tip loss model
rotorse.hubloss,output,n/a,True,include Prandtl hub loss model
rotorse.wakerotation,output,n/a,True,"include effect of wake rotation (i.e., tangential induction factor is nonzero)"
rotorse.usecd,output,n/a,True,use drag coefficient in computing induction factors
rotorse.re.precomp.uptilt,input,deg,[4.],Nacelle uptilt angle. A standard machine has positive values.
rotorse.re.precomp.layer_web,input,,[0. 0. 0. 0. 0. 0. 0. 0. 0. 0. 0. 0. 0. 0. 1. 1. 1. 2. 2. 2.],"1D array of the web id the layer is associated to. If the layer is on the outer profile, this entry can simply stay equal to 0."
rotorse.re.precomp.fiber_orientation,input,deg,"[[0. 0. 0. 0. 0. 0. 0. 0. 0. 0. 0. 0. 0. 0. 0. 0. 0. 0. 0. 0. 0. 0. 0. 0.
  0. 0. 0. 0. 0. 0.]
 [0. 0. 0. 0. 0. 0. 0. 0. 0. 0. 0. 0. 0. 0. 0. 0. 0. 0. 0. 0. 0. 0. 0. 0.
  0. 0. 0. 0. 0. 0.]
 [0. 0. 0. 0. 0. 0. 0. 0. 0. 0. 0. 0. 0. 0. 0. 0. 0. 0. 0. 0. 0. 0. 0. 0.
  0. 0. 0. 0. 0. 0.]
 [0. 0. 0. 0. 0. 0. 0. 0. 0. 0. 0. 0. 0. 0. 0. 0. 0. 0. 0. 0. 0. 0. 0. 0.
  0. 0. 0. 0. 0. 0.]
 [0. 0. 0. 0. 0. 0. 0. 0. 0. 0. 0. 0. 0. 0. 0. 0. 0. 0. 0. 0. 0. 0. 0. 0.
  0. 0. 0. 0. 0. 0.]
 [0. 0. 0. 0. 0. 0. 0. 0. 0. 0. 0. 0. 0. 0. 0. 0. 0. 0. 0. 0. 0. 0. 0. 0.
  0. 0. 0. 0. 0. 0.]
 [0. 0. 0. 0. 0. 0. 0. 0. 0. 0. 0. 0. 0. 0. 0. 0. 0. 0. 0. 0. 0. 0. 0. 0.
  0. 0. 0. 0. 0. 0.]
 [0. 0. 0. 0. 0. 0. 0. 0. 0. 0. 0. 0. 0. 0. 0. 0. 0. 0. 0. 0. 0. 0. 0. 0.
  0. 0. 0. 0. 0. 0.]
 [0. 0. 0. 0. 0. 0. 0. 0. 0. 0. 0. 0. 0. 0. 0. 0. 0. 0. 0. 0. 0. 0. 0. 0.
  0. 0. 0. 0. 0. 0.]
 [0. 0. 0. 0. 0. 0. 0. 0. 0. 0. 0. 0. 0. 0. 0. 0. 0. 0. 0. 0. 0. 0. 0. 0.
  0. 0. 0. 0. 0. 0.]
 [0. 0. 0. 0. 0. 0. 0. 0. 0. 0. 0. 0. 0. 0. 0. 0. 0. 0. 0. 0. 0. 0. 0. 0.
  0. 0. 0. 0. 0. 0.]
 [0. 0. 0. 0. 0. 0. 0. 0. 0. 0. 0. 0. 0. 0. 0. 0. 0. 0. 0. 0. 0. 0. 0. 0.
  0. 0. 0. 0. 0. 0.]
 [0. 0. 0. 0. 0. 0. 0. 0. 0. 0. 0. 0. 0. 0. 0. 0. 0. 0. 0. 0. 0. 0. 0. 0.
  0. 0. 0. 0. 0. 0.]
 [0. 0. 0. 0. 0. 0. 0. 0. 0. 0. 0. 0. 0. 0. 0. 0. 0. 0. 0. 0. 0. 0. 0. 0.
  0. 0. 0. 0. 0. 0.]
 [0. 0. 0. 0. 0. 0. 0. 0. 0. 0. 0. 0. 0. 0. 0. 0. 0. 0. 0. 0. 0. 0. 0. 0.
  0. 0. 0. 0. 0. 0.]
 [0. 0. 0. 0. 0. 0. 0. 0. 0. 0. 0. 0. 0. 0. 0. 0. 0. 0. 0. 0. 0. 0. 0. 0.
  0. 0. 0. 0. 0. 0.]
 [0. 0. 0. 0. 0. 0. 0. 0. 0. 0. 0. 0. 0. 0. 0. 0. 0. 0. 0. 0. 0. 0. 0. 0.
  0. 0. 0. 0. 0. 0.]
 [0. 0. 0. 0. 0. 0. 0. 0. 0. 0. 0. 0. 0. 0. 0. 0. 0. 0. 0. 0. 0. 0. 0. 0.
  0. 0. 0. 0. 0. 0.]
 [0. 0. 0. 0. 0. 0. 0. 0. 0. 0. 0. 0. 0. 0. 0. 0. 0. 0. 0. 0. 0. 0. 0. 0.
  0. 0. 0. 0. 0. 0.]
 [0. 0. 0. 0. 0. 0. 0. 0. 0. 0. 0. 0. 0. 0. 0. 0. 0. 0. 0. 0. 0. 0. 0. 0.
  0. 0. 0. 0. 0. 0.]]","2D array of the orientation of the layers of the blade structure. The first dimension represents each layer, the second dimension represents each entry along blade span."
rotorse.re.precomp.E,input,Pa,"[[3.44000e+09 3.44000e+09 3.44000e+09]
 [4.56000e+06 4.56000e+06 4.56000e+06]
 [4.37000e+10 1.65000e+10 1.54500e+10]
 [1.57599e+11 9.10000e+09 9.10000e+09]
 [1.10231e+10 1.10231e+10 1.60477e+10]
 [2.82114e+10 1.62388e+10 1.58355e+10]
 [1.42500e+08 1.42500e+08 1.42500e+08]
 [1.00000e+06 1.00000e+06 1.00000e+06]
 [2.00000e+11 2.00000e+11 2.00000e+11]
 [2.10000e+11 2.10000e+11 2.10000e+11]]","2D array of the Youngs moduli of the materials. Each row represents a material, the three columns represent E11, E22 and E33."
rotorse.re.precomp.G,input,Pa,"[[1.32300e+09 1.32300e+09 1.32300e+09]
 [1.45000e+06 1.45000e+06 1.45000e+06]
 [3.26500e+09 3.49500e+09 3.48000e+09]
 [4.13100e+09 4.13100e+09 2.68900e+09]
 [1.32314e+10 3.48748e+09 3.48748e+09]
 [8.24822e+09 3.49124e+09 3.49124e+09]
 [5.40000e+10 5.40000e+10 5.40000e+10]
 [3.12500e+05 3.12500e+05 3.12500e+05]
 [7.93000e+10 7.93000e+10 7.93000e+10]
 [8.39000e+10 8.39000e+10 8.39000e+10]]","2D array of the shear moduli of the materials. Each row represents a material, the three columns represent G12, G13 and G23."
rotorse.re.precomp.nu,input,,"[[0.3      0.3      0.3     ]
 [0.3      0.3      0.3     ]
 [0.262    0.264    0.35    ]
 [0.3133   0.3133   0.47066 ]
 [0.688074 0.117173 0.117173]
 [0.497511 0.18091  0.27481 ]
 [0.3194   0.3194   0.3194  ]
 [0.3      0.3      0.3     ]
 [0.3      0.3      0.3     ]
 [0.283    0.283    0.283   ]]","2D array of the Poisson ratio of the materials. Each row represents a material, the three columns represent nu12, nu13 and nu23."
rotorse.re.precomp.rho,input,kg/m**3,[1235. 1100. 1940. 1600. 1940. 1940.  130. 1150. 7800. 7800.],"1D array of the density of the materials. For composites, this is the density of the laminate."
rotorse.re.precomp.joint_position,input,,[0.7],Spanwise position of the segmentation joint.
rotorse.re.precomp.n_blades,input,n/a,3,Number of blades of the rotor.
rotorse.re.precomp.definition_layer,input,n/a,"[ 9.  9.  2.  2.  2.  2.  5.  7.  8.  6.  6.  6.  6.  9. 10. 10. 10. 10.
 10. 10.]","1D array of flags identifying how layers are specified in the yaml. 1) all around (skin, paint, ) 2) offset+rotation twist+width (spar caps) 3) offset+user defined rotation+width 4) midpoint TE+width (TE reinf) 5) midpoint LE+width (LE reinf) 6) layer position fixed to other layer (core fillers) 7) start and width 8) end and width 9) start and end nd 10) web layer"
rotorse.re.precomp.mat_name,input,n/a,"['Gelcoat', 'Adhesive', 'glass_uni', 'carbon_uni_industry_baseline', 'glass_biax', 'glass_triax', 'medium_density_foam', 'resin', 'steel', 'joint_insert']",1D array of names of materials.
rotorse.re.precomp.orth,input,n/a,[0. 0. 1. 1. 1. 1. 0. 0. 0. 0.],1D array of flags to set whether a material is isotropic (0) or orthtropic (1). Each entry represents a material.
rotorse.wt_class.V_mean_overwrite,input,,[0.],
rotorse.wt_class.V_extreme50_overwrite,input,,[0.],
rotorse.wt_class.turbine_class,input,n/a,III,
towerse.member.ca_usr_grid,input,,[0. 0. 0. 0. 0. 0. 0. 0. 0. 0. 0.],
towerse.member.cd_usr_grid,input,,[0. 0. 0. 0. 0. 0. 0. 0. 0. 0. 0.],
towerse.rho_water,input,kg/m**3,[0.],
towerse.member.s_ghost1,input,,[0.],
towerse.member.s_ghost2,input,,[1.],
towerse.member.s_const1,input,,[0.],
towerse.member.s_const2,input,,[0.],
towerse.tower_layer_thickness,input,m,"[[0.06515525 0.05866464 0.05197538 0.04607753 0.04094533 0.03582223
  0.03074005 0.02575014 0.02129438 0.01803766 0.01803766]]",
towerse.tower_outer_diameter_in,input,m,"[6.         6.         6.         6.         6.         6.
 6.         6.         6.         5.89079213 5.53032592]",
towerse.E_mat,input,Pa,"[[3.44000e+09 3.44000e+09 3.44000e+09]
 [4.56000e+06 4.56000e+06 4.56000e+06]
 [4.37000e+10 1.65000e+10 1.54500e+10]
 [1.57599e+11 9.10000e+09 9.10000e+09]
 [1.10231e+10 1.10231e+10 1.60477e+10]
 [2.82114e+10 1.62388e+10 1.58355e+10]
 [1.42500e+08 1.42500e+08 1.42500e+08]
 [1.00000e+06 1.00000e+06 1.00000e+06]
 [2.00000e+11 2.00000e+11 2.00000e+11]
 [2.10000e+11 2.10000e+11 2.10000e+11]]",
towerse.E_user,input,Pa,[0.],
towerse.G_mat,input,Pa,"[[1.32300e+09 1.32300e+09 1.32300e+09]
 [1.45000e+06 1.45000e+06 1.45000e+06]
 [3.26500e+09 3.49500e+09 3.48000e+09]
 [4.13100e+09 4.13100e+09 2.68900e+09]
 [1.32314e+10 3.48748e+09 3.48748e+09]
 [8.24822e+09 3.49124e+09 3.49124e+09]
 [5.40000e+10 5.40000e+10 5.40000e+10]
 [3.12500e+05 3.12500e+05 3.12500e+05]
 [7.93000e+10 7.93000e+10 7.93000e+10]
 [8.39000e+10 8.39000e+10 8.39000e+10]]",
towerse.sigma_y_mat,input,Pa,"[0.00e+00 0.00e+00 0.00e+00 0.00e+00 0.00e+00 0.00e+00 0.00e+00 0.00e+00
 3.45e+08 1.65e+09]",
towerse.sigma_ult_mat,input,Pa,"[[0.0000e+00 0.0000e+00 0.0000e+00]
 [6.1510e+07 6.1510e+07 6.1510e+07]
 [6.4023e+08 3.8100e+07 0.0000e+00]
 [1.2852e+09 3.8100e+07 0.0000e+00]
 [4.6210e+07 4.6210e+07 4.6210e+07]
 [4.3563e+08 7.6440e+07 0.0000e+00]
 [2.0830e+06 2.0830e+06 2.0830e+06]
 [0.0000e+00 0.0000e+00 0.0000e+00]
 [4.5000e+08 4.5000e+08 4.5000e+08]
 [1.7900e+09 1.7900e+09 1.7900e+09]]",
towerse.wohler_exp_mat,input,,[ 1.   1.  10.  16.1 10.  10.   1.   1.   3.   1. ],
towerse.wohler_A_mat,input,,"[0.00000000e+00 6.53600000e+07 6.40230000e+08 1.28520000e+09
 7.06900000e+07 4.35630000e+08 2.08300000e+06 0.00000000e+00
 3.55346484e+10 1.79000000e+09]",
towerse.rho_mat,input,kg/m**3,[1235. 1100. 1940. 1600. 1940. 1940.  130. 1150. 7800. 7800.],
towerse.unit_cost_mat,input,USD/kg,[ 7.23  7.23  1.87 20.08  3.    2.86 13.    3.63  0.7   2.  ],
towerse.outfitting_factor_in,input,,[1.07],
towerse.tower_layer_materials,input,n/a,['steel'],
towerse.member.ballast_materials,input,n/a,[],
towerse.material_names,input,n/a,"['Gelcoat', 'Adhesive', 'glass_uni', 'carbon_uni_industry_baseline', 'glass_biax', 'glass_triax', 'medium_density_foam', 'resin', 'steel', 'joint_insert']",
towerse.labor_cost_rate,input,USD/min,[0.98],
towerse.painting_cost_rate,input,USD/m**2,[30.],
af_3d.aoa,input,rad,"[-3.14159265 -3.08923278 -3.0368729  -2.98451302 -2.93215314 -2.87979327
 -2.82743339 -2.77507351 -2.72271363 -2.67035376 -2.61799388 -2.565634
 -2.51327412 -2.46091425 -2.40855437 -2.35619449 -2.30383461 -2.25147474
 -2.19911486 -2.14675498 -2.0943951  -2.04203522 -1.98967535 -1.93731547
 -1.88495559 -1.83259571 -1.78023584 -1.72787596 -1.67551608 -1.6231562
 -1.57079633 -1.51843645 -1.46607657 -1.41371669 -1.36135682 -1.30899694
 -1.25663706 -1.20427718 -1.15191731 -1.09955743 -1.04719755 -0.99483767
 -0.9424778  -0.89011792 -0.83775804 -0.78539816 -0.73303829 -0.68067841
 -0.62831853 -0.57595865 -0.52359878 -0.51302102 -0.50244327 -0.49186552
 -0.48128776 -0.47071001 -0.46013226 -0.4495545  -0.43897675 -0.428399
 -0.41782125 -0.40724349 -0.39666574 -0.38608799 -0.37551023 -0.36493248
 -0.35435473 -0.34377697 -0.33319922 -0.32262147 -0.31204371 -0.30146596
 -0.29088821 -0.28031046 -0.2697327  -0.25915495 -0.2485772  -0.23799944
 -0.22742169 -0.21684394 -0.20626618 -0.19568843 -0.18511068 -0.17453293
 -0.16395517 -0.15337742 -0.14279967 -0.13222191 -0.12164416 -0.11106641
 -0.10048865 -0.0899109  -0.07933315 -0.06875539 -0.05817764 -0.04759989
 -0.03702214 -0.02644438 -0.01586663 -0.00528888  0.00528888  0.01586663
  0.02644438  0.03702214  0.04759989  0.05817764  0.06875539  0.07933315
  0.0899109   0.10048865  0.11106641  0.12164416  0.13222191  0.14279967
  0.15337742  0.16395517  0.17453293  0.18511068  0.19568843  0.20626618
  0.21684394  0.22742169  0.23799944  0.2485772   0.25915495  0.2697327
  0.28031046  0.29088821  0.30146596  0.31204371  0.32262147  0.33319922
  0.34377697  0.35435473  0.36493248  0.37551023  0.38608799  0.39666574
  0.40724349  0.41782125  0.428399    0.43897675  0.4495545   0.46013226
  0.47071001  0.48128776  0.49186552  0.50244327  0.51302102  0.52359878
  0.57595865  0.62831853  0.68067841  0.73303829  0.78539816  0.83775804
  0.89011792  0.9424778   0.99483767  1.04719755  1.09955743  1.15191731
  1.20427718  1.25663706  1.30899694  1.36135682  1.41371669  1.46607657
  1.51843645  1.57079633  1.6231562   1.67551608  1.72787596  1.78023584
  1.83259571  1.88495559  1.93731547  1.98967535  2.04203522  2.0943951
  2.14675498  2.19911486  2.25147474  2.30383461  2.35619449  2.40855437
  2.46091425  2.51327412  2.565634    2.61799388  2.67035376  2.72271363
  2.77507351  2.82743339  2.87979327  2.93215314  2.98451302  3.0368729
  3.08923278  3.14159265]",1D array of the angles of attack used to define the polars of the airfoils. All airfoils defined in openmdao share this grid.
af_3d.Re,input,,[ 3000000.  5280000.  6000000.  9000000. 12000000.],1D array of the Reynolds numbers used to define the polars of the airfoils. All airfoils defined in openmdao share this grid.
af_3d.rated_TSR,input,,[10.5],Constant tip speed ratio in region II.
blade.compute_reynolds.rho,input,kg/m**3,[1.225],
blade.compute_reynolds.mu,input,kg/m/s,[1.81e-05],Dynamic viscosity of air
blade.compute_reynolds.maxOmega,input,rad/s,[2.],Maximum allowed rotor speed.
blade.compute_reynolds.max_TS,input,m/s,[85.],Maximum allowed blade tip speed.
blade.compute_reynolds.V_out,input,m/s,[25.],Cut out wind speed. This is the wind speed where region III ends.
blade.high_level_blade_props.rotor_diameter_user,input,m,[205.99253562],Diameter of the rotor specified by the user. It is defined as two times the blade length plus the hub diameter.
blade.internal_structure_2d_fem.web_rotation_yaml,output,rad,"[[0. 0. 0. 0. 0. 0. 0. 0. 0. 0. 0. 0. 0. 0. 0. 0. 0. 0. 0. 0. 0. 0. 0. 0.
  0. 0. 0. 0. 0. 0.]
 [0. 0. 0. 0. 0. 0. 0. 0. 0. 0. 0. 0. 0. 0. 0. 0. 0. 0. 0. 0. 0. 0. 0. 0.
  0. 0. 0. 0. 0. 0.]]","2D array of the rotation angle of the shear webs in respect to the chord line. The first dimension represents each shear web, the second dimension represents each entry along blade span. If the rotation is equal to negative twist +- a constant, then the web is built straight."
blade.internal_structure_2d_fem.web_offset_y_pa_yaml,output,m,"[[ 0.00000000e+00  0.00000000e+00  0.00000000e+00 -1.15000000e+00
  -1.14866374e+00 -1.14462435e+00 -1.13783587e+00 -1.12825239e+00
  -1.11582796e+00 -1.10051665e+00 -1.08227253e+00 -1.06104965e+00
  -1.03680208e+00 -1.00948389e+00 -9.79049142e-01 -9.45451897e-01
  -9.08646222e-01 -8.68586181e-01 -8.25225838e-01 -7.78519258e-01
  -7.12722539e-01 -6.74883645e-01 -6.17862740e-01 -5.57311856e-01
  -4.93185057e-01 -4.25436408e-01 -3.54019972e-01 -2.78889815e-01
  -2.00000000e-01  4.16333634e-17]
 [ 0.00000000e+00  0.00000000e+00  0.00000000e+00 -4.50000000e-01
  -4.46963200e-01 -4.38185600e-01 -4.24166400e-01 -4.05404800e-01
  -3.82400000e-01 -3.55651200e-01 -3.25657600e-01 -2.92918400e-01
  -2.57932800e-01 -2.21200000e-01 -1.83219200e-01 -1.44489600e-01
  -1.05510400e-01 -6.67808000e-02 -2.88000000e-02  7.93280000e-03
   5.29987456e-02  7.56576000e-02  1.05651200e-01  1.32400000e-01
   1.55404800e-01  1.74166400e-01  1.88185600e-01  1.96963200e-01
   2.00000000e-01  2.77555756e-17]]","2D array of the offset along the y axis to set the position of the shear webs. Positive values move the web towards the trailing edge, negative values towards the leading edge. The first dimension represents each shear web, the second dimension represents each entry along blade span."
blade.internal_structure_2d_fem.web_start_nd_yaml,output,,"[[0. 0. 0. 0. 0. 0. 0. 0. 0. 0. 0. 0. 0. 0. 0. 0. 0. 0. 0. 0. 0. 0. 0. 0.
  0. 0. 0. 0. 0. 0.]
 [0. 0. 0. 0. 0. 0. 0. 0. 0. 0. 0. 0. 0. 0. 0. 0. 0. 0. 0. 0. 0. 0. 0. 0.
  0. 0. 0. 0. 0. 0.]]","2D array of the non-dimensional start point defined along the outer profile of a web. The TE suction side is 0, the TE pressure side is 1. The first dimension represents each web, the second dimension represents each entry along blade span."
blade.internal_structure_2d_fem.web_end_nd_yaml,output,,"[[0. 0. 0. 0. 0. 0. 0. 0. 0. 0. 0. 0. 0. 0. 0. 0. 0. 0. 0. 0. 0. 0. 0. 0.
  0. 0. 0. 0. 0. 0.]
 [0. 0. 0. 0. 0. 0. 0. 0. 0. 0. 0. 0. 0. 0. 0. 0. 0. 0. 0. 0. 0. 0. 0. 0.
  0. 0. 0. 0. 0. 0.]]","2D array of the non-dimensional end point defined along the outer profile of a web. The TE suction side is 0, the TE pressure side is 1. The first dimension represents each web, the second dimension represents each entry along blade span."
blade.internal_structure_2d_fem.layer_web,output,,[0. 0. 0. 0. 0. 0. 0. 0. 0. 0. 0. 0. 0. 0. 1. 1. 1. 2. 2. 2.],"1D array of the web id the layer is associated to. If the layer is on the outer profile, this entry can simply stay equal to zero."
blade.internal_structure_2d_fem.layer_thickness,output,m,"[[ 1.00000000e-03  1.00000000e-03  1.00000000e-03  1.00000000e-03
   1.00000000e-03  1.00000000e-03  1.00000000e-03  1.00000000e-03
   1.00000000e-03  1.00000000e-03  1.00000000e-03  1.00000000e-03
   1.00000000e-03  1.00000000e-03  1.00000000e-03  1.00000000e-03
   1.00000000e-03  1.00000000e-03  1.00000000e-03  1.00000000e-03
   1.00000000e-03  1.00000000e-03  1.00000000e-03  1.00000000e-03
   1.00000000e-03  1.00000000e-03  1.00000000e-03  1.00000000e-03
   1.00000000e-03  1.00000000e-03]
 [ 4.10000000e-02  3.30000000e-02  2.60000000e-02  2.00000000e-02
   1.50000000e-02  1.10000000e-02  8.28454072e-03  6.51243402e-03
   5.36207752e-03  4.70247504e-03  4.40263040e-03  4.33154742e-03
   4.35822991e-03  4.35168169e-03  4.30702965e-03  4.21940069e-03
   4.08392168e-03  3.89571952e-03  3.64992111e-03  3.34165333e-03
   2.86491152e-03  2.57935592e-03  2.14614940e-03  1.69211977e-03
   1.22767857e-03  1.00000000e-03  1.00000000e-03  1.00000000e-03
   1.00000000e-03  1.00000000e-03]
 [ 0.00000000e+00  1.03638639e-02  1.80212345e-02  2.53616596e-02
   3.20681938e-02  3.78238917e-02  4.23118077e-02  4.52149966e-02
   4.62165127e-02  4.56952678e-02  4.40301733e-02  4.16001409e-02
   3.87840821e-02  3.59609085e-02  3.35095318e-02  3.13580743e-02
   2.94346583e-02  2.76674064e-02  2.59844408e-02  2.43138839e-02
   2.20549123e-02  2.08042751e-02  1.89850461e-02  1.71360827e-02
   1.52672963e-02  1.33885984e-02  1.15099005e-02  9.63120264e-03
   7.75250477e-03  5.87380689e-03]
 [ 0.00000000e+00  1.24780597e-02  1.76115740e-02  2.27450883e-02
   2.76641755e-02  3.21544085e-02  3.60013601e-02  3.89906033e-02
   4.09077110e-02  4.15382560e-02  4.11017265e-02  3.98176106e-02
   3.79053964e-02  3.55845720e-02  3.30746256e-02  3.05950453e-02
   2.81565527e-02  2.57698696e-02  2.34457177e-02  2.11948185e-02
   1.83968865e-02  1.69556653e-02  1.49623503e-02  1.30321660e-02
   1.11493299e-02  9.29805909e-03  7.46257101e-03  5.62708293e-03
   3.79159485e-03  1.95610677e-03]
 [ 0.00000000e+00  0.00000000e+00  0.00000000e+00  0.00000000e+00
   0.00000000e+00  0.00000000e+00  0.00000000e+00  0.00000000e+00
   0.00000000e+00  0.00000000e+00  0.00000000e+00  0.00000000e+00
   0.00000000e+00  0.00000000e+00  0.00000000e+00  0.00000000e+00
   0.00000000e+00  0.00000000e+00  0.00000000e+00  1.00000000e-03
   5.00000000e-02  1.00000000e-03 -8.13151629e-20  0.00000000e+00
   0.00000000e+00  0.00000000e+00  0.00000000e+00  0.00000000e+00
   0.00000000e+00  0.00000000e+00]
 [ 0.00000000e+00  0.00000000e+00  0.00000000e+00  0.00000000e+00
   0.00000000e+00  0.00000000e+00  0.00000000e+00  0.00000000e+00
   0.00000000e+00  0.00000000e+00  0.00000000e+00  0.00000000e+00
   0.00000000e+00  0.00000000e+00  0.00000000e+00  0.00000000e+00
   0.00000000e+00  0.00000000e+00  0.00000000e+00  1.00000000e-03
   5.00000000e-02  1.00000000e-03 -8.13151629e-20  0.00000000e+00
   0.00000000e+00  0.00000000e+00  0.00000000e+00  0.00000000e+00
   0.00000000e+00  0.00000000e+00]
 [ 0.00000000e+00  0.00000000e+00  6.65003373e-03  8.14812366e-03
   9.64621359e-03  1.11443035e-02  1.26025620e-02  1.39811575e-02
   1.52402586e-02  1.63400338e-02  1.72406517e-02  1.79022807e-02
   1.83276090e-02  1.85193246e-02  1.84801155e-02  1.82126698e-02
   1.77196757e-02  1.70038210e-02  1.61057826e-02  1.50662370e-02
   1.35708454e-02  1.27253309e-02  1.15053236e-02  1.03065158e-02
   9.12537420e-03  7.95836553e-03  6.80195656e-03  5.65261407e-03
   4.50680481e-03  3.36099555e-03]
 [ 0.00000000e+00  0.00000000e+00  2.33432275e-02  2.51480648e-02
   2.69529021e-02  2.87577394e-02  3.05625767e-02  3.23674140e-02
   3.39953792e-02  3.52696003e-02  3.60132052e-02  3.60493218e-02
   3.52010780e-02  3.32916017e-02  3.05938669e-02  2.73808473e-02
   2.39255169e-02  2.05008494e-02  1.73798187e-02  1.48353987e-02
   1.22323494e-02  1.10919834e-02  9.70078471e-03  8.50178952e-03
   7.39889612e-03  6.29600271e-03  5.19310930e-03  4.09021589e-03
   2.98732248e-03 -2.16840434e-19]
 [ 0.00000000e+00  0.00000000e+00  2.33432275e-02  2.51480648e-02
   2.69529021e-02  2.87577394e-02  3.05625767e-02  3.23674140e-02
   3.39953792e-02  3.52696003e-02  3.60132052e-02  3.60493218e-02
   3.52010780e-02  3.32916017e-02  3.05938669e-02  2.73808473e-02
   2.39255169e-02  2.05008494e-02  1.73798187e-02  1.48353987e-02
   1.22323494e-02  1.10919834e-02  9.70078471e-03  8.50178952e-03
   7.39889612e-03  6.29600271e-03  5.19310930e-03  4.09021589e-03
   2.98732248e-03 -2.16840434e-19]
 [ 0.00000000e+00  0.00000000e+00  1.86402175e-02  2.29043857e-02
   2.71685539e-02  3.12820798e-02  3.50943212e-02  3.84546359e-02
   4.12123815e-02  4.32169158e-02  4.43175966e-02  4.46317757e-02
   4.42768050e-02  4.33700364e-02  4.20288217e-02  4.03705128e-02
   3.85124616e-02  3.64638788e-02  3.42339751e-02  3.18319613e-02
   2.84675254e-02  2.65484460e-02  2.36853660e-02  2.07018877e-02
   1.76220907e-02  1.44700547e-02  1.12698594e-02  8.04558436e-03
   4.82130936e-03  1.59703436e-03]
 [ 0.00000000e+00  0.00000000e+00  1.06783227e-02  1.30277497e-02
   1.53771767e-02  1.77266036e-02  2.00760306e-02  2.23436643e-02
   2.44477114e-02  2.63063787e-02  2.78378729e-02  2.89604006e-02
   2.95921686e-02  2.97916789e-02  2.96174332e-02  2.91279335e-02
   2.83816816e-02  2.74371794e-02  2.63529289e-02  2.51106409e-02
   2.32295708e-02  2.20787956e-02  2.02526601e-02  1.81953304e-02
   1.58885175e-02  1.33738018e-02  1.06927639e-02  7.88698432e-03
   4.99804368e-03  2.06752250e-03]
 [ 0.00000000e+00  0.00000000e+00  1.17141324e-02  1.47649473e-02
   1.78157623e-02  2.08665773e-02  2.39173922e-02  2.69682072e-02
   3.00190222e-02  3.29529872e-02  3.56532524e-02  3.80029677e-02
   3.98852833e-02  4.11833493e-02  4.17803156e-02  4.17273646e-02
   4.10756783e-02  3.98764390e-02  3.81808288e-02  3.60400301e-02
   3.26797937e-02  3.06420809e-02  2.75162660e-02  2.41934479e-02
   2.07392943e-02  1.72194730e-02  1.36996517e-02  1.01798304e-02
   6.66000904e-03  3.14018771e-03]
 [ 0.00000000e+00  0.00000000e+00  3.59873815e-02  4.39773438e-02
   5.19673061e-02  5.96302097e-02  6.66389959e-02  7.26666060e-02
   7.73859813e-02  8.04700630e-02  8.15917924e-02  8.09966867e-02
   7.89302631e-02  7.56380387e-02  7.13655306e-02  6.63582560e-02
   6.08617321e-02  5.50357312e-02  4.90400260e-02  4.30343888e-02
   3.54771595e-02  3.16324086e-02  2.65556105e-02  2.18699671e-02
   1.74972473e-02  1.33592202e-02  9.37765500e-03  5.47432071e-03
   1.57098642e-03  1.00000000e-03]
 [ 4.10000000e-02  3.30000000e-02  2.60000000e-02  2.00000000e-02
   1.53156219e-02  1.26140524e-02  1.00892854e-02  7.82972209e-03
   5.92376367e-03  4.45981139e-03  3.52626648e-03  3.01625067e-03
   2.82288569e-03  2.83929329e-03  2.95859519e-03  3.07391313e-03
   3.07836885e-03  2.99303427e-03  2.83898133e-03  2.63728196e-03
   2.33877707e-03  2.17523163e-03  1.95702453e-03  1.75179189e-03
   1.55693882e-03  1.36987043e-03  1.18799183e-03  1.00870812e-03
   1.00000000e-03  1.00000000e-03]
 [ 0.00000000e+00  0.00000000e+00  0.00000000e+00  2.16422907e-03
   2.21016153e-03  2.25609398e-03  2.30202643e-03  2.34795888e-03
   2.38578561e-03  2.40740088e-03  2.40469897e-03  2.36957416e-03
   2.29392070e-03  2.16963289e-03  2.01292217e-03  1.84000000e-03
   1.66707783e-03  1.51036711e-03  1.38607930e-03  1.31042584e-03
   1.27397979e-03  1.27259912e-03  1.29421439e-03  1.33204112e-03
   1.37797357e-03  1.42390602e-03  1.46983847e-03  1.51577093e-03
   1.56170338e-03  1.08420217e-19]
 [ 0.00000000e+00  0.00000000e+00  0.00000000e+00  3.74890612e-02
   3.61172335e-02  3.47454058e-02  3.33630956e-02  3.19598202e-02
   3.05250972e-02  2.90484440e-02  2.75193780e-02  2.59274168e-02
   2.43374498e-02  2.28143666e-02  2.14230569e-02  2.02284101e-02
   1.92953159e-02  1.86886639e-02  1.83467902e-02  1.82080313e-02
   2.00000000e-02  2.00000000e-02  2.00000000e-02  2.00000000e-02
   2.00000000e-02  2.00000000e-02  2.00000000e-02  2.00000000e-02
   2.00000000e-02  5.20417043e-18]
 [ 0.00000000e+00  0.00000000e+00  0.00000000e+00  2.07236417e-03
   2.11829662e-03  2.16422907e-03  2.21016153e-03  2.25609398e-03
   2.30202643e-03  2.34795888e-03  2.38578561e-03  2.40740088e-03
   2.40469897e-03  2.36957416e-03  2.29392070e-03  2.16963289e-03
   2.01292217e-03  1.84000000e-03  1.66707783e-03  1.51036711e-03
   1.35893442e-03  1.31042584e-03  1.27530103e-03  1.27259912e-03
   1.29421439e-03  1.33204112e-03  1.37797357e-03  1.42390602e-03
   1.46983847e-03  1.08420217e-19]
 [ 0.00000000e+00  0.00000000e+00  0.00000000e+00  2.51759997e-03
   2.44512991e-03  2.37265986e-03  2.30018980e-03  2.22771975e-03
   2.15449048e-03  2.07974278e-03  2.00271744e-03  1.92265525e-03
   1.83879698e-03  1.75038343e-03  1.66146746e-03  1.57610193e-03
   1.49833970e-03  1.43223365e-03  1.38183663e-03  1.35120150e-03
   1.33654766e-03  1.33604234e-03  1.34493101e-03  1.36040697e-03
   1.37917659e-03  1.39794620e-03  1.41671582e-03  1.43548543e-03
   1.45425505e-03  2.16840434e-19]
 [ 0.00000000e+00  0.00000000e+00  0.00000000e+00  3.77066146e-02
   3.63461220e-02  3.49856293e-02  3.36139152e-02  3.22197581e-02
   3.07919366e-02  2.93192293e-02  2.77904146e-02  2.61942712e-02
   2.45955568e-02  2.30590296e-02  2.16494473e-02  2.04315680e-02
   2.00000000e-02  2.00000000e-02  2.00000000e-02  2.00000000e-02
   2.00000000e-02  2.00000000e-02  2.00000000e-02  2.00000000e-02
   2.00000000e-02  2.00000000e-02  2.00000000e-02  2.00000000e-02
   2.00000000e-02  5.20417043e-18]
 [ 0.00000000e+00  0.00000000e+00  0.00000000e+00  2.66254008e-03
   2.59007002e-03  2.51759997e-03  2.44512991e-03  2.37265986e-03
   2.30018980e-03  2.22771975e-03  2.15449048e-03  2.07974278e-03
   2.00271744e-03  1.92265525e-03  1.83879698e-03  1.75038343e-03
   1.66146746e-03  1.57610193e-03  1.49833970e-03  1.43223365e-03
   1.37083839e-03  1.35120150e-03  1.33703462e-03  1.33604234e-03
   1.34493101e-03  1.36040697e-03  1.37917659e-03  1.39794620e-03
   1.41671582e-03  3.25260652e-19]]","2D array of the thickness of the layers of the blade structure. The first dimension represents each layer, the second dimension represents each entry along blade span."
blade.internal_structure_2d_fem.layer_orientation,output,rad,"[[0. 0. 0. 0. 0. 0. 0. 0. 0. 0. 0. 0. 0. 0. 0. 0. 0. 0. 0. 0. 0. 0. 0. 0.
  0. 0. 0. 0. 0. 0.]
 [0. 0. 0. 0. 0. 0. 0. 0. 0. 0. 0. 0. 0. 0. 0. 0. 0. 0. 0. 0. 0. 0. 0. 0.
  0. 0. 0. 0. 0. 0.]
 [0. 0. 0. 0. 0. 0. 0. 0. 0. 0. 0. 0. 0. 0. 0. 0. 0. 0. 0. 0. 0. 0. 0. 0.
  0. 0. 0. 0. 0. 0.]
 [0. 0. 0. 0. 0. 0. 0. 0. 0. 0. 0. 0. 0. 0. 0. 0. 0. 0. 0. 0. 0. 0. 0. 0.
  0. 0. 0. 0. 0. 0.]
 [0. 0. 0. 0. 0. 0. 0. 0. 0. 0. 0. 0. 0. 0. 0. 0. 0. 0. 0. 0. 0. 0. 0. 0.
  0. 0. 0. 0. 0. 0.]
 [0. 0. 0. 0. 0. 0. 0. 0. 0. 0. 0. 0. 0. 0. 0. 0. 0. 0. 0. 0. 0. 0. 0. 0.
  0. 0. 0. 0. 0. 0.]
 [0. 0. 0. 0. 0. 0. 0. 0. 0. 0. 0. 0. 0. 0. 0. 0. 0. 0. 0. 0. 0. 0. 0. 0.
  0. 0. 0. 0. 0. 0.]
 [0. 0. 0. 0. 0. 0. 0. 0. 0. 0. 0. 0. 0. 0. 0. 0. 0. 0. 0. 0. 0. 0. 0. 0.
  0. 0. 0. 0. 0. 0.]
 [0. 0. 0. 0. 0. 0. 0. 0. 0. 0. 0. 0. 0. 0. 0. 0. 0. 0. 0. 0. 0. 0. 0. 0.
  0. 0. 0. 0. 0. 0.]
 [0. 0. 0. 0. 0. 0. 0. 0. 0. 0. 0. 0. 0. 0. 0. 0. 0. 0. 0. 0. 0. 0. 0. 0.
  0. 0. 0. 0. 0. 0.]
 [0. 0. 0. 0. 0. 0. 0. 0. 0. 0. 0. 0. 0. 0. 0. 0. 0. 0. 0. 0. 0. 0. 0. 0.
  0. 0. 0. 0. 0. 0.]
 [0. 0. 0. 0. 0. 0. 0. 0. 0. 0. 0. 0. 0. 0. 0. 0. 0. 0. 0. 0. 0. 0. 0. 0.
  0. 0. 0. 0. 0. 0.]
 [0. 0. 0. 0. 0. 0. 0. 0. 0. 0. 0. 0. 0. 0. 0. 0. 0. 0. 0. 0. 0. 0. 0. 0.
  0. 0. 0. 0. 0. 0.]
 [0. 0. 0. 0. 0. 0. 0. 0. 0. 0. 0. 0. 0. 0. 0. 0. 0. 0. 0. 0. 0. 0. 0. 0.
  0. 0. 0. 0. 0. 0.]
 [0. 0. 0. 0. 0. 0. 0. 0. 0. 0. 0. 0. 0. 0. 0. 0. 0. 0. 0. 0. 0. 0. 0. 0.
  0. 0. 0. 0. 0. 0.]
 [0. 0. 0. 0. 0. 0. 0. 0. 0. 0. 0. 0. 0. 0. 0. 0. 0. 0. 0. 0. 0. 0. 0. 0.
  0. 0. 0. 0. 0. 0.]
 [0. 0. 0. 0. 0. 0. 0. 0. 0. 0. 0. 0. 0. 0. 0. 0. 0. 0. 0. 0. 0. 0. 0. 0.
  0. 0. 0. 0. 0. 0.]
 [0. 0. 0. 0. 0. 0. 0. 0. 0. 0. 0. 0. 0. 0. 0. 0. 0. 0. 0. 0. 0. 0. 0. 0.
  0. 0. 0. 0. 0. 0.]
 [0. 0. 0. 0. 0. 0. 0. 0. 0. 0. 0. 0. 0. 0. 0. 0. 0. 0. 0. 0. 0. 0. 0. 0.
  0. 0. 0. 0. 0. 0.]
 [0. 0. 0. 0. 0. 0. 0. 0. 0. 0. 0. 0. 0. 0. 0. 0. 0. 0. 0. 0. 0. 0. 0. 0.
  0. 0. 0. 0. 0. 0.]]","Fiber orientation of the composite layer with 0-value meaning alignment with reference axis. The first dimension represents each layer, the second dimension represents each entry along blade span."
blade.internal_structure_2d_fem.layer_rotation_yaml,output,rad,"[[0. 0. 0. 0. 0. 0. 0. 0. 0. 0. 0. 0. 0. 0. 0. 0. 0. 0. 0. 0. 0. 0. 0. 0.
  0. 0. 0. 0. 0. 0.]
 [0. 0. 0. 0. 0. 0. 0. 0. 0. 0. 0. 0. 0. 0. 0. 0. 0. 0. 0. 0. 0. 0. 0. 0.
  0. 0. 0. 0. 0. 0.]
 [0. 0. 0. 0. 0. 0. 0. 0. 0. 0. 0. 0. 0. 0. 0. 0. 0. 0. 0. 0. 0. 0. 0. 0.
  0. 0. 0. 0. 0. 0.]
 [0. 0. 0. 0. 0. 0. 0. 0. 0. 0. 0. 0. 0. 0. 0. 0. 0. 0. 0. 0. 0. 0. 0. 0.
  0. 0. 0. 0. 0. 0.]
 [0. 0. 0. 0. 0. 0. 0. 0. 0. 0. 0. 0. 0. 0. 0. 0. 0. 0. 0. 0. 0. 0. 0. 0.
  0. 0. 0. 0. 0. 0.]
 [0. 0. 0. 0. 0. 0. 0. 0. 0. 0. 0. 0. 0. 0. 0. 0. 0. 0. 0. 0. 0. 0. 0. 0.
  0. 0. 0. 0. 0. 0.]
 [0. 0. 0. 0. 0. 0. 0. 0. 0. 0. 0. 0. 0. 0. 0. 0. 0. 0. 0. 0. 0. 0. 0. 0.
  0. 0. 0. 0. 0. 0.]
 [0. 0. 0. 0. 0. 0. 0. 0. 0. 0. 0. 0. 0. 0. 0. 0. 0. 0. 0. 0. 0. 0. 0. 0.
  0. 0. 0. 0. 0. 0.]
 [0. 0. 0. 0. 0. 0. 0. 0. 0. 0. 0. 0. 0. 0. 0. 0. 0. 0. 0. 0. 0. 0. 0. 0.
  0. 0. 0. 0. 0. 0.]
 [0. 0. 0. 0. 0. 0. 0. 0. 0. 0. 0. 0. 0. 0. 0. 0. 0. 0. 0. 0. 0. 0. 0. 0.
  0. 0. 0. 0. 0. 0.]
 [0. 0. 0. 0. 0. 0. 0. 0. 0. 0. 0. 0. 0. 0. 0. 0. 0. 0. 0. 0. 0. 0. 0. 0.
  0. 0. 0. 0. 0. 0.]
 [0. 0. 0. 0. 0. 0. 0. 0. 0. 0. 0. 0. 0. 0. 0. 0. 0. 0. 0. 0. 0. 0. 0. 0.
  0. 0. 0. 0. 0. 0.]
 [0. 0. 0. 0. 0. 0. 0. 0. 0. 0. 0. 0. 0. 0. 0. 0. 0. 0. 0. 0. 0. 0. 0. 0.
  0. 0. 0. 0. 0. 0.]
 [0. 0. 0. 0. 0. 0. 0. 0. 0. 0. 0. 0. 0. 0. 0. 0. 0. 0. 0. 0. 0. 0. 0. 0.
  0. 0. 0. 0. 0. 0.]
 [0. 0. 0. 0. 0. 0. 0. 0. 0. 0. 0. 0. 0. 0. 0. 0. 0. 0. 0. 0. 0. 0. 0. 0.
  0. 0. 0. 0. 0. 0.]
 [0. 0. 0. 0. 0. 0. 0. 0. 0. 0. 0. 0. 0. 0. 0. 0. 0. 0. 0. 0. 0. 0. 0. 0.
  0. 0. 0. 0. 0. 0.]
 [0. 0. 0. 0. 0. 0. 0. 0. 0. 0. 0. 0. 0. 0. 0. 0. 0. 0. 0. 0. 0. 0. 0. 0.
  0. 0. 0. 0. 0. 0.]
 [0. 0. 0. 0. 0. 0. 0. 0. 0. 0. 0. 0. 0. 0. 0. 0. 0. 0. 0. 0. 0. 0. 0. 0.
  0. 0. 0. 0. 0. 0.]
 [0. 0. 0. 0. 0. 0. 0. 0. 0. 0. 0. 0. 0. 0. 0. 0. 0. 0. 0. 0. 0. 0. 0. 0.
  0. 0. 0. 0. 0. 0.]
 [0. 0. 0. 0. 0. 0. 0. 0. 0. 0. 0. 0. 0. 0. 0. 0. 0. 0. 0. 0. 0. 0. 0. 0.
  0. 0. 0. 0. 0. 0.]]","2D array of the rotation angle of a layer in respect to the chord line. The first dimension represents each layer, the second dimension represents each entry along blade span. If the rotation is equal to negative twist +- a constant, then the layer is built straight."
blade.internal_structure_2d_fem.layer_offset_y_pa_yaml,output,m,"[[ 0.      0.      0.      0.      0.      0.      0.      0.      0.
   0.      0.      0.      0.      0.      0.      0.      0.      0.
   0.      0.      0.      0.      0.      0.      0.      0.      0.
   0.      0.      0.    ]
 [ 0.      0.      0.      0.      0.      0.      0.      0.      0.
   0.      0.      0.      0.      0.      0.      0.      0.      0.
   0.      0.      0.      0.      0.      0.      0.      0.      0.
   0.      0.      0.    ]
 [ 0.      0.      0.     -0.8    -0.768  -0.736  -0.704  -0.672  -0.64
  -0.608  -0.576  -0.544  -0.512  -0.48   -0.448  -0.416  -0.384  -0.352
  -0.32   -0.288  -0.2464 -0.224  -0.192  -0.16   -0.128  -0.096  -0.064
  -0.032   0.      0.    ]
 [ 0.      0.      0.     -0.8    -0.768  -0.736  -0.704  -0.672  -0.64
  -0.608  -0.576  -0.544  -0.512  -0.48   -0.448  -0.416  -0.384  -0.352
  -0.32   -0.288  -0.2464 -0.224  -0.192  -0.16   -0.128  -0.096  -0.064
  -0.032   0.      0.    ]
 [ 0.      0.      0.      0.      0.      0.      0.      0.      0.
   0.      0.      0.      0.      0.      0.      0.      0.      0.
   0.      0.      0.      0.      0.      0.      0.      0.      0.
   0.      0.      0.    ]
 [ 0.      0.      0.      0.      0.      0.      0.      0.      0.
   0.      0.      0.      0.      0.      0.      0.      0.      0.
   0.      0.      0.      0.      0.      0.      0.      0.      0.
   0.      0.      0.    ]
 [ 0.      0.      0.      0.      0.      0.      0.      0.      0.
   0.      0.      0.      0.      0.      0.      0.      0.      0.
   0.      0.      0.      0.      0.      0.      0.      0.      0.
   0.      0.      0.    ]
 [ 0.      0.      0.      0.      0.      0.      0.      0.      0.
   0.      0.      0.      0.      0.      0.      0.      0.      0.
   0.      0.      0.      0.      0.      0.      0.      0.      0.
   0.      0.      0.    ]
 [ 0.      0.      0.      0.      0.      0.      0.      0.      0.
   0.      0.      0.      0.      0.      0.      0.      0.      0.
   0.      0.      0.      0.      0.      0.      0.      0.      0.
   0.      0.      0.    ]
 [ 0.      0.      0.      0.      0.      0.      0.      0.      0.
   0.      0.      0.      0.      0.      0.      0.      0.      0.
   0.      0.      0.      0.      0.      0.      0.      0.      0.
   0.      0.      0.    ]
 [ 0.      0.      0.      0.      0.      0.      0.      0.      0.
   0.      0.      0.      0.      0.      0.      0.      0.      0.
   0.      0.      0.      0.      0.      0.      0.      0.      0.
   0.      0.      0.    ]
 [ 0.      0.      0.      0.      0.      0.      0.      0.      0.
   0.      0.      0.      0.      0.      0.      0.      0.      0.
   0.      0.      0.      0.      0.      0.      0.      0.      0.
   0.      0.      0.    ]
 [ 0.      0.      0.      0.      0.      0.      0.      0.      0.
   0.      0.      0.      0.      0.      0.      0.      0.      0.
   0.      0.      0.      0.      0.      0.      0.      0.      0.
   0.      0.      0.    ]
 [ 0.      0.      0.      0.      0.      0.      0.      0.      0.
   0.      0.      0.      0.      0.      0.      0.      0.      0.
   0.      0.      0.      0.      0.      0.      0.      0.      0.
   0.      0.      0.    ]
 [ 0.      0.      0.      0.      0.      0.      0.      0.      0.
   0.      0.      0.      0.      0.      0.      0.      0.      0.
   0.      0.      0.      0.      0.      0.      0.      0.      0.
   0.      0.      0.    ]
 [ 0.      0.      0.      0.      0.      0.      0.      0.      0.
   0.      0.      0.      0.      0.      0.      0.      0.      0.
   0.      0.      0.      0.      0.      0.      0.      0.      0.
   0.      0.      0.    ]
 [ 0.      0.      0.      0.      0.      0.      0.      0.      0.
   0.      0.      0.      0.      0.      0.      0.      0.      0.
   0.      0.      0.      0.      0.      0.      0.      0.      0.
   0.      0.      0.    ]
 [ 0.      0.      0.      0.      0.      0.      0.      0.      0.
   0.      0.      0.      0.      0.      0.      0.      0.      0.
   0.      0.      0.      0.      0.      0.      0.      0.      0.
   0.      0.      0.    ]
 [ 0.      0.      0.      0.      0.      0.      0.      0.      0.
   0.      0.      0.      0.      0.      0.      0.      0.      0.
   0.      0.      0.      0.      0.      0.      0.      0.      0.
   0.      0.      0.    ]
 [ 0.      0.      0.      0.      0.      0.      0.      0.      0.
   0.      0.      0.      0.      0.      0.      0.      0.      0.
   0.      0.      0.      0.      0.      0.      0.      0.      0.
   0.      0.      0.    ]]","2D array of the offset along the y axis to set the position of a layer. Positive values move the layer towards the trailing edge, negative values towards the leading edge. The first dimension represents each layer, the second dimension represents each entry along blade span."
blade.internal_structure_2d_fem.layer_width_yaml,output,m,"[[0.00000000e+00 0.00000000e+00 0.00000000e+00 0.00000000e+00
  0.00000000e+00 0.00000000e+00 0.00000000e+00 0.00000000e+00
  0.00000000e+00 0.00000000e+00 0.00000000e+00 0.00000000e+00
  0.00000000e+00 0.00000000e+00 0.00000000e+00 0.00000000e+00
  0.00000000e+00 0.00000000e+00 0.00000000e+00 0.00000000e+00
  0.00000000e+00 0.00000000e+00 0.00000000e+00 0.00000000e+00
  0.00000000e+00 0.00000000e+00 0.00000000e+00 0.00000000e+00
  0.00000000e+00 0.00000000e+00]
 [0.00000000e+00 0.00000000e+00 0.00000000e+00 0.00000000e+00
  0.00000000e+00 0.00000000e+00 0.00000000e+00 0.00000000e+00
  0.00000000e+00 0.00000000e+00 0.00000000e+00 0.00000000e+00
  0.00000000e+00 0.00000000e+00 0.00000000e+00 0.00000000e+00
  0.00000000e+00 0.00000000e+00 0.00000000e+00 0.00000000e+00
  0.00000000e+00 0.00000000e+00 0.00000000e+00 0.00000000e+00
  0.00000000e+00 0.00000000e+00 0.00000000e+00 0.00000000e+00
  0.00000000e+00 0.00000000e+00]
 [8.00000000e-01 8.00000000e-01 8.00000000e-01 8.00000000e-01
  8.00000000e-01 8.00000000e-01 8.00000000e-01 8.00000000e-01
  8.00000000e-01 8.00000000e-01 8.00000000e-01 8.00000000e-01
  8.00000000e-01 8.00000000e-01 8.00000000e-01 8.00000000e-01
  8.00000000e-01 8.00000000e-01 8.00000000e-01 8.00000000e-01
  8.00000000e-01 8.00000000e-01 8.00000000e-01 8.00000000e-01
  7.53600000e-01 7.05900000e-01 6.58700000e-01 6.11000000e-01
  5.38300000e-01 3.41900000e-01]
 [8.00000000e-01 8.00000000e-01 8.00000000e-01 8.00000000e-01
  8.00000000e-01 8.00000000e-01 8.00000000e-01 8.00000000e-01
  8.00000000e-01 8.00000000e-01 8.00000000e-01 8.00000000e-01
  8.00000000e-01 8.00000000e-01 8.00000000e-01 8.00000000e-01
  8.00000000e-01 8.00000000e-01 8.00000000e-01 8.00000000e-01
  8.00000000e-01 8.00000000e-01 8.00000000e-01 7.85500000e-01
  7.45300000e-01 7.01900000e-01 6.57100000e-01 6.09900000e-01
  5.24600000e-01 3.31000000e-01]
 [0.00000000e+00 0.00000000e+00 0.00000000e+00 0.00000000e+00
  0.00000000e+00 0.00000000e+00 0.00000000e+00 0.00000000e+00
  0.00000000e+00 0.00000000e+00 0.00000000e+00 0.00000000e+00
  0.00000000e+00 0.00000000e+00 0.00000000e+00 0.00000000e+00
  0.00000000e+00 0.00000000e+00 0.00000000e+00 3.00000000e-01
  1.70000000e+00 3.00000000e-01 1.38777878e-17 0.00000000e+00
  0.00000000e+00 0.00000000e+00 0.00000000e+00 0.00000000e+00
  0.00000000e+00 0.00000000e+00]
 [0.00000000e+00 0.00000000e+00 0.00000000e+00 0.00000000e+00
  0.00000000e+00 0.00000000e+00 0.00000000e+00 0.00000000e+00
  0.00000000e+00 0.00000000e+00 0.00000000e+00 0.00000000e+00
  0.00000000e+00 0.00000000e+00 0.00000000e+00 0.00000000e+00
  0.00000000e+00 0.00000000e+00 0.00000000e+00 3.00000000e-01
  1.70000000e+00 3.00000000e-01 1.38777878e-17 0.00000000e+00
  0.00000000e+00 0.00000000e+00 0.00000000e+00 0.00000000e+00
  0.00000000e+00 0.00000000e+00]
 [3.09400000e-01 3.09400000e-01 3.09400000e-01 3.09400000e-01
  3.09400000e-01 3.09400000e-01 3.09400000e-01 3.09400000e-01
  3.09400000e-01 3.09400000e-01 3.09400000e-01 3.09400000e-01
  3.09400000e-01 3.09400000e-01 3.09400000e-01 3.09400000e-01
  3.09400000e-01 3.09400000e-01 3.09400000e-01 3.09400000e-01
  3.09400000e-01 3.09400000e-01 3.09400000e-01 3.09400000e-01
  3.09400000e-01 3.09400000e-01 2.80100000e-01 2.22300000e-01
  1.63500000e-01 1.03500000e-01]
 [5.76000000e-01 5.77450000e-01 5.81000000e-01 5.83650000e-01
  5.86850000e-01 5.89850000e-01 5.99450000e-01 6.05250000e-01
  6.11950000e-01 6.13850000e-01 6.11900000e-01 6.09150000e-01
  6.06600000e-01 6.06300000e-01 6.07450000e-01 6.10600000e-01
  6.16150000e-01 5.78650000e-01 5.37350000e-01 4.96500000e-01
  4.44467378e-01 4.16750000e-01 3.77250000e-01 3.36250000e-01
  2.74450000e-01 2.34700000e-01 1.94700000e-01 1.54100000e-01
  1.13000000e-01 7.13000000e-02]
 [5.76000000e-01 5.77450000e-01 5.81000000e-01 5.83650000e-01
  5.86850000e-01 5.89850000e-01 5.99450000e-01 6.05250000e-01
  6.11950000e-01 6.13850000e-01 6.11900000e-01 6.09150000e-01
  6.06600000e-01 6.06300000e-01 6.07450000e-01 6.10600000e-01
  6.16150000e-01 5.78650000e-01 5.37350000e-01 4.96500000e-01
  4.44467378e-01 4.16750000e-01 3.77250000e-01 3.36250000e-01
  2.74450000e-01 2.34700000e-01 1.94700000e-01 1.54100000e-01
  1.13000000e-01 7.13000000e-02]
 [0.00000000e+00 0.00000000e+00 0.00000000e+00 0.00000000e+00
  0.00000000e+00 0.00000000e+00 0.00000000e+00 0.00000000e+00
  0.00000000e+00 0.00000000e+00 0.00000000e+00 0.00000000e+00
  0.00000000e+00 0.00000000e+00 0.00000000e+00 0.00000000e+00
  0.00000000e+00 0.00000000e+00 0.00000000e+00 0.00000000e+00
  0.00000000e+00 0.00000000e+00 0.00000000e+00 0.00000000e+00
  0.00000000e+00 0.00000000e+00 0.00000000e+00 0.00000000e+00
  0.00000000e+00 0.00000000e+00]
 [0.00000000e+00 0.00000000e+00 0.00000000e+00 0.00000000e+00
  0.00000000e+00 0.00000000e+00 0.00000000e+00 0.00000000e+00
  0.00000000e+00 0.00000000e+00 0.00000000e+00 0.00000000e+00
  0.00000000e+00 0.00000000e+00 0.00000000e+00 0.00000000e+00
  0.00000000e+00 0.00000000e+00 0.00000000e+00 0.00000000e+00
  0.00000000e+00 0.00000000e+00 0.00000000e+00 0.00000000e+00
  0.00000000e+00 0.00000000e+00 0.00000000e+00 0.00000000e+00
  0.00000000e+00 0.00000000e+00]
 [0.00000000e+00 0.00000000e+00 0.00000000e+00 0.00000000e+00
  0.00000000e+00 0.00000000e+00 0.00000000e+00 0.00000000e+00
  0.00000000e+00 0.00000000e+00 0.00000000e+00 0.00000000e+00
  0.00000000e+00 0.00000000e+00 0.00000000e+00 0.00000000e+00
  0.00000000e+00 0.00000000e+00 0.00000000e+00 0.00000000e+00
  0.00000000e+00 0.00000000e+00 0.00000000e+00 0.00000000e+00
  0.00000000e+00 0.00000000e+00 0.00000000e+00 0.00000000e+00
  0.00000000e+00 0.00000000e+00]
 [0.00000000e+00 0.00000000e+00 0.00000000e+00 0.00000000e+00
  0.00000000e+00 0.00000000e+00 0.00000000e+00 0.00000000e+00
  0.00000000e+00 0.00000000e+00 0.00000000e+00 0.00000000e+00
  0.00000000e+00 0.00000000e+00 0.00000000e+00 0.00000000e+00
  0.00000000e+00 0.00000000e+00 0.00000000e+00 0.00000000e+00
  0.00000000e+00 0.00000000e+00 0.00000000e+00 0.00000000e+00
  0.00000000e+00 0.00000000e+00 0.00000000e+00 0.00000000e+00
  0.00000000e+00 0.00000000e+00]
 [0.00000000e+00 0.00000000e+00 0.00000000e+00 0.00000000e+00
  0.00000000e+00 0.00000000e+00 0.00000000e+00 0.00000000e+00
  0.00000000e+00 0.00000000e+00 0.00000000e+00 0.00000000e+00
  0.00000000e+00 0.00000000e+00 0.00000000e+00 0.00000000e+00
  0.00000000e+00 0.00000000e+00 0.00000000e+00 0.00000000e+00
  0.00000000e+00 0.00000000e+00 0.00000000e+00 0.00000000e+00
  0.00000000e+00 0.00000000e+00 0.00000000e+00 0.00000000e+00
  0.00000000e+00 0.00000000e+00]
 [0.00000000e+00 0.00000000e+00 0.00000000e+00 0.00000000e+00
  0.00000000e+00 0.00000000e+00 0.00000000e+00 0.00000000e+00
  0.00000000e+00 0.00000000e+00 0.00000000e+00 0.00000000e+00
  0.00000000e+00 0.00000000e+00 0.00000000e+00 0.00000000e+00
  0.00000000e+00 0.00000000e+00 0.00000000e+00 0.00000000e+00
  0.00000000e+00 0.00000000e+00 0.00000000e+00 0.00000000e+00
  0.00000000e+00 0.00000000e+00 0.00000000e+00 0.00000000e+00
  0.00000000e+00 0.00000000e+00]
 [0.00000000e+00 0.00000000e+00 0.00000000e+00 0.00000000e+00
  0.00000000e+00 0.00000000e+00 0.00000000e+00 0.00000000e+00
  0.00000000e+00 0.00000000e+00 0.00000000e+00 0.00000000e+00
  0.00000000e+00 0.00000000e+00 0.00000000e+00 0.00000000e+00
  0.00000000e+00 0.00000000e+00 0.00000000e+00 0.00000000e+00
  0.00000000e+00 0.00000000e+00 0.00000000e+00 0.00000000e+00
  0.00000000e+00 0.00000000e+00 0.00000000e+00 0.00000000e+00
  0.00000000e+00 0.00000000e+00]
 [0.00000000e+00 0.00000000e+00 0.00000000e+00 0.00000000e+00
  0.00000000e+00 0.00000000e+00 0.00000000e+00 0.00000000e+00
  0.00000000e+00 0.00000000e+00 0.00000000e+00 0.00000000e+00
  0.00000000e+00 0.00000000e+00 0.00000000e+00 0.00000000e+00
  0.00000000e+00 0.00000000e+00 0.00000000e+00 0.00000000e+00
  0.00000000e+00 0.00000000e+00 0.00000000e+00 0.00000000e+00
  0.00000000e+00 0.00000000e+00 0.00000000e+00 0.00000000e+00
  0.00000000e+00 0.00000000e+00]
 [0.00000000e+00 0.00000000e+00 0.00000000e+00 0.00000000e+00
  0.00000000e+00 0.00000000e+00 0.00000000e+00 0.00000000e+00
  0.00000000e+00 0.00000000e+00 0.00000000e+00 0.00000000e+00
  0.00000000e+00 0.00000000e+00 0.00000000e+00 0.00000000e+00
  0.00000000e+00 0.00000000e+00 0.00000000e+00 0.00000000e+00
  0.00000000e+00 0.00000000e+00 0.00000000e+00 0.00000000e+00
  0.00000000e+00 0.00000000e+00 0.00000000e+00 0.00000000e+00
  0.00000000e+00 0.00000000e+00]
 [0.00000000e+00 0.00000000e+00 0.00000000e+00 0.00000000e+00
  0.00000000e+00 0.00000000e+00 0.00000000e+00 0.00000000e+00
  0.00000000e+00 0.00000000e+00 0.00000000e+00 0.00000000e+00
  0.00000000e+00 0.00000000e+00 0.00000000e+00 0.00000000e+00
  0.00000000e+00 0.00000000e+00 0.00000000e+00 0.00000000e+00
  0.00000000e+00 0.00000000e+00 0.00000000e+00 0.00000000e+00
  0.00000000e+00 0.00000000e+00 0.00000000e+00 0.00000000e+00
  0.00000000e+00 0.00000000e+00]
 [0.00000000e+00 0.00000000e+00 0.00000000e+00 0.00000000e+00
  0.00000000e+00 0.00000000e+00 0.00000000e+00 0.00000000e+00
  0.00000000e+00 0.00000000e+00 0.00000000e+00 0.00000000e+00
  0.00000000e+00 0.00000000e+00 0.00000000e+00 0.00000000e+00
  0.00000000e+00 0.00000000e+00 0.00000000e+00 0.00000000e+00
  0.00000000e+00 0.00000000e+00 0.00000000e+00 0.00000000e+00
  0.00000000e+00 0.00000000e+00 0.00000000e+00 0.00000000e+00
  0.00000000e+00 0.00000000e+00]]","2D array of the width along the outer profile of a layer. The first dimension represents each layer, the second dimension represents each entry along blade span."
blade.internal_structure_2d_fem.layer_midpoint_nd,output,,"[[0.         0.         0.         0.         0.         0.
  0.         0.         0.         0.         0.         0.
  0.         0.         0.         0.         0.         0.
  0.         0.         0.         0.         0.         0.
  0.         0.         0.         0.         0.         0.        ]
 [0.         0.         0.         0.         0.         0.
  0.         0.         0.         0.         0.         0.
  0.         0.         0.         0.         0.         0.
  0.         0.         0.         0.         0.         0.
  0.         0.         0.         0.         0.         0.        ]
 [0.         0.         0.         0.         0.         0.
  0.         0.         0.         0.         0.         0.
  0.         0.         0.         0.         0.         0.
  0.         0.         0.         0.         0.         0.
  0.         0.         0.         0.         0.         0.        ]
 [0.         0.         0.         0.         0.         0.
  0.         0.         0.         0.         0.         0.
  0.         0.         0.         0.         0.         0.
  0.         0.         0.         0.         0.         0.
  0.         0.         0.         0.         0.         0.        ]
 [0.         0.         0.         0.         0.         0.
  0.         0.         0.         0.         0.         0.
  0.         0.         0.         0.         0.         0.
  0.         0.         0.         0.         0.         0.
  0.         0.         0.         0.         0.         0.        ]
 [0.         0.         0.         0.         0.         0.
  0.         0.         0.         0.         0.         0.
  0.         0.         0.         0.         0.         0.
  0.         0.         0.         0.         0.         0.
  0.         0.         0.         0.         0.         0.        ]
 [0.49999933 0.49993499 0.49952822 0.49929129 0.49971658 0.49945578
  0.49906381 0.49963123 0.50016113 0.50043572 0.50087085 0.5012724
  0.50154369 0.50167442 0.50164556 0.50144596 0.50117098 0.50086069
  0.50053289 0.50018991 0.49970653 0.49941629 0.4989484  0.49848578
  0.49797069 0.49714493 0.4959859  0.49469692 0.49329601 0.49178762]
 [0.         0.         0.         0.         0.         0.
  0.         0.         0.         0.         0.         0.
  0.         0.         0.         0.         0.         0.
  0.         0.         0.         0.         0.         0.
  0.         0.         0.         0.         0.         0.        ]
 [0.         0.         0.         0.         0.         0.
  0.         0.         0.         0.         0.         0.
  0.         0.         0.         0.         0.         0.
  0.         0.         0.         0.         0.         0.
  0.         0.         0.         0.         0.         0.        ]
 [0.         0.         0.         0.         0.         0.
  0.         0.         0.         0.         0.         0.
  0.         0.         0.         0.         0.         0.
  0.         0.         0.         0.         0.         0.
  0.         0.         0.         0.         0.         0.        ]
 [0.         0.         0.         0.         0.         0.
  0.         0.         0.         0.         0.         0.
  0.         0.         0.         0.         0.         0.
  0.         0.         0.         0.         0.         0.
  0.         0.         0.         0.         0.         0.        ]
 [0.         0.         0.         0.         0.         0.
  0.         0.         0.         0.         0.         0.
  0.         0.         0.         0.         0.         0.
  0.         0.         0.         0.         0.         0.
  0.         0.         0.         0.         0.         0.        ]
 [0.         0.         0.         0.         0.         0.
  0.         0.         0.         0.         0.         0.
  0.         0.         0.         0.         0.         0.
  0.         0.         0.         0.         0.         0.
  0.         0.         0.         0.         0.         0.        ]
 [0.         0.         0.         0.         0.         0.
  0.         0.         0.         0.         0.         0.
  0.         0.         0.         0.         0.         0.
  0.         0.         0.         0.         0.         0.
  0.         0.         0.         0.         0.         0.        ]
 [0.         0.         0.         0.         0.         0.
  0.         0.         0.         0.         0.         0.
  0.         0.         0.         0.         0.         0.
  0.         0.         0.         0.         0.         0.
  0.         0.         0.         0.         0.         0.        ]
 [0.         0.         0.         0.         0.         0.
  0.         0.         0.         0.         0.         0.
  0.         0.         0.         0.         0.         0.
  0.         0.         0.         0.         0.         0.
  0.         0.         0.         0.         0.         0.        ]
 [0.         0.         0.         0.         0.         0.
  0.         0.         0.         0.         0.         0.
  0.         0.         0.         0.         0.         0.
  0.         0.         0.         0.         0.         0.
  0.         0.         0.         0.         0.         0.        ]
 [0.         0.         0.         0.         0.         0.
  0.         0.         0.         0.         0.         0.
  0.         0.         0.         0.         0.         0.
  0.         0.         0.         0.         0.         0.
  0.         0.         0.         0.         0.         0.        ]
 [0.         0.         0.         0.         0.         0.
  0.         0.         0.         0.         0.         0.
  0.         0.         0.         0.         0.         0.
  0.         0.         0.         0.         0.         0.
  0.         0.         0.         0.         0.         0.        ]
 [0.         0.         0.         0.         0.         0.
  0.         0.         0.         0.         0.         0.
  0.         0.         0.         0.         0.         0.
  0.         0.         0.         0.         0.         0.
  0.         0.         0.         0.         0.         0.        ]]","2D array of the non-dimensional midpoint defined along the outer profile of a layer. The first dimension represents each layer, the second dimension represents each entry along blade span."
blade.internal_structure_2d_fem.layer_start_nd_yaml,output,,"[[0.   0.   0.   0.   0.   0.   0.   0.   0.   0.   0.   0.   0.   0.
  0.   0.   0.   0.   0.   0.   0.   0.   0.   0.   0.   0.   0.   0.
  0.   0.  ]
 [0.   0.   0.   0.   0.   0.   0.   0.   0.   0.   0.   0.   0.   0.
  0.   0.   0.   0.   0.   0.   0.   0.   0.   0.   0.   0.   0.   0.
  0.   0.  ]
 [0.   0.   0.   0.   0.   0.   0.   0.   0.   0.   0.   0.   0.   0.
  0.   0.   0.   0.   0.   0.   0.   0.   0.   0.   0.   0.   0.   0.
  0.   0.  ]
 [0.   0.   0.   0.   0.   0.   0.   0.   0.   0.   0.   0.   0.   0.
  0.   0.   0.   0.   0.   0.   0.   0.   0.   0.   0.   0.   0.   0.
  0.   0.  ]
 [0.   0.   0.   0.   0.   0.   0.   0.   0.   0.   0.   0.   0.   0.
  0.   0.   0.   0.   0.   0.   0.   0.   0.   0.   0.   0.   0.   0.
  0.   0.  ]
 [0.   0.   0.   0.   0.   0.   0.   0.   0.   0.   0.   0.   0.   0.
  0.   0.   0.   0.   0.   0.   0.   0.   0.   0.   0.   0.   0.   0.
  0.   0.  ]
 [0.   0.   0.   0.   0.   0.   0.   0.   0.   0.   0.   0.   0.   0.
  0.   0.   0.   0.   0.   0.   0.   0.   0.   0.   0.   0.   0.   0.
  0.   0.  ]
 [0.   0.   0.   0.   0.   0.   0.   0.   0.   0.   0.   0.   0.   0.
  0.   0.   0.   0.   0.   0.   0.   0.   0.   0.   0.   0.   0.   0.
  0.   0.  ]
 [0.   0.   0.   0.   0.   0.   0.   0.   0.   0.   0.   0.   0.   0.
  0.   0.   0.   0.   0.   0.   0.   0.   0.   0.   0.   0.   0.   0.
  0.   0.  ]
 [0.   0.   0.   0.   0.   0.   0.   0.   0.   0.   0.   0.   0.   0.
  0.   0.   0.   0.   0.   0.   0.   0.   0.   0.   0.   0.   0.   0.
  0.   0.  ]
 [0.   0.   0.   0.   0.   0.   0.   0.   0.   0.   0.   0.   0.   0.
  0.   0.   0.   0.   0.   0.   0.   0.   0.   0.   0.   0.   0.   0.
  0.   0.  ]
 [0.   0.   0.   0.   0.   0.   0.   0.   0.   0.   0.   0.   0.   0.
  0.   0.   0.   0.   0.   0.   0.   0.   0.   0.   0.   0.   0.   0.
  0.   0.  ]
 [0.   0.   0.   0.   0.   0.   0.   0.   0.   0.   0.   0.   0.   0.
  0.   0.   0.   0.   0.   0.   0.   0.   0.   0.   0.   0.   0.   0.
  0.   0.  ]
 [0.   0.   0.   0.   0.   0.   0.   0.   0.   0.   0.   0.   0.   0.
  0.   0.05 0.05 0.05 0.05 0.05 0.05 0.05 0.05 0.05 0.05 0.05 0.04 0.05
  0.05 0.05]
 [0.   0.   0.   0.   0.   0.   0.   0.   0.   0.   0.   0.   0.   0.
  0.   0.   0.   0.   0.   0.   0.   0.   0.   0.   0.   0.   0.   0.
  0.   0.  ]
 [0.   0.   0.   0.   0.   0.   0.   0.   0.   0.   0.   0.   0.   0.
  0.   0.   0.   0.   0.   0.   0.   0.   0.   0.   0.   0.   0.   0.
  0.   0.  ]
 [0.   0.   0.   0.   0.   0.   0.   0.   0.   0.   0.   0.   0.   0.
  0.   0.   0.   0.   0.   0.   0.   0.   0.   0.   0.   0.   0.   0.
  0.   0.  ]
 [0.   0.   0.   0.   0.   0.   0.   0.   0.   0.   0.   0.   0.   0.
  0.   0.   0.   0.   0.   0.   0.   0.   0.   0.   0.   0.   0.   0.
  0.   0.  ]
 [0.   0.   0.   0.   0.   0.   0.   0.   0.   0.   0.   0.   0.   0.
  0.   0.   0.   0.   0.   0.   0.   0.   0.   0.   0.   0.   0.   0.
  0.   0.  ]
 [0.   0.   0.   0.   0.   0.   0.   0.   0.   0.   0.   0.   0.   0.
  0.   0.   0.   0.   0.   0.   0.   0.   0.   0.   0.   0.   0.   0.
  0.   0.  ]]","2D array of the non-dimensional start point defined along the outer profile of a layer. The TE suction side is 0, the TE pressure side is 1. The first dimension represents each layer, the second dimension represents each entry along blade span."
blade.internal_structure_2d_fem.layer_end_nd_yaml,output,,"[[1.   1.   1.   1.   1.   1.   1.   1.   1.   1.   1.   1.   1.   1.
  1.   1.   1.   1.   1.   1.   1.   1.   1.   1.   1.   1.   1.   1.
  1.   1.  ]
 [1.   1.   1.   1.   1.   1.   1.   1.   1.   1.   1.   1.   1.   1.
  1.   1.   1.   1.   1.   1.   1.   1.   1.   1.   1.   1.   1.   1.
  1.   1.  ]
 [0.   0.   0.   0.   0.   0.   0.   0.   0.   0.   0.   0.   0.   0.
  0.   0.   0.   0.   0.   0.   0.   0.   0.   0.   0.   0.   0.   0.
  0.   0.  ]
 [0.   0.   0.   0.   0.   0.   0.   0.   0.   0.   0.   0.   0.   0.
  0.   0.   0.   0.   0.   0.   0.   0.   0.   0.   0.   0.   0.   0.
  0.   0.  ]
 [0.   0.   0.   0.   0.   0.   0.   0.   0.   0.   0.   0.   0.   0.
  0.   0.   0.   0.   0.   0.   0.   0.   0.   0.   0.   0.   0.   0.
  0.   0.  ]
 [0.   0.   0.   0.   0.   0.   0.   0.   0.   0.   0.   0.   0.   0.
  0.   0.   0.   0.   0.   0.   0.   0.   0.   0.   0.   0.   0.   0.
  0.   0.  ]
 [0.   0.   0.   0.   0.   0.   0.   0.   0.   0.   0.   0.   0.   0.
  0.   0.   0.   0.   0.   0.   0.   0.   0.   0.   0.   0.   0.   0.
  0.   0.  ]
 [0.   0.   0.   0.   0.   0.   0.   0.   0.   0.   0.   0.   0.   0.
  0.   0.   0.   0.   0.   0.   0.   0.   0.   0.   0.   0.   0.   0.
  0.   0.  ]
 [1.   1.   1.   1.   1.   1.   1.   1.   1.   1.   1.   1.   1.   1.
  1.   1.   1.   1.   1.   1.   1.   1.   1.   1.   1.   1.   1.   1.
  1.   1.  ]
 [0.   0.   0.   0.   0.   0.   0.   0.   0.   0.   0.   0.   0.   0.
  0.   0.   0.   0.   0.   0.   0.   0.   0.   0.   0.   0.   0.   0.
  0.   0.  ]
 [0.   0.   0.   0.   0.   0.   0.   0.   0.   0.   0.   0.   0.   0.
  0.   0.   0.   0.   0.   0.   0.   0.   0.   0.   0.   0.   0.   0.
  0.   0.  ]
 [0.   0.   0.   0.   0.   0.   0.   0.   0.   0.   0.   0.   0.   0.
  0.   0.   0.   0.   0.   0.   0.   0.   0.   0.   0.   0.   0.   0.
  0.   0.  ]
 [0.   0.   0.   0.   0.   0.   0.   0.   0.   0.   0.   0.   0.   0.
  0.   0.   0.   0.   0.   0.   0.   0.   0.   0.   0.   0.   0.   0.
  0.   0.  ]
 [1.   1.   1.   1.   1.   1.   1.   1.   1.   1.   1.   1.   1.   1.
  1.   0.95 0.95 0.95 0.95 0.95 0.95 0.95 0.95 0.95 0.95 0.95 0.95 0.95
  0.95 0.95]
 [0.   0.   0.   0.   0.   0.   0.   0.   0.   0.   0.   0.   0.   0.
  0.   0.   0.   0.   0.   0.   0.   0.   0.   0.   0.   0.   0.   0.
  0.   0.  ]
 [0.   0.   0.   0.   0.   0.   0.   0.   0.   0.   0.   0.   0.   0.
  0.   0.   0.   0.   0.   0.   0.   0.   0.   0.   0.   0.   0.   0.
  0.   0.  ]
 [0.   0.   0.   0.   0.   0.   0.   0.   0.   0.   0.   0.   0.   0.
  0.   0.   0.   0.   0.   0.   0.   0.   0.   0.   0.   0.   0.   0.
  0.   0.  ]
 [0.   0.   0.   0.   0.   0.   0.   0.   0.   0.   0.   0.   0.   0.
  0.   0.   0.   0.   0.   0.   0.   0.   0.   0.   0.   0.   0.   0.
  0.   0.  ]
 [0.   0.   0.   0.   0.   0.   0.   0.   0.   0.   0.   0.   0.   0.
  0.   0.   0.   0.   0.   0.   0.   0.   0.   0.   0.   0.   0.   0.
  0.   0.  ]
 [0.   0.   0.   0.   0.   0.   0.   0.   0.   0.   0.   0.   0.   0.
  0.   0.   0.   0.   0.   0.   0.   0.   0.   0.   0.   0.   0.   0.
  0.   0.  ]]","2D array of the non-dimensional end point defined along the outer profile of a layer. The TE suction side is 0, the TE pressure side is 1. The first dimension represents each layer, the second dimension represents each entry along blade span."
blade.internal_structure_2d_fem.layer_side,output,n/a,"['', '', 'suction', 'pressure', 'suction', 'pressure', '', '', '', '', '', '', '', '', '', '', '', '', '', '']",1D array setting whether the layer is on the suction or pressure side. This entry is only used if definition_layer is equal to 1 or 2.
blade.internal_structure_2d_fem.definition_web,output,n/a,[1. 1.],1D array of flags identifying how webs are specified in the yaml. 1) offset+rotation=twist 2) offset+rotation
blade.internal_structure_2d_fem.definition_layer,output,n/a,"[ 9.  9.  2.  2.  2.  2.  5.  7.  8.  6.  6.  6.  6.  9. 10. 10. 10. 10.
 10. 10.]","1D array of flags identifying how layers are specified in the yaml. 1) all around (skin, paint, ) 2) offset+rotation twist+width (spar caps) 3) offset+user defined rotation+width 4) midpoint TE+width (TE reinf) 5) midpoint LE+width (LE reinf) 6) layer position fixed to other layer (core fillers) 7) start and width 8) end and width 9) start and end nd 10) web layer"
blade.internal_structure_2d_fem.index_layer_start,output,n/a,[0. 0. 0. 0. 0. 0. 0. 0. 0. 7. 2. 6. 3. 0. 0. 0. 0. 0. 0. 0.],Index used to fix a layer to another
blade.internal_structure_2d_fem.index_layer_end,output,n/a,[0. 0. 0. 0. 0. 0. 0. 0. 0. 2. 6. 3. 8. 0. 0. 0. 0. 0. 0. 0.],Index used to fix a layer to another
blade.interp_airfoils.af_position,input,,"[0.         0.02       0.18       0.29632121 0.4824137  0.76458948
 0.87235063 1.        ]",1D array of the non dimensional positions of the airfoils af_used defined along blade span.
blade.interp_airfoils.ac,input,,[0.5   0.316 0.316 0.282 0.266 0.265 0.228],1D array of the aerodynamic centers of each airfoil.
blade.interp_airfoils.r_thick_discrete,input,,[1.    0.5   0.36  0.301 0.241 0.211 0.18 ],1D array of the relative thicknesses of each airfoil.
blade.interp_airfoils.aoa,input,rad,"[-3.14159265 -3.08923278 -3.0368729  -2.98451302 -2.93215314 -2.87979327
 -2.82743339 -2.77507351 -2.72271363 -2.67035376 -2.61799388 -2.565634
 -2.51327412 -2.46091425 -2.40855437 -2.35619449 -2.30383461 -2.25147474
 -2.19911486 -2.14675498 -2.0943951  -2.04203522 -1.98967535 -1.93731547
 -1.88495559 -1.83259571 -1.78023584 -1.72787596 -1.67551608 -1.6231562
 -1.57079633 -1.51843645 -1.46607657 -1.41371669 -1.36135682 -1.30899694
 -1.25663706 -1.20427718 -1.15191731 -1.09955743 -1.04719755 -0.99483767
 -0.9424778  -0.89011792 -0.83775804 -0.78539816 -0.73303829 -0.68067841
 -0.62831853 -0.57595865 -0.52359878 -0.51302102 -0.50244327 -0.49186552
 -0.48128776 -0.47071001 -0.46013226 -0.4495545  -0.43897675 -0.428399
 -0.41782125 -0.40724349 -0.39666574 -0.38608799 -0.37551023 -0.36493248
 -0.35435473 -0.34377697 -0.33319922 -0.32262147 -0.31204371 -0.30146596
 -0.29088821 -0.28031046 -0.2697327  -0.25915495 -0.2485772  -0.23799944
 -0.22742169 -0.21684394 -0.20626618 -0.19568843 -0.18511068 -0.17453293
 -0.16395517 -0.15337742 -0.14279967 -0.13222191 -0.12164416 -0.11106641
 -0.10048865 -0.0899109  -0.07933315 -0.06875539 -0.05817764 -0.04759989
 -0.03702214 -0.02644438 -0.01586663 -0.00528888  0.00528888  0.01586663
  0.02644438  0.03702214  0.04759989  0.05817764  0.06875539  0.07933315
  0.0899109   0.10048865  0.11106641  0.12164416  0.13222191  0.14279967
  0.15337742  0.16395517  0.17453293  0.18511068  0.19568843  0.20626618
  0.21684394  0.22742169  0.23799944  0.2485772   0.25915495  0.2697327
  0.28031046  0.29088821  0.30146596  0.31204371  0.32262147  0.33319922
  0.34377697  0.35435473  0.36493248  0.37551023  0.38608799  0.39666574
  0.40724349  0.41782125  0.428399    0.43897675  0.4495545   0.46013226
  0.47071001  0.48128776  0.49186552  0.50244327  0.51302102  0.52359878
  0.57595865  0.62831853  0.68067841  0.73303829  0.78539816  0.83775804
  0.89011792  0.9424778   0.99483767  1.04719755  1.09955743  1.15191731
  1.20427718  1.25663706  1.30899694  1.36135682  1.41371669  1.46607657
  1.51843645  1.57079633  1.6231562   1.67551608  1.72787596  1.78023584
  1.83259571  1.88495559  1.93731547  1.98967535  2.04203522  2.0943951
  2.14675498  2.19911486  2.25147474  2.30383461  2.35619449  2.40855437
  2.46091425  2.51327412  2.565634    2.61799388  2.67035376  2.72271363
  2.77507351  2.82743339  2.87979327  2.93215314  2.98451302  3.0368729
  3.08923278  3.14159265]",1D array of the angles of attack used to define the polars of the airfoils. All airfoils defined in openmdao share this grid.
blade.interp_airfoils.cl,input,,"[[[[ 0.00000000e+00]
   [ 0.00000000e+00]
   [ 0.00000000e+00]
   [ 0.00000000e+00]
   [ 0.00000000e+00]]

  [[ 0.00000000e+00]
   [ 0.00000000e+00]
   [ 0.00000000e+00]
   [ 0.00000000e+00]
   [ 0.00000000e+00]]

  [[ 0.00000000e+00]
   [ 0.00000000e+00]
   [ 0.00000000e+00]
   [ 0.00000000e+00]
   [ 0.00000000e+00]]

  ...

  [[ 0.00000000e+00]
   [ 0.00000000e+00]
   [ 0.00000000e+00]
   [ 0.00000000e+00]
   [ 0.00000000e+00]]

  [[ 0.00000000e+00]
   [ 0.00000000e+00]
   [ 0.00000000e+00]
   [ 0.00000000e+00]
   [ 0.00000000e+00]]

  [[ 0.00000000e+00]
   [ 0.00000000e+00]
   [ 0.00000000e+00]
   [ 0.00000000e+00]
   [ 0.00000000e+00]]]


 [[[ 0.00000000e+00]
   [ 0.00000000e+00]
   [ 0.00000000e+00]
   [ 0.00000000e+00]
   [ 0.00000000e+00]]

  [[ 1.22100448e-01]
   [ 1.22100448e-01]
   [ 1.22100448e-01]
   [ 1.22100448e-01]
   [ 1.22100448e-01]]

  [[ 2.44200897e-01]
   [ 2.44200897e-01]
   [ 2.44200897e-01]
   [ 2.44200897e-01]
   [ 2.44200897e-01]]

  ...

  [[-2.44200897e-01]
   [-2.44200897e-01]
   [-2.44200897e-01]
   [-2.44200897e-01]
   [-2.44200897e-01]]

  [[-1.22100448e-01]
   [-1.22100448e-01]
   [-1.22100448e-01]
   [-1.22100448e-01]
   [-1.22100448e-01]]

  [[-1.34424078e-17]
   [-1.34424078e-17]
   [-1.34424078e-17]
   [-1.34424078e-17]
   [-1.34424078e-17]]]


 [[[ 0.00000000e+00]
   [ 0.00000000e+00]
   [ 0.00000000e+00]
   [ 0.00000000e+00]
   [ 0.00000000e+00]]

  [[ 1.57528665e-01]
   [ 1.63580197e-01]
   [ 1.64098095e-01]
   [ 1.63901955e-01]
   [ 1.64630025e-01]]

  [[ 3.15057330e-01]
   [ 3.27160395e-01]
   [ 3.28196190e-01]
   [ 3.27803910e-01]
   [ 3.29260050e-01]]

  ...

  [[-3.15057330e-01]
   [-3.27160395e-01]
   [-3.28196190e-01]
   [-3.27803910e-01]
   [-3.29260050e-01]]

  [[-1.57528665e-01]
   [-1.63580197e-01]
   [-1.64098095e-01]
   [-1.63901955e-01]
   [-1.64630025e-01]]

  [[ 0.00000000e+00]
   [ 2.64361049e-18]
   [ 2.80518940e-18]
   [ 0.00000000e+00]
   [ 1.10725984e-17]]]


 ...


 [[[ 0.00000000e+00]
   [ 0.00000000e+00]
   [ 0.00000000e+00]
   [ 0.00000000e+00]
   [ 0.00000000e+00]]

  [[ 1.81712160e-01]
   [ 1.89787656e-01]
   [ 1.91505405e-01]
   [ 1.95913725e-01]
   [ 2.00357430e-01]]

  [[ 3.63424320e-01]
   [ 3.79575312e-01]
   [ 3.83010810e-01]
   [ 3.91827450e-01]
   [ 4.00714860e-01]]

  ...

  [[-3.63424320e-01]
   [-3.79575312e-01]
   [-3.83010810e-01]
   [-3.91827450e-01]
   [-4.00714860e-01]]

  [[-1.81712160e-01]
   [-1.89787656e-01]
   [-1.91505405e-01]
   [-1.95913725e-01]
   [-2.00357430e-01]]

  [[-1.10725984e-17]
   [-8.80138702e-19]
   [ 0.00000000e+00]
   [ 0.00000000e+00]
   [ 0.00000000e+00]]]


 [[[ 0.00000000e+00]
   [ 0.00000000e+00]
   [ 0.00000000e+00]
   [ 0.00000000e+00]
   [ 0.00000000e+00]]

  [[ 1.74256425e-01]
   [ 1.77577080e-01]
   [ 1.78876950e-01]
   [ 1.85995005e-01]
   [ 1.89664125e-01]]

  [[ 3.48512850e-01]
   [ 3.55154161e-01]
   [ 3.57753900e-01]
   [ 3.71990010e-01]
   [ 3.79328250e-01]]

  ...

  [[-3.48512850e-01]
   [-3.55154161e-01]
   [-3.57753900e-01]
   [-3.71990010e-01]
   [-3.79328250e-01]]

  [[-1.74256425e-01]
   [-1.77577080e-01]
   [-1.78876950e-01]
   [-1.85995005e-01]
   [-1.89664125e-01]]

  [[ 0.00000000e+00]
   [ 0.00000000e+00]
   [ 0.00000000e+00]
   [ 1.10725984e-17]
   [ 0.00000000e+00]]]


 [[[ 0.00000000e+00]
   [ 0.00000000e+00]
   [ 0.00000000e+00]
   [ 0.00000000e+00]
   [ 0.00000000e+00]]

  [[ 2.02449660e-01]
   [ 2.09583515e-01]
   [ 2.11419915e-01]
   [ 2.17381080e-01]
   [ 2.21043270e-01]]

  [[ 4.04899320e-01]
   [ 4.19167029e-01]
   [ 4.22839830e-01]
   [ 4.34762160e-01]
   [ 4.42086540e-01]]

  ...

  [[-4.04899320e-01]
   [-4.19167029e-01]
   [-4.22839830e-01]
   [-4.34762160e-01]
   [-4.42086540e-01]]

  [[-2.02449660e-01]
   [-2.09583515e-01]
   [-2.11419915e-01]
   [-2.17381080e-01]
   [-2.21043270e-01]]

  [[-2.80518940e-18]
   [-1.05413865e-18]
   [ 0.00000000e+00]
   [ 1.38777878e-17]
   [-1.38777878e-17]]]]","4D array with the lift coefficients of the airfoils. Dimension 0 is along the different airfoils defined in the yaml, dimension 1 is along the angles of attack, dimension 2 is along the Reynolds number, dimension 3 is along the number of tabs, which may describe multiple sets at the same station, for example in presence of a flap."
blade.interp_airfoils.cd,input,,"[[[[0.5  ]
   [0.5  ]
   [0.5  ]
   [0.5  ]
   [0.5  ]]

  [[0.5  ]
   [0.5  ]
   [0.5  ]
   [0.5  ]
   [0.5  ]]

  [[0.5  ]
   [0.5  ]
   [0.5  ]
   [0.5  ]
   [0.5  ]]

  ...

  [[0.5  ]
   [0.5  ]
   [0.5  ]
   [0.5  ]
   [0.5  ]]

  [[0.5  ]
   [0.5  ]
   [0.5  ]
   [0.5  ]
   [0.5  ]]

  [[0.5  ]
   [0.5  ]
   [0.5  ]
   [0.5  ]
   [0.5  ]]]


 [[[0.001]
   [0.001]
   [0.001]
   [0.001]
   [0.001]]

  [[0.001]
   [0.001]
   [0.001]
   [0.001]
   [0.001]]

  [[0.001]
   [0.001]
   [0.001]
   [0.001]
   [0.001]]

  ...

  [[0.001]
   [0.001]
   [0.001]
   [0.001]
   [0.001]]

  [[0.001]
   [0.001]
   [0.001]
   [0.001]
   [0.001]]

  [[0.001]
   [0.001]
   [0.001]
   [0.001]
   [0.001]]]


 [[[0.001]
   [0.001]
   [0.001]
   [0.001]
   [0.001]]

  [[0.001]
   [0.001]
   [0.001]
   [0.001]
   [0.001]]

  [[0.001]
   [0.001]
   [0.001]
   [0.001]
   [0.001]]

  ...

  [[0.001]
   [0.001]
   [0.001]
   [0.001]
   [0.001]]

  [[0.001]
   [0.001]
   [0.001]
   [0.001]
   [0.001]]

  [[0.001]
   [0.001]
   [0.001]
   [0.001]
   [0.001]]]


 ...


 [[[0.001]
   [0.001]
   [0.001]
   [0.001]
   [0.001]]

  [[0.001]
   [0.001]
   [0.001]
   [0.001]
   [0.001]]

  [[0.001]
   [0.001]
   [0.001]
   [0.001]
   [0.001]]

  ...

  [[0.001]
   [0.001]
   [0.001]
   [0.001]
   [0.001]]

  [[0.001]
   [0.001]
   [0.001]
   [0.001]
   [0.001]]

  [[0.001]
   [0.001]
   [0.001]
   [0.001]
   [0.001]]]


 [[[0.001]
   [0.001]
   [0.001]
   [0.001]
   [0.001]]

  [[0.001]
   [0.001]
   [0.001]
   [0.001]
   [0.001]]

  [[0.001]
   [0.001]
   [0.001]
   [0.001]
   [0.001]]

  ...

  [[0.001]
   [0.001]
   [0.001]
   [0.001]
   [0.001]]

  [[0.001]
   [0.001]
   [0.001]
   [0.001]
   [0.001]]

  [[0.001]
   [0.001]
   [0.001]
   [0.001]
   [0.001]]]


 [[[0.001]
   [0.001]
   [0.001]
   [0.001]
   [0.001]]

  [[0.001]
   [0.001]
   [0.001]
   [0.001]
   [0.001]]

  [[0.001]
   [0.001]
   [0.001]
   [0.001]
   [0.001]]

  ...

  [[0.001]
   [0.001]
   [0.001]
   [0.001]
   [0.001]]

  [[0.001]
   [0.001]
   [0.001]
   [0.001]
   [0.001]]

  [[0.001]
   [0.001]
   [0.001]
   [0.001]
   [0.001]]]]","4D array with the drag coefficients of the airfoils. Dimension 0 is along the different airfoils defined in the yaml, dimension 1 is along the angles of attack, dimension 2 is along the Reynolds number, dimension 3 is along the number of tabs, which may describe multiple sets at the same station, for example in presence of a flap."
blade.interp_airfoils.cm,input,,"[[[[ 0.00000000e+00]
   [ 0.00000000e+00]
   [ 0.00000000e+00]
   [ 0.00000000e+00]
   [ 0.00000000e+00]]

  [[ 0.00000000e+00]
   [ 0.00000000e+00]
   [ 0.00000000e+00]
   [ 0.00000000e+00]
   [ 0.00000000e+00]]

  [[ 0.00000000e+00]
   [ 0.00000000e+00]
   [ 0.00000000e+00]
   [ 0.00000000e+00]
   [ 0.00000000e+00]]

  ...

  [[ 0.00000000e+00]
   [ 0.00000000e+00]
   [ 0.00000000e+00]
   [ 0.00000000e+00]
   [ 0.00000000e+00]]

  [[ 0.00000000e+00]
   [ 0.00000000e+00]
   [ 0.00000000e+00]
   [ 0.00000000e+00]
   [ 0.00000000e+00]]

  [[ 0.00000000e+00]
   [ 0.00000000e+00]
   [ 0.00000000e+00]
   [ 0.00000000e+00]
   [ 0.00000000e+00]]]


 [[[ 0.00000000e+00]
   [ 0.00000000e+00]
   [ 0.00000000e+00]
   [ 0.00000000e+00]
   [ 0.00000000e+00]]

  [[ 1.43186712e-01]
   [ 1.43186712e-01]
   [ 1.43186712e-01]
   [ 1.43186712e-01]
   [ 1.43186712e-01]]

  [[ 2.67081814e-01]
   [ 2.67081814e-01]
   [ 2.67081814e-01]
   [ 2.67081814e-01]
   [ 2.67081814e-01]]

  ...

  [[-3.58076394e-01]
   [-3.58076394e-01]
   [-3.58076394e-01]
   [-3.58076394e-01]
   [-3.58076394e-01]]

  [[-1.95896639e-01]
   [-1.95896639e-01]
   [-1.95896639e-01]
   [-1.95896639e-01]
   [-1.95896639e-01]]

  [[ 0.00000000e+00]
   [ 0.00000000e+00]
   [ 0.00000000e+00]
   [ 0.00000000e+00]
   [ 0.00000000e+00]]]


 [[[ 0.00000000e+00]
   [ 0.00000000e+00]
   [ 0.00000000e+00]
   [ 0.00000000e+00]
   [ 0.00000000e+00]]

  [[ 1.20000000e-01]
   [ 1.20000000e-01]
   [ 1.20000000e-01]
   [ 1.20000000e-01]
   [ 1.20000000e-01]]

  [[ 2.40000000e-01]
   [ 2.40000000e-01]
   [ 2.40000000e-01]
   [ 2.40000000e-01]
   [ 2.40000000e-01]]

  ...

  [[-3.00000000e-01]
   [-3.00000000e-01]
   [-3.00000000e-01]
   [-3.00000000e-01]
   [-3.00000000e-01]]

  [[-1.50000000e-01]
   [-1.50000000e-01]
   [-1.50000000e-01]
   [-1.50000000e-01]
   [-1.50000000e-01]]

  [[-1.92606959e-18]
   [-1.92606959e-18]
   [-1.92606959e-18]
   [-1.92606959e-18]
   [-1.92606959e-18]]]


 ...


 [[[ 0.00000000e+00]
   [ 0.00000000e+00]
   [ 0.00000000e+00]
   [ 0.00000000e+00]
   [ 0.00000000e+00]]

  [[ 1.20000000e-01]
   [ 1.20000000e-01]
   [ 1.20000000e-01]
   [ 1.20000000e-01]
   [ 1.20000000e-01]]

  [[ 2.40000000e-01]
   [ 2.40000000e-01]
   [ 2.40000000e-01]
   [ 2.40000000e-01]
   [ 2.40000000e-01]]

  ...

  [[-3.00000000e-01]
   [-3.00000000e-01]
   [-3.00000000e-01]
   [-3.00000000e-01]
   [-3.00000000e-01]]

  [[-1.50000000e-01]
   [-1.50000000e-01]
   [-1.50000000e-01]
   [-1.50000000e-01]
   [-1.50000000e-01]]

  [[-1.92606959e-18]
   [-1.92606959e-18]
   [-1.92606959e-18]
   [-1.92606959e-18]
   [-1.92606959e-18]]]


 [[[ 0.00000000e+00]
   [ 0.00000000e+00]
   [ 0.00000000e+00]
   [ 0.00000000e+00]
   [ 0.00000000e+00]]

  [[ 1.20000000e-01]
   [ 1.20000000e-01]
   [ 1.20000000e-01]
   [ 1.20000000e-01]
   [ 1.20000000e-01]]

  [[ 2.40000000e-01]
   [ 2.40000000e-01]
   [ 2.40000000e-01]
   [ 2.40000000e-01]
   [ 2.40000000e-01]]

  ...

  [[-3.00000000e-01]
   [-3.00000000e-01]
   [-3.00000000e-01]
   [-3.00000000e-01]
   [-3.00000000e-01]]

  [[-1.50000000e-01]
   [-1.50000000e-01]
   [-1.50000000e-01]
   [-1.50000000e-01]
   [-1.50000000e-01]]

  [[-1.92606959e-18]
   [-1.92606959e-18]
   [-1.92606959e-18]
   [-1.92606959e-18]
   [-1.92606959e-18]]]


 [[[ 0.00000000e+00]
   [ 0.00000000e+00]
   [ 0.00000000e+00]
   [ 0.00000000e+00]
   [ 0.00000000e+00]]

  [[ 1.20000000e-01]
   [ 1.20000000e-01]
   [ 1.20000000e-01]
   [ 1.20000000e-01]
   [ 1.20000000e-01]]

  [[ 2.40000000e-01]
   [ 2.40000000e-01]
   [ 2.40000000e-01]
   [ 2.40000000e-01]
   [ 2.40000000e-01]]

  ...

  [[-3.00000000e-01]
   [-3.00000000e-01]
   [-3.00000000e-01]
   [-3.00000000e-01]
   [-3.00000000e-01]]

  [[-1.50000000e-01]
   [-1.50000000e-01]
   [-1.50000000e-01]
   [-1.50000000e-01]
   [-1.50000000e-01]]

  [[-1.92606959e-18]
   [-1.92606959e-18]
   [-1.92606959e-18]
   [-1.92606959e-18]
   [-1.92606959e-18]]]]","4D array with the moment coefficients of the airfoils. Dimension 0 is along the different airfoils defined in the yaml, dimension 1 is along the angles of attack, dimension 2 is along the Reynolds number, dimension 3 is along the number of tabs, which may describe multiple sets at the same station, for example in presence of a flap."
blade.interp_airfoils.coord_xy,input,,"[[[ 1.00000000e+00  0.00000000e+00]
  [ 9.99429684e-01 -2.22597407e-02]
  [ 9.98063018e-01 -4.44580349e-02]
  ...
  [ 9.98120489e-01  4.38394581e-02]
  [ 9.99443038e-01  2.19496514e-02]
  [ 1.00000000e+00 -3.99929253e-18]]

 [[ 1.00000000e+00 -9.70000080e-03]
  [ 9.72814821e-01 -1.34271661e-02]
  [ 9.46027311e-01 -1.93111175e-02]
  ...
  [ 9.53709610e-01  3.92185257e-02]
  [ 9.77051006e-01  2.52011977e-02]
  [ 1.00000000e+00  1.05000009e-02]]

 [[ 1.00000000e+00 -7.00000069e-04]
  [ 9.74085396e-01 -2.58383565e-03]
  [ 9.48123482e-01 -3.51119300e-03]
  ...
  [ 9.50802168e-01  2.72787770e-02]
  [ 9.75412980e-01  2.01917140e-02]
  [ 1.00000000e+00  1.29800013e-02]]

 ...

 [[ 1.00000000e+00  4.25000005e-03]
  [ 9.82343459e-01 -7.44795812e-04]
  [ 9.57832160e-01  2.09748789e-03]
  ...
  [ 9.52346202e-01  1.38691659e-02]
  [ 9.76159823e-01  9.05592971e-03]
  [ 1.00000000e+00  4.25000005e-03]]

 [[ 1.00000000e+00  9.40000193e-04]
  [ 9.76796386e-01  1.78959118e-03]
  [ 9.52789587e-01  3.69235436e-03]
  ...
  [ 9.52386679e-01  9.04801677e-03]
  [ 9.76167957e-01  4.91788955e-03]
  [ 1.00000000e+00  9.40000193e-04]]

 [[ 1.00000001e+00  0.00000000e+00]
  [ 9.76685172e-01  3.75162959e-03]
  [ 9.53182649e-01  5.77797312e-03]
  ...
  [ 9.52998468e-01  1.22858505e-02]
  [ 9.76506126e-01  6.21827841e-03]
  [ 1.00000001e+00  2.13114815e-20]]]",3D array of the x and y airfoil coordinates of the n_af airfoils.
blade.interp_airfoils.name,input,n/a,"['circular', 'SNL-FFA-W3-500', 'FFA-W3-360', 'FFA-W3-301', 'FFA-W3-241', 'FFA-W3-211', 'NACA63-618']",1D array of names of airfoils.
blade.outer_shape_bem.s_default,output,,"[0.         0.03448276 0.06896552 0.10344828 0.13793103 0.17241379
 0.20689655 0.24137931 0.27586207 0.31034483 0.34482759 0.37931034
 0.4137931  0.44827586 0.48275862 0.51724138 0.55172414 0.5862069
 0.62068966 0.65517241 0.7        0.72413793 0.75862069 0.79310345
 0.82758621 0.86206897 0.89655172 0.93103448 0.96551724 1.        ]","1D array of the non-dimensional spanwise grid defined along blade axis (0-blade root, 1-blade tip)"
blade.outer_shape_bem.chord_yaml,output,m,"[4.5        4.51653455 4.59255455 4.72026865 4.75       4.75
 4.75       4.75       4.75       4.75       4.75       4.7
 4.64       4.48       4.30815493 4.07109567 3.83078655 3.59377787
 3.3535724  3.10972681 2.79010443 2.61780457 2.37255549 2.12536608
 1.87360817 1.6133977  1.34551447 1.07050448 0.78813172 0.5       ]",1D array of the chord values defined along blade span.
blade.outer_shape_bem.twist_yaml,output,rad,"[ 0.3491      0.32625117  0.30085553  0.27319561  0.24355395  0.2057759
  0.15761451  0.11369865  0.08888556  0.08740227  0.08747036  0.08755246
  0.08760935  0.08649735  0.08026523  0.07090719  0.06112253  0.05334186
  0.04683973  0.04037517  0.03044013  0.02356245  0.0096627  -0.00714598
 -0.02406408 -0.03833817 -0.05056212 -0.06194147 -0.07234987 -0.08166095]",1D array of the twist values defined along blade span. The twist is defined positive for negative rotations around the z axis (the same as in BeamDyn).
blade.outer_shape_bem.r_thick_yaml,output,,"[0. 0. 0. 0. 0. 0. 0. 0. 0. 0. 0. 0. 0. 0. 0. 0. 0. 0. 0. 0. 0. 0. 0. 0.
 0. 0. 0. 0. 0. 0.]",1D array of the relative thickness values defined along blade span.
blade.outer_shape_bem.pitch_axis_yaml,output,,"[0.5        0.49816955 0.48992341 0.47666778 0.47368421 0.47368421
 0.47368421 0.47368421 0.47368421 0.47368421 0.47368421 0.46808511
 0.4612069  0.44196429 0.43251806 0.42095775 0.41010371 0.40195138
 0.39522149 0.39116278 0.39008436 0.39134099 0.39523274 0.40007425
 0.40504215 0.41113787 0.41946139 0.43201533 0.45321411 0.5       ]","1D array of the chordwise position of the pitch axis (0-LE, 1-TE), defined along blade span."
blade.outer_shape_bem.ref_axis_yaml,output,m,"[[ 0.00000000e+00  0.00000000e+00  0.00000000e+00]
 [ 1.45896086e-02  0.00000000e+00  3.44814717e+00]
 [ 5.22230768e-02  0.00000000e+00  6.89629433e+00]
 [ 1.08141891e-01  0.00000000e+00  1.03444415e+01]
 [ 1.74250500e-01  0.00000000e+00  1.37925887e+01]
 [ 2.41136773e-01  0.00000000e+00  1.72407358e+01]
 [ 3.00085581e-01  0.00000000e+00  2.06888830e+01]
 [ 3.42651213e-01  0.00000000e+00  2.41370302e+01]
 [ 3.59821072e-01  0.00000000e+00  2.75851773e+01]
 [ 3.47586472e-01  0.00000000e+00  3.10333245e+01]
 [ 3.14508104e-01  0.00000000e+00  3.44814717e+01]
 [ 2.66858145e-01  0.00000000e+00  3.79296188e+01]
 [ 2.10870490e-01  0.00000000e+00  4.13777660e+01]
 [ 1.40477297e-01  0.00000000e+00  4.48259132e+01]
 [ 3.80470534e-02  0.00000000e+00  4.82740603e+01]
 [-9.07529186e-02  0.00000000e+00  5.17222075e+01]
 [-2.35123811e-01  0.00000000e+00  5.51703547e+01]
 [-3.94137332e-01  0.00000000e+00  5.86185018e+01]
 [-5.85777112e-01  0.00000000e+00  6.20666490e+01]
 [-8.05291806e-01  0.00000000e+00  6.55147962e+01]
 [-1.11555530e+00  0.00000000e+00  6.99973875e+01]
 [-1.29121723e+00  0.00000000e+00  7.24110905e+01]
 [-1.56372970e+00  0.00000000e+00  7.58592376e+01]
 [-1.85903588e+00  0.00000000e+00  7.93073848e+01]
 [-2.17067421e+00  0.00000000e+00  8.27555320e+01]
 [-2.49837779e+00  0.00000000e+00  8.62036791e+01]
 [-2.84335536e+00  0.00000000e+00  8.96518263e+01]
 [-3.20952152e+00  0.00000000e+00  9.30999735e+01]
 [-3.59684443e+00  0.00000000e+00  9.65481206e+01]
 [-4.00000000e+00  0.00000000e+00  9.99962678e+01]]","2D array of the coordinates (x,y,z) of the blade reference axis, defined along blade span. The coordinate system is the one of BeamDyn: it is placed at blade root with x pointing the suction side of the blade, y pointing the trailing edge and z along the blade span. A standard configuration will have negative x values (prebend), if swept positive y values, and positive z values."
blade.outer_shape_bem.span_end,input,,[],1D array of the positions along blade span where something (a DAC device?) starts and we want a grid point. Only values between 0 and 1 are meaningful.
blade.outer_shape_bem.span_ext,input,,[],1D array of the extensions along blade span where something (a DAC device?) lives and we want a grid point. Only values between 0 and 1 are meaningful.
blade.pa.s_opt_twist,input,,[0.         0.33333333 0.66666667 1.        ],1D array of the non-dimensional spanwise grid defined along blade axis to optimize the blade twist angle
blade.pa.twist_opt,input,rad,[ 0.3491      0.08744168  0.03805128 -0.08166095],1D array of the twist angle being optimized at the n_opt locations.
blade.pa.s_opt_chord,input,,"[0.         0.03448276 0.06896552 0.10344828 0.13793103 0.17241379
 0.20689655 0.24137931 0.27586207 0.31034483 0.34482759 0.37931034
 0.4137931  0.44827586 0.48275862 0.51724138 0.55172414 0.5862069
 0.62068966 0.65517241 0.68965517 0.72413793 0.75862069 0.79310345
 0.82758621 0.86206897 0.89655172 0.93103448 0.96551724 1.        ]",1D array of the non-dimensional spanwise grid defined along blade axis to optimize the blade chord
blade.pa.chord_opt,input,m,"[4.5        4.51653455 4.59255455 4.72026865 4.75       4.75
 4.75       4.75       4.75       4.75       4.75       4.7
 4.64       4.48       4.30815493 4.07109567 3.83078655 3.59377787
 3.3535724  3.10972681 2.86394905 2.61780457 2.37255549 2.12536608
 1.87360817 1.6133977  1.34551447 1.07050448 0.78813172 0.5       ]",1D array of the chord being optimized at the n_opt locations.
blade.ps.layer_thickness_original,input,m,"[[ 1.00000000e-03  1.00000000e-03  1.00000000e-03  1.00000000e-03
   1.00000000e-03  1.00000000e-03  1.00000000e-03  1.00000000e-03
   1.00000000e-03  1.00000000e-03  1.00000000e-03  1.00000000e-03
   1.00000000e-03  1.00000000e-03  1.00000000e-03  1.00000000e-03
   1.00000000e-03  1.00000000e-03  1.00000000e-03  1.00000000e-03
   1.00000000e-03  1.00000000e-03  1.00000000e-03  1.00000000e-03
   1.00000000e-03  1.00000000e-03  1.00000000e-03  1.00000000e-03
   1.00000000e-03  1.00000000e-03]
 [ 4.10000000e-02  3.30000000e-02  2.60000000e-02  2.00000000e-02
   1.50000000e-02  1.10000000e-02  8.28454072e-03  6.51243402e-03
   5.36207752e-03  4.70247504e-03  4.40263040e-03  4.33154742e-03
   4.35822991e-03  4.35168169e-03  4.30702965e-03  4.21940069e-03
   4.08392168e-03  3.89571952e-03  3.64992111e-03  3.34165333e-03
   2.86491152e-03  2.57935592e-03  2.14614940e-03  1.69211977e-03
   1.22767857e-03  1.00000000e-03  1.00000000e-03  1.00000000e-03
   1.00000000e-03  1.00000000e-03]
 [ 0.00000000e+00  1.03638639e-02  1.80212345e-02  2.53616596e-02
   3.20681938e-02  3.78238917e-02  4.23118077e-02  4.52149966e-02
   4.62165127e-02  4.56952678e-02  4.40301733e-02  4.16001409e-02
   3.87840821e-02  3.59609085e-02  3.35095318e-02  3.13580743e-02
   2.94346583e-02  2.76674064e-02  2.59844408e-02  2.43138839e-02
   2.20549123e-02  2.08042751e-02  1.89850461e-02  1.71360827e-02
   1.52672963e-02  1.33885984e-02  1.15099005e-02  9.63120264e-03
   7.75250477e-03  5.87380689e-03]
 [ 0.00000000e+00  1.24780597e-02  1.76115740e-02  2.27450883e-02
   2.76641755e-02  3.21544085e-02  3.60013601e-02  3.89906033e-02
   4.09077110e-02  4.15382560e-02  4.11017265e-02  3.98176106e-02
   3.79053964e-02  3.55845720e-02  3.30746256e-02  3.05950453e-02
   2.81565527e-02  2.57698696e-02  2.34457177e-02  2.11948185e-02
   1.83968865e-02  1.69556653e-02  1.49623503e-02  1.30321660e-02
   1.11493299e-02  9.29805909e-03  7.46257101e-03  5.62708293e-03
   3.79159485e-03  1.95610677e-03]
 [ 0.00000000e+00  0.00000000e+00  0.00000000e+00  0.00000000e+00
   0.00000000e+00  0.00000000e+00  0.00000000e+00  0.00000000e+00
   0.00000000e+00  0.00000000e+00  0.00000000e+00  0.00000000e+00
   0.00000000e+00  0.00000000e+00  0.00000000e+00  0.00000000e+00
   0.00000000e+00  0.00000000e+00  0.00000000e+00  1.00000000e-03
   5.00000000e-02  1.00000000e-03 -8.13151629e-20  0.00000000e+00
   0.00000000e+00  0.00000000e+00  0.00000000e+00  0.00000000e+00
   0.00000000e+00  0.00000000e+00]
 [ 0.00000000e+00  0.00000000e+00  0.00000000e+00  0.00000000e+00
   0.00000000e+00  0.00000000e+00  0.00000000e+00  0.00000000e+00
   0.00000000e+00  0.00000000e+00  0.00000000e+00  0.00000000e+00
   0.00000000e+00  0.00000000e+00  0.00000000e+00  0.00000000e+00
   0.00000000e+00  0.00000000e+00  0.00000000e+00  1.00000000e-03
   5.00000000e-02  1.00000000e-03 -8.13151629e-20  0.00000000e+00
   0.00000000e+00  0.00000000e+00  0.00000000e+00  0.00000000e+00
   0.00000000e+00  0.00000000e+00]
 [ 0.00000000e+00  0.00000000e+00  6.65003373e-03  8.14812366e-03
   9.64621359e-03  1.11443035e-02  1.26025620e-02  1.39811575e-02
   1.52402586e-02  1.63400338e-02  1.72406517e-02  1.79022807e-02
   1.83276090e-02  1.85193246e-02  1.84801155e-02  1.82126698e-02
   1.77196757e-02  1.70038210e-02  1.61057826e-02  1.50662370e-02
   1.35708454e-02  1.27253309e-02  1.15053236e-02  1.03065158e-02
   9.12537420e-03  7.95836553e-03  6.80195656e-03  5.65261407e-03
   4.50680481e-03  3.36099555e-03]
 [ 0.00000000e+00  0.00000000e+00  2.33432275e-02  2.51480648e-02
   2.69529021e-02  2.87577394e-02  3.05625767e-02  3.23674140e-02
   3.39953792e-02  3.52696003e-02  3.60132052e-02  3.60493218e-02
   3.52010780e-02  3.32916017e-02  3.05938669e-02  2.73808473e-02
   2.39255169e-02  2.05008494e-02  1.73798187e-02  1.48353987e-02
   1.22323494e-02  1.10919834e-02  9.70078471e-03  8.50178952e-03
   7.39889612e-03  6.29600271e-03  5.19310930e-03  4.09021589e-03
   2.98732248e-03 -2.16840434e-19]
 [ 0.00000000e+00  0.00000000e+00  2.33432275e-02  2.51480648e-02
   2.69529021e-02  2.87577394e-02  3.05625767e-02  3.23674140e-02
   3.39953792e-02  3.52696003e-02  3.60132052e-02  3.60493218e-02
   3.52010780e-02  3.32916017e-02  3.05938669e-02  2.73808473e-02
   2.39255169e-02  2.05008494e-02  1.73798187e-02  1.48353987e-02
   1.22323494e-02  1.10919834e-02  9.70078471e-03  8.50178952e-03
   7.39889612e-03  6.29600271e-03  5.19310930e-03  4.09021589e-03
   2.98732248e-03 -2.16840434e-19]
 [ 0.00000000e+00  0.00000000e+00  1.86402175e-02  2.29043857e-02
   2.71685539e-02  3.12820798e-02  3.50943212e-02  3.84546359e-02
   4.12123815e-02  4.32169158e-02  4.43175966e-02  4.46317757e-02
   4.42768050e-02  4.33700364e-02  4.20288217e-02  4.03705128e-02
   3.85124616e-02  3.64638788e-02  3.42339751e-02  3.18319613e-02
   2.84675254e-02  2.65484460e-02  2.36853660e-02  2.07018877e-02
   1.76220907e-02  1.44700547e-02  1.12698594e-02  8.04558436e-03
   4.82130936e-03  1.59703436e-03]
 [ 0.00000000e+00  0.00000000e+00  1.06783227e-02  1.30277497e-02
   1.53771767e-02  1.77266036e-02  2.00760306e-02  2.23436643e-02
   2.44477114e-02  2.63063787e-02  2.78378729e-02  2.89604006e-02
   2.95921686e-02  2.97916789e-02  2.96174332e-02  2.91279335e-02
   2.83816816e-02  2.74371794e-02  2.63529289e-02  2.51106409e-02
   2.32295708e-02  2.20787956e-02  2.02526601e-02  1.81953304e-02
   1.58885175e-02  1.33738018e-02  1.06927639e-02  7.88698432e-03
   4.99804368e-03  2.06752250e-03]
 [ 0.00000000e+00  0.00000000e+00  1.17141324e-02  1.47649473e-02
   1.78157623e-02  2.08665773e-02  2.39173922e-02  2.69682072e-02
   3.00190222e-02  3.29529872e-02  3.56532524e-02  3.80029677e-02
   3.98852833e-02  4.11833493e-02  4.17803156e-02  4.17273646e-02
   4.10756783e-02  3.98764390e-02  3.81808288e-02  3.60400301e-02
   3.26797937e-02  3.06420809e-02  2.75162660e-02  2.41934479e-02
   2.07392943e-02  1.72194730e-02  1.36996517e-02  1.01798304e-02
   6.66000904e-03  3.14018771e-03]
 [ 0.00000000e+00  0.00000000e+00  3.59873815e-02  4.39773438e-02
   5.19673061e-02  5.96302097e-02  6.66389959e-02  7.26666060e-02
   7.73859813e-02  8.04700630e-02  8.15917924e-02  8.09966867e-02
   7.89302631e-02  7.56380387e-02  7.13655306e-02  6.63582560e-02
   6.08617321e-02  5.50357312e-02  4.90400260e-02  4.30343888e-02
   3.54771595e-02  3.16324086e-02  2.65556105e-02  2.18699671e-02
   1.74972473e-02  1.33592202e-02  9.37765500e-03  5.47432071e-03
   1.57098642e-03  1.00000000e-03]
 [ 4.10000000e-02  3.30000000e-02  2.60000000e-02  2.00000000e-02
   1.53156219e-02  1.26140524e-02  1.00892854e-02  7.82972209e-03
   5.92376367e-03  4.45981139e-03  3.52626648e-03  3.01625067e-03
   2.82288569e-03  2.83929329e-03  2.95859519e-03  3.07391313e-03
   3.07836885e-03  2.99303427e-03  2.83898133e-03  2.63728196e-03
   2.33877707e-03  2.17523163e-03  1.95702453e-03  1.75179189e-03
   1.55693882e-03  1.36987043e-03  1.18799183e-03  1.00870812e-03
   1.00000000e-03  1.00000000e-03]
 [ 0.00000000e+00  0.00000000e+00  0.00000000e+00  2.16422907e-03
   2.21016153e-03  2.25609398e-03  2.30202643e-03  2.34795888e-03
   2.38578561e-03  2.40740088e-03  2.40469897e-03  2.36957416e-03
   2.29392070e-03  2.16963289e-03  2.01292217e-03  1.84000000e-03
   1.66707783e-03  1.51036711e-03  1.38607930e-03  1.31042584e-03
   1.27397979e-03  1.27259912e-03  1.29421439e-03  1.33204112e-03
   1.37797357e-03  1.42390602e-03  1.46983847e-03  1.51577093e-03
   1.56170338e-03  1.08420217e-19]
 [ 0.00000000e+00  0.00000000e+00  0.00000000e+00  3.74890612e-02
   3.61172335e-02  3.47454058e-02  3.33630956e-02  3.19598202e-02
   3.05250972e-02  2.90484440e-02  2.75193780e-02  2.59274168e-02
   2.43374498e-02  2.28143666e-02  2.14230569e-02  2.02284101e-02
   1.92953159e-02  1.86886639e-02  1.83467902e-02  1.82080313e-02
   2.00000000e-02  2.00000000e-02  2.00000000e-02  2.00000000e-02
   2.00000000e-02  2.00000000e-02  2.00000000e-02  2.00000000e-02
   2.00000000e-02  5.20417043e-18]
 [ 0.00000000e+00  0.00000000e+00  0.00000000e+00  2.07236417e-03
   2.11829662e-03  2.16422907e-03  2.21016153e-03  2.25609398e-03
   2.30202643e-03  2.34795888e-03  2.38578561e-03  2.40740088e-03
   2.40469897e-03  2.36957416e-03  2.29392070e-03  2.16963289e-03
   2.01292217e-03  1.84000000e-03  1.66707783e-03  1.51036711e-03
   1.35893442e-03  1.31042584e-03  1.27530103e-03  1.27259912e-03
   1.29421439e-03  1.33204112e-03  1.37797357e-03  1.42390602e-03
   1.46983847e-03  1.08420217e-19]
 [ 0.00000000e+00  0.00000000e+00  0.00000000e+00  2.51759997e-03
   2.44512991e-03  2.37265986e-03  2.30018980e-03  2.22771975e-03
   2.15449048e-03  2.07974278e-03  2.00271744e-03  1.92265525e-03
   1.83879698e-03  1.75038343e-03  1.66146746e-03  1.57610193e-03
   1.49833970e-03  1.43223365e-03  1.38183663e-03  1.35120150e-03
   1.33654766e-03  1.33604234e-03  1.34493101e-03  1.36040697e-03
   1.37917659e-03  1.39794620e-03  1.41671582e-03  1.43548543e-03
   1.45425505e-03  2.16840434e-19]
 [ 0.00000000e+00  0.00000000e+00  0.00000000e+00  3.77066146e-02
   3.63461220e-02  3.49856293e-02  3.36139152e-02  3.22197581e-02
   3.07919366e-02  2.93192293e-02  2.77904146e-02  2.61942712e-02
   2.45955568e-02  2.30590296e-02  2.16494473e-02  2.04315680e-02
   2.00000000e-02  2.00000000e-02  2.00000000e-02  2.00000000e-02
   2.00000000e-02  2.00000000e-02  2.00000000e-02  2.00000000e-02
   2.00000000e-02  2.00000000e-02  2.00000000e-02  2.00000000e-02
   2.00000000e-02  5.20417043e-18]
 [ 0.00000000e+00  0.00000000e+00  0.00000000e+00  2.66254008e-03
   2.59007002e-03  2.51759997e-03  2.44512991e-03  2.37265986e-03
   2.30018980e-03  2.22771975e-03  2.15449048e-03  2.07974278e-03
   2.00271744e-03  1.92265525e-03  1.83879698e-03  1.75038343e-03
   1.66146746e-03  1.57610193e-03  1.49833970e-03  1.43223365e-03
   1.37083839e-03  1.35120150e-03  1.33703462e-03  1.33604234e-03
   1.34493101e-03  1.36040697e-03  1.37917659e-03  1.39794620e-03
   1.41671582e-03  3.25260652e-19]]","2D array of the thickness of the layers of the blade structure. The first dimension represents each layer, the second dimension represents each entry along blade span."
blade.ps.s_opt_layer_0,input,,"[0.         0.03448276 0.06896552 0.10344828 0.13793103 0.17241379
 0.20689655 0.24137931 0.27586207 0.31034483 0.34482759 0.37931034
 0.4137931  0.44827586 0.48275862 0.51724138 0.55172414 0.5862069
 0.62068966 0.65517241 0.68965517 0.72413793 0.75862069 0.79310345
 0.82758621 0.86206897 0.89655172 0.93103448 0.96551724 1.        ]",
blade.ps.layer_0_opt,input,m,"[0.001 0.001 0.001 0.001 0.001 0.001 0.001 0.001 0.001 0.001 0.001 0.001
 0.001 0.001 0.001 0.001 0.001 0.001 0.001 0.001 0.001 0.001 0.001 0.001
 0.001 0.001 0.001 0.001 0.001 0.001]",
blade.ps.s_opt_layer_1,input,,"[0.         0.03448276 0.06896552 0.10344828 0.13793103 0.17241379
 0.20689655 0.24137931 0.27586207 0.31034483 0.34482759 0.37931034
 0.4137931  0.44827586 0.48275862 0.51724138 0.55172414 0.5862069
 0.62068966 0.65517241 0.68965517 0.72413793 0.75862069 0.79310345
 0.82758621 0.86206897 0.89655172 0.93103448 0.96551724 1.        ]",
blade.ps.layer_1_opt,input,m,"[0.041      0.033      0.026      0.02       0.015      0.011
 0.00828454 0.00651243 0.00536208 0.00470248 0.00440263 0.00433155
 0.00435823 0.00435168 0.00430703 0.0042194  0.00408392 0.00389572
 0.00364992 0.00334165 0.00298133 0.00257936 0.00214615 0.00169212
 0.00122768 0.001      0.001      0.001      0.001      0.001     ]",
blade.ps.s_opt_layer_2,input,,"[0.         0.03448276 0.06896552 0.10344828 0.13793103 0.17241379
 0.20689655 0.24137931 0.27586207 0.31034483 0.34482759 0.37931034
 0.4137931  0.44827586 0.48275862 0.51724138 0.55172414 0.5862069
 0.62068966 0.65517241 0.68965517 0.72413793 0.75862069 0.79310345
 0.82758621 0.86206897 0.89655172 0.93103448 0.96551724 1.        ]",
blade.ps.layer_2_opt,input,m,"[0.         0.01036386 0.01802123 0.02536166 0.03206819 0.03782389
 0.04231181 0.045215   0.04621651 0.04569527 0.04403017 0.04160014
 0.03878408 0.03596091 0.03350953 0.03135807 0.02943466 0.02766741
 0.02598444 0.02431388 0.02258386 0.02080428 0.01898505 0.01713608
 0.0152673  0.0133886  0.0115099  0.0096312  0.0077525  0.00587381]",
blade.ps.s_opt_layer_3,input,,"[0.         0.03448276 0.06896552 0.10344828 0.13793103 0.17241379
 0.20689655 0.24137931 0.27586207 0.31034483 0.34482759 0.37931034
 0.4137931  0.44827586 0.48275862 0.51724138 0.55172414 0.5862069
 0.62068966 0.65517241 0.68965517 0.72413793 0.75862069 0.79310345
 0.82758621 0.86206897 0.89655172 0.93103448 0.96551724 1.        ]",
blade.ps.layer_3_opt,input,m,"[0.         0.01247806 0.01761157 0.02274509 0.02766418 0.03215441
 0.03600136 0.0389906  0.04090771 0.04153826 0.04110173 0.03981761
 0.0379054  0.03558457 0.03307463 0.03059505 0.02815655 0.02576987
 0.02344572 0.02119482 0.01902789 0.01695567 0.01496235 0.01303217
 0.01114933 0.00929806 0.00746257 0.00562708 0.00379159 0.00195611]",
blade.ps.s_opt_layer_4,input,,"[0.         0.03448276 0.06896552 0.10344828 0.13793103 0.17241379
 0.20689655 0.24137931 0.27586207 0.31034483 0.34482759 0.37931034
 0.4137931  0.44827586 0.48275862 0.51724138 0.55172414 0.5862069
 0.62068966 0.65517241 0.68965517 0.72413793 0.75862069 0.79310345
 0.82758621 0.86206897 0.89655172 0.93103448 0.96551724 1.        ]",
blade.ps.layer_4_opt,input,m,"[ 0.00000000e+00  0.00000000e+00  0.00000000e+00  0.00000000e+00
  0.00000000e+00  0.00000000e+00  0.00000000e+00  0.00000000e+00
  0.00000000e+00  0.00000000e+00  0.00000000e+00  0.00000000e+00
  0.00000000e+00  0.00000000e+00  0.00000000e+00  0.00000000e+00
  0.00000000e+00  0.00000000e+00  0.00000000e+00  1.00000000e-03
  4.34756148e-02  1.00000000e-03 -8.13151629e-20  0.00000000e+00
  0.00000000e+00  0.00000000e+00  0.00000000e+00  0.00000000e+00
  0.00000000e+00  0.00000000e+00]",
blade.ps.s_opt_layer_5,input,,"[0.         0.03448276 0.06896552 0.10344828 0.13793103 0.17241379
 0.20689655 0.24137931 0.27586207 0.31034483 0.34482759 0.37931034
 0.4137931  0.44827586 0.48275862 0.51724138 0.55172414 0.5862069
 0.62068966 0.65517241 0.68965517 0.72413793 0.75862069 0.79310345
 0.82758621 0.86206897 0.89655172 0.93103448 0.96551724 1.        ]",
blade.ps.layer_5_opt,input,m,"[ 0.00000000e+00  0.00000000e+00  0.00000000e+00  0.00000000e+00
  0.00000000e+00  0.00000000e+00  0.00000000e+00  0.00000000e+00
  0.00000000e+00  0.00000000e+00  0.00000000e+00  0.00000000e+00
  0.00000000e+00  0.00000000e+00  0.00000000e+00  0.00000000e+00
  0.00000000e+00  0.00000000e+00  0.00000000e+00  1.00000000e-03
  4.34756148e-02  1.00000000e-03 -8.13151629e-20  0.00000000e+00
  0.00000000e+00  0.00000000e+00  0.00000000e+00  0.00000000e+00
  0.00000000e+00  0.00000000e+00]",
blade.ps.s_opt_layer_6,input,,"[0.         0.03448276 0.06896552 0.10344828 0.13793103 0.17241379
 0.20689655 0.24137931 0.27586207 0.31034483 0.34482759 0.37931034
 0.4137931  0.44827586 0.48275862 0.51724138 0.55172414 0.5862069
 0.62068966 0.65517241 0.68965517 0.72413793 0.75862069 0.79310345
 0.82758621 0.86206897 0.89655172 0.93103448 0.96551724 1.        ]",
blade.ps.layer_6_opt,input,m,"[0.         0.         0.00665003 0.00814812 0.00964621 0.0111443
 0.01260256 0.01398116 0.01524026 0.01634003 0.01724065 0.01790228
 0.01832761 0.01851932 0.01848012 0.01821267 0.01771968 0.01700382
 0.01610578 0.01506624 0.01392586 0.01272533 0.01150532 0.01030652
 0.00912537 0.00795837 0.00680196 0.00565261 0.0045068  0.003361  ]",
blade.ps.s_opt_layer_7,input,,"[0.         0.03448276 0.06896552 0.10344828 0.13793103 0.17241379
 0.20689655 0.24137931 0.27586207 0.31034483 0.34482759 0.37931034
 0.4137931  0.44827586 0.48275862 0.51724138 0.55172414 0.5862069
 0.62068966 0.65517241 0.68965517 0.72413793 0.75862069 0.79310345
 0.82758621 0.86206897 0.89655172 0.93103448 0.96551724 1.        ]",
blade.ps.layer_7_opt,input,m,"[ 0.00000000e+00  0.00000000e+00  2.33432275e-02  2.51480648e-02
  2.69529021e-02  2.87577394e-02  3.05625767e-02  3.23674140e-02
  3.39953792e-02  3.52696003e-02  3.60132052e-02  3.60493218e-02
  3.52010780e-02  3.32916017e-02  3.05938669e-02  2.73808473e-02
  2.39255169e-02  2.05008494e-02  1.73798187e-02  1.48353987e-02
  1.27714875e-02  1.10919834e-02  9.70078471e-03  8.50178952e-03
  7.39889612e-03  6.29600271e-03  5.19310930e-03  4.09021589e-03
  2.98732248e-03 -2.16840434e-19]",
blade.ps.s_opt_layer_8,input,,"[0.         0.03448276 0.06896552 0.10344828 0.13793103 0.17241379
 0.20689655 0.24137931 0.27586207 0.31034483 0.34482759 0.37931034
 0.4137931  0.44827586 0.48275862 0.51724138 0.55172414 0.5862069
 0.62068966 0.65517241 0.68965517 0.72413793 0.75862069 0.79310345
 0.82758621 0.86206897 0.89655172 0.93103448 0.96551724 1.        ]",
blade.ps.layer_8_opt,input,m,"[ 0.00000000e+00  0.00000000e+00  2.33432275e-02  2.51480648e-02
  2.69529021e-02  2.87577394e-02  3.05625767e-02  3.23674140e-02
  3.39953792e-02  3.52696003e-02  3.60132052e-02  3.60493218e-02
  3.52010780e-02  3.32916017e-02  3.05938669e-02  2.73808473e-02
  2.39255169e-02  2.05008494e-02  1.73798187e-02  1.48353987e-02
  1.27714875e-02  1.10919834e-02  9.70078471e-03  8.50178952e-03
  7.39889612e-03  6.29600271e-03  5.19310930e-03  4.09021589e-03
  2.98732248e-03 -2.16840434e-19]",
blade.ps.s_opt_layer_9,input,,"[0.         0.03448276 0.06896552 0.10344828 0.13793103 0.17241379
 0.20689655 0.24137931 0.27586207 0.31034483 0.34482759 0.37931034
 0.4137931  0.44827586 0.48275862 0.51724138 0.55172414 0.5862069
 0.62068966 0.65517241 0.68965517 0.72413793 0.75862069 0.79310345
 0.82758621 0.86206897 0.89655172 0.93103448 0.96551724 1.        ]",
blade.ps.layer_9_opt,input,m,"[0.         0.         0.01864022 0.02290439 0.02716855 0.03128208
 0.03509432 0.03845464 0.04121238 0.04321692 0.0443176  0.04463178
 0.04427681 0.04337004 0.04202882 0.04037051 0.03851246 0.03646388
 0.03423398 0.03183196 0.02926705 0.02654845 0.02368537 0.02070189
 0.01762209 0.01447005 0.01126986 0.00804558 0.00482131 0.00159703]",
blade.ps.s_opt_layer_10,input,,"[0.         0.03448276 0.06896552 0.10344828 0.13793103 0.17241379
 0.20689655 0.24137931 0.27586207 0.31034483 0.34482759 0.37931034
 0.4137931  0.44827586 0.48275862 0.51724138 0.55172414 0.5862069
 0.62068966 0.65517241 0.68965517 0.72413793 0.75862069 0.79310345
 0.82758621 0.86206897 0.89655172 0.93103448 0.96551724 1.        ]",
blade.ps.layer_10_opt,input,m,"[0.         0.         0.01067832 0.01302775 0.01537718 0.0177266
 0.02007603 0.02234366 0.02444771 0.02630638 0.02783787 0.0289604
 0.02959217 0.02979168 0.02961743 0.02912793 0.02838168 0.02743718
 0.02635293 0.02511064 0.02369203 0.0220788  0.02025266 0.01819533
 0.01588852 0.0133738  0.01069276 0.00788698 0.00499804 0.00206752]",
blade.ps.s_opt_layer_11,input,,"[0.         0.03448276 0.06896552 0.10344828 0.13793103 0.17241379
 0.20689655 0.24137931 0.27586207 0.31034483 0.34482759 0.37931034
 0.4137931  0.44827586 0.48275862 0.51724138 0.55172414 0.5862069
 0.62068966 0.65517241 0.68965517 0.72413793 0.75862069 0.79310345
 0.82758621 0.86206897 0.89655172 0.93103448 0.96551724 1.        ]",
blade.ps.layer_11_opt,input,m,"[0.         0.         0.01171413 0.01476495 0.01781576 0.02086658
 0.02391739 0.02696821 0.03001902 0.03295299 0.03565325 0.03800297
 0.03988528 0.04118335 0.04178032 0.04172736 0.04107568 0.03987644
 0.03818083 0.03604003 0.03350522 0.03064208 0.02751627 0.02419345
 0.02073929 0.01721947 0.01369965 0.01017983 0.00666001 0.00314019]",
blade.ps.s_opt_layer_12,input,,"[0.         0.03448276 0.06896552 0.10344828 0.13793103 0.17241379
 0.20689655 0.24137931 0.27586207 0.31034483 0.34482759 0.37931034
 0.4137931  0.44827586 0.48275862 0.51724138 0.55172414 0.5862069
 0.62068966 0.65517241 0.68965517 0.72413793 0.75862069 0.79310345
 0.82758621 0.86206897 0.89655172 0.93103448 0.96551724 1.        ]",
blade.ps.layer_12_opt,input,m,"[0.         0.         0.03598738 0.04397734 0.05196731 0.05963021
 0.066639   0.07266661 0.07738598 0.08047006 0.08159179 0.08099669
 0.07893026 0.07563804 0.07136553 0.06635826 0.06086173 0.05503573
 0.04904003 0.04303439 0.03717859 0.03163241 0.02655561 0.02186997
 0.01749725 0.01335922 0.00937765 0.00547432 0.00157099 0.001     ]",
blade.ps.s_opt_layer_13,input,,"[0.         0.03448276 0.06896552 0.10344828 0.13793103 0.17241379
 0.20689655 0.24137931 0.27586207 0.31034483 0.34482759 0.37931034
 0.4137931  0.44827586 0.48275862 0.51724138 0.55172414 0.5862069
 0.62068966 0.65517241 0.68965517 0.72413793 0.75862069 0.79310345
 0.82758621 0.86206897 0.89655172 0.93103448 0.96551724 1.        ]",
blade.ps.layer_13_opt,input,m,"[0.041      0.033      0.026      0.02       0.01531562 0.01261405
 0.01008929 0.00782972 0.00592376 0.00445981 0.00352627 0.00301625
 0.00282289 0.00283929 0.0029586  0.00307391 0.00307837 0.00299303
 0.00283898 0.00263728 0.00240901 0.00217523 0.00195702 0.00175179
 0.00155694 0.00136987 0.00118799 0.00100871 0.001      0.001     ]",
blade.ps.s_opt_layer_14,input,,"[0.         0.03448276 0.06896552 0.10344828 0.13793103 0.17241379
 0.20689655 0.24137931 0.27586207 0.31034483 0.34482759 0.37931034
 0.4137931  0.44827586 0.48275862 0.51724138 0.55172414 0.5862069
 0.62068966 0.65517241 0.68965517 0.72413793 0.75862069 0.79310345
 0.82758621 0.86206897 0.89655172 0.93103448 0.96551724 1.        ]",
blade.ps.layer_14_opt,input,m,"[0.00000000e+00 0.00000000e+00 0.00000000e+00 2.16422907e-03
 2.21016153e-03 2.25609398e-03 2.30202643e-03 2.34795888e-03
 2.38578561e-03 2.40740088e-03 2.40469897e-03 2.36957416e-03
 2.29392070e-03 2.16963289e-03 2.01292217e-03 1.84000000e-03
 1.66707783e-03 1.51036711e-03 1.38607930e-03 1.31042584e-03
 1.27530103e-03 1.27259912e-03 1.29421439e-03 1.33204112e-03
 1.37797357e-03 1.42390602e-03 1.46983847e-03 1.51577093e-03
 1.56170338e-03 1.08420217e-19]",
blade.ps.s_opt_layer_15,input,,"[0.         0.03448276 0.06896552 0.10344828 0.13793103 0.17241379
 0.20689655 0.24137931 0.27586207 0.31034483 0.34482759 0.37931034
 0.4137931  0.44827586 0.48275862 0.51724138 0.55172414 0.5862069
 0.62068966 0.65517241 0.68965517 0.72413793 0.75862069 0.79310345
 0.82758621 0.86206897 0.89655172 0.93103448 0.96551724 1.        ]",
blade.ps.layer_15_opt,input,m,"[0.00000000e+00 0.00000000e+00 0.00000000e+00 3.74890612e-02
 3.61172335e-02 3.47454058e-02 3.33630956e-02 3.19598202e-02
 3.05250972e-02 2.90484440e-02 2.75193780e-02 2.59274168e-02
 2.43374498e-02 2.28143666e-02 2.14230569e-02 2.02284101e-02
 1.92953159e-02 1.86886639e-02 1.83467902e-02 1.82080313e-02
 2.00000000e-02 2.00000000e-02 2.00000000e-02 2.00000000e-02
 2.00000000e-02 2.00000000e-02 2.00000000e-02 2.00000000e-02
 2.00000000e-02 5.20417043e-18]",
blade.ps.s_opt_layer_16,input,,"[0.         0.03448276 0.06896552 0.10344828 0.13793103 0.17241379
 0.20689655 0.24137931 0.27586207 0.31034483 0.34482759 0.37931034
 0.4137931  0.44827586 0.48275862 0.51724138 0.55172414 0.5862069
 0.62068966 0.65517241 0.68965517 0.72413793 0.75862069 0.79310345
 0.82758621 0.86206897 0.89655172 0.93103448 0.96551724 1.        ]",
blade.ps.layer_16_opt,input,m,"[0.00000000e+00 0.00000000e+00 0.00000000e+00 2.07236417e-03
 2.11829662e-03 2.16422907e-03 2.21016153e-03 2.25609398e-03
 2.30202643e-03 2.34795888e-03 2.38578561e-03 2.40740088e-03
 2.40469897e-03 2.36957416e-03 2.29392070e-03 2.16963289e-03
 2.01292217e-03 1.84000000e-03 1.66707783e-03 1.51036711e-03
 1.38607930e-03 1.31042584e-03 1.27530103e-03 1.27259912e-03
 1.29421439e-03 1.33204112e-03 1.37797357e-03 1.42390602e-03
 1.46983847e-03 1.08420217e-19]",
blade.ps.s_opt_layer_17,input,,"[0.         0.03448276 0.06896552 0.10344828 0.13793103 0.17241379
 0.20689655 0.24137931 0.27586207 0.31034483 0.34482759 0.37931034
 0.4137931  0.44827586 0.48275862 0.51724138 0.55172414 0.5862069
 0.62068966 0.65517241 0.68965517 0.72413793 0.75862069 0.79310345
 0.82758621 0.86206897 0.89655172 0.93103448 0.96551724 1.        ]",
blade.ps.layer_17_opt,input,m,"[0.00000000e+00 0.00000000e+00 0.00000000e+00 2.51759997e-03
 2.44512991e-03 2.37265986e-03 2.30018980e-03 2.22771975e-03
 2.15449048e-03 2.07974278e-03 2.00271744e-03 1.92265525e-03
 1.83879698e-03 1.75038343e-03 1.66146746e-03 1.57610193e-03
 1.49833970e-03 1.43223365e-03 1.38183663e-03 1.35120150e-03
 1.33703462e-03 1.33604234e-03 1.34493101e-03 1.36040697e-03
 1.37917659e-03 1.39794620e-03 1.41671582e-03 1.43548543e-03
 1.45425505e-03 2.16840434e-19]",
blade.ps.s_opt_layer_18,input,,"[0.         0.03448276 0.06896552 0.10344828 0.13793103 0.17241379
 0.20689655 0.24137931 0.27586207 0.31034483 0.34482759 0.37931034
 0.4137931  0.44827586 0.48275862 0.51724138 0.55172414 0.5862069
 0.62068966 0.65517241 0.68965517 0.72413793 0.75862069 0.79310345
 0.82758621 0.86206897 0.89655172 0.93103448 0.96551724 1.        ]",
blade.ps.layer_18_opt,input,m,"[0.00000000e+00 0.00000000e+00 0.00000000e+00 3.77066146e-02
 3.63461220e-02 3.49856293e-02 3.36139152e-02 3.22197581e-02
 3.07919366e-02 2.93192293e-02 2.77904146e-02 2.61942712e-02
 2.45955568e-02 2.30590296e-02 2.16494473e-02 2.04315680e-02
 2.00000000e-02 2.00000000e-02 2.00000000e-02 2.00000000e-02
 2.00000000e-02 2.00000000e-02 2.00000000e-02 2.00000000e-02
 2.00000000e-02 2.00000000e-02 2.00000000e-02 2.00000000e-02
 2.00000000e-02 5.20417043e-18]",
blade.ps.s_opt_layer_19,input,,"[0.         0.03448276 0.06896552 0.10344828 0.13793103 0.17241379
 0.20689655 0.24137931 0.27586207 0.31034483 0.34482759 0.37931034
 0.4137931  0.44827586 0.48275862 0.51724138 0.55172414 0.5862069
 0.62068966 0.65517241 0.68965517 0.72413793 0.75862069 0.79310345
 0.82758621 0.86206897 0.89655172 0.93103448 0.96551724 1.        ]",
blade.ps.layer_19_opt,input,m,"[0.00000000e+00 0.00000000e+00 0.00000000e+00 2.66254008e-03
 2.59007002e-03 2.51759997e-03 2.44512991e-03 2.37265986e-03
 2.30018980e-03 2.22771975e-03 2.15449048e-03 2.07974278e-03
 2.00271744e-03 1.92265525e-03 1.83879698e-03 1.75038343e-03
 1.66146746e-03 1.57610193e-03 1.49833970e-03 1.43223365e-03
 1.38183663e-03 1.35120150e-03 1.33703462e-03 1.33604234e-03
 1.34493101e-03 1.36040697e-03 1.37917659e-03 1.39794620e-03
 1.41671582e-03 3.25260652e-19]",
high_level_tower_props.tower_ref_axis_user,input,m,"[[  0.    0.    0. ]
 [  0.    0.   13.7]
 [  0.    0.   27.4]
 [  0.    0.   41.1]
 [  0.    0.   54.8]
 [  0.    0.   68.5]
 [  0.    0.   82.2]
 [  0.    0.   95.9]
 [  0.    0.  109.6]
 [  0.    0.  123.3]
 [  0.    0.  137. ]]","2D array of the coordinates (x,y,z) of the tower reference axis. The coordinate system is the global coordinate system of OpenFAST: it is placed at tower base with x pointing downwind, y pointing on the side and z pointing vertically upwards. A standard tower configuration will have zero x and y values and positive z values."
high_level_tower_props.distance_tt_hub,input,m,[3.],Vertical distance from tower top to hub center.
high_level_tower_props.hub_height_user,input,m,[140.],Height of the hub specified by the user.
hub.diameter,output,m,[6.],
materials.rho_fiber,output,kg/m**3,[   0.     0.  2535.5 1800.  2535.5 2535.5    0.     0.     0.     0. ],1D array of the density of the fibers of the materials.
materials.rho,output,kg/m**3,[1235. 1100. 1940. 1600. 1940. 1940.  130. 1150. 7800. 7800.],"1D array of the density of the materials. For composites, this is the density of the laminate."
materials.rho_area_dry,output,kg/m**2,"[0.         0.         7.22716222 6.23076923 1.44543244 1.44543244
 0.         0.         0.         0.        ]",1D array of the dry aerial density of the composite fabrics. Non-composite materials are kept at 0.
materials.ply_t_from_yaml,output,m,[0.0005 0.001  0.005  0.005  0.001  0.001  0.     0.     0.     0.    ],1D array of the ply thicknesses of the materials. Non-composite materials are kept at 0.
materials.fvf_from_yaml,output,,"[0.         0.         0.57       0.69230769 0.57       0.57
 0.         0.         0.         0.        ]",1D array of the non-dimensional fiber volume fraction of the composite materials. Non-composite materials are kept at 0.
materials.fwf_from_yaml,output,,"[0.         0.         0.74506827 0.77884615 0.74506827 0.74506827
 0.         0.         0.         0.        ]",1D array of the non-dimensional fiber weight- fraction of the composite materials. Non-composite materials are kept at 0.
materials.name,output,n/a,"['Gelcoat', 'Adhesive', 'glass_uni', 'carbon_uni_industry_baseline', 'glass_biax', 'glass_triax', 'medium_density_foam', 'resin', 'steel', 'joint_insert']",1D array of names of materials.
materials.component_id,output,n/a,[ 0. -1.  5.  4.  3.  2.  1. -1. -1. -1.],"1D array of flags to set whether a material is used in a blade: 0 - coating, 1 - sandwich filler , 2 - shell skin, 3 - shear webs, 4 - spar caps, 5 - TE/LE reinf."
drivese.bear1.D_bearing,input,m,[0.],
drivese.bear1.D_shaft,input,m,[0.577],
drivese.bear1.bearing_type,input,n/a,CARB,
drivese.bear2.D_bearing,input,m,[0.],
drivese.bear2.D_shaft,input,m,[0.577],
drivese.bear2.bearing_type,input,n/a,SRB,
drivese.tilt,input,deg,[4.],
drivese.D_top,input,m,[5.53032592],
drivese.bedplate_flange_width,input,m,[1.],
drivese.bedplate_flange_thickness,input,m,[0.05],
drivese.bedplate_web_thickness,input,m,[0.05],
drivese.stator_deflection_allowable,input,m,[0.0001],
drivese.stator_angle_allowable,input,rad,[0.001],
drivese.upwind,input,n/a,True,
drivese.brake_mass_user,input,kg,[0.],
drivese.s_rotor,input,m,[0.],
drivese.gear_ratio,input,,[96.76],
drivese.damping_ratio,input,,[0.005],
drivese.machine_rating,input,kW,[5000.],
drivese.converter_mass_user,input,kg,[0.],
drivese.transformer_mass_user,input,kg,[0.],
drivese.gearbox_mass_user,input,kg,[0.],
drivese.gearbox_torque_density,input,N*m/kg,[200.],
drivese.gearbox_radius_user,input,m,[0.],
drivese.gearbox_length_user,input,m,[0.],
drivese.gear_configuration,input,n/a,eep,
drivese.planet_numbers,input,n/a,"[3, 3, 1]",
drivese.L_generator,input,m,[2.],
drivese.generator_mass_user,input,kg,[0.],
drivese.generator_radius_user,input,m,[0.],
drivese.generator_efficiency_user,input,,"[[0.         0.95      ]
 [0.05263158 0.95      ]
 [0.10526316 0.95      ]
 [0.15789474 0.95      ]
 [0.21052632 0.95      ]
 [0.26315789 0.95      ]
 [0.31578947 0.95      ]
 [0.36842105 0.95      ]
 [0.42105263 0.95      ]
 [0.47368421 0.95      ]
 [0.52631579 0.95      ]
 [0.57894737 0.95      ]
 [0.63157895 0.95      ]
 [0.68421053 0.95      ]
 [0.73684211 0.95      ]
 [0.78947368 0.95      ]
 [0.84210526 0.95      ]
 [0.89473684 0.95      ]
 [0.94736842 0.95      ]
 [1.         0.95      ]]",
drivese.hss_diameter,input,m,[0.288 0.288],
drivese.hss_wall_thickness,input,m,[0.144 0.144],
drivese.flange_t2shell_t,input,,[4.],
drivese.flange_OD2hub_D,input,,[0.5],
drivese.flange_ID2flange_OD,input,,[0.8],
drivese.hub_stress_concentration,input,,[2.5],
drivese.hub_diameter,input,m,[6.],
drivese.hub_in2out_circ,input,,[1.2],
drivese.hub_shell.n_blades,input,n/a,3,
drivese.stop_time,input,s,[5.],
drivese.pitch_system_scaling_factor,input,,[0.54],
drivese.n_blades,input,n/a,3,
drivese.clearance_hub_spinner,input,m,[0.75],
drivese.spin_hole_incr,input,,[1.2],
drivese.n_front_brackets,input,n/a,3,
drivese.n_rear_brackets,input,n/a,3,
drivese.L_12,input,m,[0.368],
drivese.L_h1,input,m,[1.912],
drivese.overhang,input,m,[7.],
drivese.drive_height,input,m,[3.],
drivese.lss_diameter,input,m,[0.577 0.577],
drivese.lss_wall_thickness,input,m,[0.288 0.288],
drivese.L_hss,input,m,[1.5],
drivese.shaft_deflection_allowable,input,m,[0.0001],
drivese.shaft_angle_allowable,input,rad,[0.001],
drivese.E_mat,input,Pa,"[[3.44000e+09 3.44000e+09 3.44000e+09]
 [4.56000e+06 4.56000e+06 4.56000e+06]
 [4.37000e+10 1.65000e+10 1.54500e+10]
 [1.57599e+11 9.10000e+09 9.10000e+09]
 [1.10231e+10 1.10231e+10 1.60477e+10]
 [2.82114e+10 1.62388e+10 1.58355e+10]
 [1.42500e+08 1.42500e+08 1.42500e+08]
 [1.00000e+06 1.00000e+06 1.00000e+06]
 [2.00000e+11 2.00000e+11 2.00000e+11]
 [2.10000e+11 2.10000e+11 2.10000e+11]]",
drivese.G_mat,input,Pa,"[[1.32300e+09 1.32300e+09 1.32300e+09]
 [1.45000e+06 1.45000e+06 1.45000e+06]
 [3.26500e+09 3.49500e+09 3.48000e+09]
 [4.13100e+09 4.13100e+09 2.68900e+09]
 [1.32314e+10 3.48748e+09 3.48748e+09]
 [8.24822e+09 3.49124e+09 3.49124e+09]
 [5.40000e+10 5.40000e+10 5.40000e+10]
 [3.12500e+05 3.12500e+05 3.12500e+05]
 [7.93000e+10 7.93000e+10 7.93000e+10]
 [8.39000e+10 8.39000e+10 8.39000e+10]]",
drivese.Xt_mat,input,Pa,"[[0.0000e+00 0.0000e+00 0.0000e+00]
 [6.1510e+07 6.1510e+07 6.1510e+07]
 [6.4023e+08 3.8100e+07 0.0000e+00]
 [1.2852e+09 3.8100e+07 0.0000e+00]
 [4.6210e+07 4.6210e+07 4.6210e+07]
 [4.3563e+08 7.6440e+07 0.0000e+00]
 [2.0830e+06 2.0830e+06 2.0830e+06]
 [0.0000e+00 0.0000e+00 0.0000e+00]
 [4.5000e+08 4.5000e+08 4.5000e+08]
 [1.7900e+09 1.7900e+09 1.7900e+09]]",
drivese.Xy_mat,input,Pa,"[0.00e+00 0.00e+00 0.00e+00 0.00e+00 0.00e+00 0.00e+00 0.00e+00 0.00e+00
 3.45e+08 1.65e+09]",
drivese.wohler_exp_mat,input,,[ 1.   1.  10.  16.1 10.  10.   1.   1.   3.   1. ],
drivese.wohler_A_mat,input,,"[0.00000000e+00 6.53600000e+07 6.40230000e+08 1.28520000e+09
 7.06900000e+07 4.35630000e+08 2.08300000e+06 0.00000000e+00
 3.55346484e+10 1.79000000e+09]",
drivese.rho_mat,input,kg/m**3,[1235. 1100. 1940. 1600. 1940. 1940.  130. 1150. 7800. 7800.],
drivese.unit_cost_mat,input,USD/kg,[ 7.23  7.23  1.87 20.08  3.    2.86 13.    3.63  0.7   2.  ],
drivese.material_names,input,n/a,"['Gelcoat', 'Adhesive', 'glass_uni', 'carbon_uni_industry_baseline', 'glass_biax', 'glass_triax', 'medium_density_foam', 'resin', 'steel', 'joint_insert']",
drivese.lss_material,input,n/a,steel,
drivese.hss_material,input,n/a,steel,
drivese.hub_material,input,n/a,steel,
drivese.spinner_material,input,n/a,glass_biax,
drivese.bedplate_material,input,n/a,steel,
drivese.hvac_mass_coeff,input,kg/kW/m,[0.08],
drivese.nose_mass,input,kg,[0.],
drivese.nose_cm,input,m,[0.],
drivese.nose_I,input,kg*m**2,[0. 0. 0.],
drivese.x_bedplate,input,m,[0. 0. 0. 0. 0. 0. 0. 0. 0. 0. 0. 0.],
drivese.uptower,input,n/a,True,
drivese.minimum_rpm,input,rpm,[0.],
rotorse.rc_in.layer_web,input,,[0. 0. 0. 0. 0. 0. 0. 0. 0. 0. 0. 0. 0. 0. 1. 1. 1. 2. 2. 2.],"1D array of the web id the layer is associated to. If the layer is on the outer profile, this entry can simply stay equal to 0."
rotorse.rc_in.rho,input,kg/m**3,[1235. 1100. 1940. 1600. 1940. 1940.  130. 1150. 7800. 7800.],"1D array of the density of the materials. For composites, this is the density of the laminate."
rotorse.rc_in.unit_cost,input,USD/kg,[ 7.23  7.23  1.87 20.08  3.    2.86 13.    3.63  0.7   2.  ],1D array of the unit costs of the materials.
rotorse.rc_in.waste,input,,[0.25 0.25 0.05 0.05 0.15 0.15 0.2  0.   0.   0.  ],1D array of the non-dimensional waste fraction of the materials.
rotorse.rc_in.rho_fiber,input,kg/m**3,[   0.     0.  2535.5 1800.  2535.5 2535.5    0.     0.     0.     0. ],1D array of the density of the fibers of the materials.
rotorse.rc_in.roll_mass,input,kg,"[  0.       0.       0.       0.     181.4368 181.4368   0.       0.
   0.       0.    ]",1D array of the roll mass of the composite fabrics. Non-composite materials are kept at 0.
rotorse.rc_in.flange_adhesive_squeezed,input,,[0.2],Extra width of the adhesive once squeezed
rotorse.rc_in.flange_thick,input,m,[0.008],Average thickness of adhesive
rotorse.rc_in.flange_width,input,m,[0.05],Average width of adhesive lines
rotorse.rc_in.t_bolt_unit_cost,input,USD,[25.],Cost of one t-bolt
rotorse.rc_in.t_bolt_unit_mass,input,kg,[2.5],Mass of one t-bolt
rotorse.rc_in.t_bolt_spacing,input,m,[0.15],Spacing of t-bolts along blade root circumference
rotorse.rc_in.barrel_nut_unit_cost,input,USD,[12.],Cost of one barrel nut
rotorse.rc_in.barrel_nut_unit_mass,input,kg,[1.9],Mass of one barrel nut
rotorse.rc_in.LPS_unit_mass,input,kg/m,[1.],Unit mass of the lightining protection system. Linear scaling based on the weight of 150 lbs for the 61.5 m NREL 5MW blade
rotorse.rc_in.LPS_unit_cost,input,USD/m,[40.],Unit cost of the lightining protection system. Linear scaling based on the cost of 2500$ for the 61.5 m NREL 5MW blade
rotorse.rc_in.root_preform_length,input,,[0.01],Percentage of blade length starting from blade root that is preformed and later inserted into the mold
rotorse.rc_in.definition_layer,input,n/a,"[ 9.  9.  2.  2.  2.  2.  5.  7.  8.  6.  6.  6.  6.  9. 10. 10. 10. 10.
 10. 10.]","1D array of flags identifying how layers are specified in the yaml. 1) all around (skin, paint, ) 2) offset+rotation twist+width (spar caps) 3) offset+user defined rotation+width 4) midpoint TE+width (TE reinf) 5) midpoint LE+width (LE reinf) 6) layer position fixed to other layer (core fillers) 7) start and width 8) end and width 9) start and end nd 10) web layer"
rotorse.rc_in.mat_name,input,n/a,"['Gelcoat', 'Adhesive', 'glass_uni', 'carbon_uni_industry_baseline', 'glass_biax', 'glass_triax', 'medium_density_foam', 'resin', 'steel', 'joint_insert']",1D array of names of materials.
rotorse.rc_in.orth,input,n/a,[0. 0. 1. 1. 1. 1. 0. 0. 0. 0.],1D array of flags to set whether a material is isotropic (0) or orthtropic (1). Each entry represents a material.
rotorse.rc_in.component_id,input,n/a,[ 0. -1.  5.  4.  3.  2.  1. -1. -1. -1.],"1D array of flags to set whether a material is used in a blade: 0 - coating, 1 - sandwich filler , 2 - shell skin, 3 - shear webs, 4 - spar caps, 5 - TE/LE reinf."
rotorse.rc_out.layer_web,input,,[0. 0. 0. 0. 0. 0. 0. 0. 0. 0. 0. 0. 0. 0. 1. 1. 1. 2. 2. 2.],"1D array of the web id the layer is associated to. If the layer is on the outer profile, this entry can simply stay equal to 0."
rotorse.rc_out.rho,input,kg/m**3,[1235. 1100. 1940. 1600. 1940. 1940.  130. 1150. 7800. 7800.],"1D array of the density of the materials. For composites, this is the density of the laminate."
rotorse.rc_out.unit_cost,input,USD/kg,[ 7.23  7.23  1.87 20.08  3.    2.86 13.    3.63  0.7   2.  ],1D array of the unit costs of the materials.
rotorse.rc_out.waste,input,,[0.25 0.25 0.05 0.05 0.15 0.15 0.2  0.   0.   0.  ],1D array of the non-dimensional waste fraction of the materials.
rotorse.rc_out.rho_fiber,input,kg/m**3,[   0.     0.  2535.5 1800.  2535.5 2535.5    0.     0.     0.     0. ],1D array of the density of the fibers of the materials.
rotorse.rc_out.roll_mass,input,kg,"[  0.       0.       0.       0.     181.4368 181.4368   0.       0.
   0.       0.    ]",1D array of the roll mass of the composite fabrics. Non-composite materials are kept at 0.
rotorse.rc_out.flange_adhesive_squeezed,input,,[0.2],Extra width of the adhesive once squeezed
rotorse.rc_out.flange_thick,input,m,[0.008],Average thickness of adhesive
rotorse.rc_out.flange_width,input,m,[0.05],Average width of adhesive lines
rotorse.rc_out.t_bolt_unit_cost,input,USD,[25.],Cost of one t-bolt
rotorse.rc_out.t_bolt_unit_mass,input,kg,[2.5],Mass of one t-bolt
rotorse.rc_out.t_bolt_spacing,input,m,[0.15],Spacing of t-bolts along blade root circumference
rotorse.rc_out.barrel_nut_unit_cost,input,USD,[12.],Cost of one barrel nut
rotorse.rc_out.barrel_nut_unit_mass,input,kg,[1.9],Mass of one barrel nut
rotorse.rc_out.LPS_unit_mass,input,kg/m,[1.],Unit mass of the lightining protection system. Linear scaling based on the weight of 150 lbs for the 61.5 m NREL 5MW blade
rotorse.rc_out.LPS_unit_cost,input,USD/m,[40.],Unit cost of the lightining protection system. Linear scaling based on the cost of 2500$ for the 61.5 m NREL 5MW blade
rotorse.rc_out.root_preform_length,input,,[0.01],Percentage of blade length starting from blade root that is preformed and later inserted into the mold
rotorse.rc_out.definition_layer,input,n/a,"[ 9.  9.  2.  2.  2.  2.  5.  7.  8.  6.  6.  6.  6.  9. 10. 10. 10. 10.
 10. 10.]","1D array of flags identifying how layers are specified in the yaml. 1) all around (skin, paint, ) 2) offset+rotation twist+width (spar caps) 3) offset+user defined rotation+width 4) midpoint TE+width (TE reinf) 5) midpoint LE+width (LE reinf) 6) layer position fixed to other layer (core fillers) 7) start and width 8) end and width 9) start and end nd 10) web layer"
rotorse.rc_out.mat_name,input,n/a,"['Gelcoat', 'Adhesive', 'glass_uni', 'carbon_uni_industry_baseline', 'glass_biax', 'glass_triax', 'medium_density_foam', 'resin', 'steel', 'joint_insert']",1D array of names of materials.
rotorse.rc_out.orth,input,n/a,[0. 0. 1. 1. 1. 1. 0. 0. 0. 0.],1D array of flags to set whether a material is isotropic (0) or orthtropic (1). Each entry represents a material.
rotorse.rc_out.component_id,input,n/a,[ 0. -1.  5.  4.  3.  2.  1. -1. -1. -1.],"1D array of flags to set whether a material is used in a blade: 0 - coating, 1 - sandwich filler , 2 - shell skin, 3 - shear webs, 4 - spar caps, 5 - TE/LE reinf."
rotorse.rp.aep.lossFactor,input,,[1.],"multiplicative factor for availability and other losses (soiling, array, etc.)"
rotorse.rp.cdf.k,input,,[2.],shape or form factor
rotorse.rp.gust.turbulence_class,input,n/a,A,IEC turbulence class
rotorse.rp.v_min,input,m/s,[4.],cut-in wind speed
rotorse.rp.v_max,input,m/s,[25.],cut-out wind speed
rotorse.rp.rated_power,input,W,[5000000.],electrical rated power
rotorse.rp.omega_min,input,rpm,[0.],minimum allowed rotor rotation speed
rotorse.rp.omega_max,input,rpm,[19.09859317],maximum allowed rotor rotation speed
rotorse.rp.control_maxTS,input,m/s,[85.],maximum allowed blade tip speed
rotorse.rp.powercurve.gearbox_efficiency,input,,[0.95],
rotorse.rp.drivetrainType,input,n/a,constant_eff,
rotorse.rs.aero_gust.azimuth_load,input,deg,[0.],
rotorse.rs.aero_hub_loads.nSector,input,n/a,4,
rotorse.rs.bjs.load_factor,input,,[1.35],input load multiplier. 1.35 recommended for DLC6.1. [float]
rotorse.rs.bjs.nprf,input,,[1.2],bolt proof safety factor. [float]
rotorse.rs.bjs.ny,input,,[1.2],bolt yield safety factor. [float]
rotorse.rs.bjs.ns,input,,[1.2],bolt shear safety factor. [float]
rotorse.rs.bjs.n0,input,,[1.2],bolt separation safety factor. [float]
rotorse.rs.bjs.nf,input,,[1.2],bolt fatigue safety factor. [float]
rotorse.rs.bjs.Sp_bolt,input,Pa,[8.3e+08],bolt proof strength. [float]
rotorse.rs.bjs.Sy_bolt,input,Pa,[9.4e+08],bolt yield strength. [float]
rotorse.rs.bjs.Su_bolt,input,Pa,[1.04e+09],bolt ultimate strength. [float]
rotorse.rs.bjs.Se_bolt,input,Pa,[1.62e+08],bolt endurance strength. [float]
rotorse.rs.bjs.E_bolt,input,Pa,[2.e+11],bolt elastic modulus. [float]
rotorse.rs.bjs.d_bolt,input,m,[0.048],bolt diameter. [float]
rotorse.rs.bjs.L_bolt,input,m,[0.5],bolt length. [float]
rotorse.rs.bjs.At,input,m**2,[0.00147],bolt thread area [float]
rotorse.rs.bjs.m_bolt,input,kg,[8.03],bolt+washer mass. [float]
rotorse.rs.bjs.rho_mat,input,kg/m**3,[1235. 1100. 1940. 1600. 1940. 1940.  130. 1150. 7800. 7800.],list of material densities. [(n_mat) 1D array of str]
rotorse.rs.bjs.Xt_mat,input,Pa,"[[0.0000e+00 0.0000e+00 0.0000e+00]
 [6.1510e+07 6.1510e+07 6.1510e+07]
 [6.4023e+08 3.8100e+07 0.0000e+00]
 [1.2852e+09 3.8100e+07 0.0000e+00]
 [4.6210e+07 4.6210e+07 4.6210e+07]
 [4.3563e+08 7.6440e+07 0.0000e+00]
 [2.0830e+06 2.0830e+06 2.0830e+06]
 [0.0000e+00 0.0000e+00 0.0000e+00]
 [4.5000e+08 4.5000e+08 4.5000e+08]
 [1.7900e+09 1.7900e+09 1.7900e+09]]",list of material tensile strengths. [(n_mat x 3) 2D array of float]
rotorse.rs.bjs.Xy_mat,input,Pa,"[0.00e+00 0.00e+00 0.00e+00 0.00e+00 0.00e+00 0.00e+00 0.00e+00 0.00e+00
 3.45e+08 1.65e+09]",list of material yield strengths. [(n_mat x 3) 1D array of float]
rotorse.rs.bjs.E_mat,input,Pa,"[[3.44000e+09 3.44000e+09 3.44000e+09]
 [4.56000e+06 4.56000e+06 4.56000e+06]
 [4.37000e+10 1.65000e+10 1.54500e+10]
 [1.57599e+11 9.10000e+09 9.10000e+09]
 [1.10231e+10 1.10231e+10 1.60477e+10]
 [2.82114e+10 1.62388e+10 1.58355e+10]
 [1.42500e+08 1.42500e+08 1.42500e+08]
 [1.00000e+06 1.00000e+06 1.00000e+06]
 [2.00000e+11 2.00000e+11 2.00000e+11]
 [2.10000e+11 2.10000e+11 2.10000e+11]]",list of material elastic moduli. [(n_mat x 3) list of float]
rotorse.rs.bjs.S_mat,input,Pa,"[[0.0000e+00 0.0000e+00 0.0000e+00]
 [3.6610e+07 3.6610e+07 3.6610e+07]
 [3.0170e+07 1.8970e+07 6.2100e+06]
 [3.0170e+07 1.8970e+07 6.2100e+06]
 [1.2446e+08 1.8970e+07 6.2100e+06]
 [8.5060e+07 1.8970e+07 6.2100e+06]
 [1.2500e+06 1.2500e+06 1.2500e+06]
 [0.0000e+00 0.0000e+00 0.0000e+00]
 [0.0000e+00 0.0000e+00 0.0000e+00]
 [0.0000e+00 0.0000e+00 0.0000e+00]]",
rotorse.rs.bjs.unit_cost,input,USD/kg,[ 7.23  7.23  1.87 20.08  3.    2.86 13.    3.63  0.7   2.  ],1D array of the unit costs of the materials.
rotorse.rs.bjs.Se_insert,input,Pa,[3.16e+08],insert material endurance limit. [float]
rotorse.rs.bjs.mu_joint,input,,[0.5],steel insert friction factor. [float]
rotorse.rs.bjs.joint_position,input,,[0.7],nondimensionalized joint position along blade
rotorse.rs.bjs.bolt_spacing_dia,input,,[3.],joint bolt spacing along sparcap in y. [int]
rotorse.rs.bjs.ply_drop_slope,input,,[0.125],required ply drop slope. [float]
rotorse.rs.bjs.t_adhesive,input,m,[0.005],insert-sparcap adhesive thickness. [float]
rotorse.rs.bjs.t_max,input,,[0.25],maximum spar cap thickness per spar cap height. [float]
rotorse.rs.bjs.a,input,,[0.1965],
rotorse.rs.bjs.b,input,,[0.],
rotorse.rs.bjs.c,input,,[0.6448],
rotorse.rs.bjs.itermax,input,,[20.],max # calculation iterations. [int]
rotorse.rs.bjs.discrete,input,,[0.],whether discrete calculation is allowed. Set to False if in optimization loop. [bool]
rotorse.rs.bjs.joint_nonmaterial_cost,input,USD,[18600.],"Non-material joint cost (mfg, assembly, transportation)."
rotorse.rs.bjs.name_mat,input,n/a,"['Gelcoat', 'Adhesive', 'glass_uni', 'carbon_uni_industry_baseline', 'glass_biax', 'glass_triax', 'medium_density_foam', 'resin', 'steel', 'joint_insert']",list of material names. [(n_mat) list of str]
rotorse.rs.bjs.joint_bolt,input,n/a,M36,Type of bolt used in joint
rotorse.rs.bjs.reinforcement_layer_ss,input,n/a,joint_reinf_ss,"Layer identifier for the reinforcement layer at the join where bolts are inserted, suction side"
rotorse.rs.bjs.reinforcement_layer_ps,input,n/a,joint_reinf_ps,"Layer identifier for the reinforcement layer at the join where bolts are inserted, pressure side"
rotorse.rs.bjs.layer_side,input,n/a,"['', '', 'suction', 'pressure', 'suction', 'pressure', '', '', '', '', '', '', '', '', '', '', '', '', '', '']",1D array setting whether the layer is on the suction or pressure side. This entry is only used if definition_layer is equal to 1 or 2.
rotorse.rs.brs.s_f,input,,[2.5],Safety factor
rotorse.rs.brs.d_f,input,m,[0.03],Diameter of the fastener
rotorse.rs.brs.sigma_max,input,Pa,[6.75e+08],Max stress on bolt
rotorse.rs.constr.max_strainU_spar,input,,[0.004],maximum strain in spar cap suction side
rotorse.rs.constr.max_strainL_spar,input,,[0.004],maximum strain in spar cap pressure side
rotorse.rs.constr.max_strainU_te,input,,[0.004],maximum strain in spar cap suction side
rotorse.rs.constr.max_strainL_te,input,,[0.004],maximum strain in spar cap pressure side
rotorse.rs.constr.s_opt_spar_cap_ss,input,,"[0.         0.03448276 0.06896552 0.10344828 0.13793103 0.17241379
 0.20689655 0.24137931 0.27586207 0.31034483 0.34482759 0.37931034
 0.4137931  0.44827586 0.48275862 0.51724138 0.55172414 0.5862069
 0.62068966 0.65517241 0.68965517 0.72413793 0.75862069 0.79310345
 0.82758621 0.86206897 0.89655172 0.93103448 0.96551724 1.        ]",1D array of the non-dimensional spanwise grid defined along blade axis to optimize the blade spar cap suction side
rotorse.rs.constr.s_opt_spar_cap_ps,input,,"[0.         0.03448276 0.06896552 0.10344828 0.13793103 0.17241379
 0.20689655 0.24137931 0.27586207 0.31034483 0.34482759 0.37931034
 0.4137931  0.44827586 0.48275862 0.51724138 0.55172414 0.5862069
 0.62068966 0.65517241 0.68965517 0.72413793 0.75862069 0.79310345
 0.82758621 0.86206897 0.89655172 0.93103448 0.96551724 1.        ]",1D array of the non-dimensional spanwise grid defined along blade axis to optimize the blade spar cap pressure side
rotorse.rs.constr.s_opt_te_ss,input,,"[0.         0.03448276 0.06896552 0.10344828 0.13793103 0.17241379
 0.20689655 0.24137931 0.27586207 0.31034483 0.34482759 0.37931034
 0.4137931  0.44827586 0.48275862 0.51724138 0.55172414 0.5862069
 0.62068966 0.65517241 0.68965517 0.72413793 0.75862069 0.79310345
 0.82758621 0.86206897 0.89655172 0.93103448 0.96551724 1.        ]",1D array of the non-dimensional spanwise grid defined along blade axis to optimize the blade trailing edge suction side
rotorse.rs.constr.s_opt_te_ps,input,,"[0.         0.03448276 0.06896552 0.10344828 0.13793103 0.17241379
 0.20689655 0.24137931 0.27586207 0.31034483 0.34482759 0.37931034
 0.4137931  0.44827586 0.48275862 0.51724138 0.55172414 0.5862069
 0.62068966 0.65517241 0.68965517 0.72413793 0.75862069 0.79310345
 0.82758621 0.86206897 0.89655172 0.93103448 0.96551724 1.        ]",1D array of the non-dimensional spanwise grid defined along blade axis to optimize the blade trailing edge pressure side
rotorse.rs.constr.blade_number,input,n/a,3,
rotorse.rs.tip_pos.dynamicFactor,input,,[1.],a dynamic amplification factor to adjust the static deflection calculation
rotorse.rs.tot_loads_gust.aeroloads_azimuth,input,deg,[0.],azimuthal angle
rotorse.rs.tot_loads_gust.dynamicFactor,input,,[1.],a dynamic amplification factor to adjust the static deflection calculation
rotorse.split.joint_position,input,,[0.7],Spanwise position of the segmentation joint.
rotorse.stall_check.stall_margin,input,deg,[4.98473282],Minimum margin from the stall angle
rotorse.stall_check.min_s,input,,[0.25],Minimum nondimensional coordinate along blade span where to define the constraint (blade root typically stalls)
financese.tcc_per_kW,intermediate,USD/kW,[1418.03679377],
financese.bos_per_kW,intermediate,USD/kW,[343.35819836],
financese.turbine_aep,intermediate,kW*h,[24621828.35418958],
landbosse.blade_surface_area,intermediate,m**2,[151.0922911],
landbosse.foundation_height,intermediate,m,[0.],
landbosse.nacelle_mass,intermediate,kg,[178691.43777238],
landbosse.tower_mass,intermediate,kg,[791445.95807925],
landbosse.blade_mass,intermediate,kg,[50167.15435274],The mass of one rotor blade.
landbosse.hub_mass,intermediate,kg,[36108.08818349],Mass of the rotor hub
landbosse.hub_height_meters,intermediate,m,[140.],Hub height m
landbosse.rotor_diameter_m,intermediate,m,[205.99253562],Rotor diameter m
landbosse.rated_thrust_N,intermediate,N,[1048815.24023271],Rated Thrust (N)
landbosse.gust_velocity_m_per_s,intermediate,m/s,[52.5],50-year Gust Velocity (m/s)
outputs_2_screen.aep,intermediate,GW*h,[24.62182835],
outputs_2_screen.blade_mass,intermediate,kg,[50167.15435274],
outputs_2_screen.lcoe,intermediate,USD/MW/h,[34.5959472],
outputs_2_screen.tip_deflection,intermediate,m,[15.57158526],
tcc.main_bearing_mass,intermediate,kg,[1415.08884437],
tcc.bedplate_mass,intermediate,kg,[28022.72936555],
tcc.blade_mass,intermediate,kg,[50167.15435274],
tcc.blade_cost_external,intermediate,USD,[583238.11130328],
tcc.brake_mass,intermediate,kg,[8190.03962252],
tcc.converter_mass,intermediate,kg,[4196.35],
tcc.cover_mass,intermediate,kg,[6789.50152745],
tcc.gearbox_mass,intermediate,kg,[33565.73615786],
tcc.generator_mass,intermediate,kg,[19195.74437204],
tcc.hss_mass,intermediate,kg,[762.1855636],
tcc.hub_cost,output,USD,[32030.77358619],
tcc.hub_mass,intermediate,kg,[8213.01886825],
tcc.pitch_system_cost,output,USD,[564277.47667185],
tcc.pitch_system_mass,intermediate,kg,[25532.91749646],
tcc.spinner_cost,output,USD,[26219.88518832],
tcc.spinner_mass,intermediate,kg,[2362.15181877],
tcc.hvac_mass,intermediate,kg,[2912.15086465],
tcc.lss_mass,intermediate,kg,[4854.1340218],
tcc.lss_cost,output,USD,[57764.19485942],
tcc.main_bearing_cost,output,USD,[6367.89979965],
tcc.gearbox_cost,output,USD,[335657.36157863],
tcc.hss_cost,output,USD,[5182.86183247],
tcc.brake_cost,output,USD,[29692.16964748],
tcc.generator_cost,output,USD,[238027.23021334],
tcc.bedplate_cost,output,USD,[81265.9151601],
tcc.yaw_system_cost,output,USD,[147061.28095398],
tcc.yaw_mass,intermediate,kg,[17718.22662096],
tcc.converter_cost,output,USD,[78891.38],
tcc.hvac_cost,output,USD,[361106.70721617],
tcc.cover_cost,output,USD,[38700.15870644],
tcc.elec_cost,output,USD,[209250.],
tcc.controls_cost,output,USD,[105750.],
tcc.platforms_mass,intermediate,kg,[38169.46196722],
tcc.platforms_cost,output,USD,[652697.79963941],
tcc.transformer_cost,output,USD,[215918.],
tcc.transformer_mass,intermediate,kg,[11485.],
tcc.blade_cost,output,USD,[583238.11130328],
tcc.rotor_cost,output,USD,[2372242.46935621],
tcc.rotor_mass_tcc,output,kg,[186609.5512417],
tcc.nacelle_cost,output,USD,[2569700.85940675],
tcc.nacelle_mass_tcc,output,kg,[178691.43777238],
tcc.tower_cost,output,USD,[2148240.64007646],
tcc.tower_mass,intermediate,kg,[791445.95807925],
tcc.turbine_cost,output,USD,[7090183.96883943],
tcc.turbine_cost_kW,output,USD/kW,[1418.03679377],
tcc.turbine_mass_tcc,output,kg,[1156746.94709333],
tcc.hub_system_cost,output,USD,[622528.13544636],
tcc.hub_system_mass_tcc,output,kg,[36108.08818349],
tcc.tower_parts_cost,output,USD,[2148240.64007646],
tcc.tower_cost_external,intermediate,USD,[2148240.64007646],
tcons.rated_Omega,intermediate,rpm,[7.88077303],rotor rotation speed at rated
tcons.tower_freq,intermediate,Hz,[0.2178623],
tcons.tip_deflection,intermediate,m,[15.57158526],
tcons.Rtip,intermediate,m,[102.99626781],
tcons.ref_axis_blade,intermediate,m,"[[ 0.00000000e+00  0.00000000e+00  0.00000000e+00]
 [ 1.45896086e-02  0.00000000e+00  3.44814717e+00]
 [ 5.22230768e-02  0.00000000e+00  6.89629433e+00]
 [ 1.08141891e-01  0.00000000e+00  1.03444415e+01]
 [ 1.74250500e-01  0.00000000e+00  1.37925887e+01]
 [ 2.41136773e-01  0.00000000e+00  1.72407358e+01]
 [ 3.00085581e-01  0.00000000e+00  2.06888830e+01]
 [ 3.42651213e-01  0.00000000e+00  2.41370302e+01]
 [ 3.59821072e-01  0.00000000e+00  2.75851773e+01]
 [ 3.47586472e-01  0.00000000e+00  3.10333245e+01]
 [ 3.14508104e-01  0.00000000e+00  3.44814717e+01]
 [ 2.66858145e-01  0.00000000e+00  3.79296188e+01]
 [ 2.10870490e-01  0.00000000e+00  4.13777660e+01]
 [ 1.40477297e-01  0.00000000e+00  4.48259132e+01]
 [ 3.80470534e-02  0.00000000e+00  4.82740603e+01]
 [-9.07529186e-02  0.00000000e+00  5.17222075e+01]
 [-2.35123811e-01  0.00000000e+00  5.51703547e+01]
 [-3.94137332e-01  0.00000000e+00  5.86185018e+01]
 [-5.85777112e-01  0.00000000e+00  6.20666490e+01]
 [-8.05291806e-01  0.00000000e+00  6.55147962e+01]
 [-1.11555530e+00  0.00000000e+00  6.99973875e+01]
 [-1.29121723e+00  0.00000000e+00  7.24110905e+01]
 [-1.56372970e+00  0.00000000e+00  7.58592376e+01]
 [-1.85903588e+00  0.00000000e+00  7.93073848e+01]
 [-2.17067421e+00  0.00000000e+00  8.27555320e+01]
 [-2.49837779e+00  0.00000000e+00  8.62036791e+01]
 [-2.84335536e+00  0.00000000e+00  8.96518263e+01]
 [-3.20952152e+00  0.00000000e+00  9.30999735e+01]
 [-3.59684443e+00  0.00000000e+00  9.65481206e+01]
 [-4.00000000e+00  0.00000000e+00  9.99962678e+01]]",
tcons.ref_axis_tower,intermediate,m,"[[  0.    0.    0. ]
 [  0.    0.   13.7]
 [  0.    0.   27.4]
 [  0.    0.   41.1]
 [  0.    0.   54.8]
 [  0.    0.   68.5]
 [  0.    0.   82.2]
 [  0.    0.   95.9]
 [  0.    0.  109.6]
 [  0.    0.  123.3]
 [  0.    0.  137. ]]",
towerse.env.distLoads.windLoads_Px,intermediate,N/m,"[  0.         200.99777797 276.83215008 330.75393428 374.12461289
 411.10957925 443.6215346  472.82310323 499.46361569 524.05288814
 546.95538493 568.4417703  588.71921742 607.95025084 626.26499909
 643.76946282 660.55127029 676.68379127 692.22914541 707.24044636
 721.76350537 735.83814464 749.49922401 762.77745365 775.70004448
 783.64207521 791.13630415 798.20634509 793.66705463 788.39500807
 782.41017828]",
towerse.env.distLoads.windLoads_Py,intermediate,N/m,"[0. 0. 0. 0. 0. 0. 0. 0. 0. 0. 0. 0. 0. 0. 0. 0. 0. 0. 0. 0. 0. 0. 0. 0.
 0. 0. 0. 0. 0. 0. 0.]",
towerse.env.distLoads.windLoads_Pz,intermediate,N/m,"[0. 0. 0. 0. 0. 0. 0. 0. 0. 0. 0. 0. 0. 0. 0. 0. 0. 0. 0. 0. 0. 0. 0. 0.
 0. 0. 0. 0. 0. 0. 0.]",
towerse.env.distLoads.windLoads_qdyn,intermediate,N/m**2,"[  0.          51.28165784  67.66655319  79.58121373  89.28655223
  97.62252992 105.00804107 111.68665206 117.81431199 123.4977543
 128.8137005  133.81941614 138.55894089 143.06697599 147.37142092
 151.49509097 155.45691668 159.27280374 162.95626376 166.51888607
 169.97069683 173.32043666 176.57577821 179.74349873 182.82961861
 185.83951359 188.77800658 191.6494434  194.45775572 197.20651382
 199.89897098]",
towerse.env.distLoads.windLoads_z,intermediate,m,"[  0.           4.56666667   9.13333333  13.7         18.26666667
  22.83333333  27.4         31.96666667  36.53333333  41.1
  45.66666667  50.23333333  54.8         59.36666667  63.93333333
  68.5         73.06666667  77.63333333  82.2         86.76666667
  91.33333333  95.9        100.46666667 105.03333333 109.6
 114.16666667 118.73333333 123.3        127.86666667 132.43333333
 137.        ]",
towerse.env.distLoads.windLoads_beta,intermediate,deg,[0.],
towerse.z_global,output,m,"[  0.           4.56666667   9.13333333  13.7         18.26666667
  22.83333333  27.4         31.96666667  36.53333333  41.1
  45.66666667  50.23333333  54.8         59.36666667  63.93333333
  68.5         73.06666667  77.63333333  82.2         86.76666667
  91.33333333  95.9        100.46666667 105.03333333 109.6
 114.16666667 118.73333333 123.3        127.86666667 132.43333333
 137.        ]",
towerse.env.Uref,intermediate,m/s,[18.14402879],
towerse.wind_reference_height,intermediate,m,[140.],
towerse.env.windLoads.U,intermediate,m/s,"[ 0.          9.15014512 10.51075664 11.39861887 12.07368887 12.62472662
 13.09357475 13.50353859 13.86902654 14.1996122  14.5020027  14.78109196
 15.04056778 15.2832829  15.51149256 15.72701256 15.93132797 16.12566993
 16.31107118 16.48840711 16.65842665 16.82177581 16.97901601 17.13063844
 17.27707546 17.41870979 17.55588193 17.68889625 17.81802599 17.94351745
 18.06559346]",
towerse.outer_diameter_full,output,m,"[6.         6.         6.         6.         6.         6.
 6.         6.         6.         6.         6.         6.
 6.         6.         6.         6.         6.         6.
 6.         6.         6.         6.         6.         6.
 6.         5.96359738 5.92719475 5.89079213 5.77063673 5.65048132
 5.53032592]",
towerse.joint1,output,m,[0. 0. 0.],
towerse.joint2,output,m,[  0.   0. 137.],
towerse.s_full,output,m,"[0.         0.03333333 0.06666667 0.1        0.13333333 0.16666667
 0.2        0.23333333 0.26666667 0.3        0.33333333 0.36666667
 0.4        0.43333333 0.46666667 0.5        0.53333333 0.56666667
 0.6        0.63333333 0.66666667 0.7        0.73333333 0.76666667
 0.8        0.83333333 0.86666667 0.9        0.93333333 0.96666667
 1.        ]",
towerse.g2e.Px_global,intermediate,N/m,"[  0.         200.99777797 276.83215008 330.75393428 374.12461289
 411.10957925 443.6215346  472.82310323 499.46361569 524.05288814
 546.95538493 568.4417703  588.71921742 607.95025084 626.26499909
 643.76946282 660.55127029 676.68379127 692.22914541 707.24044636
 721.76350537 735.83814464 749.49922401 762.77745365 775.70004448
 783.64207521 791.13630415 798.20634509 793.66705463 788.39500807
 782.41017828]",
towerse.g2e.Py_global,intermediate,N/m,"[0. 0. 0. 0. 0. 0. 0. 0. 0. 0. 0. 0. 0. 0. 0. 0. 0. 0. 0. 0. 0. 0. 0. 0.
 0. 0. 0. 0. 0. 0. 0.]",
towerse.g2e.Pz_global,intermediate,N/m,"[0. 0. 0. 0. 0. 0. 0. 0. 0. 0. 0. 0. 0. 0. 0. 0. 0. 0. 0. 0. 0. 0. 0. 0.
 0. 0. 0. 0. 0. 0. 0.]",
towerse.g2e.qdyn_global,intermediate,Pa,"[  0.          51.28165784  67.66655319  79.58121373  89.28655223
  97.62252992 105.00804107 111.68665206 117.81431199 123.4977543
 128.8137005  133.81941614 138.55894089 143.06697599 147.37142092
 151.49509097 155.45691668 159.27280374 162.95626376 166.51888607
 169.97069683 173.32043666 176.57577821 179.74349873 182.82961861
 185.83951359 188.77800658 191.6494434  194.45775572 197.20651382
 199.89897098]",
towerse.lc:Px,intermediate,N/m,"[0. 0. 0. 0. 0. 0. 0. 0. 0. 0. 0. 0. 0. 0. 0. 0. 0. 0. 0. 0. 0. 0. 0. 0.
 0. 0. 0. 0. 0. 0. 0.]",
towerse.lc:Py,intermediate,N/m,"[0. 0. 0. 0. 0. 0. 0. 0. 0. 0. 0. 0. 0. 0. 0. 0. 0. 0. 0. 0. 0. 0. 0. 0.
 0. 0. 0. 0. 0. 0. 0.]",
towerse.lc:Pz,intermediate,N/m,"[   0.         -200.99777797 -276.83215008 -330.75393428 -374.12461289
 -411.10957925 -443.6215346  -472.82310323 -499.46361569 -524.05288814
 -546.95538493 -568.4417703  -588.71921742 -607.95025084 -626.26499909
 -643.76946282 -660.55127029 -676.68379127 -692.22914541 -707.24044636
 -721.76350537 -735.83814464 -749.49922401 -762.77745365 -775.70004448
 -783.64207521 -791.13630415 -798.20634509 -793.66705463 -788.39500807
 -782.41017828]",
towerse.lc:qdyn,intermediate,Pa,"[  0.          51.28165784  67.66655319  79.58121373  89.28655223
  97.62252992 105.00804107 111.68665206 117.81431199 123.4977543
 128.8137005  133.81941614 138.55894089 143.06697599 147.37142092
 151.49509097 155.45691668 159.27280374 162.95626376 166.51888607
 169.97069683 173.32043666 176.57577821 179.74349873 182.82961861
 185.83951359 188.77800658 191.6494434  194.45775572 197.20651382
 199.89897098]",
towerse.z_full,output,m,"[  0.           4.56666667   9.13333333  13.7         18.26666667
  22.83333333  27.4         31.96666667  36.53333333  41.1
  45.66666667  50.23333333  54.8         59.36666667  63.93333333
  68.5         73.06666667  77.63333333  82.2         86.76666667
  91.33333333  95.9        100.46666667 105.03333333 109.6
 114.16666667 118.73333333 123.3        127.86666667 132.43333333
 137.        ]",
towerse.t_full,output,m,"[0.06190994 0.06190994 0.06190994 0.05532001 0.05532001 0.05532001
 0.04902645 0.04902645 0.04902645 0.04351143 0.04351143 0.04351143
 0.03838378 0.03838378 0.03838378 0.03328114 0.03328114 0.03328114
 0.0282451  0.0282451  0.0282451  0.02352226 0.02352226 0.02352226
 0.01966602 0.01966602 0.01966602 0.01803766 0.01803766 0.01803766]",
towerse.tower_height,intermediate,m,[137.],
towerse.E_full,output,Pa,"[2.e+11 2.e+11 2.e+11 2.e+11 2.e+11 2.e+11 2.e+11 2.e+11 2.e+11 2.e+11
 2.e+11 2.e+11 2.e+11 2.e+11 2.e+11 2.e+11 2.e+11 2.e+11 2.e+11 2.e+11
 2.e+11 2.e+11 2.e+11 2.e+11 2.e+11 2.e+11 2.e+11 2.e+11 2.e+11 2.e+11]",
towerse.G_full,output,Pa,"[7.93e+10 7.93e+10 7.93e+10 7.93e+10 7.93e+10 7.93e+10 7.93e+10 7.93e+10
 7.93e+10 7.93e+10 7.93e+10 7.93e+10 7.93e+10 7.93e+10 7.93e+10 7.93e+10
 7.93e+10 7.93e+10 7.93e+10 7.93e+10 7.93e+10 7.93e+10 7.93e+10 7.93e+10
 7.93e+10 7.93e+10 7.93e+10 7.93e+10 7.93e+10 7.93e+10]",
towerse.rho_full,output,kg/m**3,"[7800. 7800. 7800. 7800. 7800. 7800. 7800. 7800. 7800. 7800. 7800. 7800.
 7800. 7800. 7800. 7800. 7800. 7800. 7800. 7800. 7800. 7800. 7800. 7800.
 7800. 7800. 7800. 7800. 7800. 7800.]",
towerse.sigma_y_full,output,Pa,"[3.45e+08 3.45e+08 3.45e+08 3.45e+08 3.45e+08 3.45e+08 3.45e+08 3.45e+08
 3.45e+08 3.45e+08 3.45e+08 3.45e+08 3.45e+08 3.45e+08 3.45e+08 3.45e+08
 3.45e+08 3.45e+08 3.45e+08 3.45e+08 3.45e+08 3.45e+08 3.45e+08 3.45e+08
 3.45e+08 3.45e+08 3.45e+08 3.45e+08 3.45e+08 3.45e+08]",
towerse.section_A,output,m**2,"[1.23577911 1.23577911 1.23577911 1.10546343 1.10546343 1.10546343
 0.9807361  0.9807361  0.9807361  0.87121896 0.87121896 0.87121896
 0.76921086 0.76921086 0.76921086 0.66752482 0.66752482 0.66752482
 0.56699426 0.56699426 0.56699426 0.47256114 0.47256114 0.47256114
 0.39414113 0.39173465 0.38932817 0.35244392 0.34515845 0.33787299]",
towerse.section_Asx,output,m**2,"[0.70458592 0.70458592 0.70458592 0.62995654 0.62995654 0.62995654
 0.55860341 0.55860341 0.55860341 0.49601188 0.49601188 0.49601188
 0.43776185 0.43776185 0.43776185 0.37974298 0.37974298 0.37974298
 0.32242913 0.32242913 0.32242913 0.26863238 0.26863238 0.26863238
 0.22398973 0.22262415 0.22125856 0.20027579 0.19614158 0.19200736]",
towerse.section_Asy,output,m**2,"[0.70458592 0.70458592 0.70458592 0.62995654 0.62995654 0.62995654
 0.55860341 0.55860341 0.55860341 0.49601188 0.49601188 0.49601188
 0.43776185 0.43776185 0.43776185 0.37974298 0.37974298 0.37974298
 0.32242913 0.32242913 0.32242913 0.26863238 0.26863238 0.26863238
 0.22398973 0.22262415 0.22125856 0.20027579 0.19614158 0.19200736]",
towerse.section_Ixx,output,kg*m**2,"[5.44742959 5.44742959 5.44742959 4.88369984 4.88369984 4.88369984
 4.34177875 4.34177875 4.34177875 3.86403572 3.86403572 3.86403572
 3.41744436 3.41744436 3.41744436 2.97072256 2.97072256 2.97072256
 2.52756506 2.52756506 2.52756506 2.10991692 2.10991692 2.10991692
 1.7513372  1.7194538  1.68795973 1.48852647 1.39811285 1.31143661]",
towerse.section_Iyy,output,kg*m**2,"[5.44742959 5.44742959 5.44742959 4.88369984 4.88369984 4.88369984
 4.34177875 4.34177875 4.34177875 3.86403572 3.86403572 3.86403572
 3.41744436 3.41744436 3.41744436 2.97072256 2.97072256 2.97072256
 2.52756506 2.52756506 2.52756506 2.10991692 2.10991692 2.10991692
 1.7513372  1.7194538  1.68795973 1.48852647 1.39811285 1.31143661]",
towerse.section_J0,output,kg*m**2,"[10.89485918 10.89485918 10.89485918  9.76739968  9.76739968  9.76739968
  8.6835575   8.6835575   8.6835575   7.72807143  7.72807143  7.72807143
  6.83488872  6.83488872  6.83488872  5.94144512  5.94144512  5.94144512
  5.05513012  5.05513012  5.05513012  4.21983385  4.21983385  4.21983385
  3.50267439  3.4389076   3.37591947  2.97705294  2.79622571  2.62287322]",
towerse.section_rho,output,kg/m**3,"[7800. 7800. 7800. 7800. 7800. 7800. 7800. 7800. 7800. 7800. 7800. 7800.
 7800. 7800. 7800. 7800. 7800. 7800. 7800. 7800. 7800. 7800. 7800. 7800.
 7800. 7800. 7800. 7800. 7800. 7800.]",
towerse.section_E,output,Pa,"[2.e+11 2.e+11 2.e+11 2.e+11 2.e+11 2.e+11 2.e+11 2.e+11 2.e+11 2.e+11
 2.e+11 2.e+11 2.e+11 2.e+11 2.e+11 2.e+11 2.e+11 2.e+11 2.e+11 2.e+11
 2.e+11 2.e+11 2.e+11 2.e+11 2.e+11 2.e+11 2.e+11 2.e+11 2.e+11 2.e+11]",
towerse.section_G,output,Pa,"[7.93e+10 7.93e+10 7.93e+10 7.93e+10 7.93e+10 7.93e+10 7.93e+10 7.93e+10
 7.93e+10 7.93e+10 7.93e+10 7.93e+10 7.93e+10 7.93e+10 7.93e+10 7.93e+10
 7.93e+10 7.93e+10 7.93e+10 7.93e+10 7.93e+10 7.93e+10 7.93e+10 7.93e+10
 7.93e+10 7.93e+10 7.93e+10 7.93e+10 7.93e+10 7.93e+10]",
towerse.section_L,output,m,"[4.56666667 4.56666667 4.56666667 4.56666667 4.56666667 4.56666667
 4.56666667 4.56666667 4.56666667 4.56666667 4.56666667 4.56666667
 4.56666667 4.56666667 4.56666667 4.56666667 4.56666667 4.56666667
 4.56666667 4.56666667 4.56666667 4.56666667 4.56666667 4.56666667
 4.56666667 4.56666667 4.56666667 4.56666667 4.56666667 4.56666667]",
towerse.post.cylinder_Fz,intermediate,N,"[[-9345847.72591732]
 [-8913108.17768173]
 [-8480075.3157111 ]
 [-8092341.96455163]
 [-7704426.96944481]
 [-7316354.87662764]
 [-6971710.71383123]
 [-6626940.3198277 ]
 [-6282054.12086959]
 [-5975315.05107487]
 [-5668475.64013755]
 [-5361541.82214593]
 [-5090150.26991371]
 [-4818673.84517984]
 [-4547116.45139059]
 [-4311000.64740572]
 [-4074810.44063216]
 [-3838548.62634153]
 [-3637333.20238142]
 [-3436051.01585761]
 [-3234704.18433313]
 [-3066280.27364432]
 [-2897795.4668748 ]
 [-2729251.43290932]
 [-2588052.46740847]
 [-2447659.19384356]
 [-2308073.58297761]
 [-2181365.97905893]
 [-2057225.36796109]
 [-1935655.03895519]]",
towerse.post.cylinder_Vx,intermediate,N,"[[2188331.23731709]
 [2188607.64219984]
 [2188875.15381923]
 [2189047.76101828]
 [2189296.78195271]
 [2189536.68935984]
 [2189603.06192589]
 [2189824.2810719 ]
 [2190036.26531506]
 [2190022.81177819]
 [2190216.05256611]
 [2190399.98298693]
 [2190307.8173185 ]
 [2190472.98483294]
 [2190628.79547298]
 [2190446.65279061]
 [2190583.71693623]
 [2190711.39717662]
 [2190446.18610591]
 [2190555.16594815]
 [2190654.74412286]
 [2190333.84783125]
 [2190414.76643491]
 [2190486.265086  ]
 [2190170.31413031]
 [2190211.49744672]
 [2190243.34849864]
 [2190087.06210208]
 [2190073.97667223]
 [2190050.84913063]]",
towerse.post.cylinder_Vy,intermediate,N,"[[42086.66082983]
 [42076.97069824]
 [42067.09921577]
 [42060.14095937]
 [42049.93328509]
 [42039.5520854 ]
 [42035.41904193]
 [42024.7109435 ]
 [42013.83421925]
 [42012.00992385]
 [42000.81013701]
 [41989.44533002]
 [41990.42208369]
 [41978.73606431]
 [41966.88770126]
 [41971.94547697]
 [41959.77462693]
 [41947.44326197]
 [41957.26626491]
 [41944.60594552]
 [41931.78618246]
 [41945.99962005]
 [41932.83817254]
 [41919.51770239]
 [41935.00553604]
 [41922.15670049]
 [41909.06082748]
 [41911.96483571]
 [41900.49368099]
 [41888.51924521]]",
towerse.post.cylinder_Mxx,intermediate,N*m,"[[10675520.73129214]
 [10864916.03656835]
 [11052588.06231754]
 [11238585.79267284]
 [11422925.8326259 ]
 [11605764.19455489]
 [11787151.44612961]
 [11967075.07126191]
 [12145701.85410117]
 [12323092.65556815]
 [12499220.15440707]
 [12674261.75718212]
 [12848282.2576891 ]
 [13021228.21309835]
 [13193287.37080181]
 [13364517.16836791]
 [13534814.35163981]
 [13704376.53549217]
 [13873247.03237849]
 [14041259.46378532]
 [14208620.85954113]
 [14375358.43135267]
 [14541244.1365743 ]
 [14706494.14011973]
 [14871129.33672717]
 [15034878.7122428 ]
 [15197919.83243057]
 [15360314.44406813]
 [15521923.3594763 ]
 [15682814.05517977]]",
towerse.post.cylinder_Myy,intermediate,N*m,"[[3.04479693e+08]
 [2.94403005e+08]
 [2.84279971e+08]
 [2.74114304e+08]
 [2.63909178e+08]
 [2.53670817e+08]
 [2.43402568e+08]
 [2.33106541e+08]
 [2.22788411e+08]
 [2.12451373e+08]
 [2.02096888e+08]
 [1.91730066e+08]
 [1.81353791e+08]
 [1.70968765e+08]
 [1.60579526e+08]
 [1.50188507e+08]
 [1.39795445e+08]
 [1.29404324e+08]
 [1.19017146e+08]
 [1.08632787e+08]
 [9.82547035e+07]
 [8.78845770e+07]
 [7.75207852e+07]
 [6.71662831e+07]
 [5.68226223e+07]
 [4.64882784e+07]
 [3.61654998e+07]
 [2.58559352e+07]
 [1.55596755e+07]
 [5.27821432e+06]]",
towerse.post.cylinder_Mzz,intermediate,N*m,"[[1118543.34045339]
 [1118538.40782575]
 [1118533.46809837]
 [1118539.93614659]
 [1118534.98840315]
 [1118530.0383856 ]
 [1118536.95975425]
 [1118532.00257258]
 [1118527.04361922]
 [1118533.44139236]
 [1118528.47483889]
 [1118523.50670487]
 [1118530.0493234 ]
 [1118525.07239252]
 [1118520.09394951]
 [1118527.81660924]
 [1118522.82699915]
 [1118517.83586131]
 [1118527.22540886]
 [1118522.21940579]
 [1118517.21178658]
 [1118528.28412229]
 [1118523.25658818]
 [1118518.22728153]
 [1118529.40563992]
 [1118524.92117395]
 [1118520.41050319]
 [1118524.1047423 ]
 [1118520.87625893]
 [1118517.61574381]]",
towerse.qdyn,output,Pa,"[[  0.        ]
 [ 51.28165784]
 [ 67.66655319]
 [ 79.58121373]
 [ 89.28655223]
 [ 97.62252992]
 [105.00804107]
 [111.68665206]
 [117.81431199]
 [123.4977543 ]
 [128.8137005 ]
 [133.81941614]
 [138.55894089]
 [143.06697599]
 [147.37142092]
 [151.49509097]
 [155.45691668]
 [159.27280374]
 [162.95626376]
 [166.51888607]
 [169.97069683]
 [173.32043666]
 [176.57577821]
 [179.74349873]
 [182.82961861]
 [185.83951359]
 [188.77800658]
 [191.6494434 ]
 [194.45775572]
 [197.20651382]
 [199.89897098]]",
towerse.nodes_xyz,output,m,"[[  0.           0.           0.        ]
 [  0.           0.           4.56666667]
 [  0.           0.           9.13333333]
 [  0.           0.          13.7       ]
 [  0.           0.          18.26666667]
 [  0.           0.          22.83333333]
 [  0.           0.          27.4       ]
 [  0.           0.          31.96666667]
 [  0.           0.          36.53333333]
 [  0.           0.          41.1       ]
 [  0.           0.          45.66666667]
 [  0.           0.          50.23333333]
 [  0.           0.          54.8       ]
 [  0.           0.          59.36666667]
 [  0.           0.          63.93333333]
 [  0.           0.          68.5       ]
 [  0.           0.          73.06666667]
 [  0.           0.          77.63333333]
 [  0.           0.          82.2       ]
 [  0.           0.          86.76666667]
 [  0.           0.          91.33333333]
 [  0.           0.          95.9       ]
 [  0.           0.         100.46666667]
 [  0.           0.         105.03333333]
 [  0.           0.         109.6       ]
 [  0.           0.         114.16666667]
 [  0.           0.         118.73333333]
 [  0.           0.         123.3       ]
 [  0.           0.         127.86666667]
 [  0.           0.         132.43333333]
 [  0.           0.         137.        ]]",
towerse.rna_mass,intermediate,kg,[365300.98901408],
towerse.rna_I,intermediate,kg*m**2,"[2.04343583e+08 1.33359142e+08 1.32430348e+08 1.45286730e+01
 3.82956956e+03 4.81127800e+04]",
towerse.rna_cg,intermediate,m,[-6.38444196 -0.0859972   2.15221498],
towerse.tower.rna_F,intermediate,N,"[[ 2188181.88824657]
 [   42091.27340261]
 [-1935655.03895519]]",
towerse.tower.rna_M,intermediate,N*m,"[[15682807.7685518 ]
 [ 5278210.16179379]
 [ 1118431.73455962]]",
towerse.Px,output,N/m,"[[0.]
 [0.]
 [0.]
 [0.]
 [0.]
 [0.]
 [0.]
 [0.]
 [0.]
 [0.]
 [0.]
 [0.]
 [0.]
 [0.]
 [0.]
 [0.]
 [0.]
 [0.]
 [0.]
 [0.]
 [0.]
 [0.]
 [0.]
 [0.]
 [0.]
 [0.]
 [0.]
 [0.]
 [0.]
 [0.]
 [0.]]",
towerse.Py,output,N/m,"[[0.]
 [0.]
 [0.]
 [0.]
 [0.]
 [0.]
 [0.]
 [0.]
 [0.]
 [0.]
 [0.]
 [0.]
 [0.]
 [0.]
 [0.]
 [0.]
 [0.]
 [0.]
 [0.]
 [0.]
 [0.]
 [0.]
 [0.]
 [0.]
 [0.]
 [0.]
 [0.]
 [0.]
 [0.]
 [0.]
 [0.]]",
towerse.Pz,output,N/m,"[[   0.        ]
 [-200.99777797]
 [-276.83215008]
 [-330.75393428]
 [-374.12461289]
 [-411.10957925]
 [-443.6215346 ]
 [-472.82310323]
 [-499.46361569]
 [-524.05288814]
 [-546.95538493]
 [-568.4417703 ]
 [-588.71921742]
 [-607.95025084]
 [-626.26499909]
 [-643.76946282]
 [-660.55127029]
 [-676.68379127]
 [-692.22914541]
 [-707.24044636]
 [-721.76350537]
 [-735.83814464]
 [-749.49922401]
 [-762.77745365]
 [-775.70004448]
 [-783.64207521]
 [-791.13630415]
 [-798.20634509]
 [-793.66705463]
 [-788.39500807]
 [-782.41017828]]",
towerse.tower_mass,output,kg,[791445.95807925],
towerse.tower_center_of_mass,output,m,[53.17313517],
towerse.tower_I_base,output,kg*m**2,"[3.33148093e+09 3.33148093e+09 6.98473441e+06 0.00000000e+00
 0.00000000e+00 0.00000000e+00]",
rotorse.r,intermediate,m,"[  3.           6.44814717   9.89629433  13.3444415   16.79258866
  20.24073583  23.68888299  27.13703016  30.58517733  34.03332449
  37.48147166  40.92961882  44.37776599  47.82591316  51.27406032
  54.72220749  58.17035465  61.61850182  65.06664898  68.51479615
  72.99738747  75.41109048  78.85923765  82.30738481  85.75553198
  89.20367915  92.65182631  96.09997348  99.54812064 102.99626781]",radial locations where blade is defined (should be increasing and not go all the way to hub or tip)
rotorse.chord,intermediate,m,"[4.5        4.51653455 4.59255455 4.72026865 4.75       4.75
 4.75       4.75       4.75       4.75       4.75       4.7
 4.64       4.48       4.30815493 4.07109567 3.83078655 3.59377787
 3.3535724  3.10972681 2.79010443 2.61780457 2.37255549 2.12536608
 1.87360817 1.6133977  1.34551447 1.07050448 0.78813172 0.5       ]",chord length at each section
rotorse.ccblade.theta_in,intermediate,rad,"[ 0.3491      0.3114934   0.2750893   0.24036879  0.20781296  0.17790291
  0.15111974  0.12794454  0.10885841  0.09434244  0.08467866  0.0775111
  0.07174552  0.06702161  0.06297906  0.05925757  0.05549683  0.05133651
  0.04641632  0.04037594  0.0304289   0.02415488  0.01416615  0.00305797
 -0.00907256 -0.0221283  -0.03601213 -0.05062693 -0.06587558 -0.08166095]",twist angle at each section (positive decreases angle of attack)
rotorse.airfoils_cl,intermediate,,"[[[[ 0.00000000e+00]
   [ 0.00000000e+00]
   [ 0.00000000e+00]
   [ 0.00000000e+00]
   [ 0.00000000e+00]]

  [[ 0.00000000e+00]
   [ 0.00000000e+00]
   [ 0.00000000e+00]
   [ 0.00000000e+00]
   [ 0.00000000e+00]]

  [[ 0.00000000e+00]
   [ 0.00000000e+00]
   [ 0.00000000e+00]
   [ 0.00000000e+00]
   [ 0.00000000e+00]]

  ...

  [[ 0.00000000e+00]
   [ 0.00000000e+00]
   [ 0.00000000e+00]
   [ 0.00000000e+00]
   [ 0.00000000e+00]]

  [[ 0.00000000e+00]
   [ 0.00000000e+00]
   [ 0.00000000e+00]
   [ 0.00000000e+00]
   [ 0.00000000e+00]]

  [[ 0.00000000e+00]
   [ 0.00000000e+00]
   [ 0.00000000e+00]
   [ 0.00000000e+00]
   [ 0.00000000e+00]]]


 [[[ 0.00000000e+00]
   [ 0.00000000e+00]
   [ 0.00000000e+00]
   [ 0.00000000e+00]
   [ 0.00000000e+00]]

  [[ 2.26137991e-03]
   [ 1.94775724e-03]
   [ 1.92094234e-03]
   [ 1.93109733e-03]
   [ 1.89340473e-03]]

  [[ 4.52275988e-03]
   [ 3.89551453e-03]
   [ 3.84188473e-03]
   [ 3.86219472e-03]
   [ 3.78680952e-03]]

  ...

  [[-4.52275988e-03]
   [-3.89551453e-03]
   [-3.84188473e-03]
   [-3.86219472e-03]
   [-3.78680952e-03]]

  [[-2.26137991e-03]
   [-1.94775724e-03]
   [-1.92094234e-03]
   [-1.93109733e-03]
   [-1.89340473e-03]]

  [[-7.53598903e-19]
   [-7.53598903e-19]
   [-7.53598903e-19]
   [-7.53598903e-19]
   [-7.53598903e-19]]]


 [[[ 0.00000000e+00]
   [ 0.00000000e+00]
   [ 0.00000000e+00]
   [ 0.00000000e+00]
   [ 0.00000000e+00]]

  [[ 2.24911443e-02]
   [ 2.00611592e-02]
   [ 1.98552462e-02]
   [ 1.99331949e-02]
   [ 1.96440645e-02]]

  [[ 4.49822890e-02]
   [ 4.01223189e-02]
   [ 3.97104929e-02]
   [ 3.98663903e-02]
   [ 3.92881293e-02]]

  ...

  [[-4.49822890e-02]
   [-4.01223189e-02]
   [-3.97104929e-02]
   [-3.98663903e-02]
   [-3.92881293e-02]]

  [[-2.24911443e-02]
   [-2.00611592e-02]
   [-1.98552462e-02]
   [-1.99331949e-02]
   [-1.96440645e-02]]

  [[-6.25425624e-18]
   [-6.25425624e-18]
   [-6.25425624e-18]
   [-6.25425624e-18]
   [-6.25425624e-18]]]


 ...


 [[[ 0.00000000e+00]
   [ 0.00000000e+00]
   [ 0.00000000e+00]
   [ 0.00000000e+00]
   [ 0.00000000e+00]]

  [[ 1.81891218e-01]
   [ 1.86009734e-01]
   [ 1.87437603e-01]
   [ 1.94392998e-01]
   [ 1.98011589e-01]]

  [[ 3.63782435e-01]
   [ 3.72019469e-01]
   [ 3.74875206e-01]
   [ 3.88785996e-01]
   [ 3.96023178e-01]]

  ...

  [[-3.63782435e-01]
   [-3.72019469e-01]
   [-3.74875206e-01]
   [-3.88785996e-01]
   [-3.96023178e-01]]

  [[-1.81891218e-01]
   [-1.86009734e-01]
   [-1.87437603e-01]
   [-1.94392998e-01]
   [-1.98011589e-01]]

  [[ 1.38777878e-17]
   [ 0.00000000e+00]
   [ 6.93889390e-18]
   [ 1.38777878e-17]
   [ 0.00000000e+00]]]


 [[[ 0.00000000e+00]
   [ 0.00000000e+00]
   [ 0.00000000e+00]
   [ 0.00000000e+00]
   [ 0.00000000e+00]]

  [[ 1.91313607e-01]
   [ 1.96662846e-01]
   [ 1.98266810e-01]
   [ 2.04863588e-01]
   [ 2.08470811e-01]]

  [[ 3.82627215e-01]
   [ 3.93325692e-01]
   [ 3.96533620e-01]
   [ 4.09727176e-01]
   [ 4.16941622e-01]]

  ...

  [[-3.82627215e-01]
   [-3.93325692e-01]
   [-3.96533620e-01]
   [-4.09727176e-01]
   [-4.16941622e-01]]

  [[-1.91313607e-01]
   [-1.96662846e-01]
   [-1.98266810e-01]
   [-2.04863588e-01]
   [-2.08470811e-01]]

  [[ 1.38777878e-17]
   [-1.38777878e-17]
   [ 0.00000000e+00]
   [ 1.38777878e-17]
   [ 0.00000000e+00]]]


 [[[ 0.00000000e+00]
   [ 0.00000000e+00]
   [ 0.00000000e+00]
   [ 0.00000000e+00]
   [ 0.00000000e+00]]

  [[ 2.02449660e-01]
   [ 2.09583515e-01]
   [ 2.11419915e-01]
   [ 2.17381080e-01]
   [ 2.21043270e-01]]

  [[ 4.04899320e-01]
   [ 4.19167029e-01]
   [ 4.22839830e-01]
   [ 4.34762160e-01]
   [ 4.42086540e-01]]

  ...

  [[-4.04899320e-01]
   [-4.19167029e-01]
   [-4.22839830e-01]
   [-4.34762160e-01]
   [-4.42086540e-01]]

  [[-2.02449660e-01]
   [-2.09583515e-01]
   [-2.11419915e-01]
   [-2.17381080e-01]
   [-2.21043270e-01]]

  [[-2.77555756e-17]
   [-1.38777878e-17]
   [ 1.38777878e-17]
   [ 0.00000000e+00]
   [-4.16333634e-17]]]]","lift coefficients, spanwise"
rotorse.airfoils_cd,intermediate,,"[[[[0.5       ]
   [0.5       ]
   [0.5       ]
   [0.5       ]
   [0.5       ]]

  [[0.5       ]
   [0.5       ]
   [0.5       ]
   [0.5       ]
   [0.5       ]]

  [[0.5       ]
   [0.5       ]
   [0.5       ]
   [0.5       ]
   [0.5       ]]

  ...

  [[0.5       ]
   [0.5       ]
   [0.5       ]
   [0.5       ]
   [0.5       ]]

  [[0.5       ]
   [0.5       ]
   [0.5       ]
   [0.5       ]
   [0.5       ]]

  [[0.5       ]
   [0.5       ]
   [0.5       ]
   [0.5       ]
   [0.5       ]]]


 [[[0.48317224]
   [0.48317224]
   [0.48317224]
   [0.48317224]
   [0.48317224]]

  [[0.48317224]
   [0.48317224]
   [0.48317224]
   [0.48317224]
   [0.48317224]]

  [[0.48317224]
   [0.48317224]
   [0.48317224]
   [0.48317224]
   [0.48317224]]

  ...

  [[0.48317224]
   [0.48317224]
   [0.48317224]
   [0.48317224]
   [0.48317224]]

  [[0.48317224]
   [0.48317224]
   [0.48317224]
   [0.48317224]
   [0.48317224]]

  [[0.48317224]
   [0.48317224]
   [0.48317224]
   [0.48317224]
   [0.48317224]]]


 [[[0.34328947]
   [0.34328947]
   [0.34328947]
   [0.34328947]
   [0.34328947]]

  [[0.34328947]
   [0.34328947]
   [0.34328947]
   [0.34328947]
   [0.34328947]]

  [[0.34328947]
   [0.34328947]
   [0.34328947]
   [0.34328947]
   [0.34328947]]

  ...

  [[0.34328947]
   [0.34328947]
   [0.34328947]
   [0.34328947]
   [0.34328947]]

  [[0.34328947]
   [0.34328947]
   [0.34328947]
   [0.34328947]
   [0.34328947]]

  [[0.34328947]
   [0.34328947]
   [0.34328947]
   [0.34328947]
   [0.34328947]]]


 ...


 [[[0.001     ]
   [0.001     ]
   [0.001     ]
   [0.001     ]
   [0.001     ]]

  [[0.001     ]
   [0.001     ]
   [0.001     ]
   [0.001     ]
   [0.001     ]]

  [[0.001     ]
   [0.001     ]
   [0.001     ]
   [0.001     ]
   [0.001     ]]

  ...

  [[0.001     ]
   [0.001     ]
   [0.001     ]
   [0.001     ]
   [0.001     ]]

  [[0.001     ]
   [0.001     ]
   [0.001     ]
   [0.001     ]
   [0.001     ]]

  [[0.001     ]
   [0.001     ]
   [0.001     ]
   [0.001     ]
   [0.001     ]]]


 [[[0.001     ]
   [0.001     ]
   [0.001     ]
   [0.001     ]
   [0.001     ]]

  [[0.001     ]
   [0.001     ]
   [0.001     ]
   [0.001     ]
   [0.001     ]]

  [[0.001     ]
   [0.001     ]
   [0.001     ]
   [0.001     ]
   [0.001     ]]

  ...

  [[0.001     ]
   [0.001     ]
   [0.001     ]
   [0.001     ]
   [0.001     ]]

  [[0.001     ]
   [0.001     ]
   [0.001     ]
   [0.001     ]
   [0.001     ]]

  [[0.001     ]
   [0.001     ]
   [0.001     ]
   [0.001     ]
   [0.001     ]]]


 [[[0.001     ]
   [0.001     ]
   [0.001     ]
   [0.001     ]
   [0.001     ]]

  [[0.001     ]
   [0.001     ]
   [0.001     ]
   [0.001     ]
   [0.001     ]]

  [[0.001     ]
   [0.001     ]
   [0.001     ]
   [0.001     ]
   [0.001     ]]

  ...

  [[0.001     ]
   [0.001     ]
   [0.001     ]
   [0.001     ]
   [0.001     ]]

  [[0.001     ]
   [0.001     ]
   [0.001     ]
   [0.001     ]
   [0.001     ]]

  [[0.001     ]
   [0.001     ]
   [0.001     ]
   [0.001     ]
   [0.001     ]]]]","drag coefficients, spanwise"
rotorse.airfoils_cm,intermediate,,"[[[[ 0.00000000e+00]
   [ 0.00000000e+00]
   [ 0.00000000e+00]
   [ 0.00000000e+00]
   [ 0.00000000e+00]]

  [[ 0.00000000e+00]
   [ 0.00000000e+00]
   [ 0.00000000e+00]
   [ 0.00000000e+00]
   [ 0.00000000e+00]]

  [[ 0.00000000e+00]
   [ 0.00000000e+00]
   [ 0.00000000e+00]
   [ 0.00000000e+00]
   [ 0.00000000e+00]]

  ...

  [[ 0.00000000e+00]
   [ 0.00000000e+00]
   [ 0.00000000e+00]
   [ 0.00000000e+00]
   [ 0.00000000e+00]]

  [[ 0.00000000e+00]
   [ 0.00000000e+00]
   [ 0.00000000e+00]
   [ 0.00000000e+00]
   [ 0.00000000e+00]]

  [[ 0.00000000e+00]
   [ 0.00000000e+00]
   [ 0.00000000e+00]
   [ 0.00000000e+00]
   [ 0.00000000e+00]]]


 [[[ 0.00000000e+00]
   [ 0.00000000e+00]
   [ 0.00000000e+00]
   [ 0.00000000e+00]
   [ 0.00000000e+00]]

  [[ 6.01446903e-03]
   [ 6.01446903e-03]
   [ 6.01446903e-03]
   [ 6.01446903e-03]
   [ 6.01446903e-03]]

  [[ 1.03917777e-02]
   [ 1.03917777e-02]
   [ 1.03917777e-02]
   [ 1.03917777e-02]
   [ 1.03917777e-02]]

  ...

  [[-1.50454748e-02]
   [-1.50454748e-02]
   [-1.50454748e-02]
   [-1.50454748e-02]
   [-1.50454748e-02]]

  [[-8.95340984e-03]
   [-8.95340984e-03]
   [-8.95340984e-03]
   [-8.95340984e-03]
   [-8.95340984e-03]]

  [[ 0.00000000e+00]
   [ 0.00000000e+00]
   [ 0.00000000e+00]
   [ 0.00000000e+00]
   [ 0.00000000e+00]]]


 [[[ 0.00000000e+00]
   [ 0.00000000e+00]
   [ 0.00000000e+00]
   [ 0.00000000e+00]
   [ 0.00000000e+00]]

  [[ 5.29945751e-02]
   [ 5.29945751e-02]
   [ 5.29945751e-02]
   [ 5.29945751e-02]
   [ 5.29945751e-02]]

  [[ 9.32521557e-02]
   [ 9.32521557e-02]
   [ 9.32521557e-02]
   [ 9.32521557e-02]
   [ 9.32521557e-02]]

  ...

  [[-1.32558809e-01]
   [-1.32558809e-01]
   [-1.32558809e-01]
   [-1.32558809e-01]
   [-1.32558809e-01]]

  [[-7.74099366e-02]
   [-7.74099366e-02]
   [-7.74099366e-02]
   [-7.74099366e-02]
   [-7.74099366e-02]]

  [[ 0.00000000e+00]
   [ 0.00000000e+00]
   [ 0.00000000e+00]
   [ 0.00000000e+00]
   [ 0.00000000e+00]]]


 ...


 [[[ 0.00000000e+00]
   [ 0.00000000e+00]
   [ 0.00000000e+00]
   [ 0.00000000e+00]
   [ 0.00000000e+00]]

  [[ 1.20000000e-01]
   [ 1.20000000e-01]
   [ 1.20000000e-01]
   [ 1.20000000e-01]
   [ 1.20000000e-01]]

  [[ 2.40000000e-01]
   [ 2.40000000e-01]
   [ 2.40000000e-01]
   [ 2.40000000e-01]
   [ 2.40000000e-01]]

  ...

  [[-3.00000000e-01]
   [-3.00000000e-01]
   [-3.00000000e-01]
   [-3.00000000e-01]
   [-3.00000000e-01]]

  [[-1.50000000e-01]
   [-1.50000000e-01]
   [-1.50000000e-01]
   [-1.50000000e-01]
   [-1.50000000e-01]]

  [[-1.38777878e-17]
   [-1.38777878e-17]
   [-1.38777878e-17]
   [-1.38777878e-17]
   [-1.38777878e-17]]]


 [[[ 0.00000000e+00]
   [ 0.00000000e+00]
   [ 0.00000000e+00]
   [ 0.00000000e+00]
   [ 0.00000000e+00]]

  [[ 1.20000000e-01]
   [ 1.20000000e-01]
   [ 1.20000000e-01]
   [ 1.20000000e-01]
   [ 1.20000000e-01]]

  [[ 2.40000000e-01]
   [ 2.40000000e-01]
   [ 2.40000000e-01]
   [ 2.40000000e-01]
   [ 2.40000000e-01]]

  ...

  [[-3.00000000e-01]
   [-3.00000000e-01]
   [-3.00000000e-01]
   [-3.00000000e-01]
   [-3.00000000e-01]]

  [[-1.50000000e-01]
   [-1.50000000e-01]
   [-1.50000000e-01]
   [-1.50000000e-01]
   [-1.50000000e-01]]

  [[-1.38777878e-17]
   [-1.38777878e-17]
   [-1.38777878e-17]
   [-1.38777878e-17]
   [-1.38777878e-17]]]


 [[[ 0.00000000e+00]
   [ 0.00000000e+00]
   [ 0.00000000e+00]
   [ 0.00000000e+00]
   [ 0.00000000e+00]]

  [[ 1.20000000e-01]
   [ 1.20000000e-01]
   [ 1.20000000e-01]
   [ 1.20000000e-01]
   [ 1.20000000e-01]]

  [[ 2.40000000e-01]
   [ 2.40000000e-01]
   [ 2.40000000e-01]
   [ 2.40000000e-01]
   [ 2.40000000e-01]]

  ...

  [[-3.00000000e-01]
   [-3.00000000e-01]
   [-3.00000000e-01]
   [-3.00000000e-01]
   [-3.00000000e-01]]

  [[-1.50000000e-01]
   [-1.50000000e-01]
   [-1.50000000e-01]
   [-1.50000000e-01]
   [-1.50000000e-01]]

  [[-1.38777878e-17]
   [-1.38777878e-17]
   [-1.38777878e-17]
   [-1.38777878e-17]
   [-1.38777878e-17]]]]","moment coefficients, spanwise"
rotorse.Rhub,intermediate,m,[3.],hub radius
rotorse.Rtip,intermediate,m,[102.99626781],tip radius
rotorse.ccblade.rthick,intermediate,,"[1.         0.9904762  0.90583552 0.76920637 0.62433185 0.51495506
 0.45652477 0.40898037 0.37373472 0.35299758 0.33854388 0.32716954
 0.31781339 0.30941425 0.30091105 0.29250549 0.28490061 0.27785301
 0.27111927 0.26445597 0.25549867 0.250367   0.2424545  0.23345852
 0.22353126 0.21373557 0.20477992 0.19617537 0.18790426 0.18      ]",1D array of the relative thicknesses of the blade defined along span.
rotorse.precurve,intermediate,m,"[ 0.          0.01458961  0.05222308  0.10814189  0.1742505   0.24113677
  0.30008558  0.34265121  0.35982107  0.34758647  0.3145081   0.26685814
  0.21087049  0.1404773   0.03804705 -0.09075292 -0.23512381 -0.39413733
 -0.58577711 -0.80529181 -1.1155553  -1.29121723 -1.5637297  -1.85903588
 -2.17067421 -2.49837779 -2.84335536 -3.20952152 -3.59684443 -4.        ]",precurve at each section
rotorse.precurveTip,intermediate,m,[-4.],precurve at tip
rotorse.presweep,intermediate,m,"[0. 0. 0. 0. 0. 0. 0. 0. 0. 0. 0. 0. 0. 0. 0. 0. 0. 0. 0. 0. 0. 0. 0. 0.
 0. 0. 0. 0. 0. 0.]",presweep at each section
rotorse.presweepTip,intermediate,m,[0.],presweep at tip
rotorse.hub_height,intermediate,m,[140.],hub height
rotorse.theta,output,deg,"[20.00195663 17.84725743 15.76145604 13.7721172  11.90680566 10.19308617
  8.65852346  7.33068229  6.23712738  5.40542349  4.85173007  4.44105881
  4.11071532  3.84005534  3.60843462  3.39520891  3.17973397  2.94136554
  2.65945937  2.31337122  1.74344765  1.38397276  0.81166088  0.17520865
 -0.51981921 -1.26785798 -2.06334293 -2.90070935 -3.77439251 -4.67882768]",Twist angle at each section (positive decreases angle of attack)
rotorse.re.pitch_axis,intermediate,,"[0.5        0.49816955 0.48992341 0.47666778 0.47368421 0.47368421
 0.47368421 0.47368421 0.47368421 0.47368421 0.47368421 0.46808511
 0.4612069  0.44196429 0.43251806 0.42095775 0.41010371 0.40195138
 0.39522149 0.39116278 0.39008436 0.39134099 0.39523274 0.40007425
 0.40504215 0.41113787 0.41946139 0.43201533 0.45321411 0.5       ]","1D array of the chordwise position of the pitch axis (0-LE, 1-TE), defined along blade span."
rotorse.re.coord_xy_interp,intermediate,,"[[[ 1.00000000e+00 -5.22802288e-16]
  [ 9.99429684e-01 -2.22597407e-02]
  [ 9.98063018e-01 -4.44580349e-02]
  ...
  [ 9.98120489e-01  4.38394581e-02]
  [ 9.99443038e-01  2.19496514e-02]
  [ 1.00000000e+00 -5.26271735e-16]]

 [[ 1.00000000e+00 -4.63811846e-04]
  [ 9.98467173e-01 -2.21760738e-02]
  [ 9.96201019e-01 -4.43513952e-02]
  ...
  [ 9.96776877e-01  4.39179785e-02]
  [ 9.98774657e-01  2.22119245e-02]
  [ 1.00000000e+00  3.03878429e-04]]

 [[ 1.00000000e+00 -3.84926541e-03]
  [ 9.90631439e-01 -2.12435866e-02]
  [ 9.80995553e-01 -4.24457781e-02]
  ...
  [ 9.85613808e-01  4.43560536e-02]
  [ 9.93218520e-01  2.41263074e-02]
  [ 1.00000000e+00  2.83048459e-03]]

 ...

 [[ 1.00000000e+00  2.99243424e-04]
  [ 9.76715850e-01  2.78508494e-03]
  [ 9.52832571e-01  4.62553820e-03]
  ...
  [ 9.52575171e-01  9.64309571e-03]
  [ 9.76267770e-01  4.94496385e-03]
  [ 1.00000000e+00  2.99243424e-04]]

 [[ 1.00000000e+00  7.60311480e-05]
  [ 9.76692547e-01  2.94939444e-03]
  [ 9.52952126e-01  4.97097005e-03]
  ...
  [ 9.52775619e-01  1.06814382e-02]
  [ 9.76380589e-01  5.38373218e-03]
  [ 1.00000000e+00  7.60311480e-05]]

 [[ 1.00000000e+00  1.76276899e-06]
  [ 9.76685164e-01  3.14692752e-03]
  [ 9.53182640e-01  5.22846152e-03]
  ...
  [ 9.52998460e-01  1.22336784e-02]
  [ 9.76506117e-01  6.17134718e-03]
  [ 1.00000000e+00  1.76276899e-06]]]",3D array of the non-dimensional x and y airfoil coordinates of the airfoils interpolated along span for n_span stations.
rotorse.re.precomp.web_start_nd,intermediate,,"[[0.19443411 0.20023461 0.2034648  0.30301315 0.31493788 0.32707215
  0.33454402 0.34017312 0.344208   0.34620556 0.34732351 0.35134524
  0.35544002 0.36694092 0.37381309 0.38301743 0.3918106  0.39907441
  0.40562439 0.41085998 0.4154427  0.41684124 0.41745388 0.41737886
  0.41698523 0.41540955 0.41172813 0.40481371 0.39152611 0.24523263]
 [0.19443411 0.20023461 0.2034648  0.24546624 0.25456011 0.26361178
  0.26911265 0.27293992 0.27516218 0.27549956 0.2749657  0.27663272
  0.27830614 0.28567273 0.28807906 0.29120514 0.29344287 0.2938854
  0.29316636 0.29067674 0.28457238 0.27990593 0.27146884 0.261506
  0.24994315 0.23522712 0.21550272 0.187438   0.14242594 0.24523263]]","2D array of the non-dimensional start point defined along the outer profile of a web. The TE suction side is 0, the TE pressure side is 1. The first dimension represents each web, the second dimension represents each entry along blade span."
rotorse.re.precomp.web_end_nd,intermediate,,"[[0.69444351 0.70077865 0.71106075 0.62799171 0.63332404 0.63500624
  0.63684697 0.63894683 0.64055999 0.64203689 0.64311407 0.64073174
  0.63792618 0.62754015 0.6215407  0.61306844 0.60491657 0.59825344
  0.5923317  0.58775303 0.58405032 0.58310783 0.58307151 0.58367186
  0.58444862 0.58623372 0.59005239 0.59707699 0.6105906  0.75672069]
 [0.69444351 0.70077865 0.71106075 0.68518658 0.69298952 0.69786227
  0.70203834 0.70651572 0.71023507 0.71340178 0.71607006 0.71590727
  0.71540243 0.70890262 0.7072315  0.70464535 0.7028554  0.70286602
  0.704101   0.70720805 0.71426763 0.71947024 0.72861466 0.73920479
  0.75117567 0.76596999 0.78545395 0.8129724  0.85731993 0.75672069]]","2D array of the non-dimensional end point defined along the outer profile of a web. The TE suction side is 0, the TE pressure side is 1. The first dimension represents each web, the second dimension represents each entry along blade span."
rotorse.re.precomp.layer_thickness,intermediate,m,"[[ 1.00000000e-03  1.00000000e-03  1.00000000e-03  1.00000000e-03
   1.00000000e-03  1.00000000e-03  1.00000000e-03  1.00000000e-03
   1.00000000e-03  1.00000000e-03  1.00000000e-03  1.00000000e-03
   1.00000000e-03  1.00000000e-03  1.00000000e-03  1.00000000e-03
   1.00000000e-03  1.00000000e-03  1.00000000e-03  1.00000000e-03
   1.00000000e-03  1.00000000e-03  1.00000000e-03  1.00000000e-03
   1.00000000e-03  1.00000000e-03  1.00000000e-03  1.00000000e-03
   1.00000000e-03  1.00000000e-03]
 [ 4.10000000e-02  3.30000000e-02  2.60000000e-02  2.00000000e-02
   1.50000000e-02  1.10000000e-02  8.28454072e-03  6.51243402e-03
   5.36207752e-03  4.70247504e-03  4.40263040e-03  4.33154742e-03
   4.35822991e-03  4.35168169e-03  4.30702965e-03  4.21940069e-03
   4.08392168e-03  3.89571952e-03  3.64992111e-03  3.34165333e-03
   2.86491152e-03  2.57935592e-03  2.14614940e-03  1.69211977e-03
   1.22767857e-03  1.00000000e-03  1.00000000e-03  1.00000000e-03
   1.00000000e-03  1.00000000e-03]
 [ 0.00000000e+00  1.03638639e-02  1.80212345e-02  2.53616596e-02
   3.20681938e-02  3.78238917e-02  4.23118077e-02  4.52149966e-02
   4.62165127e-02  4.56952678e-02  4.40301733e-02  4.16001409e-02
   3.87840821e-02  3.59609085e-02  3.35095318e-02  3.13580743e-02
   2.94346583e-02  2.76674064e-02  2.59844408e-02  2.43138839e-02
   2.20549123e-02  2.08042751e-02  1.89850461e-02  1.71360827e-02
   1.52672963e-02  1.33885984e-02  1.15099005e-02  9.63120264e-03
   7.75250477e-03  5.87380689e-03]
 [ 0.00000000e+00  1.24780597e-02  1.76115740e-02  2.27450883e-02
   2.76641755e-02  3.21544085e-02  3.60013601e-02  3.89906033e-02
   4.09077110e-02  4.15382560e-02  4.11017265e-02  3.98176106e-02
   3.79053964e-02  3.55845720e-02  3.30746256e-02  3.05950453e-02
   2.81565527e-02  2.57698696e-02  2.34457177e-02  2.11948185e-02
   1.83968865e-02  1.69556653e-02  1.49623503e-02  1.30321660e-02
   1.11493299e-02  9.29805909e-03  7.46257101e-03  5.62708293e-03
   3.79159485e-03  1.95610677e-03]
 [ 0.00000000e+00  0.00000000e+00  0.00000000e+00  0.00000000e+00
   0.00000000e+00  0.00000000e+00  0.00000000e+00  0.00000000e+00
   0.00000000e+00  0.00000000e+00  0.00000000e+00  0.00000000e+00
   0.00000000e+00  0.00000000e+00  0.00000000e+00  0.00000000e+00
   0.00000000e+00  0.00000000e+00  0.00000000e+00  1.00000000e-03
   3.44239839e-02  1.00000000e-03 -8.13151629e-20  0.00000000e+00
   0.00000000e+00  0.00000000e+00  0.00000000e+00  0.00000000e+00
   0.00000000e+00  0.00000000e+00]
 [ 0.00000000e+00  0.00000000e+00  0.00000000e+00  0.00000000e+00
   0.00000000e+00  0.00000000e+00  0.00000000e+00  0.00000000e+00
   0.00000000e+00  0.00000000e+00  0.00000000e+00  0.00000000e+00
   0.00000000e+00  0.00000000e+00  0.00000000e+00  0.00000000e+00
   0.00000000e+00  0.00000000e+00  0.00000000e+00  1.00000000e-03
   3.44239839e-02  1.00000000e-03 -8.13151629e-20  0.00000000e+00
   0.00000000e+00  0.00000000e+00  0.00000000e+00  0.00000000e+00
   0.00000000e+00  0.00000000e+00]
 [ 0.00000000e+00  0.00000000e+00  6.65003373e-03  8.14812366e-03
   9.64621359e-03  1.11443035e-02  1.26025620e-02  1.39811575e-02
   1.52402586e-02  1.63400338e-02  1.72406517e-02  1.79022807e-02
   1.83276090e-02  1.85193246e-02  1.84801155e-02  1.82126698e-02
   1.77196757e-02  1.70038210e-02  1.61057826e-02  1.50662370e-02
   1.35708454e-02  1.27253309e-02  1.15053236e-02  1.03065158e-02
   9.12537420e-03  7.95836553e-03  6.80195656e-03  5.65261407e-03
   4.50680481e-03  3.36099555e-03]
 [ 0.00000000e+00  0.00000000e+00  2.33432275e-02  2.51480648e-02
   2.69529021e-02  2.87577394e-02  3.05625767e-02  3.23674140e-02
   3.39953792e-02  3.52696003e-02  3.60132052e-02  3.60493218e-02
   3.52010780e-02  3.32916017e-02  3.05938669e-02  2.73808473e-02
   2.39255169e-02  2.05008494e-02  1.73798187e-02  1.48353987e-02
   1.22323494e-02  1.10919834e-02  9.70078471e-03  8.50178952e-03
   7.39889612e-03  6.29600271e-03  5.19310930e-03  4.09021589e-03
   2.98732248e-03 -6.50521303e-19]
 [ 0.00000000e+00  0.00000000e+00  2.33432275e-02  2.51480648e-02
   2.69529021e-02  2.87577394e-02  3.05625767e-02  3.23674140e-02
   3.39953792e-02  3.52696003e-02  3.60132052e-02  3.60493218e-02
   3.52010780e-02  3.32916017e-02  3.05938669e-02  2.73808473e-02
   2.39255169e-02  2.05008494e-02  1.73798187e-02  1.48353987e-02
   1.22323494e-02  1.10919834e-02  9.70078471e-03  8.50178952e-03
   7.39889612e-03  6.29600271e-03  5.19310930e-03  4.09021589e-03
   2.98732248e-03 -6.50521303e-19]
 [ 0.00000000e+00  0.00000000e+00  1.86402175e-02  2.29043857e-02
   2.71685539e-02  3.12820798e-02  3.50943212e-02  3.84546359e-02
   4.12123815e-02  4.32169158e-02  4.43175966e-02  4.46317757e-02
   4.42768050e-02  4.33700364e-02  4.20288217e-02  4.03705128e-02
   3.85124616e-02  3.64638788e-02  3.42339751e-02  3.18319613e-02
   2.84675254e-02  2.65484460e-02  2.36853660e-02  2.07018877e-02
   1.76220907e-02  1.44700547e-02  1.12698594e-02  8.04558436e-03
   4.82130936e-03  1.59703436e-03]
 [ 0.00000000e+00  0.00000000e+00  1.06783227e-02  1.30277497e-02
   1.53771767e-02  1.77266036e-02  2.00760306e-02  2.23436643e-02
   2.44477114e-02  2.63063787e-02  2.78378729e-02  2.89604006e-02
   2.95921686e-02  2.97916789e-02  2.96174332e-02  2.91279335e-02
   2.83816816e-02  2.74371794e-02  2.63529289e-02  2.51106409e-02
   2.32295708e-02  2.20787956e-02  2.02526601e-02  1.81953304e-02
   1.58885175e-02  1.33738018e-02  1.06927639e-02  7.88698432e-03
   4.99804368e-03  2.06752250e-03]
 [ 0.00000000e+00  0.00000000e+00  1.17141324e-02  1.47649473e-02
   1.78157623e-02  2.08665773e-02  2.39173922e-02  2.69682072e-02
   3.00190222e-02  3.29529872e-02  3.56532524e-02  3.80029677e-02
   3.98852833e-02  4.11833493e-02  4.17803156e-02  4.17273646e-02
   4.10756783e-02  3.98764390e-02  3.81808288e-02  3.60400301e-02
   3.26797937e-02  3.06420809e-02  2.75162660e-02  2.41934479e-02
   2.07392943e-02  1.72194730e-02  1.36996517e-02  1.01798304e-02
   6.66000904e-03  3.14018771e-03]
 [ 0.00000000e+00  0.00000000e+00  3.59873815e-02  4.39773438e-02
   5.19673061e-02  5.96302097e-02  6.66389959e-02  7.26666060e-02
   7.73859813e-02  8.04700630e-02  8.15917924e-02  8.09966867e-02
   7.89302631e-02  7.56380387e-02  7.13655306e-02  6.63582560e-02
   6.08617321e-02  5.50357312e-02  4.90400260e-02  4.30343888e-02
   3.54771595e-02  3.16324086e-02  2.65556105e-02  2.18699671e-02
   1.74972473e-02  1.33592202e-02  9.37765500e-03  5.47432071e-03
   1.57098642e-03  1.00000000e-03]
 [ 4.10000000e-02  3.30000000e-02  2.60000000e-02  2.00000000e-02
   1.53156219e-02  1.26140524e-02  1.00892854e-02  7.82972209e-03
   5.92376367e-03  4.45981139e-03  3.52626648e-03  3.01625067e-03
   2.82288569e-03  2.83929329e-03  2.95859519e-03  3.07391313e-03
   3.07836885e-03  2.99303427e-03  2.83898133e-03  2.63728196e-03
   2.33877707e-03  2.17523163e-03  1.95702453e-03  1.75179189e-03
   1.55693882e-03  1.36987043e-03  1.18799183e-03  1.00870812e-03
   1.00000000e-03  1.00000000e-03]
 [ 0.00000000e+00  0.00000000e+00  0.00000000e+00  2.16422907e-03
   2.21016153e-03  2.25609398e-03  2.30202643e-03  2.34795888e-03
   2.38578561e-03  2.40740088e-03  2.40469897e-03  2.36957416e-03
   2.29392070e-03  2.16963289e-03  2.01292217e-03  1.84000000e-03
   1.66707783e-03  1.51036711e-03  1.38607930e-03  1.31042584e-03
   1.27397979e-03  1.27259912e-03  1.29421439e-03  1.33204112e-03
   1.37797357e-03  1.42390602e-03  1.46983847e-03  1.51577093e-03
   1.56170338e-03  1.08420217e-19]
 [ 0.00000000e+00  0.00000000e+00  0.00000000e+00  3.74890612e-02
   3.61172335e-02  3.47454058e-02  3.33630956e-02  3.19598202e-02
   3.05250972e-02  2.90484440e-02  2.75193780e-02  2.59274168e-02
   2.43374498e-02  2.28143666e-02  2.14230569e-02  2.02284101e-02
   1.92953159e-02  1.86886639e-02  1.83467902e-02  1.82080313e-02
   2.00000000e-02  2.00000000e-02  2.00000000e-02  2.00000000e-02
   2.00000000e-02  2.00000000e-02  2.00000000e-02  2.00000000e-02
   2.00000000e-02  6.93889390e-18]
 [ 0.00000000e+00  0.00000000e+00  0.00000000e+00  2.07236417e-03
   2.11829662e-03  2.16422907e-03  2.21016153e-03  2.25609398e-03
   2.30202643e-03  2.34795888e-03  2.38578561e-03  2.40740088e-03
   2.40469897e-03  2.36957416e-03  2.29392070e-03  2.16963289e-03
   2.01292217e-03  1.84000000e-03  1.66707783e-03  1.51036711e-03
   1.35893442e-03  1.31042584e-03  1.27530103e-03  1.27259912e-03
   1.29421439e-03  1.33204112e-03  1.37797357e-03  1.42390602e-03
   1.46983847e-03  1.08420217e-19]
 [ 0.00000000e+00  0.00000000e+00  0.00000000e+00  2.51759997e-03
   2.44512991e-03  2.37265986e-03  2.30018980e-03  2.22771975e-03
   2.15449048e-03  2.07974278e-03  2.00271744e-03  1.92265525e-03
   1.83879698e-03  1.75038343e-03  1.66146746e-03  1.57610193e-03
   1.49833970e-03  1.43223365e-03  1.38183663e-03  1.35120150e-03
   1.33654766e-03  1.33604234e-03  1.34493101e-03  1.36040697e-03
   1.37917659e-03  1.39794620e-03  1.41671582e-03  1.43548543e-03
   1.45425505e-03  2.16840434e-19]
 [ 0.00000000e+00  0.00000000e+00  0.00000000e+00  3.77066146e-02
   3.63461220e-02  3.49856293e-02  3.36139152e-02  3.22197581e-02
   3.07919366e-02  2.93192293e-02  2.77904146e-02  2.61942712e-02
   2.45955568e-02  2.30590296e-02  2.16494473e-02  2.04315680e-02
   2.00000000e-02  2.00000000e-02  2.00000000e-02  2.00000000e-02
   2.00000000e-02  2.00000000e-02  2.00000000e-02  2.00000000e-02
   2.00000000e-02  2.00000000e-02  2.00000000e-02  2.00000000e-02
   2.00000000e-02  6.93889390e-18]
 [ 0.00000000e+00  0.00000000e+00  0.00000000e+00  2.66254008e-03
   2.59007002e-03  2.51759997e-03  2.44512991e-03  2.37265986e-03
   2.30018980e-03  2.22771975e-03  2.15449048e-03  2.07974278e-03
   2.00271744e-03  1.92265525e-03  1.83879698e-03  1.75038343e-03
   1.66146746e-03  1.57610193e-03  1.49833970e-03  1.43223365e-03
   1.37083839e-03  1.35120150e-03  1.33703462e-03  1.33604234e-03
   1.34493101e-03  1.36040697e-03  1.37917659e-03  1.39794620e-03
   1.41671582e-03  6.50521303e-19]]","2D array of the thickness of the layers of the blade structure. The first dimension represents each layer, the second dimension represents each entry along blade span."
rotorse.re.precomp.layer_start_nd,intermediate,,"[[0.         0.         0.         0.         0.         0.
  0.         0.         0.         0.         0.         0.
  0.         0.         0.         0.         0.         0.
  0.         0.         0.         0.         0.         0.
  0.         0.         0.         0.         0.         0.        ]
 [0.         0.         0.         0.         0.         0.
  0.         0.         0.         0.         0.         0.
  0.         0.         0.         0.         0.         0.
  0.         0.         0.         0.         0.         0.
  0.         0.         0.         0.         0.         0.        ]
 [0.16613836 0.17180127 0.17356408 0.24199078 0.24806134 0.25465133
  0.25823639 0.26060371 0.26185047 0.26161229 0.26081255 0.26231674
  0.26402735 0.27126114 0.27366032 0.27663823 0.27874511 0.27904085
  0.27805205 0.27506336 0.26774732 0.26203787 0.25142157 0.23806322
  0.22713446 0.21215315 0.19013613 0.15591778 0.10362535 0.08009451]
 [0.66614777 0.67234531 0.68116003 0.62565618 0.63217091 0.63585376
  0.63998753 0.64432499 0.64795853 0.6511168  0.65356262 0.65234045
  0.65045265 0.64095552 0.6356928  0.62793609 0.6202523  0.61369673
  0.60745521 0.6019908  0.59598027 0.59308008 0.58909607 0.58563415
  0.58359802 0.58098947 0.57747154 0.57208904 0.57339689 0.59684729]
 [0.19443411 0.20023461 0.2034648  0.20985913 0.21680988 0.22473252
  0.23047318 0.23511254 0.23881547 0.24131677 0.24339399 0.24777115
  0.25245366 0.2626957  0.26823324 0.27460993 0.28054095 0.28515759
  0.28912313 0.26924735 0.15010405 0.26663442 0.29282122 0.29160038
  0.29036809 0.28828892 0.28470286 0.27880225 0.26841981 0.24523263]
 [0.69444351 0.70077865 0.71106075 0.7210051  0.73181307 0.73805793
  0.74192309 0.74555238 0.74756319 0.74829535 0.74813068 0.74511023
  0.74148716 0.73206081 0.72721102 0.72134089 0.71582778 0.71163356
  0.70815871 0.68336645 0.56175767 0.67867243 0.70736157 0.70936109
  0.71126115 0.71382702 0.71773382 0.72373774 0.73399726 0.75672069]
 [0.48905595 0.48893839 0.48796411 0.48706864 0.48668455 0.48576547
  0.48502104 0.48531088 0.48564258 0.4857924  0.48611936 0.48627169
  0.48627317 0.48579129 0.48506303 0.48383156 0.48238805 0.48077685
  0.47894774 0.47684624 0.47359139 0.47152324 0.46807164 0.4638829
  0.45854522 0.4511866  0.44595877 0.44467843 0.44324233 0.44179699]
 [0.         0.         0.         0.         0.         0.
  0.         0.         0.         0.         0.         0.
  0.         0.         0.         0.         0.         0.
  0.         0.         0.         0.         0.         0.
  0.         0.         0.         0.         0.         0.        ]
 [0.95925412 0.95895293 0.9565692  0.95388656 0.95056337 0.94780072
  0.9455854  0.94397287 0.94256868 0.94189525 0.94165198 0.94093289
  0.94012219 0.93775085 0.9348865  0.93047603 0.92519004 0.92487708
  0.92502404 0.92507998 0.92496879 0.92485823 0.92470421 0.92478851
  0.93005609 0.93027525 0.93045139 0.93065362 0.93081265 0.93112403]
 [0.04074588 0.04104707 0.0434308  0.04611344 0.04943663 0.05219928
  0.0544146  0.05602713 0.05743132 0.05810475 0.05834802 0.05906711
  0.05987781 0.06224915 0.0651135  0.06952397 0.07480996 0.07512292
  0.07497596 0.07492002 0.07503121 0.07514177 0.07529579 0.07521149
  0.06994391 0.06972475 0.06954861 0.06934638 0.06918735 0.06887597]
 [0.22272986 0.22866794 0.23336552 0.30519775 0.31545386 0.32544802
  0.33085575 0.33465856 0.33693023 0.33733731 0.33709694 0.33988989
  0.34299578 0.35339757 0.35941354 0.36772761 0.37587724 0.38290041
  0.38967533 0.39578041 0.40279653 0.40628122 0.41109454 0.41700506
  0.41919031 0.42186213 0.42542975 0.43087324 0.43321427 0.41037074]
 [0.51094271 0.51093158 0.51109232 0.51151394 0.51274861 0.51314609
  0.51310658 0.51395159 0.51467968 0.51507905 0.51562235 0.51627311
  0.5168142  0.51755755 0.51822809 0.51906037 0.51995391 0.52094453
  0.52211804 0.52353357 0.52582167 0.52730935 0.52982516 0.53308866
  0.53739617 0.54310325 0.54601304 0.54471542 0.54334969 0.54177825]
 [0.72273926 0.72921198 0.74096147 0.68886315 0.69956343 0.70665045
  0.71260689 0.71837984 0.72303829 0.72684182 0.72984701 0.72991361
  0.72942107 0.72309195 0.72144602 0.71902547 0.71738444 0.71755629
  0.71907849 0.72270786 0.73102948 0.73732343 0.74876904 0.76133267
  0.77353861 0.78951013 0.81219362 0.84654949 0.89459762 0.91659409]
 [0.         0.         0.         0.         0.         0.
  0.         0.         0.         0.         0.         0.
  0.         0.         0.         0.05       0.05       0.05
  0.05       0.05       0.05       0.05       0.05       0.05
  0.05       0.05       0.04       0.05       0.05       0.05      ]
 [0.         0.         0.         0.         0.         0.
  0.         0.         0.         0.         0.         0.
  0.         0.         0.         0.         0.         0.
  0.         0.         0.         0.         0.         0.
  0.         0.         0.         0.         0.         0.        ]
 [0.         0.         0.         0.         0.         0.
  0.         0.         0.         0.         0.         0.
  0.         0.         0.         0.         0.         0.
  0.         0.         0.         0.         0.         0.
  0.         0.         0.         0.         0.         0.        ]
 [0.         0.         0.         0.         0.         0.
  0.         0.         0.         0.         0.         0.
  0.         0.         0.         0.         0.         0.
  0.         0.         0.         0.         0.         0.
  0.         0.         0.         0.         0.         0.        ]
 [0.         0.         0.         0.         0.         0.
  0.         0.         0.         0.         0.         0.
  0.         0.         0.         0.         0.         0.
  0.         0.         0.         0.         0.         0.
  0.         0.         0.         0.         0.         0.        ]
 [0.         0.         0.         0.         0.         0.
  0.         0.         0.         0.         0.         0.
  0.         0.         0.         0.         0.         0.
  0.         0.         0.         0.         0.         0.
  0.         0.         0.         0.         0.         0.        ]
 [0.         0.         0.         0.         0.         0.
  0.         0.         0.         0.         0.         0.
  0.         0.         0.         0.         0.         0.
  0.         0.         0.         0.         0.         0.
  0.         0.         0.         0.         0.         0.        ]]","2D array of the non-dimensional start point defined along the outer profile of a layer. The TE suction side is 0, the TE pressure side is 1. The first dimension represents each layer, the second dimension represents each entry along blade span."
rotorse.re.precomp.layer_end_nd,intermediate,,"[[1.         1.         1.         1.         1.         1.
  1.         1.         1.         1.         1.         1.
  1.         1.         1.         1.         1.         1.
  1.         1.         1.         1.         1.         1.
  1.         1.         1.         1.         1.         1.        ]
 [1.         1.         1.         1.         1.         1.
  1.         1.         1.         1.         1.         1.
  1.         1.         1.         1.         1.         1.
  1.         1.         1.         1.         1.         1.
  1.         1.         1.         1.         1.         1.        ]
 [0.22272986 0.22866794 0.23336552 0.30519775 0.31545386 0.32544802
  0.33085575 0.33465856 0.33693023 0.33733731 0.33709694 0.33988989
  0.34299578 0.35339757 0.35941354 0.36772761 0.37587724 0.38290041
  0.38967533 0.39578041 0.40279653 0.40628122 0.41109454 0.41700506
  0.41919031 0.42186213 0.42542975 0.43087324 0.43321427 0.41037074]
 [0.72273926 0.72921198 0.74096147 0.68886315 0.69956343 0.70665045
  0.71260689 0.71837984 0.72303829 0.72684182 0.72984701 0.72991361
  0.72942107 0.72309195 0.72144602 0.71902547 0.71738444 0.71755629
  0.71907849 0.72270786 0.73102948 0.73732343 0.74876904 0.76133267
  0.77353861 0.78951013 0.81219362 0.84654949 0.89459762 0.91659409]
 [0.19443411 0.20023461 0.2034648  0.20985913 0.21680988 0.22473252
  0.23047318 0.23511254 0.23881547 0.24131677 0.24339399 0.24777115
  0.25245366 0.2626957  0.26823324 0.27460993 0.28054095 0.28515759
  0.28912313 0.31451625 0.43708362 0.32072568 0.29282122 0.29160038
  0.29036809 0.28828892 0.28470286 0.27880225 0.26841981 0.24523263]
 [0.69444351 0.70077865 0.71106075 0.7210051  0.73181307 0.73805793
  0.74192309 0.74555238 0.74756319 0.74829535 0.74813068 0.74511023
  0.74148716 0.73206081 0.72721102 0.72134089 0.71582778 0.71163356
  0.70815871 0.72863534 0.84873723 0.73276369 0.70736157 0.70936109
  0.71126115 0.71382702 0.71773382 0.72373774 0.73399726 0.75672069]
 [0.51094271 0.51093158 0.51109232 0.51151394 0.51274861 0.51314609
  0.51310658 0.51395159 0.51467968 0.51507905 0.51562235 0.51627311
  0.5168142  0.51755755 0.51822809 0.51906037 0.51995391 0.52094453
  0.52211804 0.52353357 0.52582167 0.52730935 0.52982516 0.53308866
  0.53739617 0.54310325 0.54601304 0.54471542 0.54334969 0.54177825]
 [0.04074588 0.04104707 0.0434308  0.04611344 0.04943663 0.05219928
  0.0544146  0.05602713 0.05743132 0.05810475 0.05834802 0.05906711
  0.05987781 0.06224915 0.0651135  0.06952397 0.07480996 0.07512292
  0.07497596 0.07492002 0.07503121 0.07514177 0.07529579 0.07521149
  0.06994391 0.06972475 0.06954861 0.06934638 0.06918735 0.06887597]
 [1.         1.         1.         1.         1.         1.
  1.         1.         1.         1.         1.         1.
  1.         1.         1.         1.         1.         1.
  1.         1.         1.         1.         1.         1.
  1.         1.         1.         1.         1.         1.        ]
 [0.16613836 0.17180127 0.17356408 0.24199078 0.24806134 0.25465133
  0.25823639 0.26060371 0.26185047 0.26161229 0.26081255 0.26231674
  0.26402735 0.27126114 0.27366032 0.27663823 0.27874511 0.27904085
  0.27805205 0.27506336 0.26774732 0.26203787 0.25142157 0.23806322
  0.22713446 0.21215315 0.19013613 0.15591778 0.10362535 0.08009451]
 [0.48905595 0.48893839 0.48796411 0.48706864 0.48668455 0.48576547
  0.48502104 0.48531088 0.48564258 0.4857924  0.48611936 0.48627169
  0.48627317 0.48579129 0.48506303 0.48383156 0.48238805 0.48077685
  0.47894774 0.47684624 0.47359139 0.47152324 0.46807164 0.4638829
  0.45854522 0.4511866  0.44595877 0.44467843 0.44324233 0.44179699]
 [0.66614777 0.67234531 0.68116003 0.62565618 0.63217091 0.63585376
  0.63998753 0.64432499 0.64795853 0.6511168  0.65356262 0.65234045
  0.65045265 0.64095552 0.6356928  0.62793609 0.6202523  0.61369673
  0.60745521 0.6019908  0.59598027 0.59308008 0.58909607 0.58563415
  0.58359802 0.58098947 0.57747154 0.57208904 0.57339689 0.59684729]
 [0.95925412 0.95895293 0.9565692  0.95388656 0.95056337 0.94780072
  0.9455854  0.94397287 0.94256868 0.94189525 0.94165198 0.94093289
  0.94012219 0.93775085 0.9348865  0.93047603 0.92519004 0.92487708
  0.92502404 0.92507998 0.92496879 0.92485823 0.92470421 0.92478851
  0.93005609 0.93027525 0.93045139 0.93065362 0.93081265 0.93112403]
 [1.         1.         1.         1.         1.         1.
  1.         1.         1.         1.         1.         1.
  1.         1.         1.         0.95       0.95       0.95
  0.95       0.95       0.95       0.95       0.95       0.95
  0.95       0.95       0.95       0.95       0.95       0.95      ]
 [0.         0.         0.         0.         0.         0.
  0.         0.         0.         0.         0.         0.
  0.         0.         0.         0.         0.         0.
  0.         0.         0.         0.         0.         0.
  0.         0.         0.         0.         0.         0.        ]
 [0.         0.         0.         0.         0.         0.
  0.         0.         0.         0.         0.         0.
  0.         0.         0.         0.         0.         0.
  0.         0.         0.         0.         0.         0.
  0.         0.         0.         0.         0.         0.        ]
 [0.         0.         0.         0.         0.         0.
  0.         0.         0.         0.         0.         0.
  0.         0.         0.         0.         0.         0.
  0.         0.         0.         0.         0.         0.
  0.         0.         0.         0.         0.         0.        ]
 [0.         0.         0.         0.         0.         0.
  0.         0.         0.         0.         0.         0.
  0.         0.         0.         0.         0.         0.
  0.         0.         0.         0.         0.         0.
  0.         0.         0.         0.         0.         0.        ]
 [0.         0.         0.         0.         0.         0.
  0.         0.         0.         0.         0.         0.
  0.         0.         0.         0.         0.         0.
  0.         0.         0.         0.         0.         0.
  0.         0.         0.         0.         0.         0.        ]
 [0.         0.         0.         0.         0.         0.
  0.         0.         0.         0.         0.         0.
  0.         0.         0.         0.         0.         0.
  0.         0.         0.         0.         0.         0.
  0.         0.         0.         0.         0.         0.        ]]","2D array of the non-dimensional end point defined along the outer profile of a layer. The TE suction side is 0, the TE pressure side is 1. The first dimension represents each layer, the second dimension represents each entry along blade span."
rotorse.re.precomp.joint_mass,intermediate,kg,[430.89397749],Mass of the joint.
towerse.member.gc.d,intermediate,m,"[6.         6.         6.         6.         6.         6.
 6.         6.         6.         5.89079213 5.53032592]",
towerse.member.gc.t,intermediate,m,"[0.06190994 0.05532001 0.04902645 0.04351143 0.03838378 0.03328114
 0.0282451  0.02352226 0.01966602 0.01803766]",
towerse.member.s,output,,[0.  0.1 0.2 0.3 0.4 0.5 0.6 0.7 0.8 0.9 1. ],
towerse.member.height,output,m,[137.],
towerse.tower_outer_diameter,output,m,"[6.         6.         6.         6.         6.         6.
 6.         6.         6.         5.89079213 5.53032592]",
towerse.tower_wall_thickness,output,m,"[0.06190994 0.05532001 0.04902645 0.04351143 0.03838378 0.03328114
 0.0282451  0.02352226 0.01966602 0.01803766]",
towerse.member.E,output,Pa,[2.e+11 2.e+11 2.e+11 2.e+11 2.e+11 2.e+11 2.e+11 2.e+11 2.e+11 2.e+11],
towerse.member.G,output,Pa,"[7.93e+10 7.93e+10 7.93e+10 7.93e+10 7.93e+10 7.93e+10 7.93e+10 7.93e+10
 7.93e+10 7.93e+10]",
towerse.member.sigma_y,output,Pa,"[3.45e+08 3.45e+08 3.45e+08 3.45e+08 3.45e+08 3.45e+08 3.45e+08 3.45e+08
 3.45e+08 3.45e+08]",
towerse.member.rho,output,kg/m**3,[7800. 7800. 7800. 7800. 7800. 7800. 7800. 7800. 7800. 7800.],
towerse.member.unit_cost,output,USD/kg,[0.7 0.7 0.7 0.7 0.7 0.7 0.7 0.7 0.7 0.7],
towerse.member.outfitting_factor,output,,[1.07 1.07 1.07 1.07 1.07 1.07 1.07 1.07 1.07 1.07],
towerse.tower_s,intermediate,,[0.  0.1 0.2 0.3 0.4 0.5 0.6 0.7 0.8 0.9 1. ],
towerse.outfitting_full,output,,"[1.07 1.07 1.07 1.07 1.07 1.07 1.07 1.07 1.07 1.07 1.07 1.07 1.07 1.07
 1.07 1.07 1.07 1.07 1.07 1.07 1.07 1.07 1.07 1.07 1.07 1.07 1.07 1.07
 1.07 1.07]",
towerse.member.unit_cost_full,output,USD/kg,"[0.7 0.7 0.7 0.7 0.7 0.7 0.7 0.7 0.7 0.7 0.7 0.7 0.7 0.7 0.7 0.7 0.7 0.7
 0.7 0.7 0.7 0.7 0.7 0.7 0.7 0.7 0.7 0.7 0.7 0.7]",
towerse.hub_height,intermediate,m,[140.],
towerse.foundation_height,intermediate,m,[0.],
af_3d.cl,intermediate,,"[[[[ 0.00000000e+00]
   [ 0.00000000e+00]
   [ 0.00000000e+00]
   [ 0.00000000e+00]
   [ 0.00000000e+00]]

  [[ 0.00000000e+00]
   [ 0.00000000e+00]
   [ 0.00000000e+00]
   [ 0.00000000e+00]
   [ 0.00000000e+00]]

  [[ 0.00000000e+00]
   [ 0.00000000e+00]
   [ 0.00000000e+00]
   [ 0.00000000e+00]
   [ 0.00000000e+00]]

  ...

  [[ 0.00000000e+00]
   [ 0.00000000e+00]
   [ 0.00000000e+00]
   [ 0.00000000e+00]
   [ 0.00000000e+00]]

  [[ 0.00000000e+00]
   [ 0.00000000e+00]
   [ 0.00000000e+00]
   [ 0.00000000e+00]
   [ 0.00000000e+00]]

  [[ 0.00000000e+00]
   [ 0.00000000e+00]
   [ 0.00000000e+00]
   [ 0.00000000e+00]
   [ 0.00000000e+00]]]


 [[[ 0.00000000e+00]
   [ 0.00000000e+00]
   [ 0.00000000e+00]
   [ 0.00000000e+00]
   [ 0.00000000e+00]]

  [[ 2.26137991e-03]
   [ 1.94775724e-03]
   [ 1.92094234e-03]
   [ 1.93109733e-03]
   [ 1.89340473e-03]]

  [[ 4.52275988e-03]
   [ 3.89551453e-03]
   [ 3.84188473e-03]
   [ 3.86219472e-03]
   [ 3.78680952e-03]]

  ...

  [[-4.52275988e-03]
   [-3.89551453e-03]
   [-3.84188473e-03]
   [-3.86219472e-03]
   [-3.78680952e-03]]

  [[-2.26137991e-03]
   [-1.94775724e-03]
   [-1.92094234e-03]
   [-1.93109733e-03]
   [-1.89340473e-03]]

  [[-7.53598903e-19]
   [-7.53598903e-19]
   [-7.53598903e-19]
   [-7.53598903e-19]
   [-7.53598903e-19]]]


 [[[ 0.00000000e+00]
   [ 0.00000000e+00]
   [ 0.00000000e+00]
   [ 0.00000000e+00]
   [ 0.00000000e+00]]

  [[ 2.24911443e-02]
   [ 2.00611592e-02]
   [ 1.98552462e-02]
   [ 1.99331949e-02]
   [ 1.96440645e-02]]

  [[ 4.49822890e-02]
   [ 4.01223189e-02]
   [ 3.97104929e-02]
   [ 3.98663903e-02]
   [ 3.92881293e-02]]

  ...

  [[-4.49822890e-02]
   [-4.01223189e-02]
   [-3.97104929e-02]
   [-3.98663903e-02]
   [-3.92881293e-02]]

  [[-2.24911443e-02]
   [-2.00611592e-02]
   [-1.98552462e-02]
   [-1.99331949e-02]
   [-1.96440645e-02]]

  [[-6.25425624e-18]
   [-6.25425624e-18]
   [-6.25425624e-18]
   [-6.25425624e-18]
   [-6.25425624e-18]]]


 ...


 [[[ 0.00000000e+00]
   [ 0.00000000e+00]
   [ 0.00000000e+00]
   [ 0.00000000e+00]
   [ 0.00000000e+00]]

  [[ 1.81891218e-01]
   [ 1.86009734e-01]
   [ 1.87437603e-01]
   [ 1.94392998e-01]
   [ 1.98011589e-01]]

  [[ 3.63782435e-01]
   [ 3.72019469e-01]
   [ 3.74875206e-01]
   [ 3.88785996e-01]
   [ 3.96023178e-01]]

  ...

  [[-3.63782435e-01]
   [-3.72019469e-01]
   [-3.74875206e-01]
   [-3.88785996e-01]
   [-3.96023178e-01]]

  [[-1.81891218e-01]
   [-1.86009734e-01]
   [-1.87437603e-01]
   [-1.94392998e-01]
   [-1.98011589e-01]]

  [[-3.06780898e-19]
   [-2.47779670e-19]
   [ 0.00000000e+00]
   [ 1.29721666e-17]
   [-3.98810863e-18]]]


 [[[ 0.00000000e+00]
   [ 0.00000000e+00]
   [ 0.00000000e+00]
   [ 0.00000000e+00]
   [ 0.00000000e+00]]

  [[ 1.91313607e-01]
   [ 1.96662846e-01]
   [ 1.98266810e-01]
   [ 2.04863588e-01]
   [ 2.08470811e-01]]

  [[ 3.82627215e-01]
   [ 3.93325692e-01]
   [ 3.96533620e-01]
   [ 4.09727176e-01]
   [ 4.16941622e-01]]

  ...

  [[-3.82627215e-01]
   [-3.93325692e-01]
   [-3.96533620e-01]
   [-4.09727176e-01]
   [-4.16941622e-01]]

  [[-1.91313607e-01]
   [-1.96662846e-01]
   [-1.98266810e-01]
   [-2.04863588e-01]
   [-2.08470811e-01]]

  [[-1.16003931e-18]
   [-5.93069651e-19]
   [ 0.00000000e+00]
   [ 1.36426336e-17]
   [-8.66895539e-18]]]


 [[[ 0.00000000e+00]
   [ 0.00000000e+00]
   [ 0.00000000e+00]
   [ 0.00000000e+00]
   [ 0.00000000e+00]]

  [[ 2.02449660e-01]
   [ 2.09583515e-01]
   [ 2.11419915e-01]
   [ 2.17381080e-01]
   [ 2.21043270e-01]]

  [[ 4.04899320e-01]
   [ 4.19167029e-01]
   [ 4.22839830e-01]
   [ 4.34762160e-01]
   [ 4.42086540e-01]]

  ...

  [[-4.04899320e-01]
   [-4.19167029e-01]
   [-4.22839830e-01]
   [-4.34762160e-01]
   [-4.42086540e-01]]

  [[-2.02449660e-01]
   [-2.09583515e-01]
   [-2.11419915e-01]
   [-2.17381080e-01]
   [-2.21043270e-01]]

  [[-2.80518940e-18]
   [-1.05413865e-18]
   [ 0.00000000e+00]
   [ 1.38777878e-17]
   [-1.38777878e-17]]]]","4D array with the lift coefficients of the airfoils. Dimension 0 is along the blade span for n_span stations, dimension 1 is along the angles of attack, dimension 2 is along the Reynolds number, dimension 3 is along the number of tabs, which may describe multiple sets at the same station, for example in presence of a flap."
af_3d.cd,intermediate,,"[[[[0.5       ]
   [0.5       ]
   [0.5       ]
   [0.5       ]
   [0.5       ]]

  [[0.5       ]
   [0.5       ]
   [0.5       ]
   [0.5       ]
   [0.5       ]]

  [[0.5       ]
   [0.5       ]
   [0.5       ]
   [0.5       ]
   [0.5       ]]

  ...

  [[0.5       ]
   [0.5       ]
   [0.5       ]
   [0.5       ]
   [0.5       ]]

  [[0.5       ]
   [0.5       ]
   [0.5       ]
   [0.5       ]
   [0.5       ]]

  [[0.5       ]
   [0.5       ]
   [0.5       ]
   [0.5       ]
   [0.5       ]]]


 [[[0.48317224]
   [0.48317224]
   [0.48317224]
   [0.48317224]
   [0.48317224]]

  [[0.48317224]
   [0.48317224]
   [0.48317224]
   [0.48317224]
   [0.48317224]]

  [[0.48317224]
   [0.48317224]
   [0.48317224]
   [0.48317224]
   [0.48317224]]

  ...

  [[0.48317224]
   [0.48317224]
   [0.48317224]
   [0.48317224]
   [0.48317224]]

  [[0.48317224]
   [0.48317224]
   [0.48317224]
   [0.48317224]
   [0.48317224]]

  [[0.48317224]
   [0.48317224]
   [0.48317224]
   [0.48317224]
   [0.48317224]]]


 [[[0.34328947]
   [0.34328947]
   [0.34328947]
   [0.34328947]
   [0.34328947]]

  [[0.34328947]
   [0.34328947]
   [0.34328947]
   [0.34328947]
   [0.34328947]]

  [[0.34328947]
   [0.34328947]
   [0.34328947]
   [0.34328947]
   [0.34328947]]

  ...

  [[0.34328947]
   [0.34328947]
   [0.34328947]
   [0.34328947]
   [0.34328947]]

  [[0.34328947]
   [0.34328947]
   [0.34328947]
   [0.34328947]
   [0.34328947]]

  [[0.34328947]
   [0.34328947]
   [0.34328947]
   [0.34328947]
   [0.34328947]]]


 ...


 [[[0.001     ]
   [0.001     ]
   [0.001     ]
   [0.001     ]
   [0.001     ]]

  [[0.001     ]
   [0.001     ]
   [0.001     ]
   [0.001     ]
   [0.001     ]]

  [[0.001     ]
   [0.001     ]
   [0.001     ]
   [0.001     ]
   [0.001     ]]

  ...

  [[0.001     ]
   [0.001     ]
   [0.001     ]
   [0.001     ]
   [0.001     ]]

  [[0.001     ]
   [0.001     ]
   [0.001     ]
   [0.001     ]
   [0.001     ]]

  [[0.001     ]
   [0.001     ]
   [0.001     ]
   [0.001     ]
   [0.001     ]]]


 [[[0.001     ]
   [0.001     ]
   [0.001     ]
   [0.001     ]
   [0.001     ]]

  [[0.001     ]
   [0.001     ]
   [0.001     ]
   [0.001     ]
   [0.001     ]]

  [[0.001     ]
   [0.001     ]
   [0.001     ]
   [0.001     ]
   [0.001     ]]

  ...

  [[0.001     ]
   [0.001     ]
   [0.001     ]
   [0.001     ]
   [0.001     ]]

  [[0.001     ]
   [0.001     ]
   [0.001     ]
   [0.001     ]
   [0.001     ]]

  [[0.001     ]
   [0.001     ]
   [0.001     ]
   [0.001     ]
   [0.001     ]]]


 [[[0.001     ]
   [0.001     ]
   [0.001     ]
   [0.001     ]
   [0.001     ]]

  [[0.001     ]
   [0.001     ]
   [0.001     ]
   [0.001     ]
   [0.001     ]]

  [[0.001     ]
   [0.001     ]
   [0.001     ]
   [0.001     ]
   [0.001     ]]

  ...

  [[0.001     ]
   [0.001     ]
   [0.001     ]
   [0.001     ]
   [0.001     ]]

  [[0.001     ]
   [0.001     ]
   [0.001     ]
   [0.001     ]
   [0.001     ]]

  [[0.001     ]
   [0.001     ]
   [0.001     ]
   [0.001     ]
   [0.001     ]]]]","4D array with the drag coefficients of the airfoils. Dimension 0 is along the blade span for n_span stations, dimension 1 is along the angles of attack, dimension 2 is along the Reynolds number, dimension 3 is along the number of tabs, which may describe multiple sets at the same station, for example in presence of a flap."
af_3d.cm,intermediate,,"[[[[ 0.00000000e+00]
   [ 0.00000000e+00]
   [ 0.00000000e+00]
   [ 0.00000000e+00]
   [ 0.00000000e+00]]

  [[ 0.00000000e+00]
   [ 0.00000000e+00]
   [ 0.00000000e+00]
   [ 0.00000000e+00]
   [ 0.00000000e+00]]

  [[ 0.00000000e+00]
   [ 0.00000000e+00]
   [ 0.00000000e+00]
   [ 0.00000000e+00]
   [ 0.00000000e+00]]

  ...

  [[ 0.00000000e+00]
   [ 0.00000000e+00]
   [ 0.00000000e+00]
   [ 0.00000000e+00]
   [ 0.00000000e+00]]

  [[ 0.00000000e+00]
   [ 0.00000000e+00]
   [ 0.00000000e+00]
   [ 0.00000000e+00]
   [ 0.00000000e+00]]

  [[ 0.00000000e+00]
   [ 0.00000000e+00]
   [ 0.00000000e+00]
   [ 0.00000000e+00]
   [ 0.00000000e+00]]]


 [[[ 0.00000000e+00]
   [ 0.00000000e+00]
   [ 0.00000000e+00]
   [ 0.00000000e+00]
   [ 0.00000000e+00]]

  [[ 6.01446903e-03]
   [ 6.01446903e-03]
   [ 6.01446903e-03]
   [ 6.01446903e-03]
   [ 6.01446903e-03]]

  [[ 1.03917777e-02]
   [ 1.03917777e-02]
   [ 1.03917777e-02]
   [ 1.03917777e-02]
   [ 1.03917777e-02]]

  ...

  [[-1.50454748e-02]
   [-1.50454748e-02]
   [-1.50454748e-02]
   [-1.50454748e-02]
   [-1.50454748e-02]]

  [[-8.95340984e-03]
   [-8.95340984e-03]
   [-8.95340984e-03]
   [-8.95340984e-03]
   [-8.95340984e-03]]

  [[ 0.00000000e+00]
   [ 0.00000000e+00]
   [ 0.00000000e+00]
   [ 0.00000000e+00]
   [ 0.00000000e+00]]]


 [[[ 0.00000000e+00]
   [ 0.00000000e+00]
   [ 0.00000000e+00]
   [ 0.00000000e+00]
   [ 0.00000000e+00]]

  [[ 5.29945751e-02]
   [ 5.29945751e-02]
   [ 5.29945751e-02]
   [ 5.29945751e-02]
   [ 5.29945751e-02]]

  [[ 9.32521557e-02]
   [ 9.32521557e-02]
   [ 9.32521557e-02]
   [ 9.32521557e-02]
   [ 9.32521557e-02]]

  ...

  [[-1.32558809e-01]
   [-1.32558809e-01]
   [-1.32558809e-01]
   [-1.32558809e-01]
   [-1.32558809e-01]]

  [[-7.74099366e-02]
   [-7.74099366e-02]
   [-7.74099366e-02]
   [-7.74099366e-02]
   [-7.74099366e-02]]

  [[ 0.00000000e+00]
   [ 0.00000000e+00]
   [ 0.00000000e+00]
   [ 0.00000000e+00]
   [ 0.00000000e+00]]]


 ...


 [[[ 0.00000000e+00]
   [ 0.00000000e+00]
   [ 0.00000000e+00]
   [ 0.00000000e+00]
   [ 0.00000000e+00]]

  [[ 1.20000000e-01]
   [ 1.20000000e-01]
   [ 1.20000000e-01]
   [ 1.20000000e-01]
   [ 1.20000000e-01]]

  [[ 2.40000000e-01]
   [ 2.40000000e-01]
   [ 2.40000000e-01]
   [ 2.40000000e-01]
   [ 2.40000000e-01]]

  ...

  [[-3.00000000e-01]
   [-3.00000000e-01]
   [-3.00000000e-01]
   [-3.00000000e-01]
   [-3.00000000e-01]]

  [[-1.50000000e-01]
   [-1.50000000e-01]
   [-1.50000000e-01]
   [-1.50000000e-01]
   [-1.50000000e-01]]

  [[-1.92606959e-18]
   [-1.92606959e-18]
   [-1.92606959e-18]
   [-1.92606959e-18]
   [-1.92606959e-18]]]


 [[[ 0.00000000e+00]
   [ 0.00000000e+00]
   [ 0.00000000e+00]
   [ 0.00000000e+00]
   [ 0.00000000e+00]]

  [[ 1.20000000e-01]
   [ 1.20000000e-01]
   [ 1.20000000e-01]
   [ 1.20000000e-01]
   [ 1.20000000e-01]]

  [[ 2.40000000e-01]
   [ 2.40000000e-01]
   [ 2.40000000e-01]
   [ 2.40000000e-01]
   [ 2.40000000e-01]]

  ...

  [[-3.00000000e-01]
   [-3.00000000e-01]
   [-3.00000000e-01]
   [-3.00000000e-01]
   [-3.00000000e-01]]

  [[-1.50000000e-01]
   [-1.50000000e-01]
   [-1.50000000e-01]
   [-1.50000000e-01]
   [-1.50000000e-01]]

  [[-1.92606959e-18]
   [-1.92606959e-18]
   [-1.92606959e-18]
   [-1.92606959e-18]
   [-1.92606959e-18]]]


 [[[ 0.00000000e+00]
   [ 0.00000000e+00]
   [ 0.00000000e+00]
   [ 0.00000000e+00]
   [ 0.00000000e+00]]

  [[ 1.20000000e-01]
   [ 1.20000000e-01]
   [ 1.20000000e-01]
   [ 1.20000000e-01]
   [ 1.20000000e-01]]

  [[ 2.40000000e-01]
   [ 2.40000000e-01]
   [ 2.40000000e-01]
   [ 2.40000000e-01]
   [ 2.40000000e-01]]

  ...

  [[-3.00000000e-01]
   [-3.00000000e-01]
   [-3.00000000e-01]
   [-3.00000000e-01]
   [-3.00000000e-01]]

  [[-1.50000000e-01]
   [-1.50000000e-01]
   [-1.50000000e-01]
   [-1.50000000e-01]
   [-1.50000000e-01]]

  [[-1.92606959e-18]
   [-1.92606959e-18]
   [-1.92606959e-18]
   [-1.92606959e-18]
   [-1.92606959e-18]]]]","4D array with the moment coefficients of the airfoils. Dimension 0 is along the blade span for n_span stations, dimension 1 is along the angles of attack, dimension 2 is along the Reynolds number, dimension 3 is along the number of tabs, which may describe multiple sets at the same station, for example in presence of a flap."
af_3d.r_blade,intermediate,m,"[  3.           6.44814717   9.89629433  13.3444415   16.79258866
  20.24073583  23.68888299  27.13703016  30.58517733  34.03332449
  37.48147166  40.92961882  44.37776599  47.82591316  51.27406032
  54.72220749  58.17035465  61.61850182  65.06664898  68.51479615
  72.99738747  75.41109048  78.85923765  82.30738481  85.75553198
  89.20367915  92.65182631  96.09997348  99.54812064 102.99626781]",1D array of the dimensional spanwise grid defined along the rotor (hub radius to blade tip projected on the plane)
af_3d.rotor_radius,intermediate,m,[102.99626781],"Scalar of the rotor radius, defined ignoring prebend and sweep curvatures, and cone and uptilt angles."
af_3d.r_thick,intermediate,,"[1.         0.9904762  0.90583552 0.76920637 0.62433185 0.51495506
 0.45652477 0.40898037 0.37373472 0.35299758 0.33854388 0.32716954
 0.31781339 0.30941425 0.30091105 0.29250549 0.28490061 0.27785301
 0.27111927 0.26445597 0.25549867 0.250367   0.2424545  0.23345852
 0.22353126 0.21373557 0.20477992 0.19617537 0.18790426 0.18      ]",1D array of the relative thicknesses of the blade defined along span.
af_3d.chord,intermediate,m,"[4.5        4.51653455 4.59255455 4.72026865 4.75       4.75
 4.75       4.75       4.75       4.75       4.75       4.7
 4.64       4.48       4.30815493 4.07109567 3.83078655 3.59377787
 3.3535724  3.10972681 2.79010443 2.61780457 2.37255549 2.12536608
 1.87360817 1.6133977  1.34551447 1.07050448 0.78813172 0.5       ]",1D array of the chord values defined along blade span.
blade.compute_coord_xy_dim.chord,intermediate,m,"[4.5        4.51653455 4.59255455 4.72026865 4.75       4.75
 4.75       4.75       4.75       4.75       4.75       4.7
 4.64       4.48       4.30815493 4.07109567 3.83078655 3.59377787
 3.3535724  3.10972681 2.79010443 2.61780457 2.37255549 2.12536608
 1.87360817 1.6133977  1.34551447 1.07050448 0.78813172 0.5       ]",1D array of the chord values defined along blade span.
blade.compute_coord_xy_dim.pitch_axis,intermediate,,"[0.5        0.49816955 0.48992341 0.47666778 0.47368421 0.47368421
 0.47368421 0.47368421 0.47368421 0.47368421 0.47368421 0.46808511
 0.4612069  0.44196429 0.43251806 0.42095775 0.41010371 0.40195138
 0.39522149 0.39116278 0.39008436 0.39134099 0.39523274 0.40007425
 0.40504215 0.41113787 0.41946139 0.43201533 0.45321411 0.5       ]","1D array of the chordwise position of the pitch axis (0-LE, 1-TE), defined along blade span."
blade.compute_coord_xy_dim.twist,intermediate,rad,"[ 0.3491      0.3114934   0.2750893   0.24036879  0.20781296  0.17790291
  0.15111974  0.12794454  0.10885841  0.09434244  0.08467866  0.0775111
  0.07174552  0.06702161  0.06297906  0.05925757  0.05549683  0.05133651
  0.04641632  0.04037594  0.0304289   0.02415488  0.01416615  0.00305797
 -0.00907256 -0.0221283  -0.03601213 -0.05062693 -0.06587558 -0.08166095]",1D array of the twist values defined along blade span. The twist is defined positive for negative rotations around the z axis (the same as in BeamDyn).
blade.compute_coord_xy_dim.coord_xy_interp,intermediate,,"[[[ 1.00000000e+00 -5.22802288e-16]
  [ 9.99429684e-01 -2.22597407e-02]
  [ 9.98063018e-01 -4.44580349e-02]
  ...
  [ 9.98120489e-01  4.38394581e-02]
  [ 9.99443038e-01  2.19496514e-02]
  [ 1.00000000e+00 -5.26271735e-16]]

 [[ 1.00000000e+00 -4.63811846e-04]
  [ 9.98467173e-01 -2.21760738e-02]
  [ 9.96201019e-01 -4.43513952e-02]
  ...
  [ 9.96776877e-01  4.39179785e-02]
  [ 9.98774657e-01  2.22119245e-02]
  [ 1.00000000e+00  3.03878429e-04]]

 [[ 1.00000000e+00 -3.84926541e-03]
  [ 9.90631439e-01 -2.12435866e-02]
  [ 9.80995553e-01 -4.24457781e-02]
  ...
  [ 9.85613808e-01  4.43560536e-02]
  [ 9.93218520e-01  2.41263074e-02]
  [ 1.00000000e+00  2.83048459e-03]]

 ...

 [[ 1.00000000e+00  2.99243424e-04]
  [ 9.76715850e-01  2.78508494e-03]
  [ 9.52832571e-01  4.62553820e-03]
  ...
  [ 9.52575171e-01  9.64309571e-03]
  [ 9.76267770e-01  4.94496385e-03]
  [ 1.00000000e+00  2.99243424e-04]]

 [[ 1.00000000e+00  7.60311480e-05]
  [ 9.76692547e-01  2.94939444e-03]
  [ 9.52952126e-01  4.97097005e-03]
  ...
  [ 9.52775619e-01  1.06814382e-02]
  [ 9.76380589e-01  5.38373218e-03]
  [ 1.00000000e+00  7.60311480e-05]]

 [[ 1.00000000e+00  1.76276899e-06]
  [ 9.76685164e-01  3.14692752e-03]
  [ 9.53182640e-01  5.22846152e-03]
  ...
  [ 9.52998460e-01  1.22336784e-02]
  [ 9.76506117e-01  6.17134718e-03]
  [ 1.00000000e+00  1.76276899e-06]]]",3D array of the non-dimensional x and y airfoil coordinates of the airfoils interpolated along span for n_span stations. The leading edge is place at x=0 and y=0.
blade.compute_coord_xy_dim.ref_axis,intermediate,m,"[[ 0.00000000e+00  0.00000000e+00  0.00000000e+00]
 [ 1.45896086e-02  0.00000000e+00  3.44814717e+00]
 [ 5.22230768e-02  0.00000000e+00  6.89629433e+00]
 [ 1.08141891e-01  0.00000000e+00  1.03444415e+01]
 [ 1.74250500e-01  0.00000000e+00  1.37925887e+01]
 [ 2.41136773e-01  0.00000000e+00  1.72407358e+01]
 [ 3.00085581e-01  0.00000000e+00  2.06888830e+01]
 [ 3.42651213e-01  0.00000000e+00  2.41370302e+01]
 [ 3.59821072e-01  0.00000000e+00  2.75851773e+01]
 [ 3.47586472e-01  0.00000000e+00  3.10333245e+01]
 [ 3.14508104e-01  0.00000000e+00  3.44814717e+01]
 [ 2.66858145e-01  0.00000000e+00  3.79296188e+01]
 [ 2.10870490e-01  0.00000000e+00  4.13777660e+01]
 [ 1.40477297e-01  0.00000000e+00  4.48259132e+01]
 [ 3.80470534e-02  0.00000000e+00  4.82740603e+01]
 [-9.07529186e-02  0.00000000e+00  5.17222075e+01]
 [-2.35123811e-01  0.00000000e+00  5.51703547e+01]
 [-3.94137332e-01  0.00000000e+00  5.86185018e+01]
 [-5.85777112e-01  0.00000000e+00  6.20666490e+01]
 [-8.05291806e-01  0.00000000e+00  6.55147962e+01]
 [-1.11555530e+00  0.00000000e+00  6.99973875e+01]
 [-1.29121723e+00  0.00000000e+00  7.24110905e+01]
 [-1.56372970e+00  0.00000000e+00  7.58592376e+01]
 [-1.85903588e+00  0.00000000e+00  7.93073848e+01]
 [-2.17067421e+00  0.00000000e+00  8.27555320e+01]
 [-2.49837779e+00  0.00000000e+00  8.62036791e+01]
 [-2.84335536e+00  0.00000000e+00  8.96518263e+01]
 [-3.20952152e+00  0.00000000e+00  9.30999735e+01]
 [-3.59684443e+00  0.00000000e+00  9.65481206e+01]
 [-4.00000000e+00  0.00000000e+00  9.99962678e+01]]","2D array of the coordinates (x,y,z) of the blade reference axis, defined along blade span. The coordinate system is the one of BeamDyn: it is placed at blade root with x pointing the suction side of the blade, y pointing the trailing edge and z along the blade span. A standard configuration will have negative x values (prebend), if swept positive y values, and positive z values."
blade.compute_reynolds.chord,intermediate,m,"[4.5        4.51653455 4.59255455 4.72026865 4.75       4.75
 4.75       4.75       4.75       4.75       4.75       4.7
 4.64       4.48       4.30815493 4.07109567 3.83078655 3.59377787
 3.3535724  3.10972681 2.79010443 2.61780457 2.37255549 2.12536608
 1.87360817 1.6133977  1.34551447 1.07050448 0.78813172 0.5       ]",
blade.compute_reynolds.r_blade,intermediate,m,"[  3.           6.44814717   9.89629433  13.3444415   16.79258866
  20.24073583  23.68888299  27.13703016  30.58517733  34.03332449
  37.48147166  40.92961882  44.37776599  47.82591316  51.27406032
  54.72220749  58.17035465  61.61850182  65.06664898  68.51479615
  72.99738747  75.41109048  78.85923765  82.30738481  85.75553198
  89.20367915  92.65182631  96.09997348  99.54812064 102.99626781]",1D array of the dimensional spanwise grid defined along the rotor (hub radius to blade tip projected on the plane)
blade.compute_reynolds.rotor_radius,intermediate,m,[102.99626781],"Scalar of the rotor radius, defined ignoring prebend and sweep curvatures, and cone and uptilt angles."
blade.high_level_blade_props.blade_ref_axis_user,intermediate,m,"[[ 0.00000000e+00  0.00000000e+00  0.00000000e+00]
 [ 1.45896086e-02  0.00000000e+00  3.44814717e+00]
 [ 5.22230768e-02  0.00000000e+00  6.89629433e+00]
 [ 1.08141891e-01  0.00000000e+00  1.03444415e+01]
 [ 1.74250500e-01  0.00000000e+00  1.37925887e+01]
 [ 2.41136773e-01  0.00000000e+00  1.72407358e+01]
 [ 3.00085581e-01  0.00000000e+00  2.06888830e+01]
 [ 3.42651213e-01  0.00000000e+00  2.41370302e+01]
 [ 3.59821072e-01  0.00000000e+00  2.75851773e+01]
 [ 3.47586472e-01  0.00000000e+00  3.10333245e+01]
 [ 3.14508104e-01  0.00000000e+00  3.44814717e+01]
 [ 2.66858145e-01  0.00000000e+00  3.79296188e+01]
 [ 2.10870490e-01  0.00000000e+00  4.13777660e+01]
 [ 1.40477297e-01  0.00000000e+00  4.48259132e+01]
 [ 3.80470534e-02  0.00000000e+00  4.82740603e+01]
 [-9.07529186e-02  0.00000000e+00  5.17222075e+01]
 [-2.35123811e-01  0.00000000e+00  5.51703547e+01]
 [-3.94137332e-01  0.00000000e+00  5.86185018e+01]
 [-5.85777112e-01  0.00000000e+00  6.20666490e+01]
 [-8.05291806e-01  0.00000000e+00  6.55147962e+01]
 [-1.11555530e+00  0.00000000e+00  6.99973875e+01]
 [-1.29121723e+00  0.00000000e+00  7.24110905e+01]
 [-1.56372970e+00  0.00000000e+00  7.58592376e+01]
 [-1.85903588e+00  0.00000000e+00  7.93073848e+01]
 [-2.17067421e+00  0.00000000e+00  8.27555320e+01]
 [-2.49837779e+00  0.00000000e+00  8.62036791e+01]
 [-2.84335536e+00  0.00000000e+00  8.96518263e+01]
 [-3.20952152e+00  0.00000000e+00  9.30999735e+01]
 [-3.59684443e+00  0.00000000e+00  9.65481206e+01]
 [-4.00000000e+00  0.00000000e+00  9.99962678e+01]]","2D array of the coordinates (x,y,z) of the blade reference axis, defined along blade span. The coordinate system is the one of BeamDyn: it is placed at blade root with x pointing the suction side of the blade, y pointing the trailing edge and z along the blade span. A standard configuration will have negative x values (prebend), if swept positive y values, and positive z values."
blade.high_level_blade_props.hub_radius,intermediate,m,[3.],Radius of the hub. It defines the distance of the blade root from the rotor center along the coned line.
blade.internal_structure_2d_fem.s,intermediate,,"[0.         0.03448276 0.06896552 0.10344828 0.13793103 0.17241379
 0.20689655 0.24137931 0.27586207 0.31034483 0.34482759 0.37931034
 0.4137931  0.44827586 0.48275862 0.51724138 0.55172414 0.5862069
 0.62068966 0.65517241 0.7        0.72413793 0.75862069 0.79310345
 0.82758621 0.86206897 0.89655172 0.93103448 0.96551724 1.        ]","1D array of the non-dimensional spanwise grid defined along blade axis (0-blade root, 1-blade tip)"
blade.internal_structure_2d_fem.coord_xy_dim,intermediate,m,"[[[ 2.25000000e+00 -2.35261029e-15]
  [ 2.24743358e+00 -1.00168833e-01]
  [ 2.24128358e+00 -2.00061157e-01]
  ...
  [ 2.24154220e+00  1.97277562e-01]
  [ 2.24749367e+00  9.87734313e-02]
  [ 2.25000000e+00 -2.36822281e-15]]

 [[ 2.26653457e+00 -2.09482223e-03]
  [ 2.25961150e+00 -1.00159004e-01]
  [ 2.24937634e+00 -2.00314609e-01]
  ...
  [ 2.25197722e+00  1.98357067e-01]
  [ 2.26100026e+00  1.00320925e-01]
  [ 2.26653457e+00  1.37247743e-03]]

 [[ 2.34255457e+00 -1.76779614e-02]
  [ 2.29952894e+00 -9.75623303e-02]
  [ 2.25527561e+00 -1.94934552e-01]
  ...
  [ 2.27648519e+00  2.03707596e-01]
  [ 2.31141025e+00  1.10801383e-01]
  [ 2.34255457e+00  1.29991549e-02]]

 ...

 [[ 6.08030135e-01  3.20341427e-04]
  [ 5.83104348e-01  2.98144592e-03]
  [ 5.57537191e-01  4.95165937e-03]
  ...
  [ 5.57261644e-01  1.03229772e-02]
  [ 5.82624676e-01  5.29360597e-03]
  [ 6.08030135e-01  3.20341427e-04]]

 [[ 4.30939302e-01  5.99225592e-05]
  [ 4.12569959e-01  2.32451130e-03]
  [ 3.93859380e-01  3.91777916e-03]
  ...
  [ 3.93720270e-01  8.41838022e-03]
  [ 4.12324095e-01  4.24309009e-03]
  [ 4.30939302e-01  5.99225592e-05]]

 [[ 2.50000000e-01  8.81384494e-07]
  [ 2.38342582e-01  1.57346376e-03]
  [ 2.26591320e-01  2.61423076e-03]
  ...
  [ 2.26499230e-01  6.11683918e-03]
  [ 2.38253059e-01  3.08567359e-03]
  [ 2.50000000e-01  8.81384494e-07]]]",3D array of the dimensional x and y airfoil coordinates of the airfoils interpolated along span for n_span stations. The origin is placed at the pitch axis.
blade.internal_structure_2d_fem.twist,intermediate,rad,"[ 0.3491      0.3114934   0.2750893   0.24036879  0.20781296  0.17790291
  0.15111974  0.12794454  0.10885841  0.09434244  0.08467866  0.0775111
  0.07174552  0.06702161  0.06297906  0.05925757  0.05549683  0.05133651
  0.04641632  0.04037594  0.0304289   0.02415488  0.01416615  0.00305797
 -0.00907256 -0.0221283  -0.03601213 -0.05062693 -0.06587558 -0.08166095]",1D array of the twist values defined along blade span. The twist is defined positive for negative rotations around the z axis (the same as in BeamDyn).
blade.internal_structure_2d_fem.chord,intermediate,m,"[4.5        4.51653455 4.59255455 4.72026865 4.75       4.75
 4.75       4.75       4.75       4.75       4.75       4.7
 4.64       4.48       4.30815493 4.07109567 3.83078655 3.59377787
 3.3535724  3.10972681 2.79010443 2.61780457 2.37255549 2.12536608
 1.87360817 1.6133977  1.34551447 1.07050448 0.78813172 0.5       ]",1D array of the chord values defined along blade span.
blade.internal_structure_2d_fem.pitch_axis,intermediate,,"[0.5        0.49816955 0.48992341 0.47666778 0.47368421 0.47368421
 0.47368421 0.47368421 0.47368421 0.47368421 0.47368421 0.46808511
 0.4612069  0.44196429 0.43251806 0.42095775 0.41010371 0.40195138
 0.39522149 0.39116278 0.39008436 0.39134099 0.39523274 0.40007425
 0.40504215 0.41113787 0.41946139 0.43201533 0.45321411 0.5       ]","1D array of the chordwise position of the pitch axis (0-LE, 1-TE), defined along blade span."
blade.interp_airfoils.s,intermediate,,"[0.         0.03448276 0.06896552 0.10344828 0.13793103 0.17241379
 0.20689655 0.24137931 0.27586207 0.31034483 0.34482759 0.37931034
 0.4137931  0.44827586 0.48275862 0.51724138 0.55172414 0.5862069
 0.62068966 0.65517241 0.7        0.72413793 0.75862069 0.79310345
 0.82758621 0.86206897 0.89655172 0.93103448 0.96551724 1.        ]","1D array of the non-dimensional spanwise grid defined along blade axis (0-blade root, 1-blade tip)"
blade.interp_airfoils.pitch_axis,intermediate,,"[0.5        0.49816955 0.48992341 0.47666778 0.47368421 0.47368421
 0.47368421 0.47368421 0.47368421 0.47368421 0.47368421 0.46808511
 0.4612069  0.44196429 0.43251806 0.42095775 0.41010371 0.40195138
 0.39522149 0.39116278 0.39008436 0.39134099 0.39523274 0.40007425
 0.40504215 0.41113787 0.41946139 0.43201533 0.45321411 0.5       ]","1D array of the chordwise position of the pitch axis (0-LE, 1-TE), defined along blade span."
blade.interp_airfoils.chord,intermediate,m,"[4.5        4.51653455 4.59255455 4.72026865 4.75       4.75
 4.75       4.75       4.75       4.75       4.75       4.7
 4.64       4.48       4.30815493 4.07109567 3.83078655 3.59377787
 3.3535724  3.10972681 2.79010443 2.61780457 2.37255549 2.12536608
 1.87360817 1.6133977  1.34551447 1.07050448 0.78813172 0.5       ]",1D array of the chord values defined along blade span.
blade.interp_airfoils.r_thick_yaml,intermediate,,"[0. 0. 0. 0. 0. 0. 0. 0. 0. 0. 0. 0. 0. 0. 0. 0. 0. 0. 0. 0. 0. 0. 0. 0.
 0. 0. 0. 0. 0. 0.]",1D array of the relative thicknesses of the blade defined along span.
blade.pa.s,intermediate,,"[0.         0.03448276 0.06896552 0.10344828 0.13793103 0.17241379
 0.20689655 0.24137931 0.27586207 0.31034483 0.34482759 0.37931034
 0.4137931  0.44827586 0.48275862 0.51724138 0.55172414 0.5862069
 0.62068966 0.65517241 0.7        0.72413793 0.75862069 0.79310345
 0.82758621 0.86206897 0.89655172 0.93103448 0.96551724 1.        ]","1D array of the non-dimensional spanwise grid defined along blade axis (0-blade root, 1-blade tip)"
blade.ps.s,intermediate,,"[0.         0.03448276 0.06896552 0.10344828 0.13793103 0.17241379
 0.20689655 0.24137931 0.27586207 0.31034483 0.34482759 0.37931034
 0.4137931  0.44827586 0.48275862 0.51724138 0.55172414 0.5862069
 0.62068966 0.65517241 0.7        0.72413793 0.75862069 0.79310345
 0.82758621 0.86206897 0.89655172 0.93103448 0.96551724 1.        ]","1D array of the non-dimensional spanwise grid defined along blade axis (0-blade root, 1-blade tip)"
high_level_tower_props.rotor_diameter,intermediate,m,[205.99253562],Diameter of the rotor used in WISDEM. It is defined as two times the blade length plus the hub diameter.
tower_grid.ref_axis,intermediate,m,"[[  0.    0.    0. ]
 [  0.    0.   13.7]
 [  0.    0.   27.4]
 [  0.    0.   41.1]
 [  0.    0.   54.8]
 [  0.    0.   68.5]
 [  0.    0.   82.2]
 [  0.    0.   95.9]
 [  0.    0.  109.6]
 [  0.    0.  123.3]
 [  0.    0.  137. ]]","2D array of the coordinates (x,y,z) of the tower reference axis. The coordinate system is the global coordinate system of OpenFAST: it is placed at tower base with x pointing downwind, y pointing on the side and z pointing vertically upwards. A standard tower configuration will have zero x and y values and positive z values."
drivese.s_drive,output,m,"[-4.95279475 -3.95279475 -2.95279475 -2.20279475 -1.45279475  0.09214927
  1.63709329  1.73709329  1.92109329  2.10509329  3.06109329  4.01709329]",
drivese.bedplate_web_height,output,m,[2.01502282],
drivese.s_mb1,output,m,[2.10509329],
drivese.s_mb2,output,m,[1.73709329],
drivese.mb1_mass,intermediate,kg,[1480.55356999],
drivese.mb1_I,intermediate,kg*m**2,[134.02030141  70.60698288  70.60698288],
drivese.mb1_max_defl_ang,intermediate,rad,[0.00872665],
drivese.mb2_mass,intermediate,kg,[1349.62411874],
drivese.mb2_I,intermediate,kg*m**2,[118.75932276  61.52201828  61.52201828],
drivese.mb2_max_defl_ang,intermediate,rad,[0.078],
drivese.s_gearbox,output,m,[0.09214927],
drivese.s_generator,output,m,[-3.95279475],
drivese.F_mb1,output,N,"[[2143780.50156775]
 [  42091.3575846 ]
 [-711381.79698315]]",
drivese.F_mb2,output,N,"[[-0.]
 [-0.]
 [-0.]]",
drivese.F_torq,output,N,"[[-0.]
 [-0.]
 [-0.]]",
drivese.F_generator,output,N,"[[ -19254.75934943]
 [     -0.        ]
 [-275355.8868543 ]]",
drivese.M_mb1,output,N*m,"[[-0.]
 [-0.]
 [-0.]]",
drivese.M_mb2,output,N*m,"[[     -0.        ]
 [5590061.48691787]
 [2577381.14362458]]",
drivese.M_torq,output,N*m,"[[37770584.57509753]
 [      -0.        ]
 [      -0.        ]]",
drivese.M_generator,output,N*m,"[[ 390353.29242556]
 [-403770.90240231]
 [     -0.        ]]",
drivese.other_mass,output,kg,[81270.69098027],
drivese.bedplate_E,output,Pa,[2.e+11],
drivese.bedplate_G,output,Pa,[7.93e+10],
drivese.bedplate_rho,output,kg/m**3,[7800.],
drivese.bedplate_Xy,output,Pa,[3.45e+08],
drivese.rotor_diameter,intermediate,m,[205.99253562],
drivese.rated_torque,intermediate,N*m,[6713147.23157256],
drivese.lss_spring_constant,output,N*m/rad,[3.6257627e+08],
drivese.hss_spring_constant,output,N*m/rad,[35706869.28346739],
drivese.blades_I,intermediate,kg*m**2,"[2.01581705e+08 1.00790852e+08 1.00790852e+08 0.00000000e+00
 0.00000000e+00 0.00000000e+00]",
drivese.hub_system_I,output,kg*m**2,"[301219.54397865 186456.03280837 186456.03280837      0.
      0.              0.        ]",
drivese.lss_rpm,output,rpm,"[0.1        0.50951437 0.91902874 1.32854311 1.73805748 2.14757185
 2.55708622 2.96660059 3.37611496 3.78562933 4.1951437  4.60465807
 5.01417244 5.42368681 5.83320118 6.24271555 6.65222992 7.06174429
 7.47125866 7.88077303]",
drivese.s_hss,output,m,[-2.95279475 -2.20279475 -1.45279475],
drivese.M_hub,intermediate,N*m,"[[37770584.57509756]
 [ 5105832.83792008]
 [ 2644781.0669199 ]]",
drivese.generator_mass,output,kg,[19195.74437204],
drivese.generator_I,output,kg*m**2,[22908.70057703 17852.93174586 17852.93174586],
drivese.brake_mass,output,kg,[8190.03962252],
drivese.brake_I,output,kg*m**2,[4344.09168546 2172.04584273 2172.04584273],
drivese.hss_E,output,Pa,[2.e+11],
drivese.hss_G,output,Pa,[7.93e+10],
drivese.hss_rho,output,kg/m**3,[7800.],
drivese.hss_Xy,output,Pa,[3.45e+08],
drivese.pitch_mass,output,kg,[25532.91749646],
drivese.pitch_cost,output,USD,[0.],
drivese.pitch_I,output,kg*m**2,"[229796.25746817 114898.12873409 114898.12873409      0.
      0.              0.        ]",
drivese.hub_mass,output,kg,[8213.01886825],
drivese.hub_cost,output,USD,[5749.11320778],
drivese.hub_cm,output,m,[2.75306169],
drivese.hub_I,output,kg*m**2,"[49278.11320953 49278.11320953 49278.11320953     0.
     0.             0.        ]",
drivese.spinner_mass,output,kg,[2362.15181877],
drivese.spinner_cost,output,kg,[5412.83714109],
drivese.spinner_cm,output,m,[3.],
drivese.spinner_I,output,kg*m**2,"[22145.17330095 22145.17330095 22145.17330095     0.
     0.             0.        ]",
drivese.hub_shell.rho,intermediate,kg/m**3,[7800.],
drivese.max_torque,output,N*m,[33271972.4390148],
drivese.hub_shell.Xy,intermediate,Pa,[3.45e+08],
drivese.hub_shell.metal_cost,intermediate,USD/kg,[0.7],
drivese.blade_root_diameter,intermediate,m,[4.5],
drivese.rated_rpm,intermediate,rpm,[7.88077303],
drivese.blade_mass,intermediate,kg,[50167.15435274],
drivese.pitch_system.rho,intermediate,kg/m**3,[7800.],
drivese.pitch_system.Xy,intermediate,Pa,[3.45e+08],
drivese.pitch_system.BRFM,intermediate,N*m,[-49752098.52756298],
drivese.spinner_gust_ws,intermediate,m/s,[52.5],
drivese.spinner.composite_Xt,intermediate,Pa,[46210000.],
drivese.spinner.composite_rho,intermediate,kg/m**3,[1940.],
drivese.spinner.Xy,intermediate,Pa,[3.45e+08],
drivese.spinner.metal_rho,intermediate,kg/m**3,[7800.],
drivese.spinner.composite_cost,intermediate,USD/kg,[3.],
drivese.spinner.metal_cost,intermediate,USD/kg,[0.7],
drivese.lss_rho,output,kg/m**3,[7800.],
drivese.L_gearbox,output,m,[3.08988803],
drivese.s_lss,output,m,[1.63709329 1.73709329 1.92109329 2.10509329 4.01709329],
drivese.hub_system_mass,output,kg,[36108.08818349],
drivese.hub_system_cm,output,m,[2.76921613],
drivese.F_hub,intermediate,N,"[[2194761.72437759]
 [  42091.3575846 ]
 [  17683.65288007]]",
drivese.generator_rotor_mass,output,kg,[9597.87218602],
drivese.generator_rotor_I,output,kg*m**2,[11454.35028852  8926.46587293  8926.46587293],
drivese.gearbox_mass,output,kg,[33565.73615786],
drivese.gearbox_I,output,kg*m**2,[25637.26240599 39524.1128759  39524.1128759 ],
drivese.carrier_mass,output,kg,[0.],
drivese.carrier_I,output,kg*m**2,[0. 0. 0.],
drivese.lss_E,output,Pa,[2.e+11],
drivese.lss_G,output,Pa,[7.93e+10],
drivese.lss_Xy,output,Pa,[3.45e+08],
drivese.H_bedplate,output,m,[2.16502282],
drivese.L_bedplate,output,m,[8.94803784],
drivese.R_generator,output,m,[1.54494402],
drivese.generator_cm,intermediate,m,[-3.95279475],
drivese.rho_fiberglass,intermediate,kg/m**3,[1940.],
drivese.rho_castiron,intermediate,kg/m**3,[7800.],
drivese.mb1_cm,intermediate,m,[2.10509329],
drivese.mb2_cm,intermediate,m,[1.73709329],
drivese.gearbox_cm,intermediate,m,[0.09214927],
drivese.hss_mass,output,kg,[762.1855636],
drivese.hss_cm,output,m,[-2.20279475],
drivese.hss_I,output,kg*m**2,[  7.90233992 146.86096314 146.86096314],
drivese.brake_cm,output,m,[0.04607463],
drivese.generator_stator_mass,output,kg,[9597.87218602],
drivese.generator_stator_I,output,kg*m**2,[11454.35028852  8926.46587293  8926.46587293],
drivese.lss_mass,output,kg,[4854.1340218],
drivese.lss_cm,output,m,[2.82709329],
drivese.lss_I,output,kg*m**2,[ 202.01085498 2392.31849025 2392.31849025],
drivese.converter_mass,output,kg,[4196.35],
drivese.converter_cm,output,m,[0.         4.31010698 1.54494402],
drivese.converter_I,output,kg*m**2,[6677.37763838 6677.37763838 6677.37763838],
drivese.transformer_mass,output,kg,[11485.],
drivese.transformer_cm,output,m,[ 0.         -4.31010698  1.54494402],
drivese.transformer_I,output,kg*m**2,[18275.33026959 18275.33026959 18275.33026959],
drivese.yaw_mass,output,kg,[17718.22662096],
drivese.yaw_cm,output,m,[0. 0. 0.],
drivese.yaw_I,output,kg*m**2,[0. 0. 0.],
drivese.bedplate_mass,output,kg,[28022.72936555],
drivese.bedplate_cm,output,m,[-2.52598108  0.          1.05751141],
drivese.bedplate_I,output,kg*m**2,"[ 53638.13295762 206618.4178123  241708.05221668      0.
      0.              0.        ]",
drivese.hvac_mass,output,kg,[2912.15086465],
drivese.hvac_cm,output,m,[-3.95279475],
drivese.hvac_I,output,m,[3909.86615381 1954.93307691 1954.93307691],
drivese.platform_mass,output,kg,[38169.46196722],
drivese.platform_cm,output,m,[0. 0. 0.],
drivese.platform_I,output,m,[389136.45327517 389136.45327517 778262.72802715],
drivese.cover_mass,output,kg,[6789.50152745],
drivese.cover_cm,output,m,[-0.44740189  0.          2.04048176],
drivese.cover_I,output,m,[168.82865835 314.66635416 299.22959225],
drivese.constr_height,output,m,[2.16502282],
drivese.L_drive,output,m,[8.96988803],
drivese.shaft_start,output,m,[0.         0.         2.16502282],
drivese.blades_mass,intermediate,kg,[150501.46305821],
drivese.nacelle_mass,output,kg,[178691.43777238],
drivese.blades_cm,intermediate,m,[0.92835375],
drivese.nacelle_cm,output,m,[-0.0423748  -0.17580507  1.22913274],
drivese.nacelle_I_TT,output,kg*m**2,"[ 1.23135706e+06  1.67718311e+06  1.97769029e+06  1.45286730e+01
 -3.42452305e+04  4.81127800e+04]",
drivese.yaw.rho,intermediate,kg/m**3,[7800.],
rotorse.rc_in.blade_length,intermediate,m,[70.12284527],blade length
rotorse.rc_in.s,intermediate,,"[0.         0.04926108 0.09852217 0.14778325 0.19704433 0.24630542
 0.2955665  0.34482759 0.39408867 0.44334975 0.49261084 0.54187192
 0.591133   0.64039409 0.68965517 0.73891626 0.78817734 0.83743842
 0.88669951 0.93596059 1.        ]",blade nondimensional span location
rotorse.rc_in.chord,intermediate,m,"[4.5        4.51653455 4.59255455 4.72026865 4.75       4.75
 4.75       4.75       4.75       4.75       4.75       4.7
 4.64       4.48       4.30815493 4.07109567 3.83078655 3.59377787
 3.3535724  3.10972681 2.79010443]",Chord distribution
rotorse.rc_in.coord_xy_interp,intermediate,,"[[[ 1.00000000e+00 -5.22802288e-16]
  [ 9.99429684e-01 -2.22597407e-02]
  [ 9.98063018e-01 -4.44580349e-02]
  ...
  [ 9.98120489e-01  4.38394581e-02]
  [ 9.99443038e-01  2.19496514e-02]
  [ 1.00000000e+00 -5.26271735e-16]]

 [[ 1.00000000e+00 -4.63811846e-04]
  [ 9.98467173e-01 -2.21760738e-02]
  [ 9.96201019e-01 -4.43513952e-02]
  ...
  [ 9.96776877e-01  4.39179785e-02]
  [ 9.98774657e-01  2.22119245e-02]
  [ 1.00000000e+00  3.03878429e-04]]

 [[ 1.00000000e+00 -3.84926541e-03]
  [ 9.90631439e-01 -2.12435866e-02]
  [ 9.80995553e-01 -4.24457781e-02]
  ...
  [ 9.85613808e-01  4.43560536e-02]
  [ 9.93218520e-01  2.41263074e-02]
  [ 1.00000000e+00  2.83048459e-03]]

 ...

 [[ 1.00000000e+00 -2.46260310e-03]
  [ 9.78938056e-01 -5.76963289e-04]
  [ 9.54288397e-01  1.19753987e-03]
  ...
  [ 9.52128888e-01  1.73475440e-02]
  [ 9.76059052e-01  1.20792142e-02]
  [ 1.00000000e+00  6.85491322e-03]]

 [[ 1.00000000e+00 -2.72690256e-04]
  [ 9.80063869e-01  7.15954847e-04]
  [ 9.55470003e-01  1.86879457e-03]
  ...
  [ 9.52197935e-01  1.66394787e-02]
  [ 9.76093200e-01  1.14596333e-02]
  [ 1.00000000e+00  6.31813343e-03]]

 [[ 1.00000000e+00  2.29180864e-03]
  [ 9.81362427e-01  2.41480801e-03]
  [ 9.56820273e-01  2.87220682e-03]
  ...
  [ 9.52274818e-01  1.56425947e-02]
  [ 9.76130200e-01  1.05873203e-02]
  [ 1.00000000e+00  5.56536480e-03]]]",3D array of the non-dimensional x and y airfoil coordinates of the airfoils interpolated along span for n_span stations.
rotorse.rc_in.web_start_nd,intermediate,,"[[0.19443411 0.20023461 0.2034648  0.30301315 0.31493788 0.32707215
  0.33454402 0.34017312 0.344208   0.34620556 0.34732351 0.35134524
  0.35544002 0.36694092 0.37381309 0.38301743 0.3918106  0.39907441
  0.40562439 0.41085998 0.4154427 ]
 [0.19443411 0.20023461 0.2034648  0.24546624 0.25456011 0.26361178
  0.26911265 0.27293992 0.27516218 0.27549956 0.2749657  0.27663272
  0.27830614 0.28567273 0.28807906 0.29120514 0.29344287 0.2938854
  0.29316636 0.29067674 0.28457238]]","2D array of the non-dimensional start point defined along the outer profile of a web. The TE suction side is 0, the TE pressure side is 1. The first dimension represents each web, the second dimension represents each entry along blade span."
rotorse.rc_in.web_end_nd,intermediate,,"[[0.69444351 0.70077865 0.71106075 0.62799171 0.63332404 0.63500624
  0.63684697 0.63894683 0.64055999 0.64203689 0.64311407 0.64073174
  0.63792618 0.62754015 0.6215407  0.61306844 0.60491657 0.59825344
  0.5923317  0.58775303 0.58405032]
 [0.69444351 0.70077865 0.71106075 0.68518658 0.69298952 0.69786227
  0.70203834 0.70651572 0.71023507 0.71340178 0.71607006 0.71590727
  0.71540243 0.70890262 0.7072315  0.70464535 0.7028554  0.70286602
  0.704101   0.70720805 0.71426763]]","2D array of the non-dimensional end point defined along the outer profile of a web. The TE suction side is 0, the TE pressure side is 1. The first dimension represents each web, the second dimension represents each entry along blade span."
rotorse.rc_in.layer_thickness,intermediate,m,"[[0.001      0.001      0.001      0.001      0.001      0.001
  0.001      0.001      0.001      0.001      0.001      0.001
  0.001      0.001      0.001      0.001      0.001      0.001
  0.001      0.001      0.001     ]
 [0.041      0.033      0.026      0.02       0.015      0.011
  0.00828454 0.00651243 0.00536208 0.00470248 0.00440263 0.00433155
  0.00435823 0.00435168 0.00430703 0.0042194  0.00408392 0.00389572
  0.00364992 0.00334165 0.00286491]
 [0.         0.01036386 0.01802123 0.02536166 0.03206819 0.03782389
  0.04231181 0.045215   0.04621651 0.04569527 0.04403017 0.04160014
  0.03878408 0.03596091 0.03350953 0.03135807 0.02943466 0.02766741
  0.02598444 0.02431388 0.02205491]
 [0.         0.01247806 0.01761157 0.02274509 0.02766418 0.03215441
  0.03600136 0.0389906  0.04090771 0.04153826 0.04110173 0.03981761
  0.0379054  0.03558457 0.03307463 0.03059505 0.02815655 0.02576987
  0.02344572 0.02119482 0.01839689]
 [0.         0.         0.         0.         0.         0.
  0.         0.         0.         0.         0.         0.
  0.         0.         0.         0.         0.         0.
  0.         0.001      0.03442398]
 [0.         0.         0.         0.         0.         0.
  0.         0.         0.         0.         0.         0.
  0.         0.         0.         0.         0.         0.
  0.         0.001      0.03442398]
 [0.         0.         0.00665003 0.00814812 0.00964621 0.0111443
  0.01260256 0.01398116 0.01524026 0.01634003 0.01724065 0.01790228
  0.01832761 0.01851932 0.01848012 0.01821267 0.01771968 0.01700382
  0.01610578 0.01506624 0.01357085]
 [0.         0.         0.02334323 0.02514806 0.0269529  0.02875774
  0.03056258 0.03236741 0.03399538 0.0352696  0.03601321 0.03604932
  0.03520108 0.0332916  0.03059387 0.02738085 0.02392552 0.02050085
  0.01737982 0.0148354  0.01223235]
 [0.         0.         0.02334323 0.02514806 0.0269529  0.02875774
  0.03056258 0.03236741 0.03399538 0.0352696  0.03601321 0.03604932
  0.03520108 0.0332916  0.03059387 0.02738085 0.02392552 0.02050085
  0.01737982 0.0148354  0.01223235]
 [0.         0.         0.01864022 0.02290439 0.02716855 0.03128208
  0.03509432 0.03845464 0.04121238 0.04321692 0.0443176  0.04463178
  0.04427681 0.04337004 0.04202882 0.04037051 0.03851246 0.03646388
  0.03423398 0.03183196 0.02846753]
 [0.         0.         0.01067832 0.01302775 0.01537718 0.0177266
  0.02007603 0.02234366 0.02444771 0.02630638 0.02783787 0.0289604
  0.02959217 0.02979168 0.02961743 0.02912793 0.02838168 0.02743718
  0.02635293 0.02511064 0.02322957]
 [0.         0.         0.01171413 0.01476495 0.01781576 0.02086658
  0.02391739 0.02696821 0.03001902 0.03295299 0.03565325 0.03800297
  0.03988528 0.04118335 0.04178032 0.04172736 0.04107568 0.03987644
  0.03818083 0.03604003 0.03267979]
 [0.         0.         0.03598738 0.04397734 0.05196731 0.05963021
  0.066639   0.07266661 0.07738598 0.08047006 0.08159179 0.08099669
  0.07893026 0.07563804 0.07136553 0.06635826 0.06086173 0.05503573
  0.04904003 0.04303439 0.03547716]
 [0.041      0.033      0.026      0.02       0.01531562 0.01261405
  0.01008929 0.00782972 0.00592376 0.00445981 0.00352627 0.00301625
  0.00282289 0.00283929 0.0029586  0.00307391 0.00307837 0.00299303
  0.00283898 0.00263728 0.00233878]
 [0.         0.         0.         0.00216423 0.00221016 0.00225609
  0.00230203 0.00234796 0.00238579 0.0024074  0.0024047  0.00236957
  0.00229392 0.00216963 0.00201292 0.00184    0.00166708 0.00151037
  0.00138608 0.00131043 0.00127398]
 [0.         0.         0.         0.03748906 0.03611723 0.03474541
  0.0333631  0.03195982 0.0305251  0.02904844 0.02751938 0.02592742
  0.02433745 0.02281437 0.02142306 0.02022841 0.01929532 0.01868866
  0.01834679 0.01820803 0.02      ]
 [0.         0.         0.         0.00207236 0.0021183  0.00216423
  0.00221016 0.00225609 0.00230203 0.00234796 0.00238579 0.0024074
  0.0024047  0.00236957 0.00229392 0.00216963 0.00201292 0.00184
  0.00166708 0.00151037 0.00135893]
 [0.         0.         0.         0.0025176  0.00244513 0.00237266
  0.00230019 0.00222772 0.00215449 0.00207974 0.00200272 0.00192266
  0.0018388  0.00175038 0.00166147 0.0015761  0.00149834 0.00143223
  0.00138184 0.0013512  0.00133655]
 [0.         0.         0.         0.03770661 0.03634612 0.03498563
  0.03361392 0.03221976 0.03079194 0.02931923 0.02779041 0.02619427
  0.02459556 0.02305903 0.02164945 0.02043157 0.02       0.02
  0.02       0.02       0.02      ]
 [0.         0.         0.         0.00266254 0.00259007 0.0025176
  0.00244513 0.00237266 0.00230019 0.00222772 0.00215449 0.00207974
  0.00200272 0.00192266 0.0018388  0.00175038 0.00166147 0.0015761
  0.00149834 0.00143223 0.00137084]]","2D array of the thickness of the layers of the blade structure. The first dimension represents each layer, the second dimension represents each entry along blade span."
rotorse.rc_in.layer_start_nd,intermediate,,"[[0.         0.         0.         0.         0.         0.
  0.         0.         0.         0.         0.         0.
  0.         0.         0.         0.         0.         0.
  0.         0.         0.        ]
 [0.         0.         0.         0.         0.         0.
  0.         0.         0.         0.         0.         0.
  0.         0.         0.         0.         0.         0.
  0.         0.         0.        ]
 [0.16613836 0.17180127 0.17356408 0.24199078 0.24806134 0.25465133
  0.25823639 0.26060371 0.26185047 0.26161229 0.26081255 0.26231674
  0.26402735 0.27126114 0.27366032 0.27663823 0.27874511 0.27904085
  0.27805205 0.27506336 0.26774732]
 [0.66614777 0.67234531 0.68116003 0.62565618 0.63217091 0.63585376
  0.63998753 0.64432499 0.64795853 0.6511168  0.65356262 0.65234045
  0.65045265 0.64095552 0.6356928  0.62793609 0.6202523  0.61369673
  0.60745521 0.6019908  0.59598027]
 [0.19443411 0.20023461 0.2034648  0.20985913 0.21680988 0.22473252
  0.23047318 0.23511254 0.23881547 0.24131677 0.24339399 0.24777115
  0.25245366 0.2626957  0.26823324 0.27460993 0.28054095 0.28515759
  0.28912313 0.26924735 0.15010405]
 [0.69444351 0.70077865 0.71106075 0.7210051  0.73181307 0.73805793
  0.74192309 0.74555238 0.74756319 0.74829535 0.74813068 0.74511023
  0.74148716 0.73206081 0.72721102 0.72134089 0.71582778 0.71163356
  0.70815871 0.68336645 0.56175767]
 [0.48905595 0.48893839 0.48796411 0.48706864 0.48668455 0.48576547
  0.48502104 0.48531088 0.48564258 0.4857924  0.48611936 0.48627169
  0.48627317 0.48579129 0.48506303 0.48383156 0.48238805 0.48077685
  0.47894774 0.47684624 0.47359139]
 [0.         0.         0.         0.         0.         0.
  0.         0.         0.         0.         0.         0.
  0.         0.         0.         0.         0.         0.
  0.         0.         0.        ]
 [0.95925412 0.95895293 0.9565692  0.95388656 0.95056337 0.94780072
  0.9455854  0.94397287 0.94256868 0.94189525 0.94165198 0.94093289
  0.94012219 0.93775085 0.9348865  0.93047603 0.92519004 0.92487708
  0.92502404 0.92507998 0.92496879]
 [0.04074588 0.04104707 0.0434308  0.04611344 0.04943663 0.05219928
  0.0544146  0.05602713 0.05743132 0.05810475 0.05834802 0.05906711
  0.05987781 0.06224915 0.0651135  0.06952397 0.07480996 0.07512292
  0.07497596 0.07492002 0.07503121]
 [0.22272986 0.22866794 0.23336552 0.30519775 0.31545386 0.32544802
  0.33085575 0.33465856 0.33693023 0.33733731 0.33709694 0.33988989
  0.34299578 0.35339757 0.35941354 0.36772761 0.37587724 0.38290041
  0.38967533 0.39578041 0.40279653]
 [0.51094271 0.51093158 0.51109232 0.51151394 0.51274861 0.51314609
  0.51310658 0.51395159 0.51467968 0.51507905 0.51562235 0.51627311
  0.5168142  0.51755755 0.51822809 0.51906037 0.51995391 0.52094453
  0.52211804 0.52353357 0.52582167]
 [0.72273926 0.72921198 0.74096147 0.68886315 0.69956343 0.70665045
  0.71260689 0.71837984 0.72303829 0.72684182 0.72984701 0.72991361
  0.72942107 0.72309195 0.72144602 0.71902547 0.71738444 0.71755629
  0.71907849 0.72270786 0.73102948]
 [0.         0.         0.         0.         0.         0.
  0.         0.         0.         0.         0.         0.
  0.         0.         0.         0.05       0.05       0.05
  0.05       0.05       0.05      ]
 [0.         0.         0.         0.         0.         0.
  0.         0.         0.         0.         0.         0.
  0.         0.         0.         0.         0.         0.
  0.         0.         0.        ]
 [0.         0.         0.         0.         0.         0.
  0.         0.         0.         0.         0.         0.
  0.         0.         0.         0.         0.         0.
  0.         0.         0.        ]
 [0.         0.         0.         0.         0.         0.
  0.         0.         0.         0.         0.         0.
  0.         0.         0.         0.         0.         0.
  0.         0.         0.        ]
 [0.         0.         0.         0.         0.         0.
  0.         0.         0.         0.         0.         0.
  0.         0.         0.         0.         0.         0.
  0.         0.         0.        ]
 [0.         0.         0.         0.         0.         0.
  0.         0.         0.         0.         0.         0.
  0.         0.         0.         0.         0.         0.
  0.         0.         0.        ]
 [0.         0.         0.         0.         0.         0.
  0.         0.         0.         0.         0.         0.
  0.         0.         0.         0.         0.         0.
  0.         0.         0.        ]]","2D array of the non-dimensional start point defined along the outer profile of a layer. The TE suction side is 0, the TE pressure side is 1. The first dimension represents each layer, the second dimension represents each entry along blade span."
rotorse.rc_in.layer_end_nd,intermediate,,"[[1.         1.         1.         1.         1.         1.
  1.         1.         1.         1.         1.         1.
  1.         1.         1.         1.         1.         1.
  1.         1.         1.        ]
 [1.         1.         1.         1.         1.         1.
  1.         1.         1.         1.         1.         1.
  1.         1.         1.         1.         1.         1.
  1.         1.         1.        ]
 [0.22272986 0.22866794 0.23336552 0.30519775 0.31545386 0.32544802
  0.33085575 0.33465856 0.33693023 0.33733731 0.33709694 0.33988989
  0.34299578 0.35339757 0.35941354 0.36772761 0.37587724 0.38290041
  0.38967533 0.39578041 0.40279653]
 [0.72273926 0.72921198 0.74096147 0.68886315 0.69956343 0.70665045
  0.71260689 0.71837984 0.72303829 0.72684182 0.72984701 0.72991361
  0.72942107 0.72309195 0.72144602 0.71902547 0.71738444 0.71755629
  0.71907849 0.72270786 0.73102948]
 [0.19443411 0.20023461 0.2034648  0.20985913 0.21680988 0.22473252
  0.23047318 0.23511254 0.23881547 0.24131677 0.24339399 0.24777115
  0.25245366 0.2626957  0.26823324 0.27460993 0.28054095 0.28515759
  0.28912313 0.31451625 0.43708362]
 [0.69444351 0.70077865 0.71106075 0.7210051  0.73181307 0.73805793
  0.74192309 0.74555238 0.74756319 0.74829535 0.74813068 0.74511023
  0.74148716 0.73206081 0.72721102 0.72134089 0.71582778 0.71163356
  0.70815871 0.72863534 0.84873723]
 [0.51094271 0.51093158 0.51109232 0.51151394 0.51274861 0.51314609
  0.51310658 0.51395159 0.51467968 0.51507905 0.51562235 0.51627311
  0.5168142  0.51755755 0.51822809 0.51906037 0.51995391 0.52094453
  0.52211804 0.52353357 0.52582167]
 [0.04074588 0.04104707 0.0434308  0.04611344 0.04943663 0.05219928
  0.0544146  0.05602713 0.05743132 0.05810475 0.05834802 0.05906711
  0.05987781 0.06224915 0.0651135  0.06952397 0.07480996 0.07512292
  0.07497596 0.07492002 0.07503121]
 [1.         1.         1.         1.         1.         1.
  1.         1.         1.         1.         1.         1.
  1.         1.         1.         1.         1.         1.
  1.         1.         1.        ]
 [0.16613836 0.17180127 0.17356408 0.24199078 0.24806134 0.25465133
  0.25823639 0.26060371 0.26185047 0.26161229 0.26081255 0.26231674
  0.26402735 0.27126114 0.27366032 0.27663823 0.27874511 0.27904085
  0.27805205 0.27506336 0.26774732]
 [0.48905595 0.48893839 0.48796411 0.48706864 0.48668455 0.48576547
  0.48502104 0.48531088 0.48564258 0.4857924  0.48611936 0.48627169
  0.48627317 0.48579129 0.48506303 0.48383156 0.48238805 0.48077685
  0.47894774 0.47684624 0.47359139]
 [0.66614777 0.67234531 0.68116003 0.62565618 0.63217091 0.63585376
  0.63998753 0.64432499 0.64795853 0.6511168  0.65356262 0.65234045
  0.65045265 0.64095552 0.6356928  0.62793609 0.6202523  0.61369673
  0.60745521 0.6019908  0.59598027]
 [0.95925412 0.95895293 0.9565692  0.95388656 0.95056337 0.94780072
  0.9455854  0.94397287 0.94256868 0.94189525 0.94165198 0.94093289
  0.94012219 0.93775085 0.9348865  0.93047603 0.92519004 0.92487708
  0.92502404 0.92507998 0.92496879]
 [1.         1.         1.         1.         1.         1.
  1.         1.         1.         1.         1.         1.
  1.         1.         1.         0.95       0.95       0.95
  0.95       0.95       0.95      ]
 [0.         0.         0.         0.         0.         0.
  0.         0.         0.         0.         0.         0.
  0.         0.         0.         0.         0.         0.
  0.         0.         0.        ]
 [0.         0.         0.         0.         0.         0.
  0.         0.         0.         0.         0.         0.
  0.         0.         0.         0.         0.         0.
  0.         0.         0.        ]
 [0.         0.         0.         0.         0.         0.
  0.         0.         0.         0.         0.         0.
  0.         0.         0.         0.         0.         0.
  0.         0.         0.        ]
 [0.         0.         0.         0.         0.         0.
  0.         0.         0.         0.         0.         0.
  0.         0.         0.         0.         0.         0.
  0.         0.         0.        ]
 [0.         0.         0.         0.         0.         0.
  0.         0.         0.         0.         0.         0.
  0.         0.         0.         0.         0.         0.
  0.         0.         0.        ]
 [0.         0.         0.         0.         0.         0.
  0.         0.         0.         0.         0.         0.
  0.         0.         0.         0.         0.         0.
  0.         0.         0.        ]]","2D array of the non-dimensional end point defined along the outer profile of a layer. The TE suction side is 0, the TE pressure side is 1. The first dimension represents each layer, the second dimension represents each entry along blade span."
rotorse.rc_in.ply_t,intermediate,m,[1.e+06 1.e+06 5.e-03 5.e-03 1.e-03 1.e-03 1.e+06 1.e+06 1.e+06 1.e+06],1D array of the ply thicknesses of the materials. Non-composite materials are kept at 0.
rotorse.rc_in.fwf,intermediate,,"[0.         0.         0.74506827 0.77884615 0.74506827 0.74506827
 0.         0.         0.         0.        ]",1D array of the non-dimensional fiber weight fraction of the composite materials. Non-composite materials are kept at 0.
rotorse.rc_in.fvf,intermediate,,"[0.         0.         0.57       0.69230769 0.57       0.57
 0.         0.         0.         0.        ]",1D array of the non-dimensional fiber volume fraction of the composite materials. Non-composite materials are kept at 0.
rotorse.rc_out.blade_length,intermediate,m,[30.05264797],blade length
rotorse.rc_out.s,intermediate,,"[0.         0.08045977 0.1954023  0.31034483 0.42528736 0.54022989
 0.65517241 0.77011494 0.88505747 1.        ]",blade nondimensional span location
rotorse.rc_out.chord,intermediate,m,"[2.79010443 2.61780457 2.37255549 2.12536608 1.87360817 1.6133977
 1.34551447 1.07050448 0.78813172 0.5       ]",Chord distribution
rotorse.rc_out.coord_xy_interp,intermediate,,"[[[1.00000000e+00 2.29180864e-03]
  [9.81362427e-01 2.41480801e-03]
  [9.56820273e-01 2.87220682e-03]
  ...
  [9.52274818e-01 1.56425947e-02]
  [9.76130200e-01 1.05873203e-02]
  [1.00000000e+00 5.56536480e-03]]

 [[1.00000000e+00 3.37948426e-03]
  [9.81907667e-01 3.41070179e-03]
  [9.57383654e-01 3.55340084e-03]
  ...
  [9.52308532e-01 1.50382979e-02]
  [9.76145533e-01 1.00604661e-02]
  [1.00000000e+00 5.11552050e-03]]

 [[1.00000000e+00 4.23111514e-03]
  [9.82331973e-01 4.21406208e-03]
  [9.57820373e-01 4.20422714e-03]
  ...
  [9.52342585e-01 1.40441932e-02]
  [9.76158891e-01 9.19923406e-03]
  [1.00000000e+00 4.39165819e-03]]

 ...

 [[1.00000000e+00 2.99243424e-04]
  [9.76715850e-01 2.78508494e-03]
  [9.52832571e-01 4.62553820e-03]
  ...
  [9.52575171e-01 9.64309571e-03]
  [9.76267770e-01 4.94496385e-03]
  [1.00000000e+00 2.99243424e-04]]

 [[1.00000000e+00 7.60311480e-05]
  [9.76692547e-01 2.94939444e-03]
  [9.52952126e-01 4.97097005e-03]
  ...
  [9.52775619e-01 1.06814382e-02]
  [9.76380589e-01 5.38373218e-03]
  [1.00000000e+00 7.60311480e-05]]

 [[1.00000000e+00 1.76276899e-06]
  [9.76685164e-01 3.14692752e-03]
  [9.53182640e-01 5.22846152e-03]
  ...
  [9.52998460e-01 1.22336784e-02]
  [9.76506117e-01 6.17134718e-03]
  [1.00000000e+00 1.76276899e-06]]]",3D array of the non-dimensional x and y airfoil coordinates of the airfoils interpolated along span for n_span stations.
rotorse.rc_out.web_start_nd,intermediate,,"[[0.4154427  0.41684124 0.41745388 0.41737886 0.41698523 0.41540955
  0.41172813 0.40481371 0.39152611 0.24523263]
 [0.28457238 0.27990593 0.27146884 0.261506   0.24994315 0.23522712
  0.21550272 0.187438   0.14242594 0.24523263]]","2D array of the non-dimensional start point defined along the outer profile of a web. The TE suction side is 0, the TE pressure side is 1. The first dimension represents each web, the second dimension represents each entry along blade span."
rotorse.rc_out.web_end_nd,intermediate,,"[[0.58405032 0.58310783 0.58307151 0.58367186 0.58444862 0.58623372
  0.59005239 0.59707699 0.6105906  0.75672069]
 [0.71426763 0.71947024 0.72861466 0.73920479 0.75117567 0.76596999
  0.78545395 0.8129724  0.85731993 0.75672069]]","2D array of the non-dimensional end point defined along the outer profile of a web. The TE suction side is 0, the TE pressure side is 1. The first dimension represents each web, the second dimension represents each entry along blade span."
rotorse.rc_out.layer_thickness,intermediate,m,"[[ 1.00000000e-03  1.00000000e-03  1.00000000e-03  1.00000000e-03
   1.00000000e-03  1.00000000e-03  1.00000000e-03  1.00000000e-03
   1.00000000e-03  1.00000000e-03]
 [ 2.86491152e-03  2.57935592e-03  2.14614940e-03  1.69211977e-03
   1.22767857e-03  1.00000000e-03  1.00000000e-03  1.00000000e-03
   1.00000000e-03  1.00000000e-03]
 [ 2.20549123e-02  2.08042751e-02  1.89850461e-02  1.71360827e-02
   1.52672963e-02  1.33885984e-02  1.15099005e-02  9.63120264e-03
   7.75250477e-03  5.87380689e-03]
 [ 1.83968865e-02  1.69556653e-02  1.49623503e-02  1.30321660e-02
   1.11493299e-02  9.29805909e-03  7.46257101e-03  5.62708293e-03
   3.79159485e-03  1.95610677e-03]
 [ 3.44239839e-02  1.00000000e-03 -8.13151629e-20  0.00000000e+00
   0.00000000e+00  0.00000000e+00  0.00000000e+00  0.00000000e+00
   0.00000000e+00  0.00000000e+00]
 [ 3.44239839e-02  1.00000000e-03 -8.13151629e-20  0.00000000e+00
   0.00000000e+00  0.00000000e+00  0.00000000e+00  0.00000000e+00
   0.00000000e+00  0.00000000e+00]
 [ 1.35708454e-02  1.27253309e-02  1.15053236e-02  1.03065158e-02
   9.12537420e-03  7.95836553e-03  6.80195656e-03  5.65261407e-03
   4.50680481e-03  3.36099555e-03]
 [ 1.22323494e-02  1.10919834e-02  9.70078471e-03  8.50178952e-03
   7.39889612e-03  6.29600271e-03  5.19310930e-03  4.09021589e-03
   2.98732248e-03 -6.50521303e-19]
 [ 1.22323494e-02  1.10919834e-02  9.70078471e-03  8.50178952e-03
   7.39889612e-03  6.29600271e-03  5.19310930e-03  4.09021589e-03
   2.98732248e-03 -6.50521303e-19]
 [ 2.84675254e-02  2.65484460e-02  2.36853660e-02  2.07018877e-02
   1.76220907e-02  1.44700547e-02  1.12698594e-02  8.04558436e-03
   4.82130936e-03  1.59703436e-03]
 [ 2.32295708e-02  2.20787956e-02  2.02526601e-02  1.81953304e-02
   1.58885175e-02  1.33738018e-02  1.06927639e-02  7.88698432e-03
   4.99804368e-03  2.06752250e-03]
 [ 3.26797937e-02  3.06420809e-02  2.75162660e-02  2.41934479e-02
   2.07392943e-02  1.72194730e-02  1.36996517e-02  1.01798304e-02
   6.66000904e-03  3.14018771e-03]
 [ 3.54771595e-02  3.16324086e-02  2.65556105e-02  2.18699671e-02
   1.74972473e-02  1.33592202e-02  9.37765500e-03  5.47432071e-03
   1.57098642e-03  1.00000000e-03]
 [ 2.33877707e-03  2.17523163e-03  1.95702453e-03  1.75179189e-03
   1.55693882e-03  1.36987043e-03  1.18799183e-03  1.00870812e-03
   1.00000000e-03  1.00000000e-03]
 [ 1.27397979e-03  1.27259912e-03  1.29421439e-03  1.33204112e-03
   1.37797357e-03  1.42390602e-03  1.46983847e-03  1.51577093e-03
   1.56170338e-03  1.08420217e-19]
 [ 2.00000000e-02  2.00000000e-02  2.00000000e-02  2.00000000e-02
   2.00000000e-02  2.00000000e-02  2.00000000e-02  2.00000000e-02
   2.00000000e-02  6.93889390e-18]
 [ 1.35893442e-03  1.31042584e-03  1.27530103e-03  1.27259912e-03
   1.29421439e-03  1.33204112e-03  1.37797357e-03  1.42390602e-03
   1.46983847e-03  1.08420217e-19]
 [ 1.33654766e-03  1.33604234e-03  1.34493101e-03  1.36040697e-03
   1.37917659e-03  1.39794620e-03  1.41671582e-03  1.43548543e-03
   1.45425505e-03  2.16840434e-19]
 [ 2.00000000e-02  2.00000000e-02  2.00000000e-02  2.00000000e-02
   2.00000000e-02  2.00000000e-02  2.00000000e-02  2.00000000e-02
   2.00000000e-02  6.93889390e-18]
 [ 1.37083839e-03  1.35120150e-03  1.33703462e-03  1.33604234e-03
   1.34493101e-03  1.36040697e-03  1.37917659e-03  1.39794620e-03
   1.41671582e-03  6.50521303e-19]]","2D array of the thickness of the layers of the blade structure. The first dimension represents each layer, the second dimension represents each entry along blade span."
rotorse.rc_out.layer_start_nd,intermediate,,"[[0.         0.         0.         0.         0.         0.
  0.         0.         0.         0.        ]
 [0.         0.         0.         0.         0.         0.
  0.         0.         0.         0.        ]
 [0.26774732 0.26203787 0.25142157 0.23806322 0.22713446 0.21215315
  0.19013613 0.15591778 0.10362535 0.08009451]
 [0.59598027 0.59308008 0.58909607 0.58563415 0.58359802 0.58098947
  0.57747154 0.57208904 0.57339689 0.59684729]
 [0.15010405 0.26663442 0.29282122 0.29160038 0.29036809 0.28828892
  0.28470286 0.27880225 0.26841981 0.24523263]
 [0.56175767 0.67867243 0.70736157 0.70936109 0.71126115 0.71382702
  0.71773382 0.72373774 0.73399726 0.75672069]
 [0.47359139 0.47152324 0.46807164 0.4638829  0.45854522 0.4511866
  0.44595877 0.44467843 0.44324233 0.44179699]
 [0.         0.         0.         0.         0.         0.
  0.         0.         0.         0.        ]
 [0.92496879 0.92485823 0.92470421 0.92478851 0.93005609 0.93027525
  0.93045139 0.93065362 0.93081265 0.93112403]
 [0.07503121 0.07514177 0.07529579 0.07521149 0.06994391 0.06972475
  0.06954861 0.06934638 0.06918735 0.06887597]
 [0.40279653 0.40628122 0.41109454 0.41700506 0.41919031 0.42186213
  0.42542975 0.43087324 0.43321427 0.41037074]
 [0.52582167 0.52730935 0.52982516 0.53308866 0.53739617 0.54310325
  0.54601304 0.54471542 0.54334969 0.54177825]
 [0.73102948 0.73732343 0.74876904 0.76133267 0.77353861 0.78951013
  0.81219362 0.84654949 0.89459762 0.91659409]
 [0.05       0.05       0.05       0.05       0.05       0.05
  0.04       0.05       0.05       0.05      ]
 [0.         0.         0.         0.         0.         0.
  0.         0.         0.         0.        ]
 [0.         0.         0.         0.         0.         0.
  0.         0.         0.         0.        ]
 [0.         0.         0.         0.         0.         0.
  0.         0.         0.         0.        ]
 [0.         0.         0.         0.         0.         0.
  0.         0.         0.         0.        ]
 [0.         0.         0.         0.         0.         0.
  0.         0.         0.         0.        ]
 [0.         0.         0.         0.         0.         0.
  0.         0.         0.         0.        ]]","2D array of the non-dimensional start point defined along the outer profile of a layer. The TE suction side is 0, the TE pressure side is 1. The first dimension represents each layer, the second dimension represents each entry along blade span."
rotorse.rc_out.layer_end_nd,intermediate,,"[[1.         1.         1.         1.         1.         1.
  1.         1.         1.         1.        ]
 [1.         1.         1.         1.         1.         1.
  1.         1.         1.         1.        ]
 [0.40279653 0.40628122 0.41109454 0.41700506 0.41919031 0.42186213
  0.42542975 0.43087324 0.43321427 0.41037074]
 [0.73102948 0.73732343 0.74876904 0.76133267 0.77353861 0.78951013
  0.81219362 0.84654949 0.89459762 0.91659409]
 [0.43708362 0.32072568 0.29282122 0.29160038 0.29036809 0.28828892
  0.28470286 0.27880225 0.26841981 0.24523263]
 [0.84873723 0.73276369 0.70736157 0.70936109 0.71126115 0.71382702
  0.71773382 0.72373774 0.73399726 0.75672069]
 [0.52582167 0.52730935 0.52982516 0.53308866 0.53739617 0.54310325
  0.54601304 0.54471542 0.54334969 0.54177825]
 [0.07503121 0.07514177 0.07529579 0.07521149 0.06994391 0.06972475
  0.06954861 0.06934638 0.06918735 0.06887597]
 [1.         1.         1.         1.         1.         1.
  1.         1.         1.         1.        ]
 [0.26774732 0.26203787 0.25142157 0.23806322 0.22713446 0.21215315
  0.19013613 0.15591778 0.10362535 0.08009451]
 [0.47359139 0.47152324 0.46807164 0.4638829  0.45854522 0.4511866
  0.44595877 0.44467843 0.44324233 0.44179699]
 [0.59598027 0.59308008 0.58909607 0.58563415 0.58359802 0.58098947
  0.57747154 0.57208904 0.57339689 0.59684729]
 [0.92496879 0.92485823 0.92470421 0.92478851 0.93005609 0.93027525
  0.93045139 0.93065362 0.93081265 0.93112403]
 [0.95       0.95       0.95       0.95       0.95       0.95
  0.95       0.95       0.95       0.95      ]
 [0.         0.         0.         0.         0.         0.
  0.         0.         0.         0.        ]
 [0.         0.         0.         0.         0.         0.
  0.         0.         0.         0.        ]
 [0.         0.         0.         0.         0.         0.
  0.         0.         0.         0.        ]
 [0.         0.         0.         0.         0.         0.
  0.         0.         0.         0.        ]
 [0.         0.         0.         0.         0.         0.
  0.         0.         0.         0.        ]
 [0.         0.         0.         0.         0.         0.
  0.         0.         0.         0.        ]]","2D array of the non-dimensional end point defined along the outer profile of a layer. The TE suction side is 0, the TE pressure side is 1. The first dimension represents each layer, the second dimension represents each entry along blade span."
rotorse.rc_out.ply_t,intermediate,m,[1.e+06 1.e+06 5.e-03 5.e-03 1.e-03 1.e-03 1.e+06 1.e+06 1.e+06 1.e+06],1D array of the ply thicknesses of the materials. Non-composite materials are kept at 0.
rotorse.rc_out.fwf,intermediate,,"[0.         0.         0.74506827 0.77884615 0.74506827 0.74506827
 0.         0.         0.         0.        ]",1D array of the non-dimensional fiber weight fraction of the composite materials. Non-composite materials are kept at 0.
rotorse.rc_out.fvf,intermediate,,"[0.         0.         0.57       0.69230769 0.57       0.57
 0.         0.         0.         0.        ]",1D array of the non-dimensional fiber volume fraction of the composite materials. Non-composite materials are kept at 0.
rotorse.rp.aep.CDF_V,intermediate,m/s,"[0.20020685 0.209702   0.21932723 0.22907501 0.23893779 0.24890799
 0.25897806 0.26914044 0.27938758 0.28971197 0.30010612 0.3105626
 0.32107402 0.33163306 0.34223247 0.35286505 0.36352373 0.37420149
 0.38489144 0.39558676 0.40628078 0.41696693 0.42763876 0.43828996
 0.44891435 0.4595059  0.47005871 0.48056704 0.4910253  0.50142806
 0.51177006 0.52204619 0.53225151 0.54238125 0.55243083 0.56239582
 0.57227198 0.58205524 0.59174171 0.60132768 0.61080961 0.62018417
 0.62944816 0.63859861 0.64763269 0.65654776 0.66534137 0.67401122
 0.68255519 0.69097135 0.69925792 0.70741329 0.71543601 0.7233248
 0.73107854 0.73869625 0.74617713 0.75352049 0.76072582 0.76779275
 0.77472102 0.78151053 0.7881613  0.79467349 0.80104736 0.80728332
 0.81338185 0.81934359 0.82516925 0.83085965 0.83641573 0.84183848
 0.84712902 0.85228853 0.85731828 0.86221962 0.86699395 0.87164277
 0.87616762 0.88057011 0.88485189 0.88901468 0.89306024 0.89699037
 0.90080692 0.90451177 0.90810682 0.91159401 0.91497532 0.91825273
 0.92142824 0.92450388 0.92748168 0.93036368 0.93315194 0.93584852
 0.93845545 0.94097481 0.94340863 0.94575898 0.94802787 0.95021734
 0.95232939 0.95436604 0.95632926 0.95822101 0.96004324 0.96179787
 0.96348681 0.96511193 0.96667509 0.96817811 0.96962278 0.97101089
 0.97234416 0.97362432 0.97485305 0.97603198 0.97716275 0.97824694
 0.9792861  0.98028175 0.98123538 0.98214844 0.98302236 0.98385851
 0.98465825 0.9854229  0.98615375 0.98685205 0.98751901 0.98815582
 0.98876363 0.98934357 0.98989672 0.99042413 0.99092684 0.99140582
 0.99186205 0.99229646 0.99270995 0.99310338 0.99347762 0.99383346
 0.9941717  0.9944931  0.9947984  0.9950883  0.99536348 0.99562461
 0.99587231 0.99610721 0.99632987 0.99654088 0.99674077 0.99693006
 0.99710926 0.99727884 0.99743927 0.99759099 0.99773443 0.99786999
 0.99799806 0.99811902 0.99823321 0.99834099 0.99844268 0.99853859
 0.99862903 0.99871426 0.99879457 0.99887022 0.99894144 0.99900849
 0.99907158 0.99913092 0.99918672 0.99923918 0.99928848 0.99933478
 0.99937827 0.9994191  0.99945741 0.99949335 0.99952706 0.99955867
 0.99958829 0.99961604 0.99964203 0.99966637 0.99968915 0.99971046
 0.9997304  0.99974904 0.99976646 0.99978275 0.99979796 0.99981216
 0.99982542 0.99983779]",cumulative distribution function evaluated at each wind speed
rotorse.rp.aep.P,intermediate,W,"[ 529548.20470781  570982.9114532   615826.23080923  663887.84782014
  714977.44753013  768904.71498341  825479.3352242   884510.99329672
  945809.37424517 1009184.16311379 1074445.04494677 1141401.70478834
 1210277.37367778 1283370.33245006 1360781.82301091 1442172.00295976
 1527201.02989603 1615529.06141916 1706816.25512858 1800722.76862373
 1896908.75950402 1995084.03528979 2097354.86704189 2204599.78205188
 2316285.17182738 2431877.42787604 2550842.94170549 2672648.10482339
 2796805.25136514 2925599.55024022 3059745.51221302 3198123.69906791
 3339614.67258928 3484111.15362713 3634433.60585764 3788227.36435168
 3947075.75987793 4109102.20144819 4275991.79540332 4485191.29184298
 4718313.92203638 4911122.0639294  4999378.09546793 5000000.0372329
 5000000.0398078  5000000.0347116  5000000.02662113 5000000.0168721
 5000000.00680025 4999999.9977413  4999999.99103097 4999999.98800498
 5000000.01654311 5000000.11299538 5000000.26174579 5000000.44636111
 5000000.65040812 5000000.8574536  5000001.05106434 5000001.21480712
 5000001.33224872 5000001.38695591 5000001.37325306 5000001.31184567
 5000001.21223928 5000001.08328291 5000000.93382556 5000000.77271624
 5000000.60880397 5000000.45093774 5000000.30796657 5000000.18873946
 5000000.10210543 5000000.05691347 5000000.08145162 5000000.25429975
 5000000.56148176 5000000.97845526 5000001.48067787 5000002.04360721
 5000002.64270087 5000003.25341649 5000003.85121168 5000004.41154404
 5000004.9098712  5000005.32165076 5000005.62234034 5000005.78739756
 5000005.80326092 5000005.73294521 5000005.59765748 5000005.40573013
 5000005.16549556 5000004.88528618 5000004.57343439 5000004.23827261
 5000003.88813322 5000003.53134863 5000003.17625125 5000002.83117349
 5000002.50444773 5000002.2044064  5000001.93938189 5000001.71770661
 5000001.53545855 5000001.35320636 5000001.16874315 5000000.98384712
 5000000.80029644 5000000.61986931 5000000.44434392 5000000.27549846
 5000000.11511112 4999999.96496009 4999999.82682356 4999999.70247972
 4999999.59370676 4999999.50228286 4999999.42998623 4999999.37859505
 4999999.34988751 4999999.34592935 4999999.37113225 4999999.42480976
 4999999.50480247 4999999.60895099 4999999.73509593 4999999.88107788
 5000000.04473746 5000000.22391525 5000000.41645186 5000000.6201879
 5000000.83296397 5000001.05262067 5000001.2769986  5000001.50393836
 5000001.73128057 5000001.95686581 5000002.1785347  5000002.39412783
 5000002.61770497 5000002.87622349 5000003.16549128 5000003.48057763
 5000003.81655181 5000004.16848309 5000004.53144076 5000004.90049409
 5000005.27071236 5000005.63716485 5000005.99492083 5000006.33904958
 5000006.66462038 5000006.9667025  5000007.24036523 5000007.48067783
 5000007.6827096  5000007.84152979 5000007.9522077  5000008.01423213
 5000008.06483897 5000008.1134778  5000008.16007411 5000008.20455342
 5000008.24684123 5000008.28686303 5000008.32454434 5000008.35981066
 5000008.3925875  5000008.42280035 5000008.45037472 5000008.47523612
 5000008.49731005 5000008.51652201 5000008.53279751 5000008.54606206
 5000008.55624115 5000008.56326029 5000008.56704498 5000008.56640836
 5000008.54884251 5000008.51155909 5000008.45544049 5000008.38136906
 5000008.29022719 5000008.18289724 5000008.0602616  5000007.92320262
 5000007.77260268 5000007.60934416 5000007.43430943 5000007.24838086
 5000007.05244083 5000006.8473717  5000006.63405585 5000006.41337565
 5000006.18621348 5000005.9534517  5000005.71597269 5000005.47465882]",power curve (power)
rotorse.rp.cdf.x,intermediate,m/s,"[ 4.          4.10552764  4.21105528  4.31658291  4.42211055  4.52763819
  4.63316583  4.73869347  4.84422111  4.94974874  5.05527638  5.16080402
  5.26633166  5.3718593   5.47738693  5.58291457  5.68844221  5.79396985
  5.89949749  6.00502513  6.11055276  6.2160804   6.32160804  6.42713568
  6.53266332  6.63819095  6.74371859  6.84924623  6.95477387  7.06030151
  7.16582915  7.27135678  7.37688442  7.48241206  7.5879397   7.69346734
  7.79899497  7.90452261  8.01005025  8.11557789  8.22110553  8.32663317
  8.4321608   8.53768844  8.64321608  8.74874372  8.85427136  8.95979899
  9.06532663  9.17085427  9.27638191  9.38190955  9.48743719  9.59296482
  9.69849246  9.8040201   9.90954774 10.01507538 10.12060302 10.22613065
 10.33165829 10.43718593 10.54271357 10.64824121 10.75376884 10.85929648
 10.96482412 11.07035176 11.1758794  11.28140704 11.38693467 11.49246231
 11.59798995 11.70351759 11.80904523 11.91457286 12.0201005  12.12562814
 12.23115578 12.33668342 12.44221106 12.54773869 12.65326633 12.75879397
 12.86432161 12.96984925 13.07537688 13.18090452 13.28643216 13.3919598
 13.49748744 13.60301508 13.70854271 13.81407035 13.91959799 14.02512563
 14.13065327 14.2361809  14.34170854 14.44723618 14.55276382 14.65829146
 14.7638191  14.86934673 14.97487437 15.08040201 15.18592965 15.29145729
 15.39698492 15.50251256 15.6080402  15.71356784 15.81909548 15.92462312
 16.03015075 16.13567839 16.24120603 16.34673367 16.45226131 16.55778894
 16.66331658 16.76884422 16.87437186 16.9798995  17.08542714 17.19095477
 17.29648241 17.40201005 17.50753769 17.61306533 17.71859296 17.8241206
 17.92964824 18.03517588 18.14070352 18.24623116 18.35175879 18.45728643
 18.56281407 18.66834171 18.77386935 18.87939698 18.98492462 19.09045226
 19.1959799  19.30150754 19.40703518 19.51256281 19.61809045 19.72361809
 19.82914573 19.93467337 20.04020101 20.14572864 20.25125628 20.35678392
 20.46231156 20.5678392  20.67336683 20.77889447 20.88442211 20.98994975
 21.09547739 21.20100503 21.30653266 21.4120603  21.51758794 21.62311558
 21.72864322 21.83417085 21.93969849 22.04522613 22.15075377 22.25628141
 22.36180905 22.46733668 22.57286432 22.67839196 22.7839196  22.88944724
 22.99497487 23.10050251 23.20603015 23.31155779 23.41708543 23.52261307
 23.6281407  23.73366834 23.83919598 23.94472362 24.05025126 24.15577889
 24.26130653 24.36683417 24.47236181 24.57788945 24.68341709 24.78894472
 24.89447236 25.        ]",corresponding reference height
rotorse.rp.cdf.xbar,intermediate,m/s,[7.5],mean value of distribution
rotorse.rp.gust.V_mean,intermediate,m/s,[7.5],IEC average wind speed for turbine class
rotorse.rp.gust.V_hub,intermediate,m/s,[8.4411235],hub height wind speed
rotorse.rp.powercurve.generator_efficiency,intermediate,,"[0.95 0.95 0.95 0.95 0.95 0.95 0.95 0.95 0.95 0.95 0.95 0.95 0.95 0.95
 0.95 0.95 0.95 0.95 0.95 0.95]",Generator efficiency at various rpm values to support table lookup
rotorse.rp.powercurve.lss_rpm,intermediate,rpm,"[0.1        0.50951437 0.91902874 1.32854311 1.73805748 2.14757185
 2.55708622 2.96660059 3.37611496 3.78562933 4.1951437  4.60465807
 5.01417244 5.42368681 5.83320118 6.24271555 6.65222992 7.06174429
 7.47125866 7.88077303]",Low speed shaft RPM values at which the generator efficiency values are given
rotorse.rp.powercurve.V,output,m/s,"[ 4.          5.2142258   6.19930277  6.94010129  7.42524354  7.6472783
  7.69176122  8.00207863  8.4411235   8.57346439  9.3971427  10.46046281
 11.74709335 13.23727316 14.90811483 16.73395615 18.68675431 20.73651661
 22.85176108 25.        ]",wind vector
rotorse.rp.powercurve.Omega,output,rpm,"[3.89402903 5.07608665 6.03506624 6.75623897 7.22852847 7.44468092
 7.48798537 7.79008161 7.88077303 7.88077303 7.88077303 7.88077303
 7.88077303 7.88077303 7.88077303 7.88077303 7.88077303 7.88077303
 7.88077303 7.88077303]",rotor rotational speed
rotorse.rp.powercurve.P,output,W,"[ 529548.20470781 1175883.41103163 1979317.85441715 2779384.65164737
 3405187.93719228 3720308.55019397 3785677.33793441 4262965.98905783
 5000000.         5000000.04088226 4999999.98795134 5000001.3889406
 5000000.05241814 5000005.81149548 5000001.64880839 4999999.34422919
 5000002.4309619  5000007.99337234 5000008.56773536 5000005.47465882]",rotor electrical power
rotorse.rs.aero_gust.V_load,intermediate,m/s,[18.14402879],
rotorse.rs.Omega_load,intermediate,rpm,[7.88077303],
rotorse.rs.pitch_load,intermediate,deg,[1.04083409e-17],
rotorse.rs.aero_hub_loads.V_load,intermediate,m/s,[18.14402879],
rotorse.rs.bjs.chord,intermediate,m,"[4.5        4.51653455 4.59255455 4.72026865 4.75       4.75
 4.75       4.75       4.75       4.75       4.75       4.7
 4.64       4.48       4.30815493 4.07109567 3.83078655 3.59377787
 3.3535724  3.10972681 2.79010443 2.61780457 2.37255549 2.12536608
 1.87360817 1.6133977  1.34551447 1.07050448 0.78813172 0.5       ]",chord length at joint station. [(n_span x 3) 1D array of float]
rotorse.rs.bjs.layer_thickness,intermediate,m,"[[ 1.00000000e-03  1.00000000e-03  1.00000000e-03  1.00000000e-03
   1.00000000e-03  1.00000000e-03  1.00000000e-03  1.00000000e-03
   1.00000000e-03  1.00000000e-03  1.00000000e-03  1.00000000e-03
   1.00000000e-03  1.00000000e-03  1.00000000e-03  1.00000000e-03
   1.00000000e-03  1.00000000e-03  1.00000000e-03  1.00000000e-03
   1.00000000e-03  1.00000000e-03  1.00000000e-03  1.00000000e-03
   1.00000000e-03  1.00000000e-03  1.00000000e-03  1.00000000e-03
   1.00000000e-03  1.00000000e-03]
 [ 4.10000000e-02  3.30000000e-02  2.60000000e-02  2.00000000e-02
   1.50000000e-02  1.10000000e-02  8.28454072e-03  6.51243402e-03
   5.36207752e-03  4.70247504e-03  4.40263040e-03  4.33154742e-03
   4.35822991e-03  4.35168169e-03  4.30702965e-03  4.21940069e-03
   4.08392168e-03  3.89571952e-03  3.64992111e-03  3.34165333e-03
   2.86491152e-03  2.57935592e-03  2.14614940e-03  1.69211977e-03
   1.22767857e-03  1.00000000e-03  1.00000000e-03  1.00000000e-03
   1.00000000e-03  1.00000000e-03]
 [ 0.00000000e+00  1.03638639e-02  1.80212345e-02  2.53616596e-02
   3.20681938e-02  3.78238917e-02  4.23118077e-02  4.52149966e-02
   4.62165127e-02  4.56952678e-02  4.40301733e-02  4.16001409e-02
   3.87840821e-02  3.59609085e-02  3.35095318e-02  3.13580743e-02
   2.94346583e-02  2.76674064e-02  2.59844408e-02  2.43138839e-02
   2.20549123e-02  2.08042751e-02  1.89850461e-02  1.71360827e-02
   1.52672963e-02  1.33885984e-02  1.15099005e-02  9.63120264e-03
   7.75250477e-03  5.87380689e-03]
 [ 0.00000000e+00  1.24780597e-02  1.76115740e-02  2.27450883e-02
   2.76641755e-02  3.21544085e-02  3.60013601e-02  3.89906033e-02
   4.09077110e-02  4.15382560e-02  4.11017265e-02  3.98176106e-02
   3.79053964e-02  3.55845720e-02  3.30746256e-02  3.05950453e-02
   2.81565527e-02  2.57698696e-02  2.34457177e-02  2.11948185e-02
   1.83968865e-02  1.69556653e-02  1.49623503e-02  1.30321660e-02
   1.11493299e-02  9.29805909e-03  7.46257101e-03  5.62708293e-03
   3.79159485e-03  1.95610677e-03]
 [ 0.00000000e+00  0.00000000e+00  0.00000000e+00  0.00000000e+00
   0.00000000e+00  0.00000000e+00  0.00000000e+00  0.00000000e+00
   0.00000000e+00  0.00000000e+00  0.00000000e+00  0.00000000e+00
   0.00000000e+00  0.00000000e+00  0.00000000e+00  0.00000000e+00
   0.00000000e+00  0.00000000e+00  0.00000000e+00  1.00000000e-03
   3.44239839e-02  1.00000000e-03 -8.13151629e-20  0.00000000e+00
   0.00000000e+00  0.00000000e+00  0.00000000e+00  0.00000000e+00
   0.00000000e+00  0.00000000e+00]
 [ 0.00000000e+00  0.00000000e+00  0.00000000e+00  0.00000000e+00
   0.00000000e+00  0.00000000e+00  0.00000000e+00  0.00000000e+00
   0.00000000e+00  0.00000000e+00  0.00000000e+00  0.00000000e+00
   0.00000000e+00  0.00000000e+00  0.00000000e+00  0.00000000e+00
   0.00000000e+00  0.00000000e+00  0.00000000e+00  1.00000000e-03
   3.44239839e-02  1.00000000e-03 -8.13151629e-20  0.00000000e+00
   0.00000000e+00  0.00000000e+00  0.00000000e+00  0.00000000e+00
   0.00000000e+00  0.00000000e+00]
 [ 0.00000000e+00  0.00000000e+00  6.65003373e-03  8.14812366e-03
   9.64621359e-03  1.11443035e-02  1.26025620e-02  1.39811575e-02
   1.52402586e-02  1.63400338e-02  1.72406517e-02  1.79022807e-02
   1.83276090e-02  1.85193246e-02  1.84801155e-02  1.82126698e-02
   1.77196757e-02  1.70038210e-02  1.61057826e-02  1.50662370e-02
   1.35708454e-02  1.27253309e-02  1.15053236e-02  1.03065158e-02
   9.12537420e-03  7.95836553e-03  6.80195656e-03  5.65261407e-03
   4.50680481e-03  3.36099555e-03]
 [ 0.00000000e+00  0.00000000e+00  2.33432275e-02  2.51480648e-02
   2.69529021e-02  2.87577394e-02  3.05625767e-02  3.23674140e-02
   3.39953792e-02  3.52696003e-02  3.60132052e-02  3.60493218e-02
   3.52010780e-02  3.32916017e-02  3.05938669e-02  2.73808473e-02
   2.39255169e-02  2.05008494e-02  1.73798187e-02  1.48353987e-02
   1.22323494e-02  1.10919834e-02  9.70078471e-03  8.50178952e-03
   7.39889612e-03  6.29600271e-03  5.19310930e-03  4.09021589e-03
   2.98732248e-03 -6.50521303e-19]
 [ 0.00000000e+00  0.00000000e+00  2.33432275e-02  2.51480648e-02
   2.69529021e-02  2.87577394e-02  3.05625767e-02  3.23674140e-02
   3.39953792e-02  3.52696003e-02  3.60132052e-02  3.60493218e-02
   3.52010780e-02  3.32916017e-02  3.05938669e-02  2.73808473e-02
   2.39255169e-02  2.05008494e-02  1.73798187e-02  1.48353987e-02
   1.22323494e-02  1.10919834e-02  9.70078471e-03  8.50178952e-03
   7.39889612e-03  6.29600271e-03  5.19310930e-03  4.09021589e-03
   2.98732248e-03 -6.50521303e-19]
 [ 0.00000000e+00  0.00000000e+00  1.86402175e-02  2.29043857e-02
   2.71685539e-02  3.12820798e-02  3.50943212e-02  3.84546359e-02
   4.12123815e-02  4.32169158e-02  4.43175966e-02  4.46317757e-02
   4.42768050e-02  4.33700364e-02  4.20288217e-02  4.03705128e-02
   3.85124616e-02  3.64638788e-02  3.42339751e-02  3.18319613e-02
   2.84675254e-02  2.65484460e-02  2.36853660e-02  2.07018877e-02
   1.76220907e-02  1.44700547e-02  1.12698594e-02  8.04558436e-03
   4.82130936e-03  1.59703436e-03]
 [ 0.00000000e+00  0.00000000e+00  1.06783227e-02  1.30277497e-02
   1.53771767e-02  1.77266036e-02  2.00760306e-02  2.23436643e-02
   2.44477114e-02  2.63063787e-02  2.78378729e-02  2.89604006e-02
   2.95921686e-02  2.97916789e-02  2.96174332e-02  2.91279335e-02
   2.83816816e-02  2.74371794e-02  2.63529289e-02  2.51106409e-02
   2.32295708e-02  2.20787956e-02  2.02526601e-02  1.81953304e-02
   1.58885175e-02  1.33738018e-02  1.06927639e-02  7.88698432e-03
   4.99804368e-03  2.06752250e-03]
 [ 0.00000000e+00  0.00000000e+00  1.17141324e-02  1.47649473e-02
   1.78157623e-02  2.08665773e-02  2.39173922e-02  2.69682072e-02
   3.00190222e-02  3.29529872e-02  3.56532524e-02  3.80029677e-02
   3.98852833e-02  4.11833493e-02  4.17803156e-02  4.17273646e-02
   4.10756783e-02  3.98764390e-02  3.81808288e-02  3.60400301e-02
   3.26797937e-02  3.06420809e-02  2.75162660e-02  2.41934479e-02
   2.07392943e-02  1.72194730e-02  1.36996517e-02  1.01798304e-02
   6.66000904e-03  3.14018771e-03]
 [ 0.00000000e+00  0.00000000e+00  3.59873815e-02  4.39773438e-02
   5.19673061e-02  5.96302097e-02  6.66389959e-02  7.26666060e-02
   7.73859813e-02  8.04700630e-02  8.15917924e-02  8.09966867e-02
   7.89302631e-02  7.56380387e-02  7.13655306e-02  6.63582560e-02
   6.08617321e-02  5.50357312e-02  4.90400260e-02  4.30343888e-02
   3.54771595e-02  3.16324086e-02  2.65556105e-02  2.18699671e-02
   1.74972473e-02  1.33592202e-02  9.37765500e-03  5.47432071e-03
   1.57098642e-03  1.00000000e-03]
 [ 4.10000000e-02  3.30000000e-02  2.60000000e-02  2.00000000e-02
   1.53156219e-02  1.26140524e-02  1.00892854e-02  7.82972209e-03
   5.92376367e-03  4.45981139e-03  3.52626648e-03  3.01625067e-03
   2.82288569e-03  2.83929329e-03  2.95859519e-03  3.07391313e-03
   3.07836885e-03  2.99303427e-03  2.83898133e-03  2.63728196e-03
   2.33877707e-03  2.17523163e-03  1.95702453e-03  1.75179189e-03
   1.55693882e-03  1.36987043e-03  1.18799183e-03  1.00870812e-03
   1.00000000e-03  1.00000000e-03]
 [ 0.00000000e+00  0.00000000e+00  0.00000000e+00  2.16422907e-03
   2.21016153e-03  2.25609398e-03  2.30202643e-03  2.34795888e-03
   2.38578561e-03  2.40740088e-03  2.40469897e-03  2.36957416e-03
   2.29392070e-03  2.16963289e-03  2.01292217e-03  1.84000000e-03
   1.66707783e-03  1.51036711e-03  1.38607930e-03  1.31042584e-03
   1.27397979e-03  1.27259912e-03  1.29421439e-03  1.33204112e-03
   1.37797357e-03  1.42390602e-03  1.46983847e-03  1.51577093e-03
   1.56170338e-03  1.08420217e-19]
 [ 0.00000000e+00  0.00000000e+00  0.00000000e+00  3.74890612e-02
   3.61172335e-02  3.47454058e-02  3.33630956e-02  3.19598202e-02
   3.05250972e-02  2.90484440e-02  2.75193780e-02  2.59274168e-02
   2.43374498e-02  2.28143666e-02  2.14230569e-02  2.02284101e-02
   1.92953159e-02  1.86886639e-02  1.83467902e-02  1.82080313e-02
   2.00000000e-02  2.00000000e-02  2.00000000e-02  2.00000000e-02
   2.00000000e-02  2.00000000e-02  2.00000000e-02  2.00000000e-02
   2.00000000e-02  6.93889390e-18]
 [ 0.00000000e+00  0.00000000e+00  0.00000000e+00  2.07236417e-03
   2.11829662e-03  2.16422907e-03  2.21016153e-03  2.25609398e-03
   2.30202643e-03  2.34795888e-03  2.38578561e-03  2.40740088e-03
   2.40469897e-03  2.36957416e-03  2.29392070e-03  2.16963289e-03
   2.01292217e-03  1.84000000e-03  1.66707783e-03  1.51036711e-03
   1.35893442e-03  1.31042584e-03  1.27530103e-03  1.27259912e-03
   1.29421439e-03  1.33204112e-03  1.37797357e-03  1.42390602e-03
   1.46983847e-03  1.08420217e-19]
 [ 0.00000000e+00  0.00000000e+00  0.00000000e+00  2.51759997e-03
   2.44512991e-03  2.37265986e-03  2.30018980e-03  2.22771975e-03
   2.15449048e-03  2.07974278e-03  2.00271744e-03  1.92265525e-03
   1.83879698e-03  1.75038343e-03  1.66146746e-03  1.57610193e-03
   1.49833970e-03  1.43223365e-03  1.38183663e-03  1.35120150e-03
   1.33654766e-03  1.33604234e-03  1.34493101e-03  1.36040697e-03
   1.37917659e-03  1.39794620e-03  1.41671582e-03  1.43548543e-03
   1.45425505e-03  2.16840434e-19]
 [ 0.00000000e+00  0.00000000e+00  0.00000000e+00  3.77066146e-02
   3.63461220e-02  3.49856293e-02  3.36139152e-02  3.22197581e-02
   3.07919366e-02  2.93192293e-02  2.77904146e-02  2.61942712e-02
   2.45955568e-02  2.30590296e-02  2.16494473e-02  2.04315680e-02
   2.00000000e-02  2.00000000e-02  2.00000000e-02  2.00000000e-02
   2.00000000e-02  2.00000000e-02  2.00000000e-02  2.00000000e-02
   2.00000000e-02  2.00000000e-02  2.00000000e-02  2.00000000e-02
   2.00000000e-02  6.93889390e-18]
 [ 0.00000000e+00  0.00000000e+00  0.00000000e+00  2.66254008e-03
   2.59007002e-03  2.51759997e-03  2.44512991e-03  2.37265986e-03
   2.30018980e-03  2.22771975e-03  2.15449048e-03  2.07974278e-03
   2.00271744e-03  1.92265525e-03  1.83879698e-03  1.75038343e-03
   1.66146746e-03  1.57610193e-03  1.49833970e-03  1.43223365e-03
   1.37083839e-03  1.35120150e-03  1.33703462e-03  1.33604234e-03
   1.34493101e-03  1.36040697e-03  1.37917659e-03  1.39794620e-03
   1.41671582e-03  6.50521303e-19]]","2D array of the thickness of the layers of the blade structure. The first dimension represents each layer, the second dimension represents each entry along blade span."
rotorse.rs.bjs.layer_width,intermediate,m,"[[0.00000000e+00 0.00000000e+00 0.00000000e+00 0.00000000e+00
  0.00000000e+00 0.00000000e+00 0.00000000e+00 0.00000000e+00
  0.00000000e+00 0.00000000e+00 0.00000000e+00 0.00000000e+00
  0.00000000e+00 0.00000000e+00 0.00000000e+00 0.00000000e+00
  0.00000000e+00 0.00000000e+00 0.00000000e+00 0.00000000e+00
  0.00000000e+00 0.00000000e+00 0.00000000e+00 0.00000000e+00
  0.00000000e+00 0.00000000e+00 0.00000000e+00 0.00000000e+00
  0.00000000e+00 0.00000000e+00]
 [0.00000000e+00 0.00000000e+00 0.00000000e+00 0.00000000e+00
  0.00000000e+00 0.00000000e+00 0.00000000e+00 0.00000000e+00
  0.00000000e+00 0.00000000e+00 0.00000000e+00 0.00000000e+00
  0.00000000e+00 0.00000000e+00 0.00000000e+00 0.00000000e+00
  0.00000000e+00 0.00000000e+00 0.00000000e+00 0.00000000e+00
  0.00000000e+00 0.00000000e+00 0.00000000e+00 0.00000000e+00
  0.00000000e+00 0.00000000e+00 0.00000000e+00 0.00000000e+00
  0.00000000e+00 0.00000000e+00]
 [8.00000000e-01 8.00000000e-01 8.00000000e-01 8.00000000e-01
  8.00000000e-01 8.00000000e-01 8.00000000e-01 8.00000000e-01
  8.00000000e-01 8.00000000e-01 8.00000000e-01 8.00000000e-01
  8.00000000e-01 8.00000000e-01 8.00000000e-01 8.00000000e-01
  8.00000000e-01 8.00000000e-01 8.00000000e-01 8.00000000e-01
  8.00000000e-01 8.00000000e-01 8.00000000e-01 8.00000000e-01
  7.53600000e-01 7.05900000e-01 6.58700000e-01 6.11000000e-01
  5.38300000e-01 3.41900000e-01]
 [8.00000000e-01 8.00000000e-01 8.00000000e-01 8.00000000e-01
  8.00000000e-01 8.00000000e-01 8.00000000e-01 8.00000000e-01
  8.00000000e-01 8.00000000e-01 8.00000000e-01 8.00000000e-01
  8.00000000e-01 8.00000000e-01 8.00000000e-01 8.00000000e-01
  8.00000000e-01 8.00000000e-01 8.00000000e-01 8.00000000e-01
  8.00000000e-01 8.00000000e-01 8.00000000e-01 7.85500000e-01
  7.45300000e-01 7.01900000e-01 6.57100000e-01 6.09900000e-01
  5.24600000e-01 3.31000000e-01]
 [0.00000000e+00 0.00000000e+00 0.00000000e+00 0.00000000e+00
  0.00000000e+00 0.00000000e+00 0.00000000e+00 0.00000000e+00
  0.00000000e+00 0.00000000e+00 0.00000000e+00 0.00000000e+00
  0.00000000e+00 0.00000000e+00 0.00000000e+00 0.00000000e+00
  0.00000000e+00 0.00000000e+00 0.00000000e+00 3.00000000e-01
  2.05340763e+00 3.00000000e-01 1.38777878e-17 0.00000000e+00
  0.00000000e+00 0.00000000e+00 0.00000000e+00 0.00000000e+00
  0.00000000e+00 0.00000000e+00]
 [0.00000000e+00 0.00000000e+00 0.00000000e+00 0.00000000e+00
  0.00000000e+00 0.00000000e+00 0.00000000e+00 0.00000000e+00
  0.00000000e+00 0.00000000e+00 0.00000000e+00 0.00000000e+00
  0.00000000e+00 0.00000000e+00 0.00000000e+00 0.00000000e+00
  0.00000000e+00 0.00000000e+00 0.00000000e+00 3.00000000e-01
  2.05340763e+00 3.00000000e-01 1.38777878e-17 0.00000000e+00
  0.00000000e+00 0.00000000e+00 0.00000000e+00 0.00000000e+00
  0.00000000e+00 0.00000000e+00]
 [3.09400000e-01 3.09400000e-01 3.09400000e-01 3.09400000e-01
  3.09400000e-01 3.09400000e-01 3.09400000e-01 3.09400000e-01
  3.09400000e-01 3.09400000e-01 3.09400000e-01 3.09400000e-01
  3.09400000e-01 3.09400000e-01 3.09400000e-01 3.09400000e-01
  3.09400000e-01 3.09400000e-01 3.09400000e-01 3.09400000e-01
  3.09400000e-01 3.09400000e-01 3.09400000e-01 3.09400000e-01
  3.09400000e-01 3.09400000e-01 2.80100000e-01 2.22300000e-01
  1.63500000e-01 1.03500000e-01]
 [5.76000000e-01 5.77450000e-01 5.81000000e-01 5.83650000e-01
  5.86850000e-01 5.89850000e-01 5.99450000e-01 6.05250000e-01
  6.11950000e-01 6.13850000e-01 6.11900000e-01 6.09150000e-01
  6.06600000e-01 6.06300000e-01 6.07450000e-01 6.10600000e-01
  6.16150000e-01 5.78650000e-01 5.37350000e-01 4.96500000e-01
  4.44467378e-01 4.16750000e-01 3.77250000e-01 3.36250000e-01
  2.74450000e-01 2.34700000e-01 1.94700000e-01 1.54100000e-01
  1.13000000e-01 7.13000000e-02]
 [5.76000000e-01 5.77450000e-01 5.81000000e-01 5.83650000e-01
  5.86850000e-01 5.89850000e-01 5.99450000e-01 6.05250000e-01
  6.11950000e-01 6.13850000e-01 6.11900000e-01 6.09150000e-01
  6.06600000e-01 6.06300000e-01 6.07450000e-01 6.10600000e-01
  6.16150000e-01 5.78650000e-01 5.37350000e-01 4.96500000e-01
  4.44467378e-01 4.16750000e-01 3.77250000e-01 3.36250000e-01
  2.74450000e-01 2.34700000e-01 1.94700000e-01 1.54100000e-01
  1.13000000e-01 7.13000000e-02]
 [0.00000000e+00 0.00000000e+00 0.00000000e+00 0.00000000e+00
  0.00000000e+00 0.00000000e+00 0.00000000e+00 0.00000000e+00
  0.00000000e+00 0.00000000e+00 0.00000000e+00 0.00000000e+00
  0.00000000e+00 0.00000000e+00 0.00000000e+00 0.00000000e+00
  0.00000000e+00 0.00000000e+00 0.00000000e+00 0.00000000e+00
  0.00000000e+00 0.00000000e+00 0.00000000e+00 0.00000000e+00
  0.00000000e+00 0.00000000e+00 0.00000000e+00 0.00000000e+00
  0.00000000e+00 0.00000000e+00]
 [0.00000000e+00 0.00000000e+00 0.00000000e+00 0.00000000e+00
  0.00000000e+00 0.00000000e+00 0.00000000e+00 0.00000000e+00
  0.00000000e+00 0.00000000e+00 0.00000000e+00 0.00000000e+00
  0.00000000e+00 0.00000000e+00 0.00000000e+00 0.00000000e+00
  0.00000000e+00 0.00000000e+00 0.00000000e+00 0.00000000e+00
  0.00000000e+00 0.00000000e+00 0.00000000e+00 0.00000000e+00
  0.00000000e+00 0.00000000e+00 0.00000000e+00 0.00000000e+00
  0.00000000e+00 0.00000000e+00]
 [0.00000000e+00 0.00000000e+00 0.00000000e+00 0.00000000e+00
  0.00000000e+00 0.00000000e+00 0.00000000e+00 0.00000000e+00
  0.00000000e+00 0.00000000e+00 0.00000000e+00 0.00000000e+00
  0.00000000e+00 0.00000000e+00 0.00000000e+00 0.00000000e+00
  0.00000000e+00 0.00000000e+00 0.00000000e+00 0.00000000e+00
  0.00000000e+00 0.00000000e+00 0.00000000e+00 0.00000000e+00
  0.00000000e+00 0.00000000e+00 0.00000000e+00 0.00000000e+00
  0.00000000e+00 0.00000000e+00]
 [0.00000000e+00 0.00000000e+00 0.00000000e+00 0.00000000e+00
  0.00000000e+00 0.00000000e+00 0.00000000e+00 0.00000000e+00
  0.00000000e+00 0.00000000e+00 0.00000000e+00 0.00000000e+00
  0.00000000e+00 0.00000000e+00 0.00000000e+00 0.00000000e+00
  0.00000000e+00 0.00000000e+00 0.00000000e+00 0.00000000e+00
  0.00000000e+00 0.00000000e+00 0.00000000e+00 0.00000000e+00
  0.00000000e+00 0.00000000e+00 0.00000000e+00 0.00000000e+00
  0.00000000e+00 0.00000000e+00]
 [0.00000000e+00 0.00000000e+00 0.00000000e+00 0.00000000e+00
  0.00000000e+00 0.00000000e+00 0.00000000e+00 0.00000000e+00
  0.00000000e+00 0.00000000e+00 0.00000000e+00 0.00000000e+00
  0.00000000e+00 0.00000000e+00 0.00000000e+00 0.00000000e+00
  0.00000000e+00 0.00000000e+00 0.00000000e+00 0.00000000e+00
  0.00000000e+00 0.00000000e+00 0.00000000e+00 0.00000000e+00
  0.00000000e+00 0.00000000e+00 0.00000000e+00 0.00000000e+00
  0.00000000e+00 0.00000000e+00]
 [0.00000000e+00 0.00000000e+00 0.00000000e+00 0.00000000e+00
  0.00000000e+00 0.00000000e+00 0.00000000e+00 0.00000000e+00
  0.00000000e+00 0.00000000e+00 0.00000000e+00 0.00000000e+00
  0.00000000e+00 0.00000000e+00 0.00000000e+00 0.00000000e+00
  0.00000000e+00 0.00000000e+00 0.00000000e+00 0.00000000e+00
  0.00000000e+00 0.00000000e+00 0.00000000e+00 0.00000000e+00
  0.00000000e+00 0.00000000e+00 0.00000000e+00 0.00000000e+00
  0.00000000e+00 0.00000000e+00]
 [0.00000000e+00 0.00000000e+00 0.00000000e+00 0.00000000e+00
  0.00000000e+00 0.00000000e+00 0.00000000e+00 0.00000000e+00
  0.00000000e+00 0.00000000e+00 0.00000000e+00 0.00000000e+00
  0.00000000e+00 0.00000000e+00 0.00000000e+00 0.00000000e+00
  0.00000000e+00 0.00000000e+00 0.00000000e+00 0.00000000e+00
  0.00000000e+00 0.00000000e+00 0.00000000e+00 0.00000000e+00
  0.00000000e+00 0.00000000e+00 0.00000000e+00 0.00000000e+00
  0.00000000e+00 0.00000000e+00]
 [0.00000000e+00 0.00000000e+00 0.00000000e+00 0.00000000e+00
  0.00000000e+00 0.00000000e+00 0.00000000e+00 0.00000000e+00
  0.00000000e+00 0.00000000e+00 0.00000000e+00 0.00000000e+00
  0.00000000e+00 0.00000000e+00 0.00000000e+00 0.00000000e+00
  0.00000000e+00 0.00000000e+00 0.00000000e+00 0.00000000e+00
  0.00000000e+00 0.00000000e+00 0.00000000e+00 0.00000000e+00
  0.00000000e+00 0.00000000e+00 0.00000000e+00 0.00000000e+00
  0.00000000e+00 0.00000000e+00]
 [0.00000000e+00 0.00000000e+00 0.00000000e+00 0.00000000e+00
  0.00000000e+00 0.00000000e+00 0.00000000e+00 0.00000000e+00
  0.00000000e+00 0.00000000e+00 0.00000000e+00 0.00000000e+00
  0.00000000e+00 0.00000000e+00 0.00000000e+00 0.00000000e+00
  0.00000000e+00 0.00000000e+00 0.00000000e+00 0.00000000e+00
  0.00000000e+00 0.00000000e+00 0.00000000e+00 0.00000000e+00
  0.00000000e+00 0.00000000e+00 0.00000000e+00 0.00000000e+00
  0.00000000e+00 0.00000000e+00]
 [0.00000000e+00 0.00000000e+00 0.00000000e+00 0.00000000e+00
  0.00000000e+00 0.00000000e+00 0.00000000e+00 0.00000000e+00
  0.00000000e+00 0.00000000e+00 0.00000000e+00 0.00000000e+00
  0.00000000e+00 0.00000000e+00 0.00000000e+00 0.00000000e+00
  0.00000000e+00 0.00000000e+00 0.00000000e+00 0.00000000e+00
  0.00000000e+00 0.00000000e+00 0.00000000e+00 0.00000000e+00
  0.00000000e+00 0.00000000e+00 0.00000000e+00 0.00000000e+00
  0.00000000e+00 0.00000000e+00]
 [0.00000000e+00 0.00000000e+00 0.00000000e+00 0.00000000e+00
  0.00000000e+00 0.00000000e+00 0.00000000e+00 0.00000000e+00
  0.00000000e+00 0.00000000e+00 0.00000000e+00 0.00000000e+00
  0.00000000e+00 0.00000000e+00 0.00000000e+00 0.00000000e+00
  0.00000000e+00 0.00000000e+00 0.00000000e+00 0.00000000e+00
  0.00000000e+00 0.00000000e+00 0.00000000e+00 0.00000000e+00
  0.00000000e+00 0.00000000e+00 0.00000000e+00 0.00000000e+00
  0.00000000e+00 0.00000000e+00]]","2D array of the width of the layers of the blade structure. The first dimension represents each layer, the second dimension represents each entry along blade span."
rotorse.rs.bjs.layer_start_nd,intermediate,,"[[0.         0.         0.         0.         0.         0.
  0.         0.         0.         0.         0.         0.
  0.         0.         0.         0.         0.         0.
  0.         0.         0.         0.         0.         0.
  0.         0.         0.         0.         0.         0.        ]
 [0.         0.         0.         0.         0.         0.
  0.         0.         0.         0.         0.         0.
  0.         0.         0.         0.         0.         0.
  0.         0.         0.         0.         0.         0.
  0.         0.         0.         0.         0.         0.        ]
 [0.16613836 0.17180127 0.17356408 0.24199078 0.24806134 0.25465133
  0.25823639 0.26060371 0.26185047 0.26161229 0.26081255 0.26231674
  0.26402735 0.27126114 0.27366032 0.27663823 0.27874511 0.27904085
  0.27805205 0.27506336 0.26774732 0.26203787 0.25142157 0.23806322
  0.22713446 0.21215315 0.19013613 0.15591778 0.10362535 0.08009451]
 [0.66614777 0.67234531 0.68116003 0.62565618 0.63217091 0.63585376
  0.63998753 0.64432499 0.64795853 0.6511168  0.65356262 0.65234045
  0.65045265 0.64095552 0.6356928  0.62793609 0.6202523  0.61369673
  0.60745521 0.6019908  0.59598027 0.59308008 0.58909607 0.58563415
  0.58359802 0.58098947 0.57747154 0.57208904 0.57339689 0.59684729]
 [0.19443411 0.20023461 0.2034648  0.20985913 0.21680988 0.22473252
  0.23047318 0.23511254 0.23881547 0.24131677 0.24339399 0.24777115
  0.25245366 0.2626957  0.26823324 0.27460993 0.28054095 0.28515759
  0.28912313 0.26924735 0.09362335 0.26663442 0.29282122 0.29160038
  0.29036809 0.28828892 0.28470286 0.27880225 0.26841981 0.24523263]
 [0.69444351 0.70077865 0.71106075 0.7210051  0.73181307 0.73805793
  0.74192309 0.74555238 0.74756319 0.74829535 0.74813068 0.74511023
  0.74148716 0.73206081 0.72721102 0.72134089 0.71582778 0.71163356
  0.70815871 0.68336645 0.55853189 0.67867243 0.70736157 0.70936109
  0.71126115 0.71382702 0.71773382 0.72373774 0.73399726 0.75672069]
 [0.48905595 0.48893839 0.48796411 0.48706864 0.48668455 0.48576547
  0.48502104 0.48531088 0.48564258 0.4857924  0.48611936 0.48627169
  0.48627317 0.48579129 0.48506303 0.48383156 0.48238805 0.48077685
  0.47894774 0.47684624 0.47359139 0.47152324 0.46807164 0.4638829
  0.45854522 0.4511866  0.44595877 0.44467843 0.44324233 0.44179699]
 [0.         0.         0.         0.         0.         0.
  0.         0.         0.         0.         0.         0.
  0.         0.         0.         0.         0.         0.
  0.         0.         0.         0.         0.         0.
  0.         0.         0.         0.         0.         0.        ]
 [0.95925412 0.95895293 0.9565692  0.95388656 0.95056337 0.94780072
  0.9455854  0.94397287 0.94256868 0.94189525 0.94165198 0.94093289
  0.94012219 0.93775085 0.9348865  0.93047603 0.92519004 0.92487708
  0.92502404 0.92507998 0.92496879 0.92485823 0.92470421 0.92478851
  0.93005609 0.93027525 0.93045139 0.93065362 0.93081265 0.93112403]
 [0.04074588 0.04104707 0.0434308  0.04611344 0.04943663 0.05219928
  0.0544146  0.05602713 0.05743132 0.05810475 0.05834802 0.05906711
  0.05987781 0.06224915 0.0651135  0.06952397 0.07480996 0.07512292
  0.07497596 0.07492002 0.07503121 0.07514177 0.07529579 0.07521149
  0.06994391 0.06972475 0.06954861 0.06934638 0.06918735 0.06887597]
 [0.22272986 0.22866794 0.23336552 0.30519775 0.31545386 0.32544802
  0.33085575 0.33465856 0.33693023 0.33733731 0.33709694 0.33988989
  0.34299578 0.35339757 0.35941354 0.36772761 0.37587724 0.38290041
  0.38967533 0.39578041 0.40279653 0.40628122 0.41109454 0.41700506
  0.41919031 0.42186213 0.42542975 0.43087324 0.43321427 0.41037074]
 [0.51094271 0.51093158 0.51109232 0.51151394 0.51274861 0.51314609
  0.51310658 0.51395159 0.51467968 0.51507905 0.51562235 0.51627311
  0.5168142  0.51755755 0.51822809 0.51906037 0.51995391 0.52094453
  0.52211804 0.52353357 0.52582167 0.52730935 0.52982516 0.53308866
  0.53739617 0.54310325 0.54601304 0.54471542 0.54334969 0.54177825]
 [0.72273926 0.72921198 0.74096147 0.68886315 0.69956343 0.70665045
  0.71260689 0.71837984 0.72303829 0.72684182 0.72984701 0.72991361
  0.72942107 0.72309195 0.72144602 0.71902547 0.71738444 0.71755629
  0.71907849 0.72270786 0.73102948 0.73732343 0.74876904 0.76133267
  0.77353861 0.78951013 0.81219362 0.84654949 0.89459762 0.91659409]
 [0.         0.         0.         0.         0.         0.
  0.         0.         0.         0.         0.         0.
  0.         0.         0.         0.05       0.05       0.05
  0.05       0.05       0.05       0.05       0.05       0.05
  0.05       0.05       0.04       0.05       0.05       0.05      ]
 [0.         0.         0.         0.         0.         0.
  0.         0.         0.         0.         0.         0.
  0.         0.         0.         0.         0.         0.
  0.         0.         0.         0.         0.         0.
  0.         0.         0.         0.         0.         0.        ]
 [0.         0.         0.         0.         0.         0.
  0.         0.         0.         0.         0.         0.
  0.         0.         0.         0.         0.         0.
  0.         0.         0.         0.         0.         0.
  0.         0.         0.         0.         0.         0.        ]
 [0.         0.         0.         0.         0.         0.
  0.         0.         0.         0.         0.         0.
  0.         0.         0.         0.         0.         0.
  0.         0.         0.         0.         0.         0.
  0.         0.         0.         0.         0.         0.        ]
 [0.         0.         0.         0.         0.         0.
  0.         0.         0.         0.         0.         0.
  0.         0.         0.         0.         0.         0.
  0.         0.         0.         0.         0.         0.
  0.         0.         0.         0.         0.         0.        ]
 [0.         0.         0.         0.         0.         0.
  0.         0.         0.         0.         0.         0.
  0.         0.         0.         0.         0.         0.
  0.         0.         0.         0.         0.         0.
  0.         0.         0.         0.         0.         0.        ]
 [0.         0.         0.         0.         0.         0.
  0.         0.         0.         0.         0.         0.
  0.         0.         0.         0.         0.         0.
  0.         0.         0.         0.         0.         0.
  0.         0.         0.         0.         0.         0.        ]]","2D array of the non-dimensional start point defined along the outer profile of a layer. The TE suction side is 0, the TE pressure side is 1. The first dimension represents each layer, the second dimension represents each entry along blade span."
rotorse.rs.bjs.layer_end_nd,intermediate,,"[[1.         1.         1.         1.         1.         1.
  1.         1.         1.         1.         1.         1.
  1.         1.         1.         1.         1.         1.
  1.         1.         1.         1.         1.         1.
  1.         1.         1.         1.         1.         1.        ]
 [1.         1.         1.         1.         1.         1.
  1.         1.         1.         1.         1.         1.
  1.         1.         1.         1.         1.         1.
  1.         1.         1.         1.         1.         1.
  1.         1.         1.         1.         1.         1.        ]
 [0.22272986 0.22866794 0.23336552 0.30519775 0.31545386 0.32544802
  0.33085575 0.33465856 0.33693023 0.33733731 0.33709694 0.33988989
  0.34299578 0.35339757 0.35941354 0.36772761 0.37587724 0.38290041
  0.38967533 0.39578041 0.40279653 0.40628122 0.41109454 0.41700506
  0.41919031 0.42186213 0.42542975 0.43087324 0.43321427 0.41037074]
 [0.72273926 0.72921198 0.74096147 0.68886315 0.69956343 0.70665045
  0.71260689 0.71837984 0.72303829 0.72684182 0.72984701 0.72991361
  0.72942107 0.72309195 0.72144602 0.71902547 0.71738444 0.71755629
  0.71907849 0.72270786 0.73102948 0.73732343 0.74876904 0.76133267
  0.77353861 0.78951013 0.81219362 0.84654949 0.89459762 0.91659409]
 [0.19443411 0.20023461 0.2034648  0.20985913 0.21680988 0.22473252
  0.23047318 0.23511254 0.23881547 0.24131677 0.24339399 0.24777115
  0.25245366 0.2626957  0.26823324 0.27460993 0.28054095 0.28515759
  0.28912313 0.31451625 0.4402622  0.32072568 0.29282122 0.29160038
  0.29036809 0.28828892 0.28470286 0.27880225 0.26841981 0.24523263]
 [0.69444351 0.70077865 0.71106075 0.7210051  0.73181307 0.73805793
  0.74192309 0.74555238 0.74756319 0.74829535 0.74813068 0.74511023
  0.74148716 0.73206081 0.72721102 0.72134089 0.71582778 0.71163356
  0.70815871 0.72863534 0.90517074 0.73276369 0.70736157 0.70936109
  0.71126115 0.71382702 0.71773382 0.72373774 0.73399726 0.75672069]
 [0.51094271 0.51093158 0.51109232 0.51151394 0.51274861 0.51314609
  0.51310658 0.51395159 0.51467968 0.51507905 0.51562235 0.51627311
  0.5168142  0.51755755 0.51822809 0.51906037 0.51995391 0.52094453
  0.52211804 0.52353357 0.52582167 0.52730935 0.52982516 0.53308866
  0.53739617 0.54310325 0.54601304 0.54471542 0.54334969 0.54177825]
 [0.04074588 0.04104707 0.0434308  0.04611344 0.04943663 0.05219928
  0.0544146  0.05602713 0.05743132 0.05810475 0.05834802 0.05906711
  0.05987781 0.06224915 0.0651135  0.06952397 0.07480996 0.07512292
  0.07497596 0.07492002 0.07503121 0.07514177 0.07529579 0.07521149
  0.06994391 0.06972475 0.06954861 0.06934638 0.06918735 0.06887597]
 [1.         1.         1.         1.         1.         1.
  1.         1.         1.         1.         1.         1.
  1.         1.         1.         1.         1.         1.
  1.         1.         1.         1.         1.         1.
  1.         1.         1.         1.         1.         1.        ]
 [0.16613836 0.17180127 0.17356408 0.24199078 0.24806134 0.25465133
  0.25823639 0.26060371 0.26185047 0.26161229 0.26081255 0.26231674
  0.26402735 0.27126114 0.27366032 0.27663823 0.27874511 0.27904085
  0.27805205 0.27506336 0.26774732 0.26203787 0.25142157 0.23806322
  0.22713446 0.21215315 0.19013613 0.15591778 0.10362535 0.08009451]
 [0.48905595 0.48893839 0.48796411 0.48706864 0.48668455 0.48576547
  0.48502104 0.48531088 0.48564258 0.4857924  0.48611936 0.48627169
  0.48627317 0.48579129 0.48506303 0.48383156 0.48238805 0.48077685
  0.47894774 0.47684624 0.47359139 0.47152324 0.46807164 0.4638829
  0.45854522 0.4511866  0.44595877 0.44467843 0.44324233 0.44179699]
 [0.66614777 0.67234531 0.68116003 0.62565618 0.63217091 0.63585376
  0.63998753 0.64432499 0.64795853 0.6511168  0.65356262 0.65234045
  0.65045265 0.64095552 0.6356928  0.62793609 0.6202523  0.61369673
  0.60745521 0.6019908  0.59598027 0.59308008 0.58909607 0.58563415
  0.58359802 0.58098947 0.57747154 0.57208904 0.57339689 0.59684729]
 [0.95925412 0.95895293 0.9565692  0.95388656 0.95056337 0.94780072
  0.9455854  0.94397287 0.94256868 0.94189525 0.94165198 0.94093289
  0.94012219 0.93775085 0.9348865  0.93047603 0.92519004 0.92487708
  0.92502404 0.92507998 0.92496879 0.92485823 0.92470421 0.92478851
  0.93005609 0.93027525 0.93045139 0.93065362 0.93081265 0.93112403]
 [1.         1.         1.         1.         1.         1.
  1.         1.         1.         1.         1.         1.
  1.         1.         1.         0.95       0.95       0.95
  0.95       0.95       0.95       0.95       0.95       0.95
  0.95       0.95       0.95       0.95       0.95       0.95      ]
 [0.         0.         0.         0.         0.         0.
  0.         0.         0.         0.         0.         0.
  0.         0.         0.         0.         0.         0.
  0.         0.         0.         0.         0.         0.
  0.         0.         0.         0.         0.         0.        ]
 [0.         0.         0.         0.         0.         0.
  0.         0.         0.         0.         0.         0.
  0.         0.         0.         0.         0.         0.
  0.         0.         0.         0.         0.         0.
  0.         0.         0.         0.         0.         0.        ]
 [0.         0.         0.         0.         0.         0.
  0.         0.         0.         0.         0.         0.
  0.         0.         0.         0.         0.         0.
  0.         0.         0.         0.         0.         0.
  0.         0.         0.         0.         0.         0.        ]
 [0.         0.         0.         0.         0.         0.
  0.         0.         0.         0.         0.         0.
  0.         0.         0.         0.         0.         0.
  0.         0.         0.         0.         0.         0.
  0.         0.         0.         0.         0.         0.        ]
 [0.         0.         0.         0.         0.         0.
  0.         0.         0.         0.         0.         0.
  0.         0.         0.         0.         0.         0.
  0.         0.         0.         0.         0.         0.
  0.         0.         0.         0.         0.         0.        ]
 [0.         0.         0.         0.         0.         0.
  0.         0.         0.         0.         0.         0.
  0.         0.         0.         0.         0.         0.
  0.         0.         0.         0.         0.         0.
  0.         0.         0.         0.         0.         0.        ]]","2D array of the non-dimensional end point defined along the outer profile of a layer. The TE suction side is 0, the TE pressure side is 1. The first dimension represents each layer, the second dimension represents each entry along blade span."
rotorse.rs.bjs.blade_length,intermediate,m,"[  3.           6.44814717   9.89629433  13.3444415   16.79258866
  20.24073583  23.68888299  27.13703016  30.58517733  34.03332449
  37.48147166  40.92961882  44.37776599  47.82591316  51.27406032
  54.72220749  58.17035465  61.61850182  65.06664898  68.51479615
  72.99738747  75.41109048  78.85923765  82.30738481  85.75553198
  89.20367915  92.65182631  96.09997348  99.54812064 102.99626781]",1D array of cumulative blade length at each station. n_span long
rotorse.rs.bjs.coord_xy_interp,intermediate,,"[[[ 1.00000000e+00 -5.22802288e-16]
  [ 9.99429684e-01 -2.22597407e-02]
  [ 9.98063018e-01 -4.44580349e-02]
  ...
  [ 9.98120489e-01  4.38394581e-02]
  [ 9.99443038e-01  2.19496514e-02]
  [ 1.00000000e+00 -5.26271735e-16]]

 [[ 1.00000000e+00 -4.63811846e-04]
  [ 9.98467173e-01 -2.21760738e-02]
  [ 9.96201019e-01 -4.43513952e-02]
  ...
  [ 9.96776877e-01  4.39179785e-02]
  [ 9.98774657e-01  2.22119245e-02]
  [ 1.00000000e+00  3.03878429e-04]]

 [[ 1.00000000e+00 -3.84926541e-03]
  [ 9.90631439e-01 -2.12435866e-02]
  [ 9.80995553e-01 -4.24457781e-02]
  ...
  [ 9.85613808e-01  4.43560536e-02]
  [ 9.93218520e-01  2.41263074e-02]
  [ 1.00000000e+00  2.83048459e-03]]

 ...

 [[ 1.00000000e+00  2.99243424e-04]
  [ 9.76715850e-01  2.78508494e-03]
  [ 9.52832571e-01  4.62553820e-03]
  ...
  [ 9.52575171e-01  9.64309571e-03]
  [ 9.76267770e-01  4.94496385e-03]
  [ 1.00000000e+00  2.99243424e-04]]

 [[ 1.00000000e+00  7.60311480e-05]
  [ 9.76692547e-01  2.94939444e-03]
  [ 9.52952126e-01  4.97097005e-03]
  ...
  [ 9.52775619e-01  1.06814382e-02]
  [ 9.76380589e-01  5.38373218e-03]
  [ 1.00000000e+00  7.60311480e-05]]

 [[ 1.00000000e+00  1.76276899e-06]
  [ 9.76685164e-01  3.14692752e-03]
  [ 9.53182640e-01  5.22846152e-03]
  ...
  [ 9.52998460e-01  1.22336784e-02]
  [ 9.76506117e-01  6.17134718e-03]
  [ 1.00000000e+00  1.76276899e-06]]]",3D array of the non-dimensional x and y airfoil coordinates of the airfoils interpolated along span for n_span stations.
rotorse.rs.bjs.rthick,intermediate,,"[1.         0.9904762  0.90583552 0.76920637 0.62433185 0.51495506
 0.45652477 0.40898037 0.37373472 0.35299758 0.33854388 0.32716954
 0.31781339 0.30941425 0.30091105 0.29250549 0.28490061 0.27785301
 0.27111927 0.26445597 0.25549867 0.250367   0.2424545  0.23345852
 0.22353126 0.21373557 0.20477992 0.19617537 0.18790426 0.18      ]",1D array of the relative thicknesses of the blade defined along span. n_span long
rotorse.rs.bjs.layer_offset_y_pa,intermediate,m,"[[ 0.          0.          0.          0.          0.          0.
   0.          0.          0.          0.          0.          0.
   0.          0.          0.          0.          0.          0.
   0.          0.          0.          0.          0.          0.
   0.          0.          0.          0.          0.          0.        ]
 [ 0.          0.          0.          0.          0.          0.
   0.          0.          0.          0.          0.          0.
   0.          0.          0.          0.          0.          0.
   0.          0.          0.          0.          0.          0.
   0.          0.          0.          0.          0.          0.        ]
 [ 0.          0.          0.         -0.8        -0.768      -0.736
  -0.704      -0.672      -0.64       -0.608      -0.576      -0.544
  -0.512      -0.48       -0.448      -0.416      -0.384      -0.352
  -0.32       -0.288      -0.2464     -0.224      -0.192      -0.16
  -0.128      -0.096      -0.064      -0.032       0.          0.        ]
 [ 0.          0.          0.         -0.8        -0.768      -0.736
  -0.704      -0.672      -0.64       -0.608      -0.576      -0.544
  -0.512      -0.48       -0.448      -0.416      -0.384      -0.352
  -0.32       -0.288      -0.2464     -0.224      -0.192      -0.16
  -0.128      -0.096      -0.064      -0.032       0.          0.        ]
 [ 0.          0.          0.          0.          0.          0.
   0.          0.          0.          0.          0.          0.
   0.          0.          0.          0.          0.          0.
   0.          0.          0.15600294  0.          0.          0.
   0.          0.          0.          0.          0.          0.        ]
 [ 0.          0.          0.          0.          0.          0.
   0.          0.          0.          0.          0.          0.
   0.          0.          0.          0.          0.          0.
   0.          0.          0.15600294  0.          0.          0.
   0.          0.          0.          0.          0.          0.        ]
 [ 0.          0.          0.          0.          0.          0.
   0.          0.          0.          0.          0.          0.
   0.          0.          0.          0.          0.          0.
   0.          0.          0.          0.          0.          0.
   0.          0.          0.          0.          0.          0.        ]
 [ 0.          0.          0.          0.          0.          0.
   0.          0.          0.          0.          0.          0.
   0.          0.          0.          0.          0.          0.
   0.          0.          0.          0.          0.          0.
   0.          0.          0.          0.          0.          0.        ]
 [ 0.          0.          0.          0.          0.          0.
   0.          0.          0.          0.          0.          0.
   0.          0.          0.          0.          0.          0.
   0.          0.          0.          0.          0.          0.
   0.          0.          0.          0.          0.          0.        ]
 [ 0.          0.          0.          0.          0.          0.
   0.          0.          0.          0.          0.          0.
   0.          0.          0.          0.          0.          0.
   0.          0.          0.          0.          0.          0.
   0.          0.          0.          0.          0.          0.        ]
 [ 0.          0.          0.          0.          0.          0.
   0.          0.          0.          0.          0.          0.
   0.          0.          0.          0.          0.          0.
   0.          0.          0.          0.          0.          0.
   0.          0.          0.          0.          0.          0.        ]
 [ 0.          0.          0.          0.          0.          0.
   0.          0.          0.          0.          0.          0.
   0.          0.          0.          0.          0.          0.
   0.          0.          0.          0.          0.          0.
   0.          0.          0.          0.          0.          0.        ]
 [ 0.          0.          0.          0.          0.          0.
   0.          0.          0.          0.          0.          0.
   0.          0.          0.          0.          0.          0.
   0.          0.          0.          0.          0.          0.
   0.          0.          0.          0.          0.          0.        ]
 [ 0.          0.          0.          0.          0.          0.
   0.          0.          0.          0.          0.          0.
   0.          0.          0.          0.          0.          0.
   0.          0.          0.          0.          0.          0.
   0.          0.          0.          0.          0.          0.        ]
 [ 0.          0.          0.          0.          0.          0.
   0.          0.          0.          0.          0.          0.
   0.          0.          0.          0.          0.          0.
   0.          0.          0.          0.          0.          0.
   0.          0.          0.          0.          0.          0.        ]
 [ 0.          0.          0.          0.          0.          0.
   0.          0.          0.          0.          0.          0.
   0.          0.          0.          0.          0.          0.
   0.          0.          0.          0.          0.          0.
   0.          0.          0.          0.          0.          0.        ]
 [ 0.          0.          0.          0.          0.          0.
   0.          0.          0.          0.          0.          0.
   0.          0.          0.          0.          0.          0.
   0.          0.          0.          0.          0.          0.
   0.          0.          0.          0.          0.          0.        ]
 [ 0.          0.          0.          0.          0.          0.
   0.          0.          0.          0.          0.          0.
   0.          0.          0.          0.          0.          0.
   0.          0.          0.          0.          0.          0.
   0.          0.          0.          0.          0.          0.        ]
 [ 0.          0.          0.          0.          0.          0.
   0.          0.          0.          0.          0.          0.
   0.          0.          0.          0.          0.          0.
   0.          0.          0.          0.          0.          0.
   0.          0.          0.          0.          0.          0.        ]
 [ 0.          0.          0.          0.          0.          0.
   0.          0.          0.          0.          0.          0.
   0.          0.          0.          0.          0.          0.
   0.          0.          0.          0.          0.          0.
   0.          0.          0.          0.          0.          0.        ]]","2D array of the offset along the y axis to set the position of a layer. Positive values move the layer towards the trailing edge, negative values towards the leading edge. The first dimension represents each layer, the second dimension represents each entry along blade span."
rotorse.rs.bjs.coord_xy_dim,intermediate,m,"[[[ 2.25000000e+00 -2.35261029e-15]
  [ 2.24743358e+00 -1.00168833e-01]
  [ 2.24128358e+00 -2.00061157e-01]
  ...
  [ 2.24154220e+00  1.97277562e-01]
  [ 2.24749367e+00  9.87734313e-02]
  [ 2.25000000e+00 -2.36822281e-15]]

 [[ 2.26653457e+00 -2.09482223e-03]
  [ 2.25961150e+00 -1.00159004e-01]
  [ 2.24937634e+00 -2.00314609e-01]
  ...
  [ 2.25197722e+00  1.98357067e-01]
  [ 2.26100026e+00  1.00320925e-01]
  [ 2.26653457e+00  1.37247743e-03]]

 [[ 2.34255457e+00 -1.76779614e-02]
  [ 2.29952894e+00 -9.75623303e-02]
  [ 2.25527561e+00 -1.94934552e-01]
  ...
  [ 2.27648519e+00  2.03707596e-01]
  [ 2.31141025e+00  1.10801383e-01]
  [ 2.34255457e+00  1.29991549e-02]]

 ...

 [[ 6.08030135e-01  3.20341427e-04]
  [ 5.83104348e-01  2.98144592e-03]
  [ 5.57537191e-01  4.95165937e-03]
  ...
  [ 5.57261644e-01  1.03229772e-02]
  [ 5.82624676e-01  5.29360597e-03]
  [ 6.08030135e-01  3.20341427e-04]]

 [[ 4.30939302e-01  5.99225592e-05]
  [ 4.12569959e-01  2.32451130e-03]
  [ 3.93859380e-01  3.91777916e-03]
  ...
  [ 3.93720270e-01  8.41838022e-03]
  [ 4.12324095e-01  4.24309009e-03]
  [ 4.30939302e-01  5.99225592e-05]]

 [[ 2.50000000e-01  8.81384494e-07]
  [ 2.38342582e-01  1.57346376e-03]
  [ 2.26591320e-01  2.61423076e-03]
  ...
  [ 2.26499230e-01  6.11683918e-03]
  [ 2.38253059e-01  3.08567359e-03]
  [ 2.50000000e-01  8.81384494e-07]]]",3D array of the dimensional x and y airfoil coordinates of the airfoils interpolated along span for n_span stations. The origin is placed at the pitch axis.
rotorse.rs.bjs.twist,intermediate,rad,"[ 0.3491      0.3114934   0.2750893   0.24036879  0.20781296  0.17790291
  0.15111974  0.12794454  0.10885841  0.09434244  0.08467866  0.0775111
  0.07174552  0.06702161  0.06297906  0.05925757  0.05549683  0.05133651
  0.04641632  0.04037594  0.0304289   0.02415488  0.01416615  0.00305797
 -0.00907256 -0.0221283  -0.03601213 -0.05062693 -0.06587558 -0.08166095]",1D array of the twist values defined along blade span. The twist is defined positive for negative rotations around the z axis (the same as in BeamDyn).
rotorse.rs.bjs.pitch_axis,intermediate,,"[0.5        0.49816955 0.48992341 0.47666778 0.47368421 0.47368421
 0.47368421 0.47368421 0.47368421 0.47368421 0.47368421 0.46808511
 0.4612069  0.44196429 0.43251806 0.42095775 0.41010371 0.40195138
 0.39522149 0.39116278 0.39008436 0.39134099 0.39523274 0.40007425
 0.40504215 0.41113787 0.41946139 0.43201533 0.45321411 0.5       ]","1D array of the chordwise position of the pitch axis (0-LE, 1-TE), defined along blade span."
rotorse.rs.bjs.M1,intermediate,N*m,"[-3.61919048e+07 -3.40418711e+07 -2.02961961e+07 -3.32970287e+07
 -3.76881374e+07 -3.62773396e+07 -3.37550212e+07 -3.10031459e+07
 -2.82404337e+07 -2.55372366e+07 -2.29318683e+07 -2.04353569e+07
 -1.80523625e+07 -1.57913762e+07 -1.36634221e+07 -1.16824378e+07
 -9.85651021e+06 -8.19079912e+06 -6.68945978e+06 -5.35412809e+06
 -3.87693331e+06 -3.17953454e+06 -2.31268996e+06 -1.60036804e+06
 -1.03617747e+06 -6.11000038e+05 -3.11810292e+05 -1.22774388e+05
 -2.57529875e+04  4.80870546e+00]",distribution along blade span of ultimate bending moment w.r.t principal axis 1. [(n_mat) 1D array of float]
rotorse.rs.bjs.M2,intermediate,N*m,"[ 3.66669847e+07  3.45430917e+07  4.07175118e+07  2.64392824e+07
  1.20587245e+07  5.30463605e+06  1.83055330e+06 -2.55478865e+04
 -1.23798432e+06 -1.88900782e+06 -2.13248601e+06 -2.15435393e+06
 -2.06938026e+06 -1.92704848e+06 -1.75373676e+06 -1.55670264e+06
 -1.35788247e+06 -1.17211796e+06 -9.99476342e+05 -8.41892516e+05
 -6.42611772e+05 -5.66136682e+05 -4.43721089e+05 -3.31982665e+05
 -2.32135114e+05 -1.46591684e+05 -7.94841321e+04 -3.31275668e+04
 -7.54683477e+03  1.33320976e-01]",distribution along blade span of ultimate bending moment w.r.t principal axis 2. [(n_mat) 1D array of float]
rotorse.rs.bjs.F2,intermediate,N,"[ 6.25224217e+05  6.23394295e+05  4.01726107e+05  6.87254101e+05
  8.21124289e+05  8.40613293e+05  8.35347089e+05  8.22214197e+05
  8.04881635e+05  7.84410833e+05  7.61179513e+05  7.34934534e+05
  7.05071785e+05  6.71061307e+05  6.32412243e+05  5.89639605e+05
  5.43979362e+05  4.96224806e+05  4.47200236e+05  3.97540884e+05
  3.26466547e+05  2.91083764e+05  2.44571048e+05  1.97828885e+05
  1.53442936e+05  1.12457439e+05  7.57072056e+04  4.39341471e+04
  1.79787583e+04 -8.36960053e+02]",distribution along blade span of ultimate force w.r.t principal axis 2. [(n_mat) 1D array of float]
rotorse.rs.brs.rootD,intermediate,m,[4.5],Blade root outer diameter / Chord at blade span station 0
rotorse.rs.brs.layer_thickness,intermediate,m,"[[ 1.00000000e-03  1.00000000e-03  1.00000000e-03  1.00000000e-03
   1.00000000e-03  1.00000000e-03  1.00000000e-03  1.00000000e-03
   1.00000000e-03  1.00000000e-03  1.00000000e-03  1.00000000e-03
   1.00000000e-03  1.00000000e-03  1.00000000e-03  1.00000000e-03
   1.00000000e-03  1.00000000e-03  1.00000000e-03  1.00000000e-03
   1.00000000e-03  1.00000000e-03  1.00000000e-03  1.00000000e-03
   1.00000000e-03  1.00000000e-03  1.00000000e-03  1.00000000e-03
   1.00000000e-03  1.00000000e-03]
 [ 4.10000000e-02  3.30000000e-02  2.60000000e-02  2.00000000e-02
   1.50000000e-02  1.10000000e-02  8.28454072e-03  6.51243402e-03
   5.36207752e-03  4.70247504e-03  4.40263040e-03  4.33154742e-03
   4.35822991e-03  4.35168169e-03  4.30702965e-03  4.21940069e-03
   4.08392168e-03  3.89571952e-03  3.64992111e-03  3.34165333e-03
   2.86491152e-03  2.57935592e-03  2.14614940e-03  1.69211977e-03
   1.22767857e-03  1.00000000e-03  1.00000000e-03  1.00000000e-03
   1.00000000e-03  1.00000000e-03]
 [ 0.00000000e+00  1.03638639e-02  1.80212345e-02  2.53616596e-02
   3.20681938e-02  3.78238917e-02  4.23118077e-02  4.52149966e-02
   4.62165127e-02  4.56952678e-02  4.40301733e-02  4.16001409e-02
   3.87840821e-02  3.59609085e-02  3.35095318e-02  3.13580743e-02
   2.94346583e-02  2.76674064e-02  2.59844408e-02  2.43138839e-02
   2.20549123e-02  2.08042751e-02  1.89850461e-02  1.71360827e-02
   1.52672963e-02  1.33885984e-02  1.15099005e-02  9.63120264e-03
   7.75250477e-03  5.87380689e-03]
 [ 0.00000000e+00  1.24780597e-02  1.76115740e-02  2.27450883e-02
   2.76641755e-02  3.21544085e-02  3.60013601e-02  3.89906033e-02
   4.09077110e-02  4.15382560e-02  4.11017265e-02  3.98176106e-02
   3.79053964e-02  3.55845720e-02  3.30746256e-02  3.05950453e-02
   2.81565527e-02  2.57698696e-02  2.34457177e-02  2.11948185e-02
   1.83968865e-02  1.69556653e-02  1.49623503e-02  1.30321660e-02
   1.11493299e-02  9.29805909e-03  7.46257101e-03  5.62708293e-03
   3.79159485e-03  1.95610677e-03]
 [ 0.00000000e+00  0.00000000e+00  0.00000000e+00  0.00000000e+00
   0.00000000e+00  0.00000000e+00  0.00000000e+00  0.00000000e+00
   0.00000000e+00  0.00000000e+00  0.00000000e+00  0.00000000e+00
   0.00000000e+00  0.00000000e+00  0.00000000e+00  0.00000000e+00
   0.00000000e+00  0.00000000e+00  0.00000000e+00  1.00000000e-03
   3.44239839e-02  1.00000000e-03 -8.13151629e-20  0.00000000e+00
   0.00000000e+00  0.00000000e+00  0.00000000e+00  0.00000000e+00
   0.00000000e+00  0.00000000e+00]
 [ 0.00000000e+00  0.00000000e+00  0.00000000e+00  0.00000000e+00
   0.00000000e+00  0.00000000e+00  0.00000000e+00  0.00000000e+00
   0.00000000e+00  0.00000000e+00  0.00000000e+00  0.00000000e+00
   0.00000000e+00  0.00000000e+00  0.00000000e+00  0.00000000e+00
   0.00000000e+00  0.00000000e+00  0.00000000e+00  1.00000000e-03
   3.44239839e-02  1.00000000e-03 -8.13151629e-20  0.00000000e+00
   0.00000000e+00  0.00000000e+00  0.00000000e+00  0.00000000e+00
   0.00000000e+00  0.00000000e+00]
 [ 0.00000000e+00  0.00000000e+00  6.65003373e-03  8.14812366e-03
   9.64621359e-03  1.11443035e-02  1.26025620e-02  1.39811575e-02
   1.52402586e-02  1.63400338e-02  1.72406517e-02  1.79022807e-02
   1.83276090e-02  1.85193246e-02  1.84801155e-02  1.82126698e-02
   1.77196757e-02  1.70038210e-02  1.61057826e-02  1.50662370e-02
   1.35708454e-02  1.27253309e-02  1.15053236e-02  1.03065158e-02
   9.12537420e-03  7.95836553e-03  6.80195656e-03  5.65261407e-03
   4.50680481e-03  3.36099555e-03]
 [ 0.00000000e+00  0.00000000e+00  2.33432275e-02  2.51480648e-02
   2.69529021e-02  2.87577394e-02  3.05625767e-02  3.23674140e-02
   3.39953792e-02  3.52696003e-02  3.60132052e-02  3.60493218e-02
   3.52010780e-02  3.32916017e-02  3.05938669e-02  2.73808473e-02
   2.39255169e-02  2.05008494e-02  1.73798187e-02  1.48353987e-02
   1.22323494e-02  1.10919834e-02  9.70078471e-03  8.50178952e-03
   7.39889612e-03  6.29600271e-03  5.19310930e-03  4.09021589e-03
   2.98732248e-03 -6.50521303e-19]
 [ 0.00000000e+00  0.00000000e+00  2.33432275e-02  2.51480648e-02
   2.69529021e-02  2.87577394e-02  3.05625767e-02  3.23674140e-02
   3.39953792e-02  3.52696003e-02  3.60132052e-02  3.60493218e-02
   3.52010780e-02  3.32916017e-02  3.05938669e-02  2.73808473e-02
   2.39255169e-02  2.05008494e-02  1.73798187e-02  1.48353987e-02
   1.22323494e-02  1.10919834e-02  9.70078471e-03  8.50178952e-03
   7.39889612e-03  6.29600271e-03  5.19310930e-03  4.09021589e-03
   2.98732248e-03 -6.50521303e-19]
 [ 0.00000000e+00  0.00000000e+00  1.86402175e-02  2.29043857e-02
   2.71685539e-02  3.12820798e-02  3.50943212e-02  3.84546359e-02
   4.12123815e-02  4.32169158e-02  4.43175966e-02  4.46317757e-02
   4.42768050e-02  4.33700364e-02  4.20288217e-02  4.03705128e-02
   3.85124616e-02  3.64638788e-02  3.42339751e-02  3.18319613e-02
   2.84675254e-02  2.65484460e-02  2.36853660e-02  2.07018877e-02
   1.76220907e-02  1.44700547e-02  1.12698594e-02  8.04558436e-03
   4.82130936e-03  1.59703436e-03]
 [ 0.00000000e+00  0.00000000e+00  1.06783227e-02  1.30277497e-02
   1.53771767e-02  1.77266036e-02  2.00760306e-02  2.23436643e-02
   2.44477114e-02  2.63063787e-02  2.78378729e-02  2.89604006e-02
   2.95921686e-02  2.97916789e-02  2.96174332e-02  2.91279335e-02
   2.83816816e-02  2.74371794e-02  2.63529289e-02  2.51106409e-02
   2.32295708e-02  2.20787956e-02  2.02526601e-02  1.81953304e-02
   1.58885175e-02  1.33738018e-02  1.06927639e-02  7.88698432e-03
   4.99804368e-03  2.06752250e-03]
 [ 0.00000000e+00  0.00000000e+00  1.17141324e-02  1.47649473e-02
   1.78157623e-02  2.08665773e-02  2.39173922e-02  2.69682072e-02
   3.00190222e-02  3.29529872e-02  3.56532524e-02  3.80029677e-02
   3.98852833e-02  4.11833493e-02  4.17803156e-02  4.17273646e-02
   4.10756783e-02  3.98764390e-02  3.81808288e-02  3.60400301e-02
   3.26797937e-02  3.06420809e-02  2.75162660e-02  2.41934479e-02
   2.07392943e-02  1.72194730e-02  1.36996517e-02  1.01798304e-02
   6.66000904e-03  3.14018771e-03]
 [ 0.00000000e+00  0.00000000e+00  3.59873815e-02  4.39773438e-02
   5.19673061e-02  5.96302097e-02  6.66389959e-02  7.26666060e-02
   7.73859813e-02  8.04700630e-02  8.15917924e-02  8.09966867e-02
   7.89302631e-02  7.56380387e-02  7.13655306e-02  6.63582560e-02
   6.08617321e-02  5.50357312e-02  4.90400260e-02  4.30343888e-02
   3.54771595e-02  3.16324086e-02  2.65556105e-02  2.18699671e-02
   1.74972473e-02  1.33592202e-02  9.37765500e-03  5.47432071e-03
   1.57098642e-03  1.00000000e-03]
 [ 4.10000000e-02  3.30000000e-02  2.60000000e-02  2.00000000e-02
   1.53156219e-02  1.26140524e-02  1.00892854e-02  7.82972209e-03
   5.92376367e-03  4.45981139e-03  3.52626648e-03  3.01625067e-03
   2.82288569e-03  2.83929329e-03  2.95859519e-03  3.07391313e-03
   3.07836885e-03  2.99303427e-03  2.83898133e-03  2.63728196e-03
   2.33877707e-03  2.17523163e-03  1.95702453e-03  1.75179189e-03
   1.55693882e-03  1.36987043e-03  1.18799183e-03  1.00870812e-03
   1.00000000e-03  1.00000000e-03]
 [ 0.00000000e+00  0.00000000e+00  0.00000000e+00  2.16422907e-03
   2.21016153e-03  2.25609398e-03  2.30202643e-03  2.34795888e-03
   2.38578561e-03  2.40740088e-03  2.40469897e-03  2.36957416e-03
   2.29392070e-03  2.16963289e-03  2.01292217e-03  1.84000000e-03
   1.66707783e-03  1.51036711e-03  1.38607930e-03  1.31042584e-03
   1.27397979e-03  1.27259912e-03  1.29421439e-03  1.33204112e-03
   1.37797357e-03  1.42390602e-03  1.46983847e-03  1.51577093e-03
   1.56170338e-03  1.08420217e-19]
 [ 0.00000000e+00  0.00000000e+00  0.00000000e+00  3.74890612e-02
   3.61172335e-02  3.47454058e-02  3.33630956e-02  3.19598202e-02
   3.05250972e-02  2.90484440e-02  2.75193780e-02  2.59274168e-02
   2.43374498e-02  2.28143666e-02  2.14230569e-02  2.02284101e-02
   1.92953159e-02  1.86886639e-02  1.83467902e-02  1.82080313e-02
   2.00000000e-02  2.00000000e-02  2.00000000e-02  2.00000000e-02
   2.00000000e-02  2.00000000e-02  2.00000000e-02  2.00000000e-02
   2.00000000e-02  6.93889390e-18]
 [ 0.00000000e+00  0.00000000e+00  0.00000000e+00  2.07236417e-03
   2.11829662e-03  2.16422907e-03  2.21016153e-03  2.25609398e-03
   2.30202643e-03  2.34795888e-03  2.38578561e-03  2.40740088e-03
   2.40469897e-03  2.36957416e-03  2.29392070e-03  2.16963289e-03
   2.01292217e-03  1.84000000e-03  1.66707783e-03  1.51036711e-03
   1.35893442e-03  1.31042584e-03  1.27530103e-03  1.27259912e-03
   1.29421439e-03  1.33204112e-03  1.37797357e-03  1.42390602e-03
   1.46983847e-03  1.08420217e-19]
 [ 0.00000000e+00  0.00000000e+00  0.00000000e+00  2.51759997e-03
   2.44512991e-03  2.37265986e-03  2.30018980e-03  2.22771975e-03
   2.15449048e-03  2.07974278e-03  2.00271744e-03  1.92265525e-03
   1.83879698e-03  1.75038343e-03  1.66146746e-03  1.57610193e-03
   1.49833970e-03  1.43223365e-03  1.38183663e-03  1.35120150e-03
   1.33654766e-03  1.33604234e-03  1.34493101e-03  1.36040697e-03
   1.37917659e-03  1.39794620e-03  1.41671582e-03  1.43548543e-03
   1.45425505e-03  2.16840434e-19]
 [ 0.00000000e+00  0.00000000e+00  0.00000000e+00  3.77066146e-02
   3.63461220e-02  3.49856293e-02  3.36139152e-02  3.22197581e-02
   3.07919366e-02  2.93192293e-02  2.77904146e-02  2.61942712e-02
   2.45955568e-02  2.30590296e-02  2.16494473e-02  2.04315680e-02
   2.00000000e-02  2.00000000e-02  2.00000000e-02  2.00000000e-02
   2.00000000e-02  2.00000000e-02  2.00000000e-02  2.00000000e-02
   2.00000000e-02  2.00000000e-02  2.00000000e-02  2.00000000e-02
   2.00000000e-02  6.93889390e-18]
 [ 0.00000000e+00  0.00000000e+00  0.00000000e+00  2.66254008e-03
   2.59007002e-03  2.51759997e-03  2.44512991e-03  2.37265986e-03
   2.30018980e-03  2.22771975e-03  2.15449048e-03  2.07974278e-03
   2.00271744e-03  1.92265525e-03  1.83879698e-03  1.75038343e-03
   1.66146746e-03  1.57610193e-03  1.49833970e-03  1.43223365e-03
   1.37083839e-03  1.35120150e-03  1.33703462e-03  1.33604234e-03
   1.34493101e-03  1.36040697e-03  1.37917659e-03  1.39794620e-03
   1.41671582e-03  6.50521303e-19]]","2D array of the thickness of the layers of the blade structure. The first dimension represents each layer, the second dimension represents each entry along blade span."
rotorse.rs.brs.layer_start_nd,intermediate,,"[[0.         0.         0.         0.         0.         0.
  0.         0.         0.         0.         0.         0.
  0.         0.         0.         0.         0.         0.
  0.         0.         0.         0.         0.         0.
  0.         0.         0.         0.         0.         0.        ]
 [0.         0.         0.         0.         0.         0.
  0.         0.         0.         0.         0.         0.
  0.         0.         0.         0.         0.         0.
  0.         0.         0.         0.         0.         0.
  0.         0.         0.         0.         0.         0.        ]
 [0.16613836 0.17180127 0.17356408 0.24199078 0.24806134 0.25465133
  0.25823639 0.26060371 0.26185047 0.26161229 0.26081255 0.26231674
  0.26402735 0.27126114 0.27366032 0.27663823 0.27874511 0.27904085
  0.27805205 0.27506336 0.26774732 0.26203787 0.25142157 0.23806322
  0.22713446 0.21215315 0.19013613 0.15591778 0.10362535 0.08009451]
 [0.66614777 0.67234531 0.68116003 0.62565618 0.63217091 0.63585376
  0.63998753 0.64432499 0.64795853 0.6511168  0.65356262 0.65234045
  0.65045265 0.64095552 0.6356928  0.62793609 0.6202523  0.61369673
  0.60745521 0.6019908  0.59598027 0.59308008 0.58909607 0.58563415
  0.58359802 0.58098947 0.57747154 0.57208904 0.57339689 0.59684729]
 [0.19443411 0.20023461 0.2034648  0.20985913 0.21680988 0.22473252
  0.23047318 0.23511254 0.23881547 0.24131677 0.24339399 0.24777115
  0.25245366 0.2626957  0.26823324 0.27460993 0.28054095 0.28515759
  0.28912313 0.26924735 0.15010405 0.26663442 0.29282122 0.29160038
  0.29036809 0.28828892 0.28470286 0.27880225 0.26841981 0.24523263]
 [0.69444351 0.70077865 0.71106075 0.7210051  0.73181307 0.73805793
  0.74192309 0.74555238 0.74756319 0.74829535 0.74813068 0.74511023
  0.74148716 0.73206081 0.72721102 0.72134089 0.71582778 0.71163356
  0.70815871 0.68336645 0.56175767 0.67867243 0.70736157 0.70936109
  0.71126115 0.71382702 0.71773382 0.72373774 0.73399726 0.75672069]
 [0.48905595 0.48893839 0.48796411 0.48706864 0.48668455 0.48576547
  0.48502104 0.48531088 0.48564258 0.4857924  0.48611936 0.48627169
  0.48627317 0.48579129 0.48506303 0.48383156 0.48238805 0.48077685
  0.47894774 0.47684624 0.47359139 0.47152324 0.46807164 0.4638829
  0.45854522 0.4511866  0.44595877 0.44467843 0.44324233 0.44179699]
 [0.         0.         0.         0.         0.         0.
  0.         0.         0.         0.         0.         0.
  0.         0.         0.         0.         0.         0.
  0.         0.         0.         0.         0.         0.
  0.         0.         0.         0.         0.         0.        ]
 [0.95925412 0.95895293 0.9565692  0.95388656 0.95056337 0.94780072
  0.9455854  0.94397287 0.94256868 0.94189525 0.94165198 0.94093289
  0.94012219 0.93775085 0.9348865  0.93047603 0.92519004 0.92487708
  0.92502404 0.92507998 0.92496879 0.92485823 0.92470421 0.92478851
  0.93005609 0.93027525 0.93045139 0.93065362 0.93081265 0.93112403]
 [0.04074588 0.04104707 0.0434308  0.04611344 0.04943663 0.05219928
  0.0544146  0.05602713 0.05743132 0.05810475 0.05834802 0.05906711
  0.05987781 0.06224915 0.0651135  0.06952397 0.07480996 0.07512292
  0.07497596 0.07492002 0.07503121 0.07514177 0.07529579 0.07521149
  0.06994391 0.06972475 0.06954861 0.06934638 0.06918735 0.06887597]
 [0.22272986 0.22866794 0.23336552 0.30519775 0.31545386 0.32544802
  0.33085575 0.33465856 0.33693023 0.33733731 0.33709694 0.33988989
  0.34299578 0.35339757 0.35941354 0.36772761 0.37587724 0.38290041
  0.38967533 0.39578041 0.40279653 0.40628122 0.41109454 0.41700506
  0.41919031 0.42186213 0.42542975 0.43087324 0.43321427 0.41037074]
 [0.51094271 0.51093158 0.51109232 0.51151394 0.51274861 0.51314609
  0.51310658 0.51395159 0.51467968 0.51507905 0.51562235 0.51627311
  0.5168142  0.51755755 0.51822809 0.51906037 0.51995391 0.52094453
  0.52211804 0.52353357 0.52582167 0.52730935 0.52982516 0.53308866
  0.53739617 0.54310325 0.54601304 0.54471542 0.54334969 0.54177825]
 [0.72273926 0.72921198 0.74096147 0.68886315 0.69956343 0.70665045
  0.71260689 0.71837984 0.72303829 0.72684182 0.72984701 0.72991361
  0.72942107 0.72309195 0.72144602 0.71902547 0.71738444 0.71755629
  0.71907849 0.72270786 0.73102948 0.73732343 0.74876904 0.76133267
  0.77353861 0.78951013 0.81219362 0.84654949 0.89459762 0.91659409]
 [0.         0.         0.         0.         0.         0.
  0.         0.         0.         0.         0.         0.
  0.         0.         0.         0.05       0.05       0.05
  0.05       0.05       0.05       0.05       0.05       0.05
  0.05       0.05       0.04       0.05       0.05       0.05      ]
 [0.         0.         0.         0.         0.         0.
  0.         0.         0.         0.         0.         0.
  0.         0.         0.         0.         0.         0.
  0.         0.         0.         0.         0.         0.
  0.         0.         0.         0.         0.         0.        ]
 [0.         0.         0.         0.         0.         0.
  0.         0.         0.         0.         0.         0.
  0.         0.         0.         0.         0.         0.
  0.         0.         0.         0.         0.         0.
  0.         0.         0.         0.         0.         0.        ]
 [0.         0.         0.         0.         0.         0.
  0.         0.         0.         0.         0.         0.
  0.         0.         0.         0.         0.         0.
  0.         0.         0.         0.         0.         0.
  0.         0.         0.         0.         0.         0.        ]
 [0.         0.         0.         0.         0.         0.
  0.         0.         0.         0.         0.         0.
  0.         0.         0.         0.         0.         0.
  0.         0.         0.         0.         0.         0.
  0.         0.         0.         0.         0.         0.        ]
 [0.         0.         0.         0.         0.         0.
  0.         0.         0.         0.         0.         0.
  0.         0.         0.         0.         0.         0.
  0.         0.         0.         0.         0.         0.
  0.         0.         0.         0.         0.         0.        ]
 [0.         0.         0.         0.         0.         0.
  0.         0.         0.         0.         0.         0.
  0.         0.         0.         0.         0.         0.
  0.         0.         0.         0.         0.         0.
  0.         0.         0.         0.         0.         0.        ]]","2D array of the non-dimensional start point defined along the outer profile of a layer. The TE suction side is 0, the TE pressure side is 1. The first dimension represents each layer, the second dimension represents each entry along blade span."
rotorse.rs.brs.layer_end_nd,intermediate,,"[[1.         1.         1.         1.         1.         1.
  1.         1.         1.         1.         1.         1.
  1.         1.         1.         1.         1.         1.
  1.         1.         1.         1.         1.         1.
  1.         1.         1.         1.         1.         1.        ]
 [1.         1.         1.         1.         1.         1.
  1.         1.         1.         1.         1.         1.
  1.         1.         1.         1.         1.         1.
  1.         1.         1.         1.         1.         1.
  1.         1.         1.         1.         1.         1.        ]
 [0.22272986 0.22866794 0.23336552 0.30519775 0.31545386 0.32544802
  0.33085575 0.33465856 0.33693023 0.33733731 0.33709694 0.33988989
  0.34299578 0.35339757 0.35941354 0.36772761 0.37587724 0.38290041
  0.38967533 0.39578041 0.40279653 0.40628122 0.41109454 0.41700506
  0.41919031 0.42186213 0.42542975 0.43087324 0.43321427 0.41037074]
 [0.72273926 0.72921198 0.74096147 0.68886315 0.69956343 0.70665045
  0.71260689 0.71837984 0.72303829 0.72684182 0.72984701 0.72991361
  0.72942107 0.72309195 0.72144602 0.71902547 0.71738444 0.71755629
  0.71907849 0.72270786 0.73102948 0.73732343 0.74876904 0.76133267
  0.77353861 0.78951013 0.81219362 0.84654949 0.89459762 0.91659409]
 [0.19443411 0.20023461 0.2034648  0.20985913 0.21680988 0.22473252
  0.23047318 0.23511254 0.23881547 0.24131677 0.24339399 0.24777115
  0.25245366 0.2626957  0.26823324 0.27460993 0.28054095 0.28515759
  0.28912313 0.31451625 0.43708362 0.32072568 0.29282122 0.29160038
  0.29036809 0.28828892 0.28470286 0.27880225 0.26841981 0.24523263]
 [0.69444351 0.70077865 0.71106075 0.7210051  0.73181307 0.73805793
  0.74192309 0.74555238 0.74756319 0.74829535 0.74813068 0.74511023
  0.74148716 0.73206081 0.72721102 0.72134089 0.71582778 0.71163356
  0.70815871 0.72863534 0.84873723 0.73276369 0.70736157 0.70936109
  0.71126115 0.71382702 0.71773382 0.72373774 0.73399726 0.75672069]
 [0.51094271 0.51093158 0.51109232 0.51151394 0.51274861 0.51314609
  0.51310658 0.51395159 0.51467968 0.51507905 0.51562235 0.51627311
  0.5168142  0.51755755 0.51822809 0.51906037 0.51995391 0.52094453
  0.52211804 0.52353357 0.52582167 0.52730935 0.52982516 0.53308866
  0.53739617 0.54310325 0.54601304 0.54471542 0.54334969 0.54177825]
 [0.04074588 0.04104707 0.0434308  0.04611344 0.04943663 0.05219928
  0.0544146  0.05602713 0.05743132 0.05810475 0.05834802 0.05906711
  0.05987781 0.06224915 0.0651135  0.06952397 0.07480996 0.07512292
  0.07497596 0.07492002 0.07503121 0.07514177 0.07529579 0.07521149
  0.06994391 0.06972475 0.06954861 0.06934638 0.06918735 0.06887597]
 [1.         1.         1.         1.         1.         1.
  1.         1.         1.         1.         1.         1.
  1.         1.         1.         1.         1.         1.
  1.         1.         1.         1.         1.         1.
  1.         1.         1.         1.         1.         1.        ]
 [0.16613836 0.17180127 0.17356408 0.24199078 0.24806134 0.25465133
  0.25823639 0.26060371 0.26185047 0.26161229 0.26081255 0.26231674
  0.26402735 0.27126114 0.27366032 0.27663823 0.27874511 0.27904085
  0.27805205 0.27506336 0.26774732 0.26203787 0.25142157 0.23806322
  0.22713446 0.21215315 0.19013613 0.15591778 0.10362535 0.08009451]
 [0.48905595 0.48893839 0.48796411 0.48706864 0.48668455 0.48576547
  0.48502104 0.48531088 0.48564258 0.4857924  0.48611936 0.48627169
  0.48627317 0.48579129 0.48506303 0.48383156 0.48238805 0.48077685
  0.47894774 0.47684624 0.47359139 0.47152324 0.46807164 0.4638829
  0.45854522 0.4511866  0.44595877 0.44467843 0.44324233 0.44179699]
 [0.66614777 0.67234531 0.68116003 0.62565618 0.63217091 0.63585376
  0.63998753 0.64432499 0.64795853 0.6511168  0.65356262 0.65234045
  0.65045265 0.64095552 0.6356928  0.62793609 0.6202523  0.61369673
  0.60745521 0.6019908  0.59598027 0.59308008 0.58909607 0.58563415
  0.58359802 0.58098947 0.57747154 0.57208904 0.57339689 0.59684729]
 [0.95925412 0.95895293 0.9565692  0.95388656 0.95056337 0.94780072
  0.9455854  0.94397287 0.94256868 0.94189525 0.94165198 0.94093289
  0.94012219 0.93775085 0.9348865  0.93047603 0.92519004 0.92487708
  0.92502404 0.92507998 0.92496879 0.92485823 0.92470421 0.92478851
  0.93005609 0.93027525 0.93045139 0.93065362 0.93081265 0.93112403]
 [1.         1.         1.         1.         1.         1.
  1.         1.         1.         1.         1.         1.
  1.         1.         1.         0.95       0.95       0.95
  0.95       0.95       0.95       0.95       0.95       0.95
  0.95       0.95       0.95       0.95       0.95       0.95      ]
 [0.         0.         0.         0.         0.         0.
  0.         0.         0.         0.         0.         0.
  0.         0.         0.         0.         0.         0.
  0.         0.         0.         0.         0.         0.
  0.         0.         0.         0.         0.         0.        ]
 [0.         0.         0.         0.         0.         0.
  0.         0.         0.         0.         0.         0.
  0.         0.         0.         0.         0.         0.
  0.         0.         0.         0.         0.         0.
  0.         0.         0.         0.         0.         0.        ]
 [0.         0.         0.         0.         0.         0.
  0.         0.         0.         0.         0.         0.
  0.         0.         0.         0.         0.         0.
  0.         0.         0.         0.         0.         0.
  0.         0.         0.         0.         0.         0.        ]
 [0.         0.         0.         0.         0.         0.
  0.         0.         0.         0.         0.         0.
  0.         0.         0.         0.         0.         0.
  0.         0.         0.         0.         0.         0.
  0.         0.         0.         0.         0.         0.        ]
 [0.         0.         0.         0.         0.         0.
  0.         0.         0.         0.         0.         0.
  0.         0.         0.         0.         0.         0.
  0.         0.         0.         0.         0.         0.
  0.         0.         0.         0.         0.         0.        ]
 [0.         0.         0.         0.         0.         0.
  0.         0.         0.         0.         0.         0.
  0.         0.         0.         0.         0.         0.
  0.         0.         0.         0.         0.         0.
  0.         0.         0.         0.         0.         0.        ]]","2D array of the non-dimensional end point defined along the outer profile of a layer. The TE suction side is 0, the TE pressure side is 1. The first dimension represents each layer, the second dimension represents each entry along blade span."
rotorse.rs.brs.root_M,intermediate,N*m,[ 13380906.74356526 -49752098.52756298        -0.        ],Blade root moment in blade c.s.
rotorse.rs.constr.strainU_spar,intermediate,,"[ 7.82628195e-04 -1.05610013e-03 -1.57604599e-03 -1.80529985e-03
 -2.25333189e-03 -2.53674071e-03 -2.62696512e-03 -2.70969889e-03
 -2.76789107e-03 -2.75149531e-03 -2.70783928e-03 -2.67325011e-03
 -2.62350573e-03 -2.60635663e-03 -2.57688334e-03 -2.56720849e-03
 -2.53778539e-03 -2.48386881e-03 -2.41346992e-03 -2.13958679e-03
 -1.62650896e-03 -1.94796276e-03 -1.99642506e-03 -1.85463038e-03
 -1.76380951e-03 -1.61732261e-03 -1.37671341e-03 -1.01469477e-03
 -4.97224540e-04  3.54690738e-07]","strain in spar cap on upper surface at location xu,yu_strain with loads P_strain"
rotorse.rs.constr.strainL_spar,intermediate,,"[ 7.82628195e-04  1.00590879e-03  1.60346709e-03  1.87202352e-03
  2.22043158e-03  2.52389861e-03  2.61881033e-03  2.72004819e-03
  2.75166946e-03  2.69040441e-03  2.60032054e-03  2.52545328e-03
  2.44892302e-03  2.41880186e-03  2.40645221e-03  2.42843931e-03
  2.44512277e-03  2.45061438e-03  2.44746998e-03  2.42274726e-03
  1.68809655e-03  2.34458742e-03  2.29750200e-03  2.22637565e-03
  2.17349339e-03  2.04907191e-03  1.80347758e-03  1.39058397e-03
  7.14977333e-04 -5.83256495e-07]","strain in spar cap on lower surface at location xl,yl_strain with loads P_strain"
rotorse.rs.constr.strainU_te,intermediate,,"[ 7.82628195e-04 -8.22611580e-04 -4.86897264e-04 -5.96908160e-04
 -1.44916674e-04  5.50825943e-05  2.20251063e-04  3.15641912e-04
  3.66290514e-04  3.66438096e-04  3.33506844e-04  2.87097595e-04
  2.43856290e-04  2.12419709e-04  1.93844099e-04  3.17785987e-04
  3.45298680e-04  3.86957488e-04  4.33812917e-04  4.77482251e-04
  3.91399444e-04  5.49593109e-04  5.65286794e-04  5.73215135e-04
  6.05211530e-04  6.05547066e-04  5.96005406e-04  4.63857269e-04
  2.35916751e-04 -3.82930345e-07]","strain in trailing edge on upper surface at location xu,yu_strain with loads P_strain"
rotorse.rs.constr.strainL_te,intermediate,,"[ 7.82628195e-04 -8.22611580e-04 -2.42271092e-05 -9.92024032e-05
  4.56405623e-04  7.44242461e-04  9.21428856e-04  9.61778181e-04
  9.52705870e-04  9.13791508e-04  8.47729464e-04  7.75097392e-04
  7.06570323e-04  6.60064275e-04  6.27877937e-04  6.83995754e-04
  6.94003498e-04  7.16138257e-04  7.41326932e-04  7.60429132e-04
  5.70277776e-04  7.75319112e-04  7.59527842e-04  7.38931955e-04
  7.34412704e-04  7.05127763e-04  6.47681393e-04  5.37130610e-04
  2.82221721e-04 -3.82930345e-07]","strain in trailing edge on lower surface at location xl,yl_strain with loads P_strain"
rotorse.s,intermediate,,"[0.         0.03448276 0.06896552 0.10344828 0.13793103 0.17241379
 0.20689655 0.24137931 0.27586207 0.31034483 0.34482759 0.37931034
 0.4137931  0.44827586 0.48275862 0.51724138 0.55172414 0.5862069
 0.62068966 0.65517241 0.7        0.72413793 0.75862069 0.79310345
 0.82758621 0.86206897 0.89655172 0.93103448 0.96551724 1.        ]","1D array of the non-dimensional spanwise grid defined along blade axis (0-blade root, 1-blade tip)"
rotorse.rs.constr.rated_Omega,intermediate,rpm,[7.88077303],rotor rotation speed at rated
rotorse.rs.constr.flap_mode_freqs,intermediate,Hz,[0.60991516 1.62333453 3.1098651  4.9724063  7.56394137],Frequencies associated with mode shapes in the flap direction
rotorse.rs.constr.edge_mode_freqs,intermediate,Hz,[ 0.88990588  2.80665108  5.51525239  9.56463651 14.10300481],Frequencies associated with mode shapes in the edge direction
rotorse.rs.constr.tors_mode_freqs,intermediate,Hz,[22.40591225  0.          0.          0.          0.        ],Frequencies associated with mode shapes in the torsional direction
rotorse.blade_span_cg,output,m,[28.5277808],Distance along the blade span for its center of gravity
rotorse.rs.x_az,output,m,"[ 0.          0.01458961  0.05222308  0.10814189  0.1742505   0.24113677
  0.30008558  0.34265121  0.35982107  0.34758647  0.3145081   0.26685814
  0.21087049  0.1404773   0.03804705 -0.09075292 -0.23512381 -0.39413733
 -0.58577711 -0.80529181 -1.1155553  -1.29121723 -1.5637297  -1.85903588
 -2.17067421 -2.49837779 -2.84335536 -3.20952152 -3.59684443 -4.        ]",location of blade in azimuth x-coordinate system (prebend)
rotorse.rs.y_az,output,m,"[0. 0. 0. 0. 0. 0. 0. 0. 0. 0. 0. 0. 0. 0. 0. 0. 0. 0. 0. 0. 0. 0. 0. 0.
 0. 0. 0. 0. 0. 0.]",location of blade in azimuth y-coordinate system (sweep)
rotorse.rs.z_az,output,m,"[  3.           6.44814717   9.89629433  13.3444415   16.79258866
  20.24073583  23.68888299  27.13703016  30.58517733  34.03332449
  37.48147166  40.92961882  44.37776599  47.82591316  51.27406032
  54.72220749  58.17035465  61.61850182  65.06664898  68.51479615
  72.99738747  75.41109048  78.85923765  82.30738481  85.75553198
  89.20367915  92.65182631  96.09997348  99.54812064 102.99626781]",location of blade in azimuth z-coordinate system (from root to tip)
rotorse.rs.frame.Px_af,intermediate,N/m,"[ 1278.654018    1345.86582767  1578.56550382  2012.15396176
  2483.54584503  2945.32902922  3437.69830147  4068.19193052
  4783.78679514  5610.77919791  6557.34311417  7557.41664063
  8761.02147778 10027.36451246 11505.13351406 12518.2528861
 13256.45081549 13750.17995026 14038.57668544 14141.82426485
 15739.36787621 13888.12760286 13581.49585691 13073.27001486
 12332.46822837 11261.19010015  9986.68341878  8481.58268014
  6697.28184803  4460.26629587]",distributed load (force per unit length) in airfoil x-direction
rotorse.rs.frame.Py_af,intermediate,N/m,"[  537.43679136   546.2541528    396.53212125    58.09920308
  -357.53169527  -680.11612068  -910.68236177 -1137.64360685
 -1350.88062626 -1593.70290047 -1849.60028476 -2098.43278847
 -2391.45533928 -2683.87624651 -3021.22453237 -3201.02779076
 -3285.61704914 -3307.17057015 -3292.53295571 -3263.73539411
 -3169.8894643  -3197.33258609 -3157.14194065 -3089.10592821
 -2975.39721629 -2795.27660017 -2535.83883153 -2202.88870846
 -1778.09536491 -1219.25048648]",distributed load (force per unit length) in airfoil y-direction
rotorse.rs.frame.Pz_af,intermediate,N/m,"[-17576.8664126   -9993.87896458  -4579.88564945   -889.62605299
   1613.47644427   3220.03671987   4382.26826263   5258.88984232
   5987.60803072   6678.84866539   7398.53940225   8106.65509749
   8791.23116358   9268.08149319   9579.74204931   9467.9414586
   9288.66941609   8838.67280724   8251.80663195   7629.9522539
  20614.83392756   6186.79927224   5394.2644655    4638.35004795
   3797.36962834   3091.99903352   2470.74775662   1853.49230432
   1283.11162398    600.26227057]",distributed load (force per unit length) in airfoil z-direction
rotorse.A,output,m**2,"[1.17332119 0.9608292  0.96597101 1.13520441 0.96503109 0.85583603
 0.7960698  0.75228302 0.72090859 0.6992835  0.68144707 0.65766565
 0.63139576 0.58982258 0.54058653 0.47922854 0.42078217 0.36627596
 0.31400477 0.26528499 0.32478769 0.18003482 0.14302711 0.11138034
 0.0843796  0.06145788 0.04337051 0.02873191 0.01772264 0.00628551]",airfoil cross section material area
rotorse.EA,output,N,"[3.27477995e+10 2.91266533e+10 2.55394610e+10 2.23343457e+10
 1.97767360e+10 1.85207715e+10 1.78423732e+10 1.73085859e+10
 1.67805148e+10 1.62106443e+10 1.56080864e+10 1.49346668e+10
 1.41994551e+10 1.33514446e+10 1.24879443e+10 1.15034473e+10
 1.05887582e+10 9.60298235e+09 8.65352122e+09 7.77564183e+09
 9.96972206e+09 6.13089657e+09 5.36282319e+09 4.62123551e+09
 3.75311713e+09 2.99814930e+09 2.32874038e+09 1.71759573e+09
 1.13565795e+09 4.94767164e+08]",axial stiffness
rotorse.EIxx,output,N*m**2,"[7.98109529e+10 6.56800085e+10 5.40632541e+10 4.53063142e+10
 3.62253619e+10 3.06634142e+10 2.70710469e+10 2.43120392e+10
 2.24192617e+10 2.11476631e+10 2.02713039e+10 1.93546795e+10
 1.83512091e+10 1.67864636e+10 1.46490327e+10 1.17409256e+10
 9.39210416e+09 7.12023328e+09 5.23625641e+09 3.76700749e+09
 3.15066698e+09 1.83654526e+09 1.24653157e+09 8.25166826e+08
 4.97434774e+08 2.93505023e+08 1.64022527e+08 8.31664974e+07
 3.51086851e+07 5.89298422e+06]",edgewise stiffness (bending about :ref:`x-axis of airfoil aligned coordinate system <blade_airfoil_coord>`)
rotorse.EIyy,output,N*m**2,"[7.98078947e+10 7.57266022e+10 5.66872476e+10 3.89020934e+10
 2.53424121e+10 1.74150429e+10 1.37591616e+10 1.08824222e+10
 8.87507348e+09 7.66581795e+09 6.75109907e+09 5.88441402e+09
 5.12285931e+09 4.29515471e+09 3.51938033e+09 2.76905473e+09
 2.15223418e+09 1.65349919e+09 1.24833088e+09 9.23920516e+08
 8.31528350e+08 4.62862355e+08 3.09132640e+08 1.94035248e+08
 1.09589890e+08 5.69275940e+07 2.65755541e+07 1.03346654e+07
 2.90063854e+06 4.09179978e+05]",flapwise stiffness (bending about y-axis of airfoil aligned coordinate system)
rotorse.EIxy,output,N*m**2,"[ 6.85673811e+05  3.94470468e+09  4.98813130e+09  3.74737557e+09
  3.04993251e+09  2.22808913e+09  1.72544856e+09  1.34403371e+09
  1.08595357e+09  9.28540361e+08  8.39148344e+08  7.60645281e+08
  6.87561310e+08  5.91123793e+08  4.79508014e+08  3.60643688e+08
  2.64226933e+08  1.77860800e+08  1.12685350e+08  6.66592736e+07
  4.93133680e+07  1.64853646e+07  5.15089566e+06 -1.38862157e+06
 -3.20411060e+06 -2.91580816e+06 -1.92060658e+06 -9.81628331e+05
 -6.27911695e+05 -1.37288075e+05]",coupled flap-edge stiffness
rotorse.GJ,output,N*m**2,"[4.66985924e+10 3.76457553e+10 5.46410852e+10 4.04435092e+10
 2.46043995e+10 1.56645828e+10 1.12220302e+10 7.82507703e+09
 5.78345941e+09 4.78407843e+09 4.19151935e+09 3.62157535e+09
 3.14804238e+09 2.50910838e+09 1.94927116e+09 1.32628650e+09
 9.03765559e+08 6.44225768e+08 4.38918741e+08 2.89162811e+08
 2.01627139e+08 1.13563781e+08 6.53377406e+07 3.52209049e+07
 1.78357443e+07 8.30465812e+06 3.68167932e+06 1.36982330e+06
 3.99148580e+05 6.86942891e+04]",torsional stiffness (about axial z-direction of airfoil aligned coordinate system)
rotorse.rhoA,output,kg/m,"[2266.06551636 1848.16748355 1498.54104232 1260.89737201  981.62490733
  806.81197576  691.60672189  605.93542572  543.41343076  500.02930583
  471.35647117  449.44590373  431.43355023  408.13024125  382.67780542
  346.0463532   312.86272998  276.14228769  240.47669255  208.33628024
  520.06715301  149.98928759  123.87477709  101.17795317   78.87710284
   61.30363795   46.86362127   33.7018209    22.40358098   10.07607403]",mass per unit length
rotorse.rhoJ,output,kg*m,"[1.10478219e+04 8.98354583e+03 6.55513102e+03 4.62633398e+03
 3.09405417e+03 2.27120896e+03 1.82847726e+03 1.51622400e+03
 1.31255891e+03 1.18847401e+03 1.11064926e+03 1.03781173e+03
 9.73455925e+02 8.69276076e+02 7.53044543e+02 5.97381544e+02
 4.73477020e+02 3.61726698e+02 2.68431953e+02 1.94284323e+02
 1.92332091e+02 9.36028221e+01 6.19636346e+01 3.93704820e+01
 2.30334378e+01 1.29289496e+01 6.73798179e+00 3.01013630e+00
 1.09876492e+00 1.84573555e-01]",polar mass moment of inertia per unit length
rotorse.x_ec,output,m,"[-3.12732187e-16  4.13669560e-06 -2.09349926e-05 -1.53390759e-03
 -1.67652645e-03 -1.56259095e-03 -1.32271430e-03 -8.91521607e-04
 -5.71852132e-04 -3.91972053e-04 -2.78266989e-04 -2.02680116e-04
 -1.53933146e-04 -1.53653723e-04 -1.87320536e-04 -2.01472556e-04
 -1.18653508e-04 -2.02644451e-04 -1.94221925e-04 -1.40645878e-04
 -7.06825110e-05 -1.42133775e-04 -1.39966406e-04 -1.42560712e-04
 -1.35323234e-04 -1.26661483e-04 -1.18948208e-04 -1.11128704e-04
 -1.00661503e-04  1.04083409e-17]",x-distance to elastic center from point about which above structural properties are computed (airfoil aligned coordinate system)
rotorse.y_ec,output,m,"[ 1.59919820e-18  5.09048139e-04  6.90049889e-03  1.14788578e-02
  1.78556824e-02  2.14667401e-02  2.07055293e-02  1.66317503e-02
  1.45784165e-02  1.51131991e-02  1.78064078e-02  2.02926290e-02
  2.18322827e-02  2.15917663e-02  1.97964327e-02  1.51873363e-02
 -3.29973467e-03  7.41595552e-03  4.44344633e-03 -1.72920758e-03
 -9.71191964e-04 -1.09769603e-03 -8.68326188e-04 -6.76140343e-04
 -5.21738752e-04 -4.12579907e-04 -3.50436825e-04 -3.23785563e-04
 -3.63596287e-04  0.00000000e+00]",y-distance to elastic center from point about which above structural properties are computed
rotorse.rs.strains.EI11,intermediate,N*m**2,"[7.98077480e+10 6.43162644e+10 5.02166953e+10 3.71742145e+10
 2.45452153e+10 1.70498998e+10 1.35388743e+10 1.07491219e+10
 8.78850582e+09 7.60213383e+09 6.69918580e+09 5.84157070e+09
 5.08719499e+09 4.26722510e+09 3.49874605e+09 2.75457367e+09
 2.14260374e+09 1.64771669e+09 1.24514842e+09 9.22358397e+08
 8.30480217e+08 4.62664443e+08 3.09104239e+08 1.94032097e+08
 1.09563348e+08 5.68916102e+07 2.65486861e+07 1.03214145e+07
 2.88838856e+06 4.05745096e+05]",stiffness w.r.t principal axis 1
rotorse.rs.strains.EI22,intermediate,N*m**2,"[7.98110996e+10 7.70903387e+10 6.05325903e+10 4.70311977e+10
 3.70161978e+10 3.10199773e+10 2.72836537e+10 2.44405380e+10
 2.25022575e+10 2.12076420e+10 2.03182672e+10 1.93913723e+10
 1.83801049e+10 1.68081684e+10 1.46647725e+10 1.17527529e+10
 9.40161916e+09 7.12548725e+09 5.23926768e+09 3.76854621e+09
 3.15170566e+09 1.83673566e+09 1.24655582e+09 8.25167770e+08
 4.97460225e+08 2.93540448e+08 1.64049076e+08 8.31795471e+07
 3.51207734e+07 5.89641911e+06]",stiffness w.r.t principal axis 2
rotorse.rs.strains.alpha,intermediate,deg,"[12.07607196 70.92905565 52.37144679 24.75102407 14.64465053  9.30332018
  7.27251357  5.66237745  4.55686842  3.92294029  3.5396405   3.22347088
  2.96908003  2.70488546  2.46375363  2.29908485  2.08737044  1.86183007
  1.61744156  1.34235154  1.21757215  0.68742991  0.31478231 -0.12610273
 -0.47333599 -0.70606471 -0.80045252 -0.77209653 -1.11652246 -1.43321375]",Angle between blade c.s. and principal axes
rotorse.rs.strains.M1,intermediate,N*m,"[-3.61919048e+07 -3.40418711e+07 -2.02961961e+07 -3.32970287e+07
 -3.76881374e+07 -3.62773396e+07 -3.37550212e+07 -3.10031459e+07
 -2.82404337e+07 -2.55372366e+07 -2.29318683e+07 -2.04353569e+07
 -1.80523625e+07 -1.57913762e+07 -1.36634221e+07 -1.16824378e+07
 -9.85651021e+06 -8.19079912e+06 -6.68945978e+06 -5.35412809e+06
 -3.87693331e+06 -3.17953454e+06 -2.31268996e+06 -1.60036804e+06
 -1.03617747e+06 -6.11000038e+05 -3.11810292e+05 -1.22774388e+05
 -2.57529875e+04  4.80870546e+00]",distribution along blade span of bending moment w.r.t principal axis 1
rotorse.rs.strains.M2,intermediate,N*m,"[ 3.66669847e+07  3.45430917e+07  4.07175118e+07  2.64392824e+07
  1.20587245e+07  5.30463605e+06  1.83055330e+06 -2.55478865e+04
 -1.23798432e+06 -1.88900782e+06 -2.13248601e+06 -2.15435393e+06
 -2.06938026e+06 -1.92704848e+06 -1.75373676e+06 -1.55670264e+06
 -1.35788247e+06 -1.17211796e+06 -9.99476342e+05 -8.41892516e+05
 -6.42611772e+05 -5.66136682e+05 -4.43721089e+05 -3.31982665e+05
 -2.32135114e+05 -1.46591684e+05 -7.94841321e+04 -3.31275668e+04
 -7.54683477e+03  1.33320976e-01]",distribution along blade span of bending moment w.r.t principal axis 2
rotorse.rs.strains.F3,intermediate,N,"[ 4.80527327e+05  5.28061307e+05  5.53187542e+05  5.62617380e+05
  5.61369409e+05  5.53036079e+05  5.39929150e+05  5.23307089e+05
  5.03917305e+05  4.82079408e+05  4.57808961e+05  4.31076872e+05
  4.01943681e+05  3.70808107e+05  3.38313081e+05  3.05473483e+05
  2.73135718e+05  2.41882857e+05  2.12417620e+05  1.85036307e+05
  1.21731409e+05  8.93858314e+04  6.94192303e+04  5.21222687e+04
  3.75784716e+04  2.57006968e+04  1.61101145e+04  8.65480842e+03
  3.24707398e+03 -1.93267624e-11]",axial resultant along blade span
rotorse.xu_spar,output,,"[6.97692885e-06 2.14414984e+00 1.93885104e+00 1.73086758e+00
 1.40509641e+00 1.15128463e+00 1.01263023e+00 8.99920698e-01
 8.22422718e-01 7.79843603e-01 7.51516387e-01 7.24765812e-01
 7.00514790e-01 6.66577851e-01 6.24956432e-01 5.74386716e-01
 5.24402024e-01 4.76609683e-01 4.30017937e-01 3.69284230e-01
 3.34719821e-01 2.86918387e-01 2.59896956e-01 2.19926835e-01
 1.83133304e-01 1.48393118e-01 1.15851692e-01 8.45514692e-02
 5.54124132e-02 2.97671873e-02]",x-position of midpoint of spar cap on upper surface for strain calculation
rotorse.xl_spar,output,,"[ 6.97692885e-06 -2.11208179e+00 -2.01254675e+00 -1.67053713e+00
 -1.47596374e+00 -1.26292412e+00 -1.13376587e+00 -1.01625991e+00
 -9.21369780e-01 -8.61507421e-01 -8.17231194e-01 -7.76428045e-01
 -7.41682399e-01 -7.01906700e-01 -6.59828001e-01 -6.10876451e-01
 -5.64766638e-01 -5.20931968e-01 -4.78676080e-01 -4.19566824e-01
 -3.77467016e-01 -3.38915734e-01 -3.14527269e-01 -2.74801784e-01
 -2.32800092e-01 -1.92497999e-01 -1.54475907e-01 -1.17351915e-01
 -8.04654826e-02 -4.95272282e-02]",x-position of midpoint of spar cap on lower surface for strain calculation
rotorse.yu_spar,output,,"[-2.24985417  0.6807434   0.47535678 -0.2597333  -0.29918636 -0.32913354
 -0.33619551 -0.33830873 -0.34529265 -0.35452481 -0.36629229 -0.38195951
 -0.39420987 -0.40872741 -0.39902016 -0.36243917 -0.33335349 -0.28612399
 -0.23930602  0.07046327 -0.17663522  0.09517739 -0.0994632  -0.07604624
 -0.05456096 -0.03884772 -0.02647868 -0.01489516 -0.00408316  0.00729364]",y-position of midpoint of spar cap on upper surface for strain calculation
rotorse.yl_spar,output,,"[-2.24985417 -0.66606205 -0.6221361  -1.07134798 -0.89571937 -0.7588144
 -0.66055176 -0.58279672 -0.53391393 -0.50777374 -0.49721592 -0.4963235
 -0.49566512 -0.49876601 -0.47838416 -0.43131621 -0.39261828 -0.33628117
 -0.28051641  0.03867483 -0.19729957  0.08058832 -0.10619979 -0.07584225
 -0.0488684  -0.02931368 -0.01488531 -0.00333876  0.00492343  0.01300822]",y-position of midpoint of spar cap on lower surface for strain calculation
rotorse.xu_te,output,,"[ 6.97692885e-06  1.89857366e-02  3.46639348e-01  2.37418854e-01
  1.86742598e-01  1.59469789e-01  1.42293574e-01  1.20426551e-01
  1.09120003e-01  1.07998591e-01  1.10855365e-01  1.12761107e-01
  1.12998200e-01  1.09396505e-01  1.02167435e-01  7.30060536e-02
  6.02576495e-02  4.82136157e-02  3.64199931e-02  2.52445742e-02
  1.82683269e-02  5.64928740e-03 -3.05426311e-03 -1.27565341e-02
 -2.01318887e-02 -2.54421274e-02 -3.03426896e-02 -2.78948935e-02
 -2.49731055e-02 -2.67688934e-02]",x-position of midpoint of trailing-edge panel on upper surface for strain calculation
rotorse.xl_te,output,,"[ 6.97692885e-06  1.89857366e-02 -2.48805130e-01 -2.41013071e-01
 -1.95280404e-01 -1.62133631e-01 -1.37846159e-01 -1.02965215e-01
 -7.29640588e-02 -5.46011965e-02 -3.90286551e-02 -2.64146539e-02
 -1.71056682e-02 -1.13045918e-02 -8.73118489e-03 -1.32097056e-02
 -1.53978733e-02 -1.78458817e-02 -2.06503681e-02 -2.33300758e-02
 -1.98863143e-02 -2.70512284e-02 -2.88898686e-02 -3.27548552e-02
 -3.37270794e-02 -3.46693863e-02 -3.50940062e-02 -3.40334939e-02
 -3.01610302e-02 -2.67688934e-02]",x-position of midpoint of trailing-edge panel on lower surface for strain calculation
rotorse.yu_te,output,,"[-2.24985417 -2.24162611  2.15307023  2.38144437  2.41417617  2.42105164
  2.42367496  2.42109242  2.40337121  2.37683918  2.34382205  2.30503147
  2.26823761  2.22708686  2.15424147  2.15988936  2.07697995  1.99878193
  1.90969401  1.80240379  1.61294333  1.54347825  1.39875405  1.24754873
  1.09334225  0.92842731  0.76900647  0.57562195  0.39051608 -0.24016097]",y-position of midpoint of trailing-edge panel on upper surface for strain calculation
rotorse.yl_te,output,,"[-2.24985417 -2.24162611  2.16936809  2.41144914  2.44615017  2.44952716
  2.4476653   2.43854819  2.41615019  2.38755724  2.35365202  2.31402275
  2.27636405  2.23444073  2.16092042  2.16422703  2.08114656  2.00284876
  1.91360118  1.80605282  1.6161324   1.54639071  1.40125955  1.24951208
  1.09483224  0.92960779  0.75604036  0.57657884  0.39139884 -0.24016097]",y-position of midpoint of trailing-edge panel on lower surface for strain calculation
rotorse.rs.tip_pos.dx_tip,intermediate,m,[15.95967697],deflection at tip in blade x-direction
rotorse.rs.tip_pos.dy_tip,intermediate,m,[-2.47382133],deflection at tip in blade y-direction
rotorse.rs.tip_pos.dz_tip,intermediate,m,[-0.00207726],deflection at tip in blade z-direction
rotorse.rs.tip_pos.3d_curv_tip,intermediate,deg,[8.66871522],total coning angle including precone and curvature
rotorse.rs.tot_loads_gust.aeroloads_Px,intermediate,N/m,"[  373.86296209   457.03683287   699.36452357  1120.80060417
  1659.56659309  2172.84822635  2699.74751914  3337.09412857
  4031.96209068  4816.17755169  5709.51759901  6659.27722651
  7803.10800327  8989.031122   10373.28833363 11362.69299204
 12104.98724175 12613.36027    12923.69971053 13080.15072416
 13089.00574165 13016.15031735 12815.75173594 12422.07443347
 11818.33201369 10867.0049114   9696.85276429  8290.6396686
  6591.65410153  4446.36755233]",distributed loads in blade-aligned x-direction
rotorse.rs.tot_loads_gust.aeroloads_Py,intermediate,N/m,"[   67.65264709   107.48507512   -47.16741116  -422.58617715
  -862.24541986 -1190.60485656 -1417.83243478 -1647.42882737
 -1862.61197799 -2115.16549809 -2397.57669365 -2677.32956347
 -3013.3279742  -3349.39774404 -3739.33852957 -3936.77653713
 -4015.87203995 -4008.38988773 -3940.37189571 -3831.9098434
 -3647.27982333 -3531.83333055 -3349.2162966  -3129.0690625
 -2863.38928058 -2545.42164482 -2174.63068883 -1770.85313879
 -1333.37037952  -851.36255469]",distributed loads in blade-aligned y-direction
rotorse.rs.tot_loads_gust.aeroloads_Pz,intermediate,N/m,"[0. 0. 0. 0. 0. 0. 0. 0. 0. 0. 0. 0. 0. 0. 0. 0. 0. 0. 0. 0. 0. 0. 0. 0.
 0. 0. 0. 0. 0. 0.]",distributed loads in blade-aligned z-direction
rotorse.rs.tot_loads_gust.aeroloads_Omega,intermediate,rpm,[7.88077303],rotor rotation speed
rotorse.rs.tot_loads_gust.aeroloads_pitch,intermediate,deg,[1.04083409e-17],pitch angle
rotorse.rs.3d_curv,output,deg,"[1.75757473 1.56613347 1.22280224 0.98627999 0.89518913 0.9546546
 1.15666359 1.50372485 1.95899764 2.37646026 2.67067331 2.86097576
 3.04987502 3.43551993 3.92035897 4.26836022 4.51894233 4.91072545
 5.41185868 5.80102602 6.06094891 6.34062796 6.70688153 7.02962787
 7.296611   7.57110956 7.88745863 8.23534516 8.53888039 8.66871522]",total cone angle from precone and curvature
rotorse.split.blade_length,intermediate,m,[100.17549325],blade length
rotorse.split.s,intermediate,,"[0.         0.03448276 0.06896552 0.10344828 0.13793103 0.17241379
 0.20689655 0.24137931 0.27586207 0.31034483 0.34482759 0.37931034
 0.4137931  0.44827586 0.48275862 0.51724138 0.55172414 0.5862069
 0.62068966 0.65517241 0.7        0.72413793 0.75862069 0.79310345
 0.82758621 0.86206897 0.89655172 0.93103448 0.96551724 1.        ]",blade nondimensional span location
rotorse.split.chord,intermediate,m,"[4.5        4.51653455 4.59255455 4.72026865 4.75       4.75
 4.75       4.75       4.75       4.75       4.75       4.7
 4.64       4.48       4.30815493 4.07109567 3.83078655 3.59377787
 3.3535724  3.10972681 2.79010443 2.61780457 2.37255549 2.12536608
 1.87360817 1.6133977  1.34551447 1.07050448 0.78813172 0.5       ]",Chord distribution
rotorse.split.coord_xy_interp,intermediate,,"[[[ 1.00000000e+00 -5.22802288e-16]
  [ 9.99429684e-01 -2.22597407e-02]
  [ 9.98063018e-01 -4.44580349e-02]
  ...
  [ 9.98120489e-01  4.38394581e-02]
  [ 9.99443038e-01  2.19496514e-02]
  [ 1.00000000e+00 -5.26271735e-16]]

 [[ 1.00000000e+00 -4.63811846e-04]
  [ 9.98467173e-01 -2.21760738e-02]
  [ 9.96201019e-01 -4.43513952e-02]
  ...
  [ 9.96776877e-01  4.39179785e-02]
  [ 9.98774657e-01  2.22119245e-02]
  [ 1.00000000e+00  3.03878429e-04]]

 [[ 1.00000000e+00 -3.84926541e-03]
  [ 9.90631439e-01 -2.12435866e-02]
  [ 9.80995553e-01 -4.24457781e-02]
  ...
  [ 9.85613808e-01  4.43560536e-02]
  [ 9.93218520e-01  2.41263074e-02]
  [ 1.00000000e+00  2.83048459e-03]]

 ...

 [[ 1.00000000e+00  2.99243424e-04]
  [ 9.76715850e-01  2.78508494e-03]
  [ 9.52832571e-01  4.62553820e-03]
  ...
  [ 9.52575171e-01  9.64309571e-03]
  [ 9.76267770e-01  4.94496385e-03]
  [ 1.00000000e+00  2.99243424e-04]]

 [[ 1.00000000e+00  7.60311480e-05]
  [ 9.76692547e-01  2.94939444e-03]
  [ 9.52952126e-01  4.97097005e-03]
  ...
  [ 9.52775619e-01  1.06814382e-02]
  [ 9.76380589e-01  5.38373218e-03]
  [ 1.00000000e+00  7.60311480e-05]]

 [[ 1.00000000e+00  1.76276899e-06]
  [ 9.76685164e-01  3.14692752e-03]
  [ 9.53182640e-01  5.22846152e-03]
  ...
  [ 9.52998460e-01  1.22336784e-02]
  [ 9.76506117e-01  6.17134718e-03]
  [ 1.00000000e+00  1.76276899e-06]]]",3D array of the non-dimensional x and y airfoil coordinates of the airfoils interpolated along span for n_span stations.
rotorse.split.web_start_nd,intermediate,,"[[0.19443411 0.20023461 0.2034648  0.30301315 0.31493788 0.32707215
  0.33454402 0.34017312 0.344208   0.34620556 0.34732351 0.35134524
  0.35544002 0.36694092 0.37381309 0.38301743 0.3918106  0.39907441
  0.40562439 0.41085998 0.4154427  0.41684124 0.41745388 0.41737886
  0.41698523 0.41540955 0.41172813 0.40481371 0.39152611 0.24523263]
 [0.19443411 0.20023461 0.2034648  0.24546624 0.25456011 0.26361178
  0.26911265 0.27293992 0.27516218 0.27549956 0.2749657  0.27663272
  0.27830614 0.28567273 0.28807906 0.29120514 0.29344287 0.2938854
  0.29316636 0.29067674 0.28457238 0.27990593 0.27146884 0.261506
  0.24994315 0.23522712 0.21550272 0.187438   0.14242594 0.24523263]]","2D array of the non-dimensional start point defined along the outer profile of a web. The TE suction side is 0, the TE pressure side is 1. The first dimension represents each web, the second dimension represents each entry along blade span."
rotorse.split.web_end_nd,intermediate,,"[[0.69444351 0.70077865 0.71106075 0.62799171 0.63332404 0.63500624
  0.63684697 0.63894683 0.64055999 0.64203689 0.64311407 0.64073174
  0.63792618 0.62754015 0.6215407  0.61306844 0.60491657 0.59825344
  0.5923317  0.58775303 0.58405032 0.58310783 0.58307151 0.58367186
  0.58444862 0.58623372 0.59005239 0.59707699 0.6105906  0.75672069]
 [0.69444351 0.70077865 0.71106075 0.68518658 0.69298952 0.69786227
  0.70203834 0.70651572 0.71023507 0.71340178 0.71607006 0.71590727
  0.71540243 0.70890262 0.7072315  0.70464535 0.7028554  0.70286602
  0.704101   0.70720805 0.71426763 0.71947024 0.72861466 0.73920479
  0.75117567 0.76596999 0.78545395 0.8129724  0.85731993 0.75672069]]","2D array of the non-dimensional end point defined along the outer profile of a web. The TE suction side is 0, the TE pressure side is 1. The first dimension represents each web, the second dimension represents each entry along blade span."
rotorse.split.layer_thickness,intermediate,m,"[[ 1.00000000e-03  1.00000000e-03  1.00000000e-03  1.00000000e-03
   1.00000000e-03  1.00000000e-03  1.00000000e-03  1.00000000e-03
   1.00000000e-03  1.00000000e-03  1.00000000e-03  1.00000000e-03
   1.00000000e-03  1.00000000e-03  1.00000000e-03  1.00000000e-03
   1.00000000e-03  1.00000000e-03  1.00000000e-03  1.00000000e-03
   1.00000000e-03  1.00000000e-03  1.00000000e-03  1.00000000e-03
   1.00000000e-03  1.00000000e-03  1.00000000e-03  1.00000000e-03
   1.00000000e-03  1.00000000e-03]
 [ 4.10000000e-02  3.30000000e-02  2.60000000e-02  2.00000000e-02
   1.50000000e-02  1.10000000e-02  8.28454072e-03  6.51243402e-03
   5.36207752e-03  4.70247504e-03  4.40263040e-03  4.33154742e-03
   4.35822991e-03  4.35168169e-03  4.30702965e-03  4.21940069e-03
   4.08392168e-03  3.89571952e-03  3.64992111e-03  3.34165333e-03
   2.86491152e-03  2.57935592e-03  2.14614940e-03  1.69211977e-03
   1.22767857e-03  1.00000000e-03  1.00000000e-03  1.00000000e-03
   1.00000000e-03  1.00000000e-03]
 [ 0.00000000e+00  1.03638639e-02  1.80212345e-02  2.53616596e-02
   3.20681938e-02  3.78238917e-02  4.23118077e-02  4.52149966e-02
   4.62165127e-02  4.56952678e-02  4.40301733e-02  4.16001409e-02
   3.87840821e-02  3.59609085e-02  3.35095318e-02  3.13580743e-02
   2.94346583e-02  2.76674064e-02  2.59844408e-02  2.43138839e-02
   2.20549123e-02  2.08042751e-02  1.89850461e-02  1.71360827e-02
   1.52672963e-02  1.33885984e-02  1.15099005e-02  9.63120264e-03
   7.75250477e-03  5.87380689e-03]
 [ 0.00000000e+00  1.24780597e-02  1.76115740e-02  2.27450883e-02
   2.76641755e-02  3.21544085e-02  3.60013601e-02  3.89906033e-02
   4.09077110e-02  4.15382560e-02  4.11017265e-02  3.98176106e-02
   3.79053964e-02  3.55845720e-02  3.30746256e-02  3.05950453e-02
   2.81565527e-02  2.57698696e-02  2.34457177e-02  2.11948185e-02
   1.83968865e-02  1.69556653e-02  1.49623503e-02  1.30321660e-02
   1.11493299e-02  9.29805909e-03  7.46257101e-03  5.62708293e-03
   3.79159485e-03  1.95610677e-03]
 [ 0.00000000e+00  0.00000000e+00  0.00000000e+00  0.00000000e+00
   0.00000000e+00  0.00000000e+00  0.00000000e+00  0.00000000e+00
   0.00000000e+00  0.00000000e+00  0.00000000e+00  0.00000000e+00
   0.00000000e+00  0.00000000e+00  0.00000000e+00  0.00000000e+00
   0.00000000e+00  0.00000000e+00  0.00000000e+00  1.00000000e-03
   3.44239839e-02  1.00000000e-03 -8.13151629e-20  0.00000000e+00
   0.00000000e+00  0.00000000e+00  0.00000000e+00  0.00000000e+00
   0.00000000e+00  0.00000000e+00]
 [ 0.00000000e+00  0.00000000e+00  0.00000000e+00  0.00000000e+00
   0.00000000e+00  0.00000000e+00  0.00000000e+00  0.00000000e+00
   0.00000000e+00  0.00000000e+00  0.00000000e+00  0.00000000e+00
   0.00000000e+00  0.00000000e+00  0.00000000e+00  0.00000000e+00
   0.00000000e+00  0.00000000e+00  0.00000000e+00  1.00000000e-03
   3.44239839e-02  1.00000000e-03 -8.13151629e-20  0.00000000e+00
   0.00000000e+00  0.00000000e+00  0.00000000e+00  0.00000000e+00
   0.00000000e+00  0.00000000e+00]
 [ 0.00000000e+00  0.00000000e+00  6.65003373e-03  8.14812366e-03
   9.64621359e-03  1.11443035e-02  1.26025620e-02  1.39811575e-02
   1.52402586e-02  1.63400338e-02  1.72406517e-02  1.79022807e-02
   1.83276090e-02  1.85193246e-02  1.84801155e-02  1.82126698e-02
   1.77196757e-02  1.70038210e-02  1.61057826e-02  1.50662370e-02
   1.35708454e-02  1.27253309e-02  1.15053236e-02  1.03065158e-02
   9.12537420e-03  7.95836553e-03  6.80195656e-03  5.65261407e-03
   4.50680481e-03  3.36099555e-03]
 [ 0.00000000e+00  0.00000000e+00  2.33432275e-02  2.51480648e-02
   2.69529021e-02  2.87577394e-02  3.05625767e-02  3.23674140e-02
   3.39953792e-02  3.52696003e-02  3.60132052e-02  3.60493218e-02
   3.52010780e-02  3.32916017e-02  3.05938669e-02  2.73808473e-02
   2.39255169e-02  2.05008494e-02  1.73798187e-02  1.48353987e-02
   1.22323494e-02  1.10919834e-02  9.70078471e-03  8.50178952e-03
   7.39889612e-03  6.29600271e-03  5.19310930e-03  4.09021589e-03
   2.98732248e-03 -6.50521303e-19]
 [ 0.00000000e+00  0.00000000e+00  2.33432275e-02  2.51480648e-02
   2.69529021e-02  2.87577394e-02  3.05625767e-02  3.23674140e-02
   3.39953792e-02  3.52696003e-02  3.60132052e-02  3.60493218e-02
   3.52010780e-02  3.32916017e-02  3.05938669e-02  2.73808473e-02
   2.39255169e-02  2.05008494e-02  1.73798187e-02  1.48353987e-02
   1.22323494e-02  1.10919834e-02  9.70078471e-03  8.50178952e-03
   7.39889612e-03  6.29600271e-03  5.19310930e-03  4.09021589e-03
   2.98732248e-03 -6.50521303e-19]
 [ 0.00000000e+00  0.00000000e+00  1.86402175e-02  2.29043857e-02
   2.71685539e-02  3.12820798e-02  3.50943212e-02  3.84546359e-02
   4.12123815e-02  4.32169158e-02  4.43175966e-02  4.46317757e-02
   4.42768050e-02  4.33700364e-02  4.20288217e-02  4.03705128e-02
   3.85124616e-02  3.64638788e-02  3.42339751e-02  3.18319613e-02
   2.84675254e-02  2.65484460e-02  2.36853660e-02  2.07018877e-02
   1.76220907e-02  1.44700547e-02  1.12698594e-02  8.04558436e-03
   4.82130936e-03  1.59703436e-03]
 [ 0.00000000e+00  0.00000000e+00  1.06783227e-02  1.30277497e-02
   1.53771767e-02  1.77266036e-02  2.00760306e-02  2.23436643e-02
   2.44477114e-02  2.63063787e-02  2.78378729e-02  2.89604006e-02
   2.95921686e-02  2.97916789e-02  2.96174332e-02  2.91279335e-02
   2.83816816e-02  2.74371794e-02  2.63529289e-02  2.51106409e-02
   2.32295708e-02  2.20787956e-02  2.02526601e-02  1.81953304e-02
   1.58885175e-02  1.33738018e-02  1.06927639e-02  7.88698432e-03
   4.99804368e-03  2.06752250e-03]
 [ 0.00000000e+00  0.00000000e+00  1.17141324e-02  1.47649473e-02
   1.78157623e-02  2.08665773e-02  2.39173922e-02  2.69682072e-02
   3.00190222e-02  3.29529872e-02  3.56532524e-02  3.80029677e-02
   3.98852833e-02  4.11833493e-02  4.17803156e-02  4.17273646e-02
   4.10756783e-02  3.98764390e-02  3.81808288e-02  3.60400301e-02
   3.26797937e-02  3.06420809e-02  2.75162660e-02  2.41934479e-02
   2.07392943e-02  1.72194730e-02  1.36996517e-02  1.01798304e-02
   6.66000904e-03  3.14018771e-03]
 [ 0.00000000e+00  0.00000000e+00  3.59873815e-02  4.39773438e-02
   5.19673061e-02  5.96302097e-02  6.66389959e-02  7.26666060e-02
   7.73859813e-02  8.04700630e-02  8.15917924e-02  8.09966867e-02
   7.89302631e-02  7.56380387e-02  7.13655306e-02  6.63582560e-02
   6.08617321e-02  5.50357312e-02  4.90400260e-02  4.30343888e-02
   3.54771595e-02  3.16324086e-02  2.65556105e-02  2.18699671e-02
   1.74972473e-02  1.33592202e-02  9.37765500e-03  5.47432071e-03
   1.57098642e-03  1.00000000e-03]
 [ 4.10000000e-02  3.30000000e-02  2.60000000e-02  2.00000000e-02
   1.53156219e-02  1.26140524e-02  1.00892854e-02  7.82972209e-03
   5.92376367e-03  4.45981139e-03  3.52626648e-03  3.01625067e-03
   2.82288569e-03  2.83929329e-03  2.95859519e-03  3.07391313e-03
   3.07836885e-03  2.99303427e-03  2.83898133e-03  2.63728196e-03
   2.33877707e-03  2.17523163e-03  1.95702453e-03  1.75179189e-03
   1.55693882e-03  1.36987043e-03  1.18799183e-03  1.00870812e-03
   1.00000000e-03  1.00000000e-03]
 [ 0.00000000e+00  0.00000000e+00  0.00000000e+00  2.16422907e-03
   2.21016153e-03  2.25609398e-03  2.30202643e-03  2.34795888e-03
   2.38578561e-03  2.40740088e-03  2.40469897e-03  2.36957416e-03
   2.29392070e-03  2.16963289e-03  2.01292217e-03  1.84000000e-03
   1.66707783e-03  1.51036711e-03  1.38607930e-03  1.31042584e-03
   1.27397979e-03  1.27259912e-03  1.29421439e-03  1.33204112e-03
   1.37797357e-03  1.42390602e-03  1.46983847e-03  1.51577093e-03
   1.56170338e-03  1.08420217e-19]
 [ 0.00000000e+00  0.00000000e+00  0.00000000e+00  3.74890612e-02
   3.61172335e-02  3.47454058e-02  3.33630956e-02  3.19598202e-02
   3.05250972e-02  2.90484440e-02  2.75193780e-02  2.59274168e-02
   2.43374498e-02  2.28143666e-02  2.14230569e-02  2.02284101e-02
   1.92953159e-02  1.86886639e-02  1.83467902e-02  1.82080313e-02
   2.00000000e-02  2.00000000e-02  2.00000000e-02  2.00000000e-02
   2.00000000e-02  2.00000000e-02  2.00000000e-02  2.00000000e-02
   2.00000000e-02  6.93889390e-18]
 [ 0.00000000e+00  0.00000000e+00  0.00000000e+00  2.07236417e-03
   2.11829662e-03  2.16422907e-03  2.21016153e-03  2.25609398e-03
   2.30202643e-03  2.34795888e-03  2.38578561e-03  2.40740088e-03
   2.40469897e-03  2.36957416e-03  2.29392070e-03  2.16963289e-03
   2.01292217e-03  1.84000000e-03  1.66707783e-03  1.51036711e-03
   1.35893442e-03  1.31042584e-03  1.27530103e-03  1.27259912e-03
   1.29421439e-03  1.33204112e-03  1.37797357e-03  1.42390602e-03
   1.46983847e-03  1.08420217e-19]
 [ 0.00000000e+00  0.00000000e+00  0.00000000e+00  2.51759997e-03
   2.44512991e-03  2.37265986e-03  2.30018980e-03  2.22771975e-03
   2.15449048e-03  2.07974278e-03  2.00271744e-03  1.92265525e-03
   1.83879698e-03  1.75038343e-03  1.66146746e-03  1.57610193e-03
   1.49833970e-03  1.43223365e-03  1.38183663e-03  1.35120150e-03
   1.33654766e-03  1.33604234e-03  1.34493101e-03  1.36040697e-03
   1.37917659e-03  1.39794620e-03  1.41671582e-03  1.43548543e-03
   1.45425505e-03  2.16840434e-19]
 [ 0.00000000e+00  0.00000000e+00  0.00000000e+00  3.77066146e-02
   3.63461220e-02  3.49856293e-02  3.36139152e-02  3.22197581e-02
   3.07919366e-02  2.93192293e-02  2.77904146e-02  2.61942712e-02
   2.45955568e-02  2.30590296e-02  2.16494473e-02  2.04315680e-02
   2.00000000e-02  2.00000000e-02  2.00000000e-02  2.00000000e-02
   2.00000000e-02  2.00000000e-02  2.00000000e-02  2.00000000e-02
   2.00000000e-02  2.00000000e-02  2.00000000e-02  2.00000000e-02
   2.00000000e-02  6.93889390e-18]
 [ 0.00000000e+00  0.00000000e+00  0.00000000e+00  2.66254008e-03
   2.59007002e-03  2.51759997e-03  2.44512991e-03  2.37265986e-03
   2.30018980e-03  2.22771975e-03  2.15449048e-03  2.07974278e-03
   2.00271744e-03  1.92265525e-03  1.83879698e-03  1.75038343e-03
   1.66146746e-03  1.57610193e-03  1.49833970e-03  1.43223365e-03
   1.37083839e-03  1.35120150e-03  1.33703462e-03  1.33604234e-03
   1.34493101e-03  1.36040697e-03  1.37917659e-03  1.39794620e-03
   1.41671582e-03  6.50521303e-19]]","2D array of the thickness of the layers of the blade structure. The first dimension represents each layer, the second dimension represents each entry along blade span."
rotorse.split.layer_start_nd,intermediate,,"[[0.         0.         0.         0.         0.         0.
  0.         0.         0.         0.         0.         0.
  0.         0.         0.         0.         0.         0.
  0.         0.         0.         0.         0.         0.
  0.         0.         0.         0.         0.         0.        ]
 [0.         0.         0.         0.         0.         0.
  0.         0.         0.         0.         0.         0.
  0.         0.         0.         0.         0.         0.
  0.         0.         0.         0.         0.         0.
  0.         0.         0.         0.         0.         0.        ]
 [0.16613836 0.17180127 0.17356408 0.24199078 0.24806134 0.25465133
  0.25823639 0.26060371 0.26185047 0.26161229 0.26081255 0.26231674
  0.26402735 0.27126114 0.27366032 0.27663823 0.27874511 0.27904085
  0.27805205 0.27506336 0.26774732 0.26203787 0.25142157 0.23806322
  0.22713446 0.21215315 0.19013613 0.15591778 0.10362535 0.08009451]
 [0.66614777 0.67234531 0.68116003 0.62565618 0.63217091 0.63585376
  0.63998753 0.64432499 0.64795853 0.6511168  0.65356262 0.65234045
  0.65045265 0.64095552 0.6356928  0.62793609 0.6202523  0.61369673
  0.60745521 0.6019908  0.59598027 0.59308008 0.58909607 0.58563415
  0.58359802 0.58098947 0.57747154 0.57208904 0.57339689 0.59684729]
 [0.19443411 0.20023461 0.2034648  0.20985913 0.21680988 0.22473252
  0.23047318 0.23511254 0.23881547 0.24131677 0.24339399 0.24777115
  0.25245366 0.2626957  0.26823324 0.27460993 0.28054095 0.28515759
  0.28912313 0.26924735 0.15010405 0.26663442 0.29282122 0.29160038
  0.29036809 0.28828892 0.28470286 0.27880225 0.26841981 0.24523263]
 [0.69444351 0.70077865 0.71106075 0.7210051  0.73181307 0.73805793
  0.74192309 0.74555238 0.74756319 0.74829535 0.74813068 0.74511023
  0.74148716 0.73206081 0.72721102 0.72134089 0.71582778 0.71163356
  0.70815871 0.68336645 0.56175767 0.67867243 0.70736157 0.70936109
  0.71126115 0.71382702 0.71773382 0.72373774 0.73399726 0.75672069]
 [0.48905595 0.48893839 0.48796411 0.48706864 0.48668455 0.48576547
  0.48502104 0.48531088 0.48564258 0.4857924  0.48611936 0.48627169
  0.48627317 0.48579129 0.48506303 0.48383156 0.48238805 0.48077685
  0.47894774 0.47684624 0.47359139 0.47152324 0.46807164 0.4638829
  0.45854522 0.4511866  0.44595877 0.44467843 0.44324233 0.44179699]
 [0.         0.         0.         0.         0.         0.
  0.         0.         0.         0.         0.         0.
  0.         0.         0.         0.         0.         0.
  0.         0.         0.         0.         0.         0.
  0.         0.         0.         0.         0.         0.        ]
 [0.95925412 0.95895293 0.9565692  0.95388656 0.95056337 0.94780072
  0.9455854  0.94397287 0.94256868 0.94189525 0.94165198 0.94093289
  0.94012219 0.93775085 0.9348865  0.93047603 0.92519004 0.92487708
  0.92502404 0.92507998 0.92496879 0.92485823 0.92470421 0.92478851
  0.93005609 0.93027525 0.93045139 0.93065362 0.93081265 0.93112403]
 [0.04074588 0.04104707 0.0434308  0.04611344 0.04943663 0.05219928
  0.0544146  0.05602713 0.05743132 0.05810475 0.05834802 0.05906711
  0.05987781 0.06224915 0.0651135  0.06952397 0.07480996 0.07512292
  0.07497596 0.07492002 0.07503121 0.07514177 0.07529579 0.07521149
  0.06994391 0.06972475 0.06954861 0.06934638 0.06918735 0.06887597]
 [0.22272986 0.22866794 0.23336552 0.30519775 0.31545386 0.32544802
  0.33085575 0.33465856 0.33693023 0.33733731 0.33709694 0.33988989
  0.34299578 0.35339757 0.35941354 0.36772761 0.37587724 0.38290041
  0.38967533 0.39578041 0.40279653 0.40628122 0.41109454 0.41700506
  0.41919031 0.42186213 0.42542975 0.43087324 0.43321427 0.41037074]
 [0.51094271 0.51093158 0.51109232 0.51151394 0.51274861 0.51314609
  0.51310658 0.51395159 0.51467968 0.51507905 0.51562235 0.51627311
  0.5168142  0.51755755 0.51822809 0.51906037 0.51995391 0.52094453
  0.52211804 0.52353357 0.52582167 0.52730935 0.52982516 0.53308866
  0.53739617 0.54310325 0.54601304 0.54471542 0.54334969 0.54177825]
 [0.72273926 0.72921198 0.74096147 0.68886315 0.69956343 0.70665045
  0.71260689 0.71837984 0.72303829 0.72684182 0.72984701 0.72991361
  0.72942107 0.72309195 0.72144602 0.71902547 0.71738444 0.71755629
  0.71907849 0.72270786 0.73102948 0.73732343 0.74876904 0.76133267
  0.77353861 0.78951013 0.81219362 0.84654949 0.89459762 0.91659409]
 [0.         0.         0.         0.         0.         0.
  0.         0.         0.         0.         0.         0.
  0.         0.         0.         0.05       0.05       0.05
  0.05       0.05       0.05       0.05       0.05       0.05
  0.05       0.05       0.04       0.05       0.05       0.05      ]
 [0.         0.         0.         0.         0.         0.
  0.         0.         0.         0.         0.         0.
  0.         0.         0.         0.         0.         0.
  0.         0.         0.         0.         0.         0.
  0.         0.         0.         0.         0.         0.        ]
 [0.         0.         0.         0.         0.         0.
  0.         0.         0.         0.         0.         0.
  0.         0.         0.         0.         0.         0.
  0.         0.         0.         0.         0.         0.
  0.         0.         0.         0.         0.         0.        ]
 [0.         0.         0.         0.         0.         0.
  0.         0.         0.         0.         0.         0.
  0.         0.         0.         0.         0.         0.
  0.         0.         0.         0.         0.         0.
  0.         0.         0.         0.         0.         0.        ]
 [0.         0.         0.         0.         0.         0.
  0.         0.         0.         0.         0.         0.
  0.         0.         0.         0.         0.         0.
  0.         0.         0.         0.         0.         0.
  0.         0.         0.         0.         0.         0.        ]
 [0.         0.         0.         0.         0.         0.
  0.         0.         0.         0.         0.         0.
  0.         0.         0.         0.         0.         0.
  0.         0.         0.         0.         0.         0.
  0.         0.         0.         0.         0.         0.        ]
 [0.         0.         0.         0.         0.         0.
  0.         0.         0.         0.         0.         0.
  0.         0.         0.         0.         0.         0.
  0.         0.         0.         0.         0.         0.
  0.         0.         0.         0.         0.         0.        ]]","2D array of the non-dimensional start point defined along the outer profile of a layer. The TE suction side is 0, the TE pressure side is 1. The first dimension represents each layer, the second dimension represents each entry along blade span."
rotorse.split.layer_end_nd,intermediate,,"[[1.         1.         1.         1.         1.         1.
  1.         1.         1.         1.         1.         1.
  1.         1.         1.         1.         1.         1.
  1.         1.         1.         1.         1.         1.
  1.         1.         1.         1.         1.         1.        ]
 [1.         1.         1.         1.         1.         1.
  1.         1.         1.         1.         1.         1.
  1.         1.         1.         1.         1.         1.
  1.         1.         1.         1.         1.         1.
  1.         1.         1.         1.         1.         1.        ]
 [0.22272986 0.22866794 0.23336552 0.30519775 0.31545386 0.32544802
  0.33085575 0.33465856 0.33693023 0.33733731 0.33709694 0.33988989
  0.34299578 0.35339757 0.35941354 0.36772761 0.37587724 0.38290041
  0.38967533 0.39578041 0.40279653 0.40628122 0.41109454 0.41700506
  0.41919031 0.42186213 0.42542975 0.43087324 0.43321427 0.41037074]
 [0.72273926 0.72921198 0.74096147 0.68886315 0.69956343 0.70665045
  0.71260689 0.71837984 0.72303829 0.72684182 0.72984701 0.72991361
  0.72942107 0.72309195 0.72144602 0.71902547 0.71738444 0.71755629
  0.71907849 0.72270786 0.73102948 0.73732343 0.74876904 0.76133267
  0.77353861 0.78951013 0.81219362 0.84654949 0.89459762 0.91659409]
 [0.19443411 0.20023461 0.2034648  0.20985913 0.21680988 0.22473252
  0.23047318 0.23511254 0.23881547 0.24131677 0.24339399 0.24777115
  0.25245366 0.2626957  0.26823324 0.27460993 0.28054095 0.28515759
  0.28912313 0.31451625 0.43708362 0.32072568 0.29282122 0.29160038
  0.29036809 0.28828892 0.28470286 0.27880225 0.26841981 0.24523263]
 [0.69444351 0.70077865 0.71106075 0.7210051  0.73181307 0.73805793
  0.74192309 0.74555238 0.74756319 0.74829535 0.74813068 0.74511023
  0.74148716 0.73206081 0.72721102 0.72134089 0.71582778 0.71163356
  0.70815871 0.72863534 0.84873723 0.73276369 0.70736157 0.70936109
  0.71126115 0.71382702 0.71773382 0.72373774 0.73399726 0.75672069]
 [0.51094271 0.51093158 0.51109232 0.51151394 0.51274861 0.51314609
  0.51310658 0.51395159 0.51467968 0.51507905 0.51562235 0.51627311
  0.5168142  0.51755755 0.51822809 0.51906037 0.51995391 0.52094453
  0.52211804 0.52353357 0.52582167 0.52730935 0.52982516 0.53308866
  0.53739617 0.54310325 0.54601304 0.54471542 0.54334969 0.54177825]
 [0.04074588 0.04104707 0.0434308  0.04611344 0.04943663 0.05219928
  0.0544146  0.05602713 0.05743132 0.05810475 0.05834802 0.05906711
  0.05987781 0.06224915 0.0651135  0.06952397 0.07480996 0.07512292
  0.07497596 0.07492002 0.07503121 0.07514177 0.07529579 0.07521149
  0.06994391 0.06972475 0.06954861 0.06934638 0.06918735 0.06887597]
 [1.         1.         1.         1.         1.         1.
  1.         1.         1.         1.         1.         1.
  1.         1.         1.         1.         1.         1.
  1.         1.         1.         1.         1.         1.
  1.         1.         1.         1.         1.         1.        ]
 [0.16613836 0.17180127 0.17356408 0.24199078 0.24806134 0.25465133
  0.25823639 0.26060371 0.26185047 0.26161229 0.26081255 0.26231674
  0.26402735 0.27126114 0.27366032 0.27663823 0.27874511 0.27904085
  0.27805205 0.27506336 0.26774732 0.26203787 0.25142157 0.23806322
  0.22713446 0.21215315 0.19013613 0.15591778 0.10362535 0.08009451]
 [0.48905595 0.48893839 0.48796411 0.48706864 0.48668455 0.48576547
  0.48502104 0.48531088 0.48564258 0.4857924  0.48611936 0.48627169
  0.48627317 0.48579129 0.48506303 0.48383156 0.48238805 0.48077685
  0.47894774 0.47684624 0.47359139 0.47152324 0.46807164 0.4638829
  0.45854522 0.4511866  0.44595877 0.44467843 0.44324233 0.44179699]
 [0.66614777 0.67234531 0.68116003 0.62565618 0.63217091 0.63585376
  0.63998753 0.64432499 0.64795853 0.6511168  0.65356262 0.65234045
  0.65045265 0.64095552 0.6356928  0.62793609 0.6202523  0.61369673
  0.60745521 0.6019908  0.59598027 0.59308008 0.58909607 0.58563415
  0.58359802 0.58098947 0.57747154 0.57208904 0.57339689 0.59684729]
 [0.95925412 0.95895293 0.9565692  0.95388656 0.95056337 0.94780072
  0.9455854  0.94397287 0.94256868 0.94189525 0.94165198 0.94093289
  0.94012219 0.93775085 0.9348865  0.93047603 0.92519004 0.92487708
  0.92502404 0.92507998 0.92496879 0.92485823 0.92470421 0.92478851
  0.93005609 0.93027525 0.93045139 0.93065362 0.93081265 0.93112403]
 [1.         1.         1.         1.         1.         1.
  1.         1.         1.         1.         1.         1.
  1.         1.         1.         0.95       0.95       0.95
  0.95       0.95       0.95       0.95       0.95       0.95
  0.95       0.95       0.95       0.95       0.95       0.95      ]
 [0.         0.         0.         0.         0.         0.
  0.         0.         0.         0.         0.         0.
  0.         0.         0.         0.         0.         0.
  0.         0.         0.         0.         0.         0.
  0.         0.         0.         0.         0.         0.        ]
 [0.         0.         0.         0.         0.         0.
  0.         0.         0.         0.         0.         0.
  0.         0.         0.         0.         0.         0.
  0.         0.         0.         0.         0.         0.
  0.         0.         0.         0.         0.         0.        ]
 [0.         0.         0.         0.         0.         0.
  0.         0.         0.         0.         0.         0.
  0.         0.         0.         0.         0.         0.
  0.         0.         0.         0.         0.         0.
  0.         0.         0.         0.         0.         0.        ]
 [0.         0.         0.         0.         0.         0.
  0.         0.         0.         0.         0.         0.
  0.         0.         0.         0.         0.         0.
  0.         0.         0.         0.         0.         0.
  0.         0.         0.         0.         0.         0.        ]
 [0.         0.         0.         0.         0.         0.
  0.         0.         0.         0.         0.         0.
  0.         0.         0.         0.         0.         0.
  0.         0.         0.         0.         0.         0.
  0.         0.         0.         0.         0.         0.        ]
 [0.         0.         0.         0.         0.         0.
  0.         0.         0.         0.         0.         0.
  0.         0.         0.         0.         0.         0.
  0.         0.         0.         0.         0.         0.
  0.         0.         0.         0.         0.         0.        ]]","2D array of the non-dimensional end point defined along the outer profile of a layer. The TE suction side is 0, the TE pressure side is 1. The first dimension represents each layer, the second dimension represents each entry along blade span."
rotorse.stall_check.aoa_along_span,intermediate,deg,"[47.92155649 38.86885606 27.21375224 19.74566611 15.343561   12.05129654
 10.11434997  8.54839234  7.40991805  6.56964697  5.77347224  5.09903197
  4.55941298  4.20538884  3.95963813  3.86455127  3.81363345  3.80908387
  3.86834693  4.00091572  4.30054498  4.52391813  4.91476129  5.39497874
  5.94529324  6.5798392   7.25353964  7.93632256  8.56076981  9.00497335]",Angle of attack along blade span
rotorse.total_bc.joint_cost,intermediate,USD,[20456.19306521],Total blade joint cost
rotorse.total_bc.inner_blade_cost,intermediate,USD,[498137.8282547],Total cost (variable and fixed) for the blade inner portion.
rotorse.total_bc.outer_blade_cost,intermediate,USD,[64644.08998337],Total cost (variable and fixed) for the blade outer portion.
financese.plant_aep,output,USD/kW/h,[2.51142649e+09],
financese.capacity_factor,output,,[0.47782087],Capacity factor of the wind farm
financese.lcoe,output,USD/kW/h,[0.03459595],"Levelized cost of energy: LCOE is the cost that, if assigned to every unit of electricity by an asset over an evaluation period, will equal the total costs during that same period when discounted to the base year."
financese.lvoe,output,USD/kW/h,[0.06866897],Levelized value of energy: LVOE is the discounted sum of total value divided by the discounted sum of electrical energy generated.
financese.value_factor,output,,[0.96716853],Value factor is the LVOE divided by a benchmark price.
financese.nvoc,output,USD/kW/year,[142.61980226],"Net value of capacity: NVOC is the difference in an asset’s total annualized value and annualized cost, divided by the installed capacity of the asset. NVOC ≥ 0 for economic viability."
financese.nvoe,output,USD/kW/h,[0.03407302],Net value of energy: NVOE is the difference between LVOE and LCOE. NVOE ≥ 0 for economic viability.
financese.slcoe,output,USD/kW/h,[0.03692698],System LCOE: SLCOE is the negative of NVOE but further adjusted by a benchmark price. System LCOE ≤ benchmark price for economic viability.
financese.bcr,output,,[1.98488468],Benefit cost ratio: BCR is the discounted sum of total value divided by the discounted sum of total cost. A higher BCR is more competitive. BCR ≥ 1 for economic viability
financese.cbr,output,,[0.50380761],Cost benefit ratio: CBR is the inverse of BCR. CBR ≤ 1 for economic viability. A lower CBR is more competitive.
financese.roi,output,,[0.98488468],Return on investment: ROI can also be expressed as BCR – 1. A higher ROI is more competitive. ROI ≥ 0 for economic viability.
financese.pm,output,,[0.49619239],Profit margin: PM can also be expressed as 1 - CBR. A higher PM is more competitive. PM ≥ 0 for economic viability.
financese.plcoe,output,USD/kW/h,[0.03577034],"Profitability adjusted PLCOE is the product of a benchmark price and CBR, which is equal to LCOE divided by value factor. A lower PLCOE is more competitive. PLCOE ≤ benchmark price for economic viability."
landbosse.bos_capex,output,USD,[2.06014919e+08],Total BOS CAPEX not including commissioning or decommissioning.
landbosse.bos_capex_kW,output,USD/kW,[343.35819836],Total BOS CAPEX per kW not including commissioning or decommissioning.
landbosse.total_capex,output,USD,[2.38977306e+08],Total BOS CAPEX including commissioning and decommissioning.
landbosse.total_capex_kW,output,USD/kW,[398.29551009],Total BOS CAPEX per kW including commissioning and decommissioning.
landbosse.installation_capex,output,USD,[48886570.31738186],Total foundation and erection installation cost.
landbosse.installation_capex_kW,output,USD,[81.4776172],Total foundation and erection installation cost per kW.
landbosse.installation_time_months,output,,[11.5],Total balance of system installation time (months).
landbosse.landbosse_costs_by_module_type_operation,output,n/a,"[{'Module': 'FoundationCost', 'Type of cost': 'Equipment rental', 'Cost / kW': 1.3187229770748632, 'Cost / project': 791233.7862449179, 'Cost / turbine': 6593.614885374316, 'Number of turbines': 120, 'Rotor diameter (m)': 205.9925356168168, 'Turbine rating (MW)': 5.0, 'Project ID with serial': 'WISDEM'}, {'Module': 'FoundationCost', 'Type of cost': 'Labor', 'Cost / kW': 14.055553804173789, 'Cost / project': 8433332.282504274, 'Cost / turbine': 70277.76902086895, 'Number of turbines': 120, 'Rotor diameter (m)': 205.9925356168168, 'Turbine rating (MW)': 5.0, 'Project ID with serial': 'WISDEM'}, {'Module': 'FoundationCost', 'Type of cost': 'Materials', 'Cost / kW': 24.404323626581863, 'Cost / project': 14642594.175949119, 'Cost / turbine': 122021.61813290932, 'Number of turbines': 120, 'Rotor diameter (m)': 205.9925356168168, 'Turbine rating (MW)': 5.0, 'Project ID with serial': 'WISDEM'}, {'Module': 'FoundationCost', 'Type of cost': 'Mobilization', 'Cost / kW': 1.9889300203915259, 'Cost / project': 1193358.0122349155, 'Cost / turbine': 9944.65010195763, 'Number of turbines': 120, 'Rotor diameter (m)': 205.9925356168168, 'Turbine rating (MW)': 5.0, 'Project ID with serial': 'WISDEM'}, {'Module': 'SitePreparationCost', 'Type of cost': 'Materials', 'Cost / kW': 5.476390057248039, 'Cost / project': 3285834.034348823, 'Cost / turbine': 27381.950286240193, 'Number of turbines': 120, 'Rotor diameter (m)': 205.9925356168168, 'Turbine rating (MW)': 5.0, 'Project ID with serial': 'WISDEM'}, {'Module': 'SitePreparationCost', 'Type of cost': 'Equipment rental', 'Cost / kW': 3.0248295985173677, 'Cost / project': 1814897.7591104205, 'Cost / turbine': 15124.147992586837, 'Number of turbines': 120, 'Rotor diameter (m)': 205.9925356168168, 'Turbine rating (MW)': 5.0, 'Project ID with serial': 'WISDEM'}, {'Module': 'SitePreparationCost', 'Type of cost': 'Labor', 'Cost / kW': 3.2720801344149044, 'Cost / project': 1963248.0806489426, 'Cost / turbine': 16360.400672074522, 'Number of turbines': 120, 'Rotor diameter (m)': 205.9925356168168, 'Turbine rating (MW)': 5.0, 'Project ID with serial': 'WISDEM'}, {'Module': 'SitePreparationCost', 'Type of cost': 'Other', 'Cost / kW': 2.8645802006061474, 'Cost / project': 1718748.1203636883, 'Cost / turbine': 14322.901003030736, 'Number of turbines': 120, 'Rotor diameter (m)': 205.9925356168168, 'Turbine rating (MW)': 5.0, 'Project ID with serial': 'WISDEM'}, {'Module': 'SitePreparationCost', 'Type of cost': 'Mobilization', 'Cost / kW': 0.38863571375538053, 'Cost / project': 233181.4282532283, 'Cost / turbine': 1943.1785687769027, 'Number of turbines': 120, 'Rotor diameter (m)': 205.9925356168168, 'Turbine rating (MW)': 5.0, 'Project ID with serial': 'WISDEM'}, {'Module': 'SubstationCost', 'Type of cost': 'Other', 'Cost / kW': 16.911599000804763, 'Cost / project': 10146959.400482858, 'Cost / turbine': 84557.99500402382, 'Number of turbines': 120, 'Rotor diameter (m)': 205.9925356168168, 'Turbine rating (MW)': 5.0, 'Project ID with serial': 'WISDEM'}, {'Module': 'TransportCost', 'Type of cost': 'Other', 'Cost / kW': 116.6444755986226, 'Cost / project': 69986685.35917357, 'Cost / turbine': 583222.377993113, 'Number of turbines': 120, 'Rotor diameter (m)': 205.9925356168168, 'Turbine rating (MW)': 5.0, 'Project ID with serial': 'WISDEM'}, {'Module': 'GridConnectionCost', 'Type of cost': 'Other', 'Cost / kW': 6.794429688199228, 'Cost / project': 4076657.812919537, 'Cost / turbine': 33972.14844099614, 'Number of turbines': 120, 'Rotor diameter (m)': 205.9925356168168, 'Turbine rating (MW)': 5.0, 'Project ID with serial': 'WISDEM'}, {'Module': 'CollectionCost', 'Type of cost': 'Equipment rental', 'Cost / kW': 4.499516470771732, 'Cost / project': 2699709.882463039, 'Cost / turbine': 22497.58235385866, 'Number of turbines': 120, 'Rotor diameter (m)': 205.9925356168168, 'Turbine rating (MW)': 5.0, 'Project ID with serial': 'WISDEM'}, {'Module': 'CollectionCost', 'Type of cost': 'Labor', 'Cost / kW': 8.396774599021285, 'Cost / project': 5038064.759412771, 'Cost / turbine': 41983.87299510642, 'Number of turbines': 120, 'Rotor diameter (m)': 205.9925356168168, 'Turbine rating (MW)': 5.0, 'Project ID with serial': 'WISDEM'}, {'Module': 'CollectionCost', 'Type of cost': 'Materials', 'Cost / kW': 31.878686654338296, 'Cost / project': 19127211.992602978, 'Cost / turbine': 159393.4332716915, 'Number of turbines': 120, 'Rotor diameter (m)': 205.9925356168168, 'Turbine rating (MW)': 5.0, 'Project ID with serial': 'WISDEM'}, {'Module': 'CollectionCost', 'Type of cost': 'Mobilization', 'Cost / kW': 2.238748886206566, 'Cost / project': 1343249.3317239396, 'Cost / turbine': 11193.74443103283, 'Number of turbines': 120, 'Rotor diameter (m)': 205.9925356168168, 'Turbine rating (MW)': 5.0, 'Project ID with serial': 'WISDEM'}, {'Module': 'DevelopmentCost', 'Type of cost': 'Equipment rental', 'Cost / kW': 0.0, 'Cost / project': 0.0, 'Cost / turbine': 0.0, 'Number of turbines': 120, 'Rotor diameter (m)': 205.9925356168168, 'Turbine rating (MW)': 5.0, 'Project ID with serial': 'WISDEM'}, {'Module': 'DevelopmentCost', 'Type of cost': 'Labor', 'Cost / kW': 1.6666666666666667, 'Cost / project': 1000000.0, 'Cost / turbine': 8333.333333333334, 'Number of turbines': 120, 'Rotor diameter (m)': 205.9925356168168, 'Turbine rating (MW)': 5.0, 'Project ID with serial': 'WISDEM'}, {'Module': 'DevelopmentCost', 'Type of cost': 'Materials', 'Cost / kW': 0.0, 'Cost / project': 0.0, 'Cost / turbine': 0.0, 'Number of turbines': 120, 'Rotor diameter (m)': 205.9925356168168, 'Turbine rating (MW)': 5.0, 'Project ID with serial': 'WISDEM'}, {'Module': 'DevelopmentCost', 'Type of cost': 'Mobilization', 'Cost / kW': 0.0, 'Cost / project': 0.0, 'Cost / turbine': 0.0, 'Number of turbines': 120, 'Rotor diameter (m)': 205.9925356168168, 'Turbine rating (MW)': 5.0, 'Project ID with serial': 'WISDEM'}, {'Module': 'DevelopmentCost', 'Type of cost': 'Other', 'Cost / kW': 0.0, 'Cost / project': 0.0, 'Cost / turbine': 0.0, 'Number of turbines': 120, 'Rotor diameter (m)': 205.9925356168168, 'Turbine rating (MW)': 5.0, 'Project ID with serial': 'WISDEM'}, {'Module': 'ErectionCost', 'Type of cost': 'Equipment rental', 'Cost / kW': 8.187916326482735, 'Cost / project': 4912749.795889641, 'Cost / turbine': 40939.581632413676, 'Number of turbines': 120, 'Rotor diameter (m)': 205.9925356168168, 'Turbine rating (MW)': 5.0, 'Project ID with serial': 'WISDEM'}, {'Module': 'ErectionCost', 'Type of cost': 'Fuel', 'Cost / kW': 0.2492525, 'Cost / project': 149551.5, 'Cost / turbine': 1246.2625, 'Number of turbines': 120, 'Rotor diameter (m)': 205.9925356168168, 'Turbine rating (MW)': 5.0, 'Project ID with serial': 'WISDEM'}, {'Module': 'ErectionCost', 'Type of cost': 'Labor', 'Cost / kW': 25.722061274264984, 'Cost / project': 15433236.76455899, 'Cost / turbine': 128610.30637132491, 'Number of turbines': 120, 'Rotor diameter (m)': 205.9925356168168, 'Turbine rating (MW)': 5.0, 'Project ID with serial': 'WISDEM'}, {'Module': 'ErectionCost', 'Type of cost': 'Mobilization', 'Cost / kW': 5.550856666666666, 'Cost / project': 3330514.0, 'Cost / turbine': 27754.283333333333, 'Number of turbines': 120, 'Rotor diameter (m)': 205.9925356168168, 'Turbine rating (MW)': 5.0, 'Project ID with serial': 'WISDEM'}, {'Module': 'ErectionCost', 'Type of cost': 'Other', 'Cost / kW': 0.0, 'Cost / project': 0.0, 'Cost / turbine': 0.0, 'Number of turbines': 120, 'Rotor diameter (m)': 205.9925356168168, 'Turbine rating (MW)': 5.0, 'Project ID with serial': 'WISDEM'}, {'Module': 'ErectionCost', 'Type of cost': 'Materials', 'Cost / kW': 0.0, 'Cost / project': 0.0, 'Cost / turbine': 0.0, 'Number of turbines': 120, 'Rotor diameter (m)': 205.9925356168168, 'Turbine rating (MW)': 5.0, 'Project ID with serial': 'WISDEM'}, {'Module': 'ManagementCost', 'Type of cost': 'insurance', 'Cost / kW': 1.5989961706029325, 'Cost / project': 959397.7023617595, 'Cost / turbine': 7994.980853014663, 'Number of turbines': 120, 'Rotor diameter (m)': 205.9925356168168, 'Turbine rating (MW)': 5.0, 'Project ID with serial': 'WISDEM'}, {'Module': 'ManagementCost', 'Type of cost': 'Construction Permitting', 'Cost / kW': 1.1686839418977741, 'Cost / project': 701210.3651386645, 'Cost / turbine': 5843.4197094888705, 'Number of turbines': 120, 'Rotor diameter (m)': 205.9925356168168, 'Turbine rating (MW)': 5.0, 'Project ID with serial': 'WISDEM'}, {'Module': 'ManagementCost', 'Type of cost': 'Project Management', 'Cost / kW': 3.982776508125, 'Cost / project': 2389665.904875, 'Cost / turbine': 19913.882540625, 'Number of turbines': 120, 'Rotor diameter (m)': 205.9925356168168, 'Turbine rating (MW)': 5.0, 'Project ID with serial': 'WISDEM'}, {'Module': 'ManagementCost', 'Type of cost': 'Bonding', 'Cost / kW': 2.855350304648094, 'Cost / project': 1713210.1827888563, 'Cost / turbine': 14276.75152324047, 'Number of turbines': 120, 'Rotor diameter (m)': 205.9925356168168, 'Turbine rating (MW)': 5.0, 'Project ID with serial': 'WISDEM'}, {'Module': 'ManagementCost', 'Type of cost': 'Markup Contingency', 'Cost / kW': 37.17666096651818, 'Cost / project': 22305996.579910908, 'Cost / turbine': 185883.3048325909, 'Number of turbines': 120, 'Rotor diameter (m)': 205.9925356168168, 'Turbine rating (MW)': 5.0, 'Project ID with serial': 'WISDEM'}, {'Module': 'ManagementCost', 'Type of cost': 'Engineering Foundation and Collections System (includes met mast)', 'Cost / kW': 7.80445, 'Cost / project': 4682670.0, 'Cost / turbine': 39022.25, 'Number of turbines': 120, 'Rotor diameter (m)': 205.9925356168168, 'Turbine rating (MW)': 5.0, 'Project ID with serial': 'WISDEM'}, {'Module': 'ManagementCost', 'Type of cost': 'Site Facility', 'Cost / kW': 3.23625, 'Cost / project': 1941750.0, 'Cost / turbine': 16181.25, 'Number of turbines': 120, 'Rotor diameter (m)': 205.9925356168168, 'Turbine rating (MW)': 5.0, 'Project ID with serial': 'WISDEM'}]","The costs by module, type and operation"
landbosse.landbosse_details_by_module,output,n/a,"[{'unit': '', 'type': 'variable', 'variable_df_key_col_name': 'wind_multiplier', 'value': 1.0, 'project_id_with_serial': 'WISDEM', 'module': 'FoundationCost'}, {'unit': 'kN', 'type': 'variable', 'variable_df_key_col_name': 'F_dead', 'value': 9857.49572305624, 'project_id_with_serial': 'WISDEM', 'module': 'FoundationCost'}, {'unit': 'kN', 'type': 'variable', 'variable_df_key_col_name': 'F_horiz', 'value': 1412.518944698841, 'project_id_with_serial': 'WISDEM', 'module': 'FoundationCost'}, {'unit': 'kN_m', 'type': 'variable', 'variable_df_key_col_name': 'M_tot_kN', 'value': 151990.72321548458, 'project_id_with_serial': 'WISDEM', 'module': 'FoundationCost'}, {'unit': 'm', 'type': 'variable', 'variable_df_key_col_name': 'Radius_o', 'value': 9.721523345419513, 'project_id_with_serial': 'WISDEM', 'module': 'FoundationCost'}, {'unit': 'm', 'type': 'variable', 'variable_df_key_col_name': 'Radius_g', 'value': 0.0, 'project_id_with_serial': 'WISDEM', 'module': 'FoundationCost'}, {'unit': 'm', 'type': 'variable', 'variable_df_key_col_name': 'Radius_b', 'value': 10.898530775513514, 'project_id_with_serial': 'WISDEM', 'module': 'FoundationCost'}, {'unit': 'm', 'type': 'variable', 'variable_df_key_col_name': 'Radius', 'value': 10.898530775513514, 'project_id_with_serial': 'WISDEM', 'module': 'FoundationCost'}, {'unit': 'short_ton', 'type': 'variable', 'variable_df_key_col_name': 'steel_mass_short_ton_per_turbine', 'value': 45.1292127629028, 'project_id_with_serial': 'WISDEM', 'module': 'FoundationCost'}, {'unit': 'm^3', 'type': 'variable', 'variable_df_key_col_name': 'foundation_volume_concrete_m3_per_turbine', 'value': 396.2874320592097, 'project_id_with_serial': 'WISDEM', 'module': 'FoundationCost'}, {'unit': '', 'type': 'dataframe', 'variable_df_key_col_name': 'operation_data: Operation ID-Number of days-Number of crews-Number of workers', 'value': 'Backfill-93-2.0-1.0', 'project_id_with_serial': 'WISDEM', 'module': 'FoundationCost'}, {'unit': '', 'type': 'dataframe', 'variable_df_key_col_name': 'operation_data: Operation ID-Number of days-Number of crews-Number of workers', 'value': 'Concrete placement-307-4.0-3.0', 'project_id_with_serial': 'WISDEM', 'module': 'FoundationCost'}, {'unit': '', 'type': 'dataframe', 'variable_df_key_col_name': 'operation_data: Operation ID-Number of days-Number of crews-Number of workers', 'value': 'Excavation-152-2.0-nan', 'project_id_with_serial': 'WISDEM', 'module': 'FoundationCost'}, {'unit': '', 'type': 'dataframe', 'variable_df_key_col_name': 'operation_data: Operation ID-Number of days-Number of crews-Number of workers', 'value': 'Rebar installation-4333-49.0-1.0', 'project_id_with_serial': 'WISDEM', 'module': 'FoundationCost'}, {'unit': 'ton (short)', 'type': 'dataframe', 'variable_df_key_col_name': 'material_needs_per_turbine: Material type ID-Quantity of material', 'value': '0-Steel - rebar-4.51e+01', 'project_id_with_serial': 'WISDEM', 'module': 'FoundationCost'}, {'unit': 'cubic yards', 'type': 'dataframe', 'variable_df_key_col_name': 'material_needs_per_turbine: Material type ID-Quantity of material', 'value': '1-Concrete 5000 psi-5.11e+02', 'project_id_with_serial': 'WISDEM', 'module': 'FoundationCost'}, {'unit': 'cubic_yards', 'type': 'dataframe', 'variable_df_key_col_name': 'material_needs_per_turbine: Material type ID-Quantity of material', 'value': '2-Excavated dirt-1.26e+03', 'project_id_with_serial': 'WISDEM', 'module': 'FoundationCost'}, {'unit': 'cubic_yards', 'type': 'dataframe', 'variable_df_key_col_name': 'material_needs_per_turbine: Material type ID-Quantity of material', 'value': '3-Backfill-1.26e+03', 'project_id_with_serial': 'WISDEM', 'module': 'FoundationCost'}, {'unit': '', 'type': 'dataframe', 'variable_df_key_col_name': 'Type of Cost <--> Phase of Construction <--> Cost in USD ', 'value': 'Equipment rental <--> Foundation <--> 791234', 'last_number': 791233.7862449179, 'project_id_with_serial': 'WISDEM', 'module': 'FoundationCost'}, {'unit': '', 'type': 'dataframe', 'variable_df_key_col_name': 'Type of Cost <--> Phase of Construction <--> Cost in USD ', 'value': 'Labor <--> Foundation <--> 8433333', 'last_number': 8433332.282504274, 'project_id_with_serial': 'WISDEM', 'module': 'FoundationCost'}, {'unit': '', 'type': 'dataframe', 'variable_df_key_col_name': 'Type of Cost <--> Phase of Construction <--> Cost in USD ', 'value': 'Materials <--> Foundation <--> 14642595', 'last_number': 14642594.175949119, 'project_id_with_serial': 'WISDEM', 'module': 'FoundationCost'}, {'unit': '', 'type': 'dataframe', 'variable_df_key_col_name': 'Type of Cost <--> Phase of Construction <--> Cost in USD ', 'value': 'Mobilization <--> Foundation <--> 1193359', 'last_number': 1193358.0122349155, 'project_id_with_serial': 'WISDEM', 'module': 'FoundationCost'}, {'unit': 'm^3', 'type': 'variable', 'variable_df_key_col_name': 'Total road volume', 'value': 226910.13860257008, 'project_id_with_serial': 'WISDEM', 'module': 'SitePreparationCost'}, {'unit': 'm', 'type': 'variable', 'variable_df_key_col_name': 'Depth to subgrade', 'value': 0.1, 'project_id_with_serial': 'WISDEM', 'module': 'SitePreparationCost'}, {'unit': 'ft', 'type': 'variable', 'variable_df_key_col_name': 'Crane path width', 'value': 13.7, 'project_id_with_serial': 'WISDEM', 'module': 'SitePreparationCost'}, {'unit': 'm', 'type': 'variable', 'variable_df_key_col_name': 'Road length', 'value': 176591.7821688084, 'project_id_with_serial': 'WISDEM', 'module': 'SitePreparationCost'}, {'unit': 'm', 'type': 'variable', 'variable_df_key_col_name': 'Road width', 'value': 6.0, 'project_id_with_serial': 'WISDEM', 'module': 'SitePreparationCost'}, {'unit': 'm', 'type': 'variable', 'variable_df_key_col_name': 'Road thickness', 'value': 0.2, 'project_id_with_serial': 'WISDEM', 'module': 'SitePreparationCost'}, {'unit': 'cubic yards', 'type': 'variable', 'variable_df_key_col_name': 'Material volume', 'value': 412534.0909414718, 'project_id_with_serial': 'WISDEM', 'module': 'SitePreparationCost'}, {'unit': 'cubic yards', 'type': 'variable', 'variable_df_key_col_name': 'Topsoil volume', 'value': 316433.31343813933, 'project_id_with_serial': 'WISDEM', 'module': 'SitePreparationCost'}, {'unit': 'cubic yards', 'type': 'variable', 'variable_df_key_col_name': 'Embankment volume crane', 'value': 316433.31343813933, 'project_id_with_serial': 'WISDEM', 'module': 'SitePreparationCost'}, {'unit': 'cubic yards', 'type': 'variable', 'variable_df_key_col_name': 'Embankment volume road', 'value': 277167.8657852315, 'project_id_with_serial': 'WISDEM', 'module': 'SitePreparationCost'}, {'unit': 'ft^2', 'type': 'variable', 'variable_df_key_col_name': 'Rough grading area', 'value': 114.0489770452102, 'project_id_with_serial': 'WISDEM', 'module': 'SitePreparationCost'}, {'unit': '', 'type': 'dataframe', 'variable_df_key_col_name': 'Type of Cost <--> Phase of Construction <--> Cost in USD ', 'value': 'Materials <--> Roads <--> 3285835', 'last_number': 3285834.034348823, 'project_id_with_serial': 'WISDEM', 'module': 'SitePreparationCost'}, {'unit': '', 'type': 'dataframe', 'variable_df_key_col_name': 'Type of Cost <--> Phase of Construction <--> Cost in USD ', 'value': 'Equipment rental <--> Roads <--> 1814898', 'last_number': 1814897.7591104205, 'project_id_with_serial': 'WISDEM', 'module': 'SitePreparationCost'}, {'unit': '', 'type': 'dataframe', 'variable_df_key_col_name': 'Type of Cost <--> Phase of Construction <--> Cost in USD ', 'value': 'Labor <--> Roads <--> 1963249', 'last_number': 1963248.0806489426, 'project_id_with_serial': 'WISDEM', 'module': 'SitePreparationCost'}, {'unit': '', 'type': 'dataframe', 'variable_df_key_col_name': 'Type of Cost <--> Phase of Construction <--> Cost in USD ', 'value': 'Other <--> Roads <--> 1718749', 'last_number': 1718748.1203636883, 'project_id_with_serial': 'WISDEM', 'module': 'SitePreparationCost'}, {'unit': '', 'type': 'dataframe', 'variable_df_key_col_name': 'Type of Cost <--> Phase of Construction <--> Cost in USD ', 'value': 'Mobilization <--> Roads <--> 233182', 'last_number': 233181.4282532283, 'project_id_with_serial': 'WISDEM', 'module': 'SitePreparationCost'}, {'unit': '', 'type': 'dataframe', 'variable_df_key_col_name': 'Type of Cost <--> Phase of Construction <--> Cost in USD ', 'value': 'Other <--> Substation <--> 10146960', 'last_number': 10146959.400482858, 'project_id_with_serial': 'WISDEM', 'module': 'SubstationCost'}, {'unit': '', 'type': 'dataframe', 'variable_df_key_col_name': 'Type of Cost <--> Phase of Construction <--> Cost in USD ', 'value': 'Other <--> Transport <--> 69986686.0', 'last_number': 69986685.35917357, 'project_id_with_serial': 'WISDEM', 'module': 'TransportCost'}, {'unit': '', 'type': 'dataframe', 'variable_df_key_col_name': 'Type of Cost <--> Phase of Construction <--> Cost in USD ', 'value': 'Other <--> Transmission and Distribution <--> 4076658', 'last_number': 4076657.812919537, 'project_id_with_serial': 'WISDEM', 'module': 'GridConnectionCost'}, {'unit': '', 'type': 'variable', 'variable_df_key_col_name': 'Total Number of Turbines', 'value': 120.0, 'project_id_with_serial': 'WISDEM', 'module': 'Collection Cost'}, {'unit': 'km', 'type': 'variable', 'variable_df_key_col_name': 'Total trench length', 'value': 388.65788542515514, 'project_id_with_serial': 'WISDEM', 'module': 'Collection Cost'}, {'unit': 'km', 'type': 'variable', 'variable_df_key_col_name': 'Total cable length', 'value': 388.65788542515514, 'project_id_with_serial': 'WISDEM', 'module': 'Collection Cost'}, {'unit': '', 'type': 'variable', 'variable_df_key_col_name': 'Number of Turbines Per String in Full String', 'value': 11.0, 'project_id_with_serial': 'WISDEM', 'module': 'Collection Cost'}, {'unit': '', 'type': 'variable', 'variable_df_key_col_name': 'Number of Full Strings', 'value': 10.0, 'project_id_with_serial': 'WISDEM', 'module': 'Collection Cost'}, {'unit': '', 'type': 'variable', 'variable_df_key_col_name': 'Number of Turbines in Partial String', 'value': 10.0, 'project_id_with_serial': 'WISDEM', 'module': 'Collection Cost'}, {'unit': '', 'type': 'variable', 'variable_df_key_col_name': 'Number of Partial Strings', 'value': 1.0, 'project_id_with_serial': 'WISDEM', 'module': 'Collection Cost'}, {'unit': '', 'type': 'variable', 'variable_df_key_col_name': 'Total number of strings full + partial', 'value': 11.0, 'project_id_with_serial': 'WISDEM', 'module': 'Collection Cost'}, {'unit': '', 'type': 'variable', 'variable_df_key_col_name': 'Trench Length to Substation (km)', 'value': 231.48558074952393, 'project_id_with_serial': 'WISDEM', 'module': 'Collection Cost'}, {'unit': '', 'type': 'variable', 'variable_df_key_col_name': 'Cable Length to Substation (km)', 'value': 231.48558074952393, 'project_id_with_serial': 'WISDEM', 'module': 'Collection Cost'}, {'unit': 'km', 'type': 'variable', 'variable_df_key_col_name': 'Array cable length for cable  AWG 1/0', 'value': 2.883895498635435, 'project_id_with_serial': 'WISDEM', 'module': 'Collection Cost'}, {'unit': 'km', 'type': 'variable', 'variable_df_key_col_name': 'Total cable length for cable  AWG 1/0', 'value': 31.722850484989788, 'project_id_with_serial': 'WISDEM', 'module': 'Collection Cost'}, {'unit': 'usd', 'type': 'variable', 'variable_df_key_col_name': 'Total cable cost for cable  AWG 1/0', 'value': 624465.5607281455, 'project_id_with_serial': 'WISDEM', 'module': 'Collection Cost'}, {'unit': 'km', 'type': 'variable', 'variable_df_key_col_name': 'Array cable length for cable  AWG 4/0', 'value': 2.883895498635435, 'project_id_with_serial': 'WISDEM', 'module': 'Collection Cost'}, {'unit': 'km', 'type': 'variable', 'variable_df_key_col_name': 'Total cable length for cable  AWG 4/0', 'value': 31.722850484989788, 'project_id_with_serial': 'WISDEM', 'module': 'Collection Cost'}, {'unit': 'usd', 'type': 'variable', 'variable_df_key_col_name': 'Total cable cost for cable  AWG 4/0', 'value': 936698.3410922182, 'project_id_with_serial': 'WISDEM', 'module': 'Collection Cost'}, {'unit': 'km', 'type': 'variable', 'variable_df_key_col_name': 'Array cable length for cable  MCM 500', 'value': 2.883895498635435, 'project_id_with_serial': 'WISDEM', 'module': 'Collection Cost'}, {'unit': 'km', 'type': 'variable', 'variable_df_key_col_name': 'Total cable length for cable  MCM 500', 'value': 31.722850484989788, 'project_id_with_serial': 'WISDEM', 'module': 'Collection Cost'}, {'unit': 'usd', 'type': 'variable', 'variable_df_key_col_name': 'Total cable cost for cable  MCM 500', 'value': 1353008.714910982, 'project_id_with_serial': 'WISDEM', 'module': 'Collection Cost'}, {'unit': 'km', 'type': 'variable', 'variable_df_key_col_name': 'Array cable length for cable  MCM1000', 'value': 4.325843247953152, 'project_id_with_serial': 'WISDEM', 'module': 'Collection Cost'}, {'unit': 'km', 'type': 'variable', 'variable_df_key_col_name': 'Total cable length for cable  MCM1000', 'value': 47.58427572748467, 'project_id_with_serial': 'WISDEM', 'module': 'Collection Cost'}, {'unit': 'usd', 'type': 'variable', 'variable_df_key_col_name': 'Total cable cost for cable  MCM1000', 'value': 2497862.242912581, 'project_id_with_serial': 'WISDEM', 'module': 'Collection Cost'}, {'unit': 'km', 'type': 'variable', 'variable_df_key_col_name': 'Array cable length for cable  MCM1250', 'value': 1.4419477493177175, 'project_id_with_serial': 'WISDEM', 'module': 'Collection Cost'}, {'unit': 'km', 'type': 'variable', 'variable_df_key_col_name': 'Total cable length for cable  MCM1250', 'value': 245.9050582427011, 'project_id_with_serial': 'WISDEM', 'module': 'Collection Cost'}, {'unit': 'usd', 'type': 'variable', 'variable_df_key_col_name': 'Total cable cost for cable  MCM1250', 'value': 13715177.132959051, 'project_id_with_serial': 'WISDEM', 'module': 'Collection Cost'}, {'unit': '', 'type': 'list', 'variable_df_key_col_name': 'Number of turbines per cable type in full strings [AWG 1/0  ,  AWG 4/0  ,  MCM 500  ,  MCM1000  ,  MCM1250]', 'value': '[3.0, 2.0, 2.0, 3.0, 1.0]', 'project_id_with_serial': 'WISDEM', 'module': 'Collection Cost'}, {'unit': '', 'type': 'dataframe', 'variable_df_key_col_name': 'Labor type ID <--> Hourly rate USD per hour <--> Per diem USD per day <--> Operation <--> Crew type <--> Crew name <--> Number of workers <--> Per Diem Total <--> Hourly costs total <--> Crew total cost ', 'value': '0 <--> Construction manager <--> 112.2 <--> 149 <--> (50% burden) https://www.salary.com/tools/salary-calculator/construction-manager-ii-hourly; plus 20% for demanding specs, rigid inspec-tions, unreliable suppliers. <--> M0 <--> Management <--> Management - project size <--> 1 <--> 13410.0 <--> 100980.0 <--> 114390.0', 'project_id_with_serial': 'WISDEM', 'module': 'Collection Cost'}, {'unit': '', 'type': 'dataframe', 'variable_df_key_col_name': 'Labor type ID <--> Hourly rate USD per hour <--> Per diem USD per day <--> Operation <--> Crew type <--> Crew name <--> Number of workers <--> Per Diem Total <--> Hourly costs total <--> Crew total cost ', 'value': '1 <--> Logistics manager <--> 99.9 <--> 149 <--> (50 % burden) https://www.salary.com/research/salary/benchmark/logistics-manager-hourly-wages; plus 35% for demanding specs, rigid inspec-tions, unreliable suppliers. <--> M0 <--> Management <--> Management - project size <--> 1 <--> 13410.0 <--> 89910.0 <--> 103320.0', 'project_id_with_serial': 'WISDEM', 'module': 'Collection Cost'}, {'unit': '', 'type': 'dataframe', 'variable_df_key_col_name': 'Labor type ID <--> Hourly rate USD per hour <--> Per diem USD per day <--> Operation <--> Crew type <--> Crew name <--> Number of workers <--> Per Diem Total <--> Hourly costs total <--> Crew total cost ', 'value': '2 <--> Office admin <--> 44.56249999999999 <--> 149 <--> (35% burden) https://www.salary.com/tools/salary-calculator/administrative-assistant-ii-hourly ; 25% for work on a ladder or a scaffold, in a crawl space, in a congested area or remote from the material storage point; plus 20% for demanding specs, rigid inspec-tions, unreliable suppliers. <--> M0 <--> Management <--> Management - project size <--> 1 <--> 13410.0 <--> 40106.24999999999 <--> 53516.24999999999', 'project_id_with_serial': 'WISDEM', 'module': 'Collection Cost'}, {'unit': '', 'type': 'dataframe', 'variable_df_key_col_name': 'Labor type ID <--> Hourly rate USD per hour <--> Per diem USD per day <--> Operation <--> Crew type <--> Crew name <--> Number of workers <--> Per Diem Total <--> Hourly costs total <--> Crew total cost ', 'value': '3 <--> Project engineer <--> 93.5 <--> 149 <--> (50% burden) https://www.salary.com/tools/salary-calculator/project-engineer-iii-construction-hourly; plus 20% for demanding specs, rigid inspec-tions, unreliable suppliers. <--> M0 <--> Management <--> Management - project size <--> 1 <--> 13410.0 <--> 84150.0 <--> 97560.0', 'project_id_with_serial': 'WISDEM', 'module': 'Collection Cost'}, {'unit': '', 'type': 'dataframe', 'variable_df_key_col_name': 'Labor type ID <--> Hourly rate USD per hour <--> Per diem USD per day <--> Operation <--> Crew type <--> Crew name <--> Number of workers <--> Per Diem Total <--> Hourly costs total <--> Crew total cost ', 'value': '4 <--> Project manager <--> 119.0 <--> 149 <--> (50% burden) https://www.salary.com/tools/salary-calculator/project-manager-sr-construction-hourly?type=base; plus 20% for demanding specs, rigid inspec-tions, unreliable suppliers. <--> M0 <--> Management <--> Management - project size <--> 1 <--> 13410.0 <--> 107100.0 <--> 120510.0', 'project_id_with_serial': 'WISDEM', 'module': 'Collection Cost'}, {'unit': '', 'type': 'dataframe', 'variable_df_key_col_name': 'Labor type ID <--> Hourly rate USD per hour <--> Per diem USD per day <--> Operation <--> Crew type <--> Crew name <--> Number of workers <--> Per Diem Total <--> Hourly costs total <--> Crew total cost ', 'value': '5 <--> Safety or qc manager <--> 106.11764705882352 <--> 149 <--> (70% burden) https://www.salary.com/tools/salary-calculator/construction-site-safety-manager-hourly; plus 35% for demanding specs, rigid inspec-tions, unreliable suppliers. <--> M0 <--> Management <--> Management - project size <--> 1 <--> 13410.0 <--> 95505.88235294116 <--> 108915.88235294116', 'project_id_with_serial': 'WISDEM', 'module': 'Collection Cost'}, {'unit': '', 'type': 'dataframe', 'variable_df_key_col_name': 'Labor type ID <--> Hourly rate USD per hour <--> Per diem USD per day <--> Operation <--> Crew type <--> Crew name <--> Number of workers <--> Per Diem Total <--> Hourly costs total <--> Crew total cost ', 'value': '6 <--> Site manager <--> 112.2 <--> 149 <--> (50% burden) https://www.salary.com/tools/salary-calculator/construction-manager-ii-hourly; plus 20% for demanding specs, rigid inspec-tions, unreliable suppliers. <--> M0 <--> Management <--> Management - project size <--> 1 <--> 13410.0 <--> 100980.0 <--> 114390.0', 'project_id_with_serial': 'WISDEM', 'module': 'Collection Cost'}, {'unit': '', 'type': 'list', 'variable_df_key_col_name': 'Percent length of cable in partial string [AWG 1/0  ,  AWG 4/0  ,  MCM 500  ,  MCM1000  ,  MCM1250]', 'value': '[1. 1. 1. 1. 0.]', 'project_id_with_serial': 'WISDEM', 'module': 'Collection Cost'}, {'unit': '', 'type': 'dataframe', 'variable_df_key_col_name': 'Type of Cost <--> Phase of Construction <--> Cost in USD ', 'value': 'Equipment rental <--> Collection <--> 2699710', 'last_number': 2699709.882463039, 'project_id_with_serial': 'WISDEM', 'module': 'Collection Cost'}, {'unit': '', 'type': 'dataframe', 'variable_df_key_col_name': 'Type of Cost <--> Phase of Construction <--> Cost in USD ', 'value': 'Labor <--> Collection <--> 5038065', 'last_number': 5038064.759412771, 'project_id_with_serial': 'WISDEM', 'module': 'Collection Cost'}, {'unit': '', 'type': 'dataframe', 'variable_df_key_col_name': 'Type of Cost <--> Phase of Construction <--> Cost in USD ', 'value': 'Materials <--> Collection <--> 19127212', 'last_number': 19127211.992602978, 'project_id_with_serial': 'WISDEM', 'module': 'Collection Cost'}, {'unit': '', 'type': 'dataframe', 'variable_df_key_col_name': 'Type of Cost <--> Phase of Construction <--> Cost in USD ', 'value': 'Mobilization <--> Collection <--> 1343250', 'last_number': 1343249.3317239396, 'project_id_with_serial': 'WISDEM', 'module': 'Collection Cost'}, {'unit': '', 'type': 'dataframe', 'variable_df_key_col_name': 'Type of Cost - Phase of Construction - Cost in USD', 'value': 'Equipment rental - Development - 0', 'last_number': 'Development', 'project_id_with_serial': 'WISDEM', 'module': 'DevelopmentCost'}, {'unit': '', 'type': 'dataframe', 'variable_df_key_col_name': 'Type of Cost - Phase of Construction - Cost in USD', 'value': 'Labor - Development - 1000000', 'last_number': 'Development', 'project_id_with_serial': 'WISDEM', 'module': 'DevelopmentCost'}, {'unit': '', 'type': 'dataframe', 'variable_df_key_col_name': 'Type of Cost - Phase of Construction - Cost in USD', 'value': 'Materials - Development - 0', 'last_number': 'Development', 'project_id_with_serial': 'WISDEM', 'module': 'DevelopmentCost'}, {'unit': '', 'type': 'dataframe', 'variable_df_key_col_name': 'Type of Cost - Phase of Construction - Cost in USD', 'value': 'Mobilization - Development - 0', 'last_number': 'Development', 'project_id_with_serial': 'WISDEM', 'module': 'DevelopmentCost'}, {'unit': '', 'type': 'dataframe', 'variable_df_key_col_name': 'Type of Cost - Phase of Construction - Cost in USD', 'value': 'Other - Development - 0', 'last_number': 'Development', 'project_id_with_serial': 'WISDEM', 'module': 'DevelopmentCost'}, {'unit': '', 'type': 'dataframe', 'variable_df_key_col_name': '_number_of_equip: Operation-Crane name-Boom system-Number of equipment', 'value': 'Top-Big LR110000-Big PDW3B2 Derrick-3', 'last_number': 3, 'project_id_with_serial': 'WISDEM', 'module': 'ErectionCost'}, {'unit': '', 'type': 'dataframe', 'variable_df_key_col_name': '_number_of_equip: Operation-Crane name-Boom system-Number of equipment', 'value': 'Offload-LB 75-Hydraulic-2', 'last_number': 2, 'project_id_with_serial': 'WISDEM', 'module': 'ErectionCost'}, {'unit': '', 'type': 'dataframe', 'variable_df_key_col_name': '_number_of_equip: Operation-Crane name-Boom system-Number of equipment', 'value': 'Base-LR1600/2-HSL4DF + Derrick boom-5', 'last_number': 5, 'project_id_with_serial': 'WISDEM', 'module': 'ErectionCost'}, {'unit': '', 'type': 'dataframe', 'variable_df_key_col_name': 'erection_selected_detailed_data: Operation-Crane name-Boom system-Operational construct days over time construct days', 'value': 'Top-Big LR110000-Big PDW3B2 Derrick-3.0', 'last_number': 3.0, 'project_id_with_serial': 'WISDEM', 'module': 'ErectionCost'}, {'unit': '', 'type': 'dataframe', 'variable_df_key_col_name': 'erection_selected_detailed_data: Operation-Crane name-Boom system-Operational construct days over time construct days', 'value': 'Offload-LB 75-Hydraulic-1.0', 'last_number': 1.0, 'project_id_with_serial': 'WISDEM', 'module': 'ErectionCost'}, {'unit': '', 'type': 'dataframe', 'variable_df_key_col_name': 'erection_selected_detailed_data: Operation-Crane name-Boom system-Operational construct days over time construct days', 'value': 'Base-LR1600/2-HSL4DF + Derrick boom-2.0', 'last_number': 2.0, 'project_id_with_serial': 'WISDEM', 'module': 'ErectionCost'}, {'unit': '', 'type': 'dataframe', 'variable_df_key_col_name': 'component_name_topvbase: Operation - Top or Base', 'value': 'Nacelle - Top', 'project_id_with_serial': 'WISDEM', 'module': 'ErectionCost'}, {'unit': '', 'type': 'dataframe', 'variable_df_key_col_name': 'component_name_topvbase: Operation - Top or Base', 'value': 'Hub - Top', 'project_id_with_serial': 'WISDEM', 'module': 'ErectionCost'}, {'unit': '', 'type': 'dataframe', 'variable_df_key_col_name': 'component_name_topvbase: Operation - Top or Base', 'value': 'Blade 1 - Top', 'project_id_with_serial': 'WISDEM', 'module': 'ErectionCost'}, {'unit': '', 'type': 'dataframe', 'variable_df_key_col_name': 'component_name_topvbase: Operation - Top or Base', 'value': 'Blade 2 - Top', 'project_id_with_serial': 'WISDEM', 'module': 'ErectionCost'}, {'unit': '', 'type': 'dataframe', 'variable_df_key_col_name': 'component_name_topvbase: Operation - Top or Base', 'value': 'Blade 3 - Top', 'project_id_with_serial': 'WISDEM', 'module': 'ErectionCost'}, {'unit': '', 'type': 'dataframe', 'variable_df_key_col_name': 'component_name_topvbase: Operation - Top or Base', 'value': 'Tower 1 - Base', 'project_id_with_serial': 'WISDEM', 'module': 'ErectionCost'}, {'unit': '', 'type': 'dataframe', 'variable_df_key_col_name': 'component_name_topvbase: Operation - Top or Base', 'value': 'Tower 2 - Base', 'project_id_with_serial': 'WISDEM', 'module': 'ErectionCost'}, {'unit': '', 'type': 'dataframe', 'variable_df_key_col_name': 'component_name_topvbase: Operation - Top or Base', 'value': 'Tower 3 - Base', 'project_id_with_serial': 'WISDEM', 'module': 'ErectionCost'}, {'unit': '', 'type': 'dataframe', 'variable_df_key_col_name': 'component_name_topvbase: Operation - Top or Base', 'value': 'Tower 4 - Base', 'project_id_with_serial': 'WISDEM', 'module': 'ErectionCost'}, {'unit': '', 'type': 'dataframe', 'variable_df_key_col_name': 'component_name_topvbase: Operation - Top or Base', 'value': 'Tower 5 - Base', 'project_id_with_serial': 'WISDEM', 'module': 'ErectionCost'}, {'unit': '', 'type': 'dataframe', 'variable_df_key_col_name': 'component_name_topvbase: Operation - Top or Base', 'value': 'Tower 6 - Base', 'project_id_with_serial': 'WISDEM', 'module': 'ErectionCost'}, {'unit': '', 'type': 'dataframe', 'variable_df_key_col_name': 'component_name_topvbase: Operation - Top or Base', 'value': 'Tower 7 - Base', 'project_id_with_serial': 'WISDEM', 'module': 'ErectionCost'}, {'unit': '', 'type': 'dataframe', 'variable_df_key_col_name': 'component_name_topvbase: Operation - Top or Base', 'value': 'Tower 8 - Base', 'project_id_with_serial': 'WISDEM', 'module': 'ErectionCost'}, {'unit': '', 'type': 'dataframe', 'variable_df_key_col_name': 'component_name_topvbase: Operation - Top or Base', 'value': 'Tower 9 - Top', 'project_id_with_serial': 'WISDEM', 'module': 'ErectionCost'}, {'unit': '', 'type': 'dataframe', 'variable_df_key_col_name': 'component_name_topvbase: Operation - Top or Base', 'value': 'Tower 10 - Top', 'project_id_with_serial': 'WISDEM', 'module': 'ErectionCost'}, {'unit': '', 'type': 'dataframe', 'variable_df_key_col_name': 'crane_choice: Crew name - Boom system - Operation', 'value': 'Big LR110000 - Big PDW3B2 Derrick - Top', 'project_id_with_serial': 'WISDEM', 'module': 'ErectionCost'}, {'unit': '', 'type': 'dataframe', 'variable_df_key_col_name': 'crane_choice: Crew name - Boom system - Operation', 'value': 'LB 75 - Hydraulic - Offload', 'project_id_with_serial': 'WISDEM', 'module': 'ErectionCost'}, {'unit': '', 'type': 'dataframe', 'variable_df_key_col_name': 'crane_choice: Crew name - Boom system - Operation', 'value': 'LR1600/2 - HSL4DF + Derrick boom - Base', 'project_id_with_serial': 'WISDEM', 'module': 'ErectionCost'}, {'unit': '', 'type': 'dataframe', 'variable_df_key_col_name': 'crane_data_output: crane_boom_operation_concat - variable - value', 'value': 'Big LR110000-Big PDW3B2 Derrick-Top - Equipment rental cost USD - 3608698.806555168', 'last_number': 3608698.806555168, 'project_id_with_serial': 'WISDEM', 'module': 'ErectionCost'}, {'unit': '', 'type': 'dataframe', 'variable_df_key_col_name': 'crane_data_output: crane_boom_operation_concat - variable - value', 'value': 'LB 75-Hydraulic-Offload - Equipment rental cost USD - 58546.03577604611', 'last_number': 58546.03577604611, 'project_id_with_serial': 'WISDEM', 'module': 'ErectionCost'}, {'unit': '', 'type': 'dataframe', 'variable_df_key_col_name': 'crane_data_output: crane_boom_operation_concat - variable - value', 'value': 'LR1600/2-HSL4DF + Derrick boom-Base - Equipment rental cost USD - 1245504.9535584275', 'last_number': 1245504.9535584275, 'project_id_with_serial': 'WISDEM', 'module': 'ErectionCost'}, {'unit': '', 'type': 'dataframe', 'variable_df_key_col_name': 'crane_data_output: crane_boom_operation_concat - variable - value', 'value': 'Big LR110000-Big PDW3B2 Derrick-Top - Fuel cost USD - 106762.5', 'last_number': 106762.5, 'project_id_with_serial': 'WISDEM', 'module': 'ErectionCost'}, {'unit': '', 'type': 'dataframe', 'variable_df_key_col_name': 'crane_data_output: crane_boom_operation_concat - variable - value', 'value': 'LB 75-Hydraulic-Offload - Fuel cost USD - 5544.0', 'last_number': 5544.0, 'project_id_with_serial': 'WISDEM', 'module': 'ErectionCost'}, {'unit': '', 'type': 'dataframe', 'variable_df_key_col_name': 'crane_data_output: crane_boom_operation_concat - variable - value', 'value': 'LR1600/2-HSL4DF + Derrick boom-Base - Fuel cost USD - 37245.0', 'last_number': 37245.0, 'project_id_with_serial': 'WISDEM', 'module': 'ErectionCost'}, {'unit': '', 'type': 'dataframe', 'variable_df_key_col_name': 'crane_data_output: crane_boom_operation_concat - variable - value', 'value': 'Big LR110000-Big PDW3B2 Derrick-Top - Labor cost USD without management - 5512647.851021232', 'last_number': 5512647.851021232, 'project_id_with_serial': 'WISDEM', 'module': 'ErectionCost'}, {'unit': '', 'type': 'dataframe', 'variable_df_key_col_name': 'crane_data_output: crane_boom_operation_concat - variable - value', 'value': 'LB 75-Hydraulic-Offload - Labor cost USD without management - 882394.2315739277', 'last_number': 882394.2315739277, 'project_id_with_serial': 'WISDEM', 'module': 'ErectionCost'}, {'unit': '', 'type': 'dataframe', 'variable_df_key_col_name': 'crane_data_output: crane_boom_operation_concat - variable - value', 'value': 'LR1600/2-HSL4DF + Derrick boom-Base - Labor cost USD without management - 2882053.9219638295', 'last_number': 2882053.9219638295, 'project_id_with_serial': 'WISDEM', 'module': 'ErectionCost'}, {'unit': '', 'type': 'dataframe', 'variable_df_key_col_name': 'crane_data_output: crane_boom_operation_concat - variable - value', 'value': 'Big LR110000-Big PDW3B2 Derrick-Top - Mobilization cost USD - 2800000.0', 'last_number': 2800000.0, 'project_id_with_serial': 'WISDEM', 'module': 'ErectionCost'}, {'unit': '', 'type': 'dataframe', 'variable_df_key_col_name': 'crane_data_output: crane_boom_operation_concat - variable - value', 'value': 'LB 75-Hydraulic-Offload - Mobilization cost USD - 32160.0', 'last_number': 32160.0, 'project_id_with_serial': 'WISDEM', 'module': 'ErectionCost'}, {'unit': '', 'type': 'dataframe', 'variable_df_key_col_name': 'crane_data_output: crane_boom_operation_concat - variable - value', 'value': 'LR1600/2-HSL4DF + Derrick boom-Base - Mobilization cost USD - 498354.0', 'last_number': 498354.0, 'project_id_with_serial': 'WISDEM', 'module': 'ErectionCost'}, {'unit': '', 'type': 'dataframe', 'variable_df_key_col_name': 'crane_data_output: crane_boom_operation_concat - variable - value', 'value': 'Big LR110000-Big PDW3B2 Derrick-Top - Subtotal for hourly labor (non-management) USD - 4751257.851021232', 'last_number': 4751257.851021232, 'project_id_with_serial': 'WISDEM', 'module': 'ErectionCost'}, {'unit': '', 'type': 'dataframe', 'variable_df_key_col_name': 'crane_data_output: crane_boom_operation_concat - variable - value', 'value': 'LB 75-Hydraulic-Offload - Subtotal for hourly labor (non-management) USD - 757234.2315739277', 'last_number': 757234.2315739277, 'project_id_with_serial': 'WISDEM', 'module': 'ErectionCost'}, {'unit': '', 'type': 'dataframe', 'variable_df_key_col_name': 'crane_data_output: crane_boom_operation_concat - variable - value', 'value': 'LR1600/2-HSL4DF + Derrick boom-Base - Subtotal for hourly labor (non-management) USD - 2483627.9219638295', 'last_number': 2483627.9219638295, 'project_id_with_serial': 'WISDEM', 'module': 'ErectionCost'}, {'unit': '', 'type': 'dataframe', 'variable_df_key_col_name': 'crane_data_output: crane_boom_operation_concat - variable - value', 'value': 'Big LR110000-Big PDW3B2 Derrick-Top - Subtotal for per diem labor (non-management) USD - 761390.0', 'last_number': 761390.0, 'project_id_with_serial': 'WISDEM', 'module': 'ErectionCost'}, {'unit': '', 'type': 'dataframe', 'variable_df_key_col_name': 'crane_data_output: crane_boom_operation_concat - variable - value', 'value': 'LB 75-Hydraulic-Offload - Subtotal for per diem labor (non-management) USD - 125160.0', 'last_number': 125160.0, 'project_id_with_serial': 'WISDEM', 'module': 'ErectionCost'}, {'unit': '', 'type': 'dataframe', 'variable_df_key_col_name': 'crane_data_output: crane_boom_operation_concat - variable - value', 'value': 'LR1600/2-HSL4DF + Derrick boom-Base - Subtotal for per diem labor (non-management) USD - 398426.0', 'last_number': 398426.0, 'project_id_with_serial': 'WISDEM', 'module': 'ErectionCost'}, {'unit': '', 'type': 'dataframe', 'variable_df_key_col_name': 'crane_data_output: crane_boom_operation_concat - variable - value', 'value': 'Big LR110000-Big PDW3B2 Derrick-Top - Total cost USD - 12028109.1575764', 'last_number': 12028109.1575764, 'project_id_with_serial': 'WISDEM', 'module': 'ErectionCost'}, {'unit': '', 'type': 'dataframe', 'variable_df_key_col_name': 'crane_data_output: crane_boom_operation_concat - variable - value', 'value': 'LB 75-Hydraulic-Offload - Total cost USD - 978644.2673499738', 'last_number': 978644.2673499738, 'project_id_with_serial': 'WISDEM', 'module': 'ErectionCost'}, {'unit': '', 'type': 'dataframe', 'variable_df_key_col_name': 'crane_data_output: crane_boom_operation_concat - variable - value', 'value': 'LR1600/2-HSL4DF + Derrick boom-Base - Total cost USD - 4663157.875522257', 'last_number': 4663157.875522257, 'project_id_with_serial': 'WISDEM', 'module': 'ErectionCost'}, {'unit': '', 'type': 'dataframe', 'variable_df_key_col_name': 'crane_data_output: crane_boom_operation_concat - variable - value', 'value': 'Big LR110000-Big PDW3B2 Derrick-Top - Operation time all turbines hrs - 2350.3137299181262', 'last_number': 2350.3137299181262, 'project_id_with_serial': 'WISDEM', 'module': 'ErectionCost'}, {'unit': '', 'type': 'dataframe', 'variable_df_key_col_name': 'crane_data_output: crane_boom_operation_concat - variable - value', 'value': 'LB 75-Hydraulic-Offload - Operation time all turbines hrs - 262.9925099146198', 'last_number': 262.9925099146198, 'project_id_with_serial': 'WISDEM', 'module': 'ErectionCost'}, {'unit': '', 'type': 'dataframe', 'variable_df_key_col_name': 'crane_data_output: crane_boom_operation_concat - variable - value', 'value': 'LR1600/2-HSL4DF + Derrick boom-Base - Operation time all turbines hrs - 1336.916864959063', 'last_number': 1336.916864959063, 'project_id_with_serial': 'WISDEM', 'module': 'ErectionCost'}, {'unit': '', 'type': 'dataframe', 'variable_df_key_col_name': 'crane_data_output: crane_boom_operation_concat - variable - value', 'value': 'Big LR110000-Big PDW3B2 Derrick-Top - Total time per op with weather - 3648.8360025835873', 'last_number': 3648.8360025835873, 'project_id_with_serial': 'WISDEM', 'module': 'ErectionCost'}, {'unit': '', 'type': 'dataframe', 'variable_df_key_col_name': 'crane_data_output: crane_boom_operation_concat - variable - value', 'value': 'LB 75-Hydraulic-Offload - Total time per op with weather - 418.1859698289008', 'last_number': 418.1859698289008, 'project_id_with_serial': 'WISDEM', 'module': 'ErectionCost'}, {'unit': '', 'type': 'dataframe', 'variable_df_key_col_name': 'crane_data_output: crane_boom_operation_concat - variable - value', 'value': 'LR1600/2-HSL4DF + Derrick boom-Base - Total time per op with weather - 1907.358274974621', 'last_number': 1907.358274974621, 'project_id_with_serial': 'WISDEM', 'module': 'ErectionCost'}, {'unit': '', 'type': 'dataframe', 'variable_df_key_col_name': 'crane_data_output: crane_boom_operation_concat - variable - value', 'value': 'Big LR110000-Big PDW3B2 Derrick-Top - Wind multiplier - 1.5524889107934945', 'last_number': 1.5524889107934945, 'project_id_with_serial': 'WISDEM', 'module': 'ErectionCost'}, {'unit': '', 'type': 'dataframe', 'variable_df_key_col_name': 'crane_data_output: crane_boom_operation_concat - variable - value', 'value': 'LB 75-Hydraulic-Offload - Wind multiplier - 1.590106007067138', 'last_number': 1.590106007067138, 'project_id_with_serial': 'WISDEM', 'module': 'ErectionCost'}, {'unit': '', 'type': 'dataframe', 'variable_df_key_col_name': 'crane_data_output: crane_boom_operation_concat - variable - value', 'value': 'LR1600/2-HSL4DF + Derrick boom-Base - Wind multiplier - 1.42668428005284', 'last_number': 1.42668428005284, 'project_id_with_serial': 'WISDEM', 'module': 'ErectionCost'}, {'unit': '', 'type': 'dataframe', 'variable_df_key_col_name': 'crane_data_output: crane_boom_operation_concat - variable - value', 'value': 'Big LR110000-Big PDW3B2 Derrick-Top - Operational construct days - 235.03137299181262', 'last_number': 235.03137299181262, 'project_id_with_serial': 'WISDEM', 'module': 'ErectionCost'}, {'unit': '', 'type': 'dataframe', 'variable_df_key_col_name': 'crane_data_output: crane_boom_operation_concat - variable - value', 'value': 'LB 75-Hydraulic-Offload - Operational construct days - 26.29925099146198', 'last_number': 26.29925099146198, 'project_id_with_serial': 'WISDEM', 'module': 'ErectionCost'}, {'unit': '', 'type': 'dataframe', 'variable_df_key_col_name': 'crane_data_output: crane_boom_operation_concat - variable - value', 'value': 'LR1600/2-HSL4DF + Derrick boom-Base - Operational construct days - 133.6916864959063', 'last_number': 133.6916864959063, 'project_id_with_serial': 'WISDEM', 'module': 'ErectionCost'}, {'unit': '', 'type': 'dataframe', 'variable_df_key_col_name': 'crane_data_output: crane_boom_operation_concat - variable - value', 'value': 'Big LR110000-Big PDW3B2 Derrick-Top - Time construct days - 90.0', 'last_number': 90.0, 'project_id_with_serial': 'WISDEM', 'module': 'ErectionCost'}, {'unit': '', 'type': 'dataframe', 'variable_df_key_col_name': 'crane_data_output: crane_boom_operation_concat - variable - value', 'value': 'LB 75-Hydraulic-Offload - Time construct days - 72.0', 'last_number': 72.0, 'project_id_with_serial': 'WISDEM', 'module': 'ErectionCost'}, {'unit': '', 'type': 'dataframe', 'variable_df_key_col_name': 'crane_data_output: crane_boom_operation_concat - variable - value', 'value': 'LR1600/2-HSL4DF + Derrick boom-Base - Time construct days - 90.0', 'last_number': 90.0, 'project_id_with_serial': 'WISDEM', 'module': 'ErectionCost'}, {'unit': '', 'type': 'dataframe', 'variable_df_key_col_name': 'crane_data_output: crane_boom_operation_concat - variable - value', 'value': 'Big LR110000-Big PDW3B2 Derrick-Top - Total time per turbine - 30.40696668819656', 'last_number': 30.40696668819656, 'project_id_with_serial': 'WISDEM', 'module': 'ErectionCost'}, {'unit': '', 'type': 'dataframe', 'variable_df_key_col_name': 'crane_data_output: crane_boom_operation_concat - variable - value', 'value': 'LB 75-Hydraulic-Offload - Total time per turbine - 3.4848830819075065', 'last_number': 3.4848830819075065, 'project_id_with_serial': 'WISDEM', 'module': 'ErectionCost'}, {'unit': '', 'type': 'dataframe', 'variable_df_key_col_name': 'crane_data_output: crane_boom_operation_concat - variable - value', 'value': 'LR1600/2-HSL4DF + Derrick boom-Base - Total time per turbine - 15.894652291455175', 'last_number': 15.894652291455175, 'project_id_with_serial': 'WISDEM', 'module': 'ErectionCost'}, {'unit': '', 'type': 'dataframe', 'variable_df_key_col_name': 'crane_cost_details: Operation ID - Type of cost - Cost', 'value': 'Big LR110000-Big PDW3B2 Derrick-Top - Equipment rental cost USD - 3608698.806555168', 'last_number': 3608698.806555168, 'project_id_with_serial': 'WISDEM', 'module': 'ErectionCost'}, {'unit': '', 'type': 'dataframe', 'variable_df_key_col_name': 'crane_cost_details: Operation ID - Type of cost - Cost', 'value': 'LB 75-Hydraulic-Offload - Equipment rental cost USD - 58546.03577604611', 'last_number': 58546.03577604611, 'project_id_with_serial': 'WISDEM', 'module': 'ErectionCost'}, {'unit': '', 'type': 'dataframe', 'variable_df_key_col_name': 'crane_cost_details: Operation ID - Type of cost - Cost', 'value': 'LR1600/2-HSL4DF + Derrick boom-Base - Equipment rental cost USD - 1245504.9535584275', 'last_number': 1245504.9535584275, 'project_id_with_serial': 'WISDEM', 'module': 'ErectionCost'}, {'unit': '', 'type': 'dataframe', 'variable_df_key_col_name': 'crane_cost_details: Operation ID - Type of cost - Cost', 'value': 'Big LR110000-Big PDW3B2 Derrick-Top - Fuel cost USD - 106762.5', 'last_number': 106762.5, 'project_id_with_serial': 'WISDEM', 'module': 'ErectionCost'}, {'unit': '', 'type': 'dataframe', 'variable_df_key_col_name': 'crane_cost_details: Operation ID - Type of cost - Cost', 'value': 'LB 75-Hydraulic-Offload - Fuel cost USD - 5544.0', 'last_number': 5544.0, 'project_id_with_serial': 'WISDEM', 'module': 'ErectionCost'}, {'unit': '', 'type': 'dataframe', 'variable_df_key_col_name': 'crane_cost_details: Operation ID - Type of cost - Cost', 'value': 'LR1600/2-HSL4DF + Derrick boom-Base - Fuel cost USD - 37245.0', 'last_number': 37245.0, 'project_id_with_serial': 'WISDEM', 'module': 'ErectionCost'}, {'unit': '', 'type': 'dataframe', 'variable_df_key_col_name': 'crane_cost_details: Operation ID - Type of cost - Cost', 'value': 'Big LR110000-Big PDW3B2 Derrick-Top - Labor cost USD without management - 5512647.851021232', 'last_number': 5512647.851021232, 'project_id_with_serial': 'WISDEM', 'module': 'ErectionCost'}, {'unit': '', 'type': 'dataframe', 'variable_df_key_col_name': 'crane_cost_details: Operation ID - Type of cost - Cost', 'value': 'LB 75-Hydraulic-Offload - Labor cost USD without management - 882394.2315739277', 'last_number': 882394.2315739277, 'project_id_with_serial': 'WISDEM', 'module': 'ErectionCost'}, {'unit': '', 'type': 'dataframe', 'variable_df_key_col_name': 'crane_cost_details: Operation ID - Type of cost - Cost', 'value': 'LR1600/2-HSL4DF + Derrick boom-Base - Labor cost USD without management - 2882053.9219638295', 'last_number': 2882053.9219638295, 'project_id_with_serial': 'WISDEM', 'module': 'ErectionCost'}, {'unit': '', 'type': 'dataframe', 'variable_df_key_col_name': 'crane_cost_details: Operation ID - Type of cost - Cost', 'value': 'Big LR110000-Big PDW3B2 Derrick-Top - Mobilization cost USD - 2800000.0', 'last_number': 2800000.0, 'project_id_with_serial': 'WISDEM', 'module': 'ErectionCost'}, {'unit': '', 'type': 'dataframe', 'variable_df_key_col_name': 'crane_cost_details: Operation ID - Type of cost - Cost', 'value': 'LB 75-Hydraulic-Offload - Mobilization cost USD - 32160.0', 'last_number': 32160.0, 'project_id_with_serial': 'WISDEM', 'module': 'ErectionCost'}, {'unit': '', 'type': 'dataframe', 'variable_df_key_col_name': 'crane_cost_details: Operation ID - Type of cost - Cost', 'value': 'LR1600/2-HSL4DF + Derrick boom-Base - Mobilization cost USD - 498354.0', 'last_number': 498354.0, 'project_id_with_serial': 'WISDEM', 'module': 'ErectionCost'}, {'unit': '', 'type': 'dataframe', 'variable_df_key_col_name': 'crane_cost_details: Operation ID - Type of cost - Cost', 'value': 'Big LR110000-Big PDW3B2 Derrick-Top - Total cost USD - 12028109.1575764', 'last_number': 12028109.1575764, 'project_id_with_serial': 'WISDEM', 'module': 'ErectionCost'}, {'unit': '', 'type': 'dataframe', 'variable_df_key_col_name': 'crane_cost_details: Operation ID - Type of cost - Cost', 'value': 'LB 75-Hydraulic-Offload - Total cost USD - 978644.2673499738', 'last_number': 978644.2673499738, 'project_id_with_serial': 'WISDEM', 'module': 'ErectionCost'}, {'unit': '', 'type': 'dataframe', 'variable_df_key_col_name': 'crane_cost_details: Operation ID - Type of cost - Cost', 'value': 'LR1600/2-HSL4DF + Derrick boom-Base - Total cost USD - 4663157.875522257', 'last_number': 4663157.875522257, 'project_id_with_serial': 'WISDEM', 'module': 'ErectionCost'}, {'unit': '', 'type': 'dataframe', 'variable_df_key_col_name': 'total_erection_cost: Phase of construction - Type of cost - Cost USD', 'value': 'Erection - Equipment rental - 4912749.795889641', 'last_number': 4912749.795889641, 'project_id_with_serial': 'WISDEM', 'module': 'ErectionCost'}, {'unit': '', 'type': 'dataframe', 'variable_df_key_col_name': 'total_erection_cost: Phase of construction - Type of cost - Cost USD', 'value': 'Erection - Fuel - 149551.5', 'last_number': 149551.5, 'project_id_with_serial': 'WISDEM', 'module': 'ErectionCost'}, {'unit': '', 'type': 'dataframe', 'variable_df_key_col_name': 'total_erection_cost: Phase of construction - Type of cost - Cost USD', 'value': 'Erection - Labor - 15433236.76455899', 'last_number': 15433236.76455899, 'project_id_with_serial': 'WISDEM', 'module': 'ErectionCost'}, {'unit': '', 'type': 'dataframe', 'variable_df_key_col_name': 'total_erection_cost: Phase of construction - Type of cost - Cost USD', 'value': 'Erection - Mobilization - 3330514.0', 'last_number': 3330514.0, 'project_id_with_serial': 'WISDEM', 'module': 'ErectionCost'}, {'unit': '', 'type': 'dataframe', 'variable_df_key_col_name': 'total_erection_cost: Phase of construction - Type of cost - Cost USD', 'value': 'Erection - Other - 0.0', 'last_number': 0.0, 'project_id_with_serial': 'WISDEM', 'module': 'ErectionCost'}, {'unit': '', 'type': 'dataframe', 'variable_df_key_col_name': 'total_erection_cost: Phase of construction - Type of cost - Cost USD', 'value': 'Erection - Materials - 0.0', 'last_number': 0.0, 'project_id_with_serial': 'WISDEM', 'module': 'ErectionCost'}, {'unit': 'usd', 'type': 'dataframe', 'variable_df_key_col_name': 'erection_selected_detailed_data: crew cost without management', 'value': 5512647.851021232, 'non_numeric_value': 'Top', 'project_id_with_serial': 'WISDEM', 'module': 'ErectionCost'}, {'unit': 'usd', 'type': 'dataframe', 'variable_df_key_col_name': 'erection_selected_detailed_data: crew cost without management', 'value': 882394.2315739277, 'non_numeric_value': 'Offload', 'project_id_with_serial': 'WISDEM', 'module': 'ErectionCost'}, {'unit': 'usd', 'type': 'dataframe', 'variable_df_key_col_name': 'erection_selected_detailed_data: crew cost without management', 'value': 2882053.9219638295, 'non_numeric_value': 'Base', 'project_id_with_serial': 'WISDEM', 'module': 'ErectionCost'}, {'unit': 'usd', 'type': 'dataframe', 'variable_df_key_col_name': 'erection_selected_detailed_data: mobilization', 'value': 2800000, 'non_numeric_value': 'Big LR110000-Big PDW3B2 Derrick-Top', 'project_id_with_serial': 'WISDEM', 'module': 'ErectionCost'}, {'unit': 'usd', 'type': 'dataframe', 'variable_df_key_col_name': 'erection_selected_detailed_data: mobilization', 'value': 32160, 'non_numeric_value': 'LB 75-Hydraulic-Offload', 'project_id_with_serial': 'WISDEM', 'module': 'ErectionCost'}, {'unit': 'usd', 'type': 'dataframe', 'variable_df_key_col_name': 'erection_selected_detailed_data: mobilization', 'value': 498354, 'non_numeric_value': 'LR1600/2-HSL4DF + Derrick boom-Base', 'project_id_with_serial': 'WISDEM', 'module': 'ErectionCost'}, {'unit': '', 'type': 'dataframe', 'variable_df_key_col_name': 'erection_selected_detailed_data: wind multiplier', 'value': 1.5524889107934945, 'non_numeric_value': 'Top', 'project_id_with_serial': 'WISDEM', 'module': 'ErectionCost'}, {'unit': '', 'type': 'dataframe', 'variable_df_key_col_name': 'erection_selected_detailed_data: wind multiplier', 'value': 1.590106007067138, 'non_numeric_value': 'Offload', 'project_id_with_serial': 'WISDEM', 'module': 'ErectionCost'}, {'unit': '', 'type': 'dataframe', 'variable_df_key_col_name': 'erection_selected_detailed_data: wind multiplier', 'value': 1.42668428005284, 'non_numeric_value': 'Base', 'project_id_with_serial': 'WISDEM', 'module': 'ErectionCost'}, {'unit': 'usd', 'type': 'variable', 'variable_df_key_col_name': 'total_cost_summed_erection', 'value': 23826052.06044863, 'project_id_with_serial': 'WISDEM', 'module': 'ErectionCost'}, {'unit': '', 'type': 'dataframe', 'variable_df_key_col_name': 'management_crews_cost: Crew type ID - Operation - Crew name - Labor type ID - Number of workers - Hourly rate USD per hour - Per diem USD per day - Notes/References - Hourly rate for all workers - Per diem all workers - per_diem_costs - hourly_costs - crew_level_total_costs', 'value': 'Management - Management - project size - Construction manager - 2 - 112.2 - 149 - (50% burden) https://www.salary.com/tools/salary-calculator/construction-manager-ii-hourly; plus 20% for demanding specs, rigid inspec-tions, unreliable suppliers. - 224.4 - 298 - 75096.0 - 640886.4 - 715982.4', 'project_id_with_serial': 'WISDEM', 'module': 'ErectionCost'}, {'unit': '', 'type': 'dataframe', 'variable_df_key_col_name': 'management_crews_cost: Crew type ID - Operation - Crew name - Labor type ID - Number of workers - Hourly rate USD per hour - Per diem USD per day - Notes/References - Hourly rate for all workers - Per diem all workers - per_diem_costs - hourly_costs - crew_level_total_costs', 'value': 'Management - Management - rate construction - Electrician - 2 - 85.84 - 149 - 2017 National Construction Estimator:  Page 307  ; 25% for work on a ladder or a scaffold, in a crawl space, in a congested area or remote from the material storage point; plus 20% for demanding specs, rigid inspec-tions, unreliable suppliers. - 171.68 - 298 - 75096.0 - 490318.08 - 565414.0800000001', 'project_id_with_serial': 'WISDEM', 'module': 'ErectionCost'}, {'unit': '', 'type': 'dataframe', 'variable_df_key_col_name': 'management_crews_cost: Crew type ID - Operation - Crew name - Labor type ID - Number of workers - Hourly rate USD per hour - Per diem USD per day - Notes/References - Hourly rate for all workers - Per diem all workers - per_diem_costs - hourly_costs - crew_level_total_costs', 'value': 'Mechanical completion - Mechanical completion - Electrician - 1 - 85.84 - 149 - 2017 National Construction Estimator:  Page 307  ; 25% for work on a ladder or a scaffold, in a crawl space, in a congested area or remote from the material storage point; plus 20% for demanding specs, rigid inspec-tions, unreliable suppliers. - 85.84 - 149 - 37548.0 - 245159.04 - 282707.04000000004', 'project_id_with_serial': 'WISDEM', 'module': 'ErectionCost'}, {'unit': '', 'type': 'dataframe', 'variable_df_key_col_name': 'management_crews_cost: Crew type ID - Operation - Crew name - Labor type ID - Number of workers - Hourly rate USD per hour - Per diem USD per day - Notes/References - Hourly rate for all workers - Per diem all workers - per_diem_costs - hourly_costs - crew_level_total_costs', 'value': 'Management - Management - project size - Logistics manager - 2 - 99.9 - 149 - (50 % burden) https://www.salary.com/research/salary/benchmark/logistics-manager-hourly-wages; plus 35% for demanding specs, rigid inspec-tions, unreliable suppliers. - 199.8 - 298 - 75096.0 - 570628.8 - 645724.8', 'project_id_with_serial': 'WISDEM', 'module': 'ErectionCost'}, {'unit': '', 'type': 'dataframe', 'variable_df_key_col_name': 'management_crews_cost: Crew type ID - Operation - Crew name - Labor type ID - Number of workers - Hourly rate USD per hour - Per diem USD per day - Notes/References - Hourly rate for all workers - Per diem all workers - per_diem_costs - hourly_costs - crew_level_total_costs', 'value': 'Management - Management - project size - Office admin - 2 - 44.56249999999999 - 149 - (35% burden) https://www.salary.com/tools/salary-calculator/administrative-assistant-ii-hourly ; 25% for work on a ladder or a scaffold, in a crawl space, in a congested area or remote from the material storage point; plus 20% for demanding specs, rigid inspec-tions, unreliable suppliers. - 89.12499999999999 - 298 - 75096.0 - 254540.99999999997 - 329637.0', 'project_id_with_serial': 'WISDEM', 'module': 'ErectionCost'}, {'unit': '', 'type': 'dataframe', 'variable_df_key_col_name': 'management_crews_cost: Crew type ID - Operation - Crew name - Labor type ID - Number of workers - Hourly rate USD per hour - Per diem USD per day - Notes/References - Hourly rate for all workers - Per diem all workers - per_diem_costs - hourly_costs - crew_level_total_costs', 'value': 'Management - Management - project size - Project engineer - 2 - 93.5 - 149 - (50% burden) https://www.salary.com/tools/salary-calculator/project-engineer-iii-construction-hourly; plus 20% for demanding specs, rigid inspec-tions, unreliable suppliers. - 187.0 - 298 - 75096.0 - 534072.0 - 609168.0', 'project_id_with_serial': 'WISDEM', 'module': 'ErectionCost'}, {'unit': '', 'type': 'dataframe', 'variable_df_key_col_name': 'management_crews_cost: Crew type ID - Operation - Crew name - Labor type ID - Number of workers - Hourly rate USD per hour - Per diem USD per day - Notes/References - Hourly rate for all workers - Per diem all workers - per_diem_costs - hourly_costs - crew_level_total_costs', 'value': 'Management - Management - project size - Project manager - 2 - 119.0 - 149 - (50% burden) https://www.salary.com/tools/salary-calculator/project-manager-sr-construction-hourly?type=base; plus 20% for demanding specs, rigid inspec-tions, unreliable suppliers. - 238.0 - 298 - 75096.0 - 679728.0 - 754824.0', 'project_id_with_serial': 'WISDEM', 'module': 'ErectionCost'}, {'unit': '', 'type': 'dataframe', 'variable_df_key_col_name': 'management_crews_cost: Crew type ID - Operation - Crew name - Labor type ID - Number of workers - Hourly rate USD per hour - Per diem USD per day - Notes/References - Hourly rate for all workers - Per diem all workers - per_diem_costs - hourly_costs - crew_level_total_costs', 'value': 'Mechanical completion - Mechanical completion - QC/QA tech - 2 - 87.125 - 149 - (50% burden for QC/QC Manager) https://www.ziprecruiter.com/Salaries/How-Much-Does-a-Construction-Quality-Control-Manager-Make-an-Hour ; 25% for work on a ladder or a scaffold, in a crawl space, in a congested area or remote from the material storage point; plus 20% for demanding specs, rigid inspec-tions, unreliable suppliers. - 174.25 - 298 - 75096.0 - 497658.0 - 572754.0', 'project_id_with_serial': 'WISDEM', 'module': 'ErectionCost'}, {'unit': '', 'type': 'dataframe', 'variable_df_key_col_name': 'management_crews_cost: Crew type ID - Operation - Crew name - Labor type ID - Number of workers - Hourly rate USD per hour - Per diem USD per day - Notes/References - Hourly rate for all workers - Per diem all workers - per_diem_costs - hourly_costs - crew_level_total_costs', 'value': 'Management - Management - project size - Safety or qc manager - 2 - 106.11764705882352 - 149 - (70% burden) https://www.salary.com/tools/salary-calculator/construction-site-safety-manager-hourly; plus 35% for demanding specs, rigid inspec-tions, unreliable suppliers. - 212.23529411764704 - 298 - 75096.0 - 606144.0 - 681240.0', 'project_id_with_serial': 'WISDEM', 'module': 'ErectionCost'}, {'unit': '', 'type': 'dataframe', 'variable_df_key_col_name': 'management_crews_cost: Crew type ID - Operation - Crew name - Labor type ID - Number of workers - Hourly rate USD per hour - Per diem USD per day - Notes/References - Hourly rate for all workers - Per diem all workers - per_diem_costs - hourly_costs - crew_level_total_costs', 'value': 'Management - Management - project size - Site manager - 2 - 112.2 - 149 - (50% burden) https://www.salary.com/tools/salary-calculator/construction-manager-ii-hourly; plus 20% for demanding specs, rigid inspec-tions, unreliable suppliers. - 224.4 - 298 - 75096.0 - 640886.4 - 715982.4', 'project_id_with_serial': 'WISDEM', 'module': 'ErectionCost'}, {'unit': '', 'type': 'dataframe', 'variable_df_key_col_name': 'management_crews_cost: Crew type ID - Operation - Crew name - Labor type ID - Number of workers - Hourly rate USD per hour - Per diem USD per day - Notes/References - Hourly rate for all workers - Per diem all workers - per_diem_costs - hourly_costs - crew_level_total_costs', 'value': 'Management - Management - rate construction - Tool room - 1 - 85.84 - 149 - 2017 National Construction Estimator:  Page 307  ; 25% for work on a ladder or a scaffold, in a crawl space, in a congested area or remote from the material storage point; plus 20% for demanding specs, rigid inspec-tions, unreliable suppliers. - 85.84 - 149 - 37548.0 - 245159.04 - 282707.04000000004', 'project_id_with_serial': 'WISDEM', 'module': 'ErectionCost'}, {'unit': 'hours', 'type': 'variable', 'variable_df_key_col_name': 'number of hours in weather window', 'value': 2700, 'project_id_with_serial': 'WISDEM', 'module': 'ErectionCost'}, {'unit': 'none', 'type': 'variable', 'variable_df_key_col_name': 'time_weighted_weather_multiplier', 'value': 1.5183064273214446, 'project_id_with_serial': 'WISDEM', 'module': 'ErectionCost'}, {'unit': 'months', 'type': 'variable', 'variable_df_key_col_name': 'erection_construction_months', 'value': 8.4, 'project_id_with_serial': 'WISDEM', 'module': 'ErectionCost'}, {'unit': 'usd', 'type': 'variable', 'variable_df_key_col_name': 'labor_cost_management', 'value': 6156140.760000001, 'project_id_with_serial': 'WISDEM', 'module': 'ErectionCost'}, {'unit': 'usd', 'type': 'variable', 'variable_df_key_col_name': 'labor_cost_non_management', 'value': 9277096.00455899, 'project_id_with_serial': 'WISDEM', 'module': 'ErectionCost'}, {'unit': 'usd', 'type': 'variable', 'variable_df_key_col_name': 'labor_cost_total', 'value': 15433236.76455899, 'project_id_with_serial': 'WISDEM', 'module': 'ErectionCost'}, {'project_id_with_serial': 'WISDEM', 'module': 'ManagementCost', 'type': 'variable', 'variable_df_key_col_name': 'insurance_usd', 'unit': 'usd', 'value': 959397.7023617595}, {'project_id_with_serial': 'WISDEM', 'module': 'ManagementCost', 'type': 'variable', 'variable_df_key_col_name': 'construction_permitting_usd', 'unit': 'usd', 'value': 701210.3651386645}, {'project_id_with_serial': 'WISDEM', 'module': 'ManagementCost', 'type': 'variable', 'variable_df_key_col_name': 'bonding_usd', 'unit': 'usd', 'value': 1713210.1827888563}, {'project_id_with_serial': 'WISDEM', 'module': 'ManagementCost', 'type': 'variable', 'variable_df_key_col_name': 'project_management_usd', 'unit': 'usd', 'value': 2389665.904875}, {'project_id_with_serial': 'WISDEM', 'module': 'ManagementCost', 'type': 'variable', 'variable_df_key_col_name': 'markup_contingency_usd', 'unit': 'usd', 'value': 22305996.579910908}, {'project_id_with_serial': 'WISDEM', 'module': 'ManagementCost', 'type': 'variable', 'variable_df_key_col_name': 'engineering_usd', 'unit': 'usd', 'value': 4682670.0}, {'project_id_with_serial': 'WISDEM', 'module': 'ManagementCost', 'type': 'variable', 'variable_df_key_col_name': 'site_facility_usd', 'unit': 'usd', 'value': 1941750.0}]","The details from the run of LandBOSSE. This includes some costs, but mostly other things"
landbosse.erection_crane_choice,output,n/a,"     Crane name            Boom system Operation
0  Big LR110000     Big PDW3B2 Derrick       Top
1         LB 75              Hydraulic   Offload
2      LR1600/2  HSL4DF + Derrick boom      Base",The crane choices for erection.
landbosse.erection_component_name_topvbase,output,n/a,"  Component Operation
0   Nacelle       Top
1       Hub       Top
2   Blade 1       Top
2   Blade 2       Top
2   Blade 3       Top
5   Tower 1      Base
5   Tower 2      Base
5   Tower 3      Base
5   Tower 4      Base
5   Tower 5      Base
5   Tower 6      Base
5   Tower 7      Base
5   Tower 8      Base
5   Tower 9       Top
5  Tower 10       Top",List of components and whether they are a topping or base operation
landbosse.erection_components,output,n/a,"  Component  Mass tonne  Lift height m  Surface area sq m  Coeff drag  Coeff drag (installed)  ...  Cycle time installation hrs  Offload hook height m  Offload cycle time hrs  Multplier drag rotor  Multiplier tower drag  Operation
0   Nacelle  178.691438          140.0          33.000000         0.8                     0.8  ...                          1.5                      6                     0.5              1.000000                      0        Top
1       Hub   36.108088          140.0          11.300000         1.1                     1.1  ...                          1.0                      6                     0.5              0.000000                      0        Top
2   Blade 1   50.167154          140.0         151.092291         0.1                     1.4  ...                          1.0                      6                     0.5              0.666667                      0        Top
2   Blade 2   50.167154          140.0         151.092291         0.1                     1.4  ...                          1.0                      6                     0.5              0.666667                      0        Top
2   Blade 3   50.167154          140.0         151.092291         0.1                     1.4  ...                          1.0                      6                     0.5              0.666667                      0        Top
5   Tower 1   79.144596           14.0          74.330082         0.6                     1.1  ...                          1.0                      6                     0.5              0.000000                      1       Base
5   Tower 2   79.144596           28.0          74.330082         0.6                     1.1  ...                          1.0                      6                     0.5              0.000000                      1       Base
5   Tower 3   79.144596           42.0          74.330082         0.6                     1.1  ...                          1.0                      6                     0.5              0.000000                      1       Base
5   Tower 4   79.144596           56.0          74.330082         0.6                     1.1  ...                          1.0                      6                     0.5              0.000000                      1       Base
5   Tower 5   79.144596           70.0          74.330082         0.6                     1.1  ...                          1.0                      6                     0.5              0.000000                      1       Base
5   Tower 6   79.144596           84.0          74.330082         0.6                     1.1  ...                          1.0                      6                     0.5              0.000000                      1       Base
5   Tower 7   79.144596           98.0          74.330082         0.6                     1.1  ...                          1.0                      6                     0.5              0.000000                      1       Base
5   Tower 8   79.144596          112.0          74.330082         0.6                     1.1  ...                          1.0                      6                     0.5              0.000000                      1       Base
5   Tower 9   79.144596          126.0          74.330082         0.6                     1.1  ...                          1.0                      6                     0.5              0.000000                      1        Top
5  Tower 10   79.144596          140.0          74.330082         0.6                     1.1  ...                          1.0                      6                     0.5              0.000000                      1        Top

[15 rows x 14 columns]",List of components with their values modified from the defaults.
tcons.constr_tower_f_NPmargin,output,,[-0.15439012],constraint on tower frequency such that ratio of 3P/f is above or below gamma with constraint <= 0
tcons.constr_tower_f_1Pmargin,output,,[-0.06472985],constraint on tower frequency such that ratio of 1P/f is above or below gamma with constraint <= 0
tcons.tip_deflection_ratio,output,,[1.17758056],
tcons.blade_tip_tower_clearance,output,m,[18.74412918],
towerse.env.Px,output,N/m,"[  0.         200.99777797 276.83215008 330.75393428 374.12461289
 411.10957925 443.6215346  472.82310323 499.46361569 524.05288814
 546.95538493 568.4417703  588.71921742 607.95025084 626.26499909
 643.76946282 660.55127029 676.68379127 692.22914541 707.24044636
 721.76350537 735.83814464 749.49922401 762.77745365 775.70004448
 783.64207521 791.13630415 798.20634509 793.66705463 788.39500807
 782.41017828]",
towerse.env.Py,output,N/m,"[0. 0. 0. 0. 0. 0. 0. 0. 0. 0. 0. 0. 0. 0. 0. 0. 0. 0. 0. 0. 0. 0. 0. 0.
 0. 0. 0. 0. 0. 0. 0.]",
towerse.env.Pz,output,N/m,"[0. 0. 0. 0. 0. 0. 0. 0. 0. 0. 0. 0. 0. 0. 0. 0. 0. 0. 0. 0. 0. 0. 0. 0.
 0. 0. 0. 0. 0. 0. 0.]",
towerse.env.qdyn,output,N/m**2,"[  0.          51.28165784  67.66655319  79.58121373  89.28655223
  97.62252992 105.00804107 111.68665206 117.81431199 123.4977543
 128.8137005  133.81941614 138.55894089 143.06697599 147.37142092
 151.49509097 155.45691668 159.27280374 162.95626376 166.51888607
 169.97069683 173.32043666 176.57577821 179.74349873 182.82961861
 185.83951359 188.77800658 191.6494434  194.45775572 197.20651382
 199.89897098]",
towerse.env.wind.U,output,m/s,"[ 0.          9.15014512 10.51075664 11.39861887 12.07368887 12.62472662
 13.09357475 13.50353859 13.86902654 14.1996122  14.5020027  14.78109196
 15.04056778 15.2832829  15.51149256 15.72701256 15.93132797 16.12566993
 16.31107118 16.48840711 16.65842665 16.82177581 16.97901601 17.13063844
 17.27707546 17.41870979 17.55588193 17.68889625 17.81802599 17.94351745
 18.06559346]",
towerse.env.windLoads.windLoads_Px,output,N/m,"[  0.         200.99777797 276.83215008 330.75393428 374.12461289
 411.10957925 443.6215346  472.82310323 499.46361569 524.05288814
 546.95538493 568.4417703  588.71921742 607.95025084 626.26499909
 643.76946282 660.55127029 676.68379127 692.22914541 707.24044636
 721.76350537 735.83814464 749.49922401 762.77745365 775.70004448
 783.64207521 791.13630415 798.20634509 793.66705463 788.39500807
 782.41017828]",
towerse.env.windLoads.windLoads_Py,output,N/m,"[0. 0. 0. 0. 0. 0. 0. 0. 0. 0. 0. 0. 0. 0. 0. 0. 0. 0. 0. 0. 0. 0. 0. 0.
 0. 0. 0. 0. 0. 0. 0.]",
towerse.env.windLoads.windLoads_Pz,output,N/m,"[0. 0. 0. 0. 0. 0. 0. 0. 0. 0. 0. 0. 0. 0. 0. 0. 0. 0. 0. 0. 0. 0. 0. 0.
 0. 0. 0. 0. 0. 0. 0.]",
towerse.env.windLoads.windLoads_qdyn,output,N/m**2,"[  0.          51.28165784  67.66655319  79.58121373  89.28655223
  97.62252992 105.00804107 111.68665206 117.81431199 123.4977543
 128.8137005  133.81941614 138.55894089 143.06697599 147.37142092
 151.49509097 155.45691668 159.27280374 162.95626376 166.51888607
 169.97069683 173.32043666 176.57577821 179.74349873 182.82961861
 185.83951359 188.77800658 191.6494434  194.45775572 197.20651382
 199.89897098]",
towerse.env.windLoads.windLoads_z,output,m,"[  0.           4.56666667   9.13333333  13.7         18.26666667
  22.83333333  27.4         31.96666667  36.53333333  41.1
  45.66666667  50.23333333  54.8         59.36666667  63.93333333
  68.5         73.06666667  77.63333333  82.2         86.76666667
  91.33333333  95.9        100.46666667 105.03333333 109.6
 114.16666667 118.73333333 123.3        127.86666667 132.43333333
 137.        ]",
towerse.env.windLoads.windLoads_beta,output,deg,[0.],
towerse.g2e.Px,output,N/m,"[0. 0. 0. 0. 0. 0. 0. 0. 0. 0. 0. 0. 0. 0. 0. 0. 0. 0. 0. 0. 0. 0. 0. 0.
 0. 0. 0. 0. 0. 0. 0.]",
towerse.g2e.Py,output,N/m,"[0. 0. 0. 0. 0. 0. 0. 0. 0. 0. 0. 0. 0. 0. 0. 0. 0. 0. 0. 0. 0. 0. 0. 0.
 0. 0. 0. 0. 0. 0. 0.]",
towerse.g2e.Pz,output,N/m,"[   0.         -200.99777797 -276.83215008 -330.75393428 -374.12461289
 -411.10957925 -443.6215346  -472.82310323 -499.46361569 -524.05288814
 -546.95538493 -568.4417703  -588.71921742 -607.95025084 -626.26499909
 -643.76946282 -660.55127029 -676.68379127 -692.22914541 -707.24044636
 -721.76350537 -735.83814464 -749.49922401 -762.77745365 -775.70004448
 -783.64207521 -791.13630415 -798.20634509 -793.66705463 -788.39500807
 -782.41017828]",
towerse.g2e.qdyn,output,Pa,"[  0.          51.28165784  67.66655319  79.58121373  89.28655223
  97.62252992 105.00804107 111.68665206 117.81431199 123.4977543
 128.8137005  133.81941614 138.55894089 143.06697599 147.37142092
 151.49509097 155.45691668 159.27280374 162.95626376 166.51888607
 169.97069683 173.32043666 176.57577821 179.74349873 182.82961861
 185.83951359 188.77800658 191.6494434  194.45775572 197.20651382
 199.89897098]",
towerse.post.axial_stress,output,Pa,"[[1.60222904e+08]
 [1.55030999e+08]
 [1.49814379e+08]
 [1.61206378e+08]
 [1.55298717e+08]
 [1.49371674e+08]
 [1.61270131e+08]
 [1.54522540e+08]
 [1.47761255e+08]
 [1.58363871e+08]
 [1.50699505e+08]
 [1.43028188e+08]
 [1.52982905e+08]
 [1.44254975e+08]
 [1.35528146e+08]
 [1.45809773e+08]
 [1.35728943e+08]
 [1.25660005e+08]
 [1.35804353e+08]
 [1.23950158e+08]
 [1.12127860e+08]
 [1.20131288e+08]
 [1.06013742e+08]
 [9.19878480e+07]
 [9.37425088e+07]
 [7.82223030e+07]
 [6.27357090e+07]
 [5.27130048e+07]
 [3.89241293e+07]
 [2.95398570e+07]]",
towerse.post.shear_stress,output,Pa,"[[ 3414415.73054536]
 [ 3414806.32946853]
 [ 3415184.30199579]
 [ 3819113.11479972]
 [ 3819506.50957894]
 [ 3819885.43428616]
 [ 4306936.01050289]
 [ 4307329.87891469]
 [ 4307707.21202091]
 [ 4850284.43569234]
 [ 4850671.59209458]
 [ 4851039.97470725]
 [ 5495292.84679652]
 [ 5495667.38135362]
 [ 5496020.53794617]
 [ 6334069.20526241]
 [ 6334426.94499319]
 [ 6334759.96945093]
 [ 7458617.49370089]
 [ 7458951.70530616]
 [ 7459256.75327165]
 [ 8950336.43637319]
 [ 8950633.09333425]
 [ 8950894.67816267]
 [10734887.77234244]
 [10806847.34654133]
 [10879727.02826335]
 [12032702.05270357]
 [12309967.76921195]
 [12600170.28863479]]",
towerse.post.hoop_stress,output,Pa,"[[ -1229.66957245]
 [ -2852.22830094]
 [ -3530.81601188]
 [ -4536.62621033]
 [ -5021.30549425]
 [ -5443.66270337]
 [ -6575.75785437]
 [ -6964.37344705]
 [ -7322.78992336]
 [ -8635.03162623]
 [ -8988.27708807]
 [ -9321.79527501]
 [-10935.25464413]
 [-11277.43449117]
 [-11604.68982539]
 [-13757.76440627]
 [-14106.36593737]
 [-14442.49095959]
 [-17414.92498155]
 [-17785.68382536]
 [-18145.19043264]
 [-22225.19157876]
 [-22633.18051641]
 [-23030.42059846]
 [-27942.28670724]
 [-28219.77063356]
 [-28481.38328383]
 [-31105.97974497]
 [-30901.41989422]
 [-30669.40344127]]",
towerse.post.hoop_stress_euro,output,Pa,"[[0.]
 [0.]
 [0.]
 [0.]
 [0.]
 [0.]
 [0.]
 [0.]
 [0.]
 [0.]
 [0.]
 [0.]
 [0.]
 [0.]
 [0.]
 [0.]
 [0.]
 [0.]
 [0.]
 [0.]
 [0.]
 [0.]
 [0.]
 [0.]
 [0.]
 [0.]
 [0.]
 [0.]
 [0.]
 [0.]]",
towerse.post.constr_stress,output,,"[[0.81560509]
 [0.78921693]
 [0.76270203]
 [0.82075146]
 [0.79072705]
 [0.76060606]
 [0.82126806]
 [0.78698277]
 [0.75263133]
 [0.80674478]
 [0.76781509]
 [0.72885621]
 [0.77974991]
 [0.73544324]
 [0.6911538 ]
 [0.74385947]
 [0.69273508]
 [0.64169571]
 [0.69399364]
 [0.63398979]
 [0.57420932]
 [0.61622599]
 [0.54508003]
 [0.47459529]
 [0.48622342]
 [0.40921714]
 [0.33328931]
 [0.28842009]
 [0.22583437]
 [0.18689307]]",
towerse.post.constr_shell_buckling,output,,"[[0.03994137]
 [0.03881154]
 [0.03769241]
 [0.0431679 ]
 [0.04202903]
 [0.04090548]
 [0.04795573]
 [0.04679965]
 [0.04566012]
 [0.05409663]
 [0.05290914]
 [0.05173863]
 [0.06278948]
 [0.06154057]
 [0.06030801]
 [0.07673929]
 [0.07536665]
 [0.07400824]
 [0.09626077]
 [0.09482722]
 [0.09341488]
 [0.12822978]
 [0.12656156]
 [0.1249104 ]
 [0.17430717]
 [0.17274634]
 [0.17122146]
 [0.20214686]
 [0.20175531]
 [0.20152505]]",
towerse.post.constr_global_buckling,output,,"[[1.36936973]
 [1.31848523]
 [1.26772075]
 [1.36811057]
 [1.31198314]
 [1.25605424]
 [1.36106721]
 [1.29880636]
 [1.23682857]
 [1.33065933]
 [1.26182013]
 [1.19335852]
 [1.28234132]
 [1.20592248]
 [1.12999181]
 [1.22369082]
 [1.13756347]
 [1.05206964]
 [1.14802491]
 [1.04907098]
 [0.95098586]
 [1.03411776]
 [0.91873714]
 [0.80477992]
 [0.84159729]
 [0.71829862]
 [0.5963987 ]
 [0.53259158]
 [0.42910719]
 [0.35812355]]",
towerse.tower.f1,output,Hz,[0.2178623],
towerse.tower.f2,output,Hz,[0.22032278],
towerse.tower.structural_frequencies,output,Hz,[0.2178623  0.22032278 0.77359795 0.99976683 1.14138286 2.34169954],
towerse.tower.fore_aft_modes,output,,"[[ 1.15647339e+00 -1.03070377e-01 -3.61707309e-03 -1.78042684e-02
  -3.19816721e-02]
 [-5.71109694e+01  5.05486747e+01  8.37326459e+00  4.52066899e+00
  -5.33163893e+00]
 [-4.87390775e+01  6.25609323e+01  5.59656530e+01 -8.37084924e+01
   1.49209847e+01]]",
towerse.tower.side_side_modes,output,,"[[ 1.14445851e+00 -9.55069961e-02 -1.33118771e-03 -1.84346500e-02
  -2.91856775e-02]
 [ 6.59266178e+02 -5.40949518e+02 -8.77049904e+01 -5.65516753e+01
   2.60691271e+01]
 [-4.20335170e+01  5.28250748e+01  4.11320369e+01 -5.81011911e+01
   7.17759642e+00]]",
towerse.tower.torsion_modes,output,,"[[  7.01847082 -26.05177337  46.3001713  -38.3038302   12.03696146]
 [  0.           0.           0.           0.           0.        ]
 [  0.           0.           0.           0.           0.        ]]",
towerse.tower.fore_aft_freqs,output,Hz,[0.22032278 1.14138286 2.48081447],
towerse.tower.side_side_freqs,output,Hz,[0.2178623  0.99976683 2.34169954],
towerse.tower.torsion_freqs,output,Hz,[6.90318806 0.         0.        ],
towerse.tower.tower_deflection,output,m,"[[0.        ]
 [0.00315901]
 [0.01215066]
 [0.0267822 ]
 [0.04719218]
 [0.07346036]
 [0.10536906]
 [0.14305999]
 [0.18660365]
 [0.23575307]
 [0.29061635]
 [0.35122202]
 [0.41729109]
 [0.48891202]
 [0.56607868]
 [0.64847486]
 [0.73619143]
 [0.82919634]
 [0.92712577]
 [1.03006645]
 [1.13794054]
 [1.25032118]
 [1.36725256]
 [1.48856117]
 [1.6137373 ]
 [1.74269458]
 [1.87511863]
 [2.01044543]
 [2.14826763]
 [2.28804161]
 [2.42910808]]",
towerse.tower.top_deflection,output,m,[2.42910808],
towerse.tower.tower_Fz,output,N,"[[-9345847.72591732]
 [-8913108.17768173]
 [-8480075.3157111 ]
 [-8092341.96455163]
 [-7704426.96944481]
 [-7316354.87662764]
 [-6971710.71383123]
 [-6626940.3198277 ]
 [-6282054.12086959]
 [-5975315.05107487]
 [-5668475.64013755]
 [-5361541.82214593]
 [-5090150.26991371]
 [-4818673.84517984]
 [-4547116.45139059]
 [-4311000.64740572]
 [-4074810.44063216]
 [-3838548.62634153]
 [-3637333.20238142]
 [-3436051.01585761]
 [-3234704.18433313]
 [-3066280.27364432]
 [-2897795.4668748 ]
 [-2729251.43290932]
 [-2588052.46740847]
 [-2447659.19384356]
 [-2308073.58297761]
 [-2181365.97905893]
 [-2057225.36796109]
 [-1935655.03895519]]",
towerse.tower.tower_Vx,output,N,"[[2188331.23731709]
 [2188607.64219984]
 [2188875.15381923]
 [2189047.76101828]
 [2189296.78195271]
 [2189536.68935984]
 [2189603.06192589]
 [2189824.2810719 ]
 [2190036.26531506]
 [2190022.81177819]
 [2190216.05256611]
 [2190399.98298693]
 [2190307.8173185 ]
 [2190472.98483294]
 [2190628.79547298]
 [2190446.65279061]
 [2190583.71693623]
 [2190711.39717662]
 [2190446.18610591]
 [2190555.16594815]
 [2190654.74412286]
 [2190333.84783125]
 [2190414.76643491]
 [2190486.265086  ]
 [2190170.31413031]
 [2190211.49744672]
 [2190243.34849864]
 [2190087.06210208]
 [2190073.97667223]
 [2190050.84913063]]",
towerse.tower.tower_Vy,output,N,"[[42086.66082983]
 [42076.97069824]
 [42067.09921577]
 [42060.14095937]
 [42049.93328509]
 [42039.5520854 ]
 [42035.41904193]
 [42024.7109435 ]
 [42013.83421925]
 [42012.00992385]
 [42000.81013701]
 [41989.44533002]
 [41990.42208369]
 [41978.73606431]
 [41966.88770126]
 [41971.94547697]
 [41959.77462693]
 [41947.44326197]
 [41957.26626491]
 [41944.60594552]
 [41931.78618246]
 [41945.99962005]
 [41932.83817254]
 [41919.51770239]
 [41935.00553604]
 [41922.15670049]
 [41909.06082748]
 [41911.96483571]
 [41900.49368099]
 [41888.51924521]]",
towerse.tower.tower_Mxx,output,N*m,"[[10675520.73129214]
 [10864916.03656835]
 [11052588.06231754]
 [11238585.79267284]
 [11422925.8326259 ]
 [11605764.19455489]
 [11787151.44612961]
 [11967075.07126191]
 [12145701.85410117]
 [12323092.65556815]
 [12499220.15440707]
 [12674261.75718212]
 [12848282.2576891 ]
 [13021228.21309835]
 [13193287.37080181]
 [13364517.16836791]
 [13534814.35163981]
 [13704376.53549217]
 [13873247.03237849]
 [14041259.46378532]
 [14208620.85954113]
 [14375358.43135267]
 [14541244.1365743 ]
 [14706494.14011973]
 [14871129.33672717]
 [15034878.7122428 ]
 [15197919.83243057]
 [15360314.44406813]
 [15521923.3594763 ]
 [15682814.05517977]]",
towerse.tower.tower_Myy,output,N*m,"[[3.04479693e+08]
 [2.94403005e+08]
 [2.84279971e+08]
 [2.74114304e+08]
 [2.63909178e+08]
 [2.53670817e+08]
 [2.43402568e+08]
 [2.33106541e+08]
 [2.22788411e+08]
 [2.12451373e+08]
 [2.02096888e+08]
 [1.91730066e+08]
 [1.81353791e+08]
 [1.70968765e+08]
 [1.60579526e+08]
 [1.50188507e+08]
 [1.39795445e+08]
 [1.29404324e+08]
 [1.19017146e+08]
 [1.08632787e+08]
 [9.82547035e+07]
 [8.78845770e+07]
 [7.75207852e+07]
 [6.71662831e+07]
 [5.68226223e+07]
 [4.64882784e+07]
 [3.61654998e+07]
 [2.58559352e+07]
 [1.55596755e+07]
 [5.27821432e+06]]",
towerse.tower.tower_Mzz,output,N*m,"[[1118543.34045339]
 [1118538.40782575]
 [1118533.46809837]
 [1118539.93614659]
 [1118534.98840315]
 [1118530.0383856 ]
 [1118536.95975425]
 [1118532.00257258]
 [1118527.04361922]
 [1118533.44139236]
 [1118528.47483889]
 [1118523.50670487]
 [1118530.0493234 ]
 [1118525.07239252]
 [1118520.09394951]
 [1118527.81660924]
 [1118522.82699915]
 [1118517.83586131]
 [1118527.22540886]
 [1118522.21940579]
 [1118517.21178658]
 [1118528.28412229]
 [1118523.25658818]
 [1118518.22728153]
 [1118529.40563992]
 [1118524.92117395]
 [1118520.41050319]
 [1118524.1047423 ]
 [1118520.87625893]
 [1118517.61574381]]",
towerse.tower.turbine_F,output,N,"[[ 2188181.88824651]
 [   42091.2734027 ]
 [-9777961.495083  ]]",
towerse.tower.turbine_M,output,N*m,"[[1.04842539e+07]
 [3.14503158e+08]
 [1.11843173e+06]]",
towerse.turbine_mass,output,kg,[1156746.94709333],
towerse.turbine_center_of_mass,output,m,[-2.01620844e+00 -2.71579374e-02  8.03253511e+01],
towerse.turbine_I_base,output,kg*m**2,"[1.03921588e+10 1.03211743e+10 1.39415082e+08 1.45286730e+01
 3.82956956e+03 4.81127800e+04]",
rotorse.ccblade.CP,output,,[0.45343609],Rotor power coefficient
rotorse.ccblade.CM,output,,[0.16425711],Blade flapwise moment coefficient
rotorse.ccblade.local_airfoil_velocities,output,m/s,"[ 8.4716591   9.88746475 11.9330934  14.37157334 17.06833388 19.91909042
 22.81935984 25.7557577  28.72958893 31.7355478  34.76906173 37.82677017
 40.90112391 43.99268951 47.09866322 50.21228058 53.33496625 56.46045603
 59.58765802 62.71631385 66.78585314 68.97802167 72.11084084 75.24674591
 78.38095931 81.5225963  84.65889831 87.79228023 90.91977542 93.11865999]",Local relative velocities for the airfoils
rotorse.ccblade.P,output,W,[0.],Rotor aerodynamic power
rotorse.ccblade.T,output,N*m,[0.],Rotor aerodynamic thrust
rotorse.ccblade.Q,output,N*m,[0.],Rotor aerodynamic torque
rotorse.ccblade.M,output,N*m,[0.],Blade root flapwise moment
rotorse.ccblade.a,output,,"[0.10715225 0.05363156 0.06801047 0.09380092 0.12046293 0.15561965
 0.18484913 0.22408521 0.25984564 0.28685867 0.31114051 0.3295797
 0.34362519 0.34723552 0.34519969 0.33304669 0.32005113 0.30759317
 0.29569014 0.28523372 0.27440661 0.26891973 0.2611431  0.25193407
 0.24365607 0.23239569 0.223242   0.22059084 0.23464785 0.29265525]",Axial induction  along blade span
rotorse.ccblade.ap,output,,"[-0.10715225 -0.04682438  0.00309619  0.017223    0.02301977  0.02646621
  0.02437808  0.02239479  0.01988718  0.01716116  0.01490948  0.01296967
  0.01133995  0.00984101  0.00861255  0.00737851  0.00643193  0.005642
  0.00497741  0.00442375  0.00384422  0.00357677  0.00323679  0.00293339
  0.00264979  0.00242961  0.0021941   0.00201173  0.00193982  0.00208286]",Tangential induction along blade span
rotorse.ccblade.alpha,output,deg,"[47.92155649 38.87087589 27.25002253 19.8980087  15.25461299 12.05443557
 10.09897337  8.52323752  7.36791479  6.5105815   5.69947185  5.03917101
  4.51076173  4.16683268  3.92636456  3.83431337  3.78773601  3.78740317
  3.8499899   3.98585481  4.28947534  4.51512017  4.90974587  5.39387736
  5.94237361  6.57532785  7.25023989  7.93342484  8.55910123  9.00429673]",Angles of attack along blade span
rotorse.ccblade.cl,output,,"[-2.28507779e-18  3.18047171e-02  4.65292443e-01  7.29655411e-01
  8.75666506e-01  9.95012975e-01  1.02499365e+00  1.06760268e+00
  1.07503162e+00  1.04942292e+00  1.01626138e+00  9.84670778e-01
  9.51929217e-01  9.30793283e-01  9.10518432e-01  8.96392986e-01
  8.86454181e-01  8.80886285e-01  8.81408487e-01  8.90530339e-01
  9.18100357e-01  9.38893464e-01  9.75874106e-01  1.01954860e+00
  1.07820480e+00  1.14175725e+00  1.22344681e+00  1.33201991e+00
  1.44768593e+00  1.55091332e+00]",Lift coefficients along blade span
rotorse.ccblade.cd,output,,"[0.5        0.49976548 0.39621083 0.2637639  0.14505822 0.05853154
 0.02836402 0.01678618 0.01275161 0.01235194 0.01146514 0.01057607
 0.00965216 0.00952926 0.00879307 0.00991578 0.00971526 0.00951582
 0.00933228 0.00916593 0.00897255 0.00888044 0.00878145 0.00852979
 0.00909368 0.00761551 0.00833102 0.00993595 0.01188307 0.01422481]",Drag coefficients along blade span
rotorse.ccblade.cl_n_opt,output,,[-2.28507779e-18  1.02731522e+00  8.97599574e-01  1.55091332e+00],Lift coefficients along blade span
rotorse.ccblade.cd_n_opt,output,,[0.5        0.01176074 0.00911635 0.01422481],Drag coefficients along blade span
rotorse.ccblade.Px_b,output,N/m,"[  96.95329788  127.01685879  266.2179499   487.54722012  771.47147502
 1163.44679033 1575.32334024 2100.98429571 2642.41306265 3154.11665282
 3669.07413913 4162.96610356 4642.927596   5066.75473805 5457.1363596
 5764.27800335 6044.93594762 6308.68042476 6554.9891399  6797.31982328
 7122.82001192 7286.74022685 7496.84042198 7634.5677002  7718.40668086
 7608.00927259 7328.27309723 6823.9829296  5855.14649938 4175.56792997]",Distributed loads in blade-aligned x-direction
rotorse.ccblade.Py_b,output,N/m,"[  39.32231136   72.27446671  -12.07055212 -119.7138905  -247.03195566
 -397.9054913  -486.81230963 -561.11490742 -606.42896781 -626.91509874
 -640.6751055  -649.28723032 -655.87143764 -659.88447518 -668.26347066
 -666.5163833  -671.59114593 -675.30065265 -677.71933313 -679.60345367
 -682.46103884 -683.30603465 -683.03660149 -679.98994989 -667.0380815
 -655.62255038 -614.95359985 -549.6843034  -441.7323611  -277.33895482]",Distributed loads in blade-aligned y-direction
rotorse.ccblade.Pz_b,output,N/m,"[0. 0. 0. 0. 0. 0. 0. 0. 0. 0. 0. 0. 0. 0. 0. 0. 0. 0. 0. 0. 0. 0. 0. 0.
 0. 0. 0. 0. 0. 0.]",Distributed loads in blade-aligned z-direction
rotorse.ccblade.Px_af,output,N/m,"[  77.65488171   98.75370209  259.48716514  502.02954583  805.84060392
 1215.49980815 1630.65683868 2155.40726996 2692.65660635 3199.14746158
 3710.11419372 4200.74346262 4677.99864995 5099.57274585 5488.3762377
 5793.63348166 6072.88149281 6335.02153904 6579.37507215 6819.21219967
 7140.2860279  7301.11814695 7505.76388044 7636.61138836 7712.03736927
 7591.640048   7301.38068851 6787.42262837 5813.3682889  4139.03065662]",Distributed loads in airfoil x-direction
rotorse.ccblade.Py_af,output,N/m,"[ 7.01135186e+01  1.07724590e+02  6.06968385e+01 -2.06249707e-01
 -8.25466230e+01 -1.85734839e+02 -2.44106791e+02 -2.88451817e+02
 -3.15758273e+02 -3.27001406e+02 -3.28058377e+02 -3.24984689e+02
 -3.21360600e+02 -3.19075079e+02 -3.23480427e+02 -3.23969241e+02
 -3.35254608e+02 -3.50687572e+02 -3.72840152e+02 -4.04675932e+02
 -4.65438966e+02 -5.07113473e+02 -5.76770217e+02 -6.56640544e+02
 -7.37035351e+02 -8.23800584e+02 -8.78404553e+02 -8.94309745e+02
 -8.26206479e+02 -6.17016740e+02]",Distributed loads in airfoil y-direction
rotorse.ccblade.Pz_af,output,N/m,"[0. 0. 0. 0. 0. 0. 0. 0. 0. 0. 0. 0. 0. 0. 0. 0. 0. 0. 0. 0. 0. 0. 0. 0.
 0. 0. 0. 0. 0. 0.]",Distributed loads in airfoil z-direction
rotorse.ccblade.LiftF,output,N/m,"[-2.13162821e-14  9.28146502e+00  2.02896971e+02  4.72128556e+02
  7.99166482e+02  1.22748662e+03  1.64819587e+03  2.17435419e+03
  2.71091661e+03  3.21559356e+03  3.72435286e+03  4.21305270e+03
  4.68878276e+03  5.10927735e+03  5.49764446e+03  5.80232930e+03
  6.08176311e+03  6.34435045e+03  6.58956131e+03  6.83084727e+03
  7.15509806e+03  7.31838089e+03  7.52758706e+03  7.66452207e+03
  7.74690083e+03  7.63603640e+03  7.35385932e+03  6.84589572e+03
  5.87158796e+03  4.18459214e+03]",Distributed lift force
rotorse.ccblade.DragF,output,N/m,"[104.62402277 145.84490173 172.77301389 170.67024825 132.3856401
  72.20677621  45.60950642  34.1879148   32.15585228  37.84824282
  42.01696685  45.2512116   47.54227496  52.30767416  53.09190596
  64.18462133  66.65422152  68.53516894  69.76973928  70.30763713
  69.92641856  69.22021523  67.73738865  64.12323503  65.33805317
  50.93225905  50.07584145  51.06567814  48.19586177  38.38061845]",Distributed drag force
rotorse.ccblade.L_n_opt,output,N/m,[-2.13162821e-14  3.55476642e+03  6.91398850e+03  4.18459214e+03],Distributed lift force
rotorse.ccblade.D_n_opt,output,N/m,[104.62402277  40.62739218  70.20988878  38.38061845],Distributed drag force
rotorse.re.precomp.z,output,m,"[  3.           6.44814717   9.89629433  13.3444415   16.79258866
  20.24073583  23.68888299  27.13703016  30.58517733  34.03332449
  37.48147166  40.92961882  44.37776599  47.82591316  51.27406032
  54.72220749  58.17035465  61.61850182  65.06664898  68.51479615
  72.99738747  75.41109048  78.85923765  82.30738481  85.75553198
  89.20367915  92.65182631  96.09997348  99.54812064 102.99626781]",locations of properties along beam
rotorse.re.Tw_iner,output,deg,"[ 32.07801864 -12.12851906  21.29464189  17.09108426  14.39156926
  12.18167473  10.42564806   8.97476579   7.80449661   6.92701159
   6.37482778   5.96191458   5.61860749   5.31398255   5.02559825
   4.77702861   4.49904852   4.1660584    3.77697945   3.31460429
   3.08354368   2.10004802   1.34680224   0.47103264  -0.44722667
  -1.39342573  -2.3304701   -3.21090276  -4.10195031  -4.57177729]",Orientation of the section principal inertia axes with respect the blade reference plane
rotorse.re.x_tc,output,m,"[-6.97692885e-06 -1.89857366e-02  4.63772574e-03  6.51144770e-02
  6.36163404e-02  6.64781847e-02  7.05076715e-02  6.14747799e-02
  4.90051263e-02  3.81611491e-02  2.67122811e-02  1.71739305e-02
  1.04521480e-02  7.56804238e-03  8.61976917e-03  1.18689746e-02
  1.64513450e-02  2.10643315e-02  2.58135069e-02  3.01801790e-02
  2.85465588e-02  3.66088482e-02  3.88633324e-02  4.16066589e-02
  4.15160614e-02  4.15217561e-02  4.11499863e-02  3.91519667e-02
  3.41768570e-02  2.67688934e-02]",X-coordinate of the tension-center offset with respect to the XR-YR axes
rotorse.re.y_tc,output,m,"[-1.45834643e-04 -8.37387136e-03  6.20938724e-02 -1.25888847e-01
 -1.76791456e-01 -2.02188191e-01 -2.15827475e-01 -2.20898523e-01
 -2.08393767e-01 -1.83335645e-01 -1.49541975e-01 -1.09120824e-01
 -7.05830818e-02 -2.88153918e-02 -1.13960925e-02 -2.07111220e-02
 -2.20961526e-02 -4.14665655e-02 -6.03696910e-02 -7.46138387e-02
 -5.92515808e-02 -8.87400008e-02 -8.91305508e-02 -8.42153580e-02
 -7.66482182e-02 -6.24021347e-02 -4.37546791e-02 -2.30251001e-02
 -2.98655850e-04 -9.83902892e-03]",Chordwise offset of the section tension-center with respect to the XR-YR axes
rotorse.re.x_sc,output,m,"[-6.97692884e-06 -1.89898733e-02  4.65866073e-03  6.66483846e-02
  6.52928669e-02  6.80407757e-02  7.18303858e-02  6.23663015e-02
  4.95769784e-02  3.85531212e-02  2.69905481e-02  1.73766106e-02
  1.06060811e-02  7.72169611e-03  8.80708971e-03  1.20704471e-02
  1.65699985e-02  2.12669760e-02  2.60077288e-02  3.03208249e-02
  2.86172413e-02  3.67509820e-02  3.90032988e-02  4.17492197e-02
  4.16513846e-02  4.16484176e-02  4.12689345e-02  3.92630954e-02
  3.42775185e-02  2.67688934e-02]",X-coordinate of the shear-center offset with respect to the XR-YR axes
rotorse.re.y_sc,output,m,"[-1.45834643e-04 -8.88291950e-03  5.51933735e-02 -1.37367705e-01
 -1.94647138e-01 -2.23654931e-01 -2.36533004e-01 -2.37530273e-01
 -2.22972183e-01 -1.98448844e-01 -1.67348383e-01 -1.29413453e-01
 -9.24153645e-02 -5.04071581e-02 -3.11925252e-02 -3.58984583e-02
 -1.87964179e-02 -4.88825210e-02 -6.48131373e-02 -7.28846311e-02
 -5.82803889e-02 -8.76423048e-02 -8.82622246e-02 -8.35392177e-02
 -7.61264795e-02 -6.19895548e-02 -4.34042423e-02 -2.27013145e-02
  6.49404371e-05 -9.83902892e-03]","Chordwise offset of the section shear-center with respect to the reference frame, XR-YR"
rotorse.re.x_cg,output,m,"[-6.97692884e-06 -2.89367822e-03 -2.49266911e-03  1.19334328e-02
  1.57786485e-02  2.61901924e-02  3.64056972e-02  3.80049880e-02
  3.58176620e-02  3.19422350e-02  2.64512921e-02  2.15727130e-02
  1.82968801e-02  1.66649688e-02  1.72730467e-02  1.88204950e-02
  2.11951271e-02  2.31217344e-02  2.50921329e-02  2.68521988e-02
  2.15631593e-02  2.96453056e-02  3.07108657e-02  3.15404375e-02
  3.08622321e-02  3.05352114e-02  3.01617909e-02  2.87795935e-02
  2.49656425e-02  1.91221898e-02]",X-coordinate of the center-of-mass offset with respect to the XR-YR axes
rotorse.re.y_cg,output,m,"[-1.45834643e-04 -3.38587303e-03  3.88260791e-02 -8.33984596e-03
 -4.62132193e-03  2.62601783e-02  5.82012687e-02  8.86446235e-02
  1.28286616e-01  1.69515917e-01  2.09059220e-01  2.54072091e-01
  2.89837491e-01  3.44125801e-01  3.52809517e-01  3.21676343e-01
  3.09588543e-01  2.73688269e-01  2.34730921e-01  1.94699792e-01
  5.94010537e-02  1.20388676e-01  8.76434171e-02  5.95096345e-02
  3.36984008e-02  1.71246418e-02  8.72582315e-03  3.32896592e-03
  1.10341548e-03 -2.34159263e-02]",Chordwise offset of the section center of mass with respect to the XR-YR axes
rotorse.re.precomp.flap_iner,output,kg/m,"[5.52379497e+03 4.53760750e+03 2.98966292e+03 1.84334835e+03
 9.66319669e+02 5.48103962e+02 3.68224994e+02 2.52079636e+02
 1.84819871e+02 1.49728573e+02 1.27880449e+02 1.10181043e+02
 9.64181934e+01 8.07625885e+01 6.63420921e+01 5.17870961e+01
 3.97236378e+01 2.99860390e+01 2.21304223e+01 1.60484748e+01
 2.58459521e+01 7.55132665e+00 4.81981006e+00 2.92567335e+00
 1.61300461e+00 8.34960451e-01 3.99279774e-01 1.62049755e-01
 5.07031917e-02 8.82093686e-03]",Section flap inertia about the Y_G axis per unit length.
rotorse.re.precomp.edge_iner,output,kg/m,"[5.52402689e+03 4.44593833e+03 3.56546810e+03 2.78298563e+03
 2.12773450e+03 1.72310500e+03 1.46025227e+03 1.26414436e+03
 1.12773904e+03 1.03874544e+03 9.82768811e+02 9.27630688e+02
 8.77037732e+02 7.88513487e+02 6.86702451e+02 5.45594448e+02
 4.33753382e+02 3.31740658e+02 2.46301530e+02 1.78235848e+02
 1.66486139e+02 8.60514954e+01 5.71438245e+01 3.64448087e+01
 2.14204331e+01 1.20939892e+01 6.33870202e+00 2.84808654e+00
 1.04806173e+00 1.75752619e-01]",Section lag inertia about the X_G axis per unit length
rotorse.blade_mass,output,kg,[50167.15435274],mass of one blade
rotorse.blade_moment_of_inertia,output,kg*m**2,[67193901.64397554],mass moment of inertia of blade about hub
rotorse.mass_all_blades,output,kg,[150501.46305821],mass of all blades
rotorse.I_all_blades,output,kg*m**2,"[2.01581705e+08 1.00790852e+08 1.00790852e+08 0.00000000e+00
 0.00000000e+00 0.00000000e+00]","mass moments of inertia of all blades in hub c.s. order:Ixx, Iyy, Izz, Ixy, Ixz, Iyz"
rotorse.re.sc_ss_mats,output,,"[[0. 0. 0. 0. 0. 0. 0. 0. 0. 0.]
 [1. 0. 0. 1. 0. 1. 0. 0. 0. 0.]
 [1. 0. 0. 1. 0. 1. 0. 0. 0. 0.]
 [1. 0. 0. 1. 0. 1. 0. 0. 0. 0.]
 [1. 0. 0. 1. 0. 1. 0. 0. 0. 0.]
 [1. 0. 0. 1. 0. 1. 0. 0. 0. 0.]
 [1. 0. 0. 1. 0. 1. 0. 0. 0. 0.]
 [1. 0. 0. 1. 0. 1. 0. 0. 0. 0.]
 [1. 0. 0. 1. 0. 1. 0. 0. 0. 0.]
 [1. 0. 0. 1. 0. 1. 0. 0. 0. 0.]
 [1. 0. 0. 1. 0. 1. 0. 0. 0. 0.]
 [1. 0. 0. 1. 0. 1. 0. 0. 0. 0.]
 [1. 0. 0. 1. 0. 1. 0. 0. 0. 0.]
 [1. 0. 0. 1. 0. 1. 0. 0. 0. 0.]
 [1. 0. 0. 1. 0. 1. 0. 0. 0. 0.]
 [1. 0. 0. 1. 0. 1. 0. 0. 0. 0.]
 [1. 0. 0. 1. 0. 1. 0. 0. 0. 0.]
 [1. 0. 0. 1. 0. 1. 0. 0. 0. 0.]
 [1. 0. 0. 1. 0. 1. 0. 0. 0. 0.]
 [1. 0. 0. 1. 0. 1. 0. 0. 0. 0.]
 [1. 0. 0. 1. 0. 1. 0. 0. 0. 0.]
 [1. 0. 0. 1. 0. 1. 0. 0. 0. 0.]
 [1. 0. 0. 1. 0. 1. 0. 0. 0. 0.]
 [1. 0. 0. 1. 0. 1. 0. 0. 0. 0.]
 [1. 0. 0. 1. 0. 1. 0. 0. 0. 0.]
 [1. 0. 0. 1. 0. 1. 0. 0. 0. 0.]
 [1. 0. 0. 1. 0. 1. 0. 0. 0. 0.]
 [1. 0. 0. 1. 0. 1. 0. 0. 0. 0.]
 [1. 0. 0. 1. 0. 1. 0. 0. 0. 0.]
 [1. 0. 0. 1. 0. 1. 0. 0. 0. 0.]]","spar cap, suction side,  boolean of materials in each composite layer spanwise, passed as floats for differentiablity, used for Fatigue Analysis"
rotorse.re.sc_ps_mats,output,,"[[0. 0. 0. 0. 0. 0. 0. 0. 0. 0.]
 [1. 0. 0. 1. 0. 1. 0. 0. 0. 0.]
 [1. 0. 0. 1. 0. 1. 0. 0. 0. 0.]
 [1. 0. 0. 1. 0. 1. 0. 0. 0. 0.]
 [1. 0. 0. 1. 0. 1. 0. 0. 0. 0.]
 [1. 0. 0. 1. 0. 1. 0. 0. 0. 0.]
 [1. 0. 0. 1. 0. 1. 0. 0. 0. 0.]
 [1. 0. 0. 1. 0. 1. 0. 0. 0. 0.]
 [1. 0. 0. 1. 0. 1. 0. 0. 0. 0.]
 [1. 0. 0. 1. 0. 1. 0. 0. 0. 0.]
 [1. 0. 0. 1. 0. 1. 0. 0. 0. 0.]
 [1. 0. 0. 1. 0. 1. 0. 0. 0. 0.]
 [1. 0. 0. 1. 0. 1. 0. 0. 0. 0.]
 [1. 0. 0. 1. 0. 1. 0. 0. 0. 0.]
 [1. 0. 0. 1. 0. 1. 0. 0. 0. 0.]
 [1. 0. 0. 1. 0. 1. 0. 0. 0. 0.]
 [1. 0. 0. 1. 0. 1. 0. 0. 0. 0.]
 [1. 0. 0. 1. 0. 1. 0. 0. 0. 0.]
 [1. 0. 0. 1. 0. 1. 0. 0. 0. 0.]
 [1. 0. 0. 1. 0. 1. 0. 0. 0. 0.]
 [1. 0. 0. 1. 0. 1. 0. 0. 0. 0.]
 [1. 0. 0. 1. 0. 1. 0. 0. 0. 0.]
 [1. 0. 0. 1. 0. 1. 0. 0. 0. 0.]
 [1. 0. 0. 1. 0. 1. 0. 0. 0. 0.]
 [1. 0. 0. 1. 0. 1. 0. 0. 0. 0.]
 [1. 0. 0. 1. 0. 1. 0. 0. 0. 0.]
 [1. 0. 0. 1. 0. 1. 0. 0. 0. 0.]
 [1. 0. 0. 1. 0. 1. 0. 0. 0. 0.]
 [1. 0. 0. 1. 0. 1. 0. 0. 0. 0.]
 [1. 0. 0. 1. 0. 1. 0. 0. 0. 0.]]","spar cap, pressure side, boolean of materials in each composite layer spanwise, passed as floats for differentiablity, used for Fatigue Analysis"
rotorse.re.te_ss_mats,output,,"[[0. 0. 0. 0. 0. 0. 0. 0. 0. 0.]
 [0. 0. 0. 0. 0. 0. 0. 0. 0. 0.]
 [1. 0. 1. 0. 0. 1. 0. 0. 0. 0.]
 [1. 0. 1. 0. 0. 1. 0. 0. 0. 0.]
 [1. 0. 1. 0. 0. 1. 0. 0. 0. 0.]
 [1. 0. 1. 0. 0. 1. 0. 0. 0. 0.]
 [1. 0. 1. 0. 0. 1. 0. 0. 0. 0.]
 [1. 0. 1. 0. 0. 1. 0. 0. 0. 0.]
 [1. 0. 1. 0. 0. 1. 0. 0. 0. 0.]
 [1. 0. 1. 0. 0. 1. 0. 0. 0. 0.]
 [1. 0. 1. 0. 0. 1. 0. 0. 0. 0.]
 [1. 0. 1. 0. 0. 1. 0. 0. 0. 0.]
 [1. 0. 1. 0. 0. 1. 0. 0. 0. 0.]
 [1. 0. 1. 0. 0. 1. 0. 0. 0. 0.]
 [1. 0. 1. 0. 0. 1. 0. 0. 0. 0.]
 [1. 0. 1. 0. 0. 1. 0. 0. 0. 0.]
 [1. 0. 1. 0. 0. 1. 0. 0. 0. 0.]
 [1. 0. 1. 0. 0. 1. 0. 0. 0. 0.]
 [1. 0. 1. 0. 0. 1. 0. 0. 0. 0.]
 [1. 0. 1. 0. 0. 1. 0. 0. 0. 0.]
 [1. 0. 1. 0. 0. 1. 0. 0. 0. 0.]
 [1. 0. 1. 0. 0. 1. 0. 0. 0. 0.]
 [1. 0. 1. 0. 0. 1. 0. 0. 0. 0.]
 [1. 0. 1. 0. 0. 1. 0. 0. 0. 0.]
 [1. 0. 1. 0. 0. 1. 0. 0. 0. 0.]
 [1. 0. 1. 0. 0. 1. 0. 0. 0. 0.]
 [1. 0. 1. 0. 0. 1. 0. 0. 0. 0.]
 [1. 0. 1. 0. 0. 1. 0. 0. 0. 0.]
 [1. 0. 1. 0. 0. 1. 0. 0. 0. 0.]
 [0. 0. 0. 0. 0. 0. 0. 0. 0. 0.]]","trailing edge reinforcement, suction side,  boolean of materials in each composite layer spanwise, passed as floats for differentiablity, used for Fatigue Analysis"
rotorse.re.te_ps_mats,output,,"[[0. 0. 0. 0. 0. 0. 0. 0. 0. 0.]
 [0. 0. 0. 0. 0. 0. 0. 0. 0. 0.]
 [1. 0. 1. 0. 0. 1. 0. 0. 0. 0.]
 [1. 0. 1. 0. 0. 1. 0. 0. 0. 0.]
 [1. 0. 1. 0. 0. 1. 0. 0. 0. 0.]
 [1. 0. 1. 0. 0. 1. 0. 0. 0. 0.]
 [1. 0. 1. 0. 0. 1. 0. 0. 0. 0.]
 [1. 0. 1. 0. 0. 1. 0. 0. 0. 0.]
 [1. 0. 1. 0. 0. 1. 0. 0. 0. 0.]
 [1. 0. 1. 0. 0. 1. 0. 0. 0. 0.]
 [1. 0. 1. 0. 0. 1. 0. 0. 0. 0.]
 [1. 0. 1. 0. 0. 1. 0. 0. 0. 0.]
 [1. 0. 1. 0. 0. 1. 0. 0. 0. 0.]
 [1. 0. 1. 0. 0. 1. 0. 0. 0. 0.]
 [1. 0. 1. 0. 0. 1. 0. 0. 0. 0.]
 [1. 0. 1. 0. 0. 1. 0. 0. 0. 0.]
 [1. 0. 1. 0. 0. 1. 0. 0. 0. 0.]
 [1. 0. 1. 0. 0. 1. 0. 0. 0. 0.]
 [1. 0. 1. 0. 0. 1. 0. 0. 0. 0.]
 [1. 0. 1. 0. 0. 1. 0. 0. 0. 0.]
 [1. 0. 1. 0. 0. 1. 0. 0. 0. 0.]
 [1. 0. 1. 0. 0. 1. 0. 0. 0. 0.]
 [1. 0. 1. 0. 0. 1. 0. 0. 0. 0.]
 [1. 0. 1. 0. 0. 1. 0. 0. 0. 0.]
 [1. 0. 1. 0. 0. 1. 0. 0. 0. 0.]
 [1. 0. 1. 0. 0. 1. 0. 0. 0. 0.]
 [1. 0. 1. 0. 0. 1. 0. 0. 0. 0.]
 [1. 0. 1. 0. 0. 1. 0. 0. 0. 0.]
 [1. 0. 1. 0. 0. 1. 0. 0. 0. 0.]
 [0. 0. 0. 0. 0. 0. 0. 0. 0. 0.]]","trailing edge reinforcement, pressure side, boolean of materials in each composite layer spanwise, passed as floats for differentiablity, used for Fatigue Analysis"
rotorse.wt_class.V_mean,output,m/s,[7.5],
rotorse.wt_class.V_extreme1,output,m/s,[30.],
rotorse.wt_class.V_extreme50,output,m/s,[52.5],
towerse.constr_d_to_t,output,,"[ 96.91496253 108.45985024 122.38290531 137.89480143 156.31602724
 180.282286   212.42626375 255.07753082 302.31821512 316.59090065]",
towerse.constr_taper,output,,"[1.         1.         1.         1.         1.         1.
 1.         1.         0.98179869 0.93880853]",
towerse.slope,output,,"[1.         1.         1.         1.         1.         1.
 1.         1.         0.98179869 0.93880853]",
towerse.thickness_slope,output,,"[0.89355612 0.88623366 0.8875092  0.88215395 0.8670626  0.84868172
 0.83279097 0.83605997 0.91719931]",
towerse.member.ca_usr_grid_full,output,,"[0. 0. 0. 0. 0. 0. 0. 0. 0. 0. 0. 0. 0. 0. 0. 0. 0. 0. 0. 0. 0. 0. 0. 0.
 0. 0. 0. 0. 0. 0. 0.]",
towerse.member.cd_usr_grid_full,output,,"[0. 0. 0. 0. 0. 0. 0. 0. 0. 0. 0. 0. 0. 0. 0. 0. 0. 0. 0. 0. 0. 0. 0. 0.
 0. 0. 0. 0. 0. 0. 0.]",
towerse.member.nu_full,output,,"[0.26103405 0.26103405 0.26103405 0.26103405 0.26103405 0.26103405
 0.26103405 0.26103405 0.26103405 0.26103405 0.26103405 0.26103405
 0.26103405 0.26103405 0.26103405 0.26103405 0.26103405 0.26103405
 0.26103405 0.26103405 0.26103405 0.26103405 0.26103405 0.26103405
 0.26103405 0.26103405 0.26103405 0.26103405 0.26103405 0.26103405]",
towerse.member.nodes_r,output,m,"[3.         3.         3.         3.         3.         3.
 3.         3.         3.         3.         3.         3.
 3.         3.         3.         3.         3.         3.
 3.         3.         3.         3.         3.         3.
 3.         2.98179869 2.96359738 2.94539607 2.88531836 2.82524066
 2.76516296]",
towerse.member.center_of_buoyancy,output,m,[0. 0. 0.],
towerse.member.displacement,output,m**3,[0.],
towerse.member.buoyancy_force,output,N,[0.],
towerse.member.idx_cb,output,,[0.],
towerse.member.Awater,output,m**2,[0.],
towerse.member.Iwaterx,output,m**4,[0.],
towerse.member.Iwatery,output,m**4,[0.],
towerse.member.added_mass,output,kg,[0. 0. 0. 0. 0. 0.],
towerse.member.waterline_centroid,output,m,[0. 0.],
towerse.member.z_dim,output,m,"[  0.           4.56666667   9.13333333  13.7         18.26666667
  22.83333333  27.4         31.96666667  36.53333333  41.1
  45.66666667  50.23333333  54.8         59.36666667  63.93333333
  68.5         73.06666667  77.63333333  82.2         86.76666667
  91.33333333  95.9        100.46666667 105.03333333 109.6
 114.16666667 118.73333333 123.3        127.86666667 132.43333333
 137.        ]",
towerse.member.d_eff,output,m,"[6.         6.         6.         6.         6.         6.
 6.         6.         6.         6.         6.         6.
 6.         6.         6.         6.         6.         6.
 6.         6.         6.         6.         6.         6.
 6.         5.96359738 5.92719475 5.89079213 5.77063673 5.65048132
 5.53032592]",
towerse.tower_section_height,output,m,[13.7 13.7 13.7 13.7 13.7 13.7 13.7 13.7 13.7 13.7],
towerse.member.sigma_ult,output,Pa,"[4.5e+08 4.5e+08 4.5e+08 4.5e+08 4.5e+08 4.5e+08 4.5e+08 4.5e+08 4.5e+08
 4.5e+08]",
towerse.member.wohler_exp,output,,[3. 3. 3. 3. 3. 3. 3. 3. 3. 3.],
towerse.member.wohler_A,output,,"[3.55346484e+10 3.55346484e+10 3.55346484e+10 3.55346484e+10
 3.55346484e+10 3.55346484e+10 3.55346484e+10 3.55346484e+10
 3.55346484e+10 3.55346484e+10]",
towerse.member.ballast_density,output,kg/m**3,[],
towerse.member.ballast_unit_cost,output,USD/kg,[],
towerse.z_param,output,m,[  0.   13.7  27.4  41.1  54.8  68.5  82.2  95.9 109.6 123.3 137. ],
towerse.member.sec_loc,output,,"[0.         0.11111111 0.22222222 0.33333333 0.44444444 0.55555556
 0.66666667 0.77777778 0.88888889 1.        ]",normalized sectional location
towerse.member.str_tw,output,deg,[0. 0. 0. 0. 0. 0. 0. 0. 0. 0.],structural twist of section
towerse.member.tw_iner,output,deg,[0. 0. 0. 0. 0. 0. 0. 0. 0. 0.],inertial twist of section
towerse.member.mass_den,output,kg/m,"[9639.07703025 8622.61477518 7649.74157786 6795.5079111  5999.84470102
 5206.69361172 4422.55525651 3685.97686814 3055.5302826  2692.2359476 ]",sectional mass per unit length
towerse.member.foreaft_iner,output,kg*m,"[42489.95080603 38092.8587395  33865.87425039 30139.47858934
 26656.0659907  23171.6359823  19715.00747676 16457.35200697
 13411.73964167 10905.28025034]",sectional fore-aft intertia per unit length about the Y_G inertia axis
towerse.member.sideside_iner,output,kg*m,"[42489.95080603 38092.8587395  33865.87425039 30139.47858934
 26656.0659907  23171.6359823  19715.00747676 16457.35200697
 13411.73964167 10905.28025034]",sectional side-side intertia per unit length about the Y_G inertia axis
towerse.member.foreaft_stff,output,N*m**2,"[1.01821114e+12 9.12841091e+11 8.11547430e+11 7.22249667e+11
 6.38774646e+11 5.55275245e+11 4.72442067e+11 3.94376995e+11
 3.21393234e+11 2.61329505e+11]",sectional fore-aft bending stiffness per unit length about the Y_E elastic axis
towerse.member.sideside_stff,output,N*m**2,"[1.01821114e+12 9.12841091e+11 8.11547430e+11 7.22249667e+11
 6.38774646e+11 5.55275245e+11 4.72442067e+11 3.94376995e+11
 3.21393234e+11 2.61329505e+11]",sectional side-side bending stiffness per unit length about the Y_E elastic axis
towerse.member.tor_stff,output,N*m**2,"[8.07441433e+11 7.23882985e+11 6.43557112e+11 5.72743986e+11
 5.06548295e+11 4.40333269e+11 3.74646560e+11 3.12740957e+11
 2.54864834e+11 2.07234298e+11]",sectional torsional stiffness
towerse.member.axial_stff,output,N,"[2.30986749e+11 2.06628679e+11 1.83315159e+11 1.62844666e+11
 1.43777731e+11 1.24770995e+11 1.05980236e+11 8.83291845e+10
 7.32214302e+10 6.45155990e+10]",sectional axial stiffness
towerse.member.cg_offst,output,m,[0. 0. 0. 0. 0. 0. 0. 0. 0. 0.],offset from the sectional center of mass
towerse.member.sc_offst,output,m,[0. 0. 0. 0. 0. 0. 0. 0. 0. 0.],offset from the sectional shear center
towerse.member.tc_offst,output,m,[0. 0. 0. 0. 0. 0. 0. 0. 0. 0.],offset from the sectional tension center
towerse.member.axial_load2stress,output,m**2,"[[0.         0.         0.86585053 0.58926875 0.58926875 0.        ]
 [0.         0.         0.96791985 0.65728855 0.65728855 0.        ]
 [0.         0.         1.09101725 0.73932832 0.73932832 0.        ]
 [0.         0.         1.22816427 0.83073766 0.83073766 0.        ]
 [0.         0.         1.391036   0.93929839 0.93929839 0.        ]
 [0.         0.         1.60293665 1.0805452  1.0805452  0.        ]
 [0.         0.         1.88714431 1.26999698 1.26999698 0.        ]
 [0.         0.         2.26425729 1.52138692 1.52138692 0.        ]
 [0.         0.         2.73144077 1.84988215 1.84988215 0.        ]
 [0.         0.         3.10002547 2.1851949  2.1851949  0.        ]]",
towerse.member.shear_load2stress,output,m**2,"[[1.41927333 1.41927333 0.         0.         0.         0.29463437]
 [1.5874111  1.5874111  0.         0.         0.         0.32864428]
 [1.79017882 1.79017882 0.         0.         0.         0.36966416]
 [2.01608074 2.01608074 0.         0.         0.         0.41536883]
 [2.28434708 2.28434708 0.         0.         0.         0.4696492 ]
 [2.63336006 2.63336006 0.         0.         0.         0.5402726 ]
 [3.10145671 3.10145671 0.         0.         0.         0.63499849]
 [3.72255939 3.72255939 0.         0.         0.         0.76069346]
 [4.4918757  4.4918757  0.         0.         0.         0.92494108]
 [5.09835809 5.09835809 0.         0.         0.         1.09259745]]",
towerse.member.labor_hours,output,h,[1087.52950759],
towerse.tower_cost,output,USD,[2148240.64007646],
towerse.member.section_D,output,m,"[6.         6.         6.         6.         6.         6.
 6.         6.         6.         6.         6.         6.
 6.         6.         6.         6.         6.         6.
 6.         6.         6.         6.         6.         6.
 5.98179869 5.94539607 5.90899344 5.83071443 5.71055903 5.59040362]",
towerse.member.section_t,output,m,"[0.06624364 0.06624364 0.06624364 0.05919241 0.05919241 0.05919241
 0.05245831 0.05245831 0.05245831 0.04655723 0.04655723 0.04655723
 0.04107064 0.04107064 0.04107064 0.03561082 0.03561082 0.03561082
 0.03022225 0.03022225 0.03022225 0.02516882 0.02516882 0.02516882
 0.02104264 0.02104264 0.02104264 0.0193003  0.0193003  0.0193003 ]",
towerse.member.section_sigma_y,output,Pa,"[3.45e+08 3.45e+08 3.45e+08 3.45e+08 3.45e+08 3.45e+08 3.45e+08 3.45e+08
 3.45e+08 3.45e+08 3.45e+08 3.45e+08 3.45e+08 3.45e+08 3.45e+08 3.45e+08
 3.45e+08 3.45e+08 3.45e+08 3.45e+08 3.45e+08 3.45e+08 3.45e+08 3.45e+08
 3.45e+08 3.45e+08 3.45e+08 3.45e+08 3.45e+08 3.45e+08]",
towerse.height_constraint,output,m,[3.],
towerse.transition_piece_height,output,m,[0.],
towerse.z_start,output,m,[0.],
af_3d.cl_corrected,output,,"[[[[ 0.00000000e+00]
   [ 0.00000000e+00]
   [ 0.00000000e+00]
   [ 0.00000000e+00]
   [ 0.00000000e+00]]

  [[ 0.00000000e+00]
   [ 0.00000000e+00]
   [ 0.00000000e+00]
   [ 0.00000000e+00]
   [ 0.00000000e+00]]

  [[ 0.00000000e+00]
   [ 0.00000000e+00]
   [ 0.00000000e+00]
   [ 0.00000000e+00]
   [ 0.00000000e+00]]

  ...

  [[ 0.00000000e+00]
   [ 0.00000000e+00]
   [ 0.00000000e+00]
   [ 0.00000000e+00]
   [ 0.00000000e+00]]

  [[ 0.00000000e+00]
   [ 0.00000000e+00]
   [ 0.00000000e+00]
   [ 0.00000000e+00]
   [ 0.00000000e+00]]

  [[ 0.00000000e+00]
   [ 0.00000000e+00]
   [ 0.00000000e+00]
   [ 0.00000000e+00]
   [ 0.00000000e+00]]]


 [[[ 0.00000000e+00]
   [ 0.00000000e+00]
   [ 0.00000000e+00]
   [ 0.00000000e+00]
   [ 0.00000000e+00]]

  [[ 2.26137991e-03]
   [ 1.94775724e-03]
   [ 1.92094234e-03]
   [ 1.93109733e-03]
   [ 1.89340473e-03]]

  [[ 4.52275988e-03]
   [ 3.89551453e-03]
   [ 3.84188473e-03]
   [ 3.86219472e-03]
   [ 3.78680952e-03]]

  ...

  [[-4.52275988e-03]
   [-3.89551453e-03]
   [-3.84188473e-03]
   [-3.86219472e-03]
   [-3.78680952e-03]]

  [[-2.26137991e-03]
   [-1.94775724e-03]
   [-1.92094234e-03]
   [-1.93109733e-03]
   [-1.89340473e-03]]

  [[-7.53598903e-19]
   [-7.53598903e-19]
   [-7.53598903e-19]
   [-7.53598903e-19]
   [-7.53598903e-19]]]


 [[[ 0.00000000e+00]
   [ 0.00000000e+00]
   [ 0.00000000e+00]
   [ 0.00000000e+00]
   [ 0.00000000e+00]]

  [[ 2.24911443e-02]
   [ 2.00611592e-02]
   [ 1.98552462e-02]
   [ 1.99331949e-02]
   [ 1.96440645e-02]]

  [[ 4.49822890e-02]
   [ 4.01223189e-02]
   [ 3.97104929e-02]
   [ 3.98663903e-02]
   [ 3.92881293e-02]]

  ...

  [[-4.49822890e-02]
   [-4.01223189e-02]
   [-3.97104929e-02]
   [-3.98663903e-02]
   [-3.92881293e-02]]

  [[-2.24911443e-02]
   [-2.00611592e-02]
   [-1.98552462e-02]
   [-1.99331949e-02]
   [-1.96440645e-02]]

  [[-6.25425624e-18]
   [-6.25425624e-18]
   [-6.25425624e-18]
   [-6.25425624e-18]
   [-6.25425624e-18]]]


 ...


 [[[ 0.00000000e+00]
   [ 0.00000000e+00]
   [ 0.00000000e+00]
   [ 0.00000000e+00]
   [ 0.00000000e+00]]

  [[ 1.81891218e-01]
   [ 1.86009734e-01]
   [ 1.87437603e-01]
   [ 1.94392998e-01]
   [ 1.98011589e-01]]

  [[ 3.63782435e-01]
   [ 3.72019469e-01]
   [ 3.74875206e-01]
   [ 3.88785996e-01]
   [ 3.96023178e-01]]

  ...

  [[-3.63782435e-01]
   [-3.72019469e-01]
   [-3.74875206e-01]
   [-3.88785996e-01]
   [-3.96023178e-01]]

  [[-1.81891218e-01]
   [-1.86009734e-01]
   [-1.87437603e-01]
   [-1.94392998e-01]
   [-1.98011589e-01]]

  [[ 1.38777878e-17]
   [ 0.00000000e+00]
   [ 6.93889390e-18]
   [ 1.38777878e-17]
   [ 0.00000000e+00]]]


 [[[ 0.00000000e+00]
   [ 0.00000000e+00]
   [ 0.00000000e+00]
   [ 0.00000000e+00]
   [ 0.00000000e+00]]

  [[ 1.91313607e-01]
   [ 1.96662846e-01]
   [ 1.98266810e-01]
   [ 2.04863588e-01]
   [ 2.08470811e-01]]

  [[ 3.82627215e-01]
   [ 3.93325692e-01]
   [ 3.96533620e-01]
   [ 4.09727176e-01]
   [ 4.16941622e-01]]

  ...

  [[-3.82627215e-01]
   [-3.93325692e-01]
   [-3.96533620e-01]
   [-4.09727176e-01]
   [-4.16941622e-01]]

  [[-1.91313607e-01]
   [-1.96662846e-01]
   [-1.98266810e-01]
   [-2.04863588e-01]
   [-2.08470811e-01]]

  [[ 1.38777878e-17]
   [-1.38777878e-17]
   [ 0.00000000e+00]
   [ 1.38777878e-17]
   [ 0.00000000e+00]]]


 [[[ 0.00000000e+00]
   [ 0.00000000e+00]
   [ 0.00000000e+00]
   [ 0.00000000e+00]
   [ 0.00000000e+00]]

  [[ 2.02449660e-01]
   [ 2.09583515e-01]
   [ 2.11419915e-01]
   [ 2.17381080e-01]
   [ 2.21043270e-01]]

  [[ 4.04899320e-01]
   [ 4.19167029e-01]
   [ 4.22839830e-01]
   [ 4.34762160e-01]
   [ 4.42086540e-01]]

  ...

  [[-4.04899320e-01]
   [-4.19167029e-01]
   [-4.22839830e-01]
   [-4.34762160e-01]
   [-4.42086540e-01]]

  [[-2.02449660e-01]
   [-2.09583515e-01]
   [-2.11419915e-01]
   [-2.17381080e-01]
   [-2.21043270e-01]]

  [[-2.77555756e-17]
   [-1.38777878e-17]
   [ 1.38777878e-17]
   [ 0.00000000e+00]
   [-4.16333634e-17]]]]",Lift coefficient corrected with CCBlade.Polar.
af_3d.cd_corrected,output,,"[[[[0.5       ]
   [0.5       ]
   [0.5       ]
   [0.5       ]
   [0.5       ]]

  [[0.5       ]
   [0.5       ]
   [0.5       ]
   [0.5       ]
   [0.5       ]]

  [[0.5       ]
   [0.5       ]
   [0.5       ]
   [0.5       ]
   [0.5       ]]

  ...

  [[0.5       ]
   [0.5       ]
   [0.5       ]
   [0.5       ]
   [0.5       ]]

  [[0.5       ]
   [0.5       ]
   [0.5       ]
   [0.5       ]
   [0.5       ]]

  [[0.5       ]
   [0.5       ]
   [0.5       ]
   [0.5       ]
   [0.5       ]]]


 [[[0.48317224]
   [0.48317224]
   [0.48317224]
   [0.48317224]
   [0.48317224]]

  [[0.48317224]
   [0.48317224]
   [0.48317224]
   [0.48317224]
   [0.48317224]]

  [[0.48317224]
   [0.48317224]
   [0.48317224]
   [0.48317224]
   [0.48317224]]

  ...

  [[0.48317224]
   [0.48317224]
   [0.48317224]
   [0.48317224]
   [0.48317224]]

  [[0.48317224]
   [0.48317224]
   [0.48317224]
   [0.48317224]
   [0.48317224]]

  [[0.48317224]
   [0.48317224]
   [0.48317224]
   [0.48317224]
   [0.48317224]]]


 [[[0.34328947]
   [0.34328947]
   [0.34328947]
   [0.34328947]
   [0.34328947]]

  [[0.34328947]
   [0.34328947]
   [0.34328947]
   [0.34328947]
   [0.34328947]]

  [[0.34328947]
   [0.34328947]
   [0.34328947]
   [0.34328947]
   [0.34328947]]

  ...

  [[0.34328947]
   [0.34328947]
   [0.34328947]
   [0.34328947]
   [0.34328947]]

  [[0.34328947]
   [0.34328947]
   [0.34328947]
   [0.34328947]
   [0.34328947]]

  [[0.34328947]
   [0.34328947]
   [0.34328947]
   [0.34328947]
   [0.34328947]]]


 ...


 [[[0.001     ]
   [0.001     ]
   [0.001     ]
   [0.001     ]
   [0.001     ]]

  [[0.001     ]
   [0.001     ]
   [0.001     ]
   [0.001     ]
   [0.001     ]]

  [[0.001     ]
   [0.001     ]
   [0.001     ]
   [0.001     ]
   [0.001     ]]

  ...

  [[0.001     ]
   [0.001     ]
   [0.001     ]
   [0.001     ]
   [0.001     ]]

  [[0.001     ]
   [0.001     ]
   [0.001     ]
   [0.001     ]
   [0.001     ]]

  [[0.001     ]
   [0.001     ]
   [0.001     ]
   [0.001     ]
   [0.001     ]]]


 [[[0.001     ]
   [0.001     ]
   [0.001     ]
   [0.001     ]
   [0.001     ]]

  [[0.001     ]
   [0.001     ]
   [0.001     ]
   [0.001     ]
   [0.001     ]]

  [[0.001     ]
   [0.001     ]
   [0.001     ]
   [0.001     ]
   [0.001     ]]

  ...

  [[0.001     ]
   [0.001     ]
   [0.001     ]
   [0.001     ]
   [0.001     ]]

  [[0.001     ]
   [0.001     ]
   [0.001     ]
   [0.001     ]
   [0.001     ]]

  [[0.001     ]
   [0.001     ]
   [0.001     ]
   [0.001     ]
   [0.001     ]]]


 [[[0.001     ]
   [0.001     ]
   [0.001     ]
   [0.001     ]
   [0.001     ]]

  [[0.001     ]
   [0.001     ]
   [0.001     ]
   [0.001     ]
   [0.001     ]]

  [[0.001     ]
   [0.001     ]
   [0.001     ]
   [0.001     ]
   [0.001     ]]

  ...

  [[0.001     ]
   [0.001     ]
   [0.001     ]
   [0.001     ]
   [0.001     ]]

  [[0.001     ]
   [0.001     ]
   [0.001     ]
   [0.001     ]
   [0.001     ]]

  [[0.001     ]
   [0.001     ]
   [0.001     ]
   [0.001     ]
   [0.001     ]]]]",Drag coefficient corrected with CCBlade.Polar.
af_3d.cm_corrected,output,,"[[[[ 0.00000000e+00]
   [ 0.00000000e+00]
   [ 0.00000000e+00]
   [ 0.00000000e+00]
   [ 0.00000000e+00]]

  [[ 0.00000000e+00]
   [ 0.00000000e+00]
   [ 0.00000000e+00]
   [ 0.00000000e+00]
   [ 0.00000000e+00]]

  [[ 0.00000000e+00]
   [ 0.00000000e+00]
   [ 0.00000000e+00]
   [ 0.00000000e+00]
   [ 0.00000000e+00]]

  ...

  [[ 0.00000000e+00]
   [ 0.00000000e+00]
   [ 0.00000000e+00]
   [ 0.00000000e+00]
   [ 0.00000000e+00]]

  [[ 0.00000000e+00]
   [ 0.00000000e+00]
   [ 0.00000000e+00]
   [ 0.00000000e+00]
   [ 0.00000000e+00]]

  [[ 0.00000000e+00]
   [ 0.00000000e+00]
   [ 0.00000000e+00]
   [ 0.00000000e+00]
   [ 0.00000000e+00]]]


 [[[ 0.00000000e+00]
   [ 0.00000000e+00]
   [ 0.00000000e+00]
   [ 0.00000000e+00]
   [ 0.00000000e+00]]

  [[ 6.01446903e-03]
   [ 6.01446903e-03]
   [ 6.01446903e-03]
   [ 6.01446903e-03]
   [ 6.01446903e-03]]

  [[ 1.03917777e-02]
   [ 1.03917777e-02]
   [ 1.03917777e-02]
   [ 1.03917777e-02]
   [ 1.03917777e-02]]

  ...

  [[-1.50454748e-02]
   [-1.50454748e-02]
   [-1.50454748e-02]
   [-1.50454748e-02]
   [-1.50454748e-02]]

  [[-8.95340984e-03]
   [-8.95340984e-03]
   [-8.95340984e-03]
   [-8.95340984e-03]
   [-8.95340984e-03]]

  [[ 0.00000000e+00]
   [ 0.00000000e+00]
   [ 0.00000000e+00]
   [ 0.00000000e+00]
   [ 0.00000000e+00]]]


 [[[ 0.00000000e+00]
   [ 0.00000000e+00]
   [ 0.00000000e+00]
   [ 0.00000000e+00]
   [ 0.00000000e+00]]

  [[ 5.29945751e-02]
   [ 5.29945751e-02]
   [ 5.29945751e-02]
   [ 5.29945751e-02]
   [ 5.29945751e-02]]

  [[ 9.32521557e-02]
   [ 9.32521557e-02]
   [ 9.32521557e-02]
   [ 9.32521557e-02]
   [ 9.32521557e-02]]

  ...

  [[-1.32558809e-01]
   [-1.32558809e-01]
   [-1.32558809e-01]
   [-1.32558809e-01]
   [-1.32558809e-01]]

  [[-7.74099366e-02]
   [-7.74099366e-02]
   [-7.74099366e-02]
   [-7.74099366e-02]
   [-7.74099366e-02]]

  [[ 0.00000000e+00]
   [ 0.00000000e+00]
   [ 0.00000000e+00]
   [ 0.00000000e+00]
   [ 0.00000000e+00]]]


 ...


 [[[ 0.00000000e+00]
   [ 0.00000000e+00]
   [ 0.00000000e+00]
   [ 0.00000000e+00]
   [ 0.00000000e+00]]

  [[ 1.20000000e-01]
   [ 1.20000000e-01]
   [ 1.20000000e-01]
   [ 1.20000000e-01]
   [ 1.20000000e-01]]

  [[ 2.40000000e-01]
   [ 2.40000000e-01]
   [ 2.40000000e-01]
   [ 2.40000000e-01]
   [ 2.40000000e-01]]

  ...

  [[-3.00000000e-01]
   [-3.00000000e-01]
   [-3.00000000e-01]
   [-3.00000000e-01]
   [-3.00000000e-01]]

  [[-1.50000000e-01]
   [-1.50000000e-01]
   [-1.50000000e-01]
   [-1.50000000e-01]
   [-1.50000000e-01]]

  [[-1.38777878e-17]
   [-1.38777878e-17]
   [-1.38777878e-17]
   [-1.38777878e-17]
   [-1.38777878e-17]]]


 [[[ 0.00000000e+00]
   [ 0.00000000e+00]
   [ 0.00000000e+00]
   [ 0.00000000e+00]
   [ 0.00000000e+00]]

  [[ 1.20000000e-01]
   [ 1.20000000e-01]
   [ 1.20000000e-01]
   [ 1.20000000e-01]
   [ 1.20000000e-01]]

  [[ 2.40000000e-01]
   [ 2.40000000e-01]
   [ 2.40000000e-01]
   [ 2.40000000e-01]
   [ 2.40000000e-01]]

  ...

  [[-3.00000000e-01]
   [-3.00000000e-01]
   [-3.00000000e-01]
   [-3.00000000e-01]
   [-3.00000000e-01]]

  [[-1.50000000e-01]
   [-1.50000000e-01]
   [-1.50000000e-01]
   [-1.50000000e-01]
   [-1.50000000e-01]]

  [[-1.38777878e-17]
   [-1.38777878e-17]
   [-1.38777878e-17]
   [-1.38777878e-17]
   [-1.38777878e-17]]]


 [[[ 0.00000000e+00]
   [ 0.00000000e+00]
   [ 0.00000000e+00]
   [ 0.00000000e+00]
   [ 0.00000000e+00]]

  [[ 1.20000000e-01]
   [ 1.20000000e-01]
   [ 1.20000000e-01]
   [ 1.20000000e-01]
   [ 1.20000000e-01]]

  [[ 2.40000000e-01]
   [ 2.40000000e-01]
   [ 2.40000000e-01]
   [ 2.40000000e-01]
   [ 2.40000000e-01]]

  ...

  [[-3.00000000e-01]
   [-3.00000000e-01]
   [-3.00000000e-01]
   [-3.00000000e-01]
   [-3.00000000e-01]]

  [[-1.50000000e-01]
   [-1.50000000e-01]
   [-1.50000000e-01]
   [-1.50000000e-01]
   [-1.50000000e-01]]

  [[-1.38777878e-17]
   [-1.38777878e-17]
   [-1.38777878e-17]
   [-1.38777878e-17]
   [-1.38777878e-17]]]]",Moment coefficient corrected with CCblade.Polar.
airfoils.ac,output,,[0.5   0.316 0.316 0.282 0.266 0.265 0.228],1D array of the aerodynamic centers of each airfoil.
airfoils.r_thick,output,,[1.    0.5   0.36  0.301 0.241 0.211 0.18 ],1D array of the relative thicknesses of each airfoil.
airfoils.aoa,output,rad,"[-3.14159265 -3.08923278 -3.0368729  -2.98451302 -2.93215314 -2.87979327
 -2.82743339 -2.77507351 -2.72271363 -2.67035376 -2.61799388 -2.565634
 -2.51327412 -2.46091425 -2.40855437 -2.35619449 -2.30383461 -2.25147474
 -2.19911486 -2.14675498 -2.0943951  -2.04203522 -1.98967535 -1.93731547
 -1.88495559 -1.83259571 -1.78023584 -1.72787596 -1.67551608 -1.6231562
 -1.57079633 -1.51843645 -1.46607657 -1.41371669 -1.36135682 -1.30899694
 -1.25663706 -1.20427718 -1.15191731 -1.09955743 -1.04719755 -0.99483767
 -0.9424778  -0.89011792 -0.83775804 -0.78539816 -0.73303829 -0.68067841
 -0.62831853 -0.57595865 -0.52359878 -0.51302102 -0.50244327 -0.49186552
 -0.48128776 -0.47071001 -0.46013226 -0.4495545  -0.43897675 -0.428399
 -0.41782125 -0.40724349 -0.39666574 -0.38608799 -0.37551023 -0.36493248
 -0.35435473 -0.34377697 -0.33319922 -0.32262147 -0.31204371 -0.30146596
 -0.29088821 -0.28031046 -0.2697327  -0.25915495 -0.2485772  -0.23799944
 -0.22742169 -0.21684394 -0.20626618 -0.19568843 -0.18511068 -0.17453293
 -0.16395517 -0.15337742 -0.14279967 -0.13222191 -0.12164416 -0.11106641
 -0.10048865 -0.0899109  -0.07933315 -0.06875539 -0.05817764 -0.04759989
 -0.03702214 -0.02644438 -0.01586663 -0.00528888  0.00528888  0.01586663
  0.02644438  0.03702214  0.04759989  0.05817764  0.06875539  0.07933315
  0.0899109   0.10048865  0.11106641  0.12164416  0.13222191  0.14279967
  0.15337742  0.16395517  0.17453293  0.18511068  0.19568843  0.20626618
  0.21684394  0.22742169  0.23799944  0.2485772   0.25915495  0.2697327
  0.28031046  0.29088821  0.30146596  0.31204371  0.32262147  0.33319922
  0.34377697  0.35435473  0.36493248  0.37551023  0.38608799  0.39666574
  0.40724349  0.41782125  0.428399    0.43897675  0.4495545   0.46013226
  0.47071001  0.48128776  0.49186552  0.50244327  0.51302102  0.52359878
  0.57595865  0.62831853  0.68067841  0.73303829  0.78539816  0.83775804
  0.89011792  0.9424778   0.99483767  1.04719755  1.09955743  1.15191731
  1.20427718  1.25663706  1.30899694  1.36135682  1.41371669  1.46607657
  1.51843645  1.57079633  1.6231562   1.67551608  1.72787596  1.78023584
  1.83259571  1.88495559  1.93731547  1.98967535  2.04203522  2.0943951
  2.14675498  2.19911486  2.25147474  2.30383461  2.35619449  2.40855437
  2.46091425  2.51327412  2.565634    2.61799388  2.67035376  2.72271363
  2.77507351  2.82743339  2.87979327  2.93215314  2.98451302  3.0368729
  3.08923278  3.14159265]",1D array of the angles of attack used to define the polars of the airfoils. All airfoils defined in openmdao share this grid.
airfoils.Re,output,,[ 3000000.  5280000.  6000000.  9000000. 12000000.],1D array of the Reynolds numbers used to define the polars of the airfoils. All airfoils defined in openmdao share this grid.
airfoils.cl,output,,"[[[[ 0.00000000e+00]
   [ 0.00000000e+00]
   [ 0.00000000e+00]
   [ 0.00000000e+00]
   [ 0.00000000e+00]]

  [[ 0.00000000e+00]
   [ 0.00000000e+00]
   [ 0.00000000e+00]
   [ 0.00000000e+00]
   [ 0.00000000e+00]]

  [[ 0.00000000e+00]
   [ 0.00000000e+00]
   [ 0.00000000e+00]
   [ 0.00000000e+00]
   [ 0.00000000e+00]]

  ...

  [[ 0.00000000e+00]
   [ 0.00000000e+00]
   [ 0.00000000e+00]
   [ 0.00000000e+00]
   [ 0.00000000e+00]]

  [[ 0.00000000e+00]
   [ 0.00000000e+00]
   [ 0.00000000e+00]
   [ 0.00000000e+00]
   [ 0.00000000e+00]]

  [[ 0.00000000e+00]
   [ 0.00000000e+00]
   [ 0.00000000e+00]
   [ 0.00000000e+00]
   [ 0.00000000e+00]]]


 [[[ 0.00000000e+00]
   [ 0.00000000e+00]
   [ 0.00000000e+00]
   [ 0.00000000e+00]
   [ 0.00000000e+00]]

  [[ 1.22100448e-01]
   [ 1.22100448e-01]
   [ 1.22100448e-01]
   [ 1.22100448e-01]
   [ 1.22100448e-01]]

  [[ 2.44200897e-01]
   [ 2.44200897e-01]
   [ 2.44200897e-01]
   [ 2.44200897e-01]
   [ 2.44200897e-01]]

  ...

  [[-2.44200897e-01]
   [-2.44200897e-01]
   [-2.44200897e-01]
   [-2.44200897e-01]
   [-2.44200897e-01]]

  [[-1.22100448e-01]
   [-1.22100448e-01]
   [-1.22100448e-01]
   [-1.22100448e-01]
   [-1.22100448e-01]]

  [[-1.34424078e-17]
   [-1.34424078e-17]
   [-1.34424078e-17]
   [-1.34424078e-17]
   [-1.34424078e-17]]]


 [[[ 0.00000000e+00]
   [ 0.00000000e+00]
   [ 0.00000000e+00]
   [ 0.00000000e+00]
   [ 0.00000000e+00]]

  [[ 1.57528665e-01]
   [ 1.63580197e-01]
   [ 1.64098095e-01]
   [ 1.63901955e-01]
   [ 1.64630025e-01]]

  [[ 3.15057330e-01]
   [ 3.27160395e-01]
   [ 3.28196190e-01]
   [ 3.27803910e-01]
   [ 3.29260050e-01]]

  ...

  [[-3.15057330e-01]
   [-3.27160395e-01]
   [-3.28196190e-01]
   [-3.27803910e-01]
   [-3.29260050e-01]]

  [[-1.57528665e-01]
   [-1.63580197e-01]
   [-1.64098095e-01]
   [-1.63901955e-01]
   [-1.64630025e-01]]

  [[ 0.00000000e+00]
   [ 2.64361049e-18]
   [ 2.80518940e-18]
   [ 0.00000000e+00]
   [ 1.10725984e-17]]]


 ...


 [[[ 0.00000000e+00]
   [ 0.00000000e+00]
   [ 0.00000000e+00]
   [ 0.00000000e+00]
   [ 0.00000000e+00]]

  [[ 1.81712160e-01]
   [ 1.89787656e-01]
   [ 1.91505405e-01]
   [ 1.95913725e-01]
   [ 2.00357430e-01]]

  [[ 3.63424320e-01]
   [ 3.79575312e-01]
   [ 3.83010810e-01]
   [ 3.91827450e-01]
   [ 4.00714860e-01]]

  ...

  [[-3.63424320e-01]
   [-3.79575312e-01]
   [-3.83010810e-01]
   [-3.91827450e-01]
   [-4.00714860e-01]]

  [[-1.81712160e-01]
   [-1.89787656e-01]
   [-1.91505405e-01]
   [-1.95913725e-01]
   [-2.00357430e-01]]

  [[-1.10725984e-17]
   [-8.80138702e-19]
   [ 0.00000000e+00]
   [ 0.00000000e+00]
   [ 0.00000000e+00]]]


 [[[ 0.00000000e+00]
   [ 0.00000000e+00]
   [ 0.00000000e+00]
   [ 0.00000000e+00]
   [ 0.00000000e+00]]

  [[ 1.74256425e-01]
   [ 1.77577080e-01]
   [ 1.78876950e-01]
   [ 1.85995005e-01]
   [ 1.89664125e-01]]

  [[ 3.48512850e-01]
   [ 3.55154161e-01]
   [ 3.57753900e-01]
   [ 3.71990010e-01]
   [ 3.79328250e-01]]

  ...

  [[-3.48512850e-01]
   [-3.55154161e-01]
   [-3.57753900e-01]
   [-3.71990010e-01]
   [-3.79328250e-01]]

  [[-1.74256425e-01]
   [-1.77577080e-01]
   [-1.78876950e-01]
   [-1.85995005e-01]
   [-1.89664125e-01]]

  [[ 0.00000000e+00]
   [ 0.00000000e+00]
   [ 0.00000000e+00]
   [ 1.10725984e-17]
   [ 0.00000000e+00]]]


 [[[ 0.00000000e+00]
   [ 0.00000000e+00]
   [ 0.00000000e+00]
   [ 0.00000000e+00]
   [ 0.00000000e+00]]

  [[ 2.02449660e-01]
   [ 2.09583515e-01]
   [ 2.11419915e-01]
   [ 2.17381080e-01]
   [ 2.21043270e-01]]

  [[ 4.04899320e-01]
   [ 4.19167029e-01]
   [ 4.22839830e-01]
   [ 4.34762160e-01]
   [ 4.42086540e-01]]

  ...

  [[-4.04899320e-01]
   [-4.19167029e-01]
   [-4.22839830e-01]
   [-4.34762160e-01]
   [-4.42086540e-01]]

  [[-2.02449660e-01]
   [-2.09583515e-01]
   [-2.11419915e-01]
   [-2.17381080e-01]
   [-2.21043270e-01]]

  [[-2.80518940e-18]
   [-1.05413865e-18]
   [ 0.00000000e+00]
   [ 1.38777878e-17]
   [-1.38777878e-17]]]]","4D array with the lift coefficients of the airfoils. Dimension 0 is along the different airfoils defined in the yaml, dimension 1 is along the angles of attack, dimension 2 is along the Reynolds number, dimension 3 is along the number of tabs, which may describe multiple sets at the same station, for example in presence of a flap."
airfoils.cd,output,,"[[[[0.5  ]
   [0.5  ]
   [0.5  ]
   [0.5  ]
   [0.5  ]]

  [[0.5  ]
   [0.5  ]
   [0.5  ]
   [0.5  ]
   [0.5  ]]

  [[0.5  ]
   [0.5  ]
   [0.5  ]
   [0.5  ]
   [0.5  ]]

  ...

  [[0.5  ]
   [0.5  ]
   [0.5  ]
   [0.5  ]
   [0.5  ]]

  [[0.5  ]
   [0.5  ]
   [0.5  ]
   [0.5  ]
   [0.5  ]]

  [[0.5  ]
   [0.5  ]
   [0.5  ]
   [0.5  ]
   [0.5  ]]]


 [[[0.001]
   [0.001]
   [0.001]
   [0.001]
   [0.001]]

  [[0.001]
   [0.001]
   [0.001]
   [0.001]
   [0.001]]

  [[0.001]
   [0.001]
   [0.001]
   [0.001]
   [0.001]]

  ...

  [[0.001]
   [0.001]
   [0.001]
   [0.001]
   [0.001]]

  [[0.001]
   [0.001]
   [0.001]
   [0.001]
   [0.001]]

  [[0.001]
   [0.001]
   [0.001]
   [0.001]
   [0.001]]]


 [[[0.001]
   [0.001]
   [0.001]
   [0.001]
   [0.001]]

  [[0.001]
   [0.001]
   [0.001]
   [0.001]
   [0.001]]

  [[0.001]
   [0.001]
   [0.001]
   [0.001]
   [0.001]]

  ...

  [[0.001]
   [0.001]
   [0.001]
   [0.001]
   [0.001]]

  [[0.001]
   [0.001]
   [0.001]
   [0.001]
   [0.001]]

  [[0.001]
   [0.001]
   [0.001]
   [0.001]
   [0.001]]]


 ...


 [[[0.001]
   [0.001]
   [0.001]
   [0.001]
   [0.001]]

  [[0.001]
   [0.001]
   [0.001]
   [0.001]
   [0.001]]

  [[0.001]
   [0.001]
   [0.001]
   [0.001]
   [0.001]]

  ...

  [[0.001]
   [0.001]
   [0.001]
   [0.001]
   [0.001]]

  [[0.001]
   [0.001]
   [0.001]
   [0.001]
   [0.001]]

  [[0.001]
   [0.001]
   [0.001]
   [0.001]
   [0.001]]]


 [[[0.001]
   [0.001]
   [0.001]
   [0.001]
   [0.001]]

  [[0.001]
   [0.001]
   [0.001]
   [0.001]
   [0.001]]

  [[0.001]
   [0.001]
   [0.001]
   [0.001]
   [0.001]]

  ...

  [[0.001]
   [0.001]
   [0.001]
   [0.001]
   [0.001]]

  [[0.001]
   [0.001]
   [0.001]
   [0.001]
   [0.001]]

  [[0.001]
   [0.001]
   [0.001]
   [0.001]
   [0.001]]]


 [[[0.001]
   [0.001]
   [0.001]
   [0.001]
   [0.001]]

  [[0.001]
   [0.001]
   [0.001]
   [0.001]
   [0.001]]

  [[0.001]
   [0.001]
   [0.001]
   [0.001]
   [0.001]]

  ...

  [[0.001]
   [0.001]
   [0.001]
   [0.001]
   [0.001]]

  [[0.001]
   [0.001]
   [0.001]
   [0.001]
   [0.001]]

  [[0.001]
   [0.001]
   [0.001]
   [0.001]
   [0.001]]]]","4D array with the drag coefficients of the airfoils. Dimension 0 is along the different airfoils defined in the yaml, dimension 1 is along the angles of attack, dimension 2 is along the Reynolds number, dimension 3 is along the number of tabs, which may describe multiple sets at the same station, for example in presence of a flap."
airfoils.cm,output,,"[[[[ 0.00000000e+00]
   [ 0.00000000e+00]
   [ 0.00000000e+00]
   [ 0.00000000e+00]
   [ 0.00000000e+00]]

  [[ 0.00000000e+00]
   [ 0.00000000e+00]
   [ 0.00000000e+00]
   [ 0.00000000e+00]
   [ 0.00000000e+00]]

  [[ 0.00000000e+00]
   [ 0.00000000e+00]
   [ 0.00000000e+00]
   [ 0.00000000e+00]
   [ 0.00000000e+00]]

  ...

  [[ 0.00000000e+00]
   [ 0.00000000e+00]
   [ 0.00000000e+00]
   [ 0.00000000e+00]
   [ 0.00000000e+00]]

  [[ 0.00000000e+00]
   [ 0.00000000e+00]
   [ 0.00000000e+00]
   [ 0.00000000e+00]
   [ 0.00000000e+00]]

  [[ 0.00000000e+00]
   [ 0.00000000e+00]
   [ 0.00000000e+00]
   [ 0.00000000e+00]
   [ 0.00000000e+00]]]


 [[[ 0.00000000e+00]
   [ 0.00000000e+00]
   [ 0.00000000e+00]
   [ 0.00000000e+00]
   [ 0.00000000e+00]]

  [[ 1.43186712e-01]
   [ 1.43186712e-01]
   [ 1.43186712e-01]
   [ 1.43186712e-01]
   [ 1.43186712e-01]]

  [[ 2.67081814e-01]
   [ 2.67081814e-01]
   [ 2.67081814e-01]
   [ 2.67081814e-01]
   [ 2.67081814e-01]]

  ...

  [[-3.58076394e-01]
   [-3.58076394e-01]
   [-3.58076394e-01]
   [-3.58076394e-01]
   [-3.58076394e-01]]

  [[-1.95896639e-01]
   [-1.95896639e-01]
   [-1.95896639e-01]
   [-1.95896639e-01]
   [-1.95896639e-01]]

  [[ 0.00000000e+00]
   [ 0.00000000e+00]
   [ 0.00000000e+00]
   [ 0.00000000e+00]
   [ 0.00000000e+00]]]


 [[[ 0.00000000e+00]
   [ 0.00000000e+00]
   [ 0.00000000e+00]
   [ 0.00000000e+00]
   [ 0.00000000e+00]]

  [[ 1.20000000e-01]
   [ 1.20000000e-01]
   [ 1.20000000e-01]
   [ 1.20000000e-01]
   [ 1.20000000e-01]]

  [[ 2.40000000e-01]
   [ 2.40000000e-01]
   [ 2.40000000e-01]
   [ 2.40000000e-01]
   [ 2.40000000e-01]]

  ...

  [[-3.00000000e-01]
   [-3.00000000e-01]
   [-3.00000000e-01]
   [-3.00000000e-01]
   [-3.00000000e-01]]

  [[-1.50000000e-01]
   [-1.50000000e-01]
   [-1.50000000e-01]
   [-1.50000000e-01]
   [-1.50000000e-01]]

  [[-1.92606959e-18]
   [-1.92606959e-18]
   [-1.92606959e-18]
   [-1.92606959e-18]
   [-1.92606959e-18]]]


 ...


 [[[ 0.00000000e+00]
   [ 0.00000000e+00]
   [ 0.00000000e+00]
   [ 0.00000000e+00]
   [ 0.00000000e+00]]

  [[ 1.20000000e-01]
   [ 1.20000000e-01]
   [ 1.20000000e-01]
   [ 1.20000000e-01]
   [ 1.20000000e-01]]

  [[ 2.40000000e-01]
   [ 2.40000000e-01]
   [ 2.40000000e-01]
   [ 2.40000000e-01]
   [ 2.40000000e-01]]

  ...

  [[-3.00000000e-01]
   [-3.00000000e-01]
   [-3.00000000e-01]
   [-3.00000000e-01]
   [-3.00000000e-01]]

  [[-1.50000000e-01]
   [-1.50000000e-01]
   [-1.50000000e-01]
   [-1.50000000e-01]
   [-1.50000000e-01]]

  [[-1.92606959e-18]
   [-1.92606959e-18]
   [-1.92606959e-18]
   [-1.92606959e-18]
   [-1.92606959e-18]]]


 [[[ 0.00000000e+00]
   [ 0.00000000e+00]
   [ 0.00000000e+00]
   [ 0.00000000e+00]
   [ 0.00000000e+00]]

  [[ 1.20000000e-01]
   [ 1.20000000e-01]
   [ 1.20000000e-01]
   [ 1.20000000e-01]
   [ 1.20000000e-01]]

  [[ 2.40000000e-01]
   [ 2.40000000e-01]
   [ 2.40000000e-01]
   [ 2.40000000e-01]
   [ 2.40000000e-01]]

  ...

  [[-3.00000000e-01]
   [-3.00000000e-01]
   [-3.00000000e-01]
   [-3.00000000e-01]
   [-3.00000000e-01]]

  [[-1.50000000e-01]
   [-1.50000000e-01]
   [-1.50000000e-01]
   [-1.50000000e-01]
   [-1.50000000e-01]]

  [[-1.92606959e-18]
   [-1.92606959e-18]
   [-1.92606959e-18]
   [-1.92606959e-18]
   [-1.92606959e-18]]]


 [[[ 0.00000000e+00]
   [ 0.00000000e+00]
   [ 0.00000000e+00]
   [ 0.00000000e+00]
   [ 0.00000000e+00]]

  [[ 1.20000000e-01]
   [ 1.20000000e-01]
   [ 1.20000000e-01]
   [ 1.20000000e-01]
   [ 1.20000000e-01]]

  [[ 2.40000000e-01]
   [ 2.40000000e-01]
   [ 2.40000000e-01]
   [ 2.40000000e-01]
   [ 2.40000000e-01]]

  ...

  [[-3.00000000e-01]
   [-3.00000000e-01]
   [-3.00000000e-01]
   [-3.00000000e-01]
   [-3.00000000e-01]]

  [[-1.50000000e-01]
   [-1.50000000e-01]
   [-1.50000000e-01]
   [-1.50000000e-01]
   [-1.50000000e-01]]

  [[-1.92606959e-18]
   [-1.92606959e-18]
   [-1.92606959e-18]
   [-1.92606959e-18]
   [-1.92606959e-18]]]]","4D array with the moment coefficients of the airfoils. Dimension 0 is along the different airfoils defined in the yaml, dimension 1 is along the angles of attack, dimension 2 is along the Reynolds number, dimension 3 is along the number of tabs, which may describe multiple sets at the same station, for example in presence of a flap."
airfoils.coord_xy,output,,"[[[ 1.00000000e+00  0.00000000e+00]
  [ 9.99429684e-01 -2.22597407e-02]
  [ 9.98063018e-01 -4.44580349e-02]
  ...
  [ 9.98120489e-01  4.38394581e-02]
  [ 9.99443038e-01  2.19496514e-02]
  [ 1.00000000e+00 -3.99929253e-18]]

 [[ 1.00000000e+00 -9.70000080e-03]
  [ 9.72814821e-01 -1.34271661e-02]
  [ 9.46027311e-01 -1.93111175e-02]
  ...
  [ 9.53709610e-01  3.92185257e-02]
  [ 9.77051006e-01  2.52011977e-02]
  [ 1.00000000e+00  1.05000009e-02]]

 [[ 1.00000000e+00 -7.00000069e-04]
  [ 9.74085396e-01 -2.58383565e-03]
  [ 9.48123482e-01 -3.51119300e-03]
  ...
  [ 9.50802168e-01  2.72787770e-02]
  [ 9.75412980e-01  2.01917140e-02]
  [ 1.00000000e+00  1.29800013e-02]]

 ...

 [[ 1.00000000e+00  4.25000005e-03]
  [ 9.82343459e-01 -7.44795812e-04]
  [ 9.57832160e-01  2.09748789e-03]
  ...
  [ 9.52346202e-01  1.38691659e-02]
  [ 9.76159823e-01  9.05592971e-03]
  [ 1.00000000e+00  4.25000005e-03]]

 [[ 1.00000000e+00  9.40000193e-04]
  [ 9.76796386e-01  1.78959118e-03]
  [ 9.52789587e-01  3.69235436e-03]
  ...
  [ 9.52386679e-01  9.04801677e-03]
  [ 9.76167957e-01  4.91788955e-03]
  [ 1.00000000e+00  9.40000193e-04]]

 [[ 1.00000001e+00  0.00000000e+00]
  [ 9.76685172e-01  3.75162959e-03]
  [ 9.53182649e-01  5.77797312e-03]
  ...
  [ 9.52998468e-01  1.22858505e-02]
  [ 9.76506126e-01  6.21827841e-03]
  [ 1.00000001e+00  2.13114815e-20]]]",3D array of the x and y airfoil coordinates of the n_af airfoils.
airfoils.name,output,n/a,"['circular', 'SNL-FFA-W3-500', 'FFA-W3-360', 'FFA-W3-301', 'FFA-W3-241', 'FFA-W3-211', 'NACA63-618']",1D array of names of airfoils.
blade.compute_coord_xy_dim.coord_xy_dim,output,m,"[[[ 2.25000000e+00 -2.35261029e-15]
  [ 2.24743358e+00 -1.00168833e-01]
  [ 2.24128358e+00 -2.00061157e-01]
  ...
  [ 2.24154220e+00  1.97277562e-01]
  [ 2.24749367e+00  9.87734313e-02]
  [ 2.25000000e+00 -2.36822281e-15]]

 [[ 2.26653457e+00 -2.09482223e-03]
  [ 2.25961150e+00 -1.00159004e-01]
  [ 2.24937634e+00 -2.00314609e-01]
  ...
  [ 2.25197722e+00  1.98357067e-01]
  [ 2.26100026e+00  1.00320925e-01]
  [ 2.26653457e+00  1.37247743e-03]]

 [[ 2.34255457e+00 -1.76779614e-02]
  [ 2.29952894e+00 -9.75623303e-02]
  [ 2.25527561e+00 -1.94934552e-01]
  ...
  [ 2.27648519e+00  2.03707596e-01]
  [ 2.31141025e+00  1.10801383e-01]
  [ 2.34255457e+00  1.29991549e-02]]

 ...

 [[ 6.08030135e-01  3.20341427e-04]
  [ 5.83104348e-01  2.98144592e-03]
  [ 5.57537191e-01  4.95165937e-03]
  ...
  [ 5.57261644e-01  1.03229772e-02]
  [ 5.82624676e-01  5.29360597e-03]
  [ 6.08030135e-01  3.20341427e-04]]

 [[ 4.30939302e-01  5.99225592e-05]
  [ 4.12569959e-01  2.32451130e-03]
  [ 3.93859380e-01  3.91777916e-03]
  ...
  [ 3.93720270e-01  8.41838022e-03]
  [ 4.12324095e-01  4.24309009e-03]
  [ 4.30939302e-01  5.99225592e-05]]

 [[ 2.50000000e-01  8.81384494e-07]
  [ 2.38342582e-01  1.57346376e-03]
  [ 2.26591320e-01  2.61423076e-03]
  ...
  [ 2.26499230e-01  6.11683918e-03]
  [ 2.38253059e-01  3.08567359e-03]
  [ 2.50000000e-01  8.81384494e-07]]]",3D array of the dimensional x and y airfoil coordinates of the airfoils interpolated along span for n_span stations. The origin is placed at the pitch axis.
blade.compute_coord_xy_dim.coord_xy_dim_twisted,output,m,"[[[ 2.11428212  0.76961752]
  [ 2.14613347  0.67461293]
  [ 2.17452283  0.5786424 ]
  ...
  [ 2.03885525  0.95210248]
  [ 2.07814129  0.86157574]
  [ 2.11428212  0.76961752]]

 [[ 2.15810399  0.69265467]
  [ 2.18156885  0.59718785]
  [ 2.20252197  0.49871516]
  ...
  [ 2.08281259  0.87899866]
  [ 2.12144758  0.7884457 ]
  [ 2.15704133  0.69595511]]

 [[ 2.25927864  0.61930156]
  [ 2.23956996  0.5307336 ]
  [ 2.22343001  0.42500182]
  ...
  [ 2.13555782  0.81441662]
  [ 2.19440611  0.73449038]
  [ 2.25094573  0.64882525]]

 ...

 [[ 0.6072673  -0.03044962]
  [ 0.58250811 -0.02653055]
  [ 0.55707342 -0.02326902]
  ...
  [ 0.55707004 -0.01789064]
  [ 0.58214606 -0.02419708]
  [ 0.6072673  -0.03044962]]

 [[ 0.43000853 -0.02830805]
  [ 0.41182811 -0.02483916]
  [ 0.39326299 -0.02201767]
  ...
  [ 0.39342045 -0.01751767]
  [ 0.41170907 -0.02290856]
  [ 0.43000853 -0.02830805]]

 [[ 0.24916697 -0.02039168]
  [ 0.23767668 -0.01787344]
  [ 0.22604947 -0.01587758]
  ...
  [ 0.2262434  -0.01237914]
  [ 0.2377108  -0.01635896]
  [ 0.24916697 -0.02039168]]]",3D array of the dimensional x and y airfoil coordinates of the airfoils interpolated along span for n_span stations. The origin is placed at the pitch axis.
blade.compute_coord_xy_dim.wetted_area,output,m**2,[150.19370211],The wetted (painted) surface area of the blade
blade.compute_coord_xy_dim.projected_area,output,m**2,[151.0922911],The projected surface area of the blade
blade.compute_reynolds.Re,output,,"[ 7651196.00447834  7813132.86973493  8174692.26018     8727214.6807532
  9189191.56212061  9665893.71724684 10202526.2760865  10790151.28479297
 11420900.50550146 12088025.20007996 12785832.76100282 13367363.45930089
 13925164.15543122 14165958.59729226 14330398.4869631  14222504.04610143
 14033005.97347633 13782383.05466408 13443816.36004606 13011694.78113213
 12316472.17224656 11882617.94927213 11194696.79043032 10411497.71843628
  9517667.80610745  8489452.30142846  7325739.57018197  6024734.270383
  4580551.39541647  2998212.05865607]",
blade.fatigue.sparU_sigma_ult,output,Pa,[1.2852e+09],
blade.fatigue.sparU_wohlerA,output,Pa,[1.2852e+09],
blade.fatigue.sparU_wohlerexp,output,,[16.1],
blade.fatigue.sparL_sigma_ult,output,Pa,[1.2852e+09],
blade.fatigue.sparL_wohlerA,output,Pa,[1.2852e+09],
blade.fatigue.sparL_wohlerexp,output,,[16.1],
blade.fatigue.teU_sigma_ult,output,Pa,[6.4023e+08],
blade.fatigue.teU_wohlerA,output,Pa,[6.4023e+08],
blade.fatigue.teU_wohlerexp,output,,[10.],
blade.fatigue.teL_sigma_ult,output,Pa,[6.4023e+08],
blade.fatigue.teL_wohlerA,output,Pa,[6.4023e+08],
blade.fatigue.teL_wohlerexp,output,,[10.],
blade.high_level_blade_props.rotor_diameter,output,m,[205.99253562],Diameter of the rotor used in WISDEM. It is defined as two times the blade length plus the hub diameter.
blade.high_level_blade_props.r_blade,output,m,"[  3.           6.44814717   9.89629433  13.3444415   16.79258866
  20.24073583  23.68888299  27.13703016  30.58517733  34.03332449
  37.48147166  40.92961882  44.37776599  47.82591316  51.27406032
  54.72220749  58.17035465  61.61850182  65.06664898  68.51479615
  72.99738747  75.41109048  78.85923765  82.30738481  85.75553198
  89.20367915  92.65182631  96.09997348  99.54812064 102.99626781]",1D array of the dimensional spanwise grid defined along the rotor (hub radius to blade tip projected on the plane)
blade.high_level_blade_props.rotor_radius,output,m,[102.99626781],"Scalar of the rotor radius, defined ignoring prebend and sweep curvatures, and cone and uptilt angles."
blade.high_level_blade_props.blade_ref_axis,output,m,"[[ 0.00000000e+00  0.00000000e+00  0.00000000e+00]
 [ 1.45896086e-02  0.00000000e+00  3.44814717e+00]
 [ 5.22230768e-02  0.00000000e+00  6.89629433e+00]
 [ 1.08141891e-01  0.00000000e+00  1.03444415e+01]
 [ 1.74250500e-01  0.00000000e+00  1.37925887e+01]
 [ 2.41136773e-01  0.00000000e+00  1.72407358e+01]
 [ 3.00085581e-01  0.00000000e+00  2.06888830e+01]
 [ 3.42651213e-01  0.00000000e+00  2.41370302e+01]
 [ 3.59821072e-01  0.00000000e+00  2.75851773e+01]
 [ 3.47586472e-01  0.00000000e+00  3.10333245e+01]
 [ 3.14508104e-01  0.00000000e+00  3.44814717e+01]
 [ 2.66858145e-01  0.00000000e+00  3.79296188e+01]
 [ 2.10870490e-01  0.00000000e+00  4.13777660e+01]
 [ 1.40477297e-01  0.00000000e+00  4.48259132e+01]
 [ 3.80470534e-02  0.00000000e+00  4.82740603e+01]
 [-9.07529186e-02  0.00000000e+00  5.17222075e+01]
 [-2.35123811e-01  0.00000000e+00  5.51703547e+01]
 [-3.94137332e-01  0.00000000e+00  5.86185018e+01]
 [-5.85777112e-01  0.00000000e+00  6.20666490e+01]
 [-8.05291806e-01  0.00000000e+00  6.55147962e+01]
 [-1.11555530e+00  0.00000000e+00  6.99973875e+01]
 [-1.29121723e+00  0.00000000e+00  7.24110905e+01]
 [-1.56372970e+00  0.00000000e+00  7.58592376e+01]
 [-1.85903588e+00  0.00000000e+00  7.93073848e+01]
 [-2.17067421e+00  0.00000000e+00  8.27555320e+01]
 [-2.49837779e+00  0.00000000e+00  8.62036791e+01]
 [-2.84335536e+00  0.00000000e+00  8.96518263e+01]
 [-3.20952152e+00  0.00000000e+00  9.30999735e+01]
 [-3.59684443e+00  0.00000000e+00  9.65481206e+01]
 [-4.00000000e+00  0.00000000e+00  9.99962678e+01]]","2D array of the coordinates (x,y,z) of the blade reference axis scaled based on rotor diameter, defined along blade span. The coordinate system is the one of BeamDyn: it is placed at blade root with x pointing the suction side of the blade, y pointing the trailing edge and z along the blade span. A standard configuration will have negative x values (prebend), if swept positive y values, and positive z values."
blade.high_level_blade_props.prebend,output,m,"[ 0.          0.01458961  0.05222308  0.10814189  0.1742505   0.24113677
  0.30008558  0.34265121  0.35982107  0.34758647  0.3145081   0.26685814
  0.21087049  0.1404773   0.03804705 -0.09075292 -0.23512381 -0.39413733
 -0.58577711 -0.80529181 -1.1155553  -1.29121723 -1.5637297  -1.85903588
 -2.17067421 -2.49837779 -2.84335536 -3.20952152 -3.59684443 -4.        ]",Blade prebend at each section
blade.high_level_blade_props.prebendTip,output,m,[-4.],Blade prebend at tip
blade.high_level_blade_props.presweep,output,m,"[0. 0. 0. 0. 0. 0. 0. 0. 0. 0. 0. 0. 0. 0. 0. 0. 0. 0. 0. 0. 0. 0. 0. 0.
 0. 0. 0. 0. 0. 0.]",Blade presweep at each section
blade.high_level_blade_props.presweepTip,output,m,[0.],Blade presweep at tip
blade.high_level_blade_props.blade_length,output,m,[100.17549325],"Scalar of the 3D blade length computed along its axis, scaled based on the user defined rotor diameter."
blade.internal_structure_2d_fem.joint_position,output,,[0.7],Spanwise position of the segmentation joint.
blade.internal_structure_2d_fem.joint_mass,output,kg,[472.],Mass of the joint.
blade.internal_structure_2d_fem.joint_nonmaterial_cost,output,USD,[18600.],Cost of the joint.
blade.internal_structure_2d_fem.d_f,output,m,[0.03],Diameter of the fastener
blade.internal_structure_2d_fem.sigma_max,output,Pa,[6.75e+08],Max stress on bolt
blade.internal_structure_2d_fem.joint_bolt,output,n/a,M36,"Type of bolt: M30, M36, or M48"
blade.internal_structure_2d_fem.reinforcement_layer_ss,output,n/a,joint_reinf_ss,"Layer identifier for the reinforcement layer at the join where bolts are inserted, suction side"
blade.internal_structure_2d_fem.reinforcement_layer_ps,output,n/a,joint_reinf_ps,"Layer identifier for the reinforcement layer at the join where bolts are inserted, pressure side"
blade.internal_structure_2d_fem.web_rotation,output,rad,"[[-0.3491     -0.3114934  -0.2750893  -0.24036879 -0.20781296 -0.17790291
  -0.15111974 -0.12794454 -0.10885841 -0.09434244 -0.08467866 -0.0775111
  -0.07174552 -0.06702161 -0.06297906 -0.05925757 -0.05549683 -0.05133651
  -0.04641632 -0.04037594 -0.0304289  -0.02415488 -0.01416615 -0.00305797
   0.00907256  0.0221283   0.03601213  0.05062693  0.06587558  0.08166095]
 [-0.3491     -0.3114934  -0.2750893  -0.24036879 -0.20781296 -0.17790291
  -0.15111974 -0.12794454 -0.10885841 -0.09434244 -0.08467866 -0.0775111
  -0.07174552 -0.06702161 -0.06297906 -0.05925757 -0.05549683 -0.05133651
  -0.04641632 -0.04037594 -0.0304289  -0.02415488 -0.01416615 -0.00305797
   0.00907256  0.0221283   0.03601213  0.05062693  0.06587558  0.08166095]]","2D array of the rotation angle of the shear webs in respect to the chord line. The first dimension represents each shear web, the second dimension represents each entry along blade span. If the rotation is equal to negative twist +- a constant, then the web is built straight."
blade.internal_structure_2d_fem.web_start_nd,output,,"[[0.19443411 0.20023461 0.2034648  0.30301315 0.31493788 0.32707215
  0.33454402 0.34017312 0.344208   0.34620556 0.34732351 0.35134524
  0.35544002 0.36694092 0.37381309 0.38301743 0.3918106  0.39907441
  0.40562439 0.41085998 0.4154427  0.41684124 0.41745388 0.41737886
  0.41698523 0.41540955 0.41172813 0.40481371 0.39152611 0.24523263]
 [0.19443411 0.20023461 0.2034648  0.24546624 0.25456011 0.26361178
  0.26911265 0.27293992 0.27516218 0.27549956 0.2749657  0.27663272
  0.27830614 0.28567273 0.28807906 0.29120514 0.29344287 0.2938854
  0.29316636 0.29067674 0.28457238 0.27990593 0.27146884 0.261506
  0.24994315 0.23522712 0.21550272 0.187438   0.14242594 0.24523263]]","2D array of the non-dimensional start point defined along the outer profile of a web. The TE suction side is 0, the TE pressure side is 1. The first dimension represents each web, the second dimension represents each entry along blade span."
blade.internal_structure_2d_fem.web_end_nd,output,,"[[0.69444351 0.70077865 0.71106075 0.62799171 0.63332404 0.63500624
  0.63684697 0.63894683 0.64055999 0.64203689 0.64311407 0.64073174
  0.63792618 0.62754015 0.6215407  0.61306844 0.60491657 0.59825344
  0.5923317  0.58775303 0.58405032 0.58310783 0.58307151 0.58367186
  0.58444862 0.58623372 0.59005239 0.59707699 0.6105906  0.75672069]
 [0.69444351 0.70077865 0.71106075 0.68518658 0.69298952 0.69786227
  0.70203834 0.70651572 0.71023507 0.71340178 0.71607006 0.71590727
  0.71540243 0.70890262 0.7072315  0.70464535 0.7028554  0.70286602
  0.704101   0.70720805 0.71426763 0.71947024 0.72861466 0.73920479
  0.75117567 0.76596999 0.78545395 0.8129724  0.85731993 0.75672069]]","2D array of the non-dimensional end point defined along the outer profile of a web. The TE suction side is 0, the TE pressure side is 1. The first dimension represents each web, the second dimension represents each entry along blade span."
blade.internal_structure_2d_fem.web_offset_y_pa,output,m,"[[ 0.00000000e+00  0.00000000e+00  0.00000000e+00 -1.15000000e+00
  -1.14866374e+00 -1.14462435e+00 -1.13783587e+00 -1.12825239e+00
  -1.11582796e+00 -1.10051665e+00 -1.08227253e+00 -1.06104965e+00
  -1.03680208e+00 -1.00948389e+00 -9.79049142e-01 -9.45451897e-01
  -9.08646222e-01 -8.68586181e-01 -8.25225838e-01 -7.78519258e-01
  -7.12722539e-01 -6.74883645e-01 -6.17862740e-01 -5.57311856e-01
  -4.93185057e-01 -4.25436408e-01 -3.54019972e-01 -2.78889815e-01
  -2.00000000e-01  4.16333634e-17]
 [ 0.00000000e+00  0.00000000e+00  0.00000000e+00 -4.50000000e-01
  -4.46963200e-01 -4.38185600e-01 -4.24166400e-01 -4.05404800e-01
  -3.82400000e-01 -3.55651200e-01 -3.25657600e-01 -2.92918400e-01
  -2.57932800e-01 -2.21200000e-01 -1.83219200e-01 -1.44489600e-01
  -1.05510400e-01 -6.67808000e-02 -2.88000000e-02  7.93280000e-03
   5.29987456e-02  7.56576000e-02  1.05651200e-01  1.32400000e-01
   1.55404800e-01  1.74166400e-01  1.88185600e-01  1.96963200e-01
   2.00000000e-01  2.77555756e-17]]","2D array of the offset along the y axis to set the position of the shear webs. Positive values move the web towards the trailing edge, negative values towards the leading edge. The first dimension represents each shear web, the second dimension represents each entry along blade span."
blade.internal_structure_2d_fem.layer_rotation,output,rad,"[[ 0.          0.          0.          0.          0.          0.
   0.          0.          0.          0.          0.          0.
   0.          0.          0.          0.          0.          0.
   0.          0.          0.          0.          0.          0.
   0.          0.          0.          0.          0.          0.        ]
 [ 0.          0.          0.          0.          0.          0.
   0.          0.          0.          0.          0.          0.
   0.          0.          0.          0.          0.          0.
   0.          0.          0.          0.          0.          0.
   0.          0.          0.          0.          0.          0.        ]
 [-0.3491     -0.3114934  -0.2750893  -0.24036879 -0.20781296 -0.17790291
  -0.15111974 -0.12794454 -0.10885841 -0.09434244 -0.08467866 -0.0775111
  -0.07174552 -0.06702161 -0.06297906 -0.05925757 -0.05549683 -0.05133651
  -0.04641632 -0.04037594 -0.0304289  -0.02415488 -0.01416615 -0.00305797
   0.00907256  0.0221283   0.03601213  0.05062693  0.06587558  0.08166095]
 [-0.3491     -0.3114934  -0.2750893  -0.24036879 -0.20781296 -0.17790291
  -0.15111974 -0.12794454 -0.10885841 -0.09434244 -0.08467866 -0.0775111
  -0.07174552 -0.06702161 -0.06297906 -0.05925757 -0.05549683 -0.05133651
  -0.04641632 -0.04037594 -0.0304289  -0.02415488 -0.01416615 -0.00305797
   0.00907256  0.0221283   0.03601213  0.05062693  0.06587558  0.08166095]
 [-0.3491     -0.3114934  -0.2750893  -0.24036879 -0.20781296 -0.17790291
  -0.15111974 -0.12794454 -0.10885841 -0.09434244 -0.08467866 -0.0775111
  -0.07174552 -0.06702161 -0.06297906 -0.05925757 -0.05549683 -0.05133651
  -0.04641632 -0.04037594 -0.0304289  -0.02415488 -0.01416615 -0.00305797
   0.00907256  0.0221283   0.03601213  0.05062693  0.06587558  0.08166095]
 [-0.3491     -0.3114934  -0.2750893  -0.24036879 -0.20781296 -0.17790291
  -0.15111974 -0.12794454 -0.10885841 -0.09434244 -0.08467866 -0.0775111
  -0.07174552 -0.06702161 -0.06297906 -0.05925757 -0.05549683 -0.05133651
  -0.04641632 -0.04037594 -0.0304289  -0.02415488 -0.01416615 -0.00305797
   0.00907256  0.0221283   0.03601213  0.05062693  0.06587558  0.08166095]
 [ 0.          0.          0.          0.          0.          0.
   0.          0.          0.          0.          0.          0.
   0.          0.          0.          0.          0.          0.
   0.          0.          0.          0.          0.          0.
   0.          0.          0.          0.          0.          0.        ]
 [ 0.          0.          0.          0.          0.          0.
   0.          0.          0.          0.          0.          0.
   0.          0.          0.          0.          0.          0.
   0.          0.          0.          0.          0.          0.
   0.          0.          0.          0.          0.          0.        ]
 [ 0.          0.          0.          0.          0.          0.
   0.          0.          0.          0.          0.          0.
   0.          0.          0.          0.          0.          0.
   0.          0.          0.          0.          0.          0.
   0.          0.          0.          0.          0.          0.        ]
 [ 0.          0.          0.          0.          0.          0.
   0.          0.          0.          0.          0.          0.
   0.          0.          0.          0.          0.          0.
   0.          0.          0.          0.          0.          0.
   0.          0.          0.          0.          0.          0.        ]
 [ 0.          0.          0.          0.          0.          0.
   0.          0.          0.          0.          0.          0.
   0.          0.          0.          0.          0.          0.
   0.          0.          0.          0.          0.          0.
   0.          0.          0.          0.          0.          0.        ]
 [ 0.          0.          0.          0.          0.          0.
   0.          0.          0.          0.          0.          0.
   0.          0.          0.          0.          0.          0.
   0.          0.          0.          0.          0.          0.
   0.          0.          0.          0.          0.          0.        ]
 [ 0.          0.          0.          0.          0.          0.
   0.          0.          0.          0.          0.          0.
   0.          0.          0.          0.          0.          0.
   0.          0.          0.          0.          0.          0.
   0.          0.          0.          0.          0.          0.        ]
 [ 0.          0.          0.          0.          0.          0.
   0.          0.          0.          0.          0.          0.
   0.          0.          0.          0.          0.          0.
   0.          0.          0.          0.          0.          0.
   0.          0.          0.          0.          0.          0.        ]
 [ 0.          0.          0.          0.          0.          0.
   0.          0.          0.          0.          0.          0.
   0.          0.          0.          0.          0.          0.
   0.          0.          0.          0.          0.          0.
   0.          0.          0.          0.          0.          0.        ]
 [ 0.          0.          0.          0.          0.          0.
   0.          0.          0.          0.          0.          0.
   0.          0.          0.          0.          0.          0.
   0.          0.          0.          0.          0.          0.
   0.          0.          0.          0.          0.          0.        ]
 [ 0.          0.          0.          0.          0.          0.
   0.          0.          0.          0.          0.          0.
   0.          0.          0.          0.          0.          0.
   0.          0.          0.          0.          0.          0.
   0.          0.          0.          0.          0.          0.        ]
 [ 0.          0.          0.          0.          0.          0.
   0.          0.          0.          0.          0.          0.
   0.          0.          0.          0.          0.          0.
   0.          0.          0.          0.          0.          0.
   0.          0.          0.          0.          0.          0.        ]
 [ 0.          0.          0.          0.          0.          0.
   0.          0.          0.          0.          0.          0.
   0.          0.          0.          0.          0.          0.
   0.          0.          0.          0.          0.          0.
   0.          0.          0.          0.          0.          0.        ]
 [ 0.          0.          0.          0.          0.          0.
   0.          0.          0.          0.          0.          0.
   0.          0.          0.          0.          0.          0.
   0.          0.          0.          0.          0.          0.
   0.          0.          0.          0.          0.          0.        ]]","2D array of the rotation angle of a layer in respect to the chord line. The first dimension represents each layer, the second dimension represents each entry along blade span. If the rotation is equal to negative twist +- a constant, then the layer is built straight."
blade.internal_structure_2d_fem.layer_start_nd,output,,"[[0.         0.         0.         0.         0.         0.
  0.         0.         0.         0.         0.         0.
  0.         0.         0.         0.         0.         0.
  0.         0.         0.         0.         0.         0.
  0.         0.         0.         0.         0.         0.        ]
 [0.         0.         0.         0.         0.         0.
  0.         0.         0.         0.         0.         0.
  0.         0.         0.         0.         0.         0.
  0.         0.         0.         0.         0.         0.
  0.         0.         0.         0.         0.         0.        ]
 [0.16613836 0.17180127 0.17356408 0.24199078 0.24806134 0.25465133
  0.25823639 0.26060371 0.26185047 0.26161229 0.26081255 0.26231674
  0.26402735 0.27126114 0.27366032 0.27663823 0.27874511 0.27904085
  0.27805205 0.27506336 0.26774732 0.26203787 0.25142157 0.23806322
  0.22713446 0.21215315 0.19013613 0.15591778 0.10362535 0.08009451]
 [0.66614777 0.67234531 0.68116003 0.62565618 0.63217091 0.63585376
  0.63998753 0.64432499 0.64795853 0.6511168  0.65356262 0.65234045
  0.65045265 0.64095552 0.6356928  0.62793609 0.6202523  0.61369673
  0.60745521 0.6019908  0.59598027 0.59308008 0.58909607 0.58563415
  0.58359802 0.58098947 0.57747154 0.57208904 0.57339689 0.59684729]
 [0.19443411 0.20023461 0.2034648  0.20985913 0.21680988 0.22473252
  0.23047318 0.23511254 0.23881547 0.24131677 0.24339399 0.24777115
  0.25245366 0.2626957  0.26823324 0.27460993 0.28054095 0.28515759
  0.28912313 0.26924735 0.15010405 0.26663442 0.29282122 0.29160038
  0.29036809 0.28828892 0.28470286 0.27880225 0.26841981 0.24523263]
 [0.69444351 0.70077865 0.71106075 0.7210051  0.73181307 0.73805793
  0.74192309 0.74555238 0.74756319 0.74829535 0.74813068 0.74511023
  0.74148716 0.73206081 0.72721102 0.72134089 0.71582778 0.71163356
  0.70815871 0.68336645 0.56175767 0.67867243 0.70736157 0.70936109
  0.71126115 0.71382702 0.71773382 0.72373774 0.73399726 0.75672069]
 [0.48905595 0.48893839 0.48796411 0.48706864 0.48668455 0.48576547
  0.48502104 0.48531088 0.48564258 0.4857924  0.48611936 0.48627169
  0.48627317 0.48579129 0.48506303 0.48383156 0.48238805 0.48077685
  0.47894774 0.47684624 0.47359139 0.47152324 0.46807164 0.4638829
  0.45854522 0.4511866  0.44595877 0.44467843 0.44324233 0.44179699]
 [0.         0.         0.         0.         0.         0.
  0.         0.         0.         0.         0.         0.
  0.         0.         0.         0.         0.         0.
  0.         0.         0.         0.         0.         0.
  0.         0.         0.         0.         0.         0.        ]
 [0.95925412 0.95895293 0.9565692  0.95388656 0.95056337 0.94780072
  0.9455854  0.94397287 0.94256868 0.94189525 0.94165198 0.94093289
  0.94012219 0.93775085 0.9348865  0.93047603 0.92519004 0.92487708
  0.92502404 0.92507998 0.92496879 0.92485823 0.92470421 0.92478851
  0.93005609 0.93027525 0.93045139 0.93065362 0.93081265 0.93112403]
 [0.04074588 0.04104707 0.0434308  0.04611344 0.04943663 0.05219928
  0.0544146  0.05602713 0.05743132 0.05810475 0.05834802 0.05906711
  0.05987781 0.06224915 0.0651135  0.06952397 0.07480996 0.07512292
  0.07497596 0.07492002 0.07503121 0.07514177 0.07529579 0.07521149
  0.06994391 0.06972475 0.06954861 0.06934638 0.06918735 0.06887597]
 [0.22272986 0.22866794 0.23336552 0.30519775 0.31545386 0.32544802
  0.33085575 0.33465856 0.33693023 0.33733731 0.33709694 0.33988989
  0.34299578 0.35339757 0.35941354 0.36772761 0.37587724 0.38290041
  0.38967533 0.39578041 0.40279653 0.40628122 0.41109454 0.41700506
  0.41919031 0.42186213 0.42542975 0.43087324 0.43321427 0.41037074]
 [0.51094271 0.51093158 0.51109232 0.51151394 0.51274861 0.51314609
  0.51310658 0.51395159 0.51467968 0.51507905 0.51562235 0.51627311
  0.5168142  0.51755755 0.51822809 0.51906037 0.51995391 0.52094453
  0.52211804 0.52353357 0.52582167 0.52730935 0.52982516 0.53308866
  0.53739617 0.54310325 0.54601304 0.54471542 0.54334969 0.54177825]
 [0.72273926 0.72921198 0.74096147 0.68886315 0.69956343 0.70665045
  0.71260689 0.71837984 0.72303829 0.72684182 0.72984701 0.72991361
  0.72942107 0.72309195 0.72144602 0.71902547 0.71738444 0.71755629
  0.71907849 0.72270786 0.73102948 0.73732343 0.74876904 0.76133267
  0.77353861 0.78951013 0.81219362 0.84654949 0.89459762 0.91659409]
 [0.         0.         0.         0.         0.         0.
  0.         0.         0.         0.         0.         0.
  0.         0.         0.         0.05       0.05       0.05
  0.05       0.05       0.05       0.05       0.05       0.05
  0.05       0.05       0.04       0.05       0.05       0.05      ]
 [0.         0.         0.         0.         0.         0.
  0.         0.         0.         0.         0.         0.
  0.         0.         0.         0.         0.         0.
  0.         0.         0.         0.         0.         0.
  0.         0.         0.         0.         0.         0.        ]
 [0.         0.         0.         0.         0.         0.
  0.         0.         0.         0.         0.         0.
  0.         0.         0.         0.         0.         0.
  0.         0.         0.         0.         0.         0.
  0.         0.         0.         0.         0.         0.        ]
 [0.         0.         0.         0.         0.         0.
  0.         0.         0.         0.         0.         0.
  0.         0.         0.         0.         0.         0.
  0.         0.         0.         0.         0.         0.
  0.         0.         0.         0.         0.         0.        ]
 [0.         0.         0.         0.         0.         0.
  0.         0.         0.         0.         0.         0.
  0.         0.         0.         0.         0.         0.
  0.         0.         0.         0.         0.         0.
  0.         0.         0.         0.         0.         0.        ]
 [0.         0.         0.         0.         0.         0.
  0.         0.         0.         0.         0.         0.
  0.         0.         0.         0.         0.         0.
  0.         0.         0.         0.         0.         0.
  0.         0.         0.         0.         0.         0.        ]
 [0.         0.         0.         0.         0.         0.
  0.         0.         0.         0.         0.         0.
  0.         0.         0.         0.         0.         0.
  0.         0.         0.         0.         0.         0.
  0.         0.         0.         0.         0.         0.        ]]","2D array of the non-dimensional start point defined along the outer profile of a layer. The TE suction side is 0, the TE pressure side is 1. The first dimension represents each layer, the second dimension represents each entry along blade span."
blade.internal_structure_2d_fem.layer_end_nd,output,,"[[1.         1.         1.         1.         1.         1.
  1.         1.         1.         1.         1.         1.
  1.         1.         1.         1.         1.         1.
  1.         1.         1.         1.         1.         1.
  1.         1.         1.         1.         1.         1.        ]
 [1.         1.         1.         1.         1.         1.
  1.         1.         1.         1.         1.         1.
  1.         1.         1.         1.         1.         1.
  1.         1.         1.         1.         1.         1.
  1.         1.         1.         1.         1.         1.        ]
 [0.22272986 0.22866794 0.23336552 0.30519775 0.31545386 0.32544802
  0.33085575 0.33465856 0.33693023 0.33733731 0.33709694 0.33988989
  0.34299578 0.35339757 0.35941354 0.36772761 0.37587724 0.38290041
  0.38967533 0.39578041 0.40279653 0.40628122 0.41109454 0.41700506
  0.41919031 0.42186213 0.42542975 0.43087324 0.43321427 0.41037074]
 [0.72273926 0.72921198 0.74096147 0.68886315 0.69956343 0.70665045
  0.71260689 0.71837984 0.72303829 0.72684182 0.72984701 0.72991361
  0.72942107 0.72309195 0.72144602 0.71902547 0.71738444 0.71755629
  0.71907849 0.72270786 0.73102948 0.73732343 0.74876904 0.76133267
  0.77353861 0.78951013 0.81219362 0.84654949 0.89459762 0.91659409]
 [0.19443411 0.20023461 0.2034648  0.20985913 0.21680988 0.22473252
  0.23047318 0.23511254 0.23881547 0.24131677 0.24339399 0.24777115
  0.25245366 0.2626957  0.26823324 0.27460993 0.28054095 0.28515759
  0.28912313 0.31451625 0.43708362 0.32072568 0.29282122 0.29160038
  0.29036809 0.28828892 0.28470286 0.27880225 0.26841981 0.24523263]
 [0.69444351 0.70077865 0.71106075 0.7210051  0.73181307 0.73805793
  0.74192309 0.74555238 0.74756319 0.74829535 0.74813068 0.74511023
  0.74148716 0.73206081 0.72721102 0.72134089 0.71582778 0.71163356
  0.70815871 0.72863534 0.84873723 0.73276369 0.70736157 0.70936109
  0.71126115 0.71382702 0.71773382 0.72373774 0.73399726 0.75672069]
 [0.51094271 0.51093158 0.51109232 0.51151394 0.51274861 0.51314609
  0.51310658 0.51395159 0.51467968 0.51507905 0.51562235 0.51627311
  0.5168142  0.51755755 0.51822809 0.51906037 0.51995391 0.52094453
  0.52211804 0.52353357 0.52582167 0.52730935 0.52982516 0.53308866
  0.53739617 0.54310325 0.54601304 0.54471542 0.54334969 0.54177825]
 [0.04074588 0.04104707 0.0434308  0.04611344 0.04943663 0.05219928
  0.0544146  0.05602713 0.05743132 0.05810475 0.05834802 0.05906711
  0.05987781 0.06224915 0.0651135  0.06952397 0.07480996 0.07512292
  0.07497596 0.07492002 0.07503121 0.07514177 0.07529579 0.07521149
  0.06994391 0.06972475 0.06954861 0.06934638 0.06918735 0.06887597]
 [1.         1.         1.         1.         1.         1.
  1.         1.         1.         1.         1.         1.
  1.         1.         1.         1.         1.         1.
  1.         1.         1.         1.         1.         1.
  1.         1.         1.         1.         1.         1.        ]
 [0.16613836 0.17180127 0.17356408 0.24199078 0.24806134 0.25465133
  0.25823639 0.26060371 0.26185047 0.26161229 0.26081255 0.26231674
  0.26402735 0.27126114 0.27366032 0.27663823 0.27874511 0.27904085
  0.27805205 0.27506336 0.26774732 0.26203787 0.25142157 0.23806322
  0.22713446 0.21215315 0.19013613 0.15591778 0.10362535 0.08009451]
 [0.48905595 0.48893839 0.48796411 0.48706864 0.48668455 0.48576547
  0.48502104 0.48531088 0.48564258 0.4857924  0.48611936 0.48627169
  0.48627317 0.48579129 0.48506303 0.48383156 0.48238805 0.48077685
  0.47894774 0.47684624 0.47359139 0.47152324 0.46807164 0.4638829
  0.45854522 0.4511866  0.44595877 0.44467843 0.44324233 0.44179699]
 [0.66614777 0.67234531 0.68116003 0.62565618 0.63217091 0.63585376
  0.63998753 0.64432499 0.64795853 0.6511168  0.65356262 0.65234045
  0.65045265 0.64095552 0.6356928  0.62793609 0.6202523  0.61369673
  0.60745521 0.6019908  0.59598027 0.59308008 0.58909607 0.58563415
  0.58359802 0.58098947 0.57747154 0.57208904 0.57339689 0.59684729]
 [0.95925412 0.95895293 0.9565692  0.95388656 0.95056337 0.94780072
  0.9455854  0.94397287 0.94256868 0.94189525 0.94165198 0.94093289
  0.94012219 0.93775085 0.9348865  0.93047603 0.92519004 0.92487708
  0.92502404 0.92507998 0.92496879 0.92485823 0.92470421 0.92478851
  0.93005609 0.93027525 0.93045139 0.93065362 0.93081265 0.93112403]
 [1.         1.         1.         1.         1.         1.
  1.         1.         1.         1.         1.         1.
  1.         1.         1.         0.95       0.95       0.95
  0.95       0.95       0.95       0.95       0.95       0.95
  0.95       0.95       0.95       0.95       0.95       0.95      ]
 [0.         0.         0.         0.         0.         0.
  0.         0.         0.         0.         0.         0.
  0.         0.         0.         0.         0.         0.
  0.         0.         0.         0.         0.         0.
  0.         0.         0.         0.         0.         0.        ]
 [0.         0.         0.         0.         0.         0.
  0.         0.         0.         0.         0.         0.
  0.         0.         0.         0.         0.         0.
  0.         0.         0.         0.         0.         0.
  0.         0.         0.         0.         0.         0.        ]
 [0.         0.         0.         0.         0.         0.
  0.         0.         0.         0.         0.         0.
  0.         0.         0.         0.         0.         0.
  0.         0.         0.         0.         0.         0.
  0.         0.         0.         0.         0.         0.        ]
 [0.         0.         0.         0.         0.         0.
  0.         0.         0.         0.         0.         0.
  0.         0.         0.         0.         0.         0.
  0.         0.         0.         0.         0.         0.
  0.         0.         0.         0.         0.         0.        ]
 [0.         0.         0.         0.         0.         0.
  0.         0.         0.         0.         0.         0.
  0.         0.         0.         0.         0.         0.
  0.         0.         0.         0.         0.         0.
  0.         0.         0.         0.         0.         0.        ]
 [0.         0.         0.         0.         0.         0.
  0.         0.         0.         0.         0.         0.
  0.         0.         0.         0.         0.         0.
  0.         0.         0.         0.         0.         0.
  0.         0.         0.         0.         0.         0.        ]]","2D array of the non-dimensional end point defined along the outer profile of a layer. The TE suction side is 0, the TE pressure side is 1. The first dimension represents each layer, the second dimension represents each entry along blade span."
blade.internal_structure_2d_fem.layer_offset_y_pa,output,m,"[[ 0.      0.      0.      0.      0.      0.      0.      0.      0.
   0.      0.      0.      0.      0.      0.      0.      0.      0.
   0.      0.      0.      0.      0.      0.      0.      0.      0.
   0.      0.      0.    ]
 [ 0.      0.      0.      0.      0.      0.      0.      0.      0.
   0.      0.      0.      0.      0.      0.      0.      0.      0.
   0.      0.      0.      0.      0.      0.      0.      0.      0.
   0.      0.      0.    ]
 [ 0.      0.      0.     -0.8    -0.768  -0.736  -0.704  -0.672  -0.64
  -0.608  -0.576  -0.544  -0.512  -0.48   -0.448  -0.416  -0.384  -0.352
  -0.32   -0.288  -0.2464 -0.224  -0.192  -0.16   -0.128  -0.096  -0.064
  -0.032   0.      0.    ]
 [ 0.      0.      0.     -0.8    -0.768  -0.736  -0.704  -0.672  -0.64
  -0.608  -0.576  -0.544  -0.512  -0.48   -0.448  -0.416  -0.384  -0.352
  -0.32   -0.288  -0.2464 -0.224  -0.192  -0.16   -0.128  -0.096  -0.064
  -0.032   0.      0.    ]
 [ 0.      0.      0.      0.      0.      0.      0.      0.      0.
   0.      0.      0.      0.      0.      0.      0.      0.      0.
   0.      0.      0.      0.      0.      0.      0.      0.      0.
   0.      0.      0.    ]
 [ 0.      0.      0.      0.      0.      0.      0.      0.      0.
   0.      0.      0.      0.      0.      0.      0.      0.      0.
   0.      0.      0.      0.      0.      0.      0.      0.      0.
   0.      0.      0.    ]
 [ 0.      0.      0.      0.      0.      0.      0.      0.      0.
   0.      0.      0.      0.      0.      0.      0.      0.      0.
   0.      0.      0.      0.      0.      0.      0.      0.      0.
   0.      0.      0.    ]
 [ 0.      0.      0.      0.      0.      0.      0.      0.      0.
   0.      0.      0.      0.      0.      0.      0.      0.      0.
   0.      0.      0.      0.      0.      0.      0.      0.      0.
   0.      0.      0.    ]
 [ 0.      0.      0.      0.      0.      0.      0.      0.      0.
   0.      0.      0.      0.      0.      0.      0.      0.      0.
   0.      0.      0.      0.      0.      0.      0.      0.      0.
   0.      0.      0.    ]
 [ 0.      0.      0.      0.      0.      0.      0.      0.      0.
   0.      0.      0.      0.      0.      0.      0.      0.      0.
   0.      0.      0.      0.      0.      0.      0.      0.      0.
   0.      0.      0.    ]
 [ 0.      0.      0.      0.      0.      0.      0.      0.      0.
   0.      0.      0.      0.      0.      0.      0.      0.      0.
   0.      0.      0.      0.      0.      0.      0.      0.      0.
   0.      0.      0.    ]
 [ 0.      0.      0.      0.      0.      0.      0.      0.      0.
   0.      0.      0.      0.      0.      0.      0.      0.      0.
   0.      0.      0.      0.      0.      0.      0.      0.      0.
   0.      0.      0.    ]
 [ 0.      0.      0.      0.      0.      0.      0.      0.      0.
   0.      0.      0.      0.      0.      0.      0.      0.      0.
   0.      0.      0.      0.      0.      0.      0.      0.      0.
   0.      0.      0.    ]
 [ 0.      0.      0.      0.      0.      0.      0.      0.      0.
   0.      0.      0.      0.      0.      0.      0.      0.      0.
   0.      0.      0.      0.      0.      0.      0.      0.      0.
   0.      0.      0.    ]
 [ 0.      0.      0.      0.      0.      0.      0.      0.      0.
   0.      0.      0.      0.      0.      0.      0.      0.      0.
   0.      0.      0.      0.      0.      0.      0.      0.      0.
   0.      0.      0.    ]
 [ 0.      0.      0.      0.      0.      0.      0.      0.      0.
   0.      0.      0.      0.      0.      0.      0.      0.      0.
   0.      0.      0.      0.      0.      0.      0.      0.      0.
   0.      0.      0.    ]
 [ 0.      0.      0.      0.      0.      0.      0.      0.      0.
   0.      0.      0.      0.      0.      0.      0.      0.      0.
   0.      0.      0.      0.      0.      0.      0.      0.      0.
   0.      0.      0.    ]
 [ 0.      0.      0.      0.      0.      0.      0.      0.      0.
   0.      0.      0.      0.      0.      0.      0.      0.      0.
   0.      0.      0.      0.      0.      0.      0.      0.      0.
   0.      0.      0.    ]
 [ 0.      0.      0.      0.      0.      0.      0.      0.      0.
   0.      0.      0.      0.      0.      0.      0.      0.      0.
   0.      0.      0.      0.      0.      0.      0.      0.      0.
   0.      0.      0.    ]
 [ 0.      0.      0.      0.      0.      0.      0.      0.      0.
   0.      0.      0.      0.      0.      0.      0.      0.      0.
   0.      0.      0.      0.      0.      0.      0.      0.      0.
   0.      0.      0.    ]]","2D array of the offset along the y axis to set the position of a layer. Positive values move the layer towards the trailing edge, negative values towards the leading edge. The first dimension represents each layer, the second dimension represents each entry along blade span."
blade.internal_structure_2d_fem.layer_width,output,m,"[[0.00000000e+00 0.00000000e+00 0.00000000e+00 0.00000000e+00
  0.00000000e+00 0.00000000e+00 0.00000000e+00 0.00000000e+00
  0.00000000e+00 0.00000000e+00 0.00000000e+00 0.00000000e+00
  0.00000000e+00 0.00000000e+00 0.00000000e+00 0.00000000e+00
  0.00000000e+00 0.00000000e+00 0.00000000e+00 0.00000000e+00
  0.00000000e+00 0.00000000e+00 0.00000000e+00 0.00000000e+00
  0.00000000e+00 0.00000000e+00 0.00000000e+00 0.00000000e+00
  0.00000000e+00 0.00000000e+00]
 [0.00000000e+00 0.00000000e+00 0.00000000e+00 0.00000000e+00
  0.00000000e+00 0.00000000e+00 0.00000000e+00 0.00000000e+00
  0.00000000e+00 0.00000000e+00 0.00000000e+00 0.00000000e+00
  0.00000000e+00 0.00000000e+00 0.00000000e+00 0.00000000e+00
  0.00000000e+00 0.00000000e+00 0.00000000e+00 0.00000000e+00
  0.00000000e+00 0.00000000e+00 0.00000000e+00 0.00000000e+00
  0.00000000e+00 0.00000000e+00 0.00000000e+00 0.00000000e+00
  0.00000000e+00 0.00000000e+00]
 [8.00000000e-01 8.00000000e-01 8.00000000e-01 8.00000000e-01
  8.00000000e-01 8.00000000e-01 8.00000000e-01 8.00000000e-01
  8.00000000e-01 8.00000000e-01 8.00000000e-01 8.00000000e-01
  8.00000000e-01 8.00000000e-01 8.00000000e-01 8.00000000e-01
  8.00000000e-01 8.00000000e-01 8.00000000e-01 8.00000000e-01
  8.00000000e-01 8.00000000e-01 8.00000000e-01 8.00000000e-01
  7.53600000e-01 7.05900000e-01 6.58700000e-01 6.11000000e-01
  5.38300000e-01 3.41900000e-01]
 [8.00000000e-01 8.00000000e-01 8.00000000e-01 8.00000000e-01
  8.00000000e-01 8.00000000e-01 8.00000000e-01 8.00000000e-01
  8.00000000e-01 8.00000000e-01 8.00000000e-01 8.00000000e-01
  8.00000000e-01 8.00000000e-01 8.00000000e-01 8.00000000e-01
  8.00000000e-01 8.00000000e-01 8.00000000e-01 8.00000000e-01
  8.00000000e-01 8.00000000e-01 8.00000000e-01 7.85500000e-01
  7.45300000e-01 7.01900000e-01 6.57100000e-01 6.09900000e-01
  5.24600000e-01 3.31000000e-01]
 [0.00000000e+00 0.00000000e+00 0.00000000e+00 0.00000000e+00
  0.00000000e+00 0.00000000e+00 0.00000000e+00 0.00000000e+00
  0.00000000e+00 0.00000000e+00 0.00000000e+00 0.00000000e+00
  0.00000000e+00 0.00000000e+00 0.00000000e+00 0.00000000e+00
  0.00000000e+00 0.00000000e+00 0.00000000e+00 3.00000000e-01
  1.70000000e+00 3.00000000e-01 1.38777878e-17 0.00000000e+00
  0.00000000e+00 0.00000000e+00 0.00000000e+00 0.00000000e+00
  0.00000000e+00 0.00000000e+00]
 [0.00000000e+00 0.00000000e+00 0.00000000e+00 0.00000000e+00
  0.00000000e+00 0.00000000e+00 0.00000000e+00 0.00000000e+00
  0.00000000e+00 0.00000000e+00 0.00000000e+00 0.00000000e+00
  0.00000000e+00 0.00000000e+00 0.00000000e+00 0.00000000e+00
  0.00000000e+00 0.00000000e+00 0.00000000e+00 3.00000000e-01
  1.70000000e+00 3.00000000e-01 1.38777878e-17 0.00000000e+00
  0.00000000e+00 0.00000000e+00 0.00000000e+00 0.00000000e+00
  0.00000000e+00 0.00000000e+00]
 [3.09400000e-01 3.09400000e-01 3.09400000e-01 3.09400000e-01
  3.09400000e-01 3.09400000e-01 3.09400000e-01 3.09400000e-01
  3.09400000e-01 3.09400000e-01 3.09400000e-01 3.09400000e-01
  3.09400000e-01 3.09400000e-01 3.09400000e-01 3.09400000e-01
  3.09400000e-01 3.09400000e-01 3.09400000e-01 3.09400000e-01
  3.09400000e-01 3.09400000e-01 3.09400000e-01 3.09400000e-01
  3.09400000e-01 3.09400000e-01 2.80100000e-01 2.22300000e-01
  1.63500000e-01 1.03500000e-01]
 [5.76000000e-01 5.77450000e-01 5.81000000e-01 5.83650000e-01
  5.86850000e-01 5.89850000e-01 5.99450000e-01 6.05250000e-01
  6.11950000e-01 6.13850000e-01 6.11900000e-01 6.09150000e-01
  6.06600000e-01 6.06300000e-01 6.07450000e-01 6.10600000e-01
  6.16150000e-01 5.78650000e-01 5.37350000e-01 4.96500000e-01
  4.44467378e-01 4.16750000e-01 3.77250000e-01 3.36250000e-01
  2.74450000e-01 2.34700000e-01 1.94700000e-01 1.54100000e-01
  1.13000000e-01 7.13000000e-02]
 [5.76000000e-01 5.77450000e-01 5.81000000e-01 5.83650000e-01
  5.86850000e-01 5.89850000e-01 5.99450000e-01 6.05250000e-01
  6.11950000e-01 6.13850000e-01 6.11900000e-01 6.09150000e-01
  6.06600000e-01 6.06300000e-01 6.07450000e-01 6.10600000e-01
  6.16150000e-01 5.78650000e-01 5.37350000e-01 4.96500000e-01
  4.44467378e-01 4.16750000e-01 3.77250000e-01 3.36250000e-01
  2.74450000e-01 2.34700000e-01 1.94700000e-01 1.54100000e-01
  1.13000000e-01 7.13000000e-02]
 [0.00000000e+00 0.00000000e+00 0.00000000e+00 0.00000000e+00
  0.00000000e+00 0.00000000e+00 0.00000000e+00 0.00000000e+00
  0.00000000e+00 0.00000000e+00 0.00000000e+00 0.00000000e+00
  0.00000000e+00 0.00000000e+00 0.00000000e+00 0.00000000e+00
  0.00000000e+00 0.00000000e+00 0.00000000e+00 0.00000000e+00
  0.00000000e+00 0.00000000e+00 0.00000000e+00 0.00000000e+00
  0.00000000e+00 0.00000000e+00 0.00000000e+00 0.00000000e+00
  0.00000000e+00 0.00000000e+00]
 [0.00000000e+00 0.00000000e+00 0.00000000e+00 0.00000000e+00
  0.00000000e+00 0.00000000e+00 0.00000000e+00 0.00000000e+00
  0.00000000e+00 0.00000000e+00 0.00000000e+00 0.00000000e+00
  0.00000000e+00 0.00000000e+00 0.00000000e+00 0.00000000e+00
  0.00000000e+00 0.00000000e+00 0.00000000e+00 0.00000000e+00
  0.00000000e+00 0.00000000e+00 0.00000000e+00 0.00000000e+00
  0.00000000e+00 0.00000000e+00 0.00000000e+00 0.00000000e+00
  0.00000000e+00 0.00000000e+00]
 [0.00000000e+00 0.00000000e+00 0.00000000e+00 0.00000000e+00
  0.00000000e+00 0.00000000e+00 0.00000000e+00 0.00000000e+00
  0.00000000e+00 0.00000000e+00 0.00000000e+00 0.00000000e+00
  0.00000000e+00 0.00000000e+00 0.00000000e+00 0.00000000e+00
  0.00000000e+00 0.00000000e+00 0.00000000e+00 0.00000000e+00
  0.00000000e+00 0.00000000e+00 0.00000000e+00 0.00000000e+00
  0.00000000e+00 0.00000000e+00 0.00000000e+00 0.00000000e+00
  0.00000000e+00 0.00000000e+00]
 [0.00000000e+00 0.00000000e+00 0.00000000e+00 0.00000000e+00
  0.00000000e+00 0.00000000e+00 0.00000000e+00 0.00000000e+00
  0.00000000e+00 0.00000000e+00 0.00000000e+00 0.00000000e+00
  0.00000000e+00 0.00000000e+00 0.00000000e+00 0.00000000e+00
  0.00000000e+00 0.00000000e+00 0.00000000e+00 0.00000000e+00
  0.00000000e+00 0.00000000e+00 0.00000000e+00 0.00000000e+00
  0.00000000e+00 0.00000000e+00 0.00000000e+00 0.00000000e+00
  0.00000000e+00 0.00000000e+00]
 [0.00000000e+00 0.00000000e+00 0.00000000e+00 0.00000000e+00
  0.00000000e+00 0.00000000e+00 0.00000000e+00 0.00000000e+00
  0.00000000e+00 0.00000000e+00 0.00000000e+00 0.00000000e+00
  0.00000000e+00 0.00000000e+00 0.00000000e+00 0.00000000e+00
  0.00000000e+00 0.00000000e+00 0.00000000e+00 0.00000000e+00
  0.00000000e+00 0.00000000e+00 0.00000000e+00 0.00000000e+00
  0.00000000e+00 0.00000000e+00 0.00000000e+00 0.00000000e+00
  0.00000000e+00 0.00000000e+00]
 [0.00000000e+00 0.00000000e+00 0.00000000e+00 0.00000000e+00
  0.00000000e+00 0.00000000e+00 0.00000000e+00 0.00000000e+00
  0.00000000e+00 0.00000000e+00 0.00000000e+00 0.00000000e+00
  0.00000000e+00 0.00000000e+00 0.00000000e+00 0.00000000e+00
  0.00000000e+00 0.00000000e+00 0.00000000e+00 0.00000000e+00
  0.00000000e+00 0.00000000e+00 0.00000000e+00 0.00000000e+00
  0.00000000e+00 0.00000000e+00 0.00000000e+00 0.00000000e+00
  0.00000000e+00 0.00000000e+00]
 [0.00000000e+00 0.00000000e+00 0.00000000e+00 0.00000000e+00
  0.00000000e+00 0.00000000e+00 0.00000000e+00 0.00000000e+00
  0.00000000e+00 0.00000000e+00 0.00000000e+00 0.00000000e+00
  0.00000000e+00 0.00000000e+00 0.00000000e+00 0.00000000e+00
  0.00000000e+00 0.00000000e+00 0.00000000e+00 0.00000000e+00
  0.00000000e+00 0.00000000e+00 0.00000000e+00 0.00000000e+00
  0.00000000e+00 0.00000000e+00 0.00000000e+00 0.00000000e+00
  0.00000000e+00 0.00000000e+00]
 [0.00000000e+00 0.00000000e+00 0.00000000e+00 0.00000000e+00
  0.00000000e+00 0.00000000e+00 0.00000000e+00 0.00000000e+00
  0.00000000e+00 0.00000000e+00 0.00000000e+00 0.00000000e+00
  0.00000000e+00 0.00000000e+00 0.00000000e+00 0.00000000e+00
  0.00000000e+00 0.00000000e+00 0.00000000e+00 0.00000000e+00
  0.00000000e+00 0.00000000e+00 0.00000000e+00 0.00000000e+00
  0.00000000e+00 0.00000000e+00 0.00000000e+00 0.00000000e+00
  0.00000000e+00 0.00000000e+00]
 [0.00000000e+00 0.00000000e+00 0.00000000e+00 0.00000000e+00
  0.00000000e+00 0.00000000e+00 0.00000000e+00 0.00000000e+00
  0.00000000e+00 0.00000000e+00 0.00000000e+00 0.00000000e+00
  0.00000000e+00 0.00000000e+00 0.00000000e+00 0.00000000e+00
  0.00000000e+00 0.00000000e+00 0.00000000e+00 0.00000000e+00
  0.00000000e+00 0.00000000e+00 0.00000000e+00 0.00000000e+00
  0.00000000e+00 0.00000000e+00 0.00000000e+00 0.00000000e+00
  0.00000000e+00 0.00000000e+00]
 [0.00000000e+00 0.00000000e+00 0.00000000e+00 0.00000000e+00
  0.00000000e+00 0.00000000e+00 0.00000000e+00 0.00000000e+00
  0.00000000e+00 0.00000000e+00 0.00000000e+00 0.00000000e+00
  0.00000000e+00 0.00000000e+00 0.00000000e+00 0.00000000e+00
  0.00000000e+00 0.00000000e+00 0.00000000e+00 0.00000000e+00
  0.00000000e+00 0.00000000e+00 0.00000000e+00 0.00000000e+00
  0.00000000e+00 0.00000000e+00 0.00000000e+00 0.00000000e+00
  0.00000000e+00 0.00000000e+00]
 [0.00000000e+00 0.00000000e+00 0.00000000e+00 0.00000000e+00
  0.00000000e+00 0.00000000e+00 0.00000000e+00 0.00000000e+00
  0.00000000e+00 0.00000000e+00 0.00000000e+00 0.00000000e+00
  0.00000000e+00 0.00000000e+00 0.00000000e+00 0.00000000e+00
  0.00000000e+00 0.00000000e+00 0.00000000e+00 0.00000000e+00
  0.00000000e+00 0.00000000e+00 0.00000000e+00 0.00000000e+00
  0.00000000e+00 0.00000000e+00 0.00000000e+00 0.00000000e+00
  0.00000000e+00 0.00000000e+00]]","2D array of the width along the outer profile of a layer. The first dimension represents each layer, the second dimension represents each entry along blade span."
blade.interp_airfoils.r_thick_interp,output,,"[1.         0.9904762  0.90583552 0.76920637 0.62433185 0.51495506
 0.45652477 0.40898037 0.37373472 0.35299758 0.33854388 0.32716954
 0.31781339 0.30941425 0.30091105 0.29250549 0.28490061 0.27785301
 0.27111927 0.26445597 0.25549867 0.250367   0.2424545  0.23345852
 0.22353126 0.21373557 0.20477992 0.19617537 0.18790426 0.18      ]",1D array of the relative thicknesses of the blade defined along span.
blade.interp_airfoils.ac_interp,output,,"[0.5        0.49575018 0.45884901 0.40205541 0.34747208 0.31720171
 0.316      0.316      0.316      0.31553758 0.31111337 0.30358636
 0.29491462 0.28705623 0.28196904 0.2789807  0.27622217 0.27372193
 0.27150848 0.26961032 0.26766091 0.26687382 0.26609246 0.26570208
 0.26548576 0.2651602  0.26287948 0.25487265 0.24264125 0.228     ]",1D array of the aerodynamic center of the blade defined along span.
blade.interp_airfoils.cl_interp,output,,"[[[[ 0.00000000e+00]
   [ 0.00000000e+00]
   [ 0.00000000e+00]
   [ 0.00000000e+00]
   [ 0.00000000e+00]]

  [[ 0.00000000e+00]
   [ 0.00000000e+00]
   [ 0.00000000e+00]
   [ 0.00000000e+00]
   [ 0.00000000e+00]]

  [[ 0.00000000e+00]
   [ 0.00000000e+00]
   [ 0.00000000e+00]
   [ 0.00000000e+00]
   [ 0.00000000e+00]]

  ...

  [[ 0.00000000e+00]
   [ 0.00000000e+00]
   [ 0.00000000e+00]
   [ 0.00000000e+00]
   [ 0.00000000e+00]]

  [[ 0.00000000e+00]
   [ 0.00000000e+00]
   [ 0.00000000e+00]
   [ 0.00000000e+00]
   [ 0.00000000e+00]]

  [[ 0.00000000e+00]
   [ 0.00000000e+00]
   [ 0.00000000e+00]
   [ 0.00000000e+00]
   [ 0.00000000e+00]]]


 [[[ 0.00000000e+00]
   [ 0.00000000e+00]
   [ 0.00000000e+00]
   [ 0.00000000e+00]
   [ 0.00000000e+00]]

  [[ 2.26137991e-03]
   [ 1.94775724e-03]
   [ 1.92094234e-03]
   [ 1.93109733e-03]
   [ 1.89340473e-03]]

  [[ 4.52275988e-03]
   [ 3.89551453e-03]
   [ 3.84188473e-03]
   [ 3.86219472e-03]
   [ 3.78680952e-03]]

  ...

  [[-4.52275988e-03]
   [-3.89551453e-03]
   [-3.84188473e-03]
   [-3.86219472e-03]
   [-3.78680952e-03]]

  [[-2.26137991e-03]
   [-1.94775724e-03]
   [-1.92094234e-03]
   [-1.93109733e-03]
   [-1.89340473e-03]]

  [[-7.53598903e-19]
   [-7.53598903e-19]
   [-7.53598903e-19]
   [-7.53598903e-19]
   [-7.53598903e-19]]]


 [[[ 0.00000000e+00]
   [ 0.00000000e+00]
   [ 0.00000000e+00]
   [ 0.00000000e+00]
   [ 0.00000000e+00]]

  [[ 2.24911443e-02]
   [ 2.00611592e-02]
   [ 1.98552462e-02]
   [ 1.99331949e-02]
   [ 1.96440645e-02]]

  [[ 4.49822890e-02]
   [ 4.01223189e-02]
   [ 3.97104929e-02]
   [ 3.98663903e-02]
   [ 3.92881293e-02]]

  ...

  [[-4.49822890e-02]
   [-4.01223189e-02]
   [-3.97104929e-02]
   [-3.98663903e-02]
   [-3.92881293e-02]]

  [[-2.24911443e-02]
   [-2.00611592e-02]
   [-1.98552462e-02]
   [-1.99331949e-02]
   [-1.96440645e-02]]

  [[-6.25425624e-18]
   [-6.25425624e-18]
   [-6.25425624e-18]
   [-6.25425624e-18]
   [-6.25425624e-18]]]


 ...


 [[[ 0.00000000e+00]
   [ 0.00000000e+00]
   [ 0.00000000e+00]
   [ 0.00000000e+00]
   [ 0.00000000e+00]]

  [[ 1.81891218e-01]
   [ 1.86009734e-01]
   [ 1.87437603e-01]
   [ 1.94392998e-01]
   [ 1.98011589e-01]]

  [[ 3.63782435e-01]
   [ 3.72019469e-01]
   [ 3.74875206e-01]
   [ 3.88785996e-01]
   [ 3.96023178e-01]]

  ...

  [[-3.63782435e-01]
   [-3.72019469e-01]
   [-3.74875206e-01]
   [-3.88785996e-01]
   [-3.96023178e-01]]

  [[-1.81891218e-01]
   [-1.86009734e-01]
   [-1.87437603e-01]
   [-1.94392998e-01]
   [-1.98011589e-01]]

  [[-3.06780898e-19]
   [-2.47779670e-19]
   [ 0.00000000e+00]
   [ 1.29721666e-17]
   [-3.98810863e-18]]]


 [[[ 0.00000000e+00]
   [ 0.00000000e+00]
   [ 0.00000000e+00]
   [ 0.00000000e+00]
   [ 0.00000000e+00]]

  [[ 1.91313607e-01]
   [ 1.96662846e-01]
   [ 1.98266810e-01]
   [ 2.04863588e-01]
   [ 2.08470811e-01]]

  [[ 3.82627215e-01]
   [ 3.93325692e-01]
   [ 3.96533620e-01]
   [ 4.09727176e-01]
   [ 4.16941622e-01]]

  ...

  [[-3.82627215e-01]
   [-3.93325692e-01]
   [-3.96533620e-01]
   [-4.09727176e-01]
   [-4.16941622e-01]]

  [[-1.91313607e-01]
   [-1.96662846e-01]
   [-1.98266810e-01]
   [-2.04863588e-01]
   [-2.08470811e-01]]

  [[-1.16003931e-18]
   [-5.93069651e-19]
   [ 0.00000000e+00]
   [ 1.36426336e-17]
   [-8.66895539e-18]]]


 [[[ 0.00000000e+00]
   [ 0.00000000e+00]
   [ 0.00000000e+00]
   [ 0.00000000e+00]
   [ 0.00000000e+00]]

  [[ 2.02449660e-01]
   [ 2.09583515e-01]
   [ 2.11419915e-01]
   [ 2.17381080e-01]
   [ 2.21043270e-01]]

  [[ 4.04899320e-01]
   [ 4.19167029e-01]
   [ 4.22839830e-01]
   [ 4.34762160e-01]
   [ 4.42086540e-01]]

  ...

  [[-4.04899320e-01]
   [-4.19167029e-01]
   [-4.22839830e-01]
   [-4.34762160e-01]
   [-4.42086540e-01]]

  [[-2.02449660e-01]
   [-2.09583515e-01]
   [-2.11419915e-01]
   [-2.17381080e-01]
   [-2.21043270e-01]]

  [[-2.80518940e-18]
   [-1.05413865e-18]
   [ 0.00000000e+00]
   [ 1.38777878e-17]
   [-1.38777878e-17]]]]","4D array with the lift coefficients of the airfoils. Dimension 0 is along the blade span for n_span stations, dimension 1 is along the angles of attack, dimension 2 is along the Reynolds number, dimension 3 is along the number of tabs, which may describe multiple sets at the same station, for example in presence of a flap."
blade.interp_airfoils.cd_interp,output,,"[[[[0.5       ]
   [0.5       ]
   [0.5       ]
   [0.5       ]
   [0.5       ]]

  [[0.5       ]
   [0.5       ]
   [0.5       ]
   [0.5       ]
   [0.5       ]]

  [[0.5       ]
   [0.5       ]
   [0.5       ]
   [0.5       ]
   [0.5       ]]

  ...

  [[0.5       ]
   [0.5       ]
   [0.5       ]
   [0.5       ]
   [0.5       ]]

  [[0.5       ]
   [0.5       ]
   [0.5       ]
   [0.5       ]
   [0.5       ]]

  [[0.5       ]
   [0.5       ]
   [0.5       ]
   [0.5       ]
   [0.5       ]]]


 [[[0.48317224]
   [0.48317224]
   [0.48317224]
   [0.48317224]
   [0.48317224]]

  [[0.48317224]
   [0.48317224]
   [0.48317224]
   [0.48317224]
   [0.48317224]]

  [[0.48317224]
   [0.48317224]
   [0.48317224]
   [0.48317224]
   [0.48317224]]

  ...

  [[0.48317224]
   [0.48317224]
   [0.48317224]
   [0.48317224]
   [0.48317224]]

  [[0.48317224]
   [0.48317224]
   [0.48317224]
   [0.48317224]
   [0.48317224]]

  [[0.48317224]
   [0.48317224]
   [0.48317224]
   [0.48317224]
   [0.48317224]]]


 [[[0.34328947]
   [0.34328947]
   [0.34328947]
   [0.34328947]
   [0.34328947]]

  [[0.34328947]
   [0.34328947]
   [0.34328947]
   [0.34328947]
   [0.34328947]]

  [[0.34328947]
   [0.34328947]
   [0.34328947]
   [0.34328947]
   [0.34328947]]

  ...

  [[0.34328947]
   [0.34328947]
   [0.34328947]
   [0.34328947]
   [0.34328947]]

  [[0.34328947]
   [0.34328947]
   [0.34328947]
   [0.34328947]
   [0.34328947]]

  [[0.34328947]
   [0.34328947]
   [0.34328947]
   [0.34328947]
   [0.34328947]]]


 ...


 [[[0.001     ]
   [0.001     ]
   [0.001     ]
   [0.001     ]
   [0.001     ]]

  [[0.001     ]
   [0.001     ]
   [0.001     ]
   [0.001     ]
   [0.001     ]]

  [[0.001     ]
   [0.001     ]
   [0.001     ]
   [0.001     ]
   [0.001     ]]

  ...

  [[0.001     ]
   [0.001     ]
   [0.001     ]
   [0.001     ]
   [0.001     ]]

  [[0.001     ]
   [0.001     ]
   [0.001     ]
   [0.001     ]
   [0.001     ]]

  [[0.001     ]
   [0.001     ]
   [0.001     ]
   [0.001     ]
   [0.001     ]]]


 [[[0.001     ]
   [0.001     ]
   [0.001     ]
   [0.001     ]
   [0.001     ]]

  [[0.001     ]
   [0.001     ]
   [0.001     ]
   [0.001     ]
   [0.001     ]]

  [[0.001     ]
   [0.001     ]
   [0.001     ]
   [0.001     ]
   [0.001     ]]

  ...

  [[0.001     ]
   [0.001     ]
   [0.001     ]
   [0.001     ]
   [0.001     ]]

  [[0.001     ]
   [0.001     ]
   [0.001     ]
   [0.001     ]
   [0.001     ]]

  [[0.001     ]
   [0.001     ]
   [0.001     ]
   [0.001     ]
   [0.001     ]]]


 [[[0.001     ]
   [0.001     ]
   [0.001     ]
   [0.001     ]
   [0.001     ]]

  [[0.001     ]
   [0.001     ]
   [0.001     ]
   [0.001     ]
   [0.001     ]]

  [[0.001     ]
   [0.001     ]
   [0.001     ]
   [0.001     ]
   [0.001     ]]

  ...

  [[0.001     ]
   [0.001     ]
   [0.001     ]
   [0.001     ]
   [0.001     ]]

  [[0.001     ]
   [0.001     ]
   [0.001     ]
   [0.001     ]
   [0.001     ]]

  [[0.001     ]
   [0.001     ]
   [0.001     ]
   [0.001     ]
   [0.001     ]]]]","4D array with the drag coefficients of the airfoils. Dimension 0 is along the blade span for n_span stations, dimension 1 is along the angles of attack, dimension 2 is along the Reynolds number, dimension 3 is along the number of tabs, which may describe multiple sets at the same station, for example in presence of a flap."
blade.interp_airfoils.cm_interp,output,,"[[[[ 0.00000000e+00]
   [ 0.00000000e+00]
   [ 0.00000000e+00]
   [ 0.00000000e+00]
   [ 0.00000000e+00]]

  [[ 0.00000000e+00]
   [ 0.00000000e+00]
   [ 0.00000000e+00]
   [ 0.00000000e+00]
   [ 0.00000000e+00]]

  [[ 0.00000000e+00]
   [ 0.00000000e+00]
   [ 0.00000000e+00]
   [ 0.00000000e+00]
   [ 0.00000000e+00]]

  ...

  [[ 0.00000000e+00]
   [ 0.00000000e+00]
   [ 0.00000000e+00]
   [ 0.00000000e+00]
   [ 0.00000000e+00]]

  [[ 0.00000000e+00]
   [ 0.00000000e+00]
   [ 0.00000000e+00]
   [ 0.00000000e+00]
   [ 0.00000000e+00]]

  [[ 0.00000000e+00]
   [ 0.00000000e+00]
   [ 0.00000000e+00]
   [ 0.00000000e+00]
   [ 0.00000000e+00]]]


 [[[ 0.00000000e+00]
   [ 0.00000000e+00]
   [ 0.00000000e+00]
   [ 0.00000000e+00]
   [ 0.00000000e+00]]

  [[ 6.01446903e-03]
   [ 6.01446903e-03]
   [ 6.01446903e-03]
   [ 6.01446903e-03]
   [ 6.01446903e-03]]

  [[ 1.03917777e-02]
   [ 1.03917777e-02]
   [ 1.03917777e-02]
   [ 1.03917777e-02]
   [ 1.03917777e-02]]

  ...

  [[-1.50454748e-02]
   [-1.50454748e-02]
   [-1.50454748e-02]
   [-1.50454748e-02]
   [-1.50454748e-02]]

  [[-8.95340984e-03]
   [-8.95340984e-03]
   [-8.95340984e-03]
   [-8.95340984e-03]
   [-8.95340984e-03]]

  [[ 0.00000000e+00]
   [ 0.00000000e+00]
   [ 0.00000000e+00]
   [ 0.00000000e+00]
   [ 0.00000000e+00]]]


 [[[ 0.00000000e+00]
   [ 0.00000000e+00]
   [ 0.00000000e+00]
   [ 0.00000000e+00]
   [ 0.00000000e+00]]

  [[ 5.29945751e-02]
   [ 5.29945751e-02]
   [ 5.29945751e-02]
   [ 5.29945751e-02]
   [ 5.29945751e-02]]

  [[ 9.32521557e-02]
   [ 9.32521557e-02]
   [ 9.32521557e-02]
   [ 9.32521557e-02]
   [ 9.32521557e-02]]

  ...

  [[-1.32558809e-01]
   [-1.32558809e-01]
   [-1.32558809e-01]
   [-1.32558809e-01]
   [-1.32558809e-01]]

  [[-7.74099366e-02]
   [-7.74099366e-02]
   [-7.74099366e-02]
   [-7.74099366e-02]
   [-7.74099366e-02]]

  [[ 0.00000000e+00]
   [ 0.00000000e+00]
   [ 0.00000000e+00]
   [ 0.00000000e+00]
   [ 0.00000000e+00]]]


 ...


 [[[ 0.00000000e+00]
   [ 0.00000000e+00]
   [ 0.00000000e+00]
   [ 0.00000000e+00]
   [ 0.00000000e+00]]

  [[ 1.20000000e-01]
   [ 1.20000000e-01]
   [ 1.20000000e-01]
   [ 1.20000000e-01]
   [ 1.20000000e-01]]

  [[ 2.40000000e-01]
   [ 2.40000000e-01]
   [ 2.40000000e-01]
   [ 2.40000000e-01]
   [ 2.40000000e-01]]

  ...

  [[-3.00000000e-01]
   [-3.00000000e-01]
   [-3.00000000e-01]
   [-3.00000000e-01]
   [-3.00000000e-01]]

  [[-1.50000000e-01]
   [-1.50000000e-01]
   [-1.50000000e-01]
   [-1.50000000e-01]
   [-1.50000000e-01]]

  [[-1.92606959e-18]
   [-1.92606959e-18]
   [-1.92606959e-18]
   [-1.92606959e-18]
   [-1.92606959e-18]]]


 [[[ 0.00000000e+00]
   [ 0.00000000e+00]
   [ 0.00000000e+00]
   [ 0.00000000e+00]
   [ 0.00000000e+00]]

  [[ 1.20000000e-01]
   [ 1.20000000e-01]
   [ 1.20000000e-01]
   [ 1.20000000e-01]
   [ 1.20000000e-01]]

  [[ 2.40000000e-01]
   [ 2.40000000e-01]
   [ 2.40000000e-01]
   [ 2.40000000e-01]
   [ 2.40000000e-01]]

  ...

  [[-3.00000000e-01]
   [-3.00000000e-01]
   [-3.00000000e-01]
   [-3.00000000e-01]
   [-3.00000000e-01]]

  [[-1.50000000e-01]
   [-1.50000000e-01]
   [-1.50000000e-01]
   [-1.50000000e-01]
   [-1.50000000e-01]]

  [[-1.92606959e-18]
   [-1.92606959e-18]
   [-1.92606959e-18]
   [-1.92606959e-18]
   [-1.92606959e-18]]]


 [[[ 0.00000000e+00]
   [ 0.00000000e+00]
   [ 0.00000000e+00]
   [ 0.00000000e+00]
   [ 0.00000000e+00]]

  [[ 1.20000000e-01]
   [ 1.20000000e-01]
   [ 1.20000000e-01]
   [ 1.20000000e-01]
   [ 1.20000000e-01]]

  [[ 2.40000000e-01]
   [ 2.40000000e-01]
   [ 2.40000000e-01]
   [ 2.40000000e-01]
   [ 2.40000000e-01]]

  ...

  [[-3.00000000e-01]
   [-3.00000000e-01]
   [-3.00000000e-01]
   [-3.00000000e-01]
   [-3.00000000e-01]]

  [[-1.50000000e-01]
   [-1.50000000e-01]
   [-1.50000000e-01]
   [-1.50000000e-01]
   [-1.50000000e-01]]

  [[-1.92606959e-18]
   [-1.92606959e-18]
   [-1.92606959e-18]
   [-1.92606959e-18]
   [-1.92606959e-18]]]]","4D array with the moment coefficients of the airfoils. Dimension 0 is along the blade span for n_span stations, dimension 1 is along the angles of attack, dimension 2 is along the Reynolds number, dimension 3 is along the number of tabs, which may describe multiple sets at the same station, for example in presence of a flap."
blade.interp_airfoils.coord_xy_interp,output,,"[[[ 1.00000000e+00 -5.22802288e-16]
  [ 9.99429684e-01 -2.22597407e-02]
  [ 9.98063018e-01 -4.44580349e-02]
  ...
  [ 9.98120489e-01  4.38394581e-02]
  [ 9.99443038e-01  2.19496514e-02]
  [ 1.00000000e+00 -5.26271735e-16]]

 [[ 1.00000000e+00 -4.63811846e-04]
  [ 9.98467173e-01 -2.21760738e-02]
  [ 9.96201019e-01 -4.43513952e-02]
  ...
  [ 9.96776877e-01  4.39179785e-02]
  [ 9.98774657e-01  2.22119245e-02]
  [ 1.00000000e+00  3.03878429e-04]]

 [[ 1.00000000e+00 -3.84926541e-03]
  [ 9.90631439e-01 -2.12435866e-02]
  [ 9.80995553e-01 -4.24457781e-02]
  ...
  [ 9.85613808e-01  4.43560536e-02]
  [ 9.93218520e-01  2.41263074e-02]
  [ 1.00000000e+00  2.83048459e-03]]

 ...

 [[ 1.00000000e+00  2.99243424e-04]
  [ 9.76715850e-01  2.78508494e-03]
  [ 9.52832571e-01  4.62553820e-03]
  ...
  [ 9.52575171e-01  9.64309571e-03]
  [ 9.76267770e-01  4.94496385e-03]
  [ 1.00000000e+00  2.99243424e-04]]

 [[ 1.00000000e+00  7.60311480e-05]
  [ 9.76692547e-01  2.94939444e-03]
  [ 9.52952126e-01  4.97097005e-03]
  ...
  [ 9.52775619e-01  1.06814382e-02]
  [ 9.76380589e-01  5.38373218e-03]
  [ 1.00000000e+00  7.60311480e-05]]

 [[ 1.00000000e+00  1.76276899e-06]
  [ 9.76685164e-01  3.14692752e-03]
  [ 9.53182640e-01  5.22846152e-03]
  ...
  [ 9.52998460e-01  1.22336784e-02]
  [ 9.76506117e-01  6.17134718e-03]
  [ 1.00000000e+00  1.76276899e-06]]]",3D array of the non-dimensional x and y airfoil coordinates of the airfoils interpolated along span for n_span stations. The leading edge is place at x=0 and y=0.
blade.opt_var.s_opt_twist,output,,[0.         0.33333333 0.66666667 1.        ],
blade.opt_var.s_opt_chord,output,,"[0.         0.03448276 0.06896552 0.10344828 0.13793103 0.17241379
 0.20689655 0.24137931 0.27586207 0.31034483 0.34482759 0.37931034
 0.4137931  0.44827586 0.48275862 0.51724138 0.55172414 0.5862069
 0.62068966 0.65517241 0.68965517 0.72413793 0.75862069 0.79310345
 0.82758621 0.86206897 0.89655172 0.93103448 0.96551724 1.        ]",
blade.opt_var.twist_opt,output,rad,[ 0.3491      0.08744168  0.03805128 -0.08166095],
blade.opt_var.chord_opt,output,m,"[4.5        4.51653455 4.59255455 4.72026865 4.75       4.75
 4.75       4.75       4.75       4.75       4.75       4.7
 4.64       4.48       4.30815493 4.07109567 3.83078655 3.59377787
 3.3535724  3.10972681 2.86394905 2.61780457 2.37255549 2.12536608
 1.87360817 1.6133977  1.34551447 1.07050448 0.78813172 0.5       ]",
blade.opt_var.af_position,output,,"[0.         0.02       0.18       0.29632121 0.4824137  0.76458948
 0.87235063 1.        ]",
blade.opt_var.s_opt_layer_0,output,,"[0.         0.03448276 0.06896552 0.10344828 0.13793103 0.17241379
 0.20689655 0.24137931 0.27586207 0.31034483 0.34482759 0.37931034
 0.4137931  0.44827586 0.48275862 0.51724138 0.55172414 0.5862069
 0.62068966 0.65517241 0.68965517 0.72413793 0.75862069 0.79310345
 0.82758621 0.86206897 0.89655172 0.93103448 0.96551724 1.        ]",
blade.opt_var.layer_0_opt,output,m,"[0.001 0.001 0.001 0.001 0.001 0.001 0.001 0.001 0.001 0.001 0.001 0.001
 0.001 0.001 0.001 0.001 0.001 0.001 0.001 0.001 0.001 0.001 0.001 0.001
 0.001 0.001 0.001 0.001 0.001 0.001]",
blade.opt_var.s_opt_layer_1,output,,"[0.         0.03448276 0.06896552 0.10344828 0.13793103 0.17241379
 0.20689655 0.24137931 0.27586207 0.31034483 0.34482759 0.37931034
 0.4137931  0.44827586 0.48275862 0.51724138 0.55172414 0.5862069
 0.62068966 0.65517241 0.68965517 0.72413793 0.75862069 0.79310345
 0.82758621 0.86206897 0.89655172 0.93103448 0.96551724 1.        ]",
blade.opt_var.layer_1_opt,output,m,"[0.041      0.033      0.026      0.02       0.015      0.011
 0.00828454 0.00651243 0.00536208 0.00470248 0.00440263 0.00433155
 0.00435823 0.00435168 0.00430703 0.0042194  0.00408392 0.00389572
 0.00364992 0.00334165 0.00298133 0.00257936 0.00214615 0.00169212
 0.00122768 0.001      0.001      0.001      0.001      0.001     ]",
blade.opt_var.s_opt_layer_2,output,,"[0.         0.03448276 0.06896552 0.10344828 0.13793103 0.17241379
 0.20689655 0.24137931 0.27586207 0.31034483 0.34482759 0.37931034
 0.4137931  0.44827586 0.48275862 0.51724138 0.55172414 0.5862069
 0.62068966 0.65517241 0.68965517 0.72413793 0.75862069 0.79310345
 0.82758621 0.86206897 0.89655172 0.93103448 0.96551724 1.        ]",
blade.opt_var.layer_2_opt,output,m,"[0.         0.01036386 0.01802123 0.02536166 0.03206819 0.03782389
 0.04231181 0.045215   0.04621651 0.04569527 0.04403017 0.04160014
 0.03878408 0.03596091 0.03350953 0.03135807 0.02943466 0.02766741
 0.02598444 0.02431388 0.02258386 0.02080428 0.01898505 0.01713608
 0.0152673  0.0133886  0.0115099  0.0096312  0.0077525  0.00587381]",
blade.opt_var.s_opt_layer_3,output,,"[0.         0.03448276 0.06896552 0.10344828 0.13793103 0.17241379
 0.20689655 0.24137931 0.27586207 0.31034483 0.34482759 0.37931034
 0.4137931  0.44827586 0.48275862 0.51724138 0.55172414 0.5862069
 0.62068966 0.65517241 0.68965517 0.72413793 0.75862069 0.79310345
 0.82758621 0.86206897 0.89655172 0.93103448 0.96551724 1.        ]",
blade.opt_var.layer_3_opt,output,m,"[0.         0.01247806 0.01761157 0.02274509 0.02766418 0.03215441
 0.03600136 0.0389906  0.04090771 0.04153826 0.04110173 0.03981761
 0.0379054  0.03558457 0.03307463 0.03059505 0.02815655 0.02576987
 0.02344572 0.02119482 0.01902789 0.01695567 0.01496235 0.01303217
 0.01114933 0.00929806 0.00746257 0.00562708 0.00379159 0.00195611]",
blade.opt_var.s_opt_layer_4,output,,"[0.         0.03448276 0.06896552 0.10344828 0.13793103 0.17241379
 0.20689655 0.24137931 0.27586207 0.31034483 0.34482759 0.37931034
 0.4137931  0.44827586 0.48275862 0.51724138 0.55172414 0.5862069
 0.62068966 0.65517241 0.68965517 0.72413793 0.75862069 0.79310345
 0.82758621 0.86206897 0.89655172 0.93103448 0.96551724 1.        ]",
blade.opt_var.layer_4_opt,output,m,"[ 0.00000000e+00  0.00000000e+00  0.00000000e+00  0.00000000e+00
  0.00000000e+00  0.00000000e+00  0.00000000e+00  0.00000000e+00
  0.00000000e+00  0.00000000e+00  0.00000000e+00  0.00000000e+00
  0.00000000e+00  0.00000000e+00  0.00000000e+00  0.00000000e+00
  0.00000000e+00  0.00000000e+00  0.00000000e+00  1.00000000e-03
  4.34756148e-02  1.00000000e-03 -8.13151629e-20  0.00000000e+00
  0.00000000e+00  0.00000000e+00  0.00000000e+00  0.00000000e+00
  0.00000000e+00  0.00000000e+00]",
blade.opt_var.s_opt_layer_5,output,,"[0.         0.03448276 0.06896552 0.10344828 0.13793103 0.17241379
 0.20689655 0.24137931 0.27586207 0.31034483 0.34482759 0.37931034
 0.4137931  0.44827586 0.48275862 0.51724138 0.55172414 0.5862069
 0.62068966 0.65517241 0.68965517 0.72413793 0.75862069 0.79310345
 0.82758621 0.86206897 0.89655172 0.93103448 0.96551724 1.        ]",
blade.opt_var.layer_5_opt,output,m,"[ 0.00000000e+00  0.00000000e+00  0.00000000e+00  0.00000000e+00
  0.00000000e+00  0.00000000e+00  0.00000000e+00  0.00000000e+00
  0.00000000e+00  0.00000000e+00  0.00000000e+00  0.00000000e+00
  0.00000000e+00  0.00000000e+00  0.00000000e+00  0.00000000e+00
  0.00000000e+00  0.00000000e+00  0.00000000e+00  1.00000000e-03
  4.34756148e-02  1.00000000e-03 -8.13151629e-20  0.00000000e+00
  0.00000000e+00  0.00000000e+00  0.00000000e+00  0.00000000e+00
  0.00000000e+00  0.00000000e+00]",
blade.opt_var.s_opt_layer_6,output,,"[0.         0.03448276 0.06896552 0.10344828 0.13793103 0.17241379
 0.20689655 0.24137931 0.27586207 0.31034483 0.34482759 0.37931034
 0.4137931  0.44827586 0.48275862 0.51724138 0.55172414 0.5862069
 0.62068966 0.65517241 0.68965517 0.72413793 0.75862069 0.79310345
 0.82758621 0.86206897 0.89655172 0.93103448 0.96551724 1.        ]",
blade.opt_var.layer_6_opt,output,m,"[0.         0.         0.00665003 0.00814812 0.00964621 0.0111443
 0.01260256 0.01398116 0.01524026 0.01634003 0.01724065 0.01790228
 0.01832761 0.01851932 0.01848012 0.01821267 0.01771968 0.01700382
 0.01610578 0.01506624 0.01392586 0.01272533 0.01150532 0.01030652
 0.00912537 0.00795837 0.00680196 0.00565261 0.0045068  0.003361  ]",
blade.opt_var.s_opt_layer_7,output,,"[0.         0.03448276 0.06896552 0.10344828 0.13793103 0.17241379
 0.20689655 0.24137931 0.27586207 0.31034483 0.34482759 0.37931034
 0.4137931  0.44827586 0.48275862 0.51724138 0.55172414 0.5862069
 0.62068966 0.65517241 0.68965517 0.72413793 0.75862069 0.79310345
 0.82758621 0.86206897 0.89655172 0.93103448 0.96551724 1.        ]",
blade.opt_var.layer_7_opt,output,m,"[ 0.00000000e+00  0.00000000e+00  2.33432275e-02  2.51480648e-02
  2.69529021e-02  2.87577394e-02  3.05625767e-02  3.23674140e-02
  3.39953792e-02  3.52696003e-02  3.60132052e-02  3.60493218e-02
  3.52010780e-02  3.32916017e-02  3.05938669e-02  2.73808473e-02
  2.39255169e-02  2.05008494e-02  1.73798187e-02  1.48353987e-02
  1.27714875e-02  1.10919834e-02  9.70078471e-03  8.50178952e-03
  7.39889612e-03  6.29600271e-03  5.19310930e-03  4.09021589e-03
  2.98732248e-03 -2.16840434e-19]",
blade.opt_var.s_opt_layer_8,output,,"[0.         0.03448276 0.06896552 0.10344828 0.13793103 0.17241379
 0.20689655 0.24137931 0.27586207 0.31034483 0.34482759 0.37931034
 0.4137931  0.44827586 0.48275862 0.51724138 0.55172414 0.5862069
 0.62068966 0.65517241 0.68965517 0.72413793 0.75862069 0.79310345
 0.82758621 0.86206897 0.89655172 0.93103448 0.96551724 1.        ]",
blade.opt_var.layer_8_opt,output,m,"[ 0.00000000e+00  0.00000000e+00  2.33432275e-02  2.51480648e-02
  2.69529021e-02  2.87577394e-02  3.05625767e-02  3.23674140e-02
  3.39953792e-02  3.52696003e-02  3.60132052e-02  3.60493218e-02
  3.52010780e-02  3.32916017e-02  3.05938669e-02  2.73808473e-02
  2.39255169e-02  2.05008494e-02  1.73798187e-02  1.48353987e-02
  1.27714875e-02  1.10919834e-02  9.70078471e-03  8.50178952e-03
  7.39889612e-03  6.29600271e-03  5.19310930e-03  4.09021589e-03
  2.98732248e-03 -2.16840434e-19]",
blade.opt_var.s_opt_layer_9,output,,"[0.         0.03448276 0.06896552 0.10344828 0.13793103 0.17241379
 0.20689655 0.24137931 0.27586207 0.31034483 0.34482759 0.37931034
 0.4137931  0.44827586 0.48275862 0.51724138 0.55172414 0.5862069
 0.62068966 0.65517241 0.68965517 0.72413793 0.75862069 0.79310345
 0.82758621 0.86206897 0.89655172 0.93103448 0.96551724 1.        ]",
blade.opt_var.layer_9_opt,output,m,"[0.         0.         0.01864022 0.02290439 0.02716855 0.03128208
 0.03509432 0.03845464 0.04121238 0.04321692 0.0443176  0.04463178
 0.04427681 0.04337004 0.04202882 0.04037051 0.03851246 0.03646388
 0.03423398 0.03183196 0.02926705 0.02654845 0.02368537 0.02070189
 0.01762209 0.01447005 0.01126986 0.00804558 0.00482131 0.00159703]",
blade.opt_var.s_opt_layer_10,output,,"[0.         0.03448276 0.06896552 0.10344828 0.13793103 0.17241379
 0.20689655 0.24137931 0.27586207 0.31034483 0.34482759 0.37931034
 0.4137931  0.44827586 0.48275862 0.51724138 0.55172414 0.5862069
 0.62068966 0.65517241 0.68965517 0.72413793 0.75862069 0.79310345
 0.82758621 0.86206897 0.89655172 0.93103448 0.96551724 1.        ]",
blade.opt_var.layer_10_opt,output,m,"[0.         0.         0.01067832 0.01302775 0.01537718 0.0177266
 0.02007603 0.02234366 0.02444771 0.02630638 0.02783787 0.0289604
 0.02959217 0.02979168 0.02961743 0.02912793 0.02838168 0.02743718
 0.02635293 0.02511064 0.02369203 0.0220788  0.02025266 0.01819533
 0.01588852 0.0133738  0.01069276 0.00788698 0.00499804 0.00206752]",
blade.opt_var.s_opt_layer_11,output,,"[0.         0.03448276 0.06896552 0.10344828 0.13793103 0.17241379
 0.20689655 0.24137931 0.27586207 0.31034483 0.34482759 0.37931034
 0.4137931  0.44827586 0.48275862 0.51724138 0.55172414 0.5862069
 0.62068966 0.65517241 0.68965517 0.72413793 0.75862069 0.79310345
 0.82758621 0.86206897 0.89655172 0.93103448 0.96551724 1.        ]",
blade.opt_var.layer_11_opt,output,m,"[0.         0.         0.01171413 0.01476495 0.01781576 0.02086658
 0.02391739 0.02696821 0.03001902 0.03295299 0.03565325 0.03800297
 0.03988528 0.04118335 0.04178032 0.04172736 0.04107568 0.03987644
 0.03818083 0.03604003 0.03350522 0.03064208 0.02751627 0.02419345
 0.02073929 0.01721947 0.01369965 0.01017983 0.00666001 0.00314019]",
blade.opt_var.s_opt_layer_12,output,,"[0.         0.03448276 0.06896552 0.10344828 0.13793103 0.17241379
 0.20689655 0.24137931 0.27586207 0.31034483 0.34482759 0.37931034
 0.4137931  0.44827586 0.48275862 0.51724138 0.55172414 0.5862069
 0.62068966 0.65517241 0.68965517 0.72413793 0.75862069 0.79310345
 0.82758621 0.86206897 0.89655172 0.93103448 0.96551724 1.        ]",
blade.opt_var.layer_12_opt,output,m,"[0.         0.         0.03598738 0.04397734 0.05196731 0.05963021
 0.066639   0.07266661 0.07738598 0.08047006 0.08159179 0.08099669
 0.07893026 0.07563804 0.07136553 0.06635826 0.06086173 0.05503573
 0.04904003 0.04303439 0.03717859 0.03163241 0.02655561 0.02186997
 0.01749725 0.01335922 0.00937765 0.00547432 0.00157099 0.001     ]",
blade.opt_var.s_opt_layer_13,output,,"[0.         0.03448276 0.06896552 0.10344828 0.13793103 0.17241379
 0.20689655 0.24137931 0.27586207 0.31034483 0.34482759 0.37931034
 0.4137931  0.44827586 0.48275862 0.51724138 0.55172414 0.5862069
 0.62068966 0.65517241 0.68965517 0.72413793 0.75862069 0.79310345
 0.82758621 0.86206897 0.89655172 0.93103448 0.96551724 1.        ]",
blade.opt_var.layer_13_opt,output,m,"[0.041      0.033      0.026      0.02       0.01531562 0.01261405
 0.01008929 0.00782972 0.00592376 0.00445981 0.00352627 0.00301625
 0.00282289 0.00283929 0.0029586  0.00307391 0.00307837 0.00299303
 0.00283898 0.00263728 0.00240901 0.00217523 0.00195702 0.00175179
 0.00155694 0.00136987 0.00118799 0.00100871 0.001      0.001     ]",
blade.opt_var.s_opt_layer_14,output,,"[0.         0.03448276 0.06896552 0.10344828 0.13793103 0.17241379
 0.20689655 0.24137931 0.27586207 0.31034483 0.34482759 0.37931034
 0.4137931  0.44827586 0.48275862 0.51724138 0.55172414 0.5862069
 0.62068966 0.65517241 0.68965517 0.72413793 0.75862069 0.79310345
 0.82758621 0.86206897 0.89655172 0.93103448 0.96551724 1.        ]",
blade.opt_var.layer_14_opt,output,m,"[0.00000000e+00 0.00000000e+00 0.00000000e+00 2.16422907e-03
 2.21016153e-03 2.25609398e-03 2.30202643e-03 2.34795888e-03
 2.38578561e-03 2.40740088e-03 2.40469897e-03 2.36957416e-03
 2.29392070e-03 2.16963289e-03 2.01292217e-03 1.84000000e-03
 1.66707783e-03 1.51036711e-03 1.38607930e-03 1.31042584e-03
 1.27530103e-03 1.27259912e-03 1.29421439e-03 1.33204112e-03
 1.37797357e-03 1.42390602e-03 1.46983847e-03 1.51577093e-03
 1.56170338e-03 1.08420217e-19]",
blade.opt_var.s_opt_layer_15,output,,"[0.         0.03448276 0.06896552 0.10344828 0.13793103 0.17241379
 0.20689655 0.24137931 0.27586207 0.31034483 0.34482759 0.37931034
 0.4137931  0.44827586 0.48275862 0.51724138 0.55172414 0.5862069
 0.62068966 0.65517241 0.68965517 0.72413793 0.75862069 0.79310345
 0.82758621 0.86206897 0.89655172 0.93103448 0.96551724 1.        ]",
blade.opt_var.layer_15_opt,output,m,"[0.00000000e+00 0.00000000e+00 0.00000000e+00 3.74890612e-02
 3.61172335e-02 3.47454058e-02 3.33630956e-02 3.19598202e-02
 3.05250972e-02 2.90484440e-02 2.75193780e-02 2.59274168e-02
 2.43374498e-02 2.28143666e-02 2.14230569e-02 2.02284101e-02
 1.92953159e-02 1.86886639e-02 1.83467902e-02 1.82080313e-02
 2.00000000e-02 2.00000000e-02 2.00000000e-02 2.00000000e-02
 2.00000000e-02 2.00000000e-02 2.00000000e-02 2.00000000e-02
 2.00000000e-02 5.20417043e-18]",
blade.opt_var.s_opt_layer_16,output,,"[0.         0.03448276 0.06896552 0.10344828 0.13793103 0.17241379
 0.20689655 0.24137931 0.27586207 0.31034483 0.34482759 0.37931034
 0.4137931  0.44827586 0.48275862 0.51724138 0.55172414 0.5862069
 0.62068966 0.65517241 0.68965517 0.72413793 0.75862069 0.79310345
 0.82758621 0.86206897 0.89655172 0.93103448 0.96551724 1.        ]",
blade.opt_var.layer_16_opt,output,m,"[0.00000000e+00 0.00000000e+00 0.00000000e+00 2.07236417e-03
 2.11829662e-03 2.16422907e-03 2.21016153e-03 2.25609398e-03
 2.30202643e-03 2.34795888e-03 2.38578561e-03 2.40740088e-03
 2.40469897e-03 2.36957416e-03 2.29392070e-03 2.16963289e-03
 2.01292217e-03 1.84000000e-03 1.66707783e-03 1.51036711e-03
 1.38607930e-03 1.31042584e-03 1.27530103e-03 1.27259912e-03
 1.29421439e-03 1.33204112e-03 1.37797357e-03 1.42390602e-03
 1.46983847e-03 1.08420217e-19]",
blade.opt_var.s_opt_layer_17,output,,"[0.         0.03448276 0.06896552 0.10344828 0.13793103 0.17241379
 0.20689655 0.24137931 0.27586207 0.31034483 0.34482759 0.37931034
 0.4137931  0.44827586 0.48275862 0.51724138 0.55172414 0.5862069
 0.62068966 0.65517241 0.68965517 0.72413793 0.75862069 0.79310345
 0.82758621 0.86206897 0.89655172 0.93103448 0.96551724 1.        ]",
blade.opt_var.layer_17_opt,output,m,"[0.00000000e+00 0.00000000e+00 0.00000000e+00 2.51759997e-03
 2.44512991e-03 2.37265986e-03 2.30018980e-03 2.22771975e-03
 2.15449048e-03 2.07974278e-03 2.00271744e-03 1.92265525e-03
 1.83879698e-03 1.75038343e-03 1.66146746e-03 1.57610193e-03
 1.49833970e-03 1.43223365e-03 1.38183663e-03 1.35120150e-03
 1.33703462e-03 1.33604234e-03 1.34493101e-03 1.36040697e-03
 1.37917659e-03 1.39794620e-03 1.41671582e-03 1.43548543e-03
 1.45425505e-03 2.16840434e-19]",
blade.opt_var.s_opt_layer_18,output,,"[0.         0.03448276 0.06896552 0.10344828 0.13793103 0.17241379
 0.20689655 0.24137931 0.27586207 0.31034483 0.34482759 0.37931034
 0.4137931  0.44827586 0.48275862 0.51724138 0.55172414 0.5862069
 0.62068966 0.65517241 0.68965517 0.72413793 0.75862069 0.79310345
 0.82758621 0.86206897 0.89655172 0.93103448 0.96551724 1.        ]",
blade.opt_var.layer_18_opt,output,m,"[0.00000000e+00 0.00000000e+00 0.00000000e+00 3.77066146e-02
 3.63461220e-02 3.49856293e-02 3.36139152e-02 3.22197581e-02
 3.07919366e-02 2.93192293e-02 2.77904146e-02 2.61942712e-02
 2.45955568e-02 2.30590296e-02 2.16494473e-02 2.04315680e-02
 2.00000000e-02 2.00000000e-02 2.00000000e-02 2.00000000e-02
 2.00000000e-02 2.00000000e-02 2.00000000e-02 2.00000000e-02
 2.00000000e-02 2.00000000e-02 2.00000000e-02 2.00000000e-02
 2.00000000e-02 5.20417043e-18]",
blade.opt_var.s_opt_layer_19,output,,"[0.         0.03448276 0.06896552 0.10344828 0.13793103 0.17241379
 0.20689655 0.24137931 0.27586207 0.31034483 0.34482759 0.37931034
 0.4137931  0.44827586 0.48275862 0.51724138 0.55172414 0.5862069
 0.62068966 0.65517241 0.68965517 0.72413793 0.75862069 0.79310345
 0.82758621 0.86206897 0.89655172 0.93103448 0.96551724 1.        ]",
blade.opt_var.layer_19_opt,output,m,"[0.00000000e+00 0.00000000e+00 0.00000000e+00 2.66254008e-03
 2.59007002e-03 2.51759997e-03 2.44512991e-03 2.37265986e-03
 2.30018980e-03 2.22771975e-03 2.15449048e-03 2.07974278e-03
 2.00271744e-03 1.92265525e-03 1.83879698e-03 1.75038343e-03
 1.66146746e-03 1.57610193e-03 1.49833970e-03 1.43223365e-03
 1.38183663e-03 1.35120150e-03 1.33703462e-03 1.33604234e-03
 1.34493101e-03 1.36040697e-03 1.37917659e-03 1.39794620e-03
 1.41671582e-03 3.25260652e-19]",
blade.outer_shape_bem.af_position,output,,"[0.         0.02       0.18       0.29632121 0.4824137  0.76458948
 0.87235063 1.        ]",1D array of the non dimensional positions of the airfoils af_used defined along blade span.
blade.outer_shape_bem.s,output,,"[0.         0.03448276 0.06896552 0.10344828 0.13793103 0.17241379
 0.20689655 0.24137931 0.27586207 0.31034483 0.34482759 0.37931034
 0.4137931  0.44827586 0.48275862 0.51724138 0.55172414 0.5862069
 0.62068966 0.65517241 0.7        0.72413793 0.75862069 0.79310345
 0.82758621 0.86206897 0.89655172 0.93103448 0.96551724 1.        ]","1D array of the non-dimensional spanwise grid defined along blade axis (0-blade root, 1-blade tip)"
blade.outer_shape_bem.chord,output,m,"[4.5        4.51653455 4.59255455 4.72026865 4.75       4.75
 4.75       4.75       4.75       4.75       4.75       4.7
 4.64       4.48       4.30815493 4.07109567 3.83078655 3.59377787
 3.3535724  3.10972681 2.79010443 2.61780457 2.37255549 2.12536608
 1.87360817 1.6133977  1.34551447 1.07050448 0.78813172 0.5       ]",1D array of the chord values defined along blade span.
blade.outer_shape_bem.twist,output,rad,"[ 0.3491      0.32625117  0.30085553  0.27319561  0.24355395  0.2057759
  0.15761451  0.11369865  0.08888556  0.08740227  0.08747036  0.08755246
  0.08760935  0.08649735  0.08026523  0.07090719  0.06112253  0.05334186
  0.04683973  0.04037517  0.03044013  0.02356245  0.0096627  -0.00714598
 -0.02406408 -0.03833817 -0.05056212 -0.06194147 -0.07234987 -0.08166095]",1D array of the twist values defined along blade span. The twist is defined positive for negative rotations around the z axis (the same as in BeamDyn).
blade.outer_shape_bem.pitch_axis,output,,"[0.5        0.49816955 0.48992341 0.47666778 0.47368421 0.47368421
 0.47368421 0.47368421 0.47368421 0.47368421 0.47368421 0.46808511
 0.4612069  0.44196429 0.43251806 0.42095775 0.41010371 0.40195138
 0.39522149 0.39116278 0.39008436 0.39134099 0.39523274 0.40007425
 0.40504215 0.41113787 0.41946139 0.43201533 0.45321411 0.5       ]","1D array of the chordwise position of the pitch axis (0-LE, 1-TE), defined along blade span."
blade.outer_shape_bem.r_thick_yaml_interp,output,,"[0. 0. 0. 0. 0. 0. 0. 0. 0. 0. 0. 0. 0. 0. 0. 0. 0. 0. 0. 0. 0. 0. 0. 0.
 0. 0. 0. 0. 0. 0.]",1D array of the relative thickness values defined along blade span.
blade.outer_shape_bem.ref_axis,output,m,"[[ 0.00000000e+00  0.00000000e+00  0.00000000e+00]
 [ 1.45896086e-02  0.00000000e+00  3.44814717e+00]
 [ 5.22230768e-02  0.00000000e+00  6.89629433e+00]
 [ 1.08141891e-01  0.00000000e+00  1.03444415e+01]
 [ 1.74250500e-01  0.00000000e+00  1.37925887e+01]
 [ 2.41136773e-01  0.00000000e+00  1.72407358e+01]
 [ 3.00085581e-01  0.00000000e+00  2.06888830e+01]
 [ 3.42651213e-01  0.00000000e+00  2.41370302e+01]
 [ 3.59821072e-01  0.00000000e+00  2.75851773e+01]
 [ 3.47586472e-01  0.00000000e+00  3.10333245e+01]
 [ 3.14508104e-01  0.00000000e+00  3.44814717e+01]
 [ 2.66858145e-01  0.00000000e+00  3.79296188e+01]
 [ 2.10870490e-01  0.00000000e+00  4.13777660e+01]
 [ 1.40477297e-01  0.00000000e+00  4.48259132e+01]
 [ 3.80470534e-02  0.00000000e+00  4.82740603e+01]
 [-9.07529186e-02  0.00000000e+00  5.17222075e+01]
 [-2.35123811e-01  0.00000000e+00  5.51703547e+01]
 [-3.94137332e-01  0.00000000e+00  5.86185018e+01]
 [-5.85777112e-01  0.00000000e+00  6.20666490e+01]
 [-8.05291806e-01  0.00000000e+00  6.55147962e+01]
 [-1.11555530e+00  0.00000000e+00  6.99973875e+01]
 [-1.29121723e+00  0.00000000e+00  7.24110905e+01]
 [-1.56372970e+00  0.00000000e+00  7.58592376e+01]
 [-1.85903588e+00  0.00000000e+00  7.93073848e+01]
 [-2.17067421e+00  0.00000000e+00  8.27555320e+01]
 [-2.49837779e+00  0.00000000e+00  8.62036791e+01]
 [-2.84335536e+00  0.00000000e+00  8.96518263e+01]
 [-3.20952152e+00  0.00000000e+00  9.30999735e+01]
 [-3.59684443e+00  0.00000000e+00  9.65481206e+01]
 [-4.00000000e+00  0.00000000e+00  9.99962678e+01]]","2D array of the coordinates (x,y,z) of the blade reference axis, defined along blade span. The coordinate system is the one of BeamDyn: it is placed at blade root with x pointing the suction side of the blade, y pointing the trailing edge and z along the blade span. A standard configuration will have negative x values (prebend), if swept positive y values, and positive z values."
blade.pa.twist_param,output,rad,"[ 0.3491      0.3114934   0.2750893   0.24036879  0.20781296  0.17790291
  0.15111974  0.12794454  0.10885841  0.09434244  0.08467866  0.0775111
  0.07174552  0.06702161  0.06297906  0.05925757  0.05549683  0.05133651
  0.04641632  0.04037594  0.0304289   0.02415488  0.01416615  0.00305797
 -0.00907256 -0.0221283  -0.03601213 -0.05062693 -0.06587558 -0.08166095]",1D array of the twist values defined along blade span. The twist is the result of the parameterization.
blade.pa.chord_param,output,m,"[4.5        4.51653455 4.59255455 4.72026865 4.75       4.75
 4.75       4.75       4.75       4.75       4.75       4.7
 4.64       4.48       4.30815493 4.07109567 3.83078655 3.59377787
 3.3535724  3.10972681 2.79010443 2.61780457 2.37255549 2.12536608
 1.87360817 1.6133977  1.34551447 1.07050448 0.78813172 0.5       ]",1D array of the chord values defined along blade span. The chord is the result of the parameterization.
blade.pa.max_chord_constr,output,,"[0.94736842 0.95084938 0.96685359 0.99374077 1.         1.
 1.         1.         1.         1.         1.         0.98947368
 0.97684211 0.94315789 0.90697999 0.85707277 0.80648138 0.75658481
 0.70601524 0.65467933 0.60293621 0.55111675 0.49948537 0.44744549
 0.39444383 0.33966267 0.2832662  0.22536936 0.16592247 0.10526316]",1D array of the ratio between chord values and maximum chord along blade span.
blade.ps.layer_thickness_param,output,m,"[[ 1.00000000e-03  1.00000000e-03  1.00000000e-03  1.00000000e-03
   1.00000000e-03  1.00000000e-03  1.00000000e-03  1.00000000e-03
   1.00000000e-03  1.00000000e-03  1.00000000e-03  1.00000000e-03
   1.00000000e-03  1.00000000e-03  1.00000000e-03  1.00000000e-03
   1.00000000e-03  1.00000000e-03  1.00000000e-03  1.00000000e-03
   1.00000000e-03  1.00000000e-03  1.00000000e-03  1.00000000e-03
   1.00000000e-03  1.00000000e-03  1.00000000e-03  1.00000000e-03
   1.00000000e-03  1.00000000e-03]
 [ 4.10000000e-02  3.30000000e-02  2.60000000e-02  2.00000000e-02
   1.50000000e-02  1.10000000e-02  8.28454072e-03  6.51243402e-03
   5.36207752e-03  4.70247504e-03  4.40263040e-03  4.33154742e-03
   4.35822991e-03  4.35168169e-03  4.30702965e-03  4.21940069e-03
   4.08392168e-03  3.89571952e-03  3.64992111e-03  3.34165333e-03
   2.86491152e-03  2.57935592e-03  2.14614940e-03  1.69211977e-03
   1.22767857e-03  1.00000000e-03  1.00000000e-03  1.00000000e-03
   1.00000000e-03  1.00000000e-03]
 [ 0.00000000e+00  1.03638639e-02  1.80212345e-02  2.53616596e-02
   3.20681938e-02  3.78238917e-02  4.23118077e-02  4.52149966e-02
   4.62165127e-02  4.56952678e-02  4.40301733e-02  4.16001409e-02
   3.87840821e-02  3.59609085e-02  3.35095318e-02  3.13580743e-02
   2.94346583e-02  2.76674064e-02  2.59844408e-02  2.43138839e-02
   2.20549123e-02  2.08042751e-02  1.89850461e-02  1.71360827e-02
   1.52672963e-02  1.33885984e-02  1.15099005e-02  9.63120264e-03
   7.75250477e-03  5.87380689e-03]
 [ 0.00000000e+00  1.24780597e-02  1.76115740e-02  2.27450883e-02
   2.76641755e-02  3.21544085e-02  3.60013601e-02  3.89906033e-02
   4.09077110e-02  4.15382560e-02  4.11017265e-02  3.98176106e-02
   3.79053964e-02  3.55845720e-02  3.30746256e-02  3.05950453e-02
   2.81565527e-02  2.57698696e-02  2.34457177e-02  2.11948185e-02
   1.83968865e-02  1.69556653e-02  1.49623503e-02  1.30321660e-02
   1.11493299e-02  9.29805909e-03  7.46257101e-03  5.62708293e-03
   3.79159485e-03  1.95610677e-03]
 [ 0.00000000e+00  0.00000000e+00  0.00000000e+00  0.00000000e+00
   0.00000000e+00  0.00000000e+00  0.00000000e+00  0.00000000e+00
   0.00000000e+00  0.00000000e+00  0.00000000e+00  0.00000000e+00
   0.00000000e+00  0.00000000e+00  0.00000000e+00  0.00000000e+00
   0.00000000e+00  0.00000000e+00  0.00000000e+00  1.00000000e-03
   3.44239839e-02  1.00000000e-03 -8.13151629e-20  0.00000000e+00
   0.00000000e+00  0.00000000e+00  0.00000000e+00  0.00000000e+00
   0.00000000e+00  0.00000000e+00]
 [ 0.00000000e+00  0.00000000e+00  0.00000000e+00  0.00000000e+00
   0.00000000e+00  0.00000000e+00  0.00000000e+00  0.00000000e+00
   0.00000000e+00  0.00000000e+00  0.00000000e+00  0.00000000e+00
   0.00000000e+00  0.00000000e+00  0.00000000e+00  0.00000000e+00
   0.00000000e+00  0.00000000e+00  0.00000000e+00  1.00000000e-03
   3.44239839e-02  1.00000000e-03 -8.13151629e-20  0.00000000e+00
   0.00000000e+00  0.00000000e+00  0.00000000e+00  0.00000000e+00
   0.00000000e+00  0.00000000e+00]
 [ 0.00000000e+00  0.00000000e+00  6.65003373e-03  8.14812366e-03
   9.64621359e-03  1.11443035e-02  1.26025620e-02  1.39811575e-02
   1.52402586e-02  1.63400338e-02  1.72406517e-02  1.79022807e-02
   1.83276090e-02  1.85193246e-02  1.84801155e-02  1.82126698e-02
   1.77196757e-02  1.70038210e-02  1.61057826e-02  1.50662370e-02
   1.35708454e-02  1.27253309e-02  1.15053236e-02  1.03065158e-02
   9.12537420e-03  7.95836553e-03  6.80195656e-03  5.65261407e-03
   4.50680481e-03  3.36099555e-03]
 [ 0.00000000e+00  0.00000000e+00  2.33432275e-02  2.51480648e-02
   2.69529021e-02  2.87577394e-02  3.05625767e-02  3.23674140e-02
   3.39953792e-02  3.52696003e-02  3.60132052e-02  3.60493218e-02
   3.52010780e-02  3.32916017e-02  3.05938669e-02  2.73808473e-02
   2.39255169e-02  2.05008494e-02  1.73798187e-02  1.48353987e-02
   1.22323494e-02  1.10919834e-02  9.70078471e-03  8.50178952e-03
   7.39889612e-03  6.29600271e-03  5.19310930e-03  4.09021589e-03
   2.98732248e-03 -6.50521303e-19]
 [ 0.00000000e+00  0.00000000e+00  2.33432275e-02  2.51480648e-02
   2.69529021e-02  2.87577394e-02  3.05625767e-02  3.23674140e-02
   3.39953792e-02  3.52696003e-02  3.60132052e-02  3.60493218e-02
   3.52010780e-02  3.32916017e-02  3.05938669e-02  2.73808473e-02
   2.39255169e-02  2.05008494e-02  1.73798187e-02  1.48353987e-02
   1.22323494e-02  1.10919834e-02  9.70078471e-03  8.50178952e-03
   7.39889612e-03  6.29600271e-03  5.19310930e-03  4.09021589e-03
   2.98732248e-03 -6.50521303e-19]
 [ 0.00000000e+00  0.00000000e+00  1.86402175e-02  2.29043857e-02
   2.71685539e-02  3.12820798e-02  3.50943212e-02  3.84546359e-02
   4.12123815e-02  4.32169158e-02  4.43175966e-02  4.46317757e-02
   4.42768050e-02  4.33700364e-02  4.20288217e-02  4.03705128e-02
   3.85124616e-02  3.64638788e-02  3.42339751e-02  3.18319613e-02
   2.84675254e-02  2.65484460e-02  2.36853660e-02  2.07018877e-02
   1.76220907e-02  1.44700547e-02  1.12698594e-02  8.04558436e-03
   4.82130936e-03  1.59703436e-03]
 [ 0.00000000e+00  0.00000000e+00  1.06783227e-02  1.30277497e-02
   1.53771767e-02  1.77266036e-02  2.00760306e-02  2.23436643e-02
   2.44477114e-02  2.63063787e-02  2.78378729e-02  2.89604006e-02
   2.95921686e-02  2.97916789e-02  2.96174332e-02  2.91279335e-02
   2.83816816e-02  2.74371794e-02  2.63529289e-02  2.51106409e-02
   2.32295708e-02  2.20787956e-02  2.02526601e-02  1.81953304e-02
   1.58885175e-02  1.33738018e-02  1.06927639e-02  7.88698432e-03
   4.99804368e-03  2.06752250e-03]
 [ 0.00000000e+00  0.00000000e+00  1.17141324e-02  1.47649473e-02
   1.78157623e-02  2.08665773e-02  2.39173922e-02  2.69682072e-02
   3.00190222e-02  3.29529872e-02  3.56532524e-02  3.80029677e-02
   3.98852833e-02  4.11833493e-02  4.17803156e-02  4.17273646e-02
   4.10756783e-02  3.98764390e-02  3.81808288e-02  3.60400301e-02
   3.26797937e-02  3.06420809e-02  2.75162660e-02  2.41934479e-02
   2.07392943e-02  1.72194730e-02  1.36996517e-02  1.01798304e-02
   6.66000904e-03  3.14018771e-03]
 [ 0.00000000e+00  0.00000000e+00  3.59873815e-02  4.39773438e-02
   5.19673061e-02  5.96302097e-02  6.66389959e-02  7.26666060e-02
   7.73859813e-02  8.04700630e-02  8.15917924e-02  8.09966867e-02
   7.89302631e-02  7.56380387e-02  7.13655306e-02  6.63582560e-02
   6.08617321e-02  5.50357312e-02  4.90400260e-02  4.30343888e-02
   3.54771595e-02  3.16324086e-02  2.65556105e-02  2.18699671e-02
   1.74972473e-02  1.33592202e-02  9.37765500e-03  5.47432071e-03
   1.57098642e-03  1.00000000e-03]
 [ 4.10000000e-02  3.30000000e-02  2.60000000e-02  2.00000000e-02
   1.53156219e-02  1.26140524e-02  1.00892854e-02  7.82972209e-03
   5.92376367e-03  4.45981139e-03  3.52626648e-03  3.01625067e-03
   2.82288569e-03  2.83929329e-03  2.95859519e-03  3.07391313e-03
   3.07836885e-03  2.99303427e-03  2.83898133e-03  2.63728196e-03
   2.33877707e-03  2.17523163e-03  1.95702453e-03  1.75179189e-03
   1.55693882e-03  1.36987043e-03  1.18799183e-03  1.00870812e-03
   1.00000000e-03  1.00000000e-03]
 [ 0.00000000e+00  0.00000000e+00  0.00000000e+00  2.16422907e-03
   2.21016153e-03  2.25609398e-03  2.30202643e-03  2.34795888e-03
   2.38578561e-03  2.40740088e-03  2.40469897e-03  2.36957416e-03
   2.29392070e-03  2.16963289e-03  2.01292217e-03  1.84000000e-03
   1.66707783e-03  1.51036711e-03  1.38607930e-03  1.31042584e-03
   1.27397979e-03  1.27259912e-03  1.29421439e-03  1.33204112e-03
   1.37797357e-03  1.42390602e-03  1.46983847e-03  1.51577093e-03
   1.56170338e-03  1.08420217e-19]
 [ 0.00000000e+00  0.00000000e+00  0.00000000e+00  3.74890612e-02
   3.61172335e-02  3.47454058e-02  3.33630956e-02  3.19598202e-02
   3.05250972e-02  2.90484440e-02  2.75193780e-02  2.59274168e-02
   2.43374498e-02  2.28143666e-02  2.14230569e-02  2.02284101e-02
   1.92953159e-02  1.86886639e-02  1.83467902e-02  1.82080313e-02
   2.00000000e-02  2.00000000e-02  2.00000000e-02  2.00000000e-02
   2.00000000e-02  2.00000000e-02  2.00000000e-02  2.00000000e-02
   2.00000000e-02  6.93889390e-18]
 [ 0.00000000e+00  0.00000000e+00  0.00000000e+00  2.07236417e-03
   2.11829662e-03  2.16422907e-03  2.21016153e-03  2.25609398e-03
   2.30202643e-03  2.34795888e-03  2.38578561e-03  2.40740088e-03
   2.40469897e-03  2.36957416e-03  2.29392070e-03  2.16963289e-03
   2.01292217e-03  1.84000000e-03  1.66707783e-03  1.51036711e-03
   1.35893442e-03  1.31042584e-03  1.27530103e-03  1.27259912e-03
   1.29421439e-03  1.33204112e-03  1.37797357e-03  1.42390602e-03
   1.46983847e-03  1.08420217e-19]
 [ 0.00000000e+00  0.00000000e+00  0.00000000e+00  2.51759997e-03
   2.44512991e-03  2.37265986e-03  2.30018980e-03  2.22771975e-03
   2.15449048e-03  2.07974278e-03  2.00271744e-03  1.92265525e-03
   1.83879698e-03  1.75038343e-03  1.66146746e-03  1.57610193e-03
   1.49833970e-03  1.43223365e-03  1.38183663e-03  1.35120150e-03
   1.33654766e-03  1.33604234e-03  1.34493101e-03  1.36040697e-03
   1.37917659e-03  1.39794620e-03  1.41671582e-03  1.43548543e-03
   1.45425505e-03  2.16840434e-19]
 [ 0.00000000e+00  0.00000000e+00  0.00000000e+00  3.77066146e-02
   3.63461220e-02  3.49856293e-02  3.36139152e-02  3.22197581e-02
   3.07919366e-02  2.93192293e-02  2.77904146e-02  2.61942712e-02
   2.45955568e-02  2.30590296e-02  2.16494473e-02  2.04315680e-02
   2.00000000e-02  2.00000000e-02  2.00000000e-02  2.00000000e-02
   2.00000000e-02  2.00000000e-02  2.00000000e-02  2.00000000e-02
   2.00000000e-02  2.00000000e-02  2.00000000e-02  2.00000000e-02
   2.00000000e-02  6.93889390e-18]
 [ 0.00000000e+00  0.00000000e+00  0.00000000e+00  2.66254008e-03
   2.59007002e-03  2.51759997e-03  2.44512991e-03  2.37265986e-03
   2.30018980e-03  2.22771975e-03  2.15449048e-03  2.07974278e-03
   2.00271744e-03  1.92265525e-03  1.83879698e-03  1.75038343e-03
   1.66146746e-03  1.57610193e-03  1.49833970e-03  1.43223365e-03
   1.37083839e-03  1.35120150e-03  1.33703462e-03  1.33604234e-03
   1.34493101e-03  1.36040697e-03  1.37917659e-03  1.39794620e-03
   1.41671582e-03  6.50521303e-19]]","2D array of the thickness of the layers of the blade structure after the parametrization. The first dimension represents each layer, the second dimension represents each entry along blade span."
bos.plant_turbine_spacing,output,,[7.],Distance between turbines in rotor diameters
bos.plant_row_spacing,output,,[7.],Distance between turbine rows in rotor diameters
bos.commissioning_pct,output,,[0.01],
bos.decommissioning_pct,output,,[0.15],
bos.distance_to_substation,output,km,[50.],
bos.distance_to_interconnection,output,km,[8.],
bos.interconnect_voltage,output,kV,[130.],
configuration.rated_power,output,W,[5000000.],Electrical rated power of the generator.
configuration.lifetime,output,year,[25.],Turbine design lifetime.
configuration.rotor_diameter_user,output,m,[205.99253562],Diameter of the rotor specified by the user. It is defined as two times the blade length plus the hub diameter.
configuration.hub_height_user,output,m,[140.],Height of the hub center over the ground (land-based) or the mean sea level (offshore) specified by the user.
configuration.ws_class,output,n/a,III,"IEC wind turbine class. I - offshore, II coastal, III - land-based, IV - low wind speed site."
configuration.turb_class,output,n/a,A,"IEC wind turbine category. A - high turbulence intensity (land-based), B - mid turbulence, C - low turbulence (offshore)."
configuration.gearbox_type,output,n/a,constant_eff,"Gearbox configuration (geared, direct-drive, etc.)."
configuration.rotor_orientation,output,n/a,upwind,"Rotor orientation, either upwind or downwind."
configuration.upwind,output,n/a,True,Convenient boolean for upwind (True) or downwind (False).
configuration.n_blades,output,n/a,3,Number of blades of the rotor.
control.V_in,output,m/s,[4.],Cut in wind speed. This is the wind speed where region II begins.
control.V_out,output,m/s,[25.],Cut out wind speed. This is the wind speed where region III ends.
control.minOmega,output,rad/s,[0.],Minimum allowed rotor speed.
control.maxOmega,output,rad/s,[2.],Maximum allowed rotor speed.
control.max_TS,output,m/s,[85.],Maximum allowed blade tip speed.
control.max_pitch_rate,output,rad/s,[0.03488889],Maximum allowed blade pitch rate
control.max_torque_rate,output,N*m/s,[4500000.],Maximum allowed generator torque rate
control.rated_TSR,output,,[10.5],Constant tip speed ratio in region II.
control.rated_pitch,output,rad,[0.],Constant pitch angle in region II.
costs.offset_tcc_per_kW,output,USD/kW,[0.],Offset to turbine capital cost
costs.bos_per_kW,output,USD/kW,[441.],Balance of station/plant capital cost
costs.opex_per_kW,output,USD/kW/year,[43.],Average annual operational expenditures of the turbine
costs.wake_loss_factor,output,,[0.15],The losses in AEP due to waked conditions
costs.fixed_charge_rate,output,,[0.0578],Fixed charge rate for coe calculation
costs.labor_rate,output,USD/h,[58.8],
costs.painting_rate,output,USD/m**2,[30.],
costs.blade_mass_cost_coeff,output,USD/kg,[14.6],
costs.hub_mass_cost_coeff,output,USD/kg,[3.9],
costs.pitch_system_mass_cost_coeff,output,USD/kg,[22.1],
costs.spinner_mass_cost_coeff,output,USD/kg,[11.1],
costs.lss_mass_cost_coeff,output,USD/kg,[11.9],
costs.bearing_mass_cost_coeff,output,USD/kg,[4.5],
costs.gearbox_torque_cost,output,USD/kN/m,[50.],
costs.hss_mass_cost_coeff,output,USD/kg,[6.8],
costs.generator_mass_cost_coeff,output,USD/kg,[12.4],
costs.bedplate_mass_cost_coeff,output,USD/kg,[2.9],
costs.yaw_mass_cost_coeff,output,USD/kg,[8.3],
costs.converter_mass_cost_coeff,output,USD/kg,[18.8],
costs.transformer_mass_cost_coeff,output,USD/kg,[18.8],
costs.hvac_mass_cost_coeff,output,USD/kg,[124.],
costs.cover_mass_cost_coeff,output,USD/kg,[5.7],
costs.elec_connec_machine_rating_cost_coeff,output,USD/kW,[41.85],
costs.platforms_mass_cost_coeff,output,USD/kg,[17.1],
costs.tower_mass_cost_coeff,output,USD/kg,[2.9],
costs.controls_machine_rating_cost_coeff,output,USD/kW,[21.15],
costs.crane_cost,output,USD,[12000.],
costs.electricity_price,output,USD/kW/h,[0.04],
costs.reserve_margin_price,output,USD/kW/year,[120.],
costs.capacity_credit,output,,[1.],
costs.benchmark_price,output,USD/kW/h,[0.071],
costs.turbine_number,output,n/a,120,Number of turbines at plant
env.rho_air,output,kg/m**3,[1.225],Density of air
env.mu_air,output,kg/m/s,[1.81e-05],Dynamic viscosity of air
env.shear_exp,output,,[0.2],Shear exponent of the wind.
env.speed_sound_air,output,m/s,[340.],Speed of sound in air.
env.weibull_k,output,,[2.],Shape parameter of the Weibull probability density function of the wind.
env.rho_water,output,kg/m**3,[1025.],Density of ocean water
env.mu_water,output,kg/m/s,[0.0013351],Dynamic viscosity of ocean water
env.water_depth,output,m,[0.],Water depth for analysis.  Values > 0 mean offshore
env.Hsig_wave,output,m,[0.],Significant wave height
env.Tsig_wave,output,s,[0.],Significant wave period
env.G_soil,output,N/m**2,[1.4e+08],Shear stress of soil
env.nu_soil,output,,[0.4],Poisson ratio of soil
generator.generator_radius_user,output,m,[0.],
generator.generator_mass_user,output,kg,[0.],
generator.generator_efficiency_user,output,,"[[0.         0.95      ]
 [0.05263158 0.95      ]
 [0.10526316 0.95      ]
 [0.15789474 0.95      ]
 [0.21052632 0.95      ]
 [0.26315789 0.95      ]
 [0.31578947 0.95      ]
 [0.36842105 0.95      ]
 [0.42105263 0.95      ]
 [0.47368421 0.95      ]
 [0.52631579 0.95      ]
 [0.57894737 0.95      ]
 [0.63157895 0.95      ]
 [0.68421053 0.95      ]
 [0.73684211 0.95      ]
 [0.78947368 0.95      ]
 [0.84210526 0.95      ]
 [0.89473684 0.95      ]
 [0.94736842 0.95      ]
 [1.         0.95      ]]",
high_level_tower_props.tower_ref_axis,output,m,"[[  0.    0.    0. ]
 [  0.    0.   13.7]
 [  0.    0.   27.4]
 [  0.    0.   41.1]
 [  0.    0.   54.8]
 [  0.    0.   68.5]
 [  0.    0.   82.2]
 [  0.    0.   95.9]
 [  0.    0.  109.6]
 [  0.    0.  123.3]
 [  0.    0.  137. ]]","2D array of the coordinates (x,y,z) of the tower reference axis. The coordinate system is the global coordinate system of OpenFAST: it is placed at tower base with x pointing downwind, y pointing on the side and z pointing vertically upwards. A standard tower configuration will have zero x and y values and positive z values."
high_level_tower_props.hub_height,output,m,[140.],"Height of the hub in the global reference system, i.e. distance rotor center to ground."
hub.radius,output,m,[3.],Radius of the hub. It defines the distance of the blade root from the rotor center along the coned line.
hub.cone,output,rad,[0.03490659],Cone angle of the rotor. It defines the angle between the rotor plane and the blade pitch axis. A standard machine has positive values.
hub.flange_t2shell_t,output,,[4.],
hub.flange_OD2hub_D,output,,[0.5],
hub.flange_ID2flange_OD,output,,[0.8],
hub.hub_stress_concentration,output,,[2.5],
hub.clearance_hub_spinner,output,m,[0.75],
hub.spin_hole_incr,output,,[1.2],
hub.pitch_system_scaling_factor,output,,[0.54],
hub.hub_in2out_circ,output,,[1.2],
hub.n_front_brackets,output,n/a,3,
hub.n_rear_brackets,output,n/a,3,
hub.hub_material,output,n/a,steel,
hub.spinner_material,output,n/a,glass_biax,
materials.ply_t,output,m,[0.    0.    0.005 0.005 0.001 0.001 0.    0.    0.    0.   ],1D array of the ply thicknesses of the materials. Non-composite materials are kept at 0.
materials.fvf,output,,"[0.         0.         0.57       0.69230769 0.57       0.57
 0.         0.         0.         0.        ]",1D array of the non-dimensional fiber volume fraction of the composite materials. Non-composite materials are kept at 0.
materials.fwf,output,,"[0.         0.         0.74506827 0.77884615 0.74506827 0.74506827
 0.         0.         0.         0.        ]",1D array of the non-dimensional fiber weight- fraction of the composite materials. Non-composite materials are kept at 0.
materials.E,output,Pa,"[[3.44000e+09 3.44000e+09 3.44000e+09]
 [4.56000e+06 4.56000e+06 4.56000e+06]
 [4.37000e+10 1.65000e+10 1.54500e+10]
 [1.57599e+11 9.10000e+09 9.10000e+09]
 [1.10231e+10 1.10231e+10 1.60477e+10]
 [2.82114e+10 1.62388e+10 1.58355e+10]
 [1.42500e+08 1.42500e+08 1.42500e+08]
 [1.00000e+06 1.00000e+06 1.00000e+06]
 [2.00000e+11 2.00000e+11 2.00000e+11]
 [2.10000e+11 2.10000e+11 2.10000e+11]]","2D array of the Youngs moduli of the materials. Each row represents a material, the three columns represent E11, E22 and E33."
materials.G,output,Pa,"[[1.32300e+09 1.32300e+09 1.32300e+09]
 [1.45000e+06 1.45000e+06 1.45000e+06]
 [3.26500e+09 3.49500e+09 3.48000e+09]
 [4.13100e+09 4.13100e+09 2.68900e+09]
 [1.32314e+10 3.48748e+09 3.48748e+09]
 [8.24822e+09 3.49124e+09 3.49124e+09]
 [5.40000e+10 5.40000e+10 5.40000e+10]
 [3.12500e+05 3.12500e+05 3.12500e+05]
 [7.93000e+10 7.93000e+10 7.93000e+10]
 [8.39000e+10 8.39000e+10 8.39000e+10]]","2D array of the shear moduli of the materials. Each row represents a material, the three columns represent G12, G13 and G23."
materials.nu,output,,"[[0.3      0.3      0.3     ]
 [0.3      0.3      0.3     ]
 [0.262    0.264    0.35    ]
 [0.3133   0.3133   0.47066 ]
 [0.688074 0.117173 0.117173]
 [0.497511 0.18091  0.27481 ]
 [0.3194   0.3194   0.3194  ]
 [0.3      0.3      0.3     ]
 [0.3      0.3      0.3     ]
 [0.283    0.283    0.283   ]]","2D array of the Poisson ratio of the materials. Each row represents a material, the three columns represent nu12, nu13 and nu23."
materials.Xt,output,Pa,"[[0.0000e+00 0.0000e+00 0.0000e+00]
 [6.1510e+07 6.1510e+07 6.1510e+07]
 [6.4023e+08 3.8100e+07 0.0000e+00]
 [1.2852e+09 3.8100e+07 0.0000e+00]
 [4.6210e+07 4.6210e+07 4.6210e+07]
 [4.3563e+08 7.6440e+07 0.0000e+00]
 [2.0830e+06 2.0830e+06 2.0830e+06]
 [0.0000e+00 0.0000e+00 0.0000e+00]
 [4.5000e+08 4.5000e+08 4.5000e+08]
 [1.7900e+09 1.7900e+09 1.7900e+09]]","2D array of the Ultimate Tensile Strength (UTS) of the materials. Each row represents a material, the three columns represent Xt12, Xt13 and Xt23."
materials.Xc,output,Pa,"[[0.0000e+00 0.0000e+00 0.0000e+00]
 [6.5360e+07 6.5360e+07 6.5360e+07]
 [3.7069e+08 8.2180e+07 0.0000e+00]
 [8.7821e+08 8.2180e+07 0.0000e+00]
 [7.0690e+07 7.0690e+07 7.0690e+07]
 [3.4310e+08 1.7471e+08 0.0000e+00]
 [1.5630e+06 1.5630e+06 1.5630e+06]
 [0.0000e+00 0.0000e+00 0.0000e+00]
 [4.5000e+08 4.5000e+08 4.5000e+08]
 [1.7900e+09 1.7900e+09 1.7900e+09]]","2D array of the Ultimate Compressive Strength (UCS) of the materials. Each row represents a material, the three columns represent Xc12, Xc13 and Xc23."
materials.S,output,Pa,"[[0.0000e+00 0.0000e+00 0.0000e+00]
 [3.6610e+07 3.6610e+07 3.6610e+07]
 [3.0170e+07 1.8970e+07 6.2100e+06]
 [3.0170e+07 1.8970e+07 6.2100e+06]
 [1.2446e+08 1.8970e+07 6.2100e+06]
 [8.5060e+07 1.8970e+07 6.2100e+06]
 [1.2500e+06 1.2500e+06 1.2500e+06]
 [0.0000e+00 0.0000e+00 0.0000e+00]
 [0.0000e+00 0.0000e+00 0.0000e+00]
 [0.0000e+00 0.0000e+00 0.0000e+00]]","2D array of the Ultimate Shear Strength (USS) of the materials. Each row represents a material, the three columns represent S12, S13 and S23."
materials.sigma_y,output,Pa,"[0.00e+00 0.00e+00 0.00e+00 0.00e+00 0.00e+00 0.00e+00 0.00e+00 0.00e+00
 3.45e+08 1.65e+09]",Yield stress of the material (in the principle direction for composites).
materials.wohler_exp,output,,[ 1.   1.  10.  16.1 10.  10.   1.   1.   3.   1. ],Exponent of S-N Wohler fatigue curve in the form of S = A*N^-(1/m).
materials.wohler_intercept,output,,"[0.00000000e+00 6.53600000e+07 6.40230000e+08 1.28520000e+09
 7.06900000e+07 4.35630000e+08 2.08300000e+06 0.00000000e+00
 3.55346484e+10 1.79000000e+09]","Stress-intercept (A) of S-N Wohler fatigue curve in the form of S = A*N^-(1/m), taken as ultimate stress unless otherwise specified."
materials.unit_cost,output,USD/kg,[ 7.23  7.23  1.87 20.08  3.    2.86 13.    3.63  0.7   2.  ],1D array of the unit costs of the materials.
materials.waste,output,,[0.25 0.25 0.05 0.05 0.15 0.15 0.2  0.   0.   0.  ],1D array of the non-dimensional waste fraction of the materials.
materials.roll_mass,output,kg,"[  0.       0.       0.       0.     181.4368 181.4368   0.       0.
   0.       0.    ]",1D array of the roll mass of the composite fabrics. Non-composite materials are kept at 0.
materials.orth,output,n/a,[0. 0. 1. 1. 1. 1. 0. 0. 0. 0.],1D array of flags to set whether a material is isotropic (0) or orthtropic (1). Each entry represents a material.
nacelle.uptilt,output,rad,[0.06981317],Nacelle uptilt angle. A standard machine has positive values.
nacelle.distance_tt_hub,output,m,[3.],Vertical distance from tower top plane to hub flange
nacelle.overhang,output,m,[7.],Horizontal distance from tower top edge to hub flange
nacelle.gearbox_efficiency,output,,[0.95],Efficiency of the gearbox. Set to 1.0 for direct-drive
nacelle.gearbox_mass_user,output,kg,[0.],User override of gearbox mass.
nacelle.gearbox_torque_density,output,N*m/kg,[200.],Torque density of the gearbox.
nacelle.gearbox_radius_user,output,m,[0.],User override of gearbox radius (only used if gearbox_mass_user is > 0).
nacelle.gearbox_length_user,output,m,[0.],User override of gearbox length (only used if gearbox_mass_user is > 0).
nacelle.gear_ratio,output,,[96.76],Total gear ratio of drivetrain (use 1.0 for direct)
nacelle.distance_hub_mb,output,m,[1.912],Distance from hub flange to first main bearing along shaft
nacelle.distance_mb_mb,output,m,[0.368],Distance from first to second main bearing along shaft
nacelle.L_generator,output,m,[2.],Generator length along shaft
nacelle.lss_diameter,output,m,[0.577 0.577],Diameter of low speed shaft
nacelle.lss_wall_thickness,output,m,[0.288 0.288],Thickness of low speed shaft
nacelle.damping_ratio,output,,[0.005],Damping ratio for the drivetrain system
nacelle.brake_mass_user,output,kg,[0.],Override regular regression-based calculation of brake mass with this value
nacelle.hvac_mass_coeff,output,kg/kW/m,[0.08],Regression-based scaling coefficient on machine rating to get HVAC system mass
nacelle.converter_mass_user,output,kg,[0.],Override regular regression-based calculation of converter mass with this value
nacelle.transformer_mass_user,output,kg,[0.],Override regular regression-based calculation of transformer mass with this value
nacelle.hss_length,output,m,[1.5],Length of high speed shaft
nacelle.hss_diameter,output,m,[0.288 0.288],Diameter of high speed shaft
nacelle.hss_wall_thickness,output,m,[0.144 0.144],Wall thickness of high speed shaft
nacelle.bedplate_flange_width,output,m,[1.],Bedplate I-beam flange width
nacelle.bedplate_flange_thickness,output,m,[0.05],Bedplate I-beam flange thickness
nacelle.bedplate_web_thickness,output,m,[0.05],Bedplate I-beam web thickness
nacelle.mb1Type,output,n/a,CARB,Type of main bearing: CARB / CRB / SRB / TRB
nacelle.mb2Type,output,n/a,SRB,Type of main bearing: CARB / CRB / SRB / TRB
nacelle.uptower,output,n/a,True,If power electronics are located uptower (True) or at tower base (False)
nacelle.lss_material,output,n/a,steel,Material name identifier for the low speed shaft
nacelle.hss_material,output,n/a,steel,Material name identifier for the high speed shaft
nacelle.bedplate_material,output,n/a,steel,Material name identifier for the bedplate
nacelle.gear_configuration,output,n/a,eep,3-letter string of Es or Ps to denote epicyclic or parallel gear configuration
nacelle.planet_numbers,output,n/a,"[3, 3, 1]",Number of planets for epicyclic stages (use 0 for parallel)
tower.ref_axis,output,m,"[[  0.    0.    0. ]
 [  0.    0.   13.7]
 [  0.    0.   27.4]
 [  0.    0.   41.1]
 [  0.    0.   54.8]
 [  0.    0.   68.5]
 [  0.    0.   82.2]
 [  0.    0.   95.9]
 [  0.    0.  109.6]
 [  0.    0.  123.3]
 [  0.    0.  137. ]]","2D array of the coordinates (x,y,z) of the tower reference axis. The coordinate system is the global coordinate system of OpenFAST: it is placed at tower base with x pointing downwind, y pointing on the side and z pointing vertically upwards. A standard tower configuration will have zero x and y values and positive z values."
tower.diameter,output,m,"[6.         6.         6.         6.         6.         6.
 6.         6.         6.         5.89079213 5.53032592]",1D array of the outer diameter values defined along the tower axis.
tower.cd,output,,[1. 1. 1. 1. 1. 1. 1. 1. 1. 1. 1.],1D array of the drag coefficients defined along the tower height.
tower.layer_thickness,output,m,"[[0.06515525 0.05866464 0.05197538 0.04607753 0.04094533 0.03582223
  0.03074005 0.02575014 0.02129438 0.01803766 0.01803766]]","2D array of the thickness of the layers of the tower structure. The first dimension represents each layer, the second dimension represents each piecewise-constant entry of the tower sections."
tower.outfitting_factor,output,,[1.07],Multiplier that accounts for secondary structure mass inside of tower
tower.layer_name,output,n/a,['tower_wall'],1D array of the names of the layers modeled in the tower structure.
tower.layer_mat,output,n/a,['steel'],1D array of the names of the materials of each layer modeled in the tower structure.
tower_grid.s,output,,[0.  0.1 0.2 0.3 0.4 0.5 0.6 0.7 0.8 0.9 1. ],"1D array of the non-dimensional grid defined along the tower axis (0-tower base, 1-tower top)"
tower_grid.height,output,m,[137.],Scalar of the tower height computed along the z axis.
tower_grid.length,output,m,[137.],Scalar of the tower length computed along its curved axis. A standard straight tower will be as high as long.
tower_grid.foundation_height,output,m,[0.],Foundation height in respect to the ground level.
drivese.bear1.mb_max_defl_ang,output,rad,[0.00872665],
drivese.bear1.mb_mass,output,kg,[1480.55356999],
drivese.bear1.mb_I,output,kg*m**2,[134.02030141  70.60698288  70.60698288],
drivese.bear2.mb_max_defl_ang,output,rad,[0.078],
drivese.bear2.mb_mass,output,kg,[1349.62411874],
drivese.bear2.mb_I,output,kg*m**2,[118.75932276  61.52201828  61.52201828],
drivese.mb1_deflection,output,m,[9.82145092e-05],
drivese.mb2_deflection,output,m,[6.27747939e-05],
drivese.stator_deflection,output,m,[0.0003684],
drivese.mb1_angle,output,rad,[0.00015391],
drivese.mb2_angle,output,rad,[0.00015506],
drivese.stator_angle,output,rad,[0.00015328],
drivese.base_F,output,N,"[[ 2188181.88824657]
 [   42091.27340261]
 [-1935655.03895519]]",
drivese.base_M,output,N*m,"[[15682807.7685518 ]
 [ 5278210.16179379]
 [ 1118431.73455962]]",
drivese.bedplate_axial_stress,output,Pa,"[[5.74191235e+04]
 [8.44711434e+05]
 [3.98178722e+05]
 [1.44331513e+06]
 [3.38134816e+06]
 [2.36278950e+07]
 [2.25771410e+07]
 [6.22688604e+06]
 [5.77968834e+06]
 [5.24768232e+04]
 [1.27502310e+00]
 [5.74166229e+04]
 [3.38999408e+05]
 [1.18792890e+06]
 [2.23306471e+06]
 [5.00798777e+06]
 [3.17584732e+07]
 [3.15326635e+07]
 [6.18606782e+06]
 [5.76608131e+06]
 [5.24765748e+04]
 [1.40068796e+00]]",
drivese.bedplate_shear_stress,output,Pa,"[[2.89704987e+05]
 [5.96182310e+05]
 [8.12721534e+05]
 [1.02999944e+06]
 [1.48063464e+06]
 [8.01797468e+06]
 [7.98719851e+06]
 [6.55426056e+06]
 [6.50095517e+06]
 [2.76946636e+05]
 [5.15024530e+00]
 [2.89692378e+05]
 [5.90894034e+06]
 [6.12561992e+06]
 [6.34289319e+06]
 [6.79291768e+06]
 [5.56553801e+06]
 [5.53510535e+06]
 [6.55426046e+06]
 [6.50095809e+06]
 [2.76949802e+05]
 [7.32833316e-01]]",
drivese.bedplate_bending_stress,output,Pa,"[[0.]
 [0.]
 [0.]
 [0.]
 [0.]
 [0.]
 [0.]
 [0.]
 [0.]
 [0.]
 [0.]
 [0.]
 [0.]
 [0.]
 [0.]
 [0.]
 [0.]
 [0.]
 [0.]
 [0.]
 [0.]
 [0.]]",
drivese.constr_bedplate_vonmises,output,,"[[2.56920965e-03]
 [6.78653660e-03]
 [7.44174131e-03]
 [1.16732686e-02]
 [2.15883340e-02]
 [1.39417988e-01]
 [1.34695205e-01]
 [6.58655988e-02]
 [6.43840819e-02]
 [2.45469839e-03]
 [4.58393112e-08]
 [2.56909783e-03]
 [5.20914403e-02]
 [5.43092668e-02]
 [5.70291751e-02]
 [6.50476618e-02]
 [1.68832267e-01]
 [1.67655240e-01]
 [6.57659921e-02]
 [6.43525257e-02]
 [2.45472598e-03]
 [9.61564072e-09]]",
drivese.constr_mb1_defl,output,,[0.0176373],
drivese.constr_mb2_defl,output,,[0.00198794],
drivese.constr_stator_deflection,output,,[6.46538356],
drivese.constr_stator_angle,output,,[0.26901264],
drivese.drivetrain_spring_constant,output,N*m/rad,[3.62183459e+08],
drivese.drivetrain_damping_coefficient,output,N*m*s/rad,[2704046.14995739],
drivese.stage_ratios,output,,[0. 0. 0.],
drivese.D_gearbox,output,m,[2.47191043],
drivese.generator_efficiency,output,,"[0.95 0.95 0.95 0.95 0.95 0.95 0.95 0.95 0.95 0.95 0.95 0.95 0.95 0.95
 0.95 0.95 0.95 0.95 0.95 0.95]",
drivese.hss_axial_stress,output,Pa,"[[6.86152286e+05]
 [1.38711419e-02]]",
drivese.hss_shear_stress,output,Pa,"[[86118460.24381435]
 [83224371.50902654]]",
drivese.hss_bending_stress,output,Pa,"[[0.]
 [0.]]",
drivese.constr_hss_vonmises,output,,"[[0.75878634]
 [0.73327888]]",
drivese.hub_system_cost,output,USD,[11161.95034887],
drivese.constr_hub_diameter,output,m,[-0.23538291],
drivese.spinner.spinner_diameter,output,m,[7.5],
drivese.L_lss,output,m,[2.38],
drivese.constr_length,output,m,[2.17556703],
drivese.torq_deflection,output,m,[0.00038664],
drivese.torq_angle,output,rad,[1.51178365e-06],
drivese.lss_axial_stress,output,Pa,"[[1.83470571e+06]
 [3.21962725e+08]
 [3.18999649e+08]
 [3.60059734e+08]]",
drivese.lss_shear_stress,output,Pa,"[[1.00421619e+09]
 [1.00424776e+09]
 [1.00427935e+09]
 [1.00438710e+09]]",
drivese.constr_lss_vonmises,output,,"[[8.84802033]
 [8.99859561]
 [8.99613812]
 [9.03708007]]",
drivese.lss_axial_load2stress,output,m**2,[ 3.82436907  0.          0.          0.         53.02402191 53.02402191],
drivese.lss_shear_load2stress,output,m**2,[ 0.          4.29987073  4.29987073 26.51201095  0.          0.        ],
drivese.constr_shaft_deflection,output,,[6.78549321],
drivese.constr_shaft_angle,output,,[0.00265318],
drivese.hub_E,output,Pa,[2.e+11],
drivese.hub_G,output,Pa,[7.93e+10],
drivese.hub_rho,output,kg/m**3,[7800.],
drivese.hub_Xy,output,Pa,[3.45e+08],
drivese.hub_wohler_exp,output,,[3.],
drivese.hub_wohler_A,output,,[3.55346484e+10],
drivese.hub_mat_cost,output,USD/kg,[0.7],
drivese.spinner_rho,output,kg/m**3,[1940.],
drivese.spinner_Xt,output,Pa,[46210000.],
drivese.spinner_mat_cost,output,USD/kg,[3.],
drivese.lss_Xt,output,Pa,[4.5e+08],
drivese.lss_wohler_exp,output,,[3.],
drivese.lss_wohler_A,output,,[3.55346484e+10],
drivese.lss_cost,output,USD/kg,[0.7],
drivese.hss_Xt,output,Pa,[4.5e+08],
drivese.hss_wohler_exp,output,,[3.],
drivese.hss_wohler_A,output,,[3.55346484e+10],
drivese.hss_cost,output,USD/kg,[0.7],
drivese.bedplate_mat_cost,output,USD/kg,[0.7],
drivese.cover_length,output,m,[9.84284162],
drivese.cover_height,output,m,[4.08096352],
drivese.cover_width,output,m,[3.39887684],
drivese.mean_bearing_mass,output,kg,[1415.08884437],
drivese.total_bedplate_mass,output,kg,[28022.72936555],
drivese.above_yaw_mass,output,kg,[160973.21115142],
drivese.above_yaw_cm,output,m,[-0.04703897 -0.19515583  1.36442265],
drivese.nacelle_I,output,kg*m**2,"[ 9.55872986e+05  1.40690107e+06  1.97184653e+06  1.34572710e+03
 -4.35522404e+04  9.49974571e+03]",
drivese.above_yaw_I,output,kg*m**2,"[ 9.28557244e+05  1.38010114e+06  1.97126709e+06  1.47772265e+03
 -4.44750810e+04  5.67105363e+03]",
drivese.above_yaw_I_TT,output,kg*m**2,"[ 1.23436368e+06  1.68013297e+06  1.97775407e+06  3.41060513e-12
 -3.41436540e+04  4.85342019e+04]",
drivese.rotor_mass,output,kg,[186609.5512417],
drivese.rna_mass,output,kg,[365300.98901408],
drivese.rna_cm,output,m,[-6.38444196 -0.0859972   2.15221498],
drivese.rna_I_TT,output,kg*m**2,"[2.04343583e+08 1.33359142e+08 1.32430348e+08 1.45286730e+01
 3.82956956e+03 4.81127800e+04]",
drivese.hss_rpm,output,rpm,"[  9.676       49.30061045  88.92522091 128.54983136 168.17444181
 207.79905226 247.42366272 287.04827317 326.67288362 366.29749407
 405.92210453 445.54671498 485.17132543 524.79593589 564.42054634
 604.04515679 643.66976724 683.2943777  722.91898815 762.5435986 ]",
rotorse.rc_in.sect_perimeter,output,m,"[14.13639991 14.067995   13.37760306 12.65683147 11.87075318 11.29996378
 11.01634508 10.8028031  10.65533525 10.56454047 10.48707403 10.31284639
 10.13063124  9.73989212  9.32909514  8.78258257  8.23620319  7.70270953
  7.16696369  6.62706686  5.92376668]",Perimeter of the section along the blade span
rotorse.rc_in.layer_volume,output,m**3,"[0.71414744 7.96811048 1.80648472 1.66325688 0.13258918 0.13258918
 0.29862668 1.07142784 1.07142784 4.61326899 2.06391372 2.32755415
 8.93762624 7.77091223 0.20782437 2.80357287 0.21073948 0.20190217
 2.88907167 0.21635169]","Volumes of each layer used in the blade, ignoring the scrap factor"
rotorse.rc_in.mat_volume,output,m**3,"[ 0.71414744  0.          2.44148236  3.4697416   0.83681771 16.00420106
 23.63500763  0.          0.          0.        ]","Volumes of each material used in the blade, ignoring the scrap factor. For laminates, this is the wet volume"
rotorse.rc_in.mat_mass,output,kg,"[  881.97209068   200.26255571  4736.47577421  5551.58655518
  1623.42635088 31048.15006336  3072.55099208     0.
     0.             0.        ]","Masses of each material used in the blade, ignoring the scrap factor. For laminates, this is the wet mass."
rotorse.rc_in.mat_cost,output,USD,"[ 6376.65821564  1447.89827781  6599.22590332 86822.54327175
  3628.69038639 66160.35552717 39943.16289709 39074.24272033
     0.             0.        ]","Costs of each material used in the blade, ignoring the scrap factor. For laminates, this is the cost of the dry fabric."
rotorse.rc_in.mat_cost_scrap,output,USD,"[ 7970.82276955  1447.89827781  6929.18719848 91163.67043534
  4172.99394435 76084.40885625 47931.7954765  39074.24272033
     0.             0.        ]","Same as mat_cost, now including the scrap factor."
rotorse.rc_in.total_labor_hours,output,h,[1855.52021694],Total amount of labor hours per blade.
rotorse.rc_in.total_skin_mold_gating_ct,output,h,[23.9999],Total amount of gating cycle time per blade. This is the cycle time required in the main mold that cannot be parallelized unless the number of molds is increased.
rotorse.rc_in.total_non_gating_ct,output,h,[205.85380473],Total amount of non-gating cycle time per blade. This cycle time can happen in parallel.
rotorse.rc_in.total_metallic_parts_cost,output,USD,[6482.0816564],"Cost of the metallic parts (bolts, nuts, lightining protection system), excluding the blade joint."
rotorse.rc_in.total_consumable_cost_w_waste,output,USD,[9159.24677595],Cost of the consumables including the waste.
rotorse.rc_in.total_blade_mat_cost_w_waste,output,USD,[290416.34811097],Total blade material costs including the waste per blade.
rotorse.rc_in.total_cost_labor,output,USD,[109782.17736334],Total labor costs per blade.
rotorse.rc_in.total_cost_utility,output,USD,[2051.65452675],Total utility costs per blade.
rotorse.rc_in.blade_variable_cost,output,USD,[402250.18000106],"Total blade variable costs per blade (material, labor, utility)."
rotorse.rc_in.total_cost_equipment,output,USD,[10666.31687794],Total equipment cost per blade.
rotorse.rc_in.total_cost_tooling,output,USD,[21219.4714529],Total tooling cost per blade.
rotorse.rc_in.total_cost_building,output,USD,[1174.32852687],Total builting cost per blade.
rotorse.rc_in.total_maintenance_cost,output,USD,[9070.83641589],Total maintenance cost per blade.
rotorse.rc_in.total_labor_overhead,output,USD,[32934.653209],Total labor overhead cost per blade.
rotorse.rc_in.cost_capital,output,USD,[20822.04177103],Cost of capital per blade.
rotorse.rc_in.blade_fixed_cost,output,USD,[95887.64825364],"Total blade fixed cost per blade (equipment, tooling, building, maintenance, labor, capital)."
rotorse.rc_in.total_blade_cost,output,USD,[498137.8282547],Total blade cost (variable and fixed)
rotorse.rc_out.sect_perimeter,output,m,"[5.92376668 5.54618293 5.01024056 4.47072636 3.92385851 3.36609329
 2.79948094 2.22217811 1.63324664 1.03519409]",Perimeter of the section along the blade span
rotorse.rc_out.layer_volume,output,m**3,"[0.10615492 0.17884151 0.30681048 0.22236179 0.07163332 0.07163332
 0.07227528 0.06161732 0.06161732 0.32532191 0.0847721  0.12541659
 0.3555373  0.15922508 0.01265794 0.18586824 0.01230427 0.01268972
 0.18569865 0.0125686 ]","Volumes of each layer used in the blade, ignoring the scrap factor"
rotorse.rc_out.mat_volume,output,m**3,"[0.10615492 0.         0.19550992 0.52917227 0.05022053 0.48133323
 1.26261478 0.         0.         0.        ]","Volumes of each material used in the blade, ignoring the scrap factor. For laminates, this is the wet volume"
rotorse.rc_out.mat_mass,output,kg,"[131.10132321  95.20678878 379.28924815 846.67563393  97.4278351
 933.78646091 164.13992184   0.           0.           0.        ]","Masses of each material used in the blade, ignoring the scrap factor. For laminates, this is the wet mass."
rotorse.rc_out.mat_cost,output,USD,"[  947.86256683   688.34508289   528.45523772 13241.35562573
   217.77116553  1989.80113515  2133.81898397  1984.98448598
     0.             0.        ]","Costs of each material used in the blade, ignoring the scrap factor. For laminates, this is the cost of the dry fabric."
rotorse.rc_out.mat_cost_scrap,output,USD,"[ 1184.82820853   688.34508289   554.87799961 13903.42340701
   250.43684036  2288.27130543  2560.58278076  1984.98448598
     0.             0.        ]","Same as mat_cost, now including the scrap factor."
rotorse.rc_out.total_labor_hours,output,h,[346.77135289],Total amount of labor hours per blade.
rotorse.rc_out.total_skin_mold_gating_ct,output,h,[23.9999],Total amount of gating cycle time per blade. This is the cycle time required in the main mold that cannot be parallelized unless the number of molds is increased.
rotorse.rc_out.total_non_gating_ct,output,h,[69.14545872],Total amount of non-gating cycle time per blade. This cycle time can happen in parallel.
rotorse.rc_out.total_metallic_parts_cost,output,USD,[3428.76681457],"Cost of the metallic parts (bolts, nuts, lightining protection system), excluding the blade joint."
rotorse.rc_out.total_consumable_cost_w_waste,output,USD,[2900.37995335],Cost of the consumables including the waste.
rotorse.rc_out.total_blade_mat_cost_w_waste,output,USD,[29744.8968785],Total blade material costs including the waste per blade.
rotorse.rc_out.total_cost_labor,output,USD,[20430.03368372],Total labor costs per blade.
rotorse.rc_out.total_cost_utility,output,USD,[162.8355224],Total utility costs per blade.
rotorse.rc_out.blade_variable_cost,output,USD,[50337.76608462],"Total blade variable costs per blade (material, labor, utility)."
rotorse.rc_out.total_cost_equipment,output,USD,[1499.41691525],Total equipment cost per blade.
rotorse.rc_out.total_cost_tooling,output,USD,[2507.49624206],Total tooling cost per blade.
rotorse.rc_out.total_cost_building,output,USD,[179.36097922],Total builting cost per blade.
rotorse.rc_out.total_maintenance_cost,output,USD,[1216.1993399],Total maintenance cost per blade.
rotorse.rc_out.total_labor_overhead,output,USD,[6129.01010512],Total labor overhead cost per blade.
rotorse.rc_out.cost_capital,output,USD,[2774.84031721],Cost of capital per blade.
rotorse.rc_out.blade_fixed_cost,output,USD,[14306.32389875],"Total blade fixed cost per blade (equipment, tooling, building, maintenance, labor, capital)."
rotorse.rc_out.total_blade_cost,output,USD,[64644.08998337],Total blade cost (variable and fixed)
rotorse.rp.AEP,output,kW*h,[24621828.35418958],annual energy production
rotorse.rp.cdf.F,output,m/s,"[0.20020685 0.209702   0.21932723 0.22907501 0.23893779 0.24890799
 0.25897806 0.26914044 0.27938758 0.28971197 0.30010612 0.3105626
 0.32107402 0.33163306 0.34223247 0.35286505 0.36352373 0.37420149
 0.38489144 0.39558676 0.40628078 0.41696693 0.42763876 0.43828996
 0.44891435 0.4595059  0.47005871 0.48056704 0.4910253  0.50142806
 0.51177006 0.52204619 0.53225151 0.54238125 0.55243083 0.56239582
 0.57227198 0.58205524 0.59174171 0.60132768 0.61080961 0.62018417
 0.62944816 0.63859861 0.64763269 0.65654776 0.66534137 0.67401122
 0.68255519 0.69097135 0.69925792 0.70741329 0.71543601 0.7233248
 0.73107854 0.73869625 0.74617713 0.75352049 0.76072582 0.76779275
 0.77472102 0.78151053 0.7881613  0.79467349 0.80104736 0.80728332
 0.81338185 0.81934359 0.82516925 0.83085965 0.83641573 0.84183848
 0.84712902 0.85228853 0.85731828 0.86221962 0.86699395 0.87164277
 0.87616762 0.88057011 0.88485189 0.88901468 0.89306024 0.89699037
 0.90080692 0.90451177 0.90810682 0.91159401 0.91497532 0.91825273
 0.92142824 0.92450388 0.92748168 0.93036368 0.93315194 0.93584852
 0.93845545 0.94097481 0.94340863 0.94575898 0.94802787 0.95021734
 0.95232939 0.95436604 0.95632926 0.95822101 0.96004324 0.96179787
 0.96348681 0.96511193 0.96667509 0.96817811 0.96962278 0.97101089
 0.97234416 0.97362432 0.97485305 0.97603198 0.97716275 0.97824694
 0.9792861  0.98028175 0.98123538 0.98214844 0.98302236 0.98385851
 0.98465825 0.9854229  0.98615375 0.98685205 0.98751901 0.98815582
 0.98876363 0.98934357 0.98989672 0.99042413 0.99092684 0.99140582
 0.99186205 0.99229646 0.99270995 0.99310338 0.99347762 0.99383346
 0.9941717  0.9944931  0.9947984  0.9950883  0.99536348 0.99562461
 0.99587231 0.99610721 0.99632987 0.99654088 0.99674077 0.99693006
 0.99710926 0.99727884 0.99743927 0.99759099 0.99773443 0.99786999
 0.99799806 0.99811902 0.99823321 0.99834099 0.99844268 0.99853859
 0.99862903 0.99871426 0.99879457 0.99887022 0.99894144 0.99900849
 0.99907158 0.99913092 0.99918672 0.99923918 0.99928848 0.99933478
 0.99937827 0.9994191  0.99945741 0.99949335 0.99952706 0.99955867
 0.99958829 0.99961604 0.99964203 0.99966637 0.99968915 0.99971046
 0.9997304  0.99974904 0.99976646 0.99978275 0.99979796 0.99981216
 0.99982542 0.99983779]",magnitude of wind speed at each z location
rotorse.rp.gust.V_gust,output,m/s,[18.14402879],gust wind speed
rotorse.rp.powercurve.pitch,output,deg,"[0.00000000e+00 0.00000000e+00 0.00000000e+00 0.00000000e+00
 0.00000000e+00 0.00000000e+00 0.00000000e+00 0.00000000e+00
 1.04083409e-17 1.34503378e+00 4.50905958e+00 6.95818137e+00
 9.28027392e+00 1.15848822e+01 1.39090870e+01 1.62610087e+01
 1.86308664e+01 2.09968662e+01 2.33285939e+01 2.55932836e+01]",rotor pitch schedule
rotorse.rp.powercurve.P_aero,output,W,"[ 586757.01352666 1302917.90696025 2193149.97719352 3079650.58354279
 3773061.42625184 4122225.54038113 4194656.33012123 4723508.02111671
 5540176.61829377 5540166.25028505 5540166.19163584 5540167.74397851
 5540166.26306719 5540172.64431632 5540168.03192065 5540165.47837029
 5540168.89857274 5540175.06190841 5540175.69832173 5540172.27109011]",rotor mechanical power
rotorse.rp.powercurve.T,output,N,"[ 241982.27135005  411913.27484298  582987.10136532  731154.003722
  837208.15272663  888112.72705174  898489.36993575  972543.30797118
 1048815.24023271  956440.70474038  768749.1686707   652391.14653693
  563511.5681575   493492.17833307  438541.48048564  396144.08327166
  363944.20663442  339806.3117719   321849.3593957   308569.77503081]",rotor aerodynamic thrust
rotorse.rp.powercurve.Q,output,N*m,"[1438899.58342032 2451090.84495537 3470225.30787237 4352791.09313255
 4984428.40089909 5287581.12054356 5349371.74632501 5790206.22056731
 6713147.23157256 6713134.66844076 6713134.59737429 6713136.47838019
 6713134.68392915 6713142.41622144 6713136.82728568 6713133.7330956
 6713137.87742604 6713145.34566804 6713146.11682331 6713141.96397547]",rotor aerodynamic torque
rotorse.rp.powercurve.M,output,N*m,"[ 5471921.09553956  9312847.1610779  13178202.62178248 16525694.02723836
 18921760.48787313 20071875.6596657  20306324.16355363 21979495.57596443
 23583689.55321556 21387500.40012591 16757361.86454586 13704597.21049779
 11209601.24313454  9084465.74240451  7261950.79154296  5707908.23340315
  4387324.05868269  3266257.23420283  2310537.39166609  1491158.79201674]",blade root moment
rotorse.rp.powercurve.Cp,output,,"[0.40694399 0.40794713 0.40859789 0.40894071 0.40908928 0.40913571
 0.40914319 0.40917825 0.40886428 0.3902205  0.29634094 0.21484564
 0.1517008  0.10601908 0.07421831 0.05247871 0.0376858  0.02757861
 0.02060729 0.01573836]",rotor electrical power coefficient
rotorse.rp.powercurve.Cp_aero,output,,"[0.45090747 0.45201898 0.45274004 0.4531199  0.45328452 0.45333597
 0.45334426 0.4533831  0.45303522 0.43237728 0.32835561 0.23805611
 0.16808953 0.11747267 0.08223636 0.05814816 0.04175712 0.03055802
 0.02283356 0.01743863]",rotor aerodynamic power coefficient
rotorse.rp.powercurve.Ct_aero,output,,"[0.74382827 0.74513547 0.74607479 0.74659721 0.74682898 0.74690165
 0.74691378 0.74698596 0.72394837 0.63996242 0.4281561  0.29323471
 0.20084042 0.13851357 0.09704526 0.06957689 0.05125971 0.03886592
 0.03031255 0.02428189]",rotor aerodynamic thrust coefficient
rotorse.rp.powercurve.Cq_aero,output,,"[0.0430281  0.04313417 0.04320297 0.04323922 0.04325493 0.04325984
 0.04326063 0.04326434 0.04507828 0.04369727 0.03637269 0.02935387
 0.02327588 0.01833034 0.01445179 0.01147017 0.00919813 0.00746958
 0.00615075 0.0051391 ]",rotor aerodynamic torque coefficient
rotorse.rp.powercurve.Cm_aero,output,,"[0.16362946 0.16388699 0.16406356 0.16416091 0.16420327 0.16421613
 0.16421824 0.16423048 0.1583627  0.13921595 0.09079369 0.05992474
 0.0388661  0.02480527 0.01563326 0.00975262 0.00601137 0.0036343
 0.00211697 0.00114153]",rotor aerodynamic moment coefficient
rotorse.rp.powercurve.ax_induct_rotor,output,,"[0.26337022 0.26415836 0.26474343 0.26510531 0.26529313 0.26536395
 0.26537663 0.26544394 0.25319945 0.21407354 0.13637258 0.0942958
 0.06698149 0.0485976  0.03596011 0.02710472 0.02079285 0.01623318
 0.01291162 0.01047842]",rotor aerodynamic induction
rotorse.rp.powercurve.V_R25,output,m/s,[8.0952381],region 2.5 transition wind speed
rotorse.rp.powercurve.rated_V,output,m/s,[8.4411235],rated wind speed
rotorse.rp.powercurve.rated_Omega,output,rpm,[7.88077303],rotor rotation speed at rated
rotorse.rp.powercurve.rated_pitch,output,deg,[1.04083409e-17],pitch setting at rated
rotorse.rp.powercurve.rated_T,output,N,[1048815.24023271],rotor aerodynamic thrust at rated
rotorse.rp.powercurve.rated_Q,output,N*m,[6713147.23157256],rotor aerodynamic torque at rated
rotorse.rp.powercurve.rated_mech,output,W,[5540176.61829377],Mechanical shaft power at rated
rotorse.rp.powercurve.ax_induct_regII,output,,"[0.10715225 0.05364883 0.06858666 0.09721846 0.11754235 0.15572211
 0.18422402 0.22289159 0.25759755 0.283361   0.30632898 0.32536288
 0.33993834 0.34410762 0.34232146 0.33026526 0.31753212 0.3053704
 0.29371181 0.28353216 0.2730818  0.2678354  0.26050032 0.2517887
 0.24324975 0.23174464 0.22274938 0.22014284 0.23438063 0.29254443]",rotor axial induction at cut-in wind speed along blade span
rotorse.rp.powercurve.tang_induct_regII,output,,"[-0.10715225 -0.04676852  0.00374917  0.01924989  0.02250542  0.02650213
  0.02426077  0.02225954  0.01971461  0.01695956  0.01471648  0.01282642
  0.01122645  0.00975325  0.00854018  0.00732112  0.0063825   0.00560006
  0.00494165  0.00439391  0.00382146  0.0035579   0.00322426  0.00292869
  0.00264534  0.00242286  0.00218863  0.00200776  0.00193861  0.00208251]",rotor tangential induction at cut-in wind speed along blade span
rotorse.rp.powercurve.aoa_regII,output,deg,"[47.92155649 38.86885606 27.21375224 19.74566611 15.343561   12.05129654
 10.11434997  8.54839234  7.40991805  6.56964697  5.77347224  5.09903197
  4.55941298  4.20538884  3.95963813  3.86455127  3.81363345  3.80908387
  3.86834693  4.00091572  4.30054498  4.52391813  4.91476129  5.39497874
  5.94529324  6.5798392   7.25353964  7.93632256  8.56076981  9.00497335]",angle of attack distribution along blade span at cut-in wind speed
rotorse.rp.powercurve.L_D,output,,"[-4.57015557e-18  6.43285173e-02  1.19772778e+00  2.95663932e+00
  5.99992534e+00  1.70778691e+01  3.52781282e+01  6.11951419e+01
  7.93615791e+01  7.86471568e+01  8.23740204e+01  8.68376189e+01
  9.18447319e+01  9.17494908e+01  9.75999977e+01  8.67772884e+01
  8.77868905e+01  8.92607195e+01  9.12472241e+01  9.40441604e+01
  9.93027134e+01  1.02794736e+02  1.08532536e+02  1.17979367e+02
  1.17841526e+02  1.48221674e+02  1.45120081e+02  1.33243695e+02
  1.21966123e+02  1.09052613e+02]",Lift over drag distribution along blade span at cut-in wind speed
rotorse.rp.powercurve.Cp_regII,output,,[0.45201898],power coefficient at cut-in wind speed
rotorse.rp.powercurve.Ct_regII,output,,[0.74513547],thrust coefficient at cut-in wind speed
rotorse.rp.powercurve.cl_regII,output,,"[-2.28507779e-18  3.21454406e-02  4.72963661e-01  7.62038162e-01
  8.56782453e-01  9.95610763e-01  1.02221141e+00  1.06350427e+00
  1.06893860e+00  1.04167592e+00  1.00749728e+00  9.78153493e-01
  9.46979309e-01  9.26808664e-01  9.06879568e-01  8.92597248e-01
  8.82720711e-01  8.77314001e-01  8.77955210e-01  8.87306769e-01
  9.15310488e-01  9.36464653e-01  9.74287825e-01  1.01914452e+00
  1.07693397e+00  1.13938964e+00  1.22135738e+00  1.32985184e+00
  1.44634465e+00  1.55045563e+00]",lift coefficient distribution along blade span at cut-in wind speed
rotorse.rp.powercurve.cd_regII,output,,"[0.5        0.49970747 0.3948841  0.25773795 0.14279885 0.0582983
 0.02897578 0.0173789  0.01346922 0.01324493 0.01223076 0.01126417
 0.01031065 0.01010151 0.0092918  0.01028607 0.01005527 0.00982867
 0.00962172 0.009435   0.00921738 0.00911004 0.00897692 0.00863833
 0.00913883 0.00768707 0.00841618 0.0099806  0.01185858 0.0142175 ]",drag coefficient distribution along blade span at cut-in wind speed
rotorse.rp.powercurve.rated_efficiency,output,,[0.9025],Efficiency at rated conditions
rotorse.rp.powercurve.V_spline,output,m/s,"[ 4.          4.10552764  4.21105528  4.31658291  4.42211055  4.52763819
  4.63316583  4.73869347  4.84422111  4.94974874  5.05527638  5.16080402
  5.26633166  5.3718593   5.47738693  5.58291457  5.68844221  5.79396985
  5.89949749  6.00502513  6.11055276  6.2160804   6.32160804  6.42713568
  6.53266332  6.63819095  6.74371859  6.84924623  6.95477387  7.06030151
  7.16582915  7.27135678  7.37688442  7.48241206  7.5879397   7.69346734
  7.79899497  7.90452261  8.01005025  8.11557789  8.22110553  8.32663317
  8.4321608   8.53768844  8.64321608  8.74874372  8.85427136  8.95979899
  9.06532663  9.17085427  9.27638191  9.38190955  9.48743719  9.59296482
  9.69849246  9.8040201   9.90954774 10.01507538 10.12060302 10.22613065
 10.33165829 10.43718593 10.54271357 10.64824121 10.75376884 10.85929648
 10.96482412 11.07035176 11.1758794  11.28140704 11.38693467 11.49246231
 11.59798995 11.70351759 11.80904523 11.91457286 12.0201005  12.12562814
 12.23115578 12.33668342 12.44221106 12.54773869 12.65326633 12.75879397
 12.86432161 12.96984925 13.07537688 13.18090452 13.28643216 13.3919598
 13.49748744 13.60301508 13.70854271 13.81407035 13.91959799 14.02512563
 14.13065327 14.2361809  14.34170854 14.44723618 14.55276382 14.65829146
 14.7638191  14.86934673 14.97487437 15.08040201 15.18592965 15.29145729
 15.39698492 15.50251256 15.6080402  15.71356784 15.81909548 15.92462312
 16.03015075 16.13567839 16.24120603 16.34673367 16.45226131 16.55778894
 16.66331658 16.76884422 16.87437186 16.9798995  17.08542714 17.19095477
 17.29648241 17.40201005 17.50753769 17.61306533 17.71859296 17.8241206
 17.92964824 18.03517588 18.14070352 18.24623116 18.35175879 18.45728643
 18.56281407 18.66834171 18.77386935 18.87939698 18.98492462 19.09045226
 19.1959799  19.30150754 19.40703518 19.51256281 19.61809045 19.72361809
 19.82914573 19.93467337 20.04020101 20.14572864 20.25125628 20.35678392
 20.46231156 20.5678392  20.67336683 20.77889447 20.88442211 20.98994975
 21.09547739 21.20100503 21.30653266 21.4120603  21.51758794 21.62311558
 21.72864322 21.83417085 21.93969849 22.04522613 22.15075377 22.25628141
 22.36180905 22.46733668 22.57286432 22.67839196 22.7839196  22.88944724
 22.99497487 23.10050251 23.20603015 23.31155779 23.41708543 23.52261307
 23.6281407  23.73366834 23.83919598 23.94472362 24.05025126 24.15577889
 24.26130653 24.36683417 24.47236181 24.57788945 24.68341709 24.78894472
 24.89447236 25.        ]",wind vector
rotorse.rp.powercurve.P_spline,output,W,"[ 529548.20470781  570982.9114532   615826.23080923  663887.84782014
  714977.44753013  768904.71498341  825479.3352242   884510.99329672
  945809.37424517 1009184.16311379 1074445.04494677 1141401.70478834
 1210277.37367778 1283370.33245006 1360781.82301091 1442172.00295976
 1527201.02989603 1615529.06141916 1706816.25512858 1800722.76862373
 1896908.75950402 1995084.03528979 2097354.86704189 2204599.78205188
 2316285.17182738 2431877.42787604 2550842.94170549 2672648.10482339
 2796805.25136514 2925599.55024022 3059745.51221302 3198123.69906791
 3339614.67258928 3484111.15362713 3634433.60585764 3788227.36435168
 3947075.75987793 4109102.20144819 4275991.79540332 4485191.29184298
 4718313.92203638 4911122.0639294  4999378.09546793 5000000.0372329
 5000000.0398078  5000000.0347116  5000000.02662113 5000000.0168721
 5000000.00680025 4999999.9977413  4999999.99103097 4999999.98800498
 5000000.01654311 5000000.11299538 5000000.26174579 5000000.44636111
 5000000.65040812 5000000.8574536  5000001.05106434 5000001.21480712
 5000001.33224872 5000001.38695591 5000001.37325306 5000001.31184567
 5000001.21223928 5000001.08328291 5000000.93382556 5000000.77271624
 5000000.60880397 5000000.45093774 5000000.30796657 5000000.18873946
 5000000.10210543 5000000.05691347 5000000.08145162 5000000.25429975
 5000000.56148176 5000000.97845526 5000001.48067787 5000002.04360721
 5000002.64270087 5000003.25341649 5000003.85121168 5000004.41154404
 5000004.9098712  5000005.32165076 5000005.62234034 5000005.78739756
 5000005.80326092 5000005.73294521 5000005.59765748 5000005.40573013
 5000005.16549556 5000004.88528618 5000004.57343439 5000004.23827261
 5000003.88813322 5000003.53134863 5000003.17625125 5000002.83117349
 5000002.50444773 5000002.2044064  5000001.93938189 5000001.71770661
 5000001.53545855 5000001.35320636 5000001.16874315 5000000.98384712
 5000000.80029644 5000000.61986931 5000000.44434392 5000000.27549846
 5000000.11511112 4999999.96496009 4999999.82682356 4999999.70247972
 4999999.59370676 4999999.50228286 4999999.42998623 4999999.37859505
 4999999.34988751 4999999.34592935 4999999.37113225 4999999.42480976
 4999999.50480247 4999999.60895099 4999999.73509593 4999999.88107788
 5000000.04473746 5000000.22391525 5000000.41645186 5000000.6201879
 5000000.83296397 5000001.05262067 5000001.2769986  5000001.50393836
 5000001.73128057 5000001.95686581 5000002.1785347  5000002.39412783
 5000002.61770497 5000002.87622349 5000003.16549128 5000003.48057763
 5000003.81655181 5000004.16848309 5000004.53144076 5000004.90049409
 5000005.27071236 5000005.63716485 5000005.99492083 5000006.33904958
 5000006.66462038 5000006.9667025  5000007.24036523 5000007.48067783
 5000007.6827096  5000007.84152979 5000007.9522077  5000008.01423213
 5000008.06483897 5000008.1134778  5000008.16007411 5000008.20455342
 5000008.24684123 5000008.28686303 5000008.32454434 5000008.35981066
 5000008.3925875  5000008.42280035 5000008.45037472 5000008.47523612
 5000008.49731005 5000008.51652201 5000008.53279751 5000008.54606206
 5000008.55624115 5000008.56326029 5000008.56704498 5000008.56640836
 5000008.54884251 5000008.51155909 5000008.45544049 5000008.38136906
 5000008.29022719 5000008.18289724 5000008.0602616  5000007.92320262
 5000007.77260268 5000007.60934416 5000007.43430943 5000007.24838086
 5000007.05244083 5000006.8473717  5000006.63405585 5000006.41337565
 5000006.18621348 5000005.9534517  5000005.71597269 5000005.47465882]",rotor electrical power
rotorse.rp.powercurve.Omega_spline,output,rpm,"[3.89402903 3.99676095 4.09949287 4.20222479 4.30495671 4.40768864
 4.51042056 4.61315248 4.7158844  4.81861632 4.92134824 5.02408017
 5.12681209 5.22954401 5.33227593 5.43500785 5.53773977 5.64047169
 5.74320362 5.84593554 5.94866746 6.05139938 6.1541313  6.25686322
 6.35959515 6.46232707 6.56505899 6.66779091 6.77052283 6.87325475
 6.97598668 7.0787186  7.18145052 7.28418244 7.38691436 7.48965206
 7.60740204 7.72352086 7.79289054 7.82722013 7.8547446  7.87330056
 7.88072464 7.88077303 7.88077303 7.88077303 7.88077303 7.88077303
 7.88077303 7.88077303 7.88077303 7.88077303 7.88077303 7.88077303
 7.88077303 7.88077303 7.88077303 7.88077303 7.88077303 7.88077303
 7.88077303 7.88077303 7.88077303 7.88077303 7.88077303 7.88077303
 7.88077303 7.88077303 7.88077303 7.88077303 7.88077303 7.88077303
 7.88077303 7.88077303 7.88077303 7.88077303 7.88077303 7.88077303
 7.88077303 7.88077303 7.88077303 7.88077303 7.88077303 7.88077303
 7.88077303 7.88077303 7.88077303 7.88077303 7.88077303 7.88077303
 7.88077303 7.88077303 7.88077303 7.88077303 7.88077303 7.88077303
 7.88077303 7.88077303 7.88077303 7.88077303 7.88077303 7.88077303
 7.88077303 7.88077303 7.88077303 7.88077303 7.88077303 7.88077303
 7.88077303 7.88077303 7.88077303 7.88077303 7.88077303 7.88077303
 7.88077303 7.88077303 7.88077303 7.88077303 7.88077303 7.88077303
 7.88077303 7.88077303 7.88077303 7.88077303 7.88077303 7.88077303
 7.88077303 7.88077303 7.88077303 7.88077303 7.88077303 7.88077303
 7.88077303 7.88077303 7.88077303 7.88077303 7.88077303 7.88077303
 7.88077303 7.88077303 7.88077303 7.88077303 7.88077303 7.88077303
 7.88077303 7.88077303 7.88077303 7.88077303 7.88077303 7.88077303
 7.88077303 7.88077303 7.88077303 7.88077303 7.88077303 7.88077303
 7.88077303 7.88077303 7.88077303 7.88077303 7.88077303 7.88077303
 7.88077303 7.88077303 7.88077303 7.88077303 7.88077303 7.88077303
 7.88077303 7.88077303 7.88077303 7.88077303 7.88077303 7.88077303
 7.88077303 7.88077303 7.88077303 7.88077303 7.88077303 7.88077303
 7.88077303 7.88077303 7.88077303 7.88077303 7.88077303 7.88077303
 7.88077303 7.88077303 7.88077303 7.88077303 7.88077303 7.88077303
 7.88077303 7.88077303 7.88077303 7.88077303 7.88077303 7.88077303
 7.88077303 7.88077303]",omega
rotorse.rs.aero_gust.loads_r,output,m,"[  3.           6.44814717   9.89629433  13.3444415   16.79258866
  20.24073583  23.68888299  27.13703016  30.58517733  34.03332449
  37.48147166  40.92961882  44.37776599  47.82591316  51.27406032
  54.72220749  58.17035465  61.61850182  65.06664898  68.51479615
  72.99738747  75.41109048  78.85923765  82.30738481  85.75553198
  89.20367915  92.65182631  96.09997348  99.54812064 102.99626781]",
rotorse.rs.aero_gust.loads_Px,output,N/m,"[  373.86296209   457.03683287   699.36452357  1120.80060417
  1659.56659309  2172.84822635  2699.74751914  3337.09412857
  4031.96209068  4816.17755169  5709.51759901  6659.27722651
  7803.10800327  8989.031122   10373.28833363 11362.69299204
 12104.98724175 12613.36027    12923.69971053 13080.15072416
 13089.00574165 13016.15031735 12815.75173594 12422.07443347
 11818.33201369 10867.0049114   9696.85276429  8290.6396686
  6591.65410153  4446.36755233]",
rotorse.rs.aero_gust.loads_Py,output,N/m,"[   67.65264709   107.48507512   -47.16741116  -422.58617715
  -862.24541986 -1190.60485656 -1417.83243478 -1647.42882737
 -1862.61197799 -2115.16549809 -2397.57669365 -2677.32956347
 -3013.3279742  -3349.39774404 -3739.33852957 -3936.77653713
 -4015.87203995 -4008.38988773 -3940.37189571 -3831.9098434
 -3647.27982333 -3531.83333055 -3349.2162966  -3129.0690625
 -2863.38928058 -2545.42164482 -2174.63068883 -1770.85313879
 -1333.37037952  -851.36255469]",
rotorse.rs.aero_gust.loads_Pz,output,N/m,"[0. 0. 0. 0. 0. 0. 0. 0. 0. 0. 0. 0. 0. 0. 0. 0. 0. 0. 0. 0. 0. 0. 0. 0.
 0. 0. 0. 0. 0. 0.]",
rotorse.rs.aero_hub_loads.P,output,W,[31171029.37026223],Rotor aerodynamic power
rotorse.rs.aero_hub_loads.Mb,output,N/m,[47749957.80686077],Aerodynamic blade root flapwise moment
rotorse.rs.aero_hub_loads.Fhub,output,N,[2194761.72437759   42091.3575846    17683.65288007],Aerodynamic forces at hub center in the hub c.s.
rotorse.rs.aero_hub_loads.Mhub,output,N*m,[37770584.57509756  5105832.83792008  2644781.0669199 ],Aerodynamic moments at hub center in the hub c.s.
rotorse.rs.aero_hub_loads.CP,output,,[0.25666053],Rotor aerodynamic power coefficient
rotorse.rs.aero_hub_loads.CMb,output,,[0.06939804],Aerodynamic blade root flapwise moment coefficient
rotorse.rs.aero_hub_loads.CFhub,output,,[0.32789066 0.00628832 0.00264188],Aerodynamic force coefficients at hub center in the hub c.s.
rotorse.rs.aero_hub_loads.CMhub,output,,[0.05489438 0.00742063 0.00384383],Aerodynamic moment coefficients at hub center in the hub c.s.
rotorse.rs.bjs.t_reinf_joint,output,m,[0.],Required reinforcement layer thickness at joint. [float]
rotorse.rs.bjs.w_reinf_joint,output,m,[0.],Required reinforcement layer width at joint. [float]
rotorse.rs.bjs.w_reinf_ratio_joint,output,,[1.],Ratio of joint-required to nominal reinforcement layer  width
rotorse.rs.bjs.t_reinf_ratio_joint,output,,[1.43835736],Ratio of joint-required to nominal reinforcement layer  thickness
rotorse.rs.bjs.L_transition_joint,output,m,[0.12072005],Required length to accommodate reinforcement layer  size increase at joint. [float]
rotorse.rs.bjs.n_joint_bolt,output,,[38.0260673],Required number of bolts for joint. [float]
rotorse.rs.bjs.joint_mass,output,kg,[430.6262093],Mass of bolts + inserts minus mass of reinforcement layer  cutouts at joint. [float]
rotorse.rs.bjs.joint_material_cost,output,USD,[1856.19306521],"cost of joint metallic parts (bolts, washers, and inserts)"
rotorse.rs.bjs.joint_total_cost,output,USD,[20456.19306521],Total cost of the bolted joint (metallic parts and nonmaterial costs)
rotorse.rs.brs.d_r,output,m,[5.56181521],Root fastener circle diameter
rotorse.rs.brs.ratio,output,,[1.24746332],Ratio of recommended diameter over actual diameter. It can be constrained to be smaller than 1
rotorse.rs.constr.constr_max_strainU_spar,output,,"[1.95657049e-01 2.64025032e-01 3.94011497e-01 4.51324962e-01
 5.63332972e-01 6.34185177e-01 6.56741281e-01 6.77424724e-01
 6.91972767e-01 6.87873828e-01 6.76959821e-01 6.68312528e-01
 6.55876433e-01 6.51589158e-01 6.44220835e-01 6.41802123e-01
 6.34446347e-01 6.20967203e-01 6.03367479e-01 5.34896697e-01
 4.36227885e-01 4.86990691e-01 4.99106265e-01 4.63657595e-01
 4.40952377e-01 4.04330653e-01 3.44178352e-01 2.53673692e-01
 1.24306135e-01 8.86726846e-05]",constraint for maximum strain in spar cap suction side
rotorse.rs.constr.constr_max_strainL_spar,output,,"[1.95657049e-01 2.51477198e-01 4.00866772e-01 4.68005879e-01
 5.55107894e-01 6.30974652e-01 6.54702582e-01 6.80012047e-01
 6.87917366e-01 6.72601102e-01 6.50080136e-01 6.31363320e-01
 6.12230754e-01 6.04700466e-01 6.01613054e-01 6.07109827e-01
 6.11280693e-01 6.12653594e-01 6.11867494e-01 6.05686814e-01
 4.64407831e-01 5.86146854e-01 5.74375500e-01 5.56593914e-01
 5.43373348e-01 5.12267977e-01 4.50869396e-01 3.47645992e-01
 1.78744333e-01 1.45814124e-04]",constraint for maximum strain in spar cap pressure side
rotorse.rs.constr.constr_max_strainU_te,output,,"[1.95657049e-01 2.05652895e-01 1.21724316e-01 1.49227040e-01
 3.62291685e-02 1.37706486e-02 5.50627658e-02 7.89104780e-02
 9.15726284e-02 9.16095241e-02 8.33767109e-02 7.17743987e-02
 6.09640726e-02 5.31049274e-02 4.84610247e-02 7.94464968e-02
 8.63246701e-02 9.67393719e-02 1.08453229e-01 1.19370563e-01
 1.02816177e-01 1.37398277e-01 1.41321699e-01 1.43303784e-01
 1.51302883e-01 1.51386767e-01 1.49001352e-01 1.15964317e-01
 5.89791876e-02 9.57325863e-05]",constraint for maximum strain in trailing edge suction side
rotorse.rs.constr.constr_max_strainL_te,output,,"[1.95657049e-01 2.05652895e-01 6.05677731e-03 2.48006008e-02
 1.14101406e-01 1.86060615e-01 2.30357214e-01 2.40444545e-01
 2.38176467e-01 2.28447877e-01 2.11932366e-01 1.93774348e-01
 1.76642581e-01 1.65016069e-01 1.56969484e-01 1.70998939e-01
 1.73500874e-01 1.79034564e-01 1.85331733e-01 1.90107283e-01
 1.53539714e-01 1.93829778e-01 1.89881960e-01 1.84732989e-01
 1.83603176e-01 1.76281941e-01 1.61920348e-01 1.34282652e-01
 7.05554302e-02 9.57325863e-05]",constraint for maximum strain in trailing edge pressure side
rotorse.rs.constr.constr_flap_f_margin,output,,[-0.15488499 -1.06696242 -2.40483994 -4.08112702 -6.41350858],constraint on flap blade frequency such that ratio of 3P/f is above or below gamma with constraint <= 0
rotorse.rs.constr.constr_edge_f_margin,output,,[ -0.40687664  -2.13194732  -4.5696885   -8.21413421 -12.29866568],constraint on edge blade frequency such that ratio of 3P/f is above or below gamma with constraint <= 0
rotorse.rs.curvature.s,output,m,"[  3.           6.44817803   9.89653056  13.34513111  16.79391195
  20.24270777  23.69135879  27.13976867  30.58795858  34.03612746
  37.48443328  40.93290967  44.38151134  47.83037696  51.28004518
  54.73059707  58.18176525  61.63357697  65.08704547  68.54217291
  73.03548887  75.45557551  78.91447446  82.37524383  85.83744505
  89.30112929  92.76649052  96.23402516  99.70385771 103.17549325]",cumulative path length along blade
rotorse.rs.curvature.blades_cg_hubcc,output,m,[0.92835375],cg of all blades relative to hub along shaft axis. Distance is should be interpreted as negative for upwind and positive for downwind turbines
rotorse.rs.frame.root_F,output,N,[-846114.26415786 -238717.93745221  480527.32670687],Blade root forces in blade c.s.
rotorse.rs.frame.root_M,output,N*m,[ 13380906.74356526 -49752098.52756298        -0.        ],Blade root moment in blade c.s.
rotorse.rs.frame.flap_mode_shapes,output,,"[[ 8.10056576e-03  1.67650436e+00 -8.63515456e-01 -9.92694939e-02
   2.78180028e-01]
 [-2.01626345e-01 -8.21917250e-01  4.55603907e-01  2.27263286e-01
   1.34067640e+00]
 [ 4.87810620e-01 -5.54842197e-01  1.16224958e+01 -3.36049281e+01
   2.30494639e+01]
 [ 9.02908807e+00 -8.87115827e+01  2.73658139e+02 -3.35919586e+02
   1.42943942e+02]
 [ 3.08515426e+01 -2.27171392e+02  5.85178952e+02 -6.33712625e+02
   2.45853522e+02]]","6-degree polynomial coefficients of mode shapes in the flap direction (x^2..x^6, no linear or constant term)"
rotorse.rs.frame.edge_mode_shapes,output,,"[[ 3.97194878e-01  3.51061024e+00 -7.24984897e+00  6.39080641e+00
  -2.04876255e+00]
 [-1.18944531e+00  2.14004643e+00 -3.78506054e+00  5.58294074e+00
  -1.74848132e+00]
 [-2.13858670e-01  1.56347704e+01 -5.24030825e+01  5.35652425e+01
  -1.55830717e+01]
 [-3.53680606e+00  3.09178140e+00  4.45134569e+01 -9.84493634e+01
   5.53809312e+01]
 [ 2.40057832e+01 -1.83040459e+02  4.83920911e+02 -5.35138602e+02
   2.11252367e+02]]","6-degree polynomial coefficients of mode shapes in the edge direction (x^2..x^6, no linear or constant term)"
rotorse.rs.frame.tors_mode_shapes,output,,"[[ 14.16869409 -52.33650762  91.2812749  -77.02923085  24.91576948]
 [  0.           0.           0.           0.           0.        ]
 [  0.           0.           0.           0.           0.        ]
 [  0.           0.           0.           0.           0.        ]
 [  0.           0.           0.           0.           0.        ]]","6-degree polynomial coefficients of mode shapes in the torsional direction (x^2..x^6, no linear or constant term)"
rotorse.rs.frame.all_mode_shapes,output,,"[[ 8.10056576e-03  1.67650436e+00 -8.63515456e-01 -9.92694939e-02
   2.78180028e-01]
 [ 3.97194878e-01  3.51061024e+00 -7.24984897e+00  6.39080641e+00
  -2.04876255e+00]
 [-2.01626345e-01 -8.21917250e-01  4.55603907e-01  2.27263286e-01
   1.34067640e+00]
 [-1.18944531e+00  2.14004643e+00 -3.78506054e+00  5.58294074e+00
  -1.74848132e+00]
 [ 4.87810620e-01 -5.54842197e-01  1.16224958e+01 -3.36049281e+01
   2.30494639e+01]
 [-2.13858670e-01  1.56347704e+01 -5.24030825e+01  5.35652425e+01
  -1.55830717e+01]
 [ 9.02908807e+00 -8.87115827e+01  2.73658139e+02 -3.35919586e+02
   1.42943942e+02]
 [-3.53680606e+00  3.09178140e+00  4.45134569e+01 -9.84493634e+01
   5.53809312e+01]
 [ 3.08515426e+01 -2.27171392e+02  5.85178952e+02 -6.33712625e+02
   2.45853522e+02]
 [ 2.40057832e+01 -1.83040459e+02  4.83920911e+02 -5.35138602e+02
   2.11252367e+02]]","6-degree polynomial coefficients of mode shapes in the edge direction (x^2..x^6, no linear or constant term)"
rotorse.rs.frame.flap_mode_freqs,output,Hz,[0.60991516 1.62333453 3.1098651  4.9724063  7.56394137],Frequencies associated with mode shapes in the flap direction
rotorse.rs.frame.edge_mode_freqs,output,Hz,[ 0.88990588  2.80665108  5.51525239  9.56463651 14.10300481],Frequencies associated with mode shapes in the edge direction
rotorse.rs.frame.tors_mode_freqs,output,Hz,[22.40591225  0.          0.          0.          0.        ],Frequencies associated with mode shapes in the torsional direction
rotorse.rs.frame.freqs,output,Hz,"[ 0.60991516  0.88990588  1.62333453  2.80665108  3.1098651   4.9724063
  5.51525239  7.56394137  9.56463651 10.68511362]","ration of 2nd and 1st natural frequencies, should be ratio of edgewise to flapwise"
rotorse.rs.frame.freq_distance,output,,[1.45906502],"ration of 2nd and 1st natural frequencies, should be ratio of edgewise to flapwise"
rotorse.rs.frame.dx,output,m,"[-0.00000000e+00  3.79960584e-03  1.53754561e-02  3.61961409e-02
  6.95313104e-02  1.20417122e-01  1.94701978e-01  2.97470870e-01
  4.33163611e-01  6.05534755e-01  8.16818034e-01  1.06816699e+00
  1.36045118e+00  1.69467691e+00  2.07248124e+00  2.49643402e+00
  2.97009438e+00  3.49765916e+00  4.08353499e+00  4.73236453e+00
  5.67165931e+00  6.22009092e+00  7.06863529e+00  8.00433801e+00
  9.03652502e+00  1.01774301e+01  1.14401124e+01  1.28337877e+01
  1.43555046e+01  1.59596770e+01]",deflection of blade section in airfoil x-direction
rotorse.rs.frame.dy,output,m,"[ 0.00000000e+00 -1.18818695e-03 -4.96879870e-03 -1.21345804e-02
 -2.38223068e-02 -4.13842322e-02 -6.60556818e-02 -9.84864655e-02
 -1.38927494e-01 -1.87352932e-01 -2.43467175e-01 -3.06880155e-01
 -3.77227030e-01 -4.54202308e-01 -5.37615568e-01 -6.27443230e-01
 -7.23819098e-01 -8.26924046e-01 -9.36912644e-01 -1.05389530e+00
 -1.21589841e+00 -1.30725563e+00 -1.44304626e+00 -1.58476484e+00
 -1.73143167e+00 -1.88168875e+00 -2.03357218e+00 -2.18447844e+00
 -2.33140744e+00 -2.47382133e+00]",deflection of blade section in airfoil y-direction
rotorse.rs.frame.dz,output,m,"[-0.00000000e+00 -5.62175670e-05 -1.24602750e-04 -2.04170817e-04
 -2.96170842e-04 -3.96426407e-04 -5.00064746e-04 -6.04374080e-04
 -7.08308378e-04 -8.11406835e-04 -9.13313841e-04 -1.01371887e-03
 -1.11236672e-03 -1.20910441e-03 -1.30371540e-03 -1.39612721e-03
 -1.48628196e-03 -1.57406281e-03 -1.65963962e-03 -1.74276618e-03
 -1.82289431e-03 -1.85321587e-03 -1.90045945e-03 -1.94202244e-03
 -1.97858167e-03 -2.01046091e-03 -2.03707250e-03 -2.05764751e-03
 -2.07151969e-03 -2.07726213e-03]",deflection of blade section in airfoil z-direction
rotorse.rs.frame.EI11,output,N*m**2,"[7.98077480e+10 6.43162644e+10 5.02166953e+10 3.71742145e+10
 2.45452153e+10 1.70498998e+10 1.35388743e+10 1.07491219e+10
 8.78850582e+09 7.60213383e+09 6.69918580e+09 5.84157070e+09
 5.08719499e+09 4.26722510e+09 3.49874605e+09 2.75457367e+09
 2.14260374e+09 1.64771669e+09 1.24514842e+09 9.22358397e+08
 8.30480217e+08 4.62664443e+08 3.09104239e+08 1.94032097e+08
 1.09563348e+08 5.68916102e+07 2.65486861e+07 1.03214145e+07
 2.88838856e+06 4.05745096e+05]",stiffness w.r.t principal axis 1
rotorse.rs.frame.EI22,output,N*m**2,"[7.98110996e+10 7.70903387e+10 6.05325903e+10 4.70311977e+10
 3.70161978e+10 3.10199773e+10 2.72836537e+10 2.44405380e+10
 2.25022575e+10 2.12076420e+10 2.03182672e+10 1.93913723e+10
 1.83801049e+10 1.68081684e+10 1.46647725e+10 1.17527529e+10
 9.40161916e+09 7.12548725e+09 5.23926768e+09 3.76854621e+09
 3.15170566e+09 1.83673566e+09 1.24655582e+09 8.25167770e+08
 4.97460225e+08 2.93540448e+08 1.64049076e+08 8.31795471e+07
 3.51207734e+07 5.89641911e+06]",stiffness w.r.t principal axis 2
rotorse.rs.frame.alpha,output,deg,"[12.07607196 70.92905565 52.37144679 24.75102407 14.64465053  9.30332018
  7.27251357  5.66237745  4.55686842  3.92294029  3.5396405   3.22347088
  2.96908003  2.70488546  2.46375363  2.29908485  2.08737044  1.86183007
  1.61744156  1.34235154  1.21757215  0.68742991  0.31478231 -0.12610273
 -0.47333599 -0.70606471 -0.80045252 -0.77209653 -1.11652246 -1.43321375]",Angle between blade c.s. and principal axes
rotorse.rs.frame.M1,output,N*m,"[-3.61919048e+07 -3.40418711e+07 -2.02961961e+07 -3.32970287e+07
 -3.76881374e+07 -3.62773396e+07 -3.37550212e+07 -3.10031459e+07
 -2.82404337e+07 -2.55372366e+07 -2.29318683e+07 -2.04353569e+07
 -1.80523625e+07 -1.57913762e+07 -1.36634221e+07 -1.16824378e+07
 -9.85651021e+06 -8.19079912e+06 -6.68945978e+06 -5.35412809e+06
 -3.87693331e+06 -3.17953454e+06 -2.31268996e+06 -1.60036804e+06
 -1.03617747e+06 -6.11000038e+05 -3.11810292e+05 -1.22774388e+05
 -2.57529875e+04  4.80870546e+00]",distribution along blade span of bending moment w.r.t principal axis 1
rotorse.rs.frame.M2,output,N*m,"[ 3.66669847e+07  3.45430917e+07  4.07175118e+07  2.64392824e+07
  1.20587245e+07  5.30463605e+06  1.83055330e+06 -2.55478865e+04
 -1.23798432e+06 -1.88900782e+06 -2.13248601e+06 -2.15435393e+06
 -2.06938026e+06 -1.92704848e+06 -1.75373676e+06 -1.55670264e+06
 -1.35788247e+06 -1.17211796e+06 -9.99476342e+05 -8.41892516e+05
 -6.42611772e+05 -5.66136682e+05 -4.43721089e+05 -3.31982665e+05
 -2.32135114e+05 -1.46591684e+05 -7.94841321e+04 -3.31275668e+04
 -7.54683477e+03  1.33320976e-01]",distribution along blade span of bending moment w.r.t principal axis 2
rotorse.rs.frame.F2,output,N,"[ 6.25224217e+05  6.23394295e+05  4.01726107e+05  6.87254101e+05
  8.21124289e+05  8.40613293e+05  8.35347089e+05  8.22214197e+05
  8.04881635e+05  7.84410833e+05  7.61179513e+05  7.34934534e+05
  7.05071785e+05  6.71061307e+05  6.32412243e+05  5.89639605e+05
  5.43979362e+05  4.96224806e+05  4.47200236e+05  3.97540884e+05
  3.26466547e+05  2.91083764e+05  2.44571048e+05  1.97828885e+05
  1.53442936e+05  1.12457439e+05  7.57072056e+04  4.39341471e+04
  1.79787583e+04 -8.36960053e+02]",distribution along blade span of force w.r.t principal axis 2
rotorse.rs.frame.F3,output,N,"[ 4.80527327e+05  5.28061307e+05  5.53187542e+05  5.62617380e+05
  5.61369409e+05  5.53036079e+05  5.39929150e+05  5.23307089e+05
  5.03917305e+05  4.82079408e+05  4.57808961e+05  4.31076872e+05
  4.01943681e+05  3.70808107e+05  3.38313081e+05  3.05473483e+05
  2.73135718e+05  2.41882857e+05  2.12417620e+05  1.85036307e+05
  1.21731409e+05  8.93858314e+04  6.94192303e+04  5.21222687e+04
  3.75784716e+04  2.57006968e+04  1.61101145e+04  8.65480842e+03
  3.24707398e+03 -1.93267624e-11]",axial resultant along blade span
rotorse.rs.strains.strainU_spar,output,,"[ 7.82628195e-04 -1.05610013e-03 -1.57604599e-03 -1.80529985e-03
 -2.25333189e-03 -2.53674071e-03 -2.62696512e-03 -2.70969889e-03
 -2.76789107e-03 -2.75149531e-03 -2.70783928e-03 -2.67325011e-03
 -2.62350573e-03 -2.60635663e-03 -2.57688334e-03 -2.56720849e-03
 -2.53778539e-03 -2.48386881e-03 -2.41346992e-03 -2.13958679e-03
 -1.62650896e-03 -1.94796276e-03 -1.99642506e-03 -1.85463038e-03
 -1.76380951e-03 -1.61732261e-03 -1.37671341e-03 -1.01469477e-03
 -4.97224540e-04  3.54690738e-07]","strain in spar cap on upper surface at location xu,yu_strain with loads P_strain"
rotorse.rs.strains.strainL_spar,output,,"[ 7.82628195e-04  1.00590879e-03  1.60346709e-03  1.87202352e-03
  2.22043158e-03  2.52389861e-03  2.61881033e-03  2.72004819e-03
  2.75166946e-03  2.69040441e-03  2.60032054e-03  2.52545328e-03
  2.44892302e-03  2.41880186e-03  2.40645221e-03  2.42843931e-03
  2.44512277e-03  2.45061438e-03  2.44746998e-03  2.42274726e-03
  1.68809655e-03  2.34458742e-03  2.29750200e-03  2.22637565e-03
  2.17349339e-03  2.04907191e-03  1.80347758e-03  1.39058397e-03
  7.14977333e-04 -5.83256495e-07]","strain in spar cap on lower surface at location xl,yl_strain with loads P_strain"
rotorse.rs.strains.strainU_te,output,,"[ 7.82628195e-04 -8.22611580e-04 -4.86897264e-04 -5.96908160e-04
 -1.44916674e-04  5.50825943e-05  2.20251063e-04  3.15641912e-04
  3.66290514e-04  3.66438096e-04  3.33506844e-04  2.87097595e-04
  2.43856290e-04  2.12419709e-04  1.93844099e-04  3.17785987e-04
  3.45298680e-04  3.86957488e-04  4.33812917e-04  4.77482251e-04
  3.91399444e-04  5.49593109e-04  5.65286794e-04  5.73215135e-04
  6.05211530e-04  6.05547066e-04  5.96005406e-04  4.63857269e-04
  2.35916751e-04 -3.82930345e-07]","strain in trailing-edge panels on upper surface at location xu,yu_te with loads P_te"
rotorse.rs.strains.strainL_te,output,,"[ 7.82628195e-04 -8.22611580e-04 -2.42271092e-05 -9.92024032e-05
  4.56405623e-04  7.44242461e-04  9.21428856e-04  9.61778181e-04
  9.52705870e-04  9.13791508e-04  8.47729464e-04  7.75097392e-04
  7.06570323e-04  6.60064275e-04  6.27877937e-04  6.83995754e-04
  6.94003498e-04  7.16138257e-04  7.41326932e-04  7.60429132e-04
  5.70277776e-04  7.75319112e-04  7.59527842e-04  7.38931955e-04
  7.34412704e-04  7.05127763e-04  6.47681393e-04  5.37130610e-04
  2.82221721e-04 -3.82930345e-07]","strain in trailing-edge panels on lower surface at location xl,yl_te with loads P_te"
rotorse.rs.strains.axial_root_sparU_load2stress,output,m**2,"[ 0.00000000e+00  0.00000000e+00 -8.52281546e-01  7.86786828e-01
  9.19968655e-06  0.00000000e+00]",Linear conversion factors between loads [Fx-z; Mx-z] and axial stress in the upper spar cap at blade root
rotorse.rs.strains.axial_root_sparL_load2stress,output,m**2,"[ 0.00000000e+00  0.00000000e+00 -8.52281546e-01  7.86786828e-01
  9.19968655e-06  0.00000000e+00]",Linear conversion factors between loads [Fx-z; Mx-z] and axial stress in the lower spar cap at blade root
rotorse.rs.strains.axial_maxc_teU_load2stress,output,m**2,[ 0.          0.         -1.03623604 -1.36712397 -0.01355283  0.        ],Linear conversion factors between loads [Fx-z; Mx-z] and axial stress in the upper trailing edge at blade max chord
rotorse.rs.strains.axial_maxc_teL_load2stress,output,m**2,[ 0.          0.         -1.03623604 -1.41168635 -0.32784389  0.        ],Linear conversion factors between loads [Fx-z; Mx-z] and axial stress in the lower trailing edge at blade max chord
rotorse.rs.tip_pos.tip_deflection,output,m,[15.57158526],deflection at tip in yaw x-direction
rotorse.rs.tot_loads_gust.Px_af,output,N/m,"[ 1278.654018    1345.86582767  1578.56550382  2012.15396176
  2483.54584503  2945.32902922  3437.69830147  4068.19193052
  4783.78679514  5610.77919791  6557.34311417  7557.41664063
  8761.02147778 10027.36451246 11505.13351406 12518.2528861
 13256.45081549 13750.17995026 14038.57668544 14141.82426485
 15739.36787621 13888.12760286 13581.49585691 13073.27001486
 12332.46822837 11261.19010015  9986.68341878  8481.58268014
  6697.28184803  4460.26629587]",total distributed loads in airfoil x-direction
rotorse.rs.tot_loads_gust.Py_af,output,N/m,"[  537.43679136   546.2541528    396.53212125    58.09920308
  -357.53169527  -680.11612068  -910.68236177 -1137.64360685
 -1350.88062626 -1593.70290047 -1849.60028476 -2098.43278847
 -2391.45533928 -2683.87624651 -3021.22453237 -3201.02779076
 -3285.61704914 -3307.17057015 -3292.53295571 -3263.73539411
 -3169.8894643  -3197.33258609 -3157.14194065 -3089.10592821
 -2975.39721629 -2795.27660017 -2535.83883153 -2202.88870846
 -1778.09536491 -1219.25048648]",total distributed loads in airfoil y-direction
rotorse.rs.tot_loads_gust.Pz_af,output,N/m,"[-17576.8664126   -9993.87896458  -4579.88564945   -889.62605299
   1613.47644427   3220.03671987   4382.26826263   5258.88984232
   5987.60803072   6678.84866539   7398.53940225   8106.65509749
   8791.23116358   9268.08149319   9579.74204931   9467.9414586
   9288.66941609   8838.67280724   8251.80663195   7629.9522539
  20614.83392756   6186.79927224   5394.2644655    4638.35004795
   3797.36962834   3091.99903352   2470.74775662   1853.49230432
   1283.11162398    600.26227057]",total distributed loads in airfoil z-direction
rotorse.split.blade_length_inner,output,m,[70.12284527],Length of inner blade portion
rotorse.split.s_inner,output,,"[0.         0.04926108 0.09852217 0.14778325 0.19704433 0.24630542
 0.2955665  0.34482759 0.39408867 0.44334975 0.49261084 0.54187192
 0.591133   0.64039409 0.68965517 0.73891626 0.78817734 0.83743842
 0.88669951 0.93596059 1.        ]",Inner blade nondimensional span location
rotorse.split.chord_inner,output,m,"[4.5        4.51653455 4.59255455 4.72026865 4.75       4.75
 4.75       4.75       4.75       4.75       4.75       4.7
 4.64       4.48       4.30815493 4.07109567 3.83078655 3.59377787
 3.3535724  3.10972681 2.79010443]",Inner blade chord distribution
rotorse.split.coord_xy_interp_inner,output,,"[[[ 1.00000000e+00 -5.22802288e-16]
  [ 9.99429684e-01 -2.22597407e-02]
  [ 9.98063018e-01 -4.44580349e-02]
  ...
  [ 9.98120489e-01  4.38394581e-02]
  [ 9.99443038e-01  2.19496514e-02]
  [ 1.00000000e+00 -5.26271735e-16]]

 [[ 1.00000000e+00 -4.63811846e-04]
  [ 9.98467173e-01 -2.21760738e-02]
  [ 9.96201019e-01 -4.43513952e-02]
  ...
  [ 9.96776877e-01  4.39179785e-02]
  [ 9.98774657e-01  2.22119245e-02]
  [ 1.00000000e+00  3.03878429e-04]]

 [[ 1.00000000e+00 -3.84926541e-03]
  [ 9.90631439e-01 -2.12435866e-02]
  [ 9.80995553e-01 -4.24457781e-02]
  ...
  [ 9.85613808e-01  4.43560536e-02]
  [ 9.93218520e-01  2.41263074e-02]
  [ 1.00000000e+00  2.83048459e-03]]

 ...

 [[ 1.00000000e+00 -2.46260310e-03]
  [ 9.78938056e-01 -5.76963289e-04]
  [ 9.54288397e-01  1.19753987e-03]
  ...
  [ 9.52128888e-01  1.73475440e-02]
  [ 9.76059052e-01  1.20792142e-02]
  [ 1.00000000e+00  6.85491322e-03]]

 [[ 1.00000000e+00 -2.72690256e-04]
  [ 9.80063869e-01  7.15954847e-04]
  [ 9.55470003e-01  1.86879457e-03]
  ...
  [ 9.52197935e-01  1.66394787e-02]
  [ 9.76093200e-01  1.14596333e-02]
  [ 1.00000000e+00  6.31813343e-03]]

 [[ 1.00000000e+00  2.29180864e-03]
  [ 9.81362427e-01  2.41480801e-03]
  [ 9.56820273e-01  2.87220682e-03]
  ...
  [ 9.52274818e-01  1.56425947e-02]
  [ 9.76130200e-01  1.05873203e-02]
  [ 1.00000000e+00  5.56536480e-03]]]",Inner blade 3D array of the non-dimensional x and y airfoil coordinates of the airfoils interpolated along span for n_span stations.
rotorse.split.web_start_nd_inner,output,,"[[0.19443411 0.20023461 0.2034648  0.30301315 0.31493788 0.32707215
  0.33454402 0.34017312 0.344208   0.34620556 0.34732351 0.35134524
  0.35544002 0.36694092 0.37381309 0.38301743 0.3918106  0.39907441
  0.40562439 0.41085998 0.4154427 ]
 [0.19443411 0.20023461 0.2034648  0.24546624 0.25456011 0.26361178
  0.26911265 0.27293992 0.27516218 0.27549956 0.2749657  0.27663272
  0.27830614 0.28567273 0.28807906 0.29120514 0.29344287 0.2938854
  0.29316636 0.29067674 0.28457238]]","Inner blade 2D array of the non-dimensional start point defined along the outer profile of a web. The TE suction side is 0, the TE pressure side is 1. The first dimension represents each web, the second dimension represents each entry along blade span."
rotorse.split.web_end_nd_inner,output,,"[[0.69444351 0.70077865 0.71106075 0.62799171 0.63332404 0.63500624
  0.63684697 0.63894683 0.64055999 0.64203689 0.64311407 0.64073174
  0.63792618 0.62754015 0.6215407  0.61306844 0.60491657 0.59825344
  0.5923317  0.58775303 0.58405032]
 [0.69444351 0.70077865 0.71106075 0.68518658 0.69298952 0.69786227
  0.70203834 0.70651572 0.71023507 0.71340178 0.71607006 0.71590727
  0.71540243 0.70890262 0.7072315  0.70464535 0.7028554  0.70286602
  0.704101   0.70720805 0.71426763]]","Inner blade 2D array of the non-dimensional end point defined along the outer profile of a web. The TE suction side is 0, the TE pressure side is 1. The first dimension represents each web, the second dimension represents each entry along blade span."
rotorse.split.layer_thickness_inner,output,m,"[[0.001      0.001      0.001      0.001      0.001      0.001
  0.001      0.001      0.001      0.001      0.001      0.001
  0.001      0.001      0.001      0.001      0.001      0.001
  0.001      0.001      0.001     ]
 [0.041      0.033      0.026      0.02       0.015      0.011
  0.00828454 0.00651243 0.00536208 0.00470248 0.00440263 0.00433155
  0.00435823 0.00435168 0.00430703 0.0042194  0.00408392 0.00389572
  0.00364992 0.00334165 0.00286491]
 [0.         0.01036386 0.01802123 0.02536166 0.03206819 0.03782389
  0.04231181 0.045215   0.04621651 0.04569527 0.04403017 0.04160014
  0.03878408 0.03596091 0.03350953 0.03135807 0.02943466 0.02766741
  0.02598444 0.02431388 0.02205491]
 [0.         0.01247806 0.01761157 0.02274509 0.02766418 0.03215441
  0.03600136 0.0389906  0.04090771 0.04153826 0.04110173 0.03981761
  0.0379054  0.03558457 0.03307463 0.03059505 0.02815655 0.02576987
  0.02344572 0.02119482 0.01839689]
 [0.         0.         0.         0.         0.         0.
  0.         0.         0.         0.         0.         0.
  0.         0.         0.         0.         0.         0.
  0.         0.001      0.03442398]
 [0.         0.         0.         0.         0.         0.
  0.         0.         0.         0.         0.         0.
  0.         0.         0.         0.         0.         0.
  0.         0.001      0.03442398]
 [0.         0.         0.00665003 0.00814812 0.00964621 0.0111443
  0.01260256 0.01398116 0.01524026 0.01634003 0.01724065 0.01790228
  0.01832761 0.01851932 0.01848012 0.01821267 0.01771968 0.01700382
  0.01610578 0.01506624 0.01357085]
 [0.         0.         0.02334323 0.02514806 0.0269529  0.02875774
  0.03056258 0.03236741 0.03399538 0.0352696  0.03601321 0.03604932
  0.03520108 0.0332916  0.03059387 0.02738085 0.02392552 0.02050085
  0.01737982 0.0148354  0.01223235]
 [0.         0.         0.02334323 0.02514806 0.0269529  0.02875774
  0.03056258 0.03236741 0.03399538 0.0352696  0.03601321 0.03604932
  0.03520108 0.0332916  0.03059387 0.02738085 0.02392552 0.02050085
  0.01737982 0.0148354  0.01223235]
 [0.         0.         0.01864022 0.02290439 0.02716855 0.03128208
  0.03509432 0.03845464 0.04121238 0.04321692 0.0443176  0.04463178
  0.04427681 0.04337004 0.04202882 0.04037051 0.03851246 0.03646388
  0.03423398 0.03183196 0.02846753]
 [0.         0.         0.01067832 0.01302775 0.01537718 0.0177266
  0.02007603 0.02234366 0.02444771 0.02630638 0.02783787 0.0289604
  0.02959217 0.02979168 0.02961743 0.02912793 0.02838168 0.02743718
  0.02635293 0.02511064 0.02322957]
 [0.         0.         0.01171413 0.01476495 0.01781576 0.02086658
  0.02391739 0.02696821 0.03001902 0.03295299 0.03565325 0.03800297
  0.03988528 0.04118335 0.04178032 0.04172736 0.04107568 0.03987644
  0.03818083 0.03604003 0.03267979]
 [0.         0.         0.03598738 0.04397734 0.05196731 0.05963021
  0.066639   0.07266661 0.07738598 0.08047006 0.08159179 0.08099669
  0.07893026 0.07563804 0.07136553 0.06635826 0.06086173 0.05503573
  0.04904003 0.04303439 0.03547716]
 [0.041      0.033      0.026      0.02       0.01531562 0.01261405
  0.01008929 0.00782972 0.00592376 0.00445981 0.00352627 0.00301625
  0.00282289 0.00283929 0.0029586  0.00307391 0.00307837 0.00299303
  0.00283898 0.00263728 0.00233878]
 [0.         0.         0.         0.00216423 0.00221016 0.00225609
  0.00230203 0.00234796 0.00238579 0.0024074  0.0024047  0.00236957
  0.00229392 0.00216963 0.00201292 0.00184    0.00166708 0.00151037
  0.00138608 0.00131043 0.00127398]
 [0.         0.         0.         0.03748906 0.03611723 0.03474541
  0.0333631  0.03195982 0.0305251  0.02904844 0.02751938 0.02592742
  0.02433745 0.02281437 0.02142306 0.02022841 0.01929532 0.01868866
  0.01834679 0.01820803 0.02      ]
 [0.         0.         0.         0.00207236 0.0021183  0.00216423
  0.00221016 0.00225609 0.00230203 0.00234796 0.00238579 0.0024074
  0.0024047  0.00236957 0.00229392 0.00216963 0.00201292 0.00184
  0.00166708 0.00151037 0.00135893]
 [0.         0.         0.         0.0025176  0.00244513 0.00237266
  0.00230019 0.00222772 0.00215449 0.00207974 0.00200272 0.00192266
  0.0018388  0.00175038 0.00166147 0.0015761  0.00149834 0.00143223
  0.00138184 0.0013512  0.00133655]
 [0.         0.         0.         0.03770661 0.03634612 0.03498563
  0.03361392 0.03221976 0.03079194 0.02931923 0.02779041 0.02619427
  0.02459556 0.02305903 0.02164945 0.02043157 0.02       0.02
  0.02       0.02       0.02      ]
 [0.         0.         0.         0.00266254 0.00259007 0.0025176
  0.00244513 0.00237266 0.00230019 0.00222772 0.00215449 0.00207974
  0.00200272 0.00192266 0.0018388  0.00175038 0.00166147 0.0015761
  0.00149834 0.00143223 0.00137084]]","Inner blade 2D array of the thickness of the layers of the blade structure. The first dimension represents each layer, the second dimension represents each entry along blade span."
rotorse.split.layer_start_nd_inner,output,,"[[0.         0.         0.         0.         0.         0.
  0.         0.         0.         0.         0.         0.
  0.         0.         0.         0.         0.         0.
  0.         0.         0.        ]
 [0.         0.         0.         0.         0.         0.
  0.         0.         0.         0.         0.         0.
  0.         0.         0.         0.         0.         0.
  0.         0.         0.        ]
 [0.16613836 0.17180127 0.17356408 0.24199078 0.24806134 0.25465133
  0.25823639 0.26060371 0.26185047 0.26161229 0.26081255 0.26231674
  0.26402735 0.27126114 0.27366032 0.27663823 0.27874511 0.27904085
  0.27805205 0.27506336 0.26774732]
 [0.66614777 0.67234531 0.68116003 0.62565618 0.63217091 0.63585376
  0.63998753 0.64432499 0.64795853 0.6511168  0.65356262 0.65234045
  0.65045265 0.64095552 0.6356928  0.62793609 0.6202523  0.61369673
  0.60745521 0.6019908  0.59598027]
 [0.19443411 0.20023461 0.2034648  0.20985913 0.21680988 0.22473252
  0.23047318 0.23511254 0.23881547 0.24131677 0.24339399 0.24777115
  0.25245366 0.2626957  0.26823324 0.27460993 0.28054095 0.28515759
  0.28912313 0.26924735 0.15010405]
 [0.69444351 0.70077865 0.71106075 0.7210051  0.73181307 0.73805793
  0.74192309 0.74555238 0.74756319 0.74829535 0.74813068 0.74511023
  0.74148716 0.73206081 0.72721102 0.72134089 0.71582778 0.71163356
  0.70815871 0.68336645 0.56175767]
 [0.48905595 0.48893839 0.48796411 0.48706864 0.48668455 0.48576547
  0.48502104 0.48531088 0.48564258 0.4857924  0.48611936 0.48627169
  0.48627317 0.48579129 0.48506303 0.48383156 0.48238805 0.48077685
  0.47894774 0.47684624 0.47359139]
 [0.         0.         0.         0.         0.         0.
  0.         0.         0.         0.         0.         0.
  0.         0.         0.         0.         0.         0.
  0.         0.         0.        ]
 [0.95925412 0.95895293 0.9565692  0.95388656 0.95056337 0.94780072
  0.9455854  0.94397287 0.94256868 0.94189525 0.94165198 0.94093289
  0.94012219 0.93775085 0.9348865  0.93047603 0.92519004 0.92487708
  0.92502404 0.92507998 0.92496879]
 [0.04074588 0.04104707 0.0434308  0.04611344 0.04943663 0.05219928
  0.0544146  0.05602713 0.05743132 0.05810475 0.05834802 0.05906711
  0.05987781 0.06224915 0.0651135  0.06952397 0.07480996 0.07512292
  0.07497596 0.07492002 0.07503121]
 [0.22272986 0.22866794 0.23336552 0.30519775 0.31545386 0.32544802
  0.33085575 0.33465856 0.33693023 0.33733731 0.33709694 0.33988989
  0.34299578 0.35339757 0.35941354 0.36772761 0.37587724 0.38290041
  0.38967533 0.39578041 0.40279653]
 [0.51094271 0.51093158 0.51109232 0.51151394 0.51274861 0.51314609
  0.51310658 0.51395159 0.51467968 0.51507905 0.51562235 0.51627311
  0.5168142  0.51755755 0.51822809 0.51906037 0.51995391 0.52094453
  0.52211804 0.52353357 0.52582167]
 [0.72273926 0.72921198 0.74096147 0.68886315 0.69956343 0.70665045
  0.71260689 0.71837984 0.72303829 0.72684182 0.72984701 0.72991361
  0.72942107 0.72309195 0.72144602 0.71902547 0.71738444 0.71755629
  0.71907849 0.72270786 0.73102948]
 [0.         0.         0.         0.         0.         0.
  0.         0.         0.         0.         0.         0.
  0.         0.         0.         0.05       0.05       0.05
  0.05       0.05       0.05      ]
 [0.         0.         0.         0.         0.         0.
  0.         0.         0.         0.         0.         0.
  0.         0.         0.         0.         0.         0.
  0.         0.         0.        ]
 [0.         0.         0.         0.         0.         0.
  0.         0.         0.         0.         0.         0.
  0.         0.         0.         0.         0.         0.
  0.         0.         0.        ]
 [0.         0.         0.         0.         0.         0.
  0.         0.         0.         0.         0.         0.
  0.         0.         0.         0.         0.         0.
  0.         0.         0.        ]
 [0.         0.         0.         0.         0.         0.
  0.         0.         0.         0.         0.         0.
  0.         0.         0.         0.         0.         0.
  0.         0.         0.        ]
 [0.         0.         0.         0.         0.         0.
  0.         0.         0.         0.         0.         0.
  0.         0.         0.         0.         0.         0.
  0.         0.         0.        ]
 [0.         0.         0.         0.         0.         0.
  0.         0.         0.         0.         0.         0.
  0.         0.         0.         0.         0.         0.
  0.         0.         0.        ]]","Inner blade 2D array of the non-dimensional start point defined along the outer profile of a layer. The TE suction side is 0, the TE pressure side is 1. The first dimension represents each layer, the second dimension represents each entry along blade span."
rotorse.split.layer_end_nd_inner,output,,"[[1.         1.         1.         1.         1.         1.
  1.         1.         1.         1.         1.         1.
  1.         1.         1.         1.         1.         1.
  1.         1.         1.        ]
 [1.         1.         1.         1.         1.         1.
  1.         1.         1.         1.         1.         1.
  1.         1.         1.         1.         1.         1.
  1.         1.         1.        ]
 [0.22272986 0.22866794 0.23336552 0.30519775 0.31545386 0.32544802
  0.33085575 0.33465856 0.33693023 0.33733731 0.33709694 0.33988989
  0.34299578 0.35339757 0.35941354 0.36772761 0.37587724 0.38290041
  0.38967533 0.39578041 0.40279653]
 [0.72273926 0.72921198 0.74096147 0.68886315 0.69956343 0.70665045
  0.71260689 0.71837984 0.72303829 0.72684182 0.72984701 0.72991361
  0.72942107 0.72309195 0.72144602 0.71902547 0.71738444 0.71755629
  0.71907849 0.72270786 0.73102948]
 [0.19443411 0.20023461 0.2034648  0.20985913 0.21680988 0.22473252
  0.23047318 0.23511254 0.23881547 0.24131677 0.24339399 0.24777115
  0.25245366 0.2626957  0.26823324 0.27460993 0.28054095 0.28515759
  0.28912313 0.31451625 0.43708362]
 [0.69444351 0.70077865 0.71106075 0.7210051  0.73181307 0.73805793
  0.74192309 0.74555238 0.74756319 0.74829535 0.74813068 0.74511023
  0.74148716 0.73206081 0.72721102 0.72134089 0.71582778 0.71163356
  0.70815871 0.72863534 0.84873723]
 [0.51094271 0.51093158 0.51109232 0.51151394 0.51274861 0.51314609
  0.51310658 0.51395159 0.51467968 0.51507905 0.51562235 0.51627311
  0.5168142  0.51755755 0.51822809 0.51906037 0.51995391 0.52094453
  0.52211804 0.52353357 0.52582167]
 [0.04074588 0.04104707 0.0434308  0.04611344 0.04943663 0.05219928
  0.0544146  0.05602713 0.05743132 0.05810475 0.05834802 0.05906711
  0.05987781 0.06224915 0.0651135  0.06952397 0.07480996 0.07512292
  0.07497596 0.07492002 0.07503121]
 [1.         1.         1.         1.         1.         1.
  1.         1.         1.         1.         1.         1.
  1.         1.         1.         1.         1.         1.
  1.         1.         1.        ]
 [0.16613836 0.17180127 0.17356408 0.24199078 0.24806134 0.25465133
  0.25823639 0.26060371 0.26185047 0.26161229 0.26081255 0.26231674
  0.26402735 0.27126114 0.27366032 0.27663823 0.27874511 0.27904085
  0.27805205 0.27506336 0.26774732]
 [0.48905595 0.48893839 0.48796411 0.48706864 0.48668455 0.48576547
  0.48502104 0.48531088 0.48564258 0.4857924  0.48611936 0.48627169
  0.48627317 0.48579129 0.48506303 0.48383156 0.48238805 0.48077685
  0.47894774 0.47684624 0.47359139]
 [0.66614777 0.67234531 0.68116003 0.62565618 0.63217091 0.63585376
  0.63998753 0.64432499 0.64795853 0.6511168  0.65356262 0.65234045
  0.65045265 0.64095552 0.6356928  0.62793609 0.6202523  0.61369673
  0.60745521 0.6019908  0.59598027]
 [0.95925412 0.95895293 0.9565692  0.95388656 0.95056337 0.94780072
  0.9455854  0.94397287 0.94256868 0.94189525 0.94165198 0.94093289
  0.94012219 0.93775085 0.9348865  0.93047603 0.92519004 0.92487708
  0.92502404 0.92507998 0.92496879]
 [1.         1.         1.         1.         1.         1.
  1.         1.         1.         1.         1.         1.
  1.         1.         1.         0.95       0.95       0.95
  0.95       0.95       0.95      ]
 [0.         0.         0.         0.         0.         0.
  0.         0.         0.         0.         0.         0.
  0.         0.         0.         0.         0.         0.
  0.         0.         0.        ]
 [0.         0.         0.         0.         0.         0.
  0.         0.         0.         0.         0.         0.
  0.         0.         0.         0.         0.         0.
  0.         0.         0.        ]
 [0.         0.         0.         0.         0.         0.
  0.         0.         0.         0.         0.         0.
  0.         0.         0.         0.         0.         0.
  0.         0.         0.        ]
 [0.         0.         0.         0.         0.         0.
  0.         0.         0.         0.         0.         0.
  0.         0.         0.         0.         0.         0.
  0.         0.         0.        ]
 [0.         0.         0.         0.         0.         0.
  0.         0.         0.         0.         0.         0.
  0.         0.         0.         0.         0.         0.
  0.         0.         0.        ]
 [0.         0.         0.         0.         0.         0.
  0.         0.         0.         0.         0.         0.
  0.         0.         0.         0.         0.         0.
  0.         0.         0.        ]]","Inner blade 2D array of the non-dimensional end point defined along the outer profile of a layer. The TE suction side is 0, the TE pressure side is 1. The first dimension represents each layer, the second dimension represents each entry along blade span."
rotorse.split.blade_length_outer,output,m,[30.05264797],Length of outer blade portion
rotorse.split.s_outer,output,,"[0.         0.08045977 0.1954023  0.31034483 0.42528736 0.54022989
 0.65517241 0.77011494 0.88505747 1.        ]",Outer blade nondimensional span location
rotorse.split.chord_outer,output,m,"[2.79010443 2.61780457 2.37255549 2.12536608 1.87360817 1.6133977
 1.34551447 1.07050448 0.78813172 0.5       ]",Outer blade chord distribution
rotorse.split.coord_xy_interp_outer,output,,"[[[1.00000000e+00 2.29180864e-03]
  [9.81362427e-01 2.41480801e-03]
  [9.56820273e-01 2.87220682e-03]
  ...
  [9.52274818e-01 1.56425947e-02]
  [9.76130200e-01 1.05873203e-02]
  [1.00000000e+00 5.56536480e-03]]

 [[1.00000000e+00 3.37948426e-03]
  [9.81907667e-01 3.41070179e-03]
  [9.57383654e-01 3.55340084e-03]
  ...
  [9.52308532e-01 1.50382979e-02]
  [9.76145533e-01 1.00604661e-02]
  [1.00000000e+00 5.11552050e-03]]

 [[1.00000000e+00 4.23111514e-03]
  [9.82331973e-01 4.21406208e-03]
  [9.57820373e-01 4.20422714e-03]
  ...
  [9.52342585e-01 1.40441932e-02]
  [9.76158891e-01 9.19923406e-03]
  [1.00000000e+00 4.39165819e-03]]

 ...

 [[1.00000000e+00 2.99243424e-04]
  [9.76715850e-01 2.78508494e-03]
  [9.52832571e-01 4.62553820e-03]
  ...
  [9.52575171e-01 9.64309571e-03]
  [9.76267770e-01 4.94496385e-03]
  [1.00000000e+00 2.99243424e-04]]

 [[1.00000000e+00 7.60311480e-05]
  [9.76692547e-01 2.94939444e-03]
  [9.52952126e-01 4.97097005e-03]
  ...
  [9.52775619e-01 1.06814382e-02]
  [9.76380589e-01 5.38373218e-03]
  [1.00000000e+00 7.60311480e-05]]

 [[1.00000000e+00 1.76276899e-06]
  [9.76685164e-01 3.14692752e-03]
  [9.53182640e-01 5.22846152e-03]
  ...
  [9.52998460e-01 1.22336784e-02]
  [9.76506117e-01 6.17134718e-03]
  [1.00000000e+00 1.76276899e-06]]]",Outer blade 3D array of the non-dimensional x and y airfoil coordinates of the airfoils interpolated along span for n_span stations.
rotorse.split.web_start_nd_outer,output,,"[[0.4154427  0.41684124 0.41745388 0.41737886 0.41698523 0.41540955
  0.41172813 0.40481371 0.39152611 0.24523263]
 [0.28457238 0.27990593 0.27146884 0.261506   0.24994315 0.23522712
  0.21550272 0.187438   0.14242594 0.24523263]]","Outer blade 2D array of the non-dimensional start point defined along the outer profile of a web. The TE suction side is 0, the TE pressure side is 1. The first dimension represents each web, the second dimension represents each entry along blade span."
rotorse.split.web_end_nd_outer,output,,"[[0.58405032 0.58310783 0.58307151 0.58367186 0.58444862 0.58623372
  0.59005239 0.59707699 0.6105906  0.75672069]
 [0.71426763 0.71947024 0.72861466 0.73920479 0.75117567 0.76596999
  0.78545395 0.8129724  0.85731993 0.75672069]]","Outer blade 2D array of the non-dimensional end point defined along the outer profile of a web. The TE suction side is 0, the TE pressure side is 1. The first dimension represents each web, the second dimension represents each entry along blade span."
rotorse.split.layer_thickness_outer,output,m,"[[ 1.00000000e-03  1.00000000e-03  1.00000000e-03  1.00000000e-03
   1.00000000e-03  1.00000000e-03  1.00000000e-03  1.00000000e-03
   1.00000000e-03  1.00000000e-03]
 [ 2.86491152e-03  2.57935592e-03  2.14614940e-03  1.69211977e-03
   1.22767857e-03  1.00000000e-03  1.00000000e-03  1.00000000e-03
   1.00000000e-03  1.00000000e-03]
 [ 2.20549123e-02  2.08042751e-02  1.89850461e-02  1.71360827e-02
   1.52672963e-02  1.33885984e-02  1.15099005e-02  9.63120264e-03
   7.75250477e-03  5.87380689e-03]
 [ 1.83968865e-02  1.69556653e-02  1.49623503e-02  1.30321660e-02
   1.11493299e-02  9.29805909e-03  7.46257101e-03  5.62708293e-03
   3.79159485e-03  1.95610677e-03]
 [ 3.44239839e-02  1.00000000e-03 -8.13151629e-20  0.00000000e+00
   0.00000000e+00  0.00000000e+00  0.00000000e+00  0.00000000e+00
   0.00000000e+00  0.00000000e+00]
 [ 3.44239839e-02  1.00000000e-03 -8.13151629e-20  0.00000000e+00
   0.00000000e+00  0.00000000e+00  0.00000000e+00  0.00000000e+00
   0.00000000e+00  0.00000000e+00]
 [ 1.35708454e-02  1.27253309e-02  1.15053236e-02  1.03065158e-02
   9.12537420e-03  7.95836553e-03  6.80195656e-03  5.65261407e-03
   4.50680481e-03  3.36099555e-03]
 [ 1.22323494e-02  1.10919834e-02  9.70078471e-03  8.50178952e-03
   7.39889612e-03  6.29600271e-03  5.19310930e-03  4.09021589e-03
   2.98732248e-03 -6.50521303e-19]
 [ 1.22323494e-02  1.10919834e-02  9.70078471e-03  8.50178952e-03
   7.39889612e-03  6.29600271e-03  5.19310930e-03  4.09021589e-03
   2.98732248e-03 -6.50521303e-19]
 [ 2.84675254e-02  2.65484460e-02  2.36853660e-02  2.07018877e-02
   1.76220907e-02  1.44700547e-02  1.12698594e-02  8.04558436e-03
   4.82130936e-03  1.59703436e-03]
 [ 2.32295708e-02  2.20787956e-02  2.02526601e-02  1.81953304e-02
   1.58885175e-02  1.33738018e-02  1.06927639e-02  7.88698432e-03
   4.99804368e-03  2.06752250e-03]
 [ 3.26797937e-02  3.06420809e-02  2.75162660e-02  2.41934479e-02
   2.07392943e-02  1.72194730e-02  1.36996517e-02  1.01798304e-02
   6.66000904e-03  3.14018771e-03]
 [ 3.54771595e-02  3.16324086e-02  2.65556105e-02  2.18699671e-02
   1.74972473e-02  1.33592202e-02  9.37765500e-03  5.47432071e-03
   1.57098642e-03  1.00000000e-03]
 [ 2.33877707e-03  2.17523163e-03  1.95702453e-03  1.75179189e-03
   1.55693882e-03  1.36987043e-03  1.18799183e-03  1.00870812e-03
   1.00000000e-03  1.00000000e-03]
 [ 1.27397979e-03  1.27259912e-03  1.29421439e-03  1.33204112e-03
   1.37797357e-03  1.42390602e-03  1.46983847e-03  1.51577093e-03
   1.56170338e-03  1.08420217e-19]
 [ 2.00000000e-02  2.00000000e-02  2.00000000e-02  2.00000000e-02
   2.00000000e-02  2.00000000e-02  2.00000000e-02  2.00000000e-02
   2.00000000e-02  6.93889390e-18]
 [ 1.35893442e-03  1.31042584e-03  1.27530103e-03  1.27259912e-03
   1.29421439e-03  1.33204112e-03  1.37797357e-03  1.42390602e-03
   1.46983847e-03  1.08420217e-19]
 [ 1.33654766e-03  1.33604234e-03  1.34493101e-03  1.36040697e-03
   1.37917659e-03  1.39794620e-03  1.41671582e-03  1.43548543e-03
   1.45425505e-03  2.16840434e-19]
 [ 2.00000000e-02  2.00000000e-02  2.00000000e-02  2.00000000e-02
   2.00000000e-02  2.00000000e-02  2.00000000e-02  2.00000000e-02
   2.00000000e-02  6.93889390e-18]
 [ 1.37083839e-03  1.35120150e-03  1.33703462e-03  1.33604234e-03
   1.34493101e-03  1.36040697e-03  1.37917659e-03  1.39794620e-03
   1.41671582e-03  6.50521303e-19]]","Outer blade 2D array of the thickness of the layers of the blade structure. The first dimension represents each layer, the second dimension represents each entry along blade span."
rotorse.split.layer_start_nd_outer,output,,"[[0.         0.         0.         0.         0.         0.
  0.         0.         0.         0.        ]
 [0.         0.         0.         0.         0.         0.
  0.         0.         0.         0.        ]
 [0.26774732 0.26203787 0.25142157 0.23806322 0.22713446 0.21215315
  0.19013613 0.15591778 0.10362535 0.08009451]
 [0.59598027 0.59308008 0.58909607 0.58563415 0.58359802 0.58098947
  0.57747154 0.57208904 0.57339689 0.59684729]
 [0.15010405 0.26663442 0.29282122 0.29160038 0.29036809 0.28828892
  0.28470286 0.27880225 0.26841981 0.24523263]
 [0.56175767 0.67867243 0.70736157 0.70936109 0.71126115 0.71382702
  0.71773382 0.72373774 0.73399726 0.75672069]
 [0.47359139 0.47152324 0.46807164 0.4638829  0.45854522 0.4511866
  0.44595877 0.44467843 0.44324233 0.44179699]
 [0.         0.         0.         0.         0.         0.
  0.         0.         0.         0.        ]
 [0.92496879 0.92485823 0.92470421 0.92478851 0.93005609 0.93027525
  0.93045139 0.93065362 0.93081265 0.93112403]
 [0.07503121 0.07514177 0.07529579 0.07521149 0.06994391 0.06972475
  0.06954861 0.06934638 0.06918735 0.06887597]
 [0.40279653 0.40628122 0.41109454 0.41700506 0.41919031 0.42186213
  0.42542975 0.43087324 0.43321427 0.41037074]
 [0.52582167 0.52730935 0.52982516 0.53308866 0.53739617 0.54310325
  0.54601304 0.54471542 0.54334969 0.54177825]
 [0.73102948 0.73732343 0.74876904 0.76133267 0.77353861 0.78951013
  0.81219362 0.84654949 0.89459762 0.91659409]
 [0.05       0.05       0.05       0.05       0.05       0.05
  0.04       0.05       0.05       0.05      ]
 [0.         0.         0.         0.         0.         0.
  0.         0.         0.         0.        ]
 [0.         0.         0.         0.         0.         0.
  0.         0.         0.         0.        ]
 [0.         0.         0.         0.         0.         0.
  0.         0.         0.         0.        ]
 [0.         0.         0.         0.         0.         0.
  0.         0.         0.         0.        ]
 [0.         0.         0.         0.         0.         0.
  0.         0.         0.         0.        ]
 [0.         0.         0.         0.         0.         0.
  0.         0.         0.         0.        ]]","Outer blade 2D array of the non-dimensional start point defined along the outer profile of a layer. The TE suction side is 0, the TE pressure side is 1. The first dimension represents each layer, the second dimension represents each entry along blade span."
rotorse.split.layer_end_nd_outer,output,,"[[1.         1.         1.         1.         1.         1.
  1.         1.         1.         1.        ]
 [1.         1.         1.         1.         1.         1.
  1.         1.         1.         1.        ]
 [0.40279653 0.40628122 0.41109454 0.41700506 0.41919031 0.42186213
  0.42542975 0.43087324 0.43321427 0.41037074]
 [0.73102948 0.73732343 0.74876904 0.76133267 0.77353861 0.78951013
  0.81219362 0.84654949 0.89459762 0.91659409]
 [0.43708362 0.32072568 0.29282122 0.29160038 0.29036809 0.28828892
  0.28470286 0.27880225 0.26841981 0.24523263]
 [0.84873723 0.73276369 0.70736157 0.70936109 0.71126115 0.71382702
  0.71773382 0.72373774 0.73399726 0.75672069]
 [0.52582167 0.52730935 0.52982516 0.53308866 0.53739617 0.54310325
  0.54601304 0.54471542 0.54334969 0.54177825]
 [0.07503121 0.07514177 0.07529579 0.07521149 0.06994391 0.06972475
  0.06954861 0.06934638 0.06918735 0.06887597]
 [1.         1.         1.         1.         1.         1.
  1.         1.         1.         1.        ]
 [0.26774732 0.26203787 0.25142157 0.23806322 0.22713446 0.21215315
  0.19013613 0.15591778 0.10362535 0.08009451]
 [0.47359139 0.47152324 0.46807164 0.4638829  0.45854522 0.4511866
  0.44595877 0.44467843 0.44324233 0.44179699]
 [0.59598027 0.59308008 0.58909607 0.58563415 0.58359802 0.58098947
  0.57747154 0.57208904 0.57339689 0.59684729]
 [0.92496879 0.92485823 0.92470421 0.92478851 0.93005609 0.93027525
  0.93045139 0.93065362 0.93081265 0.93112403]
 [0.95       0.95       0.95       0.95       0.95       0.95
  0.95       0.95       0.95       0.95      ]
 [0.         0.         0.         0.         0.         0.
  0.         0.         0.         0.        ]
 [0.         0.         0.         0.         0.         0.
  0.         0.         0.         0.        ]
 [0.         0.         0.         0.         0.         0.
  0.         0.         0.         0.        ]
 [0.         0.         0.         0.         0.         0.
  0.         0.         0.         0.        ]
 [0.         0.         0.         0.         0.         0.
  0.         0.         0.         0.        ]
 [0.         0.         0.         0.         0.         0.
  0.         0.         0.         0.        ]]","Outer blade 2D array of the non-dimensional end point defined along the outer profile of a layer. The TE suction side is 0, the TE pressure side is 1. The first dimension represents each layer, the second dimension represents each entry along blade span."
rotorse.stall_check.no_stall_constraint,output,,"[0.         0.         0.         0.         0.         0.
 0.         0.90634963 0.85826193 0.80293765 0.72538972 0.6535371
 0.60170552 0.56208006 0.54286923 0.53681701 0.53368229 0.53393957
 0.53851248 0.54794805 0.56867612 0.5840612  0.61117906 0.64931954
 0.69920941 0.74719688 0.79404207 0.84453505 0.89593782 0.93993442]","Constraint, ratio between angle of attack plus a margin and stall angle"
rotorse.stall_check.stall_angle_along_span,output,deg,"[1.00000000e-06 5.43088786e+01 4.33830942e+01 3.53406176e+01
 2.85478926e+01 1.91830705e+01 1.61684360e+01 1.49314621e+01
 1.44415713e+01 1.43901333e+01 1.48309312e+01 1.54295215e+01
 1.58618219e+01 1.63502005e+01 1.64761060e+01 1.64847313e+01
 1.64861498e+01 1.64696852e+01 1.64398786e+01 1.63987234e+01
 1.63278842e+01 1.62802306e+01 1.61973712e+01 1.59855216e+01
 1.56319779e+01 1.54772757e+01 1.54126247e+01 1.52996082e+01
 1.51187977e+01 1.48837046e+01]",Stall angle along blade span
rotorse.total_bc.total_blade_cost,output,USD,[583238.11130328],"Total blade cost (variable and fixed). For segmented blades, this is the total of inner+outer+joint"
