variables,type,units,values,description
financese.machine_rating,input,kW,[3370.],
financese.offset_tcc_per_kW,input,USD/kW,[0.],
financese.bos_per_kW,input,USD/kW,[459.],
financese.opex_per_kW,input,USD/kW/year,[44.],
financese.plant_aep_in,input,kW*h,[0.],
financese.wake_loss_factor,input,,[0.15],
financese.fixed_charge_rate,input,,[0.075],
financese.electricity_price,input,USD/kW/h,[0.04],
financese.reserve_margin_price,input,USD/kW/year,[120.],
financese.capacity_credit,input,,[1.],
financese.benchmark_price,input,USD/kW/h,[0.071],
financese.turbine_number,input,n/a,178.0,
outputs_2_screen.My_std,input,N*m,[0.],
outputs_2_screen.flp1_std,input,deg,[0.],
outputs_2_screen.PC_omega,input,rad/s,[0.],
outputs_2_screen.PC_zeta,input,,[0.],
outputs_2_screen.VS_omega,input,rad/s,[0.],
outputs_2_screen.VS_zeta,input,,[0.],
outputs_2_screen.Flp_omega,input,rad/s,[0.],
outputs_2_screen.Flp_zeta,input,,[0.],
tcc.main_bearing_mass,input,kg,[0.],
tcc.bearing_mass_cost_coeff,input,USD/kg,[4.5],
tcc.bedplate_mass,input,kg,[0.],
tcc.bedplate_mass_cost_coeff,input,USD/kg,[2.9],
tcc.blade_mass_cost_coeff,input,USD/kg,[14.6],
tcc.brake_mass,input,kg,[0.],
tcc.brake_mass_cost_coeff,input,USD/kg,[3.6254],
tcc.machine_rating,input,kW,[3370.],
tcc.controls_machine_rating_cost_coeff,input,USD/kW,[21.15],
tcc.converter_mass,input,kg,[0.],
tcc.converter_mass_cost_coeff,input,USD/kg,[18.8],
tcc.cover_mass,input,kg,[0.],
tcc.cover_mass_cost_coeff,input,USD/kg,[5.7],
tcc.elec_connec_machine_rating_cost_coeff,input,USD/kW,[41.85],
tcc.gearbox_mass,input,kg,[0.],
tcc.gearbox_torque_density,input,N*m/kg,[200.],"In 2024, modern 5-7MW gearboxes are able to reach 200 Nm/kg"
tcc.gearbox_torque_cost,input,USD/kN/m,[50.],"In 2024, modern 5-7MW gearboxes cost approx $50/kNm"
tcc.generator_mass,input,kg,[0.],
tcc.generator_mass_cost_coeff,input,USD/kg,[12.4],
tcc.generator_cost_external,input,USD,[0.],
tcc.hss_mass,input,kg,[0.],
tcc.hss_mass_cost_coeff,input,USD/kg,[6.8],
tcc.hub_mass,input,kg,[0.],
tcc.pitch_system_mass,input,kg,[0.],
tcc.spinner_mass,input,kg,[0.],
tcc.hub_assemblyCostMultiplier,input,,[0.],
tcc.hub_overheadCostMultiplier,input,,[0.],
tcc.hub_profitMultiplier,input,,[0.],
tcc.hub_transportMultiplier,input,,[0.],
tcc.hub_mass_cost_coeff,input,USD/kg,[3.9],
tcc.hvac_mass,input,kg,[0.],
tcc.hvac_mass_cost_coeff,input,USD/kg,[124.],
tcc.lss_mass,input,kg,[0.],
tcc.lss_mass_cost_coeff,input,USD/kg,[11.9],
tcc.yaw_mass,input,kg,[0.],
tcc.platforms_mass,input,kg,[0.],
tcc.transformer_mass,input,kg,[0.],
tcc.nacelle_assemblyCostMultiplier,input,,[0.],
tcc.nacelle_overheadCostMultiplier,input,,[0.],
tcc.nacelle_profitMultiplier,input,,[0.],
tcc.nacelle_transportMultiplier,input,,[0.],
tcc.main_bearing_number,input,n/a,2,
tcc.tower_mass,input,kg,[0.],
tcc.pitch_system_mass_cost_coeff,input,USD/kg,[22.1],
tcc.platforms_mass_cost_coeff,input,USD/kg,[17.1],
tcc.crane_cost,input,USD,[12000.],
tcc.crane,input,n/a,False,
tcc.blade_number,input,n/a,3,
tcc.spinner_mass_cost_coeff,input,USD/kg,[11.1],
tcc.tower_assemblyCostMultiplier,input,,[0.],
tcc.tower_overheadCostMultiplier,input,,[0.],
tcc.tower_profitMultiplier,input,,[0.],
tcc.tower_transportMultiplier,input,,[0.],
tcc.tower_mass_cost_coeff,input,USD/kg,[2.9],
tcc.tower_cost_external,input,USD,[0.],
tcc.transformer_mass_cost_coeff,input,USD/kg,[18.8],
tcc.turbine_assemblyCostMultiplier,input,,[0.],
tcc.turbine_overheadCostMultiplier,input,,[0.],
tcc.turbine_profitMultiplier,input,,[0.],
tcc.turbine_transportMultiplier,input,,[0.],
tcc.yaw_mass_cost_coeff,input,USD/kg,[8.3],
rotorse.ccblade.Uhub,input,m/s,[9.],Undisturbed wind speed
rotorse.tsr,input,,[8.01754386],Tip speed ratio
rotorse.pitch,input,deg,[0.],Pitch angle
rotorse.ccblade.s_opt_chord,input,,"[0.         0.03448276 0.06896552 0.10344828 0.13793103 0.17241379
 0.20689655 0.24137931 0.27586207 0.31034483 0.34482759 0.37931034
 0.4137931  0.44827586 0.48275862 0.51724138 0.55172414 0.5862069
 0.62068966 0.65517241 0.68965517 0.72413793 0.75862069 0.79310345
 0.82758621 0.86206897 0.89655172 0.93103448 0.96551724 1.        ]",1D array of the non-dimensional spanwise grid defined along blade axis to optimize the blade chord
rotorse.ccblade.s_opt_theta,input,,"[0.         0.03448276 0.06896552 0.10344828 0.13793103 0.17241379
 0.20689655 0.24137931 0.27586207 0.31034483 0.34482759 0.37931034
 0.4137931  0.44827586 0.48275862 0.51724138 0.55172414 0.5862069
 0.62068966 0.65517241 0.68965517 0.72413793 0.75862069 0.79310345
 0.82758621 0.86206897 0.89655172 0.93103448 0.96551724 1.        ]",1D array of the non-dimensional spanwise grid defined along blade axis to optimize the blade twist
rotorse.ccblade.aoa_op,input,rad,"[3.14159265 3.14159265 3.14159265 3.14159265 3.14159265 3.14159265
 3.14159265 3.14159265 3.14159265 3.14159265 3.14159265 3.14159265
 3.14159265 3.14159265 3.14159265 3.14159265 3.14159265 3.14159265
 3.14159265 3.14159265 3.14159265 3.14159265 3.14159265 3.14159265
 3.14159265 3.14159265 3.14159265 3.14159265 3.14159265 3.14159265]",1D array with the operational angles of attack for the airfoils along blade span.
rotorse.airfoils_aoa,input,deg,"[-180.         -177.         -174.         -171.         -168.
 -165.         -162.         -159.         -156.         -153.
 -150.         -147.         -144.         -141.         -138.
 -135.         -132.         -129.         -126.         -123.
 -120.         -117.         -114.         -111.         -108.
 -105.         -102.          -99.          -96.          -93.
  -90.          -87.          -84.          -81.          -78.
  -75.          -72.          -69.          -66.          -63.
  -60.          -57.          -54.          -51.          -48.
  -45.          -42.          -39.          -36.          -33.
  -30.          -29.39393939  -28.78787879  -28.18181818  -27.57575758
  -26.96969697  -26.36363636  -25.75757576  -25.15151515  -24.54545455
  -23.93939394  -23.33333333  -22.72727273  -22.12121212  -21.51515152
  -20.90909091  -20.3030303   -19.6969697   -19.09090909  -18.48484848
  -17.87878788  -17.27272727  -16.66666667  -16.06060606  -15.45454545
  -14.84848485  -14.24242424  -13.63636364  -13.03030303  -12.42424242
  -11.81818182  -11.21212121  -10.60606061  -10.           -9.39393939
   -8.78787879   -8.18181818   -7.57575758   -6.96969697   -6.36363636
   -5.75757576   -5.15151515   -4.54545455   -3.93939394   -3.33333333
   -2.72727273   -2.12121212   -1.51515152   -0.90909091   -0.3030303
    0.3030303     0.90909091    1.51515152    2.12121212    2.72727273
    3.33333333    3.93939394    4.54545455    5.15151515    5.75757576
    6.36363636    6.96969697    7.57575758    8.18181818    8.78787879
    9.39393939   10.           10.60606061   11.21212121   11.81818182
   12.42424242   13.03030303   13.63636364   14.24242424   14.84848485
   15.45454545   16.06060606   16.66666667   17.27272727   17.87878788
   18.48484848   19.09090909   19.6969697    20.3030303    20.90909091
   21.51515152   22.12121212   22.72727273   23.33333333   23.93939394
   24.54545455   25.15151515   25.75757576   26.36363636   26.96969697
   27.57575758   28.18181818   28.78787879   29.39393939   30.
   33.           36.           39.           42.           45.
   48.           51.           54.           57.           60.
   63.           66.           69.           72.           75.
   78.           81.           84.           87.           90.
   93.           96.           99.          102.          105.
  108.          111.          114.          117.          120.
  123.          126.          129.          132.          135.
  138.          141.          144.          147.          150.
  153.          156.          159.          162.          165.
  168.          171.          174.          177.          180.        ]",angle of attack grid for polars
rotorse.airfoils_Re,input,,[6000000.],Reynolds numbers of polars
rotorse.precone,input,deg,[3.],precone angle
rotorse.tilt,input,deg,[4.99962972],shaft tilt
rotorse.yaw,input,deg,[0.],yaw error
rotorse.rho_air,input,kg/m**3,[1.225],density of air
rotorse.mu_air,input,kg/m/s,[1.81e-05],dynamic viscosity of air
rotorse.shearExp,input,,[0.2],shear exponent
rotorse.nBlades,input,n/a,3,number of blades
rotorse.nSector,output,n/a,4,number of sectors to divide rotor face into in computing thrust and power
rotorse.tiploss,output,n/a,True,include Prandtl tip loss model
rotorse.hubloss,output,n/a,True,include Prandtl hub loss model
rotorse.wakerotation,output,n/a,True,"include effect of wake rotation (i.e., tangential induction factor is nonzero)"
rotorse.usecd,output,n/a,True,use drag coefficient in computing induction factors
rotorse.rc.layer_web,input,,[0. 0. 0. 0. 0. 0. 0. 0. 0. 0. 0. 1. 1. 1. 2. 2. 2.],"1D array of the web id the layer is associated to. If the layer is on the outer profile, this entry can simply stay equal to 0."
rotorse.rc.rho,input,kg/m**3,[1100. 1845. 1845. 1940.  110.  110. 1100. 1150. 8500.],"1D array of the density of the materials. For composites, this is the density of the laminate."
rotorse.rc.unit_cost,input,USD/kg,[ 7.23  2.86  3.    1.87 13.   13.    9.    3.63  0.  ],1D array of the unit costs of the materials.
rotorse.rc.waste,input,,[0.25 0.15 0.15 0.05 0.2  0.2  0.   0.2  0.  ],1D array of the non-dimensional waste fraction of the materials.
rotorse.rc.rho_fiber,input,kg/m**3,[   0. 2600. 2600. 2600.    0.    0.    0.    0.    0.],1D array of the density of the fibers of the materials.
rotorse.rc.roll_mass,input,kg,"[  0.     181.4368 181.4368   0.       0.       0.       0.       0.
   0.    ]",1D array of the roll mass of the composite fabrics. Non-composite materials are kept at 0.
rotorse.rc.flange_adhesive_squeezed,input,,[0.2],Extra width of the adhesive once squeezed
rotorse.rc.flange_thick,input,m,[0.008],Average thickness of adhesive
rotorse.rc.flange_width,input,m,[0.05],Average width of adhesive lines
rotorse.rc.t_bolt_unit_cost,input,USD,[25.],Cost of one t-bolt
rotorse.rc.t_bolt_unit_mass,input,kg,[2.5],Mass of one t-bolt
rotorse.rc.t_bolt_spacing,input,m,[0.15],Spacing of t-bolts along blade root circumference
rotorse.rc.barrel_nut_unit_cost,input,USD,[12.],Cost of one barrel nut
rotorse.rc.barrel_nut_unit_mass,input,kg,[1.9],Mass of one barrel nut
rotorse.rc.LPS_unit_mass,input,kg/m,[1.],Unit mass of the lightining protection system. Linear scaling based on the weight of 150 lbs for the 61.5 m NREL 5MW blade
rotorse.rc.LPS_unit_cost,input,USD/m,[40.],Unit cost of the lightining protection system. Linear scaling based on the cost of 2500$ for the 61.5 m NREL 5MW blade
rotorse.rc.root_preform_length,input,,[0.01],Percentage of blade length starting from blade root that is preformed and later inserted into the mold
rotorse.rc.definition_layer,input,n/a,[ 9.  9.  2.  2.  5.  8.  7.  6.  6.  6.  6. 10. 10. 10. 10. 10. 10.],"1D array of flags identifying how layers are specified in the yaml. 1) all around (skin, paint, ) 2) offset+rotation twist+width (spar caps) 3) offset+user defined rotation+width 4) midpoint TE+width (TE reinf) 5) midpoint LE+width (LE reinf) 6) layer position fixed to other layer (core fillers) 7) start and width 8) end and width 9) start and end nd 10) web layer"
rotorse.rc.mat_name,input,n/a,"['paint', 'triax', 'biax', 'ud', 'balsa', 'foam', 'adhesive', 'resin', 'steel']",1D array of names of materials.
rotorse.rc.orth,input,n/a,[0. 1. 1. 1. 0. 0. 0. 0. 0.],1D array of flags to set whether a material is isotropic (0) or orthtropic (1). Each entry represents a material.
rotorse.rc.component_id,input,n/a,[ 0.  2.  3.  4.  1.  1. -1. -1. -1.],"1D array of flags to set whether a material is used in a blade: 0 - coating, 1 - sandwich filler , 2 - shell skin, 3 - shear webs, 4 - spar caps, 5 - TE/LE reinf."
rotorse.re.precomp.uptilt,input,deg,[4.99962972],Nacelle uptilt angle. A standard machine has positive values.
rotorse.re.precomp.layer_web,input,,[0. 0. 0. 0. 0. 0. 0. 0. 0. 0. 0. 1. 1. 1. 2. 2. 2.],"1D array of the web id the layer is associated to. If the layer is on the outer profile, this entry can simply stay equal to 0."
rotorse.re.precomp.fiber_orientation,input,deg,"[[0. 0. 0. 0. 0. 0. 0. 0. 0. 0. 0. 0. 0. 0. 0. 0. 0. 0. 0. 0. 0. 0. 0. 0.
  0. 0. 0. 0. 0. 0.]
 [0. 0. 0. 0. 0. 0. 0. 0. 0. 0. 0. 0. 0. 0. 0. 0. 0. 0. 0. 0. 0. 0. 0. 0.
  0. 0. 0. 0. 0. 0.]
 [0. 0. 0. 0. 0. 0. 0. 0. 0. 0. 0. 0. 0. 0. 0. 0. 0. 0. 0. 0. 0. 0. 0. 0.
  0. 0. 0. 0. 0. 0.]
 [0. 0. 0. 0. 0. 0. 0. 0. 0. 0. 0. 0. 0. 0. 0. 0. 0. 0. 0. 0. 0. 0. 0. 0.
  0. 0. 0. 0. 0. 0.]
 [0. 0. 0. 0. 0. 0. 0. 0. 0. 0. 0. 0. 0. 0. 0. 0. 0. 0. 0. 0. 0. 0. 0. 0.
  0. 0. 0. 0. 0. 0.]
 [0. 0. 0. 0. 0. 0. 0. 0. 0. 0. 0. 0. 0. 0. 0. 0. 0. 0. 0. 0. 0. 0. 0. 0.
  0. 0. 0. 0. 0. 0.]
 [0. 0. 0. 0. 0. 0. 0. 0. 0. 0. 0. 0. 0. 0. 0. 0. 0. 0. 0. 0. 0. 0. 0. 0.
  0. 0. 0. 0. 0. 0.]
 [0. 0. 0. 0. 0. 0. 0. 0. 0. 0. 0. 0. 0. 0. 0. 0. 0. 0. 0. 0. 0. 0. 0. 0.
  0. 0. 0. 0. 0. 0.]
 [0. 0. 0. 0. 0. 0. 0. 0. 0. 0. 0. 0. 0. 0. 0. 0. 0. 0. 0. 0. 0. 0. 0. 0.
  0. 0. 0. 0. 0. 0.]
 [0. 0. 0. 0. 0. 0. 0. 0. 0. 0. 0. 0. 0. 0. 0. 0. 0. 0. 0. 0. 0. 0. 0. 0.
  0. 0. 0. 0. 0. 0.]
 [0. 0. 0. 0. 0. 0. 0. 0. 0. 0. 0. 0. 0. 0. 0. 0. 0. 0. 0. 0. 0. 0. 0. 0.
  0. 0. 0. 0. 0. 0.]
 [0. 0. 0. 0. 0. 0. 0. 0. 0. 0. 0. 0. 0. 0. 0. 0. 0. 0. 0. 0. 0. 0. 0. 0.
  0. 0. 0. 0. 0. 0.]
 [0. 0. 0. 0. 0. 0. 0. 0. 0. 0. 0. 0. 0. 0. 0. 0. 0. 0. 0. 0. 0. 0. 0. 0.
  0. 0. 0. 0. 0. 0.]
 [0. 0. 0. 0. 0. 0. 0. 0. 0. 0. 0. 0. 0. 0. 0. 0. 0. 0. 0. 0. 0. 0. 0. 0.
  0. 0. 0. 0. 0. 0.]
 [0. 0. 0. 0. 0. 0. 0. 0. 0. 0. 0. 0. 0. 0. 0. 0. 0. 0. 0. 0. 0. 0. 0. 0.
  0. 0. 0. 0. 0. 0.]
 [0. 0. 0. 0. 0. 0. 0. 0. 0. 0. 0. 0. 0. 0. 0. 0. 0. 0. 0. 0. 0. 0. 0. 0.
  0. 0. 0. 0. 0. 0.]
 [0. 0. 0. 0. 0. 0. 0. 0. 0. 0. 0. 0. 0. 0. 0. 0. 0. 0. 0. 0. 0. 0. 0. 0.
  0. 0. 0. 0. 0. 0.]]","2D array of the orientation of the layers of the blade structure. The first dimension represents each layer, the second dimension represents each entry along blade span."
rotorse.re.precomp.E,input,Pa,"[[4.560e+06 4.560e+06 4.560e+06]
 [2.179e+10 1.467e+10 1.467e+10]
 [1.392e+10 1.392e+10 1.392e+10]
 [4.200e+10 1.230e+10 1.230e+10]
 [5.000e+07 5.000e+07 5.000e+07]
 [5.000e+07 5.000e+07 5.000e+07]
 [4.560e+06 4.560e+06 4.560e+06]
 [1.000e+06 1.000e+06 1.000e+06]
 [2.100e+11 2.100e+11 2.100e+11]]","2D array of the Youngs moduli of the materials. Each row represents a material, the three columns represent E11, E22 and E33."
rotorse.re.precomp.G,input,Pa,"[[1.52000000e+06 1.52000000e+06 1.52000000e+06]
 [9.41300000e+09 9.41300000e+09 9.41300000e+09]
 [1.15000000e+10 1.15000000e+10 1.15000000e+10]
 [3.47000000e+09 3.47000000e+09 3.47000000e+09]
 [1.66666667e+07 1.66666667e+07 1.66666667e+07]
 [1.66666667e+07 1.66666667e+07 1.66666667e+07]
 [1.52000000e+06 1.52000000e+06 1.52000000e+06]
 [3.84615385e+05 3.84615385e+05 3.84615385e+05]
 [8.07692308e+10 8.07692308e+10 8.07692308e+10]]","2D array of the shear moduli of the materials. Each row represents a material, the three columns represent G12, G13 and G23."
rotorse.re.precomp.nu,input,,"[[0.49 0.49 0.49]
 [0.48 0.48 0.48]
 [0.49 0.49 0.49]
 [0.31 0.31 0.31]
 [0.49 0.49 0.49]
 [0.49 0.49 0.49]
 [0.49 0.49 0.49]
 [0.3  0.3  0.3 ]
 [0.3  0.3  0.3 ]]","2D array of the Poisson ratio of the materials. Each row represents a material, the three columns represent nu12, nu13 and nu23."
rotorse.re.precomp.rho,input,kg/m**3,[1100. 1845. 1845. 1940.  110.  110. 1100. 1150. 8500.],"1D array of the density of the materials. For composites, this is the density of the laminate."
rotorse.re.precomp.joint_position,input,,[0.],Spanwise position of the segmentation joint.
rotorse.re.precomp.joint_mass,input,kg,[0.],Mass of the joint.
rotorse.re.precomp.n_blades,input,n/a,3,Number of blades of the rotor.
rotorse.re.precomp.definition_layer,input,n/a,[ 9.  9.  2.  2.  5.  8.  7.  6.  6.  6.  6. 10. 10. 10. 10. 10. 10.],"1D array of flags identifying how layers are specified in the yaml. 1) all around (skin, paint, ) 2) offset+rotation twist+width (spar caps) 3) offset+user defined rotation+width 4) midpoint TE+width (TE reinf) 5) midpoint LE+width (LE reinf) 6) layer position fixed to other layer (core fillers) 7) start and width 8) end and width 9) start and end nd 10) web layer"
rotorse.re.precomp.mat_name,input,n/a,"['paint', 'triax', 'biax', 'ud', 'balsa', 'foam', 'adhesive', 'resin', 'steel']",1D array of names of materials.
rotorse.re.precomp.orth,input,n/a,[0. 1. 1. 1. 0. 0. 0. 0. 0.],1D array of flags to set whether a material is isotropic (0) or orthtropic (1). Each entry represents a material.
rotorse.total_bc.joint_cost,input,USD,[0.],Total blade joint cost
rotorse.total_bc.outer_blade_cost,input,USD,[0.],Total cost (variable and fixed) for the blade outer portion.
rotorse.wt_class.V_mean_overwrite,input,,[0.],
rotorse.wt_class.V_extreme50_overwrite,input,,[0.],
rotorse.wt_class.turbine_class,input,n/a,III,
af_3d.aoa,input,rad,"[-3.14159265 -3.08923278 -3.0368729  -2.98451302 -2.93215314 -2.87979327
 -2.82743339 -2.77507351 -2.72271363 -2.67035376 -2.61799388 -2.565634
 -2.51327412 -2.46091425 -2.40855437 -2.35619449 -2.30383461 -2.25147474
 -2.19911486 -2.14675498 -2.0943951  -2.04203522 -1.98967535 -1.93731547
 -1.88495559 -1.83259571 -1.78023584 -1.72787596 -1.67551608 -1.6231562
 -1.57079633 -1.51843645 -1.46607657 -1.41371669 -1.36135682 -1.30899694
 -1.25663706 -1.20427718 -1.15191731 -1.09955743 -1.04719755 -0.99483767
 -0.9424778  -0.89011792 -0.83775804 -0.78539816 -0.73303829 -0.68067841
 -0.62831853 -0.57595865 -0.52359878 -0.51302102 -0.50244327 -0.49186552
 -0.48128776 -0.47071001 -0.46013226 -0.4495545  -0.43897675 -0.428399
 -0.41782125 -0.40724349 -0.39666574 -0.38608799 -0.37551023 -0.36493248
 -0.35435473 -0.34377697 -0.33319922 -0.32262147 -0.31204371 -0.30146596
 -0.29088821 -0.28031046 -0.2697327  -0.25915495 -0.2485772  -0.23799944
 -0.22742169 -0.21684394 -0.20626618 -0.19568843 -0.18511068 -0.17453293
 -0.16395517 -0.15337742 -0.14279967 -0.13222191 -0.12164416 -0.11106641
 -0.10048865 -0.0899109  -0.07933315 -0.06875539 -0.05817764 -0.04759989
 -0.03702214 -0.02644438 -0.01586663 -0.00528888  0.00528888  0.01586663
  0.02644438  0.03702214  0.04759989  0.05817764  0.06875539  0.07933315
  0.0899109   0.10048865  0.11106641  0.12164416  0.13222191  0.14279967
  0.15337742  0.16395517  0.17453293  0.18511068  0.19568843  0.20626618
  0.21684394  0.22742169  0.23799944  0.2485772   0.25915495  0.2697327
  0.28031046  0.29088821  0.30146596  0.31204371  0.32262147  0.33319922
  0.34377697  0.35435473  0.36493248  0.37551023  0.38608799  0.39666574
  0.40724349  0.41782125  0.428399    0.43897675  0.4495545   0.46013226
  0.47071001  0.48128776  0.49186552  0.50244327  0.51302102  0.52359878
  0.57595865  0.62831853  0.68067841  0.73303829  0.78539816  0.83775804
  0.89011792  0.9424778   0.99483767  1.04719755  1.09955743  1.15191731
  1.20427718  1.25663706  1.30899694  1.36135682  1.41371669  1.46607657
  1.51843645  1.57079633  1.6231562   1.67551608  1.72787596  1.78023584
  1.83259571  1.88495559  1.93731547  1.98967535  2.04203522  2.0943951
  2.14675498  2.19911486  2.25147474  2.30383461  2.35619449  2.40855437
  2.46091425  2.51327412  2.565634    2.61799388  2.67035376  2.72271363
  2.77507351  2.82743339  2.87979327  2.93215314  2.98451302  3.0368729
  3.08923278  3.14159265]",1D array of the angles of attack used to define the polars of the airfoils. All airfoils defined in openmdao share this grid.
af_3d.Re,input,,[6000000.],1D array of the Reynolds numbers used to define the polars of the airfoils. All airfoils defined in openmdao share this grid.
af_3d.rated_TSR,input,,[8.01754386],Constant tip speed ratio in region II.
blade.compute_reynolds.rho,input,kg/m**3,[1.225],
blade.compute_reynolds.mu,input,kg/m/s,[1.81e-05],Dynamic viscosity of air
blade.compute_reynolds.maxOmega,input,rad/s,[2.],Maximum allowed rotor speed.
blade.compute_reynolds.max_TS,input,m/s,[80.],Maximum allowed blade tip speed.
blade.compute_reynolds.V_out,input,m/s,[25.],Cut out wind speed. This is the wind speed where region III ends.
blade.high_level_blade_props.rotor_diameter_user,input,m,[130.],Diameter of the rotor specified by the user. It is defined as two times the blade length plus the hub diameter.
blade.internal_structure_2d_fem.web_rotation_yaml,output,rad,"[[0. 0. 0. 0. 0. 0. 0. 0. 0. 0. 0. 0. 0. 0. 0. 0. 0. 0. 0. 0. 0. 0. 0. 0.
  0. 0. 0. 0. 0. 0.]
 [0. 0. 0. 0. 0. 0. 0. 0. 0. 0. 0. 0. 0. 0. 0. 0. 0. 0. 0. 0. 0. 0. 0. 0.
  0. 0. 0. 0. 0. 0.]]","2D array of the rotation angle of the shear webs in respect to the chord line. The first dimension represents each shear web, the second dimension represents each entry along blade span. If the rotation is equal to negative twist +- a constant, then the web is built straight."
blade.internal_structure_2d_fem.web_offset_y_pa_yaml,output,m,"[[ 0.          0.          0.         -0.25690553 -0.24752998 -0.23845688
  -0.23163199 -0.22245304 -0.21289352 -0.20673231 -0.19748705 -0.1884558
  -0.18155514 -0.17250793 -0.1635676  -0.15699808 -0.14746376 -0.1392591
  -0.13181691 -0.12206055 -0.11439878 -0.10671818 -0.09725758 -0.09014404
  -0.08167309 -0.07229802 -0.06539204 -0.05680662  0.          0.        ]
 [ 0.          0.          0.          0.34309447  0.35247002  0.36154312
   0.36836801  0.37754696  0.38710648  0.39326769  0.40251295  0.4115442
   0.41844486  0.42749207  0.4364324   0.44300192  0.45253624  0.4607409
   0.46818309  0.47793945  0.48560122  0.49328182  0.50274242  0.50985596
   0.51832691  0.52770198  0.53460796  0.54319338  0.          0.        ]]","2D array of the offset along the y axis to set the position of the shear webs. Positive values move the web towards the trailing edge, negative values towards the leading edge. The first dimension represents each shear web, the second dimension represents each entry along blade span."
blade.internal_structure_2d_fem.web_start_nd_yaml,output,,"[[0. 0. 0. 0. 0. 0. 0. 0. 0. 0. 0. 0. 0. 0. 0. 0. 0. 0. 0. 0. 0. 0. 0. 0.
  0. 0. 0. 0. 0. 0.]
 [0. 0. 0. 0. 0. 0. 0. 0. 0. 0. 0. 0. 0. 0. 0. 0. 0. 0. 0. 0. 0. 0. 0. 0.
  0. 0. 0. 0. 0. 0.]]","2D array of the non-dimensional start point defined along the outer profile of a web. The TE suction side is 0, the TE pressure side is 1. The first dimension represents each web, the second dimension represents each entry along blade span."
blade.internal_structure_2d_fem.web_end_nd_yaml,output,,"[[0. 0. 0. 0. 0. 0. 0. 0. 0. 0. 0. 0. 0. 0. 0. 0. 0. 0. 0. 0. 0. 0. 0. 0.
  0. 0. 0. 0. 0. 0.]
 [0. 0. 0. 0. 0. 0. 0. 0. 0. 0. 0. 0. 0. 0. 0. 0. 0. 0. 0. 0. 0. 0. 0. 0.
  0. 0. 0. 0. 0. 0.]]","2D array of the non-dimensional end point defined along the outer profile of a web. The TE suction side is 0, the TE pressure side is 1. The first dimension represents each web, the second dimension represents each entry along blade span."
blade.internal_structure_2d_fem.layer_web,output,,[0. 0. 0. 0. 0. 0. 0. 0. 0. 0. 0. 1. 1. 1. 2. 2. 2.],"1D array of the web id the layer is associated to. If the layer is on the outer profile, this entry can simply stay equal to zero."
blade.internal_structure_2d_fem.layer_thickness,output,m,"[[0.0005     0.0005     0.0005     0.0005     0.0005     0.0005
  0.0005     0.0005     0.0005     0.0005     0.0005     0.0005
  0.0005     0.0005     0.0005     0.0005     0.0005     0.0005
  0.0005     0.0005     0.0005     0.0005     0.0005     0.0005
  0.0005     0.0005     0.0005     0.0005     0.0005     0.0005    ]
 [0.065      0.04800279 0.033292   0.01926887 0.01406293 0.00856717
  0.00422099 0.00311171 0.0020769  0.00134756 0.001293   0.00124203
  0.00117458 0.00110339 0.00103293 0.001      0.001      0.001
  0.001      0.001      0.00100013 0.00102217 0.00105827 0.00108623
  0.00106675 0.00103848 0.00100343 0.001      0.001      0.001     ]
 [0.         0.         0.         0.01096853 0.02133832 0.0317352
  0.04160593 0.04984494 0.05812354 0.06312958 0.05801117 0.05332646
  0.05059974 0.04984837 0.04911173 0.04759787 0.04486122 0.04234193
  0.03876062 0.03462629 0.03037354 0.02940123 0.02971785 0.0300295
  0.02239744 0.01278279 0.00312884 0.00204323 0.         0.        ]
 [0.         0.         0.         0.01096853 0.02133832 0.0317352
  0.04160593 0.04984494 0.05812354 0.06312958 0.05801117 0.05332646
  0.05059974 0.04984837 0.04911173 0.04759787 0.04486122 0.04234193
  0.03876062 0.03462629 0.03037354 0.02940123 0.02971785 0.0300295
  0.02239744 0.01278279 0.00312884 0.00204323 0.         0.        ]
 [0.         0.         0.         0.00311612 0.00326175 0.00340954
  0.00341952 0.00297175 0.00251423 0.00211766 0.00188941 0.00164872
  0.00146862 0.00136136 0.00124907 0.00123139 0.00132931 0.00142642
  0.00141937 0.00138493 0.00135162 0.00143893 0.00160424 0.00176964
  0.         0.         0.         0.         0.         0.        ]
 [0.         0.         0.         0.0013626  0.00319121 0.0050594
  0.00653033 0.00689266 0.00722352 0.00741642 0.00715533 0.00690372
  0.00706912 0.00777988 0.00851129 0.00810552 0.00581414 0.00368146
  0.00257481 0.00189949 0.00119688 0.00115642 0.00142939 0.00168267
  0.         0.         0.         0.         0.         0.        ]
 [0.         0.         0.         0.0013626  0.00319121 0.0050594
  0.00653033 0.00689266 0.00722352 0.00741642 0.00715533 0.00690372
  0.00706912 0.00777988 0.00851129 0.00810552 0.00581414 0.00368146
  0.00257481 0.00189949 0.00119688 0.00115642 0.00142939 0.00168267
  0.         0.         0.         0.         0.         0.        ]
 [0.         0.         0.         0.01024138 0.02265517 0.03518589
  0.04597383 0.05161338 0.05717894 0.06089602 0.060103   0.05945452
  0.05655561 0.05030644 0.04404833 0.03950283 0.03686207 0.03416591
  0.03052019 0.02638204 0.02222507 0.01903714 0.01631034 0.01355172
  0.         0.         0.         0.         0.         0.        ]
 [0.         0.         0.         0.00534483 0.0087931  0.01234651
  0.01452804 0.01334036 0.01196193 0.01076239 0.01010361 0.00941379
  0.00872414 0.0080351  0.00732927 0.007      0.007      0.007
  0.007      0.007      0.007      0.007      0.007      0.007
  0.         0.         0.         0.         0.         0.        ]
 [0.         0.         0.         0.00141379 0.00555172 0.00979972
  0.01271893 0.01217018 0.01148276 0.0107931  0.01010345 0.00936314
  0.00900091 0.009      0.009      0.009      0.009      0.009
  0.00858843 0.00789876 0.00719013 0.007      0.007      0.007
  0.         0.         0.         0.         0.         0.        ]
 [0.         0.         0.         0.00996552 0.01962069 0.02925226
  0.03937526 0.05107259 0.06288747 0.07027217 0.06472097 0.06000157
  0.0534306  0.04444856 0.03539108 0.02910539 0.02582759 0.02237931
  0.01893103 0.01548763 0.0120026  0.0099993  0.00865517 0.00727586
  0.         0.         0.         0.         0.         0.        ]
 [0.         0.         0.         0.00050682 0.00057629 0.00064959
  0.0007402  0.00091676 0.00108996 0.00123184 0.00129    0.00135323
  0.00142734 0.00152797 0.0016233  0.00171946 0.00181224 0.00191906
  0.00194001 0.00194    0.00193838 0.0018043  0.00159258 0.00138802
  0.00115196 0.00091126 0.00066909 0.00063733 0.         0.        ]
 [0.         0.         0.         0.04265517 0.0392069  0.03572249
  0.0327637  0.03134684 0.02996552 0.02858621 0.0272069  0.02584756
  0.02417481 0.02210125 0.02000622 0.02       0.02       0.02
  0.02       0.02       0.02       0.02       0.02       0.02
  0.02       0.02       0.02       0.02       0.         0.        ]
 [0.         0.         0.         0.00050682 0.00057629 0.00064959
  0.0007402  0.00091676 0.00108996 0.00123184 0.00129    0.00135323
  0.00142734 0.00152797 0.0016233  0.00171946 0.00181224 0.00191906
  0.00194001 0.00194    0.00193838 0.0018043  0.00159258 0.00138802
  0.00115196 0.00091126 0.00066909 0.00063733 0.         0.        ]
 [0.         0.         0.         0.00050682 0.00057629 0.00064959
  0.0007402  0.00091676 0.00108996 0.00123184 0.00129    0.00135323
  0.00142734 0.00152797 0.0016233  0.00171946 0.00181224 0.00191906
  0.00194001 0.00194    0.00193838 0.0018043  0.00159258 0.00138802
  0.00115196 0.00091126 0.00066909 0.00063733 0.         0.        ]
 [0.         0.         0.         0.04865517 0.0452069  0.04173738
  0.03861064 0.03651899 0.03444828 0.03237931 0.03031034 0.02826277
  0.02589871 0.0231378  0.02031384 0.02       0.02       0.02
  0.02       0.02       0.02       0.02       0.02       0.02
  0.02       0.02       0.02       0.02       0.         0.        ]
 [0.         0.         0.         0.00050682 0.00057629 0.00064959
  0.0007402  0.00091676 0.00108996 0.00123184 0.00129    0.00135323
  0.00142734 0.00152797 0.0016233  0.00171946 0.00181224 0.00191906
  0.00194001 0.00194    0.00193838 0.0018043  0.00159258 0.00138802
  0.00115196 0.00091126 0.00066909 0.00063733 0.         0.        ]]","2D array of the thickness of the layers of the blade structure. The first dimension represents each layer, the second dimension represents each entry along blade span."
blade.internal_structure_2d_fem.layer_orientation,output,rad,"[[0. 0. 0. 0. 0. 0. 0. 0. 0. 0. 0. 0. 0. 0. 0. 0. 0. 0. 0. 0. 0. 0. 0. 0.
  0. 0. 0. 0. 0. 0.]
 [0. 0. 0. 0. 0. 0. 0. 0. 0. 0. 0. 0. 0. 0. 0. 0. 0. 0. 0. 0. 0. 0. 0. 0.
  0. 0. 0. 0. 0. 0.]
 [0. 0. 0. 0. 0. 0. 0. 0. 0. 0. 0. 0. 0. 0. 0. 0. 0. 0. 0. 0. 0. 0. 0. 0.
  0. 0. 0. 0. 0. 0.]
 [0. 0. 0. 0. 0. 0. 0. 0. 0. 0. 0. 0. 0. 0. 0. 0. 0. 0. 0. 0. 0. 0. 0. 0.
  0. 0. 0. 0. 0. 0.]
 [0. 0. 0. 0. 0. 0. 0. 0. 0. 0. 0. 0. 0. 0. 0. 0. 0. 0. 0. 0. 0. 0. 0. 0.
  0. 0. 0. 0. 0. 0.]
 [0. 0. 0. 0. 0. 0. 0. 0. 0. 0. 0. 0. 0. 0. 0. 0. 0. 0. 0. 0. 0. 0. 0. 0.
  0. 0. 0. 0. 0. 0.]
 [0. 0. 0. 0. 0. 0. 0. 0. 0. 0. 0. 0. 0. 0. 0. 0. 0. 0. 0. 0. 0. 0. 0. 0.
  0. 0. 0. 0. 0. 0.]
 [0. 0. 0. 0. 0. 0. 0. 0. 0. 0. 0. 0. 0. 0. 0. 0. 0. 0. 0. 0. 0. 0. 0. 0.
  0. 0. 0. 0. 0. 0.]
 [0. 0. 0. 0. 0. 0. 0. 0. 0. 0. 0. 0. 0. 0. 0. 0. 0. 0. 0. 0. 0. 0. 0. 0.
  0. 0. 0. 0. 0. 0.]
 [0. 0. 0. 0. 0. 0. 0. 0. 0. 0. 0. 0. 0. 0. 0. 0. 0. 0. 0. 0. 0. 0. 0. 0.
  0. 0. 0. 0. 0. 0.]
 [0. 0. 0. 0. 0. 0. 0. 0. 0. 0. 0. 0. 0. 0. 0. 0. 0. 0. 0. 0. 0. 0. 0. 0.
  0. 0. 0. 0. 0. 0.]
 [0. 0. 0. 0. 0. 0. 0. 0. 0. 0. 0. 0. 0. 0. 0. 0. 0. 0. 0. 0. 0. 0. 0. 0.
  0. 0. 0. 0. 0. 0.]
 [0. 0. 0. 0. 0. 0. 0. 0. 0. 0. 0. 0. 0. 0. 0. 0. 0. 0. 0. 0. 0. 0. 0. 0.
  0. 0. 0. 0. 0. 0.]
 [0. 0. 0. 0. 0. 0. 0. 0. 0. 0. 0. 0. 0. 0. 0. 0. 0. 0. 0. 0. 0. 0. 0. 0.
  0. 0. 0. 0. 0. 0.]
 [0. 0. 0. 0. 0. 0. 0. 0. 0. 0. 0. 0. 0. 0. 0. 0. 0. 0. 0. 0. 0. 0. 0. 0.
  0. 0. 0. 0. 0. 0.]
 [0. 0. 0. 0. 0. 0. 0. 0. 0. 0. 0. 0. 0. 0. 0. 0. 0. 0. 0. 0. 0. 0. 0. 0.
  0. 0. 0. 0. 0. 0.]
 [0. 0. 0. 0. 0. 0. 0. 0. 0. 0. 0. 0. 0. 0. 0. 0. 0. 0. 0. 0. 0. 0. 0. 0.
  0. 0. 0. 0. 0. 0.]]","Fiber orientation of the composite layer with 0-value meaning alignment with reference axis. The first dimension represents each layer, the second dimension represents each entry along blade span."
blade.internal_structure_2d_fem.layer_rotation_yaml,output,rad,"[[0. 0. 0. 0. 0. 0. 0. 0. 0. 0. 0. 0. 0. 0. 0. 0. 0. 0. 0. 0. 0. 0. 0. 0.
  0. 0. 0. 0. 0. 0.]
 [0. 0. 0. 0. 0. 0. 0. 0. 0. 0. 0. 0. 0. 0. 0. 0. 0. 0. 0. 0. 0. 0. 0. 0.
  0. 0. 0. 0. 0. 0.]
 [0. 0. 0. 0. 0. 0. 0. 0. 0. 0. 0. 0. 0. 0. 0. 0. 0. 0. 0. 0. 0. 0. 0. 0.
  0. 0. 0. 0. 0. 0.]
 [0. 0. 0. 0. 0. 0. 0. 0. 0. 0. 0. 0. 0. 0. 0. 0. 0. 0. 0. 0. 0. 0. 0. 0.
  0. 0. 0. 0. 0. 0.]
 [0. 0. 0. 0. 0. 0. 0. 0. 0. 0. 0. 0. 0. 0. 0. 0. 0. 0. 0. 0. 0. 0. 0. 0.
  0. 0. 0. 0. 0. 0.]
 [0. 0. 0. 0. 0. 0. 0. 0. 0. 0. 0. 0. 0. 0. 0. 0. 0. 0. 0. 0. 0. 0. 0. 0.
  0. 0. 0. 0. 0. 0.]
 [0. 0. 0. 0. 0. 0. 0. 0. 0. 0. 0. 0. 0. 0. 0. 0. 0. 0. 0. 0. 0. 0. 0. 0.
  0. 0. 0. 0. 0. 0.]
 [0. 0. 0. 0. 0. 0. 0. 0. 0. 0. 0. 0. 0. 0. 0. 0. 0. 0. 0. 0. 0. 0. 0. 0.
  0. 0. 0. 0. 0. 0.]
 [0. 0. 0. 0. 0. 0. 0. 0. 0. 0. 0. 0. 0. 0. 0. 0. 0. 0. 0. 0. 0. 0. 0. 0.
  0. 0. 0. 0. 0. 0.]
 [0. 0. 0. 0. 0. 0. 0. 0. 0. 0. 0. 0. 0. 0. 0. 0. 0. 0. 0. 0. 0. 0. 0. 0.
  0. 0. 0. 0. 0. 0.]
 [0. 0. 0. 0. 0. 0. 0. 0. 0. 0. 0. 0. 0. 0. 0. 0. 0. 0. 0. 0. 0. 0. 0. 0.
  0. 0. 0. 0. 0. 0.]
 [0. 0. 0. 0. 0. 0. 0. 0. 0. 0. 0. 0. 0. 0. 0. 0. 0. 0. 0. 0. 0. 0. 0. 0.
  0. 0. 0. 0. 0. 0.]
 [0. 0. 0. 0. 0. 0. 0. 0. 0. 0. 0. 0. 0. 0. 0. 0. 0. 0. 0. 0. 0. 0. 0. 0.
  0. 0. 0. 0. 0. 0.]
 [0. 0. 0. 0. 0. 0. 0. 0. 0. 0. 0. 0. 0. 0. 0. 0. 0. 0. 0. 0. 0. 0. 0. 0.
  0. 0. 0. 0. 0. 0.]
 [0. 0. 0. 0. 0. 0. 0. 0. 0. 0. 0. 0. 0. 0. 0. 0. 0. 0. 0. 0. 0. 0. 0. 0.
  0. 0. 0. 0. 0. 0.]
 [0. 0. 0. 0. 0. 0. 0. 0. 0. 0. 0. 0. 0. 0. 0. 0. 0. 0. 0. 0. 0. 0. 0. 0.
  0. 0. 0. 0. 0. 0.]
 [0. 0. 0. 0. 0. 0. 0. 0. 0. 0. 0. 0. 0. 0. 0. 0. 0. 0. 0. 0. 0. 0. 0. 0.
  0. 0. 0. 0. 0. 0.]]","2D array of the rotation angle of a layer in respect to the chord line. The first dimension represents each layer, the second dimension represents each entry along blade span. If the rotation is equal to negative twist +- a constant, then the layer is built straight."
blade.internal_structure_2d_fem.layer_offset_y_pa_yaml,output,m,"[[0.         0.         0.         0.         0.         0.
  0.         0.         0.         0.         0.         0.
  0.         0.         0.         0.         0.         0.
  0.         0.         0.         0.         0.         0.
  0.         0.         0.         0.         0.         0.        ]
 [0.         0.         0.         0.         0.         0.
  0.         0.         0.         0.         0.         0.
  0.         0.         0.         0.         0.         0.
  0.         0.         0.         0.         0.         0.
  0.         0.         0.         0.         0.         0.        ]
 [0.         0.         0.         0.04309447 0.05247002 0.06154312
  0.06836801 0.07754696 0.08710648 0.09326769 0.10251295 0.1115442
  0.11844486 0.12749207 0.1364324  0.14300192 0.15253624 0.1607409
  0.16818309 0.17793945 0.18560122 0.19328182 0.20274242 0.20985596
  0.21832691 0.22770198 0.23460796 0.24319338 0.         0.        ]
 [0.         0.         0.         0.04309447 0.05247002 0.06154312
  0.06836801 0.07754696 0.08710648 0.09326769 0.10251295 0.1115442
  0.11844486 0.12749207 0.1364324  0.14300192 0.15253624 0.1607409
  0.16818309 0.17793945 0.18560122 0.19328182 0.20274242 0.20985596
  0.21832691 0.22770198 0.23460796 0.24319338 0.         0.        ]
 [0.         0.         0.         0.         0.         0.
  0.         0.         0.         0.         0.         0.
  0.         0.         0.         0.         0.         0.
  0.         0.         0.         0.         0.         0.
  0.         0.         0.         0.         0.         0.        ]
 [0.         0.         0.         0.         0.         0.
  0.         0.         0.         0.         0.         0.
  0.         0.         0.         0.         0.         0.
  0.         0.         0.         0.         0.         0.
  0.         0.         0.         0.         0.         0.        ]
 [0.         0.         0.         0.         0.         0.
  0.         0.         0.         0.         0.         0.
  0.         0.         0.         0.         0.         0.
  0.         0.         0.         0.         0.         0.
  0.         0.         0.         0.         0.         0.        ]
 [0.         0.         0.         0.         0.         0.
  0.         0.         0.         0.         0.         0.
  0.         0.         0.         0.         0.         0.
  0.         0.         0.         0.         0.         0.
  0.         0.         0.         0.         0.         0.        ]
 [0.         0.         0.         0.         0.         0.
  0.         0.         0.         0.         0.         0.
  0.         0.         0.         0.         0.         0.
  0.         0.         0.         0.         0.         0.
  0.         0.         0.         0.         0.         0.        ]
 [0.         0.         0.         0.         0.         0.
  0.         0.         0.         0.         0.         0.
  0.         0.         0.         0.         0.         0.
  0.         0.         0.         0.         0.         0.
  0.         0.         0.         0.         0.         0.        ]
 [0.         0.         0.         0.         0.         0.
  0.         0.         0.         0.         0.         0.
  0.         0.         0.         0.         0.         0.
  0.         0.         0.         0.         0.         0.
  0.         0.         0.         0.         0.         0.        ]
 [0.         0.         0.         0.         0.         0.
  0.         0.         0.         0.         0.         0.
  0.         0.         0.         0.         0.         0.
  0.         0.         0.         0.         0.         0.
  0.         0.         0.         0.         0.         0.        ]
 [0.         0.         0.         0.         0.         0.
  0.         0.         0.         0.         0.         0.
  0.         0.         0.         0.         0.         0.
  0.         0.         0.         0.         0.         0.
  0.         0.         0.         0.         0.         0.        ]
 [0.         0.         0.         0.         0.         0.
  0.         0.         0.         0.         0.         0.
  0.         0.         0.         0.         0.         0.
  0.         0.         0.         0.         0.         0.
  0.         0.         0.         0.         0.         0.        ]
 [0.         0.         0.         0.         0.         0.
  0.         0.         0.         0.         0.         0.
  0.         0.         0.         0.         0.         0.
  0.         0.         0.         0.         0.         0.
  0.         0.         0.         0.         0.         0.        ]
 [0.         0.         0.         0.         0.         0.
  0.         0.         0.         0.         0.         0.
  0.         0.         0.         0.         0.         0.
  0.         0.         0.         0.         0.         0.
  0.         0.         0.         0.         0.         0.        ]
 [0.         0.         0.         0.         0.         0.
  0.         0.         0.         0.         0.         0.
  0.         0.         0.         0.         0.         0.
  0.         0.         0.         0.         0.         0.
  0.         0.         0.         0.         0.         0.        ]]","2D array of the offset along the y axis to set the position of a layer. Positive values move the layer towards the trailing edge, negative values towards the leading edge. The first dimension represents each layer, the second dimension represents each entry along blade span."
blade.internal_structure_2d_fem.layer_width_yaml,output,m,"[[0.  0.  0.  0.  0.  0.  0.  0.  0.  0.  0.  0.  0.  0.  0.  0.  0.  0.
  0.  0.  0.  0.  0.  0.  0.  0.  0.  0.  0.  0. ]
 [0.  0.  0.  0.  0.  0.  0.  0.  0.  0.  0.  0.  0.  0.  0.  0.  0.  0.
  0.  0.  0.  0.  0.  0.  0.  0.  0.  0.  0.  0. ]
 [0.  0.  0.  0.8 0.8 0.8 0.8 0.8 0.8 0.8 0.8 0.8 0.8 0.8 0.8 0.8 0.8 0.8
  0.8 0.8 0.8 0.8 0.8 0.8 0.8 0.8 0.8 0.8 0.  0. ]
 [0.  0.  0.  0.8 0.8 0.8 0.8 0.8 0.8 0.8 0.8 0.8 0.8 0.8 0.8 0.8 0.8 0.8
  0.8 0.8 0.8 0.8 0.8 0.8 0.8 0.8 0.8 0.8 0.  0. ]
 [0.  0.  0.  0.8 0.8 0.8 0.8 0.8 0.8 0.8 0.8 0.8 0.8 0.8 0.8 0.8 0.8 0.8
  0.8 0.8 0.8 0.8 0.8 0.8 0.  0.  0.  0.  0.  0. ]
 [0.  0.  0.  0.4 0.4 0.4 0.4 0.4 0.4 0.4 0.4 0.4 0.4 0.4 0.4 0.4 0.4 0.4
  0.4 0.4 0.4 0.4 0.4 0.4 0.  0.  0.  0.  0.  0. ]
 [0.  0.  0.  0.4 0.4 0.4 0.4 0.4 0.4 0.4 0.4 0.4 0.4 0.4 0.4 0.4 0.4 0.4
  0.4 0.4 0.4 0.4 0.4 0.4 0.  0.  0.  0.  0.  0. ]
 [0.  0.  0.  0.  0.  0.  0.  0.  0.  0.  0.  0.  0.  0.  0.  0.  0.  0.
  0.  0.  0.  0.  0.  0.  0.  0.  0.  0.  0.  0. ]
 [0.  0.  0.  0.  0.  0.  0.  0.  0.  0.  0.  0.  0.  0.  0.  0.  0.  0.
  0.  0.  0.  0.  0.  0.  0.  0.  0.  0.  0.  0. ]
 [0.  0.  0.  0.  0.  0.  0.  0.  0.  0.  0.  0.  0.  0.  0.  0.  0.  0.
  0.  0.  0.  0.  0.  0.  0.  0.  0.  0.  0.  0. ]
 [0.  0.  0.  0.  0.  0.  0.  0.  0.  0.  0.  0.  0.  0.  0.  0.  0.  0.
  0.  0.  0.  0.  0.  0.  0.  0.  0.  0.  0.  0. ]
 [0.  0.  0.  0.  0.  0.  0.  0.  0.  0.  0.  0.  0.  0.  0.  0.  0.  0.
  0.  0.  0.  0.  0.  0.  0.  0.  0.  0.  0.  0. ]
 [0.  0.  0.  0.  0.  0.  0.  0.  0.  0.  0.  0.  0.  0.  0.  0.  0.  0.
  0.  0.  0.  0.  0.  0.  0.  0.  0.  0.  0.  0. ]
 [0.  0.  0.  0.  0.  0.  0.  0.  0.  0.  0.  0.  0.  0.  0.  0.  0.  0.
  0.  0.  0.  0.  0.  0.  0.  0.  0.  0.  0.  0. ]
 [0.  0.  0.  0.  0.  0.  0.  0.  0.  0.  0.  0.  0.  0.  0.  0.  0.  0.
  0.  0.  0.  0.  0.  0.  0.  0.  0.  0.  0.  0. ]
 [0.  0.  0.  0.  0.  0.  0.  0.  0.  0.  0.  0.  0.  0.  0.  0.  0.  0.
  0.  0.  0.  0.  0.  0.  0.  0.  0.  0.  0.  0. ]
 [0.  0.  0.  0.  0.  0.  0.  0.  0.  0.  0.  0.  0.  0.  0.  0.  0.  0.
  0.  0.  0.  0.  0.  0.  0.  0.  0.  0.  0.  0. ]]","2D array of the width along the outer profile of a layer. The first dimension represents each layer, the second dimension represents each entry along blade span."
blade.internal_structure_2d_fem.layer_midpoint_nd,output,,"[[0.         0.         0.         0.         0.         0.
  0.         0.         0.         0.         0.         0.
  0.         0.         0.         0.         0.         0.
  0.         0.         0.         0.         0.         0.
  0.         0.         0.         0.         0.         0.        ]
 [0.         0.         0.         0.         0.         0.
  0.         0.         0.         0.         0.         0.
  0.         0.         0.         0.         0.         0.
  0.         0.         0.         0.         0.         0.
  0.         0.         0.         0.         0.         0.        ]
 [0.         0.         0.         0.         0.         0.
  0.         0.         0.         0.         0.         0.
  0.         0.         0.         0.         0.         0.
  0.         0.         0.         0.         0.         0.
  0.         0.         0.         0.         0.         0.        ]
 [0.         0.         0.         0.         0.         0.
  0.         0.         0.         0.         0.         0.
  0.         0.         0.         0.         0.         0.
  0.         0.         0.         0.         0.         0.
  0.         0.         0.         0.         0.         0.        ]
 [0.49999717 0.4963172  0.47431932 0.46434179 0.46734109 0.4729049
  0.47609698 0.48412396 0.49683004 0.50246626 0.50257633 0.50329487
  0.50432686 0.50538073 0.50624939 0.5065997  0.50600649 0.50477162
  0.50333612 0.50219191 0.50142862 0.5006093  0.49966337 0.49871042
  0.49788571 0.49731282 0.49709892 0.49709891 0.49709891 0.49709891]
 [0.         0.         0.         0.         0.         0.
  0.         0.         0.         0.         0.         0.
  0.         0.         0.         0.         0.         0.
  0.         0.         0.         0.         0.         0.
  0.         0.         0.         0.         0.         0.        ]
 [0.         0.         0.         0.         0.         0.
  0.         0.         0.         0.         0.         0.
  0.         0.         0.         0.         0.         0.
  0.         0.         0.         0.         0.         0.
  0.         0.         0.         0.         0.         0.        ]
 [0.         0.         0.         0.         0.         0.
  0.         0.         0.         0.         0.         0.
  0.         0.         0.         0.         0.         0.
  0.         0.         0.         0.         0.         0.
  0.         0.         0.         0.         0.         0.        ]
 [0.         0.         0.         0.         0.         0.
  0.         0.         0.         0.         0.         0.
  0.         0.         0.         0.         0.         0.
  0.         0.         0.         0.         0.         0.
  0.         0.         0.         0.         0.         0.        ]
 [0.         0.         0.         0.         0.         0.
  0.         0.         0.         0.         0.         0.
  0.         0.         0.         0.         0.         0.
  0.         0.         0.         0.         0.         0.
  0.         0.         0.         0.         0.         0.        ]
 [0.         0.         0.         0.         0.         0.
  0.         0.         0.         0.         0.         0.
  0.         0.         0.         0.         0.         0.
  0.         0.         0.         0.         0.         0.
  0.         0.         0.         0.         0.         0.        ]
 [0.         0.         0.         0.         0.         0.
  0.         0.         0.         0.         0.         0.
  0.         0.         0.         0.         0.         0.
  0.         0.         0.         0.         0.         0.
  0.         0.         0.         0.         0.         0.        ]
 [0.         0.         0.         0.         0.         0.
  0.         0.         0.         0.         0.         0.
  0.         0.         0.         0.         0.         0.
  0.         0.         0.         0.         0.         0.
  0.         0.         0.         0.         0.         0.        ]
 [0.         0.         0.         0.         0.         0.
  0.         0.         0.         0.         0.         0.
  0.         0.         0.         0.         0.         0.
  0.         0.         0.         0.         0.         0.
  0.         0.         0.         0.         0.         0.        ]
 [0.         0.         0.         0.         0.         0.
  0.         0.         0.         0.         0.         0.
  0.         0.         0.         0.         0.         0.
  0.         0.         0.         0.         0.         0.
  0.         0.         0.         0.         0.         0.        ]
 [0.         0.         0.         0.         0.         0.
  0.         0.         0.         0.         0.         0.
  0.         0.         0.         0.         0.         0.
  0.         0.         0.         0.         0.         0.
  0.         0.         0.         0.         0.         0.        ]
 [0.         0.         0.         0.         0.         0.
  0.         0.         0.         0.         0.         0.
  0.         0.         0.         0.         0.         0.
  0.         0.         0.         0.         0.         0.
  0.         0.         0.         0.         0.         0.        ]]","2D array of the non-dimensional midpoint defined along the outer profile of a layer. The first dimension represents each layer, the second dimension represents each entry along blade span."
blade.internal_structure_2d_fem.layer_start_nd_yaml,output,,"[[0. 0. 0. 0. 0. 0. 0. 0. 0. 0. 0. 0. 0. 0. 0. 0. 0. 0. 0. 0. 0. 0. 0. 0.
  0. 0. 0. 0. 0. 0.]
 [0. 0. 0. 0. 0. 0. 0. 0. 0. 0. 0. 0. 0. 0. 0. 0. 0. 0. 0. 0. 0. 0. 0. 0.
  0. 0. 0. 0. 0. 0.]
 [0. 0. 0. 0. 0. 0. 0. 0. 0. 0. 0. 0. 0. 0. 0. 0. 0. 0. 0. 0. 0. 0. 0. 0.
  0. 0. 0. 0. 0. 0.]
 [0. 0. 0. 0. 0. 0. 0. 0. 0. 0. 0. 0. 0. 0. 0. 0. 0. 0. 0. 0. 0. 0. 0. 0.
  0. 0. 0. 0. 0. 0.]
 [0. 0. 0. 0. 0. 0. 0. 0. 0. 0. 0. 0. 0. 0. 0. 0. 0. 0. 0. 0. 0. 0. 0. 0.
  0. 0. 0. 0. 0. 0.]
 [0. 0. 0. 0. 0. 0. 0. 0. 0. 0. 0. 0. 0. 0. 0. 0. 0. 0. 0. 0. 0. 0. 0. 0.
  0. 0. 0. 0. 0. 0.]
 [0. 0. 0. 0. 0. 0. 0. 0. 0. 0. 0. 0. 0. 0. 0. 0. 0. 0. 0. 0. 0. 0. 0. 0.
  0. 0. 0. 0. 0. 0.]
 [0. 0. 0. 0. 0. 0. 0. 0. 0. 0. 0. 0. 0. 0. 0. 0. 0. 0. 0. 0. 0. 0. 0. 0.
  0. 0. 0. 0. 0. 0.]
 [0. 0. 0. 0. 0. 0. 0. 0. 0. 0. 0. 0. 0. 0. 0. 0. 0. 0. 0. 0. 0. 0. 0. 0.
  0. 0. 0. 0. 0. 0.]
 [0. 0. 0. 0. 0. 0. 0. 0. 0. 0. 0. 0. 0. 0. 0. 0. 0. 0. 0. 0. 0. 0. 0. 0.
  0. 0. 0. 0. 0. 0.]
 [0. 0. 0. 0. 0. 0. 0. 0. 0. 0. 0. 0. 0. 0. 0. 0. 0. 0. 0. 0. 0. 0. 0. 0.
  0. 0. 0. 0. 0. 0.]
 [0. 0. 0. 0. 0. 0. 0. 0. 0. 0. 0. 0. 0. 0. 0. 0. 0. 0. 0. 0. 0. 0. 0. 0.
  0. 0. 0. 0. 0. 0.]
 [0. 0. 0. 0. 0. 0. 0. 0. 0. 0. 0. 0. 0. 0. 0. 0. 0. 0. 0. 0. 0. 0. 0. 0.
  0. 0. 0. 0. 0. 0.]
 [0. 0. 0. 0. 0. 0. 0. 0. 0. 0. 0. 0. 0. 0. 0. 0. 0. 0. 0. 0. 0. 0. 0. 0.
  0. 0. 0. 0. 0. 0.]
 [0. 0. 0. 0. 0. 0. 0. 0. 0. 0. 0. 0. 0. 0. 0. 0. 0. 0. 0. 0. 0. 0. 0. 0.
  0. 0. 0. 0. 0. 0.]
 [0. 0. 0. 0. 0. 0. 0. 0. 0. 0. 0. 0. 0. 0. 0. 0. 0. 0. 0. 0. 0. 0. 0. 0.
  0. 0. 0. 0. 0. 0.]
 [0. 0. 0. 0. 0. 0. 0. 0. 0. 0. 0. 0. 0. 0. 0. 0. 0. 0. 0. 0. 0. 0. 0. 0.
  0. 0. 0. 0. 0. 0.]]","2D array of the non-dimensional start point defined along the outer profile of a layer. The TE suction side is 0, the TE pressure side is 1. The first dimension represents each layer, the second dimension represents each entry along blade span."
blade.internal_structure_2d_fem.layer_end_nd_yaml,output,,"[[1. 1. 1. 1. 1. 1. 1. 1. 1. 1. 1. 1. 1. 1. 1. 1. 1. 1. 1. 1. 1. 1. 1. 1.
  1. 1. 1. 1. 1. 1.]
 [1. 1. 1. 1. 1. 1. 1. 1. 1. 1. 1. 1. 1. 1. 1. 1. 1. 1. 1. 1. 1. 1. 1. 1.
  1. 1. 1. 1. 1. 1.]
 [0. 0. 0. 0. 0. 0. 0. 0. 0. 0. 0. 0. 0. 0. 0. 0. 0. 0. 0. 0. 0. 0. 0. 0.
  0. 0. 0. 0. 0. 0.]
 [0. 0. 0. 0. 0. 0. 0. 0. 0. 0. 0. 0. 0. 0. 0. 0. 0. 0. 0. 0. 0. 0. 0. 0.
  0. 0. 0. 0. 0. 0.]
 [0. 0. 0. 0. 0. 0. 0. 0. 0. 0. 0. 0. 0. 0. 0. 0. 0. 0. 0. 0. 0. 0. 0. 0.
  0. 0. 0. 0. 0. 0.]
 [1. 1. 1. 1. 1. 1. 1. 1. 1. 1. 1. 1. 1. 1. 1. 1. 1. 1. 1. 1. 1. 1. 1. 1.
  1. 1. 1. 1. 1. 1.]
 [0. 0. 0. 0. 0. 0. 0. 0. 0. 0. 0. 0. 0. 0. 0. 0. 0. 0. 0. 0. 0. 0. 0. 0.
  0. 0. 0. 0. 0. 0.]
 [0. 0. 0. 0. 0. 0. 0. 0. 0. 0. 0. 0. 0. 0. 0. 0. 0. 0. 0. 0. 0. 0. 0. 0.
  0. 0. 0. 0. 0. 0.]
 [0. 0. 0. 0. 0. 0. 0. 0. 0. 0. 0. 0. 0. 0. 0. 0. 0. 0. 0. 0. 0. 0. 0. 0.
  0. 0. 0. 0. 0. 0.]
 [0. 0. 0. 0. 0. 0. 0. 0. 0. 0. 0. 0. 0. 0. 0. 0. 0. 0. 0. 0. 0. 0. 0. 0.
  0. 0. 0. 0. 0. 0.]
 [0. 0. 0. 0. 0. 0. 0. 0. 0. 0. 0. 0. 0. 0. 0. 0. 0. 0. 0. 0. 0. 0. 0. 0.
  0. 0. 0. 0. 0. 0.]
 [0. 0. 0. 0. 0. 0. 0. 0. 0. 0. 0. 0. 0. 0. 0. 0. 0. 0. 0. 0. 0. 0. 0. 0.
  0. 0. 0. 0. 0. 0.]
 [0. 0. 0. 0. 0. 0. 0. 0. 0. 0. 0. 0. 0. 0. 0. 0. 0. 0. 0. 0. 0. 0. 0. 0.
  0. 0. 0. 0. 0. 0.]
 [0. 0. 0. 0. 0. 0. 0. 0. 0. 0. 0. 0. 0. 0. 0. 0. 0. 0. 0. 0. 0. 0. 0. 0.
  0. 0. 0. 0. 0. 0.]
 [0. 0. 0. 0. 0. 0. 0. 0. 0. 0. 0. 0. 0. 0. 0. 0. 0. 0. 0. 0. 0. 0. 0. 0.
  0. 0. 0. 0. 0. 0.]
 [0. 0. 0. 0. 0. 0. 0. 0. 0. 0. 0. 0. 0. 0. 0. 0. 0. 0. 0. 0. 0. 0. 0. 0.
  0. 0. 0. 0. 0. 0.]
 [0. 0. 0. 0. 0. 0. 0. 0. 0. 0. 0. 0. 0. 0. 0. 0. 0. 0. 0. 0. 0. 0. 0. 0.
  0. 0. 0. 0. 0. 0.]]","2D array of the non-dimensional end point defined along the outer profile of a layer. The TE suction side is 0, the TE pressure side is 1. The first dimension represents each layer, the second dimension represents each entry along blade span."
blade.internal_structure_2d_fem.layer_side,output,n/a,"['', '', 'suction', 'pressure', '', '', '', '', '', '', '', '', '', '', '', '', '']",1D array setting whether the layer is on the suction or pressure side. This entry is only used if definition_layer is equal to 1 or 2.
blade.internal_structure_2d_fem.definition_web,output,n/a,[1. 1.],1D array of flags identifying how webs are specified in the yaml. 1) offset+rotation=twist 2) offset+rotation
blade.internal_structure_2d_fem.definition_layer,output,n/a,[ 9.  9.  2.  2.  5.  8.  7.  6.  6.  6.  6. 10. 10. 10. 10. 10. 10.],"1D array of flags identifying how layers are specified in the yaml. 1) all around (skin, paint, ) 2) offset+rotation twist+width (spar caps) 3) offset+user defined rotation+width 4) midpoint TE+width (TE reinf) 5) midpoint LE+width (LE reinf) 6) layer position fixed to other layer (core fillers) 7) start and width 8) end and width 9) start and end nd 10) web layer"
blade.internal_structure_2d_fem.index_layer_start,output,n/a,[0. 0. 0. 0. 0. 0. 0. 6. 2. 4. 3. 0. 0. 0. 0. 0. 0.],Index used to fix a layer to another
blade.internal_structure_2d_fem.index_layer_end,output,n/a,[0. 0. 0. 0. 0. 0. 0. 2. 4. 3. 5. 0. 0. 0. 0. 0. 0.],Index used to fix a layer to another
blade.interp_airfoils.af_position,input,,[0.     0.02   0.1371 0.2118 0.3188 0.5236 0.6781 0.8967 1.    ],1D array of the non dimensional positions of the airfoils af_used defined along blade span.
blade.interp_airfoils.ac,input,,[0.25 0.25 0.25 0.25 0.25 0.25 0.5 ],1D array of the aerodynamic centers of each airfoil.
blade.interp_airfoils.r_thick_discrete,input,,[0.21 0.25 0.3  0.35 0.4  0.5  1.  ],1D array of the relative thicknesses of each airfoil.
blade.interp_airfoils.aoa,input,rad,"[-3.14159265 -3.08923278 -3.0368729  -2.98451302 -2.93215314 -2.87979327
 -2.82743339 -2.77507351 -2.72271363 -2.67035376 -2.61799388 -2.565634
 -2.51327412 -2.46091425 -2.40855437 -2.35619449 -2.30383461 -2.25147474
 -2.19911486 -2.14675498 -2.0943951  -2.04203522 -1.98967535 -1.93731547
 -1.88495559 -1.83259571 -1.78023584 -1.72787596 -1.67551608 -1.6231562
 -1.57079633 -1.51843645 -1.46607657 -1.41371669 -1.36135682 -1.30899694
 -1.25663706 -1.20427718 -1.15191731 -1.09955743 -1.04719755 -0.99483767
 -0.9424778  -0.89011792 -0.83775804 -0.78539816 -0.73303829 -0.68067841
 -0.62831853 -0.57595865 -0.52359878 -0.51302102 -0.50244327 -0.49186552
 -0.48128776 -0.47071001 -0.46013226 -0.4495545  -0.43897675 -0.428399
 -0.41782125 -0.40724349 -0.39666574 -0.38608799 -0.37551023 -0.36493248
 -0.35435473 -0.34377697 -0.33319922 -0.32262147 -0.31204371 -0.30146596
 -0.29088821 -0.28031046 -0.2697327  -0.25915495 -0.2485772  -0.23799944
 -0.22742169 -0.21684394 -0.20626618 -0.19568843 -0.18511068 -0.17453293
 -0.16395517 -0.15337742 -0.14279967 -0.13222191 -0.12164416 -0.11106641
 -0.10048865 -0.0899109  -0.07933315 -0.06875539 -0.05817764 -0.04759989
 -0.03702214 -0.02644438 -0.01586663 -0.00528888  0.00528888  0.01586663
  0.02644438  0.03702214  0.04759989  0.05817764  0.06875539  0.07933315
  0.0899109   0.10048865  0.11106641  0.12164416  0.13222191  0.14279967
  0.15337742  0.16395517  0.17453293  0.18511068  0.19568843  0.20626618
  0.21684394  0.22742169  0.23799944  0.2485772   0.25915495  0.2697327
  0.28031046  0.29088821  0.30146596  0.31204371  0.32262147  0.33319922
  0.34377697  0.35435473  0.36493248  0.37551023  0.38608799  0.39666574
  0.40724349  0.41782125  0.428399    0.43897675  0.4495545   0.46013226
  0.47071001  0.48128776  0.49186552  0.50244327  0.51302102  0.52359878
  0.57595865  0.62831853  0.68067841  0.73303829  0.78539816  0.83775804
  0.89011792  0.9424778   0.99483767  1.04719755  1.09955743  1.15191731
  1.20427718  1.25663706  1.30899694  1.36135682  1.41371669  1.46607657
  1.51843645  1.57079633  1.6231562   1.67551608  1.72787596  1.78023584
  1.83259571  1.88495559  1.93731547  1.98967535  2.04203522  2.0943951
  2.14675498  2.19911486  2.25147474  2.30383461  2.35619449  2.40855437
  2.46091425  2.51327412  2.565634    2.61799388  2.67035376  2.72271363
  2.77507351  2.82743339  2.87979327  2.93215314  2.98451302  3.0368729
  3.08923278  3.14159265]",1D array of the angles of attack used to define the polars of the airfoils. All airfoils defined in openmdao share this grid.
blade.interp_airfoils.cl,input,,"[[[[ 0.00161056]]

  [[ 0.14967597]]

  [[ 0.30232783]]

  ...

  [[-0.28300202]]

  [[-0.14039389]]

  [[ 0.00161056]]]


 [[[ 0.00118428]]

  [[ 0.10853719]]

  [[ 0.21785002]]

  ...

  [[-0.2072071 ]]

  [[-0.1032345 ]]

  [[ 0.00118428]]]


 [[[ 0.00119483]]

  [[ 0.10945512]]

  [[ 0.21969285]]

  ...

  [[-0.20905324]]

  [[-0.10415446]]

  [[ 0.00119483]]]


 ...


 [[[ 0.00169089]]

  [[ 0.14739668]]

  [[ 0.29886003]]

  ...

  [[-0.29886003]]

  [[-0.14739668]]

  [[ 0.00169089]]]


 [[[ 0.00150942]]

  [[ 0.13157748]]

  [[ 0.26654155]]

  ...

  [[-0.26654155]]

  [[-0.13157748]]

  [[ 0.00150942]]]


 [[[ 0.        ]]

  [[ 0.        ]]

  [[ 0.        ]]

  ...

  [[ 0.        ]]

  [[ 0.        ]]

  [[ 0.        ]]]]","4D array with the lift coefficients of the airfoils. Dimension 0 is along the different airfoils defined in the yaml, dimension 1 is along the angles of attack, dimension 2 is along the Reynolds number, dimension 3 is along the number of tabs, which may describe multiple sets at the same station, for example in presence of a flap."
blade.interp_airfoils.cd,input,,"[[[[0.037696  ]]

  [[0.037696  ]]

  [[0.04025918]]

  ...

  [[0.04229535]]

  [[0.0382528 ]]

  [[0.03769608]]]


 [[[0.056205  ]]

  [[0.056205  ]]

  [[0.06025173]]

  ...

  [[0.06180774]]

  [[0.05663133]]

  [[0.05620506]]]


 [[[0.046744  ]]

  [[0.046744  ]]

  [[0.05010956]]

  ...

  [[0.05204462]]

  [[0.04727916]]

  [[0.04674407]]]


 ...


 [[[0.01      ]]

  [[0.01      ]]

  [[0.01      ]]

  ...

  [[0.01      ]]

  [[0.01      ]]

  [[0.01      ]]]


 [[[0.15447479]]

  [[0.16551495]]

  [[0.17622502]]

  ...

  [[0.17622502]]

  [[0.16551495]]

  [[0.15447479]]]


 [[[0.5       ]]

  [[0.5       ]]

  [[0.5       ]]

  ...

  [[0.5       ]]

  [[0.5       ]]

  [[0.5       ]]]]","4D array with the drag coefficients of the airfoils. Dimension 0 is along the different airfoils defined in the yaml, dimension 1 is along the angles of attack, dimension 2 is along the Reynolds number, dimension 3 is along the number of tabs, which may describe multiple sets at the same station, for example in presence of a flap."
blade.interp_airfoils.cm,input,,"[[[[ 0.20376752]]

  [[ 0.2       ]]

  [[ 0.22079978]]

  ...

  [[-0.31697616]]

  [[-0.09716303]]

  [[ 0.20376752]]]


 [[[ 0.00171525]]

  [[ 0.11961589]]

  [[ 0.24648694]]

  ...

  [[-0.30810388]]

  [[-0.14951987]]

  [[ 0.00171525]]]


 [[[ 0.00171525]]

  [[ 0.11961589]]

  [[ 0.24648694]]

  ...

  [[-0.30810867]]

  [[-0.14951987]]

  [[ 0.00171525]]]


 ...


 [[[ 0.00171525]]

  [[ 0.11961589]]

  [[ 0.24648694]]

  ...

  [[-0.30810867]]

  [[-0.14951987]]

  [[ 0.00171525]]]


 [[[ 0.00171525]]

  [[ 0.11961589]]

  [[ 0.24648694]]

  ...

  [[-0.30810867]]

  [[-0.14951987]]

  [[ 0.00171525]]]


 [[[ 0.        ]]

  [[ 0.        ]]

  [[ 0.        ]]

  ...

  [[ 0.        ]]

  [[ 0.        ]]

  [[ 0.        ]]]]","4D array with the moment coefficients of the airfoils. Dimension 0 is along the different airfoils defined in the yaml, dimension 1 is along the angles of attack, dimension 2 is along the Reynolds number, dimension 3 is along the number of tabs, which may describe multiple sets at the same station, for example in presence of a flap."
blade.interp_airfoils.coord_xy,input,,"[[[ 1.00000000e+00 -1.39000116e-03]
  [ 9.76041164e-01  1.45768394e-03]
  [ 9.52121911e-01  4.43485592e-03]
  ...
  [ 9.53145851e-01  1.32310193e-02]
  [ 9.76587857e-01  7.41908181e-03]
  [ 1.00000000e+00  1.39000116e-03]]

 [[ 1.00000000e+00  0.00000000e+00]
  [ 9.76929663e-01  5.57238853e-04]
  [ 9.54063957e-01  4.51429912e-03]
  ...
  [ 9.57409548e-01  1.48735183e-02]
  [ 9.79378651e-01  9.07063465e-03]
  [ 1.00000000e+00  7.04731414e-19]]

 [[ 1.00000000e+00 -8.70000000e-03]
  [ 9.75166764e-01 -3.19401804e-03]
  [ 9.49926694e-01 -2.39196736e-04]
  ...
  [ 9.53041209e-01  2.12373413e-02]
  [ 9.76543751e-01  1.51021375e-02]
  [ 1.00000000e+00  8.70000000e-03]]

 ...

 [[ 1.00000000e+00 -6.20000627e-02]
  [ 9.97623314e-01 -8.10161701e-02]
  [ 9.92090785e-01 -9.12693802e-02]
  ...
  [ 9.96942317e-01 -1.14556419e-02]
  [ 9.99186413e-01 -2.83283436e-02]
  [ 1.00000000e+00 -4.70000475e-02]]

 [[ 1.00000000e+00 -8.40013004e-02]
  [ 9.95824148e-01 -9.98470875e-02]
  [ 9.91908208e-01 -1.15746094e-01]
  ...
  [ 9.96445316e-01 -2.03823373e-02]
  [ 9.98197884e-01 -3.96907249e-02]
  [ 1.00000000e+00 -5.90009134e-02]]

 [[ 1.00000000e+00  0.00000000e+00]
  [ 9.99492456e-01 -2.24148318e-02]
  [ 9.97998443e-01 -4.47793323e-02]
  ...
  [ 9.98052103e-01  4.41573285e-02]
  [ 9.99507691e-01  2.21028728e-02]
  [ 1.00000000e+00 -4.69894578e-19]]]",3D array of the x and y airfoil coordinates of the n_af airfoils.
blade.interp_airfoils.name,input,n/a,"['DU08-W-210', 'DU91-W2-250', 'DU97-W-300', 'DU00-W2-350', 'FX77-W-400', 'FX77-W-500', 'cylinder']",1D array of names of airfoils.
blade.outer_shape_bem.s_default,output,,"[0.         0.03448276 0.06896552 0.10344828 0.13793103 0.17241379
 0.20689655 0.24137931 0.27586207 0.31034483 0.34482759 0.37931034
 0.4137931  0.44827586 0.48275862 0.51724138 0.55172414 0.5862069
 0.62068966 0.65517241 0.68965517 0.72413793 0.75862069 0.79310345
 0.82758621 0.86206897 0.89655172 0.93103448 0.96551724 1.        ]","1D array of the non-dimensional spanwise grid defined along blade axis (0-blade root, 1-blade tip)"
blade.outer_shape_bem.chord_yaml,output,m,"[2.6        2.6400108  3.02068886 3.43940393 3.78632687 4.03933222
 4.20600551 4.28630928 4.29010407 4.22617877 4.10030408 3.92512419
 3.70983694 3.46870635 3.22039928 2.98486122 2.77085185 2.58013169
 2.4118525  2.26552908 2.1420721  2.04143062 1.96370352 1.90855684
 1.87089392 1.81035886 1.6705797  1.39382511 0.92204843 0.2       ]",1D array of the chord values defined along blade span.
blade.outer_shape_bem.twist_yaml,output,rad,"[ 0.349       0.33965701  0.32741368  0.31081014  0.27858944  0.2354309
  0.19864576  0.1686555   0.13843916  0.11106032  0.08612175  0.06571169
  0.05023676  0.03944053  0.03041456  0.02364328  0.01824169  0.01263081
  0.00691721  0.00280744 -0.00096308 -0.00441804 -0.00790973 -0.01224484
 -0.01713418 -0.02222183 -0.02894752 -0.04010525 -0.0581402  -0.081     ]",1D array of the twist values defined along blade span. The twist is defined positive for negative rotations around the z axis (the same as in BeamDyn).
blade.outer_shape_bem.r_thick_yaml,output,,"[0. 0. 0. 0. 0. 0. 0. 0. 0. 0. 0. 0. 0. 0. 0. 0. 0. 0. 0. 0. 0. 0. 0. 0.
 0. 0. 0. 0. 0. 0.]",1D array of the relative thickness values defined along blade span.
blade.outer_shape_bem.pitch_axis_yaml,output,,"[0.5        0.4805125  0.40967346 0.35077675 0.31038066 0.28320245
 0.26462878 0.25229681 0.24475743 0.24125724 0.24097363 0.24373741
 0.24949352 0.25783338 0.26800204 0.27871542 0.28894648 0.29826385
 0.30615885 0.31213058 0.31548724 0.31753162 0.31586754 0.3097253
 0.29970862 0.28806825 0.27765471 0.27050463 0.26661986 0.25      ]","1D array of the chordwise position of the pitch axis (0-LE, 1-TE), defined along blade span."
blade.outer_shape_bem.ref_axis_yaml,output,m,"[[ 0.00000000e+00  0.00000000e+00  0.00000000e+00]
 [ 0.00000000e+00  0.00000000e+00  2.17241379e+00]
 [ 0.00000000e+00  0.00000000e+00  4.34482759e+00]
 [-3.96069335e-05  0.00000000e+00  6.51724138e+00]
 [-4.41888313e-03  0.00000000e+00  8.68965517e+00]
 [-1.47437694e-02  0.00000000e+00  1.08620690e+01]
 [-2.78568630e-02  0.00000000e+00  1.30344828e+01]
 [-4.57535116e-02  0.00000000e+00  1.52068966e+01]
 [-6.71775652e-02  0.00000000e+00  1.73793103e+01]
 [-9.31591116e-02  0.00000000e+00  1.95517241e+01]
 [-1.23411088e-01  0.00000000e+00  2.17241379e+01]
 [-1.58235516e-01  0.00000000e+00  2.38965517e+01]
 [-1.99036574e-01  0.00000000e+00  2.60689655e+01]
 [-2.45757463e-01  0.00000000e+00  2.82413793e+01]
 [-2.98408959e-01  0.00000000e+00  3.04137931e+01]
 [-3.57814145e-01  0.00000000e+00  3.25862069e+01]
 [-4.24076326e-01  0.00000000e+00  3.47586207e+01]
 [-4.98895254e-01  0.00000000e+00  3.69310345e+01]
 [-5.81761222e-01  0.00000000e+00  3.91034483e+01]
 [-6.75146021e-01  0.00000000e+00  4.12758621e+01]
 [-7.78279295e-01  0.00000000e+00  4.34482759e+01]
 [-8.93706090e-01  0.00000000e+00  4.56206897e+01]
 [-1.02166869e+00  0.00000000e+00  4.77931034e+01]
 [-1.16547581e+00  0.00000000e+00  4.99655172e+01]
 [-1.32474427e+00  0.00000000e+00  5.21379310e+01]
 [-1.50426524e+00  0.00000000e+00  5.43103448e+01]
 [-1.70625884e+00  0.00000000e+00  5.64827586e+01]
 [-1.93449304e+00  0.00000000e+00  5.86551724e+01]
 [-2.19383653e+00  0.00000000e+00  6.08275862e+01]
 [-2.50000000e+00  0.00000000e+00  6.30000000e+01]]","2D array of the coordinates (x,y,z) of the blade reference axis, defined along blade span. The coordinate system is the one of BeamDyn: it is placed at blade root with x pointing the suction side of the blade, y pointing the trailing edge and z along the blade span. A standard configuration will have negative x values (prebend), if swept positive y values, and positive z values."
blade.outer_shape_bem.span_end,input,,[],1D array of the positions along blade span where something (a DAC device?) starts and we want a grid point. Only values between 0 and 1 are meaningful.
blade.outer_shape_bem.span_ext,input,,[],1D array of the extensions along blade span where something (a DAC device?) lives and we want a grid point. Only values between 0 and 1 are meaningful.
blade.pa.s_opt_twist,input,,"[0.         0.03448276 0.06896552 0.10344828 0.13793103 0.17241379
 0.20689655 0.24137931 0.27586207 0.31034483 0.34482759 0.37931034
 0.4137931  0.44827586 0.48275862 0.51724138 0.55172414 0.5862069
 0.62068966 0.65517241 0.68965517 0.72413793 0.75862069 0.79310345
 0.82758621 0.86206897 0.89655172 0.93103448 0.96551724 1.        ]",1D array of the non-dimensional spanwise grid defined along blade axis to optimize the blade twist angle
blade.pa.twist_opt,input,rad,"[ 0.349       0.33965701  0.32741368  0.31081014  0.27858944  0.2354309
  0.19864576  0.1686555   0.13843916  0.11106032  0.08612175  0.06571169
  0.05023676  0.03944053  0.03041456  0.02364328  0.01824169  0.01263081
  0.00691721  0.00280744 -0.00096308 -0.00441804 -0.00790973 -0.01224484
 -0.01713418 -0.02222183 -0.02894752 -0.04010525 -0.0581402  -0.081     ]",1D array of the twist angle being optimized at the n_opt locations.
blade.pa.s_opt_chord,input,,"[0.         0.03448276 0.06896552 0.10344828 0.13793103 0.17241379
 0.20689655 0.24137931 0.27586207 0.31034483 0.34482759 0.37931034
 0.4137931  0.44827586 0.48275862 0.51724138 0.55172414 0.5862069
 0.62068966 0.65517241 0.68965517 0.72413793 0.75862069 0.79310345
 0.82758621 0.86206897 0.89655172 0.93103448 0.96551724 1.        ]",1D array of the non-dimensional spanwise grid defined along blade axis to optimize the blade chord
blade.pa.chord_opt,input,m,"[2.6        2.6400108  3.02068886 3.43940393 3.78632687 4.03933222
 4.20600551 4.28630928 4.29010407 4.22617877 4.10030408 3.92512419
 3.70983694 3.46870635 3.22039928 2.98486122 2.77085185 2.58013169
 2.4118525  2.26552908 2.1420721  2.04143062 1.96370352 1.90855684
 1.87089392 1.81035886 1.6705797  1.39382511 0.92204843 0.2       ]",1D array of the chord being optimized at the n_opt locations.
blade.ps.layer_thickness_original,input,m,"[[0.0005     0.0005     0.0005     0.0005     0.0005     0.0005
  0.0005     0.0005     0.0005     0.0005     0.0005     0.0005
  0.0005     0.0005     0.0005     0.0005     0.0005     0.0005
  0.0005     0.0005     0.0005     0.0005     0.0005     0.0005
  0.0005     0.0005     0.0005     0.0005     0.0005     0.0005    ]
 [0.065      0.04800279 0.033292   0.01926887 0.01406293 0.00856717
  0.00422099 0.00311171 0.0020769  0.00134756 0.001293   0.00124203
  0.00117458 0.00110339 0.00103293 0.001      0.001      0.001
  0.001      0.001      0.00100013 0.00102217 0.00105827 0.00108623
  0.00106675 0.00103848 0.00100343 0.001      0.001      0.001     ]
 [0.         0.         0.         0.01096853 0.02133832 0.0317352
  0.04160593 0.04984494 0.05812354 0.06312958 0.05801117 0.05332646
  0.05059974 0.04984837 0.04911173 0.04759787 0.04486122 0.04234193
  0.03876062 0.03462629 0.03037354 0.02940123 0.02971785 0.0300295
  0.02239744 0.01278279 0.00312884 0.00204323 0.         0.        ]
 [0.         0.         0.         0.01096853 0.02133832 0.0317352
  0.04160593 0.04984494 0.05812354 0.06312958 0.05801117 0.05332646
  0.05059974 0.04984837 0.04911173 0.04759787 0.04486122 0.04234193
  0.03876062 0.03462629 0.03037354 0.02940123 0.02971785 0.0300295
  0.02239744 0.01278279 0.00312884 0.00204323 0.         0.        ]
 [0.         0.         0.         0.00311612 0.00326175 0.00340954
  0.00341952 0.00297175 0.00251423 0.00211766 0.00188941 0.00164872
  0.00146862 0.00136136 0.00124907 0.00123139 0.00132931 0.00142642
  0.00141937 0.00138493 0.00135162 0.00143893 0.00160424 0.00176964
  0.         0.         0.         0.         0.         0.        ]
 [0.         0.         0.         0.0013626  0.00319121 0.0050594
  0.00653033 0.00689266 0.00722352 0.00741642 0.00715533 0.00690372
  0.00706912 0.00777988 0.00851129 0.00810552 0.00581414 0.00368146
  0.00257481 0.00189949 0.00119688 0.00115642 0.00142939 0.00168267
  0.         0.         0.         0.         0.         0.        ]
 [0.         0.         0.         0.0013626  0.00319121 0.0050594
  0.00653033 0.00689266 0.00722352 0.00741642 0.00715533 0.00690372
  0.00706912 0.00777988 0.00851129 0.00810552 0.00581414 0.00368146
  0.00257481 0.00189949 0.00119688 0.00115642 0.00142939 0.00168267
  0.         0.         0.         0.         0.         0.        ]
 [0.         0.         0.         0.01024138 0.02265517 0.03518589
  0.04597383 0.05161338 0.05717894 0.06089602 0.060103   0.05945452
  0.05655561 0.05030644 0.04404833 0.03950283 0.03686207 0.03416591
  0.03052019 0.02638204 0.02222507 0.01903714 0.01631034 0.01355172
  0.         0.         0.         0.         0.         0.        ]
 [0.         0.         0.         0.00534483 0.0087931  0.01234651
  0.01452804 0.01334036 0.01196193 0.01076239 0.01010361 0.00941379
  0.00872414 0.0080351  0.00732927 0.007      0.007      0.007
  0.007      0.007      0.007      0.007      0.007      0.007
  0.         0.         0.         0.         0.         0.        ]
 [0.         0.         0.         0.00141379 0.00555172 0.00979972
  0.01271893 0.01217018 0.01148276 0.0107931  0.01010345 0.00936314
  0.00900091 0.009      0.009      0.009      0.009      0.009
  0.00858843 0.00789876 0.00719013 0.007      0.007      0.007
  0.         0.         0.         0.         0.         0.        ]
 [0.         0.         0.         0.00996552 0.01962069 0.02925226
  0.03937526 0.05107259 0.06288747 0.07027217 0.06472097 0.06000157
  0.0534306  0.04444856 0.03539108 0.02910539 0.02582759 0.02237931
  0.01893103 0.01548763 0.0120026  0.0099993  0.00865517 0.00727586
  0.         0.         0.         0.         0.         0.        ]
 [0.         0.         0.         0.00050682 0.00057629 0.00064959
  0.0007402  0.00091676 0.00108996 0.00123184 0.00129    0.00135323
  0.00142734 0.00152797 0.0016233  0.00171946 0.00181224 0.00191906
  0.00194001 0.00194    0.00193838 0.0018043  0.00159258 0.00138802
  0.00115196 0.00091126 0.00066909 0.00063733 0.         0.        ]
 [0.         0.         0.         0.04265517 0.0392069  0.03572249
  0.0327637  0.03134684 0.02996552 0.02858621 0.0272069  0.02584756
  0.02417481 0.02210125 0.02000622 0.02       0.02       0.02
  0.02       0.02       0.02       0.02       0.02       0.02
  0.02       0.02       0.02       0.02       0.         0.        ]
 [0.         0.         0.         0.00050682 0.00057629 0.00064959
  0.0007402  0.00091676 0.00108996 0.00123184 0.00129    0.00135323
  0.00142734 0.00152797 0.0016233  0.00171946 0.00181224 0.00191906
  0.00194001 0.00194    0.00193838 0.0018043  0.00159258 0.00138802
  0.00115196 0.00091126 0.00066909 0.00063733 0.         0.        ]
 [0.         0.         0.         0.00050682 0.00057629 0.00064959
  0.0007402  0.00091676 0.00108996 0.00123184 0.00129    0.00135323
  0.00142734 0.00152797 0.0016233  0.00171946 0.00181224 0.00191906
  0.00194001 0.00194    0.00193838 0.0018043  0.00159258 0.00138802
  0.00115196 0.00091126 0.00066909 0.00063733 0.         0.        ]
 [0.         0.         0.         0.04865517 0.0452069  0.04173738
  0.03861064 0.03651899 0.03444828 0.03237931 0.03031034 0.02826277
  0.02589871 0.0231378  0.02031384 0.02       0.02       0.02
  0.02       0.02       0.02       0.02       0.02       0.02
  0.02       0.02       0.02       0.02       0.         0.        ]
 [0.         0.         0.         0.00050682 0.00057629 0.00064959
  0.0007402  0.00091676 0.00108996 0.00123184 0.00129    0.00135323
  0.00142734 0.00152797 0.0016233  0.00171946 0.00181224 0.00191906
  0.00194001 0.00194    0.00193838 0.0018043  0.00159258 0.00138802
  0.00115196 0.00091126 0.00066909 0.00063733 0.         0.        ]]","2D array of the thickness of the layers of the blade structure. The first dimension represents each layer, the second dimension represents each entry along blade span."
blade.ps.s_opt_layer_0,input,,"[0.         0.03448276 0.06896552 0.10344828 0.13793103 0.17241379
 0.20689655 0.24137931 0.27586207 0.31034483 0.34482759 0.37931034
 0.4137931  0.44827586 0.48275862 0.51724138 0.55172414 0.5862069
 0.62068966 0.65517241 0.68965517 0.72413793 0.75862069 0.79310345
 0.82758621 0.86206897 0.89655172 0.93103448 0.96551724 1.        ]",
blade.ps.layer_0_opt,input,m,"[0.0005 0.0005 0.0005 0.0005 0.0005 0.0005 0.0005 0.0005 0.0005 0.0005
 0.0005 0.0005 0.0005 0.0005 0.0005 0.0005 0.0005 0.0005 0.0005 0.0005
 0.0005 0.0005 0.0005 0.0005 0.0005 0.0005 0.0005 0.0005 0.0005 0.0005]",
blade.ps.s_opt_layer_1,input,,"[0.         0.03448276 0.06896552 0.10344828 0.13793103 0.17241379
 0.20689655 0.24137931 0.27586207 0.31034483 0.34482759 0.37931034
 0.4137931  0.44827586 0.48275862 0.51724138 0.55172414 0.5862069
 0.62068966 0.65517241 0.68965517 0.72413793 0.75862069 0.79310345
 0.82758621 0.86206897 0.89655172 0.93103448 0.96551724 1.        ]",
blade.ps.layer_1_opt,input,m,"[0.065      0.04800279 0.033292   0.01926887 0.01406293 0.00856717
 0.00422099 0.00311171 0.0020769  0.00134756 0.001293   0.00124203
 0.00117458 0.00110339 0.00103293 0.001      0.001      0.001
 0.001      0.001      0.00100013 0.00102217 0.00105827 0.00108623
 0.00106675 0.00103848 0.00100343 0.001      0.001      0.001     ]",
blade.ps.s_opt_layer_2,input,,"[0.         0.03448276 0.06896552 0.10344828 0.13793103 0.17241379
 0.20689655 0.24137931 0.27586207 0.31034483 0.34482759 0.37931034
 0.4137931  0.44827586 0.48275862 0.51724138 0.55172414 0.5862069
 0.62068966 0.65517241 0.68965517 0.72413793 0.75862069 0.79310345
 0.82758621 0.86206897 0.89655172 0.93103448 0.96551724 1.        ]",
blade.ps.layer_2_opt,input,m,"[0.         0.         0.         0.01096853 0.02133832 0.0317352
 0.04160593 0.04984494 0.05812354 0.06312958 0.05801117 0.05332646
 0.05059974 0.04984837 0.04911173 0.04759787 0.04486122 0.04234193
 0.03876062 0.03462629 0.03037354 0.02940123 0.02971785 0.0300295
 0.02239744 0.01278279 0.00312884 0.00204323 0.         0.        ]",
blade.ps.s_opt_layer_3,input,,"[0.         0.03448276 0.06896552 0.10344828 0.13793103 0.17241379
 0.20689655 0.24137931 0.27586207 0.31034483 0.34482759 0.37931034
 0.4137931  0.44827586 0.48275862 0.51724138 0.55172414 0.5862069
 0.62068966 0.65517241 0.68965517 0.72413793 0.75862069 0.79310345
 0.82758621 0.86206897 0.89655172 0.93103448 0.96551724 1.        ]",
blade.ps.layer_3_opt,input,m,"[0.         0.         0.         0.01096853 0.02133832 0.0317352
 0.04160593 0.04984494 0.05812354 0.06312958 0.05801117 0.05332646
 0.05059974 0.04984837 0.04911173 0.04759787 0.04486122 0.04234193
 0.03876062 0.03462629 0.03037354 0.02940123 0.02971785 0.0300295
 0.02239744 0.01278279 0.00312884 0.00204323 0.         0.        ]",
blade.ps.s_opt_layer_4,input,,"[0.         0.03448276 0.06896552 0.10344828 0.13793103 0.17241379
 0.20689655 0.24137931 0.27586207 0.31034483 0.34482759 0.37931034
 0.4137931  0.44827586 0.48275862 0.51724138 0.55172414 0.5862069
 0.62068966 0.65517241 0.68965517 0.72413793 0.75862069 0.79310345
 0.82758621 0.86206897 0.89655172 0.93103448 0.96551724 1.        ]",
blade.ps.layer_4_opt,input,m,"[0.         0.         0.         0.00311612 0.00326175 0.00340954
 0.00341952 0.00297175 0.00251423 0.00211766 0.00188941 0.00164872
 0.00146862 0.00136136 0.00124907 0.00123139 0.00132931 0.00142642
 0.00141937 0.00138493 0.00135162 0.00143893 0.00160424 0.00176964
 0.         0.         0.         0.         0.         0.        ]",
blade.ps.s_opt_layer_5,input,,"[0.         0.03448276 0.06896552 0.10344828 0.13793103 0.17241379
 0.20689655 0.24137931 0.27586207 0.31034483 0.34482759 0.37931034
 0.4137931  0.44827586 0.48275862 0.51724138 0.55172414 0.5862069
 0.62068966 0.65517241 0.68965517 0.72413793 0.75862069 0.79310345
 0.82758621 0.86206897 0.89655172 0.93103448 0.96551724 1.        ]",
blade.ps.layer_5_opt,input,m,"[0.         0.         0.         0.0013626  0.00319121 0.0050594
 0.00653033 0.00689266 0.00722352 0.00741642 0.00715533 0.00690372
 0.00706912 0.00777988 0.00851129 0.00810552 0.00581414 0.00368146
 0.00257481 0.00189949 0.00119688 0.00115642 0.00142939 0.00168267
 0.         0.         0.         0.         0.         0.        ]",
blade.ps.s_opt_layer_6,input,,"[0.         0.03448276 0.06896552 0.10344828 0.13793103 0.17241379
 0.20689655 0.24137931 0.27586207 0.31034483 0.34482759 0.37931034
 0.4137931  0.44827586 0.48275862 0.51724138 0.55172414 0.5862069
 0.62068966 0.65517241 0.68965517 0.72413793 0.75862069 0.79310345
 0.82758621 0.86206897 0.89655172 0.93103448 0.96551724 1.        ]",
blade.ps.layer_6_opt,input,m,"[0.         0.         0.         0.0013626  0.00319121 0.0050594
 0.00653033 0.00689266 0.00722352 0.00741642 0.00715533 0.00690372
 0.00706912 0.00777988 0.00851129 0.00810552 0.00581414 0.00368146
 0.00257481 0.00189949 0.00119688 0.00115642 0.00142939 0.00168267
 0.         0.         0.         0.         0.         0.        ]",
blade.ps.s_opt_layer_7,input,,"[0.         0.03448276 0.06896552 0.10344828 0.13793103 0.17241379
 0.20689655 0.24137931 0.27586207 0.31034483 0.34482759 0.37931034
 0.4137931  0.44827586 0.48275862 0.51724138 0.55172414 0.5862069
 0.62068966 0.65517241 0.68965517 0.72413793 0.75862069 0.79310345
 0.82758621 0.86206897 0.89655172 0.93103448 0.96551724 1.        ]",
blade.ps.layer_7_opt,input,m,"[0.         0.         0.         0.01024138 0.02265517 0.03518589
 0.04597383 0.05161338 0.05717894 0.06089602 0.060103   0.05945452
 0.05655561 0.05030644 0.04404833 0.03950283 0.03686207 0.03416591
 0.03052019 0.02638204 0.02222507 0.01903714 0.01631034 0.01355172
 0.         0.         0.         0.         0.         0.        ]",
blade.ps.s_opt_layer_8,input,,"[0.         0.03448276 0.06896552 0.10344828 0.13793103 0.17241379
 0.20689655 0.24137931 0.27586207 0.31034483 0.34482759 0.37931034
 0.4137931  0.44827586 0.48275862 0.51724138 0.55172414 0.5862069
 0.62068966 0.65517241 0.68965517 0.72413793 0.75862069 0.79310345
 0.82758621 0.86206897 0.89655172 0.93103448 0.96551724 1.        ]",
blade.ps.layer_8_opt,input,m,"[0.         0.         0.         0.00534483 0.0087931  0.01234651
 0.01452804 0.01334036 0.01196193 0.01076239 0.01010361 0.00941379
 0.00872414 0.0080351  0.00732927 0.007      0.007      0.007
 0.007      0.007      0.007      0.007      0.007      0.007
 0.         0.         0.         0.         0.         0.        ]",
blade.ps.s_opt_layer_9,input,,"[0.         0.03448276 0.06896552 0.10344828 0.13793103 0.17241379
 0.20689655 0.24137931 0.27586207 0.31034483 0.34482759 0.37931034
 0.4137931  0.44827586 0.48275862 0.51724138 0.55172414 0.5862069
 0.62068966 0.65517241 0.68965517 0.72413793 0.75862069 0.79310345
 0.82758621 0.86206897 0.89655172 0.93103448 0.96551724 1.        ]",
blade.ps.layer_9_opt,input,m,"[0.         0.         0.         0.00141379 0.00555172 0.00979972
 0.01271893 0.01217018 0.01148276 0.0107931  0.01010345 0.00936314
 0.00900091 0.009      0.009      0.009      0.009      0.009
 0.00858843 0.00789876 0.00719013 0.007      0.007      0.007
 0.         0.         0.         0.         0.         0.        ]",
blade.ps.s_opt_layer_10,input,,"[0.         0.03448276 0.06896552 0.10344828 0.13793103 0.17241379
 0.20689655 0.24137931 0.27586207 0.31034483 0.34482759 0.37931034
 0.4137931  0.44827586 0.48275862 0.51724138 0.55172414 0.5862069
 0.62068966 0.65517241 0.68965517 0.72413793 0.75862069 0.79310345
 0.82758621 0.86206897 0.89655172 0.93103448 0.96551724 1.        ]",
blade.ps.layer_10_opt,input,m,"[0.         0.         0.         0.00996552 0.01962069 0.02925226
 0.03937526 0.05107259 0.06288747 0.07027217 0.06472097 0.06000157
 0.0534306  0.04444856 0.03539108 0.02910539 0.02582759 0.02237931
 0.01893103 0.01548763 0.0120026  0.0099993  0.00865517 0.00727586
 0.         0.         0.         0.         0.         0.        ]",
blade.ps.s_opt_layer_11,input,,"[0.         0.03448276 0.06896552 0.10344828 0.13793103 0.17241379
 0.20689655 0.24137931 0.27586207 0.31034483 0.34482759 0.37931034
 0.4137931  0.44827586 0.48275862 0.51724138 0.55172414 0.5862069
 0.62068966 0.65517241 0.68965517 0.72413793 0.75862069 0.79310345
 0.82758621 0.86206897 0.89655172 0.93103448 0.96551724 1.        ]",
blade.ps.layer_11_opt,input,m,"[0.         0.         0.         0.00050682 0.00057629 0.00064959
 0.0007402  0.00091676 0.00108996 0.00123184 0.00129    0.00135323
 0.00142734 0.00152797 0.0016233  0.00171946 0.00181224 0.00191906
 0.00194001 0.00194    0.00193838 0.0018043  0.00159258 0.00138802
 0.00115196 0.00091126 0.00066909 0.00063733 0.         0.        ]",
blade.ps.s_opt_layer_12,input,,"[0.         0.03448276 0.06896552 0.10344828 0.13793103 0.17241379
 0.20689655 0.24137931 0.27586207 0.31034483 0.34482759 0.37931034
 0.4137931  0.44827586 0.48275862 0.51724138 0.55172414 0.5862069
 0.62068966 0.65517241 0.68965517 0.72413793 0.75862069 0.79310345
 0.82758621 0.86206897 0.89655172 0.93103448 0.96551724 1.        ]",
blade.ps.layer_12_opt,input,m,"[0.         0.         0.         0.04265517 0.0392069  0.03572249
 0.0327637  0.03134684 0.02996552 0.02858621 0.0272069  0.02584756
 0.02417481 0.02210125 0.02000622 0.02       0.02       0.02
 0.02       0.02       0.02       0.02       0.02       0.02
 0.02       0.02       0.02       0.02       0.         0.        ]",
blade.ps.s_opt_layer_13,input,,"[0.         0.03448276 0.06896552 0.10344828 0.13793103 0.17241379
 0.20689655 0.24137931 0.27586207 0.31034483 0.34482759 0.37931034
 0.4137931  0.44827586 0.48275862 0.51724138 0.55172414 0.5862069
 0.62068966 0.65517241 0.68965517 0.72413793 0.75862069 0.79310345
 0.82758621 0.86206897 0.89655172 0.93103448 0.96551724 1.        ]",
blade.ps.layer_13_opt,input,m,"[0.         0.         0.         0.00050682 0.00057629 0.00064959
 0.0007402  0.00091676 0.00108996 0.00123184 0.00129    0.00135323
 0.00142734 0.00152797 0.0016233  0.00171946 0.00181224 0.00191906
 0.00194001 0.00194    0.00193838 0.0018043  0.00159258 0.00138802
 0.00115196 0.00091126 0.00066909 0.00063733 0.         0.        ]",
blade.ps.s_opt_layer_14,input,,"[0.         0.03448276 0.06896552 0.10344828 0.13793103 0.17241379
 0.20689655 0.24137931 0.27586207 0.31034483 0.34482759 0.37931034
 0.4137931  0.44827586 0.48275862 0.51724138 0.55172414 0.5862069
 0.62068966 0.65517241 0.68965517 0.72413793 0.75862069 0.79310345
 0.82758621 0.86206897 0.89655172 0.93103448 0.96551724 1.        ]",
blade.ps.layer_14_opt,input,m,"[0.         0.         0.         0.00050682 0.00057629 0.00064959
 0.0007402  0.00091676 0.00108996 0.00123184 0.00129    0.00135323
 0.00142734 0.00152797 0.0016233  0.00171946 0.00181224 0.00191906
 0.00194001 0.00194    0.00193838 0.0018043  0.00159258 0.00138802
 0.00115196 0.00091126 0.00066909 0.00063733 0.         0.        ]",
blade.ps.s_opt_layer_15,input,,"[0.         0.03448276 0.06896552 0.10344828 0.13793103 0.17241379
 0.20689655 0.24137931 0.27586207 0.31034483 0.34482759 0.37931034
 0.4137931  0.44827586 0.48275862 0.51724138 0.55172414 0.5862069
 0.62068966 0.65517241 0.68965517 0.72413793 0.75862069 0.79310345
 0.82758621 0.86206897 0.89655172 0.93103448 0.96551724 1.        ]",
blade.ps.layer_15_opt,input,m,"[0.         0.         0.         0.04865517 0.0452069  0.04173738
 0.03861064 0.03651899 0.03444828 0.03237931 0.03031034 0.02826277
 0.02589871 0.0231378  0.02031384 0.02       0.02       0.02
 0.02       0.02       0.02       0.02       0.02       0.02
 0.02       0.02       0.02       0.02       0.         0.        ]",
blade.ps.s_opt_layer_16,input,,"[0.         0.03448276 0.06896552 0.10344828 0.13793103 0.17241379
 0.20689655 0.24137931 0.27586207 0.31034483 0.34482759 0.37931034
 0.4137931  0.44827586 0.48275862 0.51724138 0.55172414 0.5862069
 0.62068966 0.65517241 0.68965517 0.72413793 0.75862069 0.79310345
 0.82758621 0.86206897 0.89655172 0.93103448 0.96551724 1.        ]",
blade.ps.layer_16_opt,input,m,"[0.         0.         0.         0.00050682 0.00057629 0.00064959
 0.0007402  0.00091676 0.00108996 0.00123184 0.00129    0.00135323
 0.00142734 0.00152797 0.0016233  0.00171946 0.00181224 0.00191906
 0.00194001 0.00194    0.00193838 0.0018043  0.00159258 0.00138802
 0.00115196 0.00091126 0.00066909 0.00063733 0.         0.        ]",
high_level_tower_props.tower_ref_axis_user,input,m,[],"2D array of the coordinates (x,y,z) of the tower reference axis. The coordinate system is the global coordinate system of OpenFAST: it is placed at tower base with x pointing downwind, y pointing on the side and z pointing vertically upwards. A standard tower configuration will have zero x and y values and positive z values."
high_level_tower_props.distance_tt_hub,input,m,[0.],Vertical distance from tower top to hub center.
high_level_tower_props.hub_height_user,input,m,[110.],Height of the hub specified by the user.
hub.diameter,output,m,[4.],
materials.rho_fiber,output,kg/m**3,[   0. 2600. 2600. 2600.    0.    0.    0.    0.    0.],1D array of the density of the fibers of the materials.
materials.rho,output,kg/m**3,[1100. 1845. 1845. 1940.  110.  110. 1100. 1150. 8500.],"1D array of the density of the materials. For composites, this is the density of the laminate."
materials.rho_area_dry,output,kg/m**2,[0.    1.112 1.112 1.858 0.    0.    0.    0.    0.   ],1D array of the dry aerial density of the composite fabrics. Non-composite materials are kept at 0.
materials.ply_t_from_yaml,output,m,[0.0005 0.     0.     0.     0.     0.     0.     0.     0.    ],1D array of the ply thicknesses of the materials. Non-composite materials are kept at 0.
materials.fvf_from_yaml,output,,[0.     0.4793 0.4793 0.5448 0.     0.     0.     0.     0.    ],1D array of the non-dimensional fiber volume fraction of the composite materials. Non-composite materials are kept at 0.
materials.fwf_from_yaml,output,,[0.     0.6754 0.6754 0.7302 0.     0.     0.     0.     0.    ],1D array of the non-dimensional fiber weight- fraction of the composite materials. Non-composite materials are kept at 0.
materials.name,output,n/a,"['paint', 'triax', 'biax', 'ud', 'balsa', 'foam', 'adhesive', 'resin', 'steel']",1D array of names of materials.
materials.component_id,output,n/a,[ 0.  2.  3.  4.  1.  1. -1. -1. -1.],"1D array of flags to set whether a material is used in a blade: 0 - coating, 1 - sandwich filler , 2 - shell skin, 3 - shear webs, 4 - spar caps, 5 - TE/LE reinf."
rotorse.rp.aep.lossFactor,input,,[1.],"multiplicative factor for availability and other losses (soiling, array, etc.)"
rotorse.rp.cdf.k,input,,[2.],shape or form factor
rotorse.rp.gust.turbulence_class,input,n/a,A,IEC turbulence class
rotorse.rp.v_min,input,m/s,[3.],cut-in wind speed
rotorse.rp.v_max,input,m/s,[25.],cut-out wind speed
rotorse.rp.rated_power,input,W,[3370000.],electrical rated power
rotorse.rp.omega_min,input,rpm,[0.],minimum allowed rotor rotation speed
rotorse.rp.omega_max,input,rpm,[19.09859317],maximum allowed rotor rotation speed
rotorse.rp.control_maxTS,input,m/s,[80.],maximum allowed blade tip speed
rotorse.rp.powercurve.gearbox_efficiency,input,,[0.955],
rotorse.rp.powercurve.generator_efficiency,input,,[1. 1. 1. 1. 1. 1. 1. 1. 1. 1. 1. 1. 1. 1. 1. 1. 1. 1. 1. 1.],Generator efficiency at various rpm values to support table lookup
rotorse.rp.powercurve.lss_rpm,input,rpm,[0. 0. 0. 0. 0. 0. 0. 0. 0. 0. 0. 0. 0. 0. 0. 0. 0. 0. 0. 0.],Low speed shaft RPM values at which the generator efficiency values are given
rotorse.rp.drivetrainType,input,n/a,geared,
rotorse.rs.aero_gust.azimuth_load,input,deg,[0.],
rotorse.rs.aero_hub_loads.nSector,input,n/a,4,
rotorse.rs.brs.s_f,input,,[2.5],Safety factor
rotorse.rs.brs.d_f,input,m,[0.03],Diameter of the fastener
rotorse.rs.brs.sigma_max,input,Pa,[6.75e+08],Max stress on bolt
rotorse.rs.constr.max_strainU_spar,input,,[0.004],maximum strain in spar cap suction side
rotorse.rs.constr.max_strainL_spar,input,,[0.004],maximum strain in spar cap pressure side
rotorse.rs.constr.max_strainU_te,input,,[0.004],maximum strain in spar cap suction side
rotorse.rs.constr.max_strainL_te,input,,[0.004],maximum strain in spar cap pressure side
rotorse.rs.constr.s_opt_spar_cap_ss,input,,"[0.         0.03448276 0.06896552 0.10344828 0.13793103 0.17241379
 0.20689655 0.24137931 0.27586207 0.31034483 0.34482759 0.37931034
 0.4137931  0.44827586 0.48275862 0.51724138 0.55172414 0.5862069
 0.62068966 0.65517241 0.68965517 0.72413793 0.75862069 0.79310345
 0.82758621 0.86206897 0.89655172 0.93103448 0.96551724 1.        ]",1D array of the non-dimensional spanwise grid defined along blade axis to optimize the blade spar cap suction side
rotorse.rs.constr.s_opt_spar_cap_ps,input,,"[0.         0.03448276 0.06896552 0.10344828 0.13793103 0.17241379
 0.20689655 0.24137931 0.27586207 0.31034483 0.34482759 0.37931034
 0.4137931  0.44827586 0.48275862 0.51724138 0.55172414 0.5862069
 0.62068966 0.65517241 0.68965517 0.72413793 0.75862069 0.79310345
 0.82758621 0.86206897 0.89655172 0.93103448 0.96551724 1.        ]",1D array of the non-dimensional spanwise grid defined along blade axis to optimize the blade spar cap pressure side
rotorse.rs.constr.s_opt_te_ss,input,,"[0.         0.03448276 0.06896552 0.10344828 0.13793103 0.17241379
 0.20689655 0.24137931 0.27586207 0.31034483 0.34482759 0.37931034
 0.4137931  0.44827586 0.48275862 0.51724138 0.55172414 0.5862069
 0.62068966 0.65517241 0.68965517 0.72413793 0.75862069 0.79310345
 0.82758621 0.86206897 0.89655172 0.93103448 0.96551724 1.        ]",1D array of the non-dimensional spanwise grid defined along blade axis to optimize the blade trailing edge suction side
rotorse.rs.constr.s_opt_te_ps,input,,"[0.         0.03448276 0.06896552 0.10344828 0.13793103 0.17241379
 0.20689655 0.24137931 0.27586207 0.31034483 0.34482759 0.37931034
 0.4137931  0.44827586 0.48275862 0.51724138 0.55172414 0.5862069
 0.62068966 0.65517241 0.68965517 0.72413793 0.75862069 0.79310345
 0.82758621 0.86206897 0.89655172 0.93103448 0.96551724 1.        ]",1D array of the non-dimensional spanwise grid defined along blade axis to optimize the blade trailing edge pressure side
rotorse.rs.constr.blade_number,input,n/a,3,
rotorse.rs.tip_pos.dynamicFactor,input,,[1.],a dynamic amplification factor to adjust the static deflection calculation
rotorse.rs.tot_loads_gust.aeroloads_azimuth,input,deg,[0.],azimuthal angle
rotorse.rs.tot_loads_gust.dynamicFactor,input,,[1.],a dynamic amplification factor to adjust the static deflection calculation
rotorse.stall_check.stall_margin,input,deg,[2.99828814],Minimum margin from the stall angle
rotorse.stall_check.min_s,input,,[0.25],Minimum nondimensional coordinate along blade span where to define the constraint (blade root typically stalls)
financese.tcc_per_kW,intermediate,USD/kW,[219.16377215],
financese.turbine_aep,intermediate,kW*h,[13368424.14690654],
outputs_2_screen.aep,intermediate,GW*h,[13.36842415],
outputs_2_screen.blade_mass,intermediate,kg,[14528.44508288],
outputs_2_screen.lcoe,intermediate,USD/MW/h,[28.13353668],
outputs_2_screen.tip_deflection,intermediate,m,[7.47796805],
tcc.blade_mass,intermediate,kg,[14528.44508288],
tcc.blade_cost_external,intermediate,USD,[175423.97071225],
tcc.hub_cost,output,USD,[0.],
tcc.pitch_system_cost,output,USD,[0.],
tcc.spinner_cost,output,USD,[0.],
tcc.lss_cost,output,USD,[0.],
tcc.main_bearing_cost,output,USD,[0.],
tcc.gearbox_cost,output,USD,[0.],
tcc.hss_cost,output,USD,[0.],
tcc.brake_cost,output,USD,[0.],
tcc.generator_cost,output,USD,[0.],
tcc.bedplate_cost,output,USD,[0.],
tcc.yaw_system_cost,output,USD,[0.],
tcc.converter_cost,output,USD,[0.],
tcc.hvac_cost,output,USD,[0.],
tcc.cover_cost,output,USD,[0.],
tcc.elec_cost,output,USD,[141034.5],
tcc.controls_cost,output,USD,[71275.5],
tcc.platforms_cost,output,USD,[0.],
tcc.transformer_cost,output,USD,[0.],
tcc.blade_cost,output,USD,[175423.97071225],
tcc.rotor_cost,output,USD,[526271.91213676],
tcc.rotor_mass_tcc,output,kg,[43585.33524863],
tcc.nacelle_cost,output,USD,[212310.],
tcc.nacelle_mass_tcc,output,kg,[0.],
tcc.tower_cost,output,USD,[0.],
tcc.turbine_cost,output,USD,[738581.91213676],
tcc.turbine_cost_kW,output,USD/kW,[219.16377215],
tcc.turbine_mass_tcc,output,kg,[43585.33524863],
tcc.hub_system_cost,output,USD,[0.],
tcc.hub_system_mass_tcc,output,kg,[0.],
tcc.tower_parts_cost,output,USD,[0.],
rotorse.r,intermediate,m,"[ 2.          4.17241379  6.34482759  8.51724138 10.68965517 12.86206897
 15.03448276 17.20689655 19.37931034 21.55172414 23.72413793 25.89655172
 28.06896552 30.24137931 32.4137931  34.5862069  36.75862069 38.93103448
 41.10344828 43.27586207 45.44827586 47.62068966 49.79310345 51.96551724
 54.13793103 56.31034483 58.48275862 60.65517241 62.82758621 65.        ]",radial locations where blade is defined (should be increasing and not go all the way to hub or tip)
rotorse.chord,intermediate,m,"[2.6        2.6400108  3.02068886 3.43940393 3.78632687 4.03933222
 4.20600551 4.28630928 4.29010407 4.22617877 4.10030408 3.92512419
 3.70983694 3.46870635 3.22039928 2.98486122 2.77085185 2.58013169
 2.4118525  2.26552908 2.1420721  2.04143062 1.96370352 1.90855684
 1.87089392 1.81035886 1.6705797  1.39382511 0.92204843 0.2       ]",chord length at each section
rotorse.ccblade.theta_in,intermediate,rad,"[ 0.349       0.33965701  0.32741368  0.31081014  0.27858944  0.2354309
  0.19864576  0.1686555   0.13843916  0.11106032  0.08612175  0.06571169
  0.05023676  0.03944053  0.03041456  0.02364328  0.01824169  0.01263081
  0.00691721  0.00280744 -0.00096308 -0.00441804 -0.00790973 -0.01224484
 -0.01713418 -0.02222183 -0.02894752 -0.04010525 -0.0581402  -0.081     ]",twist angle at each section (positive decreases angle of attack)
rotorse.airfoils_cl,intermediate,,"[[[[ 0.00000000e+00]]

  [[ 0.00000000e+00]]

  [[ 0.00000000e+00]]

  ...

  [[ 0.00000000e+00]]

  [[ 0.00000000e+00]]

  [[ 0.00000000e+00]]]


 [[[ 7.15569904e-05]]

  [[ 6.23768336e-03]]

  [[ 1.25964737e-02]]

  ...

  [[-1.25964737e-02]]

  [[-6.23768336e-03]]

  [[ 7.15569904e-05]]]


 [[[ 6.06785926e-04]]

  [[ 5.28940423e-02]]

  [[ 1.06895378e-01]]

  ...

  [[-1.06895378e-01]]

  [[-5.28940423e-02]]

  [[ 6.06785926e-04]]]


 ...


 [[[ 1.61056220e-03]]

  [[ 1.49675965e-01]]

  [[ 3.02327827e-01]]

  ...

  [[-2.83002022e-01]]

  [[-1.40393892e-01]]

  [[ 1.61056220e-03]]]


 [[[ 1.61056220e-03]]

  [[ 1.49675965e-01]]

  [[ 3.02327827e-01]]

  ...

  [[-2.83002022e-01]]

  [[-1.40393892e-01]]

  [[ 1.61056220e-03]]]


 [[[ 1.61056220e-03]]

  [[ 1.49675965e-01]]

  [[ 3.02327827e-01]]

  ...

  [[-2.83002022e-01]]

  [[-1.40393892e-01]]

  [[ 1.61056220e-03]]]]","lift coefficients, spanwise"
rotorse.airfoils_cd,intermediate,,"[[[[0.5       ]]

  [[0.5       ]]

  [[0.5       ]]

  ...

  [[0.5       ]]

  [[0.5       ]]

  [[0.5       ]]]


 [[[0.49827287]]

  [[0.49937384]]

  [[0.49941838]]

  ...

  [[0.49941838]]

  [[0.49937384]]

  [[0.49827287]]]


 [[[0.44384458]]

  [[0.45178323]]

  [[0.45477177]]

  ...

  [[0.45477177]]

  [[0.45178323]]

  [[0.44384458]]]


 ...


 [[[0.037696  ]]

  [[0.037696  ]]

  [[0.04025918]]

  ...

  [[0.04229535]]

  [[0.0382528 ]]

  [[0.03769608]]]


 [[[0.037696  ]]

  [[0.037696  ]]

  [[0.04025918]]

  ...

  [[0.04229535]]

  [[0.0382528 ]]

  [[0.03769608]]]


 [[[0.037696  ]]

  [[0.037696  ]]

  [[0.04025918]]

  ...

  [[0.04229535]]

  [[0.0382528 ]]

  [[0.03769608]]]]","drag coefficients, spanwise"
rotorse.airfoils_cm,intermediate,,"[[[[ 2.16840434e-19]]

  [[ 0.00000000e+00]]

  [[ 0.00000000e+00]]

  ...

  [[ 0.00000000e+00]]

  [[ 0.00000000e+00]]

  [[ 2.16840434e-19]]]


 [[[ 1.11539157e-04]]

  [[ 7.77837010e-03]]

  [[ 1.60285275e-02]]

  ...

  [[-2.00356594e-02]]

  [[-9.72296262e-03]]

  [[ 1.11539157e-04]]]


 [[[ 9.06500889e-04]]

  [[ 6.32163593e-02]]

  [[ 1.30267028e-01]]

  ...

  [[-1.62833785e-01]]

  [[-7.90204491e-02]]

  [[ 9.06500889e-04]]]


 ...


 [[[ 2.03767521e-01]]

  [[ 2.00000000e-01]]

  [[ 2.20799783e-01]]

  ...

  [[-3.16976160e-01]]

  [[-9.71630272e-02]]

  [[ 2.03767521e-01]]]


 [[[ 2.03767521e-01]]

  [[ 2.00000000e-01]]

  [[ 2.20799783e-01]]

  ...

  [[-3.16976160e-01]]

  [[-9.71630272e-02]]

  [[ 2.03767521e-01]]]


 [[[ 2.03767521e-01]]

  [[ 2.00000000e-01]]

  [[ 2.20799783e-01]]

  ...

  [[-3.16976160e-01]]

  [[-9.71630272e-02]]

  [[ 2.03767521e-01]]]]","moment coefficients, spanwise"
rotorse.Rhub,intermediate,m,[2.],hub radius
rotorse.Rtip,intermediate,m,[65.],tip radius
rotorse.ccblade.rthick,intermediate,,"[1.         0.98202811 0.83422093 0.63368653 0.49837466 0.4410933
 0.40369869 0.38156768 0.36543958 0.35282655 0.34201519 0.33305383
 0.32527083 0.31794207 0.31034339 0.30175064 0.291356   0.27940307
 0.26721098 0.25611482 0.24721402 0.23860966 0.23008469 0.22230017
 0.21591718 0.21159678 0.21000003 0.21       0.21       0.21      ]",1D array of the relative thicknesses of the blade defined along span.
rotorse.precurve,intermediate,m,"[ 0.00000000e+00  0.00000000e+00  0.00000000e+00 -3.96069335e-05
 -4.41888313e-03 -1.47437694e-02 -2.78568630e-02 -4.57535116e-02
 -6.71775652e-02 -9.31591116e-02 -1.23411088e-01 -1.58235516e-01
 -1.99036574e-01 -2.45757463e-01 -2.98408959e-01 -3.57814145e-01
 -4.24076326e-01 -4.98895254e-01 -5.81761222e-01 -6.75146021e-01
 -7.78279295e-01 -8.93706090e-01 -1.02166869e+00 -1.16547581e+00
 -1.32474427e+00 -1.50426524e+00 -1.70625884e+00 -1.93449304e+00
 -2.19383653e+00 -2.50000000e+00]",precurve at each section
rotorse.precurveTip,intermediate,m,[-2.5],precurve at tip
rotorse.presweep,intermediate,m,"[0. 0. 0. 0. 0. 0. 0. 0. 0. 0. 0. 0. 0. 0. 0. 0. 0. 0. 0. 0. 0. 0. 0. 0.
 0. 0. 0. 0. 0. 0.]",presweep at each section
rotorse.presweepTip,intermediate,m,[0.],presweep at tip
rotorse.hub_height,intermediate,m,[110.],hub height
rotorse.rc.blade_length,intermediate,m,[63.09459977],blade length
rotorse.rc.s,intermediate,,"[0.         0.03448276 0.06896552 0.10344828 0.13793103 0.17241379
 0.20689655 0.24137931 0.27586207 0.31034483 0.34482759 0.37931034
 0.4137931  0.44827586 0.48275862 0.51724138 0.55172414 0.5862069
 0.62068966 0.65517241 0.68965517 0.72413793 0.75862069 0.79310345
 0.82758621 0.86206897 0.89655172 0.93103448 0.96551724 1.        ]",blade nondimensional span location
rotorse.rc.chord,intermediate,m,"[2.6        2.6400108  3.02068886 3.43940393 3.78632687 4.03933222
 4.20600551 4.28630928 4.29010407 4.22617877 4.10030408 3.92512419
 3.70983694 3.46870635 3.22039928 2.98486122 2.77085185 2.58013169
 2.4118525  2.26552908 2.1420721  2.04143062 1.96370352 1.90855684
 1.87089392 1.81035886 1.6705797  1.39382511 0.92204843 0.2       ]",Chord distribution
rotorse.rc.coord_xy_interp,intermediate,,"[[[ 1.00000000e+00  1.39471767e-15]
  [ 9.99492456e-01 -2.24148318e-02]
  [ 9.97998443e-01 -4.47793323e-02]
  ...
  [ 9.98052103e-01  4.41573285e-02]
  [ 9.99507691e-01  2.21028728e-02]
  [ 1.00000000e+00  1.39471767e-15]]

 [[ 1.00000000e+00 -3.16421773e-03]
  [ 9.99110945e-01 -2.47105921e-02]
  [ 9.97576994e-01 -4.67993845e-02]
  ...
  [ 9.97884994e-01  4.40785443e-02]
  [ 9.99371468e-01  2.18636293e-02]
  [ 1.00000000e+00 -1.46513661e-04]]

 [[ 1.00000000e+00 -1.94964271e-02]
  [ 9.96919760e-01 -3.64826078e-02]
  [ 9.94667087e-01 -5.60719522e-02]
  ...
  [ 9.96925214e-01  4.30168043e-02]
  [ 9.98589083e-01  2.09101531e-02]
  [ 1.00000000e+00 -1.10918874e-04]]

 ...

 [[ 1.00000000e+00 -1.24164223e-03]
  [ 9.76041164e-01  1.99488062e-03]
  [ 9.52121911e-01  4.75706135e-03]
  ...
  [ 9.53145851e-01  1.33087434e-02]
  [ 9.76587857e-01  7.46542749e-03]
  [ 1.00000000e+00  1.53836008e-03]]

 [[ 1.00000000e+00 -1.24164223e-03]
  [ 9.76041164e-01  1.99488062e-03]
  [ 9.52121911e-01  4.75706135e-03]
  ...
  [ 9.53145851e-01  1.33087434e-02]
  [ 9.76587857e-01  7.46542749e-03]
  [ 1.00000000e+00  1.53836008e-03]]

 [[ 1.00000000e+00 -1.24164223e-03]
  [ 9.76041164e-01  1.99488062e-03]
  [ 9.52121911e-01  4.75706135e-03]
  ...
  [ 9.53145851e-01  1.33087434e-02]
  [ 9.76587857e-01  7.46542749e-03]
  [ 1.00000000e+00  1.53836008e-03]]]",3D array of the non-dimensional x and y airfoil coordinates of the airfoils interpolated along span for n_span stations.
rotorse.rc.web_start_nd,intermediate,,"[[0.19445041 0.20130844 0.2265798  0.29443028 0.32236939 0.33841748
  0.35046649 0.35848393 0.36788314 0.37368328 0.37648134 0.37821543
  0.37836435 0.37640734 0.37326706 0.37011846 0.36680881 0.36413453
  0.36168175 0.35890107 0.35727301 0.35606724 0.35601381 0.35840264
  0.36200779 0.36622096 0.37118645 0.37585834 0.35895191 0.36786986]
 [0.19445041 0.20130844 0.2265798  0.22014868 0.25239666 0.27119133
  0.28491374 0.29279574 0.30228526 0.30750775 0.30840526 0.30696831
  0.30287321 0.29557174 0.28596425 0.27542742 0.26417454 0.2534493
  0.2429885  0.23221659 0.22286363 0.21450911 0.20830707 0.20597046
  0.20616024 0.20487057 0.19594763 0.16476689 0.35895191 0.36786986]]","2D array of the non-dimensional start point defined along the outer profile of a web. The TE suction side is 0, the TE pressure side is 1. The first dimension represents each web, the second dimension represents each entry along blade span."
rotorse.rc.web_end_nd,intermediate,,"[[0.69445853 0.68705429 0.64852358 0.59481407 0.59124469 0.59656007
  0.59771822 0.60279558 0.61108141 0.61530721 0.61719344 0.61880392
  0.6208346  0.62409823 0.62831172 0.63246089 0.63643353 0.63903383
  0.64085578 0.64292298 0.64424092 0.64521151 0.64506029 0.64260635
  0.63907732 0.63507257 0.63061426 0.62696166 0.64593763 0.63918736]
 [0.69445853 0.68705429 0.64852358 0.66277183 0.65624104 0.66054108
  0.66068388 0.66599558 0.67462558 0.67989707 0.68402522 0.68905267
  0.69561116 0.70442369 0.71505935 0.72621723 0.73767642 0.74825165
  0.75829277 0.76845315 0.77735314 0.78528108 0.79113957 0.79334969
  0.79321163 0.79461715 0.80366753 0.83457068 0.64593763 0.63918736]]","2D array of the non-dimensional end point defined along the outer profile of a web. The TE suction side is 0, the TE pressure side is 1. The first dimension represents each web, the second dimension represents each entry along blade span."
rotorse.rc.layer_thickness,intermediate,m,"[[0.0005     0.0005     0.0005     0.0005     0.0005     0.0005
  0.0005     0.0005     0.0005     0.0005     0.0005     0.0005
  0.0005     0.0005     0.0005     0.0005     0.0005     0.0005
  0.0005     0.0005     0.0005     0.0005     0.0005     0.0005
  0.0005     0.0005     0.0005     0.0005     0.0005     0.0005    ]
 [0.065      0.04800279 0.033292   0.01926887 0.01406293 0.00856717
  0.00422099 0.00311171 0.0020769  0.00134756 0.001293   0.00124203
  0.00117458 0.00110339 0.00103293 0.001      0.001      0.001
  0.001      0.001      0.00100013 0.00102217 0.00105827 0.00108623
  0.00106675 0.00103848 0.00100343 0.001      0.001      0.001     ]
 [0.         0.         0.         0.01096853 0.02133832 0.0317352
  0.04160593 0.04984494 0.05812354 0.06312958 0.05801117 0.05332646
  0.05059974 0.04984837 0.04911173 0.04759787 0.04486122 0.04234193
  0.03876062 0.03462629 0.03037354 0.02940123 0.02971785 0.0300295
  0.02239744 0.01278279 0.00312884 0.00204323 0.         0.        ]
 [0.         0.         0.         0.01096853 0.02133832 0.0317352
  0.04160593 0.04984494 0.05812354 0.06312958 0.05801117 0.05332646
  0.05059974 0.04984837 0.04911173 0.04759787 0.04486122 0.04234193
  0.03876062 0.03462629 0.03037354 0.02940123 0.02971785 0.0300295
  0.02239744 0.01278279 0.00312884 0.00204323 0.         0.        ]
 [0.         0.         0.         0.00311612 0.00326175 0.00340954
  0.00341952 0.00297175 0.00251423 0.00211766 0.00188941 0.00164872
  0.00146862 0.00136136 0.00124907 0.00123139 0.00132931 0.00142642
  0.00141937 0.00138493 0.00135162 0.00143893 0.00160424 0.00176964
  0.         0.         0.         0.         0.         0.        ]
 [0.         0.         0.         0.0013626  0.00319121 0.0050594
  0.00653033 0.00689266 0.00722352 0.00741642 0.00715533 0.00690372
  0.00706912 0.00777988 0.00851129 0.00810552 0.00581414 0.00368146
  0.00257481 0.00189949 0.00119688 0.00115642 0.00142939 0.00168267
  0.         0.         0.         0.         0.         0.        ]
 [0.         0.         0.         0.0013626  0.00319121 0.0050594
  0.00653033 0.00689266 0.00722352 0.00741642 0.00715533 0.00690372
  0.00706912 0.00777988 0.00851129 0.00810552 0.00581414 0.00368146
  0.00257481 0.00189949 0.00119688 0.00115642 0.00142939 0.00168267
  0.         0.         0.         0.         0.         0.        ]
 [0.         0.         0.         0.01024138 0.02265517 0.03518589
  0.04597383 0.05161338 0.05717894 0.06089602 0.060103   0.05945452
  0.05655561 0.05030644 0.04404833 0.03950283 0.03686207 0.03416591
  0.03052019 0.02638204 0.02222507 0.01903714 0.01631034 0.01355172
  0.         0.         0.         0.         0.         0.        ]
 [0.         0.         0.         0.00534483 0.0087931  0.01234651
  0.01452804 0.01334036 0.01196193 0.01076239 0.01010361 0.00941379
  0.00872414 0.0080351  0.00732927 0.007      0.007      0.007
  0.007      0.007      0.007      0.007      0.007      0.007
  0.         0.         0.         0.         0.         0.        ]
 [0.         0.         0.         0.00141379 0.00555172 0.00979972
  0.01271893 0.01217018 0.01148276 0.0107931  0.01010345 0.00936314
  0.00900091 0.009      0.009      0.009      0.009      0.009
  0.00858843 0.00789876 0.00719013 0.007      0.007      0.007
  0.         0.         0.         0.         0.         0.        ]
 [0.         0.         0.         0.00996552 0.01962069 0.02925226
  0.03937526 0.05107259 0.06288747 0.07027217 0.06472097 0.06000157
  0.0534306  0.04444856 0.03539108 0.02910539 0.02582759 0.02237931
  0.01893103 0.01548763 0.0120026  0.0099993  0.00865517 0.00727586
  0.         0.         0.         0.         0.         0.        ]
 [0.         0.         0.         0.00050682 0.00057629 0.00064959
  0.0007402  0.00091676 0.00108996 0.00123184 0.00129    0.00135323
  0.00142734 0.00152797 0.0016233  0.00171946 0.00181224 0.00191906
  0.00194001 0.00194    0.00193838 0.0018043  0.00159258 0.00138802
  0.00115196 0.00091126 0.00066909 0.00063733 0.         0.        ]
 [0.         0.         0.         0.04265517 0.0392069  0.03572249
  0.0327637  0.03134684 0.02996552 0.02858621 0.0272069  0.02584756
  0.02417481 0.02210125 0.02000622 0.02       0.02       0.02
  0.02       0.02       0.02       0.02       0.02       0.02
  0.02       0.02       0.02       0.02       0.         0.        ]
 [0.         0.         0.         0.00050682 0.00057629 0.00064959
  0.0007402  0.00091676 0.00108996 0.00123184 0.00129    0.00135323
  0.00142734 0.00152797 0.0016233  0.00171946 0.00181224 0.00191906
  0.00194001 0.00194    0.00193838 0.0018043  0.00159258 0.00138802
  0.00115196 0.00091126 0.00066909 0.00063733 0.         0.        ]
 [0.         0.         0.         0.00050682 0.00057629 0.00064959
  0.0007402  0.00091676 0.00108996 0.00123184 0.00129    0.00135323
  0.00142734 0.00152797 0.0016233  0.00171946 0.00181224 0.00191906
  0.00194001 0.00194    0.00193838 0.0018043  0.00159258 0.00138802
  0.00115196 0.00091126 0.00066909 0.00063733 0.         0.        ]
 [0.         0.         0.         0.04865517 0.0452069  0.04173738
  0.03861064 0.03651899 0.03444828 0.03237931 0.03031034 0.02826277
  0.02589871 0.0231378  0.02031384 0.02       0.02       0.02
  0.02       0.02       0.02       0.02       0.02       0.02
  0.02       0.02       0.02       0.02       0.         0.        ]
 [0.         0.         0.         0.00050682 0.00057629 0.00064959
  0.0007402  0.00091676 0.00108996 0.00123184 0.00129    0.00135323
  0.00142734 0.00152797 0.0016233  0.00171946 0.00181224 0.00191906
  0.00194001 0.00194    0.00193838 0.0018043  0.00159258 0.00138802
  0.00115196 0.00091126 0.00066909 0.00063733 0.         0.        ]]","2D array of the thickness of the layers of the blade structure. The first dimension represents each layer, the second dimension represents each entry along blade span."
rotorse.rc.layer_start_nd,intermediate,,"[[0.         0.         0.         0.         0.         0.
  0.         0.         0.         0.         0.         0.
  0.         0.         0.         0.         0.         0.
  0.         0.         0.         0.         0.         0.
  0.         0.         0.         0.         0.         0.        ]
 [0.         0.         0.         0.         0.         0.
  0.         0.         0.         0.         0.         0.
  0.         0.         0.         0.         0.         0.
  0.         0.         0.         0.         0.         0.
  0.         0.         0.         0.         0.         0.        ]
 [0.19445041 0.20130844 0.2265798  0.21195146 0.24423949 0.26240308
  0.27591132 0.28350144 0.29249689 0.29719846 0.29752394 0.29539555
  0.29050148 0.28241674 0.27207336 0.26081831 0.24869462 0.23679379
  0.22500023 0.21297439 0.20257907 0.19328873 0.18623631 0.18316605
  0.18277615 0.18066736 0.16993384 0.13438825 0.35895191 0.36786986]
 [0.69445853 0.68705429 0.64852358 0.58482113 0.58118666 0.58667843
  0.58797072 0.59281514 0.60077418 0.60468487 0.6061418  0.60720639
  0.6085447  0.61091051 0.61402451 0.61696706 0.61968672 0.620981
  0.62147774 0.62223368 0.62231315 0.62214075 0.621004   0.61779227
  0.61371905 0.60885597 0.602248   0.59304387 0.64593763 0.63918736]
 [0.49999717 0.4963172  0.47431932 0.41991694 0.4244917  0.43073989
  0.43459367 0.44232803 0.45466994 0.45953848 0.45811215 0.45655127
  0.45460498 0.45199297 0.44859036 0.4442757  0.43870961 0.43219529
  0.42535137 0.41889375 0.41313528 0.40772906 0.4028166  0.39876593
  0.49788571 0.49731282 0.49709892 0.49709891 0.49709891 0.49709891]
 [1.         1.         1.         0.95557515 0.95715061 0.95783499
  0.95849669 0.95820407 0.9578399  0.95707222 0.95553582 0.95325639
  0.95027812 0.94661225 0.94234097 0.93767601 0.93270312 0.92742367
  0.92201525 0.91670185 0.91170666 0.90711977 0.90315323 0.90005551
  1.         1.         1.         1.         1.         1.        ]
 [0.         0.         0.         0.         0.         0.
  0.         0.         0.         0.         0.         0.
  0.         0.         0.         0.         0.         0.
  0.         0.         0.         0.         0.         0.
  0.         0.         0.         0.         0.         0.        ]
 [0.         0.         0.         0.04442485 0.04284939 0.04216501
  0.04150331 0.04179593 0.0421601  0.04292778 0.04446418 0.04674361
  0.04972188 0.05338775 0.05765903 0.06232399 0.06729688 0.07257633
  0.07798475 0.08329815 0.08829334 0.09288023 0.09684677 0.09994449
  0.         0.         0.         0.         0.         0.        ]
 [0.19445041 0.20130844 0.2265798  0.30080117 0.32993827 0.3467331
  0.35891794 0.36709331 0.3768171  0.38305401 0.3864523  0.38888276
  0.38994524 0.38919224 0.38739142 0.38546629 0.38328839 0.38194645
  0.38096972 0.3795707  0.37916575 0.3790492  0.37992984 0.38305503
  0.38720305 0.39228466 0.39939663 0.40941263 0.35895191 0.36786986]
 [0.49999717 0.4963172  0.47431932 0.50876665 0.51019048 0.51506991
  0.51760029 0.5259199  0.53899015 0.54539403 0.54704051 0.55003848
  0.55404875 0.55876848 0.56390842 0.56892369 0.57330337 0.57734795
  0.58132087 0.58549006 0.58972196 0.59348953 0.59651013 0.59865492
  0.49788571 0.49731282 0.49709892 0.49709891 0.49709891 0.49709891]
 [0.69445853 0.68705429 0.64852358 0.67367084 0.66688544 0.67100846
  0.67097734 0.676407   0.68509439 0.69054042 0.69507016 0.7006936
  0.70798847 0.71768602 0.72934257 0.74161505 0.75428049 0.76613366
  0.77744724 0.78882999 0.79889983 0.80790122 0.81469753 0.81768125
  0.81814595 0.82047328 0.83171079 0.86806825 0.64593763 0.63918736]
 [0.         0.         0.         0.         0.         0.
  0.         0.         0.         0.         0.         0.
  0.         0.         0.         0.         0.         0.
  0.         0.         0.         0.         0.         0.
  0.         0.         0.         0.         0.         0.        ]
 [0.         0.         0.         0.         0.         0.
  0.         0.         0.         0.         0.         0.
  0.         0.         0.         0.         0.         0.
  0.         0.         0.         0.         0.         0.
  0.         0.         0.         0.         0.         0.        ]
 [0.         0.         0.         0.         0.         0.
  0.         0.         0.         0.         0.         0.
  0.         0.         0.         0.         0.         0.
  0.         0.         0.         0.         0.         0.
  0.         0.         0.         0.         0.         0.        ]
 [0.         0.         0.         0.         0.         0.
  0.         0.         0.         0.         0.         0.
  0.         0.         0.         0.         0.         0.
  0.         0.         0.         0.         0.         0.
  0.         0.         0.         0.         0.         0.        ]
 [0.         0.         0.         0.         0.         0.
  0.         0.         0.         0.         0.         0.
  0.         0.         0.         0.         0.         0.
  0.         0.         0.         0.         0.         0.
  0.         0.         0.         0.         0.         0.        ]
 [0.         0.         0.         0.         0.         0.
  0.         0.         0.         0.         0.         0.
  0.         0.         0.         0.         0.         0.
  0.         0.         0.         0.         0.         0.
  0.         0.         0.         0.         0.         0.        ]]","2D array of the non-dimensional start point defined along the outer profile of a layer. The TE suction side is 0, the TE pressure side is 1. The first dimension represents each layer, the second dimension represents each entry along blade span."
rotorse.rc.layer_end_nd,intermediate,,"[[1.         1.         1.         1.         1.         1.
  1.         1.         1.         1.         1.         1.
  1.         1.         1.         1.         1.         1.
  1.         1.         1.         1.         1.         1.
  1.         1.         1.         1.         1.         1.        ]
 [1.         1.         1.         1.         1.         1.
  1.         1.         1.         1.         1.         1.
  1.         1.         1.         1.         1.         1.
  1.         1.         1.         1.         1.         1.
  1.         1.         1.         1.         1.         1.        ]
 [0.19445041 0.20130844 0.2265798  0.30080117 0.32993827 0.3467331
  0.35891794 0.36709331 0.3768171  0.38305401 0.3864523  0.38888276
  0.38994524 0.38919224 0.38739142 0.38546629 0.38328839 0.38194645
  0.38096972 0.3795707  0.37916575 0.3790492  0.37992984 0.38305503
  0.38720305 0.39228466 0.39939663 0.40941263 0.35895191 0.36786986]
 [0.69445853 0.68705429 0.64852358 0.67367084 0.66688544 0.67100846
  0.67097734 0.676407   0.68509439 0.69054042 0.69507016 0.7006936
  0.70798847 0.71768602 0.72934257 0.74161505 0.75428049 0.76613366
  0.77744724 0.78882999 0.79889983 0.80790122 0.81469753 0.81768125
  0.81814595 0.82047328 0.83171079 0.86806825 0.64593763 0.63918736]
 [0.49999717 0.4963172  0.47431932 0.50876665 0.51019048 0.51506991
  0.51760029 0.5259199  0.53899015 0.54539403 0.54704051 0.55003848
  0.55404875 0.55876848 0.56390842 0.56892369 0.57330337 0.57734795
  0.58132087 0.58549006 0.58972196 0.59348953 0.59651013 0.59865492
  0.49788571 0.49731282 0.49709892 0.49709891 0.49709891 0.49709891]
 [1.         1.         1.         1.         1.         1.
  1.         1.         1.         1.         1.         1.
  1.         1.         1.         1.         1.         1.
  1.         1.         1.         1.         1.         1.
  1.         1.         1.         1.         1.         1.        ]
 [0.         0.         0.         0.04442485 0.04284939 0.04216501
  0.04150331 0.04179593 0.0421601  0.04292778 0.04446418 0.04674361
  0.04972188 0.05338775 0.05765903 0.06232399 0.06729688 0.07257633
  0.07798475 0.08329815 0.08829334 0.09288023 0.09684677 0.09994449
  0.         0.         0.         0.         0.         0.        ]
 [0.19445041 0.20130844 0.2265798  0.21195146 0.24423949 0.26240308
  0.27591132 0.28350144 0.29249689 0.29719846 0.29752394 0.29539555
  0.29050148 0.28241674 0.27207336 0.26081831 0.24869462 0.23679379
  0.22500023 0.21297439 0.20257907 0.19328873 0.18623631 0.18316605
  0.18277615 0.18066736 0.16993384 0.13438825 0.35895191 0.36786986]
 [0.49999717 0.4963172  0.47431932 0.41991694 0.4244917  0.43073989
  0.43459367 0.44232803 0.45466994 0.45953848 0.45811215 0.45655127
  0.45460498 0.45199297 0.44859036 0.4442757  0.43870961 0.43219529
  0.42535137 0.41889375 0.41313528 0.40772906 0.4028166  0.39876593
  0.49788571 0.49731282 0.49709892 0.49709891 0.49709891 0.49709891]
 [0.69445853 0.68705429 0.64852358 0.58482113 0.58118666 0.58667843
  0.58797072 0.59281514 0.60077418 0.60468487 0.6061418  0.60720639
  0.6085447  0.61091051 0.61402451 0.61696706 0.61968672 0.620981
  0.62147774 0.62223368 0.62231315 0.62214075 0.621004   0.61779227
  0.61371905 0.60885597 0.602248   0.59304387 0.64593763 0.63918736]
 [1.         1.         1.         0.95557515 0.95715061 0.95783499
  0.95849669 0.95820407 0.9578399  0.95707222 0.95553582 0.95325639
  0.95027812 0.94661225 0.94234097 0.93767601 0.93270312 0.92742367
  0.92201525 0.91670185 0.91170666 0.90711977 0.90315323 0.90005551
  1.         1.         1.         1.         1.         1.        ]
 [0.         0.         0.         0.         0.         0.
  0.         0.         0.         0.         0.         0.
  0.         0.         0.         0.         0.         0.
  0.         0.         0.         0.         0.         0.
  0.         0.         0.         0.         0.         0.        ]
 [0.         0.         0.         0.         0.         0.
  0.         0.         0.         0.         0.         0.
  0.         0.         0.         0.         0.         0.
  0.         0.         0.         0.         0.         0.
  0.         0.         0.         0.         0.         0.        ]
 [0.         0.         0.         0.         0.         0.
  0.         0.         0.         0.         0.         0.
  0.         0.         0.         0.         0.         0.
  0.         0.         0.         0.         0.         0.
  0.         0.         0.         0.         0.         0.        ]
 [0.         0.         0.         0.         0.         0.
  0.         0.         0.         0.         0.         0.
  0.         0.         0.         0.         0.         0.
  0.         0.         0.         0.         0.         0.
  0.         0.         0.         0.         0.         0.        ]
 [0.         0.         0.         0.         0.         0.
  0.         0.         0.         0.         0.         0.
  0.         0.         0.         0.         0.         0.
  0.         0.         0.         0.         0.         0.
  0.         0.         0.         0.         0.         0.        ]
 [0.         0.         0.         0.         0.         0.
  0.         0.         0.         0.         0.         0.
  0.         0.         0.         0.         0.         0.
  0.         0.         0.         0.         0.         0.
  0.         0.         0.         0.         0.         0.        ]]","2D array of the non-dimensional end point defined along the outer profile of a layer. The TE suction side is 0, the TE pressure side is 1. The first dimension represents each layer, the second dimension represents each entry along blade span."
rotorse.rc.ply_t,intermediate,m,"[1.00000000e+06 8.92374929e-04 8.92374929e-04 1.31160224e-03
 1.00000000e+06 1.00000000e+06 1.00000000e+06 1.00000000e+06
 1.00000000e+06]",1D array of the ply thicknesses of the materials. Non-composite materials are kept at 0.
rotorse.rc.fwf,intermediate,,[0.     0.6754 0.6754 0.7302 0.     0.     0.     0.     0.    ],1D array of the non-dimensional fiber weight fraction of the composite materials. Non-composite materials are kept at 0.
rotorse.rc.fvf,intermediate,,[0.     0.4793 0.4793 0.5448 0.     0.     0.     0.     0.    ],1D array of the non-dimensional fiber volume fraction of the composite materials. Non-composite materials are kept at 0.
rotorse.theta,output,deg,"[19.99622705 19.46091332 18.75942179 17.80810903 15.96199918 13.48919718
 11.38156354  9.6632482   7.93197959  6.36328787  4.93441291  3.76500228
  2.87835451  2.25977596  1.74262586  1.35466023  1.04517172  0.72369203
  0.3963271   0.16085449 -0.05518023 -0.25313484 -0.45319405 -0.70157744
 -0.98171636 -1.27321725 -1.65857049 -2.29786129 -3.331188   -4.64095814]",Twist angle at each section (positive decreases angle of attack)
rotorse.re.pitch_axis,intermediate,,"[0.5        0.4805125  0.40967346 0.35077675 0.31038066 0.28320245
 0.26462878 0.25229681 0.24475743 0.24125724 0.24097363 0.24373741
 0.24949352 0.25783338 0.26800204 0.27871542 0.28894648 0.29826385
 0.30615885 0.31213058 0.31548724 0.31753162 0.31586754 0.3097253
 0.29970862 0.28806825 0.27765471 0.27050463 0.26661986 0.25      ]","1D array of the chordwise position of the pitch axis (0-LE, 1-TE), defined along blade span."
rotorse.re.coord_xy_interp,intermediate,,"[[[ 1.00000000e+00  1.39471767e-15]
  [ 9.99492456e-01 -2.24148318e-02]
  [ 9.97998443e-01 -4.47793323e-02]
  ...
  [ 9.98052103e-01  4.41573285e-02]
  [ 9.99507691e-01  2.21028728e-02]
  [ 1.00000000e+00  1.39471767e-15]]

 [[ 1.00000000e+00 -3.16421773e-03]
  [ 9.99110945e-01 -2.47105921e-02]
  [ 9.97576994e-01 -4.67993845e-02]
  ...
  [ 9.97884994e-01  4.40785443e-02]
  [ 9.99371468e-01  2.18636293e-02]
  [ 1.00000000e+00 -1.46513661e-04]]

 [[ 1.00000000e+00 -1.94964271e-02]
  [ 9.96919760e-01 -3.64826078e-02]
  [ 9.94667087e-01 -5.60719522e-02]
  ...
  [ 9.96925214e-01  4.30168043e-02]
  [ 9.98589083e-01  2.09101531e-02]
  [ 1.00000000e+00 -1.10918874e-04]]

 ...

 [[ 1.00000000e+00 -1.24164223e-03]
  [ 9.76041164e-01  1.99488062e-03]
  [ 9.52121911e-01  4.75706135e-03]
  ...
  [ 9.53145851e-01  1.33087434e-02]
  [ 9.76587857e-01  7.46542749e-03]
  [ 1.00000000e+00  1.53836008e-03]]

 [[ 1.00000000e+00 -1.24164223e-03]
  [ 9.76041164e-01  1.99488062e-03]
  [ 9.52121911e-01  4.75706135e-03]
  ...
  [ 9.53145851e-01  1.33087434e-02]
  [ 9.76587857e-01  7.46542749e-03]
  [ 1.00000000e+00  1.53836008e-03]]

 [[ 1.00000000e+00 -1.24164223e-03]
  [ 9.76041164e-01  1.99488062e-03]
  [ 9.52121911e-01  4.75706135e-03]
  ...
  [ 9.53145851e-01  1.33087434e-02]
  [ 9.76587857e-01  7.46542749e-03]
  [ 1.00000000e+00  1.53836008e-03]]]",3D array of the non-dimensional x and y airfoil coordinates of the airfoils interpolated along span for n_span stations.
rotorse.re.precomp.web_start_nd,intermediate,,"[[0.19445041 0.20130844 0.2265798  0.29443028 0.32236939 0.33841748
  0.35046649 0.35848393 0.36788314 0.37368328 0.37648134 0.37821543
  0.37836435 0.37640734 0.37326706 0.37011846 0.36680881 0.36413453
  0.36168175 0.35890107 0.35727301 0.35606724 0.35601381 0.35840264
  0.36200779 0.36622096 0.37118645 0.37585834 0.35895191 0.36786986]
 [0.19445041 0.20130844 0.2265798  0.22014868 0.25239666 0.27119133
  0.28491374 0.29279574 0.30228526 0.30750775 0.30840526 0.30696831
  0.30287321 0.29557174 0.28596425 0.27542742 0.26417454 0.2534493
  0.2429885  0.23221659 0.22286363 0.21450911 0.20830707 0.20597046
  0.20616024 0.20487057 0.19594763 0.16476689 0.35895191 0.36786986]]","2D array of the non-dimensional start point defined along the outer profile of a web. The TE suction side is 0, the TE pressure side is 1. The first dimension represents each web, the second dimension represents each entry along blade span."
rotorse.re.precomp.web_end_nd,intermediate,,"[[0.69445853 0.68705429 0.64852358 0.59481407 0.59124469 0.59656007
  0.59771822 0.60279558 0.61108141 0.61530721 0.61719344 0.61880392
  0.6208346  0.62409823 0.62831172 0.63246089 0.63643353 0.63903383
  0.64085578 0.64292298 0.64424092 0.64521151 0.64506029 0.64260635
  0.63907732 0.63507257 0.63061426 0.62696166 0.64593763 0.63918736]
 [0.69445853 0.68705429 0.64852358 0.66277183 0.65624104 0.66054108
  0.66068388 0.66599558 0.67462558 0.67989707 0.68402522 0.68905267
  0.69561116 0.70442369 0.71505935 0.72621723 0.73767642 0.74825165
  0.75829277 0.76845315 0.77735314 0.78528108 0.79113957 0.79334969
  0.79321163 0.79461715 0.80366753 0.83457068 0.64593763 0.63918736]]","2D array of the non-dimensional end point defined along the outer profile of a web. The TE suction side is 0, the TE pressure side is 1. The first dimension represents each web, the second dimension represents each entry along blade span."
rotorse.re.precomp.layer_thickness,intermediate,m,"[[0.0005     0.0005     0.0005     0.0005     0.0005     0.0005
  0.0005     0.0005     0.0005     0.0005     0.0005     0.0005
  0.0005     0.0005     0.0005     0.0005     0.0005     0.0005
  0.0005     0.0005     0.0005     0.0005     0.0005     0.0005
  0.0005     0.0005     0.0005     0.0005     0.0005     0.0005    ]
 [0.065      0.04800279 0.033292   0.01926887 0.01406293 0.00856717
  0.00422099 0.00311171 0.0020769  0.00134756 0.001293   0.00124203
  0.00117458 0.00110339 0.00103293 0.001      0.001      0.001
  0.001      0.001      0.00100013 0.00102217 0.00105827 0.00108623
  0.00106675 0.00103848 0.00100343 0.001      0.001      0.001     ]
 [0.         0.         0.         0.01096853 0.02133832 0.0317352
  0.04160593 0.04984494 0.05812354 0.06312958 0.05801117 0.05332646
  0.05059974 0.04984837 0.04911173 0.04759787 0.04486122 0.04234193
  0.03876062 0.03462629 0.03037354 0.02940123 0.02971785 0.0300295
  0.02239744 0.01278279 0.00312884 0.00204323 0.         0.        ]
 [0.         0.         0.         0.01096853 0.02133832 0.0317352
  0.04160593 0.04984494 0.05812354 0.06312958 0.05801117 0.05332646
  0.05059974 0.04984837 0.04911173 0.04759787 0.04486122 0.04234193
  0.03876062 0.03462629 0.03037354 0.02940123 0.02971785 0.0300295
  0.02239744 0.01278279 0.00312884 0.00204323 0.         0.        ]
 [0.         0.         0.         0.00311612 0.00326175 0.00340954
  0.00341952 0.00297175 0.00251423 0.00211766 0.00188941 0.00164872
  0.00146862 0.00136136 0.00124907 0.00123139 0.00132931 0.00142642
  0.00141937 0.00138493 0.00135162 0.00143893 0.00160424 0.00176964
  0.         0.         0.         0.         0.         0.        ]
 [0.         0.         0.         0.0013626  0.00319121 0.0050594
  0.00653033 0.00689266 0.00722352 0.00741642 0.00715533 0.00690372
  0.00706912 0.00777988 0.00851129 0.00810552 0.00581414 0.00368146
  0.00257481 0.00189949 0.00119688 0.00115642 0.00142939 0.00168267
  0.         0.         0.         0.         0.         0.        ]
 [0.         0.         0.         0.0013626  0.00319121 0.0050594
  0.00653033 0.00689266 0.00722352 0.00741642 0.00715533 0.00690372
  0.00706912 0.00777988 0.00851129 0.00810552 0.00581414 0.00368146
  0.00257481 0.00189949 0.00119688 0.00115642 0.00142939 0.00168267
  0.         0.         0.         0.         0.         0.        ]
 [0.         0.         0.         0.01024138 0.02265517 0.03518589
  0.04597383 0.05161338 0.05717894 0.06089602 0.060103   0.05945452
  0.05655561 0.05030644 0.04404833 0.03950283 0.03686207 0.03416591
  0.03052019 0.02638204 0.02222507 0.01903714 0.01631034 0.01355172
  0.         0.         0.         0.         0.         0.        ]
 [0.         0.         0.         0.00534483 0.0087931  0.01234651
  0.01452804 0.01334036 0.01196193 0.01076239 0.01010361 0.00941379
  0.00872414 0.0080351  0.00732927 0.007      0.007      0.007
  0.007      0.007      0.007      0.007      0.007      0.007
  0.         0.         0.         0.         0.         0.        ]
 [0.         0.         0.         0.00141379 0.00555172 0.00979972
  0.01271893 0.01217018 0.01148276 0.0107931  0.01010345 0.00936314
  0.00900091 0.009      0.009      0.009      0.009      0.009
  0.00858843 0.00789876 0.00719013 0.007      0.007      0.007
  0.         0.         0.         0.         0.         0.        ]
 [0.         0.         0.         0.00996552 0.01962069 0.02925226
  0.03937526 0.05107259 0.06288747 0.07027217 0.06472097 0.06000157
  0.0534306  0.04444856 0.03539108 0.02910539 0.02582759 0.02237931
  0.01893103 0.01548763 0.0120026  0.0099993  0.00865517 0.00727586
  0.         0.         0.         0.         0.         0.        ]
 [0.         0.         0.         0.00050682 0.00057629 0.00064959
  0.0007402  0.00091676 0.00108996 0.00123184 0.00129    0.00135323
  0.00142734 0.00152797 0.0016233  0.00171946 0.00181224 0.00191906
  0.00194001 0.00194    0.00193838 0.0018043  0.00159258 0.00138802
  0.00115196 0.00091126 0.00066909 0.00063733 0.         0.        ]
 [0.         0.         0.         0.04265517 0.0392069  0.03572249
  0.0327637  0.03134684 0.02996552 0.02858621 0.0272069  0.02584756
  0.02417481 0.02210125 0.02000622 0.02       0.02       0.02
  0.02       0.02       0.02       0.02       0.02       0.02
  0.02       0.02       0.02       0.02       0.         0.        ]
 [0.         0.         0.         0.00050682 0.00057629 0.00064959
  0.0007402  0.00091676 0.00108996 0.00123184 0.00129    0.00135323
  0.00142734 0.00152797 0.0016233  0.00171946 0.00181224 0.00191906
  0.00194001 0.00194    0.00193838 0.0018043  0.00159258 0.00138802
  0.00115196 0.00091126 0.00066909 0.00063733 0.         0.        ]
 [0.         0.         0.         0.00050682 0.00057629 0.00064959
  0.0007402  0.00091676 0.00108996 0.00123184 0.00129    0.00135323
  0.00142734 0.00152797 0.0016233  0.00171946 0.00181224 0.00191906
  0.00194001 0.00194    0.00193838 0.0018043  0.00159258 0.00138802
  0.00115196 0.00091126 0.00066909 0.00063733 0.         0.        ]
 [0.         0.         0.         0.04865517 0.0452069  0.04173738
  0.03861064 0.03651899 0.03444828 0.03237931 0.03031034 0.02826277
  0.02589871 0.0231378  0.02031384 0.02       0.02       0.02
  0.02       0.02       0.02       0.02       0.02       0.02
  0.02       0.02       0.02       0.02       0.         0.        ]
 [0.         0.         0.         0.00050682 0.00057629 0.00064959
  0.0007402  0.00091676 0.00108996 0.00123184 0.00129    0.00135323
  0.00142734 0.00152797 0.0016233  0.00171946 0.00181224 0.00191906
  0.00194001 0.00194    0.00193838 0.0018043  0.00159258 0.00138802
  0.00115196 0.00091126 0.00066909 0.00063733 0.         0.        ]]","2D array of the thickness of the layers of the blade structure. The first dimension represents each layer, the second dimension represents each entry along blade span."
rotorse.re.precomp.layer_start_nd,intermediate,,"[[0.         0.         0.         0.         0.         0.
  0.         0.         0.         0.         0.         0.
  0.         0.         0.         0.         0.         0.
  0.         0.         0.         0.         0.         0.
  0.         0.         0.         0.         0.         0.        ]
 [0.         0.         0.         0.         0.         0.
  0.         0.         0.         0.         0.         0.
  0.         0.         0.         0.         0.         0.
  0.         0.         0.         0.         0.         0.
  0.         0.         0.         0.         0.         0.        ]
 [0.19445041 0.20130844 0.2265798  0.21195146 0.24423949 0.26240308
  0.27591132 0.28350144 0.29249689 0.29719846 0.29752394 0.29539555
  0.29050148 0.28241674 0.27207336 0.26081831 0.24869462 0.23679379
  0.22500023 0.21297439 0.20257907 0.19328873 0.18623631 0.18316605
  0.18277615 0.18066736 0.16993384 0.13438825 0.35895191 0.36786986]
 [0.69445853 0.68705429 0.64852358 0.58482113 0.58118666 0.58667843
  0.58797072 0.59281514 0.60077418 0.60468487 0.6061418  0.60720639
  0.6085447  0.61091051 0.61402451 0.61696706 0.61968672 0.620981
  0.62147774 0.62223368 0.62231315 0.62214075 0.621004   0.61779227
  0.61371905 0.60885597 0.602248   0.59304387 0.64593763 0.63918736]
 [0.49999717 0.4963172  0.47431932 0.41991694 0.4244917  0.43073989
  0.43459367 0.44232803 0.45466994 0.45953848 0.45811215 0.45655127
  0.45460498 0.45199297 0.44859036 0.4442757  0.43870961 0.43219529
  0.42535137 0.41889375 0.41313528 0.40772906 0.4028166  0.39876593
  0.49788571 0.49731282 0.49709892 0.49709891 0.49709891 0.49709891]
 [1.         1.         1.         0.95557515 0.95715061 0.95783499
  0.95849669 0.95820407 0.9578399  0.95707222 0.95553582 0.95325639
  0.95027812 0.94661225 0.94234097 0.93767601 0.93270312 0.92742367
  0.92201525 0.91670185 0.91170666 0.90711977 0.90315323 0.90005551
  1.         1.         1.         1.         1.         1.        ]
 [0.         0.         0.         0.         0.         0.
  0.         0.         0.         0.         0.         0.
  0.         0.         0.         0.         0.         0.
  0.         0.         0.         0.         0.         0.
  0.         0.         0.         0.         0.         0.        ]
 [0.         0.         0.         0.04442485 0.04284939 0.04216501
  0.04150331 0.04179593 0.0421601  0.04292778 0.04446418 0.04674361
  0.04972188 0.05338775 0.05765903 0.06232399 0.06729688 0.07257633
  0.07798475 0.08329815 0.08829334 0.09288023 0.09684677 0.09994449
  0.         0.         0.         0.         0.         0.        ]
 [0.19445041 0.20130844 0.2265798  0.30080117 0.32993827 0.3467331
  0.35891794 0.36709331 0.3768171  0.38305401 0.3864523  0.38888276
  0.38994524 0.38919224 0.38739142 0.38546629 0.38328839 0.38194645
  0.38096972 0.3795707  0.37916575 0.3790492  0.37992984 0.38305503
  0.38720305 0.39228466 0.39939663 0.40941263 0.35895191 0.36786986]
 [0.49999717 0.4963172  0.47431932 0.50876665 0.51019048 0.51506991
  0.51760029 0.5259199  0.53899015 0.54539403 0.54704051 0.55003848
  0.55404875 0.55876848 0.56390842 0.56892369 0.57330337 0.57734795
  0.58132087 0.58549006 0.58972196 0.59348953 0.59651013 0.59865492
  0.49788571 0.49731282 0.49709892 0.49709891 0.49709891 0.49709891]
 [0.69445853 0.68705429 0.64852358 0.67367084 0.66688544 0.67100846
  0.67097734 0.676407   0.68509439 0.69054042 0.69507016 0.7006936
  0.70798847 0.71768602 0.72934257 0.74161505 0.75428049 0.76613366
  0.77744724 0.78882999 0.79889983 0.80790122 0.81469753 0.81768125
  0.81814595 0.82047328 0.83171079 0.86806825 0.64593763 0.63918736]
 [0.         0.         0.         0.         0.         0.
  0.         0.         0.         0.         0.         0.
  0.         0.         0.         0.         0.         0.
  0.         0.         0.         0.         0.         0.
  0.         0.         0.         0.         0.         0.        ]
 [0.         0.         0.         0.         0.         0.
  0.         0.         0.         0.         0.         0.
  0.         0.         0.         0.         0.         0.
  0.         0.         0.         0.         0.         0.
  0.         0.         0.         0.         0.         0.        ]
 [0.         0.         0.         0.         0.         0.
  0.         0.         0.         0.         0.         0.
  0.         0.         0.         0.         0.         0.
  0.         0.         0.         0.         0.         0.
  0.         0.         0.         0.         0.         0.        ]
 [0.         0.         0.         0.         0.         0.
  0.         0.         0.         0.         0.         0.
  0.         0.         0.         0.         0.         0.
  0.         0.         0.         0.         0.         0.
  0.         0.         0.         0.         0.         0.        ]
 [0.         0.         0.         0.         0.         0.
  0.         0.         0.         0.         0.         0.
  0.         0.         0.         0.         0.         0.
  0.         0.         0.         0.         0.         0.
  0.         0.         0.         0.         0.         0.        ]
 [0.         0.         0.         0.         0.         0.
  0.         0.         0.         0.         0.         0.
  0.         0.         0.         0.         0.         0.
  0.         0.         0.         0.         0.         0.
  0.         0.         0.         0.         0.         0.        ]]","2D array of the non-dimensional start point defined along the outer profile of a layer. The TE suction side is 0, the TE pressure side is 1. The first dimension represents each layer, the second dimension represents each entry along blade span."
rotorse.re.precomp.layer_end_nd,intermediate,,"[[1.         1.         1.         1.         1.         1.
  1.         1.         1.         1.         1.         1.
  1.         1.         1.         1.         1.         1.
  1.         1.         1.         1.         1.         1.
  1.         1.         1.         1.         1.         1.        ]
 [1.         1.         1.         1.         1.         1.
  1.         1.         1.         1.         1.         1.
  1.         1.         1.         1.         1.         1.
  1.         1.         1.         1.         1.         1.
  1.         1.         1.         1.         1.         1.        ]
 [0.19445041 0.20130844 0.2265798  0.30080117 0.32993827 0.3467331
  0.35891794 0.36709331 0.3768171  0.38305401 0.3864523  0.38888276
  0.38994524 0.38919224 0.38739142 0.38546629 0.38328839 0.38194645
  0.38096972 0.3795707  0.37916575 0.3790492  0.37992984 0.38305503
  0.38720305 0.39228466 0.39939663 0.40941263 0.35895191 0.36786986]
 [0.69445853 0.68705429 0.64852358 0.67367084 0.66688544 0.67100846
  0.67097734 0.676407   0.68509439 0.69054042 0.69507016 0.7006936
  0.70798847 0.71768602 0.72934257 0.74161505 0.75428049 0.76613366
  0.77744724 0.78882999 0.79889983 0.80790122 0.81469753 0.81768125
  0.81814595 0.82047328 0.83171079 0.86806825 0.64593763 0.63918736]
 [0.49999717 0.4963172  0.47431932 0.50876665 0.51019048 0.51506991
  0.51760029 0.5259199  0.53899015 0.54539403 0.54704051 0.55003848
  0.55404875 0.55876848 0.56390842 0.56892369 0.57330337 0.57734795
  0.58132087 0.58549006 0.58972196 0.59348953 0.59651013 0.59865492
  0.49788571 0.49731282 0.49709892 0.49709891 0.49709891 0.49709891]
 [1.         1.         1.         1.         1.         1.
  1.         1.         1.         1.         1.         1.
  1.         1.         1.         1.         1.         1.
  1.         1.         1.         1.         1.         1.
  1.         1.         1.         1.         1.         1.        ]
 [0.         0.         0.         0.04442485 0.04284939 0.04216501
  0.04150331 0.04179593 0.0421601  0.04292778 0.04446418 0.04674361
  0.04972188 0.05338775 0.05765903 0.06232399 0.06729688 0.07257633
  0.07798475 0.08329815 0.08829334 0.09288023 0.09684677 0.09994449
  0.         0.         0.         0.         0.         0.        ]
 [0.19445041 0.20130844 0.2265798  0.21195146 0.24423949 0.26240308
  0.27591132 0.28350144 0.29249689 0.29719846 0.29752394 0.29539555
  0.29050148 0.28241674 0.27207336 0.26081831 0.24869462 0.23679379
  0.22500023 0.21297439 0.20257907 0.19328873 0.18623631 0.18316605
  0.18277615 0.18066736 0.16993384 0.13438825 0.35895191 0.36786986]
 [0.49999717 0.4963172  0.47431932 0.41991694 0.4244917  0.43073989
  0.43459367 0.44232803 0.45466994 0.45953848 0.45811215 0.45655127
  0.45460498 0.45199297 0.44859036 0.4442757  0.43870961 0.43219529
  0.42535137 0.41889375 0.41313528 0.40772906 0.4028166  0.39876593
  0.49788571 0.49731282 0.49709892 0.49709891 0.49709891 0.49709891]
 [0.69445853 0.68705429 0.64852358 0.58482113 0.58118666 0.58667843
  0.58797072 0.59281514 0.60077418 0.60468487 0.6061418  0.60720639
  0.6085447  0.61091051 0.61402451 0.61696706 0.61968672 0.620981
  0.62147774 0.62223368 0.62231315 0.62214075 0.621004   0.61779227
  0.61371905 0.60885597 0.602248   0.59304387 0.64593763 0.63918736]
 [1.         1.         1.         0.95557515 0.95715061 0.95783499
  0.95849669 0.95820407 0.9578399  0.95707222 0.95553582 0.95325639
  0.95027812 0.94661225 0.94234097 0.93767601 0.93270312 0.92742367
  0.92201525 0.91670185 0.91170666 0.90711977 0.90315323 0.90005551
  1.         1.         1.         1.         1.         1.        ]
 [0.         0.         0.         0.         0.         0.
  0.         0.         0.         0.         0.         0.
  0.         0.         0.         0.         0.         0.
  0.         0.         0.         0.         0.         0.
  0.         0.         0.         0.         0.         0.        ]
 [0.         0.         0.         0.         0.         0.
  0.         0.         0.         0.         0.         0.
  0.         0.         0.         0.         0.         0.
  0.         0.         0.         0.         0.         0.
  0.         0.         0.         0.         0.         0.        ]
 [0.         0.         0.         0.         0.         0.
  0.         0.         0.         0.         0.         0.
  0.         0.         0.         0.         0.         0.
  0.         0.         0.         0.         0.         0.
  0.         0.         0.         0.         0.         0.        ]
 [0.         0.         0.         0.         0.         0.
  0.         0.         0.         0.         0.         0.
  0.         0.         0.         0.         0.         0.
  0.         0.         0.         0.         0.         0.
  0.         0.         0.         0.         0.         0.        ]
 [0.         0.         0.         0.         0.         0.
  0.         0.         0.         0.         0.         0.
  0.         0.         0.         0.         0.         0.
  0.         0.         0.         0.         0.         0.
  0.         0.         0.         0.         0.         0.        ]
 [0.         0.         0.         0.         0.         0.
  0.         0.         0.         0.         0.         0.
  0.         0.         0.         0.         0.         0.
  0.         0.         0.         0.         0.         0.
  0.         0.         0.         0.         0.         0.        ]]","2D array of the non-dimensional end point defined along the outer profile of a layer. The TE suction side is 0, the TE pressure side is 1. The first dimension represents each layer, the second dimension represents each entry along blade span."
rotorse.total_bc.inner_blade_cost,intermediate,USD,[175423.97071225],Total cost (variable and fixed) for the blade inner portion.
af_3d.cl,intermediate,,"[[[[ 0.00000000e+00]]

  [[ 0.00000000e+00]]

  [[ 0.00000000e+00]]

  ...

  [[ 0.00000000e+00]]

  [[ 0.00000000e+00]]

  [[ 0.00000000e+00]]]


 [[[ 7.15569904e-05]]

  [[ 6.23768336e-03]]

  [[ 1.25964737e-02]]

  ...

  [[-1.25964737e-02]]

  [[-6.23768336e-03]]

  [[ 7.15569904e-05]]]


 [[[ 6.06785926e-04]]

  [[ 5.28940423e-02]]

  [[ 1.06895378e-01]]

  ...

  [[-1.06895378e-01]]

  [[-5.28940423e-02]]

  [[ 6.06785926e-04]]]


 ...


 [[[ 1.61056220e-03]]

  [[ 1.49675965e-01]]

  [[ 3.02327827e-01]]

  ...

  [[-2.83002022e-01]]

  [[-1.40393892e-01]]

  [[ 1.61056220e-03]]]


 [[[ 1.61056220e-03]]

  [[ 1.49675965e-01]]

  [[ 3.02327827e-01]]

  ...

  [[-2.83002022e-01]]

  [[-1.40393892e-01]]

  [[ 1.61056220e-03]]]


 [[[ 1.61056220e-03]]

  [[ 1.49675965e-01]]

  [[ 3.02327827e-01]]

  ...

  [[-2.83002022e-01]]

  [[-1.40393892e-01]]

  [[ 1.61056220e-03]]]]","4D array with the lift coefficients of the airfoils. Dimension 0 is along the blade span for n_span stations, dimension 1 is along the angles of attack, dimension 2 is along the Reynolds number, dimension 3 is along the number of tabs, which may describe multiple sets at the same station, for example in presence of a flap."
af_3d.cd,intermediate,,"[[[[0.5       ]]

  [[0.5       ]]

  [[0.5       ]]

  ...

  [[0.5       ]]

  [[0.5       ]]

  [[0.5       ]]]


 [[[0.49827287]]

  [[0.49937384]]

  [[0.49941838]]

  ...

  [[0.49941838]]

  [[0.49937384]]

  [[0.49827287]]]


 [[[0.44384458]]

  [[0.45178323]]

  [[0.45477177]]

  ...

  [[0.45477177]]

  [[0.45178323]]

  [[0.44384458]]]


 ...


 [[[0.037696  ]]

  [[0.037696  ]]

  [[0.04025918]]

  ...

  [[0.04229535]]

  [[0.0382528 ]]

  [[0.03769608]]]


 [[[0.037696  ]]

  [[0.037696  ]]

  [[0.04025918]]

  ...

  [[0.04229535]]

  [[0.0382528 ]]

  [[0.03769608]]]


 [[[0.037696  ]]

  [[0.037696  ]]

  [[0.04025918]]

  ...

  [[0.04229535]]

  [[0.0382528 ]]

  [[0.03769608]]]]","4D array with the drag coefficients of the airfoils. Dimension 0 is along the blade span for n_span stations, dimension 1 is along the angles of attack, dimension 2 is along the Reynolds number, dimension 3 is along the number of tabs, which may describe multiple sets at the same station, for example in presence of a flap."
af_3d.cm,intermediate,,"[[[[ 2.16840434e-19]]

  [[ 0.00000000e+00]]

  [[ 0.00000000e+00]]

  ...

  [[ 0.00000000e+00]]

  [[ 0.00000000e+00]]

  [[ 2.16840434e-19]]]


 [[[ 1.11539157e-04]]

  [[ 7.77837010e-03]]

  [[ 1.60285275e-02]]

  ...

  [[-2.00356594e-02]]

  [[-9.72296262e-03]]

  [[ 1.11539157e-04]]]


 [[[ 9.06500889e-04]]

  [[ 6.32163593e-02]]

  [[ 1.30267028e-01]]

  ...

  [[-1.62833785e-01]]

  [[-7.90204491e-02]]

  [[ 9.06500889e-04]]]


 ...


 [[[ 2.03767521e-01]]

  [[ 2.00000000e-01]]

  [[ 2.20799783e-01]]

  ...

  [[-3.16976160e-01]]

  [[-9.71630272e-02]]

  [[ 2.03767521e-01]]]


 [[[ 2.03767521e-01]]

  [[ 2.00000000e-01]]

  [[ 2.20799783e-01]]

  ...

  [[-3.16976160e-01]]

  [[-9.71630272e-02]]

  [[ 2.03767521e-01]]]


 [[[ 2.03767521e-01]]

  [[ 2.00000000e-01]]

  [[ 2.20799783e-01]]

  ...

  [[-3.16976160e-01]]

  [[-9.71630272e-02]]

  [[ 2.03767521e-01]]]]","4D array with the moment coefficients of the airfoils. Dimension 0 is along the blade span for n_span stations, dimension 1 is along the angles of attack, dimension 2 is along the Reynolds number, dimension 3 is along the number of tabs, which may describe multiple sets at the same station, for example in presence of a flap."
af_3d.r_blade,intermediate,m,"[ 2.          4.17241379  6.34482759  8.51724138 10.68965517 12.86206897
 15.03448276 17.20689655 19.37931034 21.55172414 23.72413793 25.89655172
 28.06896552 30.24137931 32.4137931  34.5862069  36.75862069 38.93103448
 41.10344828 43.27586207 45.44827586 47.62068966 49.79310345 51.96551724
 54.13793103 56.31034483 58.48275862 60.65517241 62.82758621 65.        ]",1D array of the dimensional spanwise grid defined along the rotor (hub radius to blade tip projected on the plane)
af_3d.rotor_radius,intermediate,m,[65.],"Scalar of the rotor radius, defined ignoring prebend and sweep curvatures, and cone and uptilt angles."
af_3d.r_thick,intermediate,,"[1.         0.98202811 0.83422093 0.63368653 0.49837466 0.4410933
 0.40369869 0.38156768 0.36543958 0.35282655 0.34201519 0.33305383
 0.32527083 0.31794207 0.31034339 0.30175064 0.291356   0.27940307
 0.26721098 0.25611482 0.24721402 0.23860966 0.23008469 0.22230017
 0.21591718 0.21159678 0.21000003 0.21       0.21       0.21      ]",1D array of the relative thicknesses of the blade defined along span.
af_3d.chord,intermediate,m,"[2.6        2.6400108  3.02068886 3.43940393 3.78632687 4.03933222
 4.20600551 4.28630928 4.29010407 4.22617877 4.10030408 3.92512419
 3.70983694 3.46870635 3.22039928 2.98486122 2.77085185 2.58013169
 2.4118525  2.26552908 2.1420721  2.04143062 1.96370352 1.90855684
 1.87089392 1.81035886 1.6705797  1.39382511 0.92204843 0.2       ]",1D array of the chord values defined along blade span.
blade.compute_coord_xy_dim.chord,intermediate,m,"[2.6        2.6400108  3.02068886 3.43940393 3.78632687 4.03933222
 4.20600551 4.28630928 4.29010407 4.22617877 4.10030408 3.92512419
 3.70983694 3.46870635 3.22039928 2.98486122 2.77085185 2.58013169
 2.4118525  2.26552908 2.1420721  2.04143062 1.96370352 1.90855684
 1.87089392 1.81035886 1.6705797  1.39382511 0.92204843 0.2       ]",1D array of the chord values defined along blade span.
blade.compute_coord_xy_dim.pitch_axis,intermediate,,"[0.5        0.4805125  0.40967346 0.35077675 0.31038066 0.28320245
 0.26462878 0.25229681 0.24475743 0.24125724 0.24097363 0.24373741
 0.24949352 0.25783338 0.26800204 0.27871542 0.28894648 0.29826385
 0.30615885 0.31213058 0.31548724 0.31753162 0.31586754 0.3097253
 0.29970862 0.28806825 0.27765471 0.27050463 0.26661986 0.25      ]","1D array of the chordwise position of the pitch axis (0-LE, 1-TE), defined along blade span."
blade.compute_coord_xy_dim.twist,intermediate,rad,"[ 0.349       0.33965701  0.32741368  0.31081014  0.27858944  0.2354309
  0.19864576  0.1686555   0.13843916  0.11106032  0.08612175  0.06571169
  0.05023676  0.03944053  0.03041456  0.02364328  0.01824169  0.01263081
  0.00691721  0.00280744 -0.00096308 -0.00441804 -0.00790973 -0.01224484
 -0.01713418 -0.02222183 -0.02894752 -0.04010525 -0.0581402  -0.081     ]",1D array of the twist values defined along blade span. The twist is defined positive for negative rotations around the z axis (the same as in BeamDyn).
blade.compute_coord_xy_dim.coord_xy_interp,intermediate,,"[[[ 1.00000000e+00  1.39471767e-15]
  [ 9.99492456e-01 -2.24148318e-02]
  [ 9.97998443e-01 -4.47793323e-02]
  ...
  [ 9.98052103e-01  4.41573285e-02]
  [ 9.99507691e-01  2.21028728e-02]
  [ 1.00000000e+00  1.39471767e-15]]

 [[ 1.00000000e+00 -3.16421773e-03]
  [ 9.99110945e-01 -2.47105921e-02]
  [ 9.97576994e-01 -4.67993845e-02]
  ...
  [ 9.97884994e-01  4.40785443e-02]
  [ 9.99371468e-01  2.18636293e-02]
  [ 1.00000000e+00 -1.46513661e-04]]

 [[ 1.00000000e+00 -1.94964271e-02]
  [ 9.96919760e-01 -3.64826078e-02]
  [ 9.94667087e-01 -5.60719522e-02]
  ...
  [ 9.96925214e-01  4.30168043e-02]
  [ 9.98589083e-01  2.09101531e-02]
  [ 1.00000000e+00 -1.10918874e-04]]

 ...

 [[ 1.00000000e+00 -1.24164223e-03]
  [ 9.76041164e-01  1.99488062e-03]
  [ 9.52121911e-01  4.75706135e-03]
  ...
  [ 9.53145851e-01  1.33087434e-02]
  [ 9.76587857e-01  7.46542749e-03]
  [ 1.00000000e+00  1.53836008e-03]]

 [[ 1.00000000e+00 -1.24164223e-03]
  [ 9.76041164e-01  1.99488062e-03]
  [ 9.52121911e-01  4.75706135e-03]
  ...
  [ 9.53145851e-01  1.33087434e-02]
  [ 9.76587857e-01  7.46542749e-03]
  [ 1.00000000e+00  1.53836008e-03]]

 [[ 1.00000000e+00 -1.24164223e-03]
  [ 9.76041164e-01  1.99488062e-03]
  [ 9.52121911e-01  4.75706135e-03]
  ...
  [ 9.53145851e-01  1.33087434e-02]
  [ 9.76587857e-01  7.46542749e-03]
  [ 1.00000000e+00  1.53836008e-03]]]",3D array of the non-dimensional x and y airfoil coordinates of the airfoils interpolated along span for n_span stations. The leading edge is place at x=0 and y=0.
blade.compute_coord_xy_dim.ref_axis,intermediate,m,"[[ 0.00000000e+00  0.00000000e+00  0.00000000e+00]
 [ 0.00000000e+00  0.00000000e+00  2.17241379e+00]
 [ 0.00000000e+00  0.00000000e+00  4.34482759e+00]
 [-3.96069335e-05  0.00000000e+00  6.51724138e+00]
 [-4.41888313e-03  0.00000000e+00  8.68965517e+00]
 [-1.47437694e-02  0.00000000e+00  1.08620690e+01]
 [-2.78568630e-02  0.00000000e+00  1.30344828e+01]
 [-4.57535116e-02  0.00000000e+00  1.52068966e+01]
 [-6.71775652e-02  0.00000000e+00  1.73793103e+01]
 [-9.31591116e-02  0.00000000e+00  1.95517241e+01]
 [-1.23411088e-01  0.00000000e+00  2.17241379e+01]
 [-1.58235516e-01  0.00000000e+00  2.38965517e+01]
 [-1.99036574e-01  0.00000000e+00  2.60689655e+01]
 [-2.45757463e-01  0.00000000e+00  2.82413793e+01]
 [-2.98408959e-01  0.00000000e+00  3.04137931e+01]
 [-3.57814145e-01  0.00000000e+00  3.25862069e+01]
 [-4.24076326e-01  0.00000000e+00  3.47586207e+01]
 [-4.98895254e-01  0.00000000e+00  3.69310345e+01]
 [-5.81761222e-01  0.00000000e+00  3.91034483e+01]
 [-6.75146021e-01  0.00000000e+00  4.12758621e+01]
 [-7.78279295e-01  0.00000000e+00  4.34482759e+01]
 [-8.93706090e-01  0.00000000e+00  4.56206897e+01]
 [-1.02166869e+00  0.00000000e+00  4.77931034e+01]
 [-1.16547581e+00  0.00000000e+00  4.99655172e+01]
 [-1.32474427e+00  0.00000000e+00  5.21379310e+01]
 [-1.50426524e+00  0.00000000e+00  5.43103448e+01]
 [-1.70625884e+00  0.00000000e+00  5.64827586e+01]
 [-1.93449304e+00  0.00000000e+00  5.86551724e+01]
 [-2.19383653e+00  0.00000000e+00  6.08275862e+01]
 [-2.50000000e+00  0.00000000e+00  6.30000000e+01]]","2D array of the coordinates (x,y,z) of the blade reference axis, defined along blade span. The coordinate system is the one of BeamDyn: it is placed at blade root with x pointing the suction side of the blade, y pointing the trailing edge and z along the blade span. A standard configuration will have negative x values (prebend), if swept positive y values, and positive z values."
blade.compute_reynolds.chord,intermediate,m,"[2.6        2.6400108  3.02068886 3.43940393 3.78632687 4.03933222
 4.20600551 4.28630928 4.29010407 4.22617877 4.10030408 3.92512419
 3.70983694 3.46870635 3.22039928 2.98486122 2.77085185 2.58013169
 2.4118525  2.26552908 2.1420721  2.04143062 1.96370352 1.90855684
 1.87089392 1.81035886 1.6705797  1.39382511 0.92204843 0.2       ]",
blade.compute_reynolds.r_blade,intermediate,m,"[ 2.          4.17241379  6.34482759  8.51724138 10.68965517 12.86206897
 15.03448276 17.20689655 19.37931034 21.55172414 23.72413793 25.89655172
 28.06896552 30.24137931 32.4137931  34.5862069  36.75862069 38.93103448
 41.10344828 43.27586207 45.44827586 47.62068966 49.79310345 51.96551724
 54.13793103 56.31034483 58.48275862 60.65517241 62.82758621 65.        ]",1D array of the dimensional spanwise grid defined along the rotor (hub radius to blade tip projected on the plane)
blade.compute_reynolds.rotor_radius,intermediate,m,[65.],"Scalar of the rotor radius, defined ignoring prebend and sweep curvatures, and cone and uptilt angles."
blade.high_level_blade_props.blade_ref_axis_user,intermediate,m,"[[ 0.00000000e+00  0.00000000e+00  0.00000000e+00]
 [ 0.00000000e+00  0.00000000e+00  2.17241379e+00]
 [ 0.00000000e+00  0.00000000e+00  4.34482759e+00]
 [-3.96069335e-05  0.00000000e+00  6.51724138e+00]
 [-4.41888313e-03  0.00000000e+00  8.68965517e+00]
 [-1.47437694e-02  0.00000000e+00  1.08620690e+01]
 [-2.78568630e-02  0.00000000e+00  1.30344828e+01]
 [-4.57535116e-02  0.00000000e+00  1.52068966e+01]
 [-6.71775652e-02  0.00000000e+00  1.73793103e+01]
 [-9.31591116e-02  0.00000000e+00  1.95517241e+01]
 [-1.23411088e-01  0.00000000e+00  2.17241379e+01]
 [-1.58235516e-01  0.00000000e+00  2.38965517e+01]
 [-1.99036574e-01  0.00000000e+00  2.60689655e+01]
 [-2.45757463e-01  0.00000000e+00  2.82413793e+01]
 [-2.98408959e-01  0.00000000e+00  3.04137931e+01]
 [-3.57814145e-01  0.00000000e+00  3.25862069e+01]
 [-4.24076326e-01  0.00000000e+00  3.47586207e+01]
 [-4.98895254e-01  0.00000000e+00  3.69310345e+01]
 [-5.81761222e-01  0.00000000e+00  3.91034483e+01]
 [-6.75146021e-01  0.00000000e+00  4.12758621e+01]
 [-7.78279295e-01  0.00000000e+00  4.34482759e+01]
 [-8.93706090e-01  0.00000000e+00  4.56206897e+01]
 [-1.02166869e+00  0.00000000e+00  4.77931034e+01]
 [-1.16547581e+00  0.00000000e+00  4.99655172e+01]
 [-1.32474427e+00  0.00000000e+00  5.21379310e+01]
 [-1.50426524e+00  0.00000000e+00  5.43103448e+01]
 [-1.70625884e+00  0.00000000e+00  5.64827586e+01]
 [-1.93449304e+00  0.00000000e+00  5.86551724e+01]
 [-2.19383653e+00  0.00000000e+00  6.08275862e+01]
 [-2.50000000e+00  0.00000000e+00  6.30000000e+01]]","2D array of the coordinates (x,y,z) of the blade reference axis, defined along blade span. The coordinate system is the one of BeamDyn: it is placed at blade root with x pointing the suction side of the blade, y pointing the trailing edge and z along the blade span. A standard configuration will have negative x values (prebend), if swept positive y values, and positive z values."
blade.high_level_blade_props.hub_radius,intermediate,m,[2.],Radius of the hub. It defines the distance of the blade root from the rotor center along the coned line.
blade.internal_structure_2d_fem.s,intermediate,,"[0.         0.03448276 0.06896552 0.10344828 0.13793103 0.17241379
 0.20689655 0.24137931 0.27586207 0.31034483 0.34482759 0.37931034
 0.4137931  0.44827586 0.48275862 0.51724138 0.55172414 0.5862069
 0.62068966 0.65517241 0.68965517 0.72413793 0.75862069 0.79310345
 0.82758621 0.86206897 0.89655172 0.93103448 0.96551724 1.        ]","1D array of the non-dimensional spanwise grid defined along blade axis (0-blade root, 1-blade tip)"
blade.internal_structure_2d_fem.coord_xy_dim,intermediate,m,"[[[ 1.30000000e+00  3.62626595e-15]
  [ 1.29868039e+00 -5.82785627e-02]
  [ 1.29479595e+00 -1.16426264e-01]
  ...
  [ 1.29493547e+00  1.14809054e-01]
  [ 1.29872000e+00  5.74674694e-02]
  [ 1.30000000e+00  3.62626595e-15]]

 [[ 1.37145261e+00 -8.35356899e-03]
  [ 1.36910549e+00 -6.52362301e-02]
  [ 1.36505585e+00 -1.23550881e-01]
  ...
  [ 1.36586897e+00  1.16367833e-01]
  [ 1.36979328e+00  5.77202177e-02]
  [ 1.37145261e+00 -3.86797649e-04]]

 [[ 1.78319279e+00 -5.88926403e-02]
  [ 1.77388835e+00 -1.10202607e-01]
  [ 1.76708372e+00 -1.69375922e-01]
  ...
  [ 1.77390482e+00  1.29940382e-01]
  [ 1.77893085e+00  6.31630667e-02]
  [ 1.78319279e+00 -3.35051408e-04]]

 ...

 [[ 1.01678897e+00 -1.73063212e-03]
  [ 9.83394543e-01  2.78051470e-03]
  [ 9.50055287e-01  6.63051156e-03]
  ...
  [ 9.51482481e-01  1.85500608e-02]
  [ 9.84156538e-01  1.04055003e-02]
  [ 1.01678897e+00  2.14420491e-03]]

 [[ 6.76212012e-01 -1.14485427e-03]
  [ 6.54120805e-01  1.83937655e-03]
  [ 6.32066095e-01  4.38624096e-03]
  ...
  [ 6.33010218e-01  1.22713060e-02]
  [ 6.54624883e-01  6.88348571e-03]
  [ 6.76212012e-01  1.41844250e-03]]

 [[ 1.50000000e-01 -2.48328447e-04]
  [ 1.45208233e-01  3.98976124e-04]
  [ 1.40424382e-01  9.51412271e-04]
  ...
  [ 1.40629170e-01  2.66174869e-03]
  [ 1.45317571e-01  1.49308550e-03]
  [ 1.50000000e-01  3.07672016e-04]]]",3D array of the dimensional x and y airfoil coordinates of the airfoils interpolated along span for n_span stations. The origin is placed at the pitch axis.
blade.internal_structure_2d_fem.twist,intermediate,rad,"[ 0.349       0.33965701  0.32741368  0.31081014  0.27858944  0.2354309
  0.19864576  0.1686555   0.13843916  0.11106032  0.08612175  0.06571169
  0.05023676  0.03944053  0.03041456  0.02364328  0.01824169  0.01263081
  0.00691721  0.00280744 -0.00096308 -0.00441804 -0.00790973 -0.01224484
 -0.01713418 -0.02222183 -0.02894752 -0.04010525 -0.0581402  -0.081     ]",1D array of the twist values defined along blade span. The twist is defined positive for negative rotations around the z axis (the same as in BeamDyn).
blade.internal_structure_2d_fem.chord,intermediate,m,"[2.6        2.6400108  3.02068886 3.43940393 3.78632687 4.03933222
 4.20600551 4.28630928 4.29010407 4.22617877 4.10030408 3.92512419
 3.70983694 3.46870635 3.22039928 2.98486122 2.77085185 2.58013169
 2.4118525  2.26552908 2.1420721  2.04143062 1.96370352 1.90855684
 1.87089392 1.81035886 1.6705797  1.39382511 0.92204843 0.2       ]",1D array of the chord values defined along blade span.
blade.internal_structure_2d_fem.pitch_axis,intermediate,,"[0.5        0.4805125  0.40967346 0.35077675 0.31038066 0.28320245
 0.26462878 0.25229681 0.24475743 0.24125724 0.24097363 0.24373741
 0.24949352 0.25783338 0.26800204 0.27871542 0.28894648 0.29826385
 0.30615885 0.31213058 0.31548724 0.31753162 0.31586754 0.3097253
 0.29970862 0.28806825 0.27765471 0.27050463 0.26661986 0.25      ]","1D array of the chordwise position of the pitch axis (0-LE, 1-TE), defined along blade span."
blade.interp_airfoils.s,intermediate,,"[0.         0.03448276 0.06896552 0.10344828 0.13793103 0.17241379
 0.20689655 0.24137931 0.27586207 0.31034483 0.34482759 0.37931034
 0.4137931  0.44827586 0.48275862 0.51724138 0.55172414 0.5862069
 0.62068966 0.65517241 0.68965517 0.72413793 0.75862069 0.79310345
 0.82758621 0.86206897 0.89655172 0.93103448 0.96551724 1.        ]","1D array of the non-dimensional spanwise grid defined along blade axis (0-blade root, 1-blade tip)"
blade.interp_airfoils.pitch_axis,intermediate,,"[0.5        0.4805125  0.40967346 0.35077675 0.31038066 0.28320245
 0.26462878 0.25229681 0.24475743 0.24125724 0.24097363 0.24373741
 0.24949352 0.25783338 0.26800204 0.27871542 0.28894648 0.29826385
 0.30615885 0.31213058 0.31548724 0.31753162 0.31586754 0.3097253
 0.29970862 0.28806825 0.27765471 0.27050463 0.26661986 0.25      ]","1D array of the chordwise position of the pitch axis (0-LE, 1-TE), defined along blade span."
blade.interp_airfoils.chord,intermediate,m,"[2.6        2.6400108  3.02068886 3.43940393 3.78632687 4.03933222
 4.20600551 4.28630928 4.29010407 4.22617877 4.10030408 3.92512419
 3.70983694 3.46870635 3.22039928 2.98486122 2.77085185 2.58013169
 2.4118525  2.26552908 2.1420721  2.04143062 1.96370352 1.90855684
 1.87089392 1.81035886 1.6705797  1.39382511 0.92204843 0.2       ]",1D array of the chord values defined along blade span.
blade.interp_airfoils.r_thick_yaml,intermediate,,"[0. 0. 0. 0. 0. 0. 0. 0. 0. 0. 0. 0. 0. 0. 0. 0. 0. 0. 0. 0. 0. 0. 0. 0.
 0. 0. 0. 0. 0. 0.]",1D array of the relative thicknesses of the blade defined along span.
blade.pa.s,intermediate,,"[0.         0.03448276 0.06896552 0.10344828 0.13793103 0.17241379
 0.20689655 0.24137931 0.27586207 0.31034483 0.34482759 0.37931034
 0.4137931  0.44827586 0.48275862 0.51724138 0.55172414 0.5862069
 0.62068966 0.65517241 0.68965517 0.72413793 0.75862069 0.79310345
 0.82758621 0.86206897 0.89655172 0.93103448 0.96551724 1.        ]","1D array of the non-dimensional spanwise grid defined along blade axis (0-blade root, 1-blade tip)"
blade.ps.s,intermediate,,"[0.         0.03448276 0.06896552 0.10344828 0.13793103 0.17241379
 0.20689655 0.24137931 0.27586207 0.31034483 0.34482759 0.37931034
 0.4137931  0.44827586 0.48275862 0.51724138 0.55172414 0.5862069
 0.62068966 0.65517241 0.68965517 0.72413793 0.75862069 0.79310345
 0.82758621 0.86206897 0.89655172 0.93103448 0.96551724 1.        ]","1D array of the non-dimensional spanwise grid defined along blade axis (0-blade root, 1-blade tip)"
high_level_tower_props.rotor_diameter,intermediate,m,[130.],Diameter of the rotor used in WISDEM. It is defined as two times the blade length plus the hub diameter.
rotorse.rp.aep.CDF_V,intermediate,m/s,"[0.11808862 0.12636796 0.1348649  0.14357155 0.15247988 0.16158175
 0.1708689  0.18033297 0.18996554 0.19975807 0.209702   0.21978869
 0.23000948 0.2403557  0.25081863 0.26138959 0.27205988 0.28282083
 0.29366382 0.30458027 0.31556164 0.32659947 0.33768538 0.34881108
 0.35996837 0.37114916 0.38234547 0.39354945 0.40475339 0.41594972
 0.427131   0.43828996 0.4494195  0.46051269 0.47156275 0.48256311
 0.49350738 0.50438934 0.515203   0.52594254 0.53660235 0.54717704
 0.55766141 0.56805048 0.57833949 0.58852387 0.59859929 0.60856163
 0.61840697 0.62813162 0.63773211 0.64720517 0.65654776 0.66575704
 0.67483038 0.68376537 0.69255979 0.70121163 0.70971909 0.71808055
 0.72629459 0.73435998 0.74227568 0.75004084 0.75765475 0.76511692
 0.77242701 0.77958483 0.78659036 0.79344375 0.80014526 0.80669534
 0.81309455 0.81934359 0.82544328 0.83139457 0.83719854 0.84285636
 0.84836931 0.85373878 0.85896626 0.86405331 0.86900158 0.87381283
 0.87848884 0.88303151 0.88744277 0.89172464 0.89587915 0.89990842
 0.90381461 0.90759989 0.91126649 0.91481668 0.91825273 0.92157695
 0.92479166 0.92789921 0.93090195 0.93380222 0.93660241 0.93930487
 0.94191195 0.94442603 0.94684943 0.94918451 0.95143358 0.95359894
 0.95568289 0.95768769 0.95961558 0.96146878 0.96324949 0.96495986
 0.96660203 0.96817811 0.96969015 0.9711402  0.97253026 0.97386228
 0.9751382  0.97635991 0.97752925 0.97864804 0.97971805 0.98074101
 0.98171862 0.98265253 0.98354434 0.98439563 0.98520794 0.98598274
 0.98672149 0.9874256  0.98809644 0.98873533 0.98934357 0.98992241
 0.99047306 0.99099669 0.99149445 0.99196743 0.9924167  0.99284328
 0.99324817 0.99363233 0.99399667 0.99434211 0.99466948 0.99497963
 0.99527335 0.9955514  0.99581452 0.99606342 0.99629879 0.99652127
 0.99673149 0.99693006 0.99711755 0.99729451 0.99746147 0.99761894
 0.99776741 0.99790733 0.99803915 0.9981633  0.99828017 0.99839016
 0.99849362 0.99859092 0.99868238 0.99876833 0.99884906 0.99892487
 0.99899603 0.9990628  0.99912542 0.99918414 0.99923918 0.99929075
 0.99933904 0.99938426 0.99942658 0.99946618 0.99950321 0.99953783
 0.99957018 0.9996004  0.99962863 0.99965498 0.99967957 0.99970251
 0.9997239  0.99974384 0.99976242 0.99977973 0.99979585 0.99981085
 0.99982481 0.99983779]",cumulative distribution function evaluated at each wind speed
rotorse.rp.aep.P,intermediate,W,"[  84523.20933578   93593.77180538  103890.31346241  115332.63205704
  127840.52533946  141333.79105985  155732.22696837  170955.6308152
  186923.80035053  203556.53332453  220773.62748737  238494.88058924
  256811.81467127  276679.91112347  298145.95243625  321073.82554166
  345327.41737174  370770.61485853  397267.30493408  424681.37453043
  452876.71057964  481737.31235939  512118.81531485  544382.07222773
  578316.36117294  613710.96022539  650355.14745998  688038.2009516
  726567.6292218   766852.96337346  809185.78642403  853130.94632673
  898253.29103479  944511.82545149  993013.43771115 1042859.4713817
 1094540.18054354 1147457.5436489  1202495.48224441 1259393.37689861
 1317697.48794998 1377622.69233098 1439383.86697408 1503195.88881174
 1569118.30016947 1636784.57498117 1706226.83487211 1777515.29438368
 1850720.16805726 1925911.67043422 2003160.01605596 2082535.41946386
 2164017.42533069 2247512.43331658 2333071.79259089 2420749.37616724
 2510599.05705927 2602674.70828062 2697030.20284491 2793719.41376578
 2892796.21405687 2994314.47673181 3117649.16516531 3265091.82726269
 3362117.37784035 3370000.05471349 3370000.1193611  3370000.16708517
 3370000.20191726 3370000.22788889 3370000.24903164 3370000.26937704
 3370000.29295665 3370000.32380201 3370000.36487587 3370000.4132742
 3370000.46710522 3370000.52484813 3370000.58498215 3370000.64598647
 3370000.7063403  3370000.76452284 3370000.81901331 3370000.86829091
 3370000.91083484 3370000.94512431 3370000.96963852 3370000.98285668
 3370000.98242976 3370000.9626482  3370000.92496418 3370000.87212168
 3370000.80686471 3370000.73193725 3370000.65008328 3370000.56404681
 3370000.47657181 3370000.39040228 3370000.3082822  3370000.23295557
 3370000.16716637 3370000.1136586  3370000.07517624 3370000.05446328
 3370000.0499479  3370000.04733087 3370000.04515683 3370000.04336267
 3370000.0418853  3370000.04066163 3370000.03962855 3370000.03872296
 3370000.03788178 3370000.0370419  3370000.03614022 3370000.03511365
 3370000.03389909 3370000.03243344 3370000.03065361 3370000.02849649
 3370000.02589899 3370000.01809621 3369999.94405003 3369999.78781518
 3369999.55299577 3369999.24319589 3369998.86201966 3369998.41307118
 3369997.89995457 3369997.32627393 3369996.69563336 3369996.01163698
 3369995.27788889 3369994.4979932  3369993.67555401 3369992.81417545
 3369991.9174616  3369990.98901659 3369990.03244451 3369989.05134948
 3369987.82136459 3369985.95673246 3369983.5252645  3369980.60533563
 3369977.27532077 3369973.61359484 3369969.69853275 3369965.60850943
 3369961.42189979 3369957.21707875 3369953.07242123 3369949.06630216
 3369945.27709643 3369941.78317899 3369938.66292474 3369935.9947086
 3369933.85690549 3369932.32789034 3369931.48603805 3369931.41111438
 3369932.14217378 3369933.6110756  3369935.73709501 3369938.43950718
 3369941.63758726 3369945.25061041 3369949.19785181 3369953.3985866
 3369957.77208995 3369962.23763703 3369966.71450299 3369971.121963
 3369975.37929222 3369979.40576581 3369983.12065893 3369986.44324675
 3369989.29280442 3369991.58860711 3369993.24992998 3369994.2441385
 3369995.06493083 3369995.86085434 3369996.63004664 3369997.37064535
 3369998.08078808 3369998.75861244 3369999.40225605 3370000.00985652
 3370000.57955147 3370001.10947851 3370001.59777525 3370002.04257931
 3370002.44202829 3370002.79425982 3370003.09741151 3370003.34962097
 3370003.54902582 3370003.69376366 3370003.78197211 3370003.8117888 ]",power curve (power)
rotorse.rp.cdf.x,intermediate,m/s,"[ 3.          3.11055276  3.22110553  3.33165829  3.44221106  3.55276382
  3.66331658  3.77386935  3.88442211  3.99497487  4.10552764  4.2160804
  4.32663317  4.43718593  4.54773869  4.65829146  4.76884422  4.87939698
  4.98994975  5.10050251  5.21105528  5.32160804  5.4321608   5.54271357
  5.65326633  5.7638191   5.87437186  5.98492462  6.09547739  6.20603015
  6.31658291  6.42713568  6.53768844  6.64824121  6.75879397  6.86934673
  6.9798995   7.09045226  7.20100503  7.31155779  7.42211055  7.53266332
  7.64321608  7.75376884  7.86432161  7.97487437  8.08542714  8.1959799
  8.30653266  8.41708543  8.52763819  8.63819095  8.74874372  8.85929648
  8.96984925  9.08040201  9.19095477  9.30150754  9.4120603   9.52261307
  9.63316583  9.74371859  9.85427136  9.96482412 10.07537688 10.18592965
 10.29648241 10.40703518 10.51758794 10.6281407  10.73869347 10.84924623
 10.95979899 11.07035176 11.18090452 11.29145729 11.40201005 11.51256281
 11.62311558 11.73366834 11.84422111 11.95477387 12.06532663 12.1758794
 12.28643216 12.39698492 12.50753769 12.61809045 12.72864322 12.83919598
 12.94974874 13.06030151 13.17085427 13.28140704 13.3919598  13.50251256
 13.61306533 13.72361809 13.83417085 13.94472362 14.05527638 14.16582915
 14.27638191 14.38693467 14.49748744 14.6080402  14.71859296 14.82914573
 14.93969849 15.05025126 15.16080402 15.27135678 15.38190955 15.49246231
 15.60301508 15.71356784 15.8241206  15.93467337 16.04522613 16.15577889
 16.26633166 16.37688442 16.48743719 16.59798995 16.70854271 16.81909548
 16.92964824 17.04020101 17.15075377 17.26130653 17.3718593  17.48241206
 17.59296482 17.70351759 17.81407035 17.92462312 18.03517588 18.14572864
 18.25628141 18.36683417 18.47738693 18.5879397  18.69849246 18.80904523
 18.91959799 19.03015075 19.14070352 19.25125628 19.36180905 19.47236181
 19.58291457 19.69346734 19.8040201  19.91457286 20.02512563 20.13567839
 20.24623116 20.35678392 20.46733668 20.57788945 20.68844221 20.79899497
 20.90954774 21.0201005  21.13065327 21.24120603 21.35175879 21.46231156
 21.57286432 21.68341709 21.79396985 21.90452261 22.01507538 22.12562814
 22.2361809  22.34673367 22.45728643 22.5678392  22.67839196 22.78894472
 22.89949749 23.01005025 23.12060302 23.23115578 23.34170854 23.45226131
 23.56281407 23.67336683 23.7839196  23.89447236 24.00502513 24.11557789
 24.22613065 24.33668342 24.44723618 24.55778894 24.66834171 24.77889447
 24.88944724 25.        ]",corresponding reference height
rotorse.rp.cdf.xbar,intermediate,m/s,[7.5],mean value of distribution
rotorse.rp.gust.V_mean,intermediate,m/s,[7.5],IEC average wind speed for turbine class
rotorse.rp.gust.V_hub,intermediate,m/s,[10.11195283],hub height wind speed
rotorse.rp.powercurve.V,output,m/s,"[ 3.          4.27204607  5.30403148  6.08010611  6.58835037  6.82095822
  6.86755938  7.1926538   7.79124841  8.6541495   9.76810389 10.11195283
 11.11600255 12.67714331 14.42754887 16.34033501 18.38612357 20.5334936
 22.74946399 25.        ]",wind vector
rotorse.rp.powercurve.Omega,output,rpm,"[ 3.53362635  5.03193819  6.24748846  7.16160772  7.76025616  8.03423923
  8.08912959  8.47205033  9.17712023 10.19351023 11.50560976 11.75298041
 11.75298041 11.75298041 11.75298041 11.75298041 11.75298041 11.75298041
 11.75298041 11.75298041]",rotor rotational speed
rotorse.rp.powercurve.P,output,W,"[  84523.20933578  247632.66584029  477094.36014247  721153.05116659
  919205.2576373  1020807.09715996 1042029.17615845 1198248.46555334
 1525332.94505254 2094173.26878355 3017041.00710416 3370000.
 3370000.33960458 3370000.98476244 3370000.05186087 3370000.0238828
 3369988.87792168 3369931.34336781 3369993.94534433 3370003.8117888 ]",rotor electrical power
rotorse.rs.aero_gust.V_load,intermediate,m/s,[20.20462919],
rotorse.rs.Omega_load,intermediate,rpm,[11.75298041],
rotorse.rs.pitch_load,intermediate,deg,[0.85810435],
rotorse.rs.aero_hub_loads.V_load,intermediate,m/s,[20.20462919],
rotorse.rs.brs.rootD,intermediate,m,[2.6],Blade root outer diameter / Chord at blade span station 0
rotorse.rs.brs.layer_thickness,intermediate,m,"[[0.0005     0.0005     0.0005     0.0005     0.0005     0.0005
  0.0005     0.0005     0.0005     0.0005     0.0005     0.0005
  0.0005     0.0005     0.0005     0.0005     0.0005     0.0005
  0.0005     0.0005     0.0005     0.0005     0.0005     0.0005
  0.0005     0.0005     0.0005     0.0005     0.0005     0.0005    ]
 [0.065      0.04800279 0.033292   0.01926887 0.01406293 0.00856717
  0.00422099 0.00311171 0.0020769  0.00134756 0.001293   0.00124203
  0.00117458 0.00110339 0.00103293 0.001      0.001      0.001
  0.001      0.001      0.00100013 0.00102217 0.00105827 0.00108623
  0.00106675 0.00103848 0.00100343 0.001      0.001      0.001     ]
 [0.         0.         0.         0.01096853 0.02133832 0.0317352
  0.04160593 0.04984494 0.05812354 0.06312958 0.05801117 0.05332646
  0.05059974 0.04984837 0.04911173 0.04759787 0.04486122 0.04234193
  0.03876062 0.03462629 0.03037354 0.02940123 0.02971785 0.0300295
  0.02239744 0.01278279 0.00312884 0.00204323 0.         0.        ]
 [0.         0.         0.         0.01096853 0.02133832 0.0317352
  0.04160593 0.04984494 0.05812354 0.06312958 0.05801117 0.05332646
  0.05059974 0.04984837 0.04911173 0.04759787 0.04486122 0.04234193
  0.03876062 0.03462629 0.03037354 0.02940123 0.02971785 0.0300295
  0.02239744 0.01278279 0.00312884 0.00204323 0.         0.        ]
 [0.         0.         0.         0.00311612 0.00326175 0.00340954
  0.00341952 0.00297175 0.00251423 0.00211766 0.00188941 0.00164872
  0.00146862 0.00136136 0.00124907 0.00123139 0.00132931 0.00142642
  0.00141937 0.00138493 0.00135162 0.00143893 0.00160424 0.00176964
  0.         0.         0.         0.         0.         0.        ]
 [0.         0.         0.         0.0013626  0.00319121 0.0050594
  0.00653033 0.00689266 0.00722352 0.00741642 0.00715533 0.00690372
  0.00706912 0.00777988 0.00851129 0.00810552 0.00581414 0.00368146
  0.00257481 0.00189949 0.00119688 0.00115642 0.00142939 0.00168267
  0.         0.         0.         0.         0.         0.        ]
 [0.         0.         0.         0.0013626  0.00319121 0.0050594
  0.00653033 0.00689266 0.00722352 0.00741642 0.00715533 0.00690372
  0.00706912 0.00777988 0.00851129 0.00810552 0.00581414 0.00368146
  0.00257481 0.00189949 0.00119688 0.00115642 0.00142939 0.00168267
  0.         0.         0.         0.         0.         0.        ]
 [0.         0.         0.         0.01024138 0.02265517 0.03518589
  0.04597383 0.05161338 0.05717894 0.06089602 0.060103   0.05945452
  0.05655561 0.05030644 0.04404833 0.03950283 0.03686207 0.03416591
  0.03052019 0.02638204 0.02222507 0.01903714 0.01631034 0.01355172
  0.         0.         0.         0.         0.         0.        ]
 [0.         0.         0.         0.00534483 0.0087931  0.01234651
  0.01452804 0.01334036 0.01196193 0.01076239 0.01010361 0.00941379
  0.00872414 0.0080351  0.00732927 0.007      0.007      0.007
  0.007      0.007      0.007      0.007      0.007      0.007
  0.         0.         0.         0.         0.         0.        ]
 [0.         0.         0.         0.00141379 0.00555172 0.00979972
  0.01271893 0.01217018 0.01148276 0.0107931  0.01010345 0.00936314
  0.00900091 0.009      0.009      0.009      0.009      0.009
  0.00858843 0.00789876 0.00719013 0.007      0.007      0.007
  0.         0.         0.         0.         0.         0.        ]
 [0.         0.         0.         0.00996552 0.01962069 0.02925226
  0.03937526 0.05107259 0.06288747 0.07027217 0.06472097 0.06000157
  0.0534306  0.04444856 0.03539108 0.02910539 0.02582759 0.02237931
  0.01893103 0.01548763 0.0120026  0.0099993  0.00865517 0.00727586
  0.         0.         0.         0.         0.         0.        ]
 [0.         0.         0.         0.00050682 0.00057629 0.00064959
  0.0007402  0.00091676 0.00108996 0.00123184 0.00129    0.00135323
  0.00142734 0.00152797 0.0016233  0.00171946 0.00181224 0.00191906
  0.00194001 0.00194    0.00193838 0.0018043  0.00159258 0.00138802
  0.00115196 0.00091126 0.00066909 0.00063733 0.         0.        ]
 [0.         0.         0.         0.04265517 0.0392069  0.03572249
  0.0327637  0.03134684 0.02996552 0.02858621 0.0272069  0.02584756
  0.02417481 0.02210125 0.02000622 0.02       0.02       0.02
  0.02       0.02       0.02       0.02       0.02       0.02
  0.02       0.02       0.02       0.02       0.         0.        ]
 [0.         0.         0.         0.00050682 0.00057629 0.00064959
  0.0007402  0.00091676 0.00108996 0.00123184 0.00129    0.00135323
  0.00142734 0.00152797 0.0016233  0.00171946 0.00181224 0.00191906
  0.00194001 0.00194    0.00193838 0.0018043  0.00159258 0.00138802
  0.00115196 0.00091126 0.00066909 0.00063733 0.         0.        ]
 [0.         0.         0.         0.00050682 0.00057629 0.00064959
  0.0007402  0.00091676 0.00108996 0.00123184 0.00129    0.00135323
  0.00142734 0.00152797 0.0016233  0.00171946 0.00181224 0.00191906
  0.00194001 0.00194    0.00193838 0.0018043  0.00159258 0.00138802
  0.00115196 0.00091126 0.00066909 0.00063733 0.         0.        ]
 [0.         0.         0.         0.04865517 0.0452069  0.04173738
  0.03861064 0.03651899 0.03444828 0.03237931 0.03031034 0.02826277
  0.02589871 0.0231378  0.02031384 0.02       0.02       0.02
  0.02       0.02       0.02       0.02       0.02       0.02
  0.02       0.02       0.02       0.02       0.         0.        ]
 [0.         0.         0.         0.00050682 0.00057629 0.00064959
  0.0007402  0.00091676 0.00108996 0.00123184 0.00129    0.00135323
  0.00142734 0.00152797 0.0016233  0.00171946 0.00181224 0.00191906
  0.00194001 0.00194    0.00193838 0.0018043  0.00159258 0.00138802
  0.00115196 0.00091126 0.00066909 0.00063733 0.         0.        ]]","2D array of the thickness of the layers of the blade structure. The first dimension represents each layer, the second dimension represents each entry along blade span."
rotorse.rs.brs.layer_start_nd,intermediate,,"[[0.         0.         0.         0.         0.         0.
  0.         0.         0.         0.         0.         0.
  0.         0.         0.         0.         0.         0.
  0.         0.         0.         0.         0.         0.
  0.         0.         0.         0.         0.         0.        ]
 [0.         0.         0.         0.         0.         0.
  0.         0.         0.         0.         0.         0.
  0.         0.         0.         0.         0.         0.
  0.         0.         0.         0.         0.         0.
  0.         0.         0.         0.         0.         0.        ]
 [0.19445041 0.20130844 0.2265798  0.21195146 0.24423949 0.26240308
  0.27591132 0.28350144 0.29249689 0.29719846 0.29752394 0.29539555
  0.29050148 0.28241674 0.27207336 0.26081831 0.24869462 0.23679379
  0.22500023 0.21297439 0.20257907 0.19328873 0.18623631 0.18316605
  0.18277615 0.18066736 0.16993384 0.13438825 0.35895191 0.36786986]
 [0.69445853 0.68705429 0.64852358 0.58482113 0.58118666 0.58667843
  0.58797072 0.59281514 0.60077418 0.60468487 0.6061418  0.60720639
  0.6085447  0.61091051 0.61402451 0.61696706 0.61968672 0.620981
  0.62147774 0.62223368 0.62231315 0.62214075 0.621004   0.61779227
  0.61371905 0.60885597 0.602248   0.59304387 0.64593763 0.63918736]
 [0.49999717 0.4963172  0.47431932 0.41991694 0.4244917  0.43073989
  0.43459367 0.44232803 0.45466994 0.45953848 0.45811215 0.45655127
  0.45460498 0.45199297 0.44859036 0.4442757  0.43870961 0.43219529
  0.42535137 0.41889375 0.41313528 0.40772906 0.4028166  0.39876593
  0.49788571 0.49731282 0.49709892 0.49709891 0.49709891 0.49709891]
 [1.         1.         1.         0.95557515 0.95715061 0.95783499
  0.95849669 0.95820407 0.9578399  0.95707222 0.95553582 0.95325639
  0.95027812 0.94661225 0.94234097 0.93767601 0.93270312 0.92742367
  0.92201525 0.91670185 0.91170666 0.90711977 0.90315323 0.90005551
  1.         1.         1.         1.         1.         1.        ]
 [0.         0.         0.         0.         0.         0.
  0.         0.         0.         0.         0.         0.
  0.         0.         0.         0.         0.         0.
  0.         0.         0.         0.         0.         0.
  0.         0.         0.         0.         0.         0.        ]
 [0.         0.         0.         0.04442485 0.04284939 0.04216501
  0.04150331 0.04179593 0.0421601  0.04292778 0.04446418 0.04674361
  0.04972188 0.05338775 0.05765903 0.06232399 0.06729688 0.07257633
  0.07798475 0.08329815 0.08829334 0.09288023 0.09684677 0.09994449
  0.         0.         0.         0.         0.         0.        ]
 [0.19445041 0.20130844 0.2265798  0.30080117 0.32993827 0.3467331
  0.35891794 0.36709331 0.3768171  0.38305401 0.3864523  0.38888276
  0.38994524 0.38919224 0.38739142 0.38546629 0.38328839 0.38194645
  0.38096972 0.3795707  0.37916575 0.3790492  0.37992984 0.38305503
  0.38720305 0.39228466 0.39939663 0.40941263 0.35895191 0.36786986]
 [0.49999717 0.4963172  0.47431932 0.50876665 0.51019048 0.51506991
  0.51760029 0.5259199  0.53899015 0.54539403 0.54704051 0.55003848
  0.55404875 0.55876848 0.56390842 0.56892369 0.57330337 0.57734795
  0.58132087 0.58549006 0.58972196 0.59348953 0.59651013 0.59865492
  0.49788571 0.49731282 0.49709892 0.49709891 0.49709891 0.49709891]
 [0.69445853 0.68705429 0.64852358 0.67367084 0.66688544 0.67100846
  0.67097734 0.676407   0.68509439 0.69054042 0.69507016 0.7006936
  0.70798847 0.71768602 0.72934257 0.74161505 0.75428049 0.76613366
  0.77744724 0.78882999 0.79889983 0.80790122 0.81469753 0.81768125
  0.81814595 0.82047328 0.83171079 0.86806825 0.64593763 0.63918736]
 [0.         0.         0.         0.         0.         0.
  0.         0.         0.         0.         0.         0.
  0.         0.         0.         0.         0.         0.
  0.         0.         0.         0.         0.         0.
  0.         0.         0.         0.         0.         0.        ]
 [0.         0.         0.         0.         0.         0.
  0.         0.         0.         0.         0.         0.
  0.         0.         0.         0.         0.         0.
  0.         0.         0.         0.         0.         0.
  0.         0.         0.         0.         0.         0.        ]
 [0.         0.         0.         0.         0.         0.
  0.         0.         0.         0.         0.         0.
  0.         0.         0.         0.         0.         0.
  0.         0.         0.         0.         0.         0.
  0.         0.         0.         0.         0.         0.        ]
 [0.         0.         0.         0.         0.         0.
  0.         0.         0.         0.         0.         0.
  0.         0.         0.         0.         0.         0.
  0.         0.         0.         0.         0.         0.
  0.         0.         0.         0.         0.         0.        ]
 [0.         0.         0.         0.         0.         0.
  0.         0.         0.         0.         0.         0.
  0.         0.         0.         0.         0.         0.
  0.         0.         0.         0.         0.         0.
  0.         0.         0.         0.         0.         0.        ]
 [0.         0.         0.         0.         0.         0.
  0.         0.         0.         0.         0.         0.
  0.         0.         0.         0.         0.         0.
  0.         0.         0.         0.         0.         0.
  0.         0.         0.         0.         0.         0.        ]]","2D array of the non-dimensional start point defined along the outer profile of a layer. The TE suction side is 0, the TE pressure side is 1. The first dimension represents each layer, the second dimension represents each entry along blade span."
rotorse.rs.brs.layer_end_nd,intermediate,,"[[1.         1.         1.         1.         1.         1.
  1.         1.         1.         1.         1.         1.
  1.         1.         1.         1.         1.         1.
  1.         1.         1.         1.         1.         1.
  1.         1.         1.         1.         1.         1.        ]
 [1.         1.         1.         1.         1.         1.
  1.         1.         1.         1.         1.         1.
  1.         1.         1.         1.         1.         1.
  1.         1.         1.         1.         1.         1.
  1.         1.         1.         1.         1.         1.        ]
 [0.19445041 0.20130844 0.2265798  0.30080117 0.32993827 0.3467331
  0.35891794 0.36709331 0.3768171  0.38305401 0.3864523  0.38888276
  0.38994524 0.38919224 0.38739142 0.38546629 0.38328839 0.38194645
  0.38096972 0.3795707  0.37916575 0.3790492  0.37992984 0.38305503
  0.38720305 0.39228466 0.39939663 0.40941263 0.35895191 0.36786986]
 [0.69445853 0.68705429 0.64852358 0.67367084 0.66688544 0.67100846
  0.67097734 0.676407   0.68509439 0.69054042 0.69507016 0.7006936
  0.70798847 0.71768602 0.72934257 0.74161505 0.75428049 0.76613366
  0.77744724 0.78882999 0.79889983 0.80790122 0.81469753 0.81768125
  0.81814595 0.82047328 0.83171079 0.86806825 0.64593763 0.63918736]
 [0.49999717 0.4963172  0.47431932 0.50876665 0.51019048 0.51506991
  0.51760029 0.5259199  0.53899015 0.54539403 0.54704051 0.55003848
  0.55404875 0.55876848 0.56390842 0.56892369 0.57330337 0.57734795
  0.58132087 0.58549006 0.58972196 0.59348953 0.59651013 0.59865492
  0.49788571 0.49731282 0.49709892 0.49709891 0.49709891 0.49709891]
 [1.         1.         1.         1.         1.         1.
  1.         1.         1.         1.         1.         1.
  1.         1.         1.         1.         1.         1.
  1.         1.         1.         1.         1.         1.
  1.         1.         1.         1.         1.         1.        ]
 [0.         0.         0.         0.04442485 0.04284939 0.04216501
  0.04150331 0.04179593 0.0421601  0.04292778 0.04446418 0.04674361
  0.04972188 0.05338775 0.05765903 0.06232399 0.06729688 0.07257633
  0.07798475 0.08329815 0.08829334 0.09288023 0.09684677 0.09994449
  0.         0.         0.         0.         0.         0.        ]
 [0.19445041 0.20130844 0.2265798  0.21195146 0.24423949 0.26240308
  0.27591132 0.28350144 0.29249689 0.29719846 0.29752394 0.29539555
  0.29050148 0.28241674 0.27207336 0.26081831 0.24869462 0.23679379
  0.22500023 0.21297439 0.20257907 0.19328873 0.18623631 0.18316605
  0.18277615 0.18066736 0.16993384 0.13438825 0.35895191 0.36786986]
 [0.49999717 0.4963172  0.47431932 0.41991694 0.4244917  0.43073989
  0.43459367 0.44232803 0.45466994 0.45953848 0.45811215 0.45655127
  0.45460498 0.45199297 0.44859036 0.4442757  0.43870961 0.43219529
  0.42535137 0.41889375 0.41313528 0.40772906 0.4028166  0.39876593
  0.49788571 0.49731282 0.49709892 0.49709891 0.49709891 0.49709891]
 [0.69445853 0.68705429 0.64852358 0.58482113 0.58118666 0.58667843
  0.58797072 0.59281514 0.60077418 0.60468487 0.6061418  0.60720639
  0.6085447  0.61091051 0.61402451 0.61696706 0.61968672 0.620981
  0.62147774 0.62223368 0.62231315 0.62214075 0.621004   0.61779227
  0.61371905 0.60885597 0.602248   0.59304387 0.64593763 0.63918736]
 [1.         1.         1.         0.95557515 0.95715061 0.95783499
  0.95849669 0.95820407 0.9578399  0.95707222 0.95553582 0.95325639
  0.95027812 0.94661225 0.94234097 0.93767601 0.93270312 0.92742367
  0.92201525 0.91670185 0.91170666 0.90711977 0.90315323 0.90005551
  1.         1.         1.         1.         1.         1.        ]
 [0.         0.         0.         0.         0.         0.
  0.         0.         0.         0.         0.         0.
  0.         0.         0.         0.         0.         0.
  0.         0.         0.         0.         0.         0.
  0.         0.         0.         0.         0.         0.        ]
 [0.         0.         0.         0.         0.         0.
  0.         0.         0.         0.         0.         0.
  0.         0.         0.         0.         0.         0.
  0.         0.         0.         0.         0.         0.
  0.         0.         0.         0.         0.         0.        ]
 [0.         0.         0.         0.         0.         0.
  0.         0.         0.         0.         0.         0.
  0.         0.         0.         0.         0.         0.
  0.         0.         0.         0.         0.         0.
  0.         0.         0.         0.         0.         0.        ]
 [0.         0.         0.         0.         0.         0.
  0.         0.         0.         0.         0.         0.
  0.         0.         0.         0.         0.         0.
  0.         0.         0.         0.         0.         0.
  0.         0.         0.         0.         0.         0.        ]
 [0.         0.         0.         0.         0.         0.
  0.         0.         0.         0.         0.         0.
  0.         0.         0.         0.         0.         0.
  0.         0.         0.         0.         0.         0.
  0.         0.         0.         0.         0.         0.        ]
 [0.         0.         0.         0.         0.         0.
  0.         0.         0.         0.         0.         0.
  0.         0.         0.         0.         0.         0.
  0.         0.         0.         0.         0.         0.
  0.         0.         0.         0.         0.         0.        ]]","2D array of the non-dimensional end point defined along the outer profile of a layer. The TE suction side is 0, the TE pressure side is 1. The first dimension represents each layer, the second dimension represents each entry along blade span."
rotorse.rs.brs.root_M,intermediate,N*m,[  1816684.65409574 -10645513.15037034        -0.        ],Blade root moment in blade c.s.
rotorse.rs.constr.strainU_spar,intermediate,,"[ 2.95014801e-04  2.38306314e-04  4.96222452e-04 -3.10350528e-03
 -3.12425800e-03 -3.13414607e-03 -2.98567971e-03 -2.57462159e-03
 -2.21851079e-03 -2.00119029e-03 -2.07705916e-03 -2.19663384e-03
 -2.25651379e-03 -2.23821884e-03 -2.21780998e-03 -2.21280471e-03
 -2.24261977e-03 -2.27729309e-03 -2.36738562e-03 -2.45699335e-03
 -2.47784000e-03 -2.21702158e-03 -1.82521286e-03 -1.40071725e-03
 -1.27283052e-03 -1.30060280e-03 -2.39702055e-03 -1.54340756e-03
  1.35404790e-04 -1.45722599e-06]","strain in spar cap on upper surface at location xu,yu_strain with loads P_strain"
rotorse.rs.constr.strainL_spar,intermediate,,"[ 2.95014801e-04  2.38306314e-04  4.96222452e-04  2.50655759e-03
  2.64096148e-03  2.70367130e-03  2.60341408e-03  2.25076806e-03
  1.93641677e-03  1.77209005e-03  1.89041285e-03  2.00725428e-03
  2.07369735e-03  2.06699174e-03  2.04711012e-03  2.05109980e-03
  2.09898204e-03  2.16095218e-03  2.26326085e-03  2.34577675e-03
  2.36992801e-03  2.12176130e-03  1.74360985e-03  1.33566178e-03
  1.22046579e-03  1.24327023e-03  2.25504750e-03  1.44368220e-03
  1.35404790e-04 -1.45722599e-06]","strain in spar cap on lower surface at location xl,yl_strain with loads P_strain"
rotorse.rs.constr.strainU_te,intermediate,,"[ 2.95014801e-04  2.38306314e-04  4.96222452e-04 -1.57111402e-03
 -1.59198547e-03 -8.75274137e-04 -3.25897423e-04  1.34488737e-04
  5.07361394e-04  5.43474409e-04  2.65767583e-04  3.10024470e-04
  3.12775831e-04  2.75344363e-04  2.25275444e-04  2.21799896e-04
  3.12570269e-04  4.25212624e-04  4.52518568e-04  5.09959562e-04
  5.60493491e-04  4.61420249e-04  3.40698039e-04  2.46226946e-04
 -2.46784515e-04 -1.47402965e-04 -2.51147177e-05  1.22372204e-05
  1.35404790e-04 -1.45722599e-06]","strain in trailing edge on upper surface at location xu,yu_strain with loads P_strain"
rotorse.rs.constr.strainL_te,intermediate,,"[ 2.95014801e-04  2.38306314e-04  4.96222452e-04  6.16070815e-04
  8.29270691e-04  1.25171846e-03  1.45222133e-03  1.15248413e-03
  9.46022342e-04  7.44019138e-04  4.88713190e-04  5.74832895e-04
  6.12989928e-04  6.00351364e-04  5.75007611e-04  5.94893547e-04
  7.06395125e-04  8.13288218e-04  8.28369493e-04  8.83051419e-04
  9.53978330e-04  8.34493271e-04  6.61122005e-04  4.99265948e-04
 -2.46784515e-04 -1.47402965e-04 -2.51147177e-05  1.22372204e-05
  1.35404790e-04 -1.45722599e-06]","strain in trailing edge on lower surface at location xl,yl_strain with loads P_strain"
rotorse.s,intermediate,,"[0.         0.03448276 0.06896552 0.10344828 0.13793103 0.17241379
 0.20689655 0.24137931 0.27586207 0.31034483 0.34482759 0.37931034
 0.4137931  0.44827586 0.48275862 0.51724138 0.55172414 0.5862069
 0.62068966 0.65517241 0.68965517 0.72413793 0.75862069 0.79310345
 0.82758621 0.86206897 0.89655172 0.93103448 0.96551724 1.        ]","1D array of the non-dimensional spanwise grid defined along blade axis (0-blade root, 1-blade tip)"
rotorse.rs.constr.rated_Omega,intermediate,rpm,[11.75298041],rotor rotation speed at rated
rotorse.rs.constr.flap_mode_freqs,intermediate,Hz,[ 0.79749577  2.36111356  5.11486708  8.27038305 11.99508039],Frequencies associated with mode shapes in the flap direction
rotorse.rs.constr.edge_mode_freqs,intermediate,Hz,[ 1.05075937  3.21708548  7.38492383 12.83909009 19.42260945],Frequencies associated with mode shapes in the edge direction
rotorse.rs.constr.tors_mode_freqs,intermediate,Hz,[24.37638015  0.          0.          0.          0.        ],Frequencies associated with mode shapes in the torsional direction
rotorse.blade_span_cg,output,m,[20.73202815],Distance along the blade span for its center of gravity
rotorse.rs.x_az,output,m,"[ 0.00000000e+00  0.00000000e+00  0.00000000e+00 -3.96069335e-05
 -4.41888313e-03 -1.47437694e-02 -2.78568630e-02 -4.57535116e-02
 -6.71775652e-02 -9.31591116e-02 -1.23411088e-01 -1.58235516e-01
 -1.99036574e-01 -2.45757463e-01 -2.98408959e-01 -3.57814145e-01
 -4.24076326e-01 -4.98895254e-01 -5.81761222e-01 -6.75146021e-01
 -7.78279295e-01 -8.93706090e-01 -1.02166869e+00 -1.16547581e+00
 -1.32474427e+00 -1.50426524e+00 -1.70625884e+00 -1.93449304e+00
 -2.19383653e+00 -2.50000000e+00]",location of blade in azimuth x-coordinate system (prebend)
rotorse.rs.y_az,output,m,"[0. 0. 0. 0. 0. 0. 0. 0. 0. 0. 0. 0. 0. 0. 0. 0. 0. 0. 0. 0. 0. 0. 0. 0.
 0. 0. 0. 0. 0. 0.]",location of blade in azimuth y-coordinate system (sweep)
rotorse.rs.z_az,output,m,"[ 2.          4.17241379  6.34482759  8.51724138 10.68965517 12.86206897
 15.03448276 17.20689655 19.37931034 21.55172414 23.72413793 25.89655172
 28.06896552 30.24137931 32.4137931  34.5862069  36.75862069 38.93103448
 41.10344828 43.27586207 45.44827586 47.62068966 49.79310345 51.96551724
 54.13793103 56.31034483 58.48275862 60.65517241 62.82758621 65.        ]",location of blade in azimuth z-coordinate system (from root to tip)
rotorse.rs.frame.Px_af,intermediate,N/m,"[ 699.40714819  771.18356197 1075.98313331 1446.62275727 1846.64697477
 2115.45033207 2455.49521013 3054.59450872 3746.8508062  4347.01032963
 4766.42371585 5191.32080506 5427.79851411 5406.14173056 5369.12995284
 5339.28026293 5417.86978569 5648.25263903 5714.80999065 5952.98622461
 6157.27056403 6411.03317461 6773.18676598 7340.33847758 7676.51282309
 7922.45612061 7545.51316825 6681.46344432 4517.70656357  974.22929626]",distributed load (force per unit length) in airfoil x-direction
rotorse.rs.frame.Py_af,intermediate,N/m,"[  312.86429051   347.01559743   314.97487302   136.99484533
    16.99271245  -213.12882347  -451.49845985  -556.08475554
  -606.65747997  -674.28389217  -779.5925064   -919.07014296
  -977.43007848  -925.60278338  -881.39674497  -843.96540338
  -839.34422172  -871.18484687  -834.30374816  -898.38226738
  -965.71568991 -1013.10859667 -1071.68898335 -1180.29718364
 -1322.26869233 -1440.398629   -1427.18764091 -1271.76441831
  -882.87248915  -193.62872717]",distributed load (force per unit length) in airfoil y-direction
rotorse.rs.frame.Pz_af,intermediate,N/m,"[-6665.98625532 -2557.1384994   -110.3054729   1242.853771
  2302.17517031  2979.01026563  3514.92728126  4581.06259351
  5749.77026784  6812.82524938  7181.20133512  7414.98725474
  7675.60662893  8051.45120866  8392.1931955   8606.57234344
  8515.00115161  8377.25026277  8050.19921571  7588.92643379
  7036.64494012  7104.4169738   7464.52878637  7848.17371747
  5986.06126159  3920.28722492  1609.65409461  1231.78384794
   386.8880202     86.97497425]",distributed load (force per unit length) in airfoil z-direction
rotorse.A,output,m**2,"[0.53499074 0.39859332 0.29522048 0.43689929 0.43409052 0.44649303
 0.47109129 0.50731735 0.5420427  0.55186207 0.49933904 0.44556025
 0.38545337 0.32105577 0.26422582 0.22481338 0.19384827 0.16673945
 0.14106001 0.11860244 0.09933829 0.08970198 0.08460625 0.08115694
 0.05680481 0.03995242 0.02217145 0.01664207 0.00288639 0.00062608]",airfoil cross section material area
rotorse.EA,output,N,"[1.15673612e+10 8.60332948e+09 6.37816358e+09 4.76613462e+09
 4.59289548e+09 4.26512151e+09 4.09063001e+09 4.42478101e+09
 4.78543156e+09 4.97590428e+09 4.59257950e+09 4.23250570e+09
 4.01540620e+09 3.95402632e+09 3.89619104e+09 3.75718263e+09
 3.47756018e+09 3.21759803e+09 2.91882765e+09 2.60064131e+09
 2.27775828e+09 2.20286429e+09 2.22976115e+09 2.25769741e+09
 1.61853266e+09 9.61347378e+08 2.97548626e+08 2.08675060e+08
 4.19884596e+07 9.10764731e+06]",axial stiffness
rotorse.EIxx,output,N*m**2,"[9.28320374e+09 7.18896537e+09 6.81985673e+09 5.80388933e+09
 6.01423192e+09 5.23070611e+09 4.28880344e+09 3.91002340e+09
 3.48533022e+09 3.09827628e+09 2.75859975e+09 2.36486706e+09
 2.04480290e+09 1.80740297e+09 1.56568524e+09 1.23649645e+09
 8.21832012e+08 5.33058413e+08 3.83230927e+08 2.93170008e+08
 2.24625166e+08 2.06598001e+08 2.08343581e+08 2.11547530e+08
 1.09153244e+08 7.20546872e+07 3.13667035e+07 1.87911751e+07
 3.11176606e+06 3.15937516e+04]",edgewise stiffness (bending about :ref:`x-axis of airfoil aligned coordinate system <blade_airfoil_coord>`)
rotorse.EIyy,output,N*m**2,"[9.28285059e+09 7.00532870e+09 5.23028730e+09 3.22496408e+09
 2.50602153e+09 2.20121774e+09 2.02971684e+09 2.07969484e+09
 2.13156345e+09 2.03747208e+09 1.63785239e+09 1.28510714e+09
 1.03194065e+09 8.48166427e+08 6.86637612e+08 5.44765003e+08
 4.17644541e+08 3.09290248e+08 2.19045011e+08 1.53606358e+08
 1.10156922e+08 8.72538529e+07 7.29831218e+07 6.31699625e+07
 4.34248373e+07 2.36881992e+07 5.75926539e+06 2.53797004e+06
 1.70711172e+05 1.58431733e+03]",flapwise stiffness (bending about y-axis of airfoil aligned coordinate system)
rotorse.EIxy,output,N*m**2,"[-2.96707733e+04 -8.70065708e+05 -2.06297766e+06  1.52904589e+08
  1.12514305e+08  7.22034619e+07  1.29211068e+08  2.11981619e+08
  2.72597086e+08  2.60455269e+08  1.87189515e+08  1.38154535e+08
  1.09743906e+08  9.29188326e+07  7.78764516e+07  6.04083712e+07
  3.84709362e+07  2.16773381e+07  1.28466061e+07  8.86044117e+06
  6.54901204e+06  5.76114449e+06  5.33832229e+06  4.78566672e+06
  2.57649632e+06  1.46088090e+06  5.50287945e+05  3.64825895e+05
  5.00191413e+04  5.10433495e+02]",coupled flap-edge stiffness
rotorse.GJ,output,N*m**2,"[8.02091895e+09 6.12766906e+09 5.04056182e+09 2.84793224e+09
 1.88399602e+09 1.09887457e+09 5.06621586e+08 3.28920715e+08
 1.83465448e+08 1.03040096e+08 8.28731312e+07 6.40684058e+07
 4.85790540e+07 3.63641148e+07 2.72694552e+07 2.13011236e+07
 1.70874783e+07 1.30918791e+07 1.00267980e+07 7.82328645e+06
 6.26796904e+06 5.36376263e+06 4.81138747e+06 4.38679934e+06
 3.00426218e+06 2.55174312e+06 1.70755077e+06 9.75410485e+05
 2.17103341e+05 2.06893821e+03]",torsional stiffness (about axial z-direction of airfoil aligned coordinate system)
rotorse.rhoA,output,kg/m,"[983.92036007 732.98220077 544.88503222 403.16000558 361.63598358
 308.74334722 271.81588609 282.56014089 294.95990917 299.16436576
 275.6558525  252.83254829 235.43571389 224.43540876 214.39054183
 202.92851456 186.42495943 171.19267731 154.25225606 136.89418455
 119.92093509 114.75662434 114.61510876 114.85443407  83.70171615
  52.50015528  20.6912092   15.23199389   4.61458649   1.00094232]",mass per unit length
rotorse.rhoJ,output,kg*m,"[1.57960535e+03 1.20960188e+03 1.02966320e+03 7.41541162e+02
 6.71293282e+02 5.52228416e+02 4.47421468e+02 4.21010046e+02
 3.92179949e+02 3.56824592e+02 3.03771865e+02 2.49199920e+02
 2.02219407e+02 1.64098483e+02 1.31592380e+02 1.01426596e+02
 7.13840055e+01 4.93743510e+01 3.54919724e+01 2.63528707e+01
 1.99115588e+01 1.71874019e+01 1.60590543e+01 1.54001629e+01
 9.30144906e+00 6.40025945e+00 3.21339017e+00 1.87021328e+00
 3.60915234e-01 3.65404378e-03]",polar mass moment of inertia per unit length
rotorse.x_ec,output,m,"[ 4.19786141e-16  6.24500451e-17  1.38777878e-16  3.53130338e-04
  3.61859881e-04  2.65047460e-04 -1.53320833e-03 -9.74752564e-04
 -4.84469304e-04 -2.12729593e-04 -8.63987050e-05 -1.18651649e-04
  9.03257186e-05 -3.86662790e-05 -7.43458166e-06  4.23490169e-05
  2.24487093e-04  1.27003098e-04  7.81264865e-05  3.18490473e-05
  1.80050874e-05  5.76793502e-06 -3.92452932e-06 -1.08720511e-05
 -2.48393804e-05 -3.76414587e-05 -7.62491883e-05 -1.21108835e-04
 -2.22528958e-05 -4.82683882e-06]",x-distance to elastic center from point about which above structural properties are computed (airfoil aligned coordinate system)
rotorse.y_ec,output,m,"[ 2.52483581e-16  2.08166817e-17  5.55111512e-17 -1.93864529e-03
 -3.88061709e-03 -4.00755073e-03  1.31111570e-02  9.08544302e-03
  6.67799142e-03  6.19905529e-03  6.77957882e-03 -3.16851537e-03
  7.58615259e-03 -3.52862534e-03 -3.55498058e-03 -3.20636913e-03
  3.65482654e-03 -1.49989749e-03 -3.48953066e-04 -9.01950901e-04
 -9.13404968e-04 -8.78331316e-04 -7.94240417e-04 -6.50734716e-04
 -7.36580052e-04 -1.01102999e-03 -3.09487788e-03 -4.01942589e-03
  6.28734398e-04  1.36897209e-04]",y-distance to elastic center from point about which above structural properties are computed
rotorse.rs.strains.EI11,intermediate,N*m**2,"[9.28284812e+09 7.00532458e+09 5.23028463e+09 3.21592897e+09
 2.50241563e+09 2.19949729e+09 2.02232927e+09 2.05544700e+09
 2.07871977e+09 1.97696084e+09 1.60740795e+09 1.26771032e+09
 1.02018421e+09 8.39248169e+08 6.79791349e+08 5.39528835e+08
 4.14015377e+08 3.07209387e+08 2.18045886e+08 1.53046066e+08
 1.09783444e+08 8.69763830e+07 7.27729148e+07 6.30157689e+07
 4.33239956e+07 2.36441143e+07 5.74744547e+06 2.52978493e+06
 1.69860687e+05 1.57563736e+03]",stiffness w.r.t principal axis 1
rotorse.rs.strains.EI22,intermediate,N*m**2,"[9.28320622e+09 7.18896949e+09 6.81985940e+09 5.81290594e+09
 6.01776806e+09 5.23235775e+09 4.29547821e+09 3.93390179e+09
 3.53795937e+09 3.15859608e+09 2.78883307e+09 2.38222133e+09
 2.05632822e+09 1.81627199e+09 1.57248227e+09 1.24169399e+09
 8.25414549e+08 5.35131983e+08 3.84229680e+08 2.93728181e+08
 2.24996743e+08 2.06873772e+08 2.08552381e+08 2.11700767e+08
 1.09253207e+08 7.20977881e+07 3.13756717e+07 1.87959859e+07
 3.11259993e+06 3.16022606e+04]",stiffness w.r.t principal axis 2
rotorse.rs.strains.alpha,intermediate,deg,"[-4.76924745 -0.27145777 -0.07435954  3.38137387  1.83520032  1.36464513
  3.26596788  6.52318616 10.97003179 13.07905723  9.23754115  7.17713354
  6.11469286  5.48242689  5.02406856  4.95394036  5.38920004  5.48287137
  4.4470359   3.61824524  3.26391064  2.75735878  2.25497286  1.84542705
  2.24136428  1.72847612  1.23047333  1.28512948  0.97408279  0.97419103]",Angle between blade c.s. and principal axes
rotorse.rs.strains.M1,intermediate,N*m,"[-1.07064368e+07 -1.00590707e+07 -9.37524784e+06 -8.71757515e+06
 -8.11052469e+06 -7.56802090e+06 -6.99413671e+06 -6.40567778e+06
 -5.81535404e+06 -5.25164170e+06 -4.76993679e+06 -4.31129476e+06
 -3.85019474e+06 -3.40854956e+06 -2.99205401e+06 -2.60176073e+06
 -2.23798112e+06 -1.90004369e+06 -1.58727995e+06 -1.30029302e+06
 -1.04113545e+06 -8.10000074e+05 -6.06620379e+05 -4.31160167e+05
 -2.84353722e+05 -1.67100646e+05 -8.16465212e+04 -2.86969511e+04
 -4.72827972e+03  1.18258492e+00]",distribution along blade span of bending moment w.r.t principal axis 1
rotorse.rs.strains.M2,intermediate,N*m,"[ 1.41406036e+06  1.33998868e+06  1.55123333e+06  1.61368574e+06
  1.45138113e+06  9.40878320e+05  6.88572690e+05  7.18006116e+05
  8.81719731e+05  9.58165420e+05  6.75314047e+05  2.92422205e+05
  9.06443397e+04 -1.24599497e+04 -6.76337928e+04 -9.06677052e+04
 -8.42583769e+04 -7.33194438e+04 -8.35798687e+04 -9.63264313e+04
 -9.21840073e+04 -8.08149018e+04 -6.79219423e+04 -5.31340163e+04
 -3.59234728e+04 -2.15912420e+04 -1.13749405e+04 -4.21134535e+03
 -7.44666214e+02  1.19495212e-02]",distribution along blade span of bending moment w.r.t principal axis 2
rotorse.rs.strains.F3,intermediate,N,"[3.12105130e+05 3.22123347e+05 3.25020742e+05 3.23790561e+05
 3.19939928e+05 3.14203470e+05 3.07149713e+05 2.98355797e+05
 2.87134380e+05 2.73488808e+05 2.58288406e+05 2.42433932e+05
 2.26042432e+05 2.08959601e+05 1.91098408e+05 1.72634240e+05
 1.54036676e+05 1.35688205e+05 1.17844604e+05 1.00857286e+05
 8.49708960e+04 6.96107829e+04 5.37859007e+04 3.71531440e+04
 2.21263096e+04 1.13659710e+04 5.35931309e+03 2.27292486e+03
 5.14713048e+02 1.08002496e-12]",axial resultant along blade span
rotorse.xu_spar,output,,"[-1.68280980e-05 -1.36208570e-02 -1.05760019e-01  1.12125360e+00
  9.52937904e-01  8.96169778e-01  8.38653809e-01  7.95642880e-01
  7.59626979e-01  7.19508855e-01  6.69963382e-01  6.17765625e-01
  5.70631994e-01  5.24952005e-01  4.79370648e-01  4.37174466e-01
  3.98278058e-01  3.57118617e-01  3.17307370e-01  2.83197046e-01
  2.56845424e-01  2.34285612e-01  2.15494667e-01  2.01583363e-01
  1.91250707e-01  1.81386964e-01  1.65921845e-01  1.34225314e-01
 -1.68414202e-02 -3.65304460e-03]",x-position of midpoint of spar cap on upper surface for strain calculation
rotorse.xl_spar,output,,"[-1.68280980e-05 -1.36208570e-02 -1.05760019e-01 -9.12828694e-01
 -8.02586121e-01 -7.88050706e-01 -7.79068672e-01 -7.66648878e-01
 -7.48848676e-01 -7.19569026e-01 -6.76269336e-01 -6.29976702e-01
 -5.87455589e-01 -5.44073643e-01 -4.96745835e-01 -4.53185156e-01
 -4.11031550e-01 -3.65833081e-01 -3.22182735e-01 -2.84304568e-01
 -2.55921768e-01 -2.32508648e-01 -2.13046312e-01 -1.98443100e-01
 -1.88792204e-01 -1.78385085e-01 -1.61223825e-01 -1.28723806e-01
 -1.68414202e-02 -3.65304460e-03]",x-position of midpoint of spar cap on lower surface for strain calculation
rotorse.yu_spar,output,,"[-1.29991645 -1.3261231  -1.5564073  -0.14444874 -0.28939947 -0.2660111
 -0.19459227 -0.15734595 -0.12586043 -0.11483127 -0.13676735 -0.14982633
 -0.15695394 -0.16059269 -0.16053817 -0.14168732 -0.09641551 -0.05661504
 -0.03770174 -0.02640689 -0.01546342 -0.01250067 -0.01365643 -0.01560349
 -0.01250804 -0.01771862 -0.03566571 -0.02293043 -0.45057508 -0.09773506]",y-position of midpoint of spar cap on upper surface for strain calculation
rotorse.yl_spar,output,,"[-1.29991645 -1.3261231  -1.5564073  -0.76261499 -0.76139454 -0.6461787
 -0.50319043 -0.41368962 -0.33287014 -0.27559404 -0.25455153 -0.23357922
 -0.21559906 -0.20112032 -0.1867002  -0.15805868 -0.10636969 -0.06098751
 -0.03740071 -0.02341698 -0.0104366  -0.00606751 -0.00623528 -0.00709118
 -0.00275267 -0.00668723 -0.02315451 -0.00962989 -0.45057508 -0.09773506]",y-position of midpoint of spar cap on lower surface for strain calculation
rotorse.xu_te,output,,"[-1.68280980e-05 -1.36208570e-02 -1.05760019e-01  4.78921013e-01
  3.83612782e-01  1.67316729e-01  9.97933013e-02  8.27975110e-02
  7.72370584e-02  8.68499932e-02  1.00165926e-01  1.11665808e-01
  1.18718300e-01  1.20427554e-01  1.18004750e-01  1.13655947e-01
  1.05865480e-01  8.89956467e-02  6.91096510e-02  5.34837403e-02
  4.44025375e-02  3.67179379e-02  2.95802379e-02  2.36219556e-02
 -3.45078777e-02 -3.59502226e-02 -3.36461612e-02 -2.88350674e-02
 -1.68414202e-02 -3.65304460e-03]",x-position of midpoint of trailing-edge panel on upper surface for strain calculation
rotorse.xl_te,output,,"[-1.68280980e-05 -1.36208570e-02 -1.05760019e-01 -3.26507025e-01
 -3.63792652e-01 -4.51894584e-01 -4.13179941e-01 -2.41050495e-01
 -7.77750147e-02  1.21990959e-02  2.55171016e-02  3.40200045e-02
  3.93018949e-02  4.05089498e-02  3.86482489e-02  3.63749386e-02
  3.31162049e-02  2.64784192e-02  1.78693483e-02  1.00371412e-02
  3.37844873e-03 -2.92078351e-03 -8.49555888e-03 -1.30494052e-02
 -3.45078777e-02 -3.59502226e-02 -3.36461612e-02 -2.88350674e-02
 -1.68414202e-02 -3.65304460e-03]",x-position of midpoint of trailing-edge panel on lower surface for strain calculation
rotorse.yu_te,output,,"[-1.29991645 -1.3261231  -1.5564073   1.70052607  2.01568854  2.30361354
  2.55932076  2.66343496  2.72210783  2.71262963  2.60913519  2.46054727
  2.27576732  2.06398205  1.8474842   1.6621168   1.51903568  1.39429983
  1.27132639  1.15943542  1.07184172  0.99484482  0.93481825  0.89991034
 -0.78426008 -0.75942646 -0.72612683 -0.63488677 -0.45057508 -0.09773506]",y-position of midpoint of trailing-edge panel on upper surface for strain calculation
rotorse.yl_te,output,,"[-1.29991645 -1.3261231  -1.5564073   1.74756699  2.05702203  2.3612115
  2.61933794  2.71300637  2.74149395  2.72002415  2.61502703  2.46590777
  2.28086922  2.06894629  1.85236617  1.66682308  1.52397679  1.39980409
  1.27750938  1.16592166  1.07818464  1.0009232   0.94058102  0.90533578
 -0.78426008 -0.75942646 -0.72612683 -0.63488677 -0.45057508 -0.09773506]",y-position of midpoint of trailing-edge panel on lower surface for strain calculation
rotorse.rs.tip_pos.dx_tip,intermediate,m,[7.79799078],deflection at tip in blade x-direction
rotorse.rs.tip_pos.dy_tip,intermediate,m,[-1.18247016],deflection at tip in blade y-direction
rotorse.rs.tip_pos.dz_tip,intermediate,m,[-0.00265118],deflection at tip in blade z-direction
rotorse.rs.tip_pos.3d_curv_tip,intermediate,deg,[11.02199881],total coning angle including precone and curvature
rotorse.rs.tot_loads_gust.aeroloads_Px,intermediate,N/m,"[ 272.28815656  350.43260835  658.75280901 1002.93429355 1334.55473337
 1560.12003699 1861.87781023 2378.08357463 2993.27912165 3526.02971364
 3942.99957556 4365.61169331 4593.36093792 4548.61164676 4482.67800997
 4427.66794262 4503.13365218 4730.69179566 4812.73109628 5075.79049929
 5315.45456531 5528.75990541 5805.92000352 6275.92583812 6823.53083108
 7335.15181055 7301.81524396 6494.13473729 4476.4738816   967.06903667]",distributed loads in blade-aligned x-direction
rotorse.rs.tot_loads_gust.aeroloads_Py,intermediate,N/m,"[   43.3838561     57.63098028   -64.55818203  -333.20914145
  -518.0942137   -730.68795218  -961.80414116 -1104.51015864
 -1172.10646211 -1215.37040781 -1256.66965465 -1334.50506418
 -1329.06735942 -1218.27499667 -1124.1170343  -1049.48798725
 -1018.82122412 -1026.76750713  -959.21361666 -1004.10364067
 -1051.9039975  -1080.74310433 -1119.52805647 -1200.345898
 -1305.70403929 -1382.96244418 -1321.63516538 -1103.48543843
  -687.11091694  -128.93179219]",distributed loads in blade-aligned y-direction
rotorse.rs.tot_loads_gust.aeroloads_Pz,intermediate,N/m,"[0. 0. 0. 0. 0. 0. 0. 0. 0. 0. 0. 0. 0. 0. 0. 0. 0. 0. 0. 0. 0. 0. 0. 0.
 0. 0. 0. 0. 0. 0.]",distributed loads in blade-aligned z-direction
rotorse.rs.tot_loads_gust.aeroloads_Omega,intermediate,rpm,[11.75298041],rotor rotation speed
rotorse.rs.tot_loads_gust.aeroloads_pitch,intermediate,deg,[0.85810435],pitch angle
rotorse.rs.3d_curv,output,deg,"[ 3.          3.          3.0005223   3.05827228  3.19390451  3.30907642
  3.40892187  3.51851247  3.62511803  3.74151631  3.85810549  3.99718006
  4.15400453  4.31020508  4.47737428  4.65672513  4.8597934   5.0784909
  5.32295347  5.58973013  5.87972836  6.20622851  6.57915067  6.99018158
  7.45854041  8.01807634  8.65482975  9.40263723 10.41488477 11.02199881]",total cone angle from precone and curvature
rotorse.stall_check.aoa_along_span,intermediate,deg,"[52.12263488 43.22263815 31.87158627 22.05078815 16.26276939 11.00943874
  9.34602179  8.67925195  8.41018739  8.34106223  8.21340112  8.08340327
  8.02283946  8.01674357  8.03475377  8.00804158  8.04820329  7.99883309
  7.88020102  7.93190677  7.83706231  7.63088222  7.54477972  7.42203133
  7.21007817  7.16685862  7.28367204  7.76312509  8.86062722 11.60319608]",Angle of attack along blade span
financese.plant_aep,output,USD/kW/h,[2.02264257e+09],
financese.capacity_factor,output,,[0.38491527],Capacity factor of the wind farm
financese.lcoe,output,USD/kW/h,[0.02813354],"Levelized cost of energy: LCOE is the cost that, if assigned to every unit of electricity by an asset over an evaluation period, will equal the total costs during that same period when discounted to the base year."
financese.lvoe,output,USD/kW/h,[0.07558869],Levelized value of energy: LVOE is the discounted sum of total value divided by the discounted sum of electrical energy generated.
financese.value_factor,output,,[1.06462944],Value factor is the LVOE divided by a benchmark price.
financese.nvoc,output,USD/kW/year,[160.01202599],"Net value of capacity: NVOC is the difference in an asset’s total annualized value and annualized cost, divided by the installed capacity of the asset. NVOC ≥ 0 for economic viability."
financese.nvoe,output,USD/kW/h,[0.04745515],Net value of energy: NVOE is the difference between LVOE and LCOE. NVOE ≥ 0 for economic viability.
financese.slcoe,output,USD/kW/h,[0.02354485],System LCOE: SLCOE is the negative of NVOE but further adjusted by a benchmark price. System LCOE ≤ benchmark price for economic viability.
financese.bcr,output,,[2.68678237],Benefit cost ratio: BCR is the discounted sum of total value divided by the discounted sum of total cost. A higher BCR is more competitive. BCR ≥ 1 for economic viability
financese.cbr,output,,[0.37219241],Cost benefit ratio: CBR is the inverse of BCR. CBR ≤ 1 for economic viability. A lower CBR is more competitive.
financese.roi,output,,[1.68678237],Return on investment: ROI can also be expressed as BCR – 1. A higher ROI is more competitive. ROI ≥ 0 for economic viability.
financese.pm,output,,[0.62780759],Profit margin: PM can also be expressed as 1 - CBR. A higher PM is more competitive. PM ≥ 0 for economic viability.
financese.plcoe,output,USD/kW/h,[0.02642566],"Profitability adjusted PLCOE is the product of a benchmark price and CBR, which is equal to LCOE divided by value factor. A lower PLCOE is more competitive. PLCOE ≤ benchmark price for economic viability."
rotorse.ccblade.CP,output,,[0.46552157],Rotor power coefficient
rotorse.ccblade.CM,output,,[0.17753262],Blade flapwise moment coefficient
rotorse.ccblade.local_airfoil_velocities,output,m/s,"[ 8.32989764  9.28814672 10.51551968 12.05295896 13.89228299 15.97401288
 17.98780833 20.13853477 22.33828512 24.5732244  26.82582541 29.09976978
 31.40664769 33.73702641 36.07878938 38.43019223 40.78997789 43.14776592
 45.50861959 47.87995081 50.24529976 52.61192946 54.97953614 57.34431398
 59.70268496 62.06692218 64.43589246 66.81202156 69.20181591 70.96018192]",Local relative velocities for the airfoils
rotorse.ccblade.P,output,W,[0.],Rotor aerodynamic power
rotorse.ccblade.T,output,N*m,[0.],Rotor aerodynamic thrust
rotorse.ccblade.Q,output,N*m,[0.],Rotor aerodynamic torque
rotorse.ccblade.M,output,N*m,[0.],Blade root flapwise moment
rotorse.ccblade.a,output,,"[0.09605908 0.0493792  0.05843213 0.10780068 0.14900325 0.24696398
 0.27907671 0.28742904 0.2980232  0.30772055 0.32671408 0.34431058
 0.35159593 0.34618045 0.33750258 0.3269522  0.30892383 0.30139758
 0.30331349 0.28581867 0.28169927 0.28918068 0.28823297 0.29846367
 0.32483806 0.33751862 0.34509448 0.34160467 0.31110935 0.11244731]",Axial induction  along blade span
rotorse.ccblade.ap,output,,"[-0.09605908 -0.03810679 -0.00095893  0.03327226  0.04400663  0.06593997
  0.05509598  0.04373017  0.03586026  0.02988257  0.02569155  0.02226287
  0.01929237  0.01660524  0.01436747  0.01253854  0.01079456  0.00952017
  0.0086828   0.00763093  0.00690737  0.0064605   0.00583804  0.00551349
  0.00539058  0.00502487  0.00470203  0.0043425   0.00386197  0.00160198]",Tangential induction along blade span
rotorse.ccblade.alpha,output,deg,"[52.12263488 43.22263815 31.87158627 22.05078815 16.26276939 11.00943874
  9.34602179  8.67925195  8.41018739  8.34106223  8.21340112  8.08340327
  8.02283946  8.01674357  8.03475377  8.00804158  8.04820329  7.99883309
  7.88020102  7.93190677  7.83706231  7.63088222  7.54477972  7.42203133
  7.21007817  7.16685862  7.28367204  7.76312509  8.86062722 11.60319608]",Angles of attack along blade span
rotorse.ccblade.cl,output,,"[-2.73968250e-19  5.30883415e-02  4.03745990e-01  1.00067988e+00
  1.23597882e+00  1.62711574e+00  1.54130518e+00  1.40765430e+00
  1.32012025e+00  1.26071493e+00  1.24625180e+00  1.24716814e+00
  1.24918943e+00  1.24835026e+00  1.25466748e+00  1.26254890e+00
  1.25405809e+00  1.26571193e+00  1.29788940e+00  1.27647843e+00
  1.28140151e+00  1.30878649e+00  1.29917813e+00  1.30271025e+00
  1.32508446e+00  1.31192036e+00  1.31733197e+00  1.36092043e+00
  1.44923771e+00  1.54905261e+00]",Lift coefficients along blade span
rotorse.ccblade.cd,output,,"[0.5        0.52121069 0.50500577 0.40746643 0.24746308 0.05718288
 0.02981133 0.02326878 0.01846171 0.01619557 0.01493852 0.01449787
 0.01370256 0.01351134 0.01340525 0.01264823 0.01322107 0.01356644
 0.01214678 0.01141332 0.01091098 0.00982564 0.01178134 0.01087887
 0.00920478 0.01060301 0.01086243 0.01157791 0.0126624  0.02866076]",Drag coefficients along blade span
rotorse.ccblade.cl_n_opt,output,,"[-2.73968250e-19  5.30883415e-02  4.03745990e-01  1.00067988e+00
  1.23597882e+00  1.62711574e+00  1.54130518e+00  1.40765430e+00
  1.32012025e+00  1.26071493e+00  1.24625180e+00  1.24716814e+00
  1.24918943e+00  1.24835026e+00  1.25466748e+00  1.26254890e+00
  1.25405809e+00  1.26571193e+00  1.29788940e+00  1.27647843e+00
  1.28140151e+00  1.30878649e+00  1.29917813e+00  1.30271025e+00
  1.32508446e+00  1.31192036e+00  1.31733197e+00  1.36092043e+00
  1.44923771e+00  1.54905261e+00]",Lift coefficients along blade span
rotorse.ccblade.cd_n_opt,output,,"[0.5        0.52121069 0.50500577 0.40746643 0.24746308 0.05718288
 0.02981133 0.02326878 0.01846171 0.01619557 0.01493852 0.01449787
 0.01370256 0.01351134 0.01340525 0.01264823 0.01322107 0.01356644
 0.01214678 0.01141332 0.01091098 0.00982564 0.01178134 0.01087887
 0.00920478 0.01060301 0.01086243 0.01157791 0.0126624  0.02866076]",Drag coefficients along blade span
rotorse.ccblade.Px_b,output,N/m,"[  55.83281585   74.09276723  146.8036588   350.27288334  584.0713335
 1038.22469747 1322.26752784 1551.36986079 1796.99175252 2048.74029662
 2344.26085683 2643.47968722 2912.00126484 3134.53057992 3339.47865455
 3527.99025767 3658.73304897 3842.70249514 4092.63825719 4179.47202279
 4364.47848786 4653.95148589 4849.36961745 5138.24869462 5551.45917484
 5745.19796851 5734.14180161 5309.76581644 4008.66530866  974.98287201]",Distributed loads in blade-aligned x-direction
rotorse.ccblade.Py_b,output,N/m,"[  18.0132125    29.18680907    1.86302957 -111.8082672  -223.06927824
 -429.74698395 -471.34622906 -486.03535141 -499.73314067 -509.60640381
 -518.03866412 -522.57895166 -527.76882698 -533.34109931 -538.79843559
 -545.45126534 -546.10602387 -547.47428033 -556.27939604 -556.21135933
 -558.64016436 -567.11430823 -558.6918807  -562.00288788 -566.86872988
 -546.17539881 -517.07152407 -462.47471633 -352.74625402 -100.79363692]",Distributed loads in blade-aligned y-direction
rotorse.ccblade.Pz_b,output,N/m,"[0. 0. 0. 0. 0. 0. 0. 0. 0. 0. 0. 0. 0. 0. 0. 0. 0. 0. 0. 0. 0. 0. 0. 0.
 0. 0. 0. 0. 0. 0.]",Distributed loads in blade-aligned z-direction
rotorse.ccblade.Px_af,output,N/m,"[  46.30717555   60.13578686  138.4059047   367.6842785   622.89604869
 1109.82779731 1389.281135   1610.94247721 1848.76106596 2092.59906756
 2380.13185615 2672.08927022 2934.82972855 3153.12273078 3354.31897931
 3539.89927815 3668.08567047 3849.31083101 4096.38821791 4181.01708035
 4363.93845056 4651.40054207 4844.79886587 5130.98203375 5540.93193832
 5731.64348944 5716.77363661 5286.95350338 3981.39482099  963.63082918]",Distributed loads in airfoil x-direction
rotorse.ccblade.Py_af,output,N/m,"[ 3.60197813e+01  5.22043592e+01  4.89754087e+01  6.72876460e-01
 -5.38492158e+01 -1.75713554e+02 -2.01138288e+02 -2.18730754e+02
 -2.46971844e+02 -2.79400487e+02 -3.14476342e+02 -3.47868581e+02
 -3.80875000e+02 -4.09330831e+02 -4.36996137e+02 -4.61893323e+02
 -4.79277401e+02 -4.98895460e+02 -5.27956664e+02 -5.44475564e+02
 -5.62843232e+02 -5.87670034e+02 -5.97031200e+02 -6.24876198e+02
 -6.61900583e+02 -6.73698875e+02 -6.82820877e+02 -6.74995216e+02
 -5.85083546e+02 -1.79350447e+02]",Distributed loads in airfoil y-direction
rotorse.ccblade.Pz_af,output,N/m,"[0. 0. 0. 0. 0. 0. 0. 0. 0. 0. 0. 0. 0. 0. 0. 0. 0. 0. 0. 0. 0. 0. 0. 0.
 0. 0. 0. 0. 0. 0.]",Distributed loads in airfoil z-direction
rotorse.ccblade.LiftF,output,N/m,"[   0.            8.06945731   91.67908982  340.53608294  613.05249355
 1122.95837534 1403.50339385 1625.50202077 1865.00195974 2110.99504346
 2400.64469814 2694.45589064 2959.26301773 3179.39467781 3382.4717863
 3569.72736371 3699.05913498 3881.28327891 4130.08966232 4216.15184144
 4399.92587333 4688.24532869 4881.24604474 5168.71200516 5580.19144335
 5770.91257064 5757.21212954 5329.67541353 4024.00190509  980.01131522]",Distributed lift force
rotorse.ccblade.DragF,output,N/m,"[ 58.66667836  79.22431343 114.67227043 138.66274782 122.74308807
  39.46491974  27.14601813  26.86983892  26.08180792  27.11855998
  28.77595662  31.32205027  32.46063856  34.4117337   36.13935854
  35.76156991  38.9978056   41.60123341  38.65296665  37.69768532
  37.46482921  35.19672768  44.26460171  43.16365858  38.76315847
  46.64081503  47.47270286  45.34175939  35.1588453   18.13229166]",Distributed drag force
rotorse.ccblade.L_n_opt,output,N/m,"[   0.            8.06945731   91.67908982  340.53608294  613.05249355
 1122.95837534 1403.50339385 1625.50202077 1865.00195974 2110.99504346
 2400.64469814 2694.45589064 2959.26301773 3179.39467781 3382.4717863
 3569.72736371 3699.05913498 3881.28327891 4130.08966232 4216.15184144
 4399.92587333 4688.24532869 4881.24604474 5168.71200516 5580.19144335
 5770.91257064 5757.21212954 5329.67541353 4024.00190509  980.01131522]",Distributed lift force
rotorse.ccblade.D_n_opt,output,N/m,"[ 58.66667836  79.22431343 114.67227043 138.66274782 122.74308807
  39.46491974  27.14601813  26.86983892  26.08180792  27.11855998
  28.77595662  31.32205027  32.46063856  34.4117337   36.13935854
  35.76156991  38.9978056   41.60123341  38.65296665  37.69768532
  37.46482921  35.19672768  44.26460171  43.16365858  38.76315847
  46.64081503  47.47270286  45.34175939  35.1588453   18.13229166]",Distributed drag force
rotorse.rc.sect_perimeter,output,m,"[8.16779755 8.21794576 8.73640163 9.00396868 9.33502229 9.48653812
 9.6377855  9.57030916 9.48764333 9.31797647 8.99600493 8.55732016
 8.04474764 7.49235521 6.93733464 6.41807397 5.94381182 5.51143874
 5.12920813 4.80202719 4.53035304 4.30662144 4.130236   4.00222156
 3.91337934 3.78040916 3.48640406 2.90883305 1.92426219 0.41738853]",Perimeter of the section along the blade span
rotorse.rc.layer_volume,output,m**3,"[0.20440608 3.36968238 1.57641789 1.57641789 0.0720298  0.08932129
 0.08932129 2.93788023 0.2094754  0.16255027 3.001547   0.05895259
 1.37710456 0.05895259 0.05842663 1.64592229 0.05842663]","Volumes of each layer used in the blade, ignoring the scrap factor"
rotorse.rc.mat_volume,output,m**3,"[0.20440608 3.36968238 0.23475845 3.40350816 9.33447976 0.
 0.         0.         0.        ]","Volumes of each material used in the blade, ignoring the scrap factor. For laminates, this is the wet volume"
rotorse.rc.mat_mass,output,kg,"[ 224.8466885  6217.06399301  433.12933565 6602.80582258 1026.79277328
    0.          176.90855504    0.            0.        ]","Masses of each material used in the blade, ignoring the scrap factor. For laminates, this is the wet mass."
rotorse.rc.mat_cost,output,USD,"[ 1625.64155787 12009.15435971   877.60665989  9015.95967778
 13348.30605263     0.          1592.17699535 14302.52584846
     0.        ]","Costs of each material used in the blade, ignoring the scrap factor. For laminates, this is the cost of the dry fabric."
rotorse.rc.mat_cost_scrap,output,USD,"[ 2032.05194734 13810.52751367  1009.24765887  9466.75766167
 16017.96726315     0.          1592.17699535 17163.03101815
     0.        ]","Same as mat_cost, now including the scrap factor."
rotorse.rc.total_labor_hours,output,h,[974.93220405],Total amount of labor hours per blade.
rotorse.rc.total_skin_mold_gating_ct,output,h,[23.99990189],Total amount of gating cycle time per blade. This is the cycle time required in the main mold that cannot be parallelized unless the number of molds is increased.
rotorse.rc.total_non_gating_ct,output,h,[129.49749984],Total amount of non-gating cycle time per blade. This cycle time can happen in parallel.
rotorse.rc.total_metallic_parts_cost,output,USD,[4667.40805043],"Cost of the metallic parts (bolts, nuts, lightining protection system), excluding the blade joint."
rotorse.rc.total_consumable_cost_w_waste,output,USD,[7352.17460227],Cost of the consumables including the waste.
rotorse.rc.total_blade_mat_cost_w_waste,output,USD,[73111.3427109],Total blade material costs including the waste per blade.
rotorse.rc.total_cost_labor,output,USD,[57592.75149281],Total labor costs per blade.
rotorse.rc.total_cost_utility,output,USD,[677.52684572],Total utility costs per blade.
rotorse.rc.blade_variable_cost,output,USD,[131381.62104943],"Total blade variable costs per blade (material, labor, utility)."
rotorse.rc.total_cost_equipment,output,USD,[3422.28269963],Total equipment cost per blade.
rotorse.rc.total_cost_tooling,output,USD,[10699.40367172],Total tooling cost per blade.
rotorse.rc.total_cost_building,output,USD,[615.42148046],Total builting cost per blade.
rotorse.rc.total_maintenance_cost,output,USD,[3819.32344388],Total maintenance cost per blade.
rotorse.rc.total_labor_overhead,output,USD,[17277.82544784],Total labor overhead cost per blade.
rotorse.rc.cost_capital,output,USD,[8208.0929193],Cost of capital per blade.
rotorse.rc.blade_fixed_cost,output,USD,[44042.34966283],"Total blade fixed cost per blade (equipment, tooling, building, maintenance, labor, capital)."
rotorse.rc.total_blade_cost,output,USD,[175423.97071225],Total blade cost (variable and fixed)
rotorse.re.precomp.z,output,m,"[ 2.          4.17241379  6.34482759  8.51724138 10.68965517 12.86206897
 15.03448276 17.20689655 19.37931034 21.55172414 23.72413793 25.89655172
 28.06896552 30.24137931 32.4137931  34.5862069  36.75862069 38.93103448
 41.10344828 43.27586207 45.44827586 47.62068966 49.79310345 51.96551724
 54.13793103 56.31034483 58.48275862 60.65517241 62.82758621 65.        ]",locations of properties along beam
rotorse.re.Tw_iner,output,deg,"[15.22699053 19.18945598 18.68506283 19.07910592 15.90172699 12.68132971
 11.42496376 11.62857053 12.38962026 12.00753525  9.88340264  8.43983629
  7.57129317  7.02031579  6.47997013  6.13171065  6.02735072  5.52779495
  4.40215228  3.53450251  2.98535122  2.37400419  1.74319287  1.12090052
  0.85749208  0.17326131 -0.50823111 -1.09216313 -2.35709918 -3.66679197]",Orientation of the section principal inertia axes with respect the blade reference plane
rotorse.re.x_tc,output,m,"[ 1.68280980e-05  1.36208570e-02  1.05760019e-01  1.88732298e-01
  2.11857223e-01  2.21140269e-01  2.26095904e-01  1.59403051e-01
  5.36697679e-02 -3.67253496e-03 -1.75728228e-02 -2.85013374e-02
 -3.58981813e-02 -3.86999762e-02 -3.78623911e-02 -3.54586761e-02
 -3.06596639e-02 -1.88573575e-02 -4.24667470e-03  7.55753342e-03
  1.46489435e-02  2.06352759e-02  2.60680230e-02  3.05092959e-02
  3.45078777e-02  3.59502226e-02  3.36461612e-02  2.88350674e-02
  1.68414202e-02  3.65304460e-03]",X-coordinate of the tension-center offset with respect to the XR-YR axes
rotorse.re.y_tc,output,m,"[-8.35497281e-05  5.75649079e-02  3.18911232e-01  4.70712383e-01
  5.36899623e-01  4.79280955e-01  3.86159367e-01  3.48568791e-01
  3.18337604e-01  2.95326971e-01  3.04397183e-01  3.09129398e-01
  3.09744158e-01  3.11644529e-01  3.11131668e-01  2.92250545e-01
  2.52489784e-01  2.17435420e-01  2.03084426e-01  1.99823215e-01
  1.95280185e-01  1.99187257e-01  2.09407081e-01  2.18289032e-01
  2.23537056e-01  2.37919557e-01  2.62282501e-01  2.57850635e-01
  2.04738657e-01  4.77350570e-02]",Chordwise offset of the section tension-center with respect to the XR-YR axes
rotorse.re.x_sc,output,m,"[ 1.68280980e-05  1.36208570e-02  1.05760019e-01  1.88379168e-01
  2.11495363e-01  2.20875221e-01  2.27629113e-01  1.60377803e-01
  5.41542372e-02 -3.45980537e-03 -1.74864241e-02 -2.83826858e-02
 -3.59885070e-02 -3.86613100e-02 -3.78549566e-02 -3.55010251e-02
 -3.08841510e-02 -1.89843606e-02 -4.32480119e-03  7.52568438e-03
  1.46309384e-02  2.06295080e-02  2.60719475e-02  3.05201680e-02
  3.45327171e-02  3.59878641e-02  3.37224104e-02  2.89561762e-02
  1.68636731e-02  3.65787144e-03]",X-coordinate of the shear-center offset with respect to the XR-YR axes
rotorse.re.y_sc,output,m,"[-8.35497281e-05  5.75649079e-02  3.18911232e-01  4.72651028e-01
  5.40780240e-01  4.83288505e-01  3.73048210e-01  3.39483348e-01
  3.11659613e-01  2.89127916e-01  2.97617604e-01  3.12297913e-01
  3.02158005e-01  3.15173155e-01  3.14686649e-01  2.95456914e-01
  2.48834957e-01  2.18935317e-01  2.03433379e-01  2.00725166e-01
  1.96193590e-01  2.00065588e-01  2.10201321e-01  2.18939767e-01
  2.24273636e-01  2.38930587e-01  2.65377379e-01  2.61870061e-01
  2.04109922e-01  4.75981598e-02]","Chordwise offset of the section shear-center with respect to the reference frame, XR-YR"
rotorse.re.x_cg,output,m,"[ 1.68280980e-05  1.36208570e-02  1.05760019e-01  1.79384799e-01
  1.96178984e-01  2.01403552e-01  2.05776496e-01  1.43407111e-01
  4.59419634e-02 -5.42842463e-03 -1.44460600e-02 -2.18187891e-02
 -2.74073658e-02 -3.04912401e-02 -3.07426536e-02 -2.93692428e-02
 -2.52837275e-02 -1.46160255e-02 -1.28573884e-03  9.53997439e-03
  1.60593268e-02  2.15017407e-02  2.65190622e-02  3.07009973e-02
  3.42458564e-02  3.54857366e-02  3.27398421e-02  2.76560190e-02
  1.68414202e-02  3.65304460e-03]",X-coordinate of the center-of-mass offset with respect to the XR-YR axes
rotorse.re.y_cg,output,m,"[-8.35497281e-05  5.75649079e-02  3.18911232e-01  5.07879544e-01
  6.20133361e-01  6.06787033e-01  5.53655922e-01  5.28383256e-01
  5.02730458e-01  4.76663218e-01  4.74906372e-01  4.64314221e-01
  4.37964108e-01  4.03993393e-01  3.72971857e-01  3.35974795e-01
  2.89213224e-01  2.48590606e-01  2.28109777e-01  2.19223227e-01
  2.10893763e-01  2.10789104e-01  2.18021809e-01  2.25530303e-01
  2.29982289e-01  2.47373922e-01  2.74357366e-01  2.58879955e-01
  2.04738313e-01  4.77347135e-02]",Chordwise offset of the section center of mass with respect to the XR-YR axes
rotorse.re.precomp.flap_iner,output,kg/m,"[7.89787447e+02 5.96977871e+02 4.46932975e+02 2.61561557e+02
 1.87089318e+02 1.47564099e+02 1.22619061e+02 1.19437458e+02
 1.16012742e+02 1.07314843e+02 8.60317342e+01 6.70714990e+01
 5.30951590e+01 4.28190798e+01 3.41353402e+01 2.68597401e+01
 2.05330647e+01 1.51810556e+01 1.07486494e+01 7.54289651e+00
 5.42164840e+00 4.28429446e+00 3.57024612e+00 3.08069466e+00
 2.13721963e+00 1.20375727e+00 3.46485154e-01 1.62376698e-01
 1.87524705e-02 1.76976372e-04]",Section flap inertia about the Y_G axis per unit length.
rotorse.re.precomp.edge_iner,output,kg/m,"[7.89817907e+02 6.12624004e+02 5.82730223e+02 4.79979605e+02
 4.84203964e+02 4.04664317e+02 3.24802407e+02 3.01572588e+02
 2.76167207e+02 2.49509749e+02 2.17740130e+02 1.82128421e+02
 1.49124248e+02 1.21279403e+02 9.74570399e+01 7.45668563e+01
 5.08509408e+01 3.41932954e+01 2.47433229e+01 1.88099742e+01
 1.44899104e+01 1.29031074e+01 1.24888082e+01 1.23194683e+01
 7.16422944e+00 5.19650218e+00 2.86690502e+00 1.70783658e+00
 3.42162764e-01 3.47706741e-03]",Section lag inertia about the X_G axis per unit length
rotorse.blade_mass,output,kg,[14528.44508288],mass of one blade
rotorse.blade_moment_of_inertia,output,kg*m**2,[9615380.72744477],mass moment of inertia of blade about hub
rotorse.mass_all_blades,output,kg,[43585.33524863],mass of all blades
rotorse.I_all_blades,output,kg*m**2,"[28846142.1823343  14423071.09116715 14423071.09116715        0.
        0.                0.        ]","mass moments of inertia of all blades in hub c.s. order:Ixx, Iyy, Izz, Ixy, Ixz, Iyz"
rotorse.re.sc_ss_mats,output,,"[[0. 0. 0. 0. 0. 0. 0. 0. 0.]
 [0. 0. 0. 0. 0. 0. 0. 0. 0.]
 [0. 0. 0. 0. 0. 0. 0. 0. 0.]
 [1. 1. 0. 1. 0. 0. 0. 0. 0.]
 [1. 1. 0. 1. 0. 0. 0. 0. 0.]
 [1. 1. 0. 1. 0. 0. 0. 0. 0.]
 [1. 1. 0. 1. 0. 0. 0. 0. 0.]
 [1. 1. 0. 1. 0. 0. 0. 0. 0.]
 [1. 1. 0. 1. 0. 0. 0. 0. 0.]
 [1. 1. 0. 1. 0. 0. 0. 0. 0.]
 [1. 1. 0. 1. 0. 0. 0. 0. 0.]
 [1. 1. 0. 1. 0. 0. 0. 0. 0.]
 [1. 1. 0. 1. 0. 0. 0. 0. 0.]
 [1. 1. 0. 1. 0. 0. 0. 0. 0.]
 [1. 1. 0. 1. 0. 0. 0. 0. 0.]
 [1. 1. 0. 1. 0. 0. 0. 0. 0.]
 [1. 1. 0. 1. 0. 0. 0. 0. 0.]
 [1. 1. 0. 1. 0. 0. 0. 0. 0.]
 [1. 1. 0. 1. 0. 0. 0. 0. 0.]
 [1. 1. 0. 1. 0. 0. 0. 0. 0.]
 [1. 1. 0. 1. 0. 0. 0. 0. 0.]
 [1. 1. 0. 1. 0. 0. 0. 0. 0.]
 [1. 1. 0. 1. 0. 0. 0. 0. 0.]
 [1. 1. 0. 1. 0. 0. 0. 0. 0.]
 [1. 1. 0. 1. 0. 0. 0. 0. 0.]
 [1. 1. 0. 1. 0. 0. 0. 0. 0.]
 [1. 1. 0. 1. 0. 0. 0. 0. 0.]
 [1. 1. 0. 1. 0. 0. 0. 0. 0.]
 [0. 0. 0. 0. 0. 0. 0. 0. 0.]
 [0. 0. 0. 0. 0. 0. 0. 0. 0.]]","spar cap, suction side,  boolean of materials in each composite layer spanwise, passed as floats for differentiablity, used for Fatigue Analysis"
rotorse.re.sc_ps_mats,output,,"[[0. 0. 0. 0. 0. 0. 0. 0. 0.]
 [0. 0. 0. 0. 0. 0. 0. 0. 0.]
 [0. 0. 0. 0. 0. 0. 0. 0. 0.]
 [1. 1. 0. 1. 0. 0. 0. 0. 0.]
 [1. 1. 0. 1. 0. 0. 0. 0. 0.]
 [1. 1. 0. 1. 0. 0. 0. 0. 0.]
 [1. 1. 0. 1. 0. 0. 0. 0. 0.]
 [1. 1. 0. 1. 0. 0. 0. 0. 0.]
 [1. 1. 0. 1. 0. 0. 0. 0. 0.]
 [1. 1. 0. 1. 0. 0. 0. 0. 0.]
 [1. 1. 0. 1. 0. 0. 0. 0. 0.]
 [1. 1. 0. 1. 0. 0. 0. 0. 0.]
 [1. 1. 0. 1. 0. 0. 0. 0. 0.]
 [1. 1. 0. 1. 0. 0. 0. 0. 0.]
 [1. 1. 0. 1. 0. 0. 0. 0. 0.]
 [1. 1. 0. 1. 0. 0. 0. 0. 0.]
 [1. 1. 0. 1. 0. 0. 0. 0. 0.]
 [1. 1. 0. 1. 0. 0. 0. 0. 0.]
 [1. 1. 0. 1. 0. 0. 0. 0. 0.]
 [1. 1. 0. 1. 0. 0. 0. 0. 0.]
 [1. 1. 0. 1. 0. 0. 0. 0. 0.]
 [1. 1. 0. 1. 0. 0. 0. 0. 0.]
 [1. 1. 0. 1. 0. 0. 0. 0. 0.]
 [1. 1. 0. 1. 0. 0. 0. 0. 0.]
 [1. 1. 0. 1. 0. 0. 0. 0. 0.]
 [1. 1. 0. 1. 0. 0. 0. 0. 0.]
 [1. 1. 0. 1. 0. 0. 0. 0. 0.]
 [1. 1. 0. 1. 0. 0. 0. 0. 0.]
 [0. 0. 0. 0. 0. 0. 0. 0. 0.]
 [0. 0. 0. 0. 0. 0. 0. 0. 0.]]","spar cap, pressure side, boolean of materials in each composite layer spanwise, passed as floats for differentiablity, used for Fatigue Analysis"
rotorse.re.te_ss_mats,output,,"[[0. 0. 0. 0. 0. 0. 0. 0. 0.]
 [0. 0. 0. 0. 0. 0. 0. 0. 0.]
 [0. 0. 0. 0. 0. 0. 0. 0. 0.]
 [1. 1. 0. 1. 0. 0. 0. 0. 0.]
 [1. 1. 0. 1. 0. 0. 0. 0. 0.]
 [1. 1. 0. 1. 0. 0. 0. 0. 0.]
 [1. 1. 0. 1. 0. 0. 0. 0. 0.]
 [1. 1. 0. 1. 0. 0. 0. 0. 0.]
 [1. 1. 0. 1. 0. 0. 0. 0. 0.]
 [1. 1. 0. 1. 0. 0. 0. 0. 0.]
 [1. 1. 0. 1. 0. 0. 0. 0. 0.]
 [1. 1. 0. 1. 0. 0. 0. 0. 0.]
 [1. 1. 0. 1. 0. 0. 0. 0. 0.]
 [1. 1. 0. 1. 0. 0. 0. 0. 0.]
 [1. 1. 0. 1. 0. 0. 0. 0. 0.]
 [1. 1. 0. 1. 0. 0. 0. 0. 0.]
 [1. 1. 0. 1. 0. 0. 0. 0. 0.]
 [1. 1. 0. 1. 0. 0. 0. 0. 0.]
 [1. 1. 0. 1. 0. 0. 0. 0. 0.]
 [1. 1. 0. 1. 0. 0. 0. 0. 0.]
 [1. 1. 0. 1. 0. 0. 0. 0. 0.]
 [1. 1. 0. 1. 0. 0. 0. 0. 0.]
 [1. 1. 0. 1. 0. 0. 0. 0. 0.]
 [1. 1. 0. 1. 0. 0. 0. 0. 0.]
 [0. 0. 0. 0. 0. 0. 0. 0. 0.]
 [0. 0. 0. 0. 0. 0. 0. 0. 0.]
 [0. 0. 0. 0. 0. 0. 0. 0. 0.]
 [0. 0. 0. 0. 0. 0. 0. 0. 0.]
 [0. 0. 0. 0. 0. 0. 0. 0. 0.]
 [0. 0. 0. 0. 0. 0. 0. 0. 0.]]","trailing edge reinforcement, suction side,  boolean of materials in each composite layer spanwise, passed as floats for differentiablity, used for Fatigue Analysis"
rotorse.re.te_ps_mats,output,,"[[0. 0. 0. 0. 0. 0. 0. 0. 0.]
 [0. 0. 0. 0. 0. 0. 0. 0. 0.]
 [0. 0. 0. 0. 0. 0. 0. 0. 0.]
 [1. 1. 0. 1. 1. 0. 0. 0. 0.]
 [1. 1. 0. 1. 1. 0. 0. 0. 0.]
 [1. 1. 0. 1. 0. 0. 0. 0. 0.]
 [1. 1. 0. 1. 0. 0. 0. 0. 0.]
 [1. 1. 0. 1. 0. 0. 0. 0. 0.]
 [1. 1. 0. 1. 0. 0. 0. 0. 0.]
 [1. 1. 0. 1. 0. 0. 0. 0. 0.]
 [1. 1. 0. 1. 0. 0. 0. 0. 0.]
 [1. 1. 0. 1. 0. 0. 0. 0. 0.]
 [1. 1. 0. 1. 0. 0. 0. 0. 0.]
 [1. 1. 0. 1. 0. 0. 0. 0. 0.]
 [1. 1. 0. 1. 0. 0. 0. 0. 0.]
 [1. 1. 0. 1. 0. 0. 0. 0. 0.]
 [1. 1. 0. 1. 0. 0. 0. 0. 0.]
 [1. 1. 0. 1. 0. 0. 0. 0. 0.]
 [1. 1. 0. 1. 0. 0. 0. 0. 0.]
 [1. 1. 0. 1. 0. 0. 0. 0. 0.]
 [1. 1. 0. 1. 0. 0. 0. 0. 0.]
 [1. 1. 0. 1. 0. 0. 0. 0. 0.]
 [1. 1. 0. 1. 0. 0. 0. 0. 0.]
 [1. 1. 0. 1. 0. 0. 0. 0. 0.]
 [0. 0. 0. 0. 0. 0. 0. 0. 0.]
 [0. 0. 0. 0. 0. 0. 0. 0. 0.]
 [0. 0. 0. 0. 0. 0. 0. 0. 0.]
 [0. 0. 0. 0. 0. 0. 0. 0. 0.]
 [0. 0. 0. 0. 0. 0. 0. 0. 0.]
 [0. 0. 0. 0. 0. 0. 0. 0. 0.]]","trailing edge reinforcement, pressure side, boolean of materials in each composite layer spanwise, passed as floats for differentiablity, used for Fatigue Analysis"
rotorse.total_bc.total_blade_cost,output,USD,[175423.97071225],"Total blade cost (variable and fixed). For segmented blades, this is the total of inner+outer+joint"
rotorse.wt_class.V_mean,output,m/s,[7.5],
rotorse.wt_class.V_extreme1,output,m/s,[30.],
rotorse.wt_class.V_extreme50,output,m/s,[52.5],
af_3d.cl_corrected,output,,"[[[[ 0.00000000e+00]]

  [[ 0.00000000e+00]]

  [[ 0.00000000e+00]]

  ...

  [[ 0.00000000e+00]]

  [[ 0.00000000e+00]]

  [[ 0.00000000e+00]]]


 [[[ 7.15569904e-05]]

  [[ 6.23768336e-03]]

  [[ 1.25964737e-02]]

  ...

  [[-1.25964737e-02]]

  [[-6.23768336e-03]]

  [[ 7.15569904e-05]]]


 [[[ 6.06785926e-04]]

  [[ 5.28940423e-02]]

  [[ 1.06895378e-01]]

  ...

  [[-1.06895378e-01]]

  [[-5.28940423e-02]]

  [[ 6.06785926e-04]]]


 ...


 [[[ 1.61056220e-03]]

  [[ 1.49675965e-01]]

  [[ 3.02327827e-01]]

  ...

  [[-2.83002022e-01]]

  [[-1.40393892e-01]]

  [[ 1.61056220e-03]]]


 [[[ 1.61056220e-03]]

  [[ 1.49675965e-01]]

  [[ 3.02327827e-01]]

  ...

  [[-2.83002022e-01]]

  [[-1.40393892e-01]]

  [[ 1.61056220e-03]]]


 [[[ 1.61056220e-03]]

  [[ 1.49675965e-01]]

  [[ 3.02327827e-01]]

  ...

  [[-2.83002022e-01]]

  [[-1.40393892e-01]]

  [[ 1.61056220e-03]]]]",Lift coefficient corrected with CCBlade.Polar.
af_3d.cd_corrected,output,,"[[[[0.5       ]]

  [[0.5       ]]

  [[0.5       ]]

  ...

  [[0.5       ]]

  [[0.5       ]]

  [[0.5       ]]]


 [[[0.49827287]]

  [[0.49937384]]

  [[0.49941838]]

  ...

  [[0.49941838]]

  [[0.49937384]]

  [[0.49827287]]]


 [[[0.44384458]]

  [[0.45178323]]

  [[0.45477177]]

  ...

  [[0.45477177]]

  [[0.45178323]]

  [[0.44384458]]]


 ...


 [[[0.037696  ]]

  [[0.037696  ]]

  [[0.04025918]]

  ...

  [[0.04229535]]

  [[0.0382528 ]]

  [[0.03769608]]]


 [[[0.037696  ]]

  [[0.037696  ]]

  [[0.04025918]]

  ...

  [[0.04229535]]

  [[0.0382528 ]]

  [[0.03769608]]]


 [[[0.037696  ]]

  [[0.037696  ]]

  [[0.04025918]]

  ...

  [[0.04229535]]

  [[0.0382528 ]]

  [[0.03769608]]]]",Drag coefficient corrected with CCBlade.Polar.
af_3d.cm_corrected,output,,"[[[[ 2.16840434e-19]]

  [[ 0.00000000e+00]]

  [[ 0.00000000e+00]]

  ...

  [[ 0.00000000e+00]]

  [[ 0.00000000e+00]]

  [[ 2.16840434e-19]]]


 [[[ 1.11539157e-04]]

  [[ 7.77837010e-03]]

  [[ 1.60285275e-02]]

  ...

  [[-2.00356594e-02]]

  [[-9.72296262e-03]]

  [[ 1.11539157e-04]]]


 [[[ 9.06500889e-04]]

  [[ 6.32163593e-02]]

  [[ 1.30267028e-01]]

  ...

  [[-1.62833785e-01]]

  [[-7.90204491e-02]]

  [[ 9.06500889e-04]]]


 ...


 [[[ 2.03767521e-01]]

  [[ 2.00000000e-01]]

  [[ 2.20799783e-01]]

  ...

  [[-3.16976160e-01]]

  [[-9.71630272e-02]]

  [[ 2.03767521e-01]]]


 [[[ 2.03767521e-01]]

  [[ 2.00000000e-01]]

  [[ 2.20799783e-01]]

  ...

  [[-3.16976160e-01]]

  [[-9.71630272e-02]]

  [[ 2.03767521e-01]]]


 [[[ 2.03767521e-01]]

  [[ 2.00000000e-01]]

  [[ 2.20799783e-01]]

  ...

  [[-3.16976160e-01]]

  [[-9.71630272e-02]]

  [[ 2.03767521e-01]]]]",Moment coefficient corrected with CCblade.Polar.
airfoils.ac,output,,[0.25 0.25 0.25 0.25 0.25 0.25 0.5 ],1D array of the aerodynamic centers of each airfoil.
airfoils.r_thick,output,,[0.21 0.25 0.3  0.35 0.4  0.5  1.  ],1D array of the relative thicknesses of each airfoil.
airfoils.aoa,output,rad,"[-3.14159265 -3.08923278 -3.0368729  -2.98451302 -2.93215314 -2.87979327
 -2.82743339 -2.77507351 -2.72271363 -2.67035376 -2.61799388 -2.565634
 -2.51327412 -2.46091425 -2.40855437 -2.35619449 -2.30383461 -2.25147474
 -2.19911486 -2.14675498 -2.0943951  -2.04203522 -1.98967535 -1.93731547
 -1.88495559 -1.83259571 -1.78023584 -1.72787596 -1.67551608 -1.6231562
 -1.57079633 -1.51843645 -1.46607657 -1.41371669 -1.36135682 -1.30899694
 -1.25663706 -1.20427718 -1.15191731 -1.09955743 -1.04719755 -0.99483767
 -0.9424778  -0.89011792 -0.83775804 -0.78539816 -0.73303829 -0.68067841
 -0.62831853 -0.57595865 -0.52359878 -0.51302102 -0.50244327 -0.49186552
 -0.48128776 -0.47071001 -0.46013226 -0.4495545  -0.43897675 -0.428399
 -0.41782125 -0.40724349 -0.39666574 -0.38608799 -0.37551023 -0.36493248
 -0.35435473 -0.34377697 -0.33319922 -0.32262147 -0.31204371 -0.30146596
 -0.29088821 -0.28031046 -0.2697327  -0.25915495 -0.2485772  -0.23799944
 -0.22742169 -0.21684394 -0.20626618 -0.19568843 -0.18511068 -0.17453293
 -0.16395517 -0.15337742 -0.14279967 -0.13222191 -0.12164416 -0.11106641
 -0.10048865 -0.0899109  -0.07933315 -0.06875539 -0.05817764 -0.04759989
 -0.03702214 -0.02644438 -0.01586663 -0.00528888  0.00528888  0.01586663
  0.02644438  0.03702214  0.04759989  0.05817764  0.06875539  0.07933315
  0.0899109   0.10048865  0.11106641  0.12164416  0.13222191  0.14279967
  0.15337742  0.16395517  0.17453293  0.18511068  0.19568843  0.20626618
  0.21684394  0.22742169  0.23799944  0.2485772   0.25915495  0.2697327
  0.28031046  0.29088821  0.30146596  0.31204371  0.32262147  0.33319922
  0.34377697  0.35435473  0.36493248  0.37551023  0.38608799  0.39666574
  0.40724349  0.41782125  0.428399    0.43897675  0.4495545   0.46013226
  0.47071001  0.48128776  0.49186552  0.50244327  0.51302102  0.52359878
  0.57595865  0.62831853  0.68067841  0.73303829  0.78539816  0.83775804
  0.89011792  0.9424778   0.99483767  1.04719755  1.09955743  1.15191731
  1.20427718  1.25663706  1.30899694  1.36135682  1.41371669  1.46607657
  1.51843645  1.57079633  1.6231562   1.67551608  1.72787596  1.78023584
  1.83259571  1.88495559  1.93731547  1.98967535  2.04203522  2.0943951
  2.14675498  2.19911486  2.25147474  2.30383461  2.35619449  2.40855437
  2.46091425  2.51327412  2.565634    2.61799388  2.67035376  2.72271363
  2.77507351  2.82743339  2.87979327  2.93215314  2.98451302  3.0368729
  3.08923278  3.14159265]",1D array of the angles of attack used to define the polars of the airfoils. All airfoils defined in openmdao share this grid.
airfoils.Re,output,,[6000000.],1D array of the Reynolds numbers used to define the polars of the airfoils. All airfoils defined in openmdao share this grid.
airfoils.cl,output,,"[[[[ 0.00161056]]

  [[ 0.14967597]]

  [[ 0.30232783]]

  ...

  [[-0.28300202]]

  [[-0.14039389]]

  [[ 0.00161056]]]


 [[[ 0.00118428]]

  [[ 0.10853719]]

  [[ 0.21785002]]

  ...

  [[-0.2072071 ]]

  [[-0.1032345 ]]

  [[ 0.00118428]]]


 [[[ 0.00119483]]

  [[ 0.10945512]]

  [[ 0.21969285]]

  ...

  [[-0.20905324]]

  [[-0.10415446]]

  [[ 0.00119483]]]


 ...


 [[[ 0.00169089]]

  [[ 0.14739668]]

  [[ 0.29886003]]

  ...

  [[-0.29886003]]

  [[-0.14739668]]

  [[ 0.00169089]]]


 [[[ 0.00150942]]

  [[ 0.13157748]]

  [[ 0.26654155]]

  ...

  [[-0.26654155]]

  [[-0.13157748]]

  [[ 0.00150942]]]


 [[[ 0.        ]]

  [[ 0.        ]]

  [[ 0.        ]]

  ...

  [[ 0.        ]]

  [[ 0.        ]]

  [[ 0.        ]]]]","4D array with the lift coefficients of the airfoils. Dimension 0 is along the different airfoils defined in the yaml, dimension 1 is along the angles of attack, dimension 2 is along the Reynolds number, dimension 3 is along the number of tabs, which may describe multiple sets at the same station, for example in presence of a flap."
airfoils.cd,output,,"[[[[0.037696  ]]

  [[0.037696  ]]

  [[0.04025918]]

  ...

  [[0.04229535]]

  [[0.0382528 ]]

  [[0.03769608]]]


 [[[0.056205  ]]

  [[0.056205  ]]

  [[0.06025173]]

  ...

  [[0.06180774]]

  [[0.05663133]]

  [[0.05620506]]]


 [[[0.046744  ]]

  [[0.046744  ]]

  [[0.05010956]]

  ...

  [[0.05204462]]

  [[0.04727916]]

  [[0.04674407]]]


 ...


 [[[0.01      ]]

  [[0.01      ]]

  [[0.01      ]]

  ...

  [[0.01      ]]

  [[0.01      ]]

  [[0.01      ]]]


 [[[0.15447479]]

  [[0.16551495]]

  [[0.17622502]]

  ...

  [[0.17622502]]

  [[0.16551495]]

  [[0.15447479]]]


 [[[0.5       ]]

  [[0.5       ]]

  [[0.5       ]]

  ...

  [[0.5       ]]

  [[0.5       ]]

  [[0.5       ]]]]","4D array with the drag coefficients of the airfoils. Dimension 0 is along the different airfoils defined in the yaml, dimension 1 is along the angles of attack, dimension 2 is along the Reynolds number, dimension 3 is along the number of tabs, which may describe multiple sets at the same station, for example in presence of a flap."
airfoils.cm,output,,"[[[[ 0.20376752]]

  [[ 0.2       ]]

  [[ 0.22079978]]

  ...

  [[-0.31697616]]

  [[-0.09716303]]

  [[ 0.20376752]]]


 [[[ 0.00171525]]

  [[ 0.11961589]]

  [[ 0.24648694]]

  ...

  [[-0.30810388]]

  [[-0.14951987]]

  [[ 0.00171525]]]


 [[[ 0.00171525]]

  [[ 0.11961589]]

  [[ 0.24648694]]

  ...

  [[-0.30810867]]

  [[-0.14951987]]

  [[ 0.00171525]]]


 ...


 [[[ 0.00171525]]

  [[ 0.11961589]]

  [[ 0.24648694]]

  ...

  [[-0.30810867]]

  [[-0.14951987]]

  [[ 0.00171525]]]


 [[[ 0.00171525]]

  [[ 0.11961589]]

  [[ 0.24648694]]

  ...

  [[-0.30810867]]

  [[-0.14951987]]

  [[ 0.00171525]]]


 [[[ 0.        ]]

  [[ 0.        ]]

  [[ 0.        ]]

  ...

  [[ 0.        ]]

  [[ 0.        ]]

  [[ 0.        ]]]]","4D array with the moment coefficients of the airfoils. Dimension 0 is along the different airfoils defined in the yaml, dimension 1 is along the angles of attack, dimension 2 is along the Reynolds number, dimension 3 is along the number of tabs, which may describe multiple sets at the same station, for example in presence of a flap."
airfoils.coord_xy,output,,"[[[ 1.00000000e+00 -1.39000116e-03]
  [ 9.76041164e-01  1.45768394e-03]
  [ 9.52121911e-01  4.43485592e-03]
  ...
  [ 9.53145851e-01  1.32310193e-02]
  [ 9.76587857e-01  7.41908181e-03]
  [ 1.00000000e+00  1.39000116e-03]]

 [[ 1.00000000e+00  0.00000000e+00]
  [ 9.76929663e-01  5.57238853e-04]
  [ 9.54063957e-01  4.51429912e-03]
  ...
  [ 9.57409548e-01  1.48735183e-02]
  [ 9.79378651e-01  9.07063465e-03]
  [ 1.00000000e+00  7.04731414e-19]]

 [[ 1.00000000e+00 -8.70000000e-03]
  [ 9.75166764e-01 -3.19401804e-03]
  [ 9.49926694e-01 -2.39196736e-04]
  ...
  [ 9.53041209e-01  2.12373413e-02]
  [ 9.76543751e-01  1.51021375e-02]
  [ 1.00000000e+00  8.70000000e-03]]

 ...

 [[ 1.00000000e+00 -6.20000627e-02]
  [ 9.97623314e-01 -8.10161701e-02]
  [ 9.92090785e-01 -9.12693802e-02]
  ...
  [ 9.96942317e-01 -1.14556419e-02]
  [ 9.99186413e-01 -2.83283436e-02]
  [ 1.00000000e+00 -4.70000475e-02]]

 [[ 1.00000000e+00 -8.40013004e-02]
  [ 9.95824148e-01 -9.98470875e-02]
  [ 9.91908208e-01 -1.15746094e-01]
  ...
  [ 9.96445316e-01 -2.03823373e-02]
  [ 9.98197884e-01 -3.96907249e-02]
  [ 1.00000000e+00 -5.90009134e-02]]

 [[ 1.00000000e+00  0.00000000e+00]
  [ 9.99492456e-01 -2.24148318e-02]
  [ 9.97998443e-01 -4.47793323e-02]
  ...
  [ 9.98052103e-01  4.41573285e-02]
  [ 9.99507691e-01  2.21028728e-02]
  [ 1.00000000e+00 -4.69894578e-19]]]",3D array of the x and y airfoil coordinates of the n_af airfoils.
airfoils.name,output,n/a,"['DU08-W-210', 'DU91-W2-250', 'DU97-W-300', 'DU00-W2-350', 'FX77-W-400', 'FX77-W-500', 'cylinder']",1D array of names of airfoils.
blade.compute_coord_xy_dim.coord_xy_dim,output,m,"[[[ 1.30000000e+00  3.62626595e-15]
  [ 1.29868039e+00 -5.82785627e-02]
  [ 1.29479595e+00 -1.16426264e-01]
  ...
  [ 1.29493547e+00  1.14809054e-01]
  [ 1.29872000e+00  5.74674694e-02]
  [ 1.30000000e+00  3.62626595e-15]]

 [[ 1.37145261e+00 -8.35356899e-03]
  [ 1.36910549e+00 -6.52362301e-02]
  [ 1.36505585e+00 -1.23550881e-01]
  ...
  [ 1.36586897e+00  1.16367833e-01]
  [ 1.36979328e+00  5.77202177e-02]
  [ 1.37145261e+00 -3.86797649e-04]]

 [[ 1.78319279e+00 -5.88926403e-02]
  [ 1.77388835e+00 -1.10202607e-01]
  [ 1.76708372e+00 -1.69375922e-01]
  ...
  [ 1.77390482e+00  1.29940382e-01]
  [ 1.77893085e+00  6.31630667e-02]
  [ 1.78319279e+00 -3.35051408e-04]]

 ...

 [[ 1.01678897e+00 -1.73063212e-03]
  [ 9.83394543e-01  2.78051470e-03]
  [ 9.50055287e-01  6.63051156e-03]
  ...
  [ 9.51482481e-01  1.85500608e-02]
  [ 9.84156538e-01  1.04055003e-02]
  [ 1.01678897e+00  2.14420491e-03]]

 [[ 6.76212012e-01 -1.14485427e-03]
  [ 6.54120805e-01  1.83937655e-03]
  [ 6.32066095e-01  4.38624096e-03]
  ...
  [ 6.33010218e-01  1.22713060e-02]
  [ 6.54624883e-01  6.88348571e-03]
  [ 6.76212012e-01  1.41844250e-03]]

 [[ 1.50000000e-01 -2.48328447e-04]
  [ 1.45208233e-01  3.98976124e-04]
  [ 1.40424382e-01  9.51412271e-04]
  ...
  [ 1.40629170e-01  2.66174869e-03]
  [ 1.45317571e-01  1.49308550e-03]
  [ 1.50000000e-01  3.07672016e-04]]]",3D array of the dimensional x and y airfoil coordinates of the airfoils interpolated along span for n_span stations. The origin is placed at the pitch axis.
blade.compute_coord_xy_dim.coord_xy_dim_twisted,output,m,"[[[ 1.22162968  0.44454574]
  [ 1.24031846  0.38932924]
  [ 1.25655228  0.33335865]
  ...
  [ 1.17761056  0.55070169]
  [ 1.20077537  0.49811109]
  [ 1.22162968  0.44454574]]

 [[ 1.29588324  0.44904193]
  [ 1.31262146  0.39462706]
  [ 1.3282315   0.33829479]
  ...
  [ 1.24906596  0.56477761]
  [ 1.27230532  0.51078803]
  [ 1.29322901  0.45655355]]

 [[ 1.70740429  0.5177021 ]
  [ 1.71509516  0.46612559]
  [ 1.72768187  0.40790739]
  ...
  [ 1.63788194  0.69351682]
  [ 1.66411623  0.63190325]
  [ 1.68857246  0.57314895]]

 ...

 [[ 1.01590197 -0.04249688]
  [ 0.98271527 -0.03665043]
  [ 0.94955719 -0.03146681]
  ...
  [ 0.95146114 -0.01961407]
  [ 0.98378237 -0.02906213]
  [ 1.01605733 -0.03862516]]

 [[ 0.67500292 -0.04043587]
  [ 0.65312244 -0.03617302]
  [ 0.63125299 -0.03234892]
  ...
  [ 0.6326537  -0.02453204]
  [ 0.65391877 -0.03116673]
  [ 0.67515186 -0.03787691]]

 [[ 0.1494881  -0.01238423]
  [ 0.14476442 -0.01135134]
  [ 0.14004095 -0.01041365]
  ...
  [ 0.14038345 -0.00872549]
  [ 0.14496193 -0.01026967]
  [ 0.14953309 -0.01183006]]]",3D array of the dimensional x and y airfoil coordinates of the airfoils interpolated along span for n_span stations. The origin is placed at the pitch axis.
blade.compute_coord_xy_dim.wetted_area,output,m**2,[69.26027394],The wetted (painted) surface area of the blade
blade.compute_coord_xy_dim.projected_area,output,m**2,[69.7974979],The projected surface area of the blade
blade.compute_reynolds.Re,output,,"[ 4420444.10367162  4560132.44145425  5354506.86179349  6310319.40202537
  7239398.65008623  8089451.68542149  8853801.2954084   9504760.71535528
 10032470.20174568 10425580.43708432 10667159.59881015 10760877.69322913
 10706896.96173467 10525914.36855533 10261323.39746192  9972631.45823446
  9693293.49572714  9437449.88933756  9211082.1649322   9021623.45344526
  8882422.93936577  8803649.00431931  8796411.02610132  8870123.86216213
  9011245.68097083  9027128.98162991  8615116.67315977  7426625.74582191
  5071381.75396044  1134516.12720687]",
blade.fatigue.sparU_sigma_ult,output,Pa,[6.e+08],
blade.fatigue.sparU_wohlerA,output,Pa,[6.e+08],
blade.fatigue.sparU_wohlerexp,output,,[10.],
blade.fatigue.sparL_sigma_ult,output,Pa,[6.e+08],
blade.fatigue.sparL_wohlerA,output,Pa,[6.e+08],
blade.fatigue.sparL_wohlerexp,output,,[10.],
blade.fatigue.teU_sigma_ult,output,Pa,[6.e+08],
blade.fatigue.teU_wohlerA,output,Pa,[6.e+08],
blade.fatigue.teU_wohlerexp,output,,[10.],
blade.fatigue.teL_sigma_ult,output,Pa,[6.e+08],
blade.fatigue.teL_wohlerA,output,Pa,[6.e+08],
blade.fatigue.teL_wohlerexp,output,,[10.],
blade.high_level_blade_props.rotor_diameter,output,m,[130.],Diameter of the rotor used in WISDEM. It is defined as two times the blade length plus the hub diameter.
blade.high_level_blade_props.r_blade,output,m,"[ 2.          4.17241379  6.34482759  8.51724138 10.68965517 12.86206897
 15.03448276 17.20689655 19.37931034 21.55172414 23.72413793 25.89655172
 28.06896552 30.24137931 32.4137931  34.5862069  36.75862069 38.93103448
 41.10344828 43.27586207 45.44827586 47.62068966 49.79310345 51.96551724
 54.13793103 56.31034483 58.48275862 60.65517241 62.82758621 65.        ]",1D array of the dimensional spanwise grid defined along the rotor (hub radius to blade tip projected on the plane)
blade.high_level_blade_props.rotor_radius,output,m,[65.],"Scalar of the rotor radius, defined ignoring prebend and sweep curvatures, and cone and uptilt angles."
blade.high_level_blade_props.blade_ref_axis,output,m,"[[ 0.00000000e+00  0.00000000e+00  0.00000000e+00]
 [ 0.00000000e+00  0.00000000e+00  2.17241379e+00]
 [ 0.00000000e+00  0.00000000e+00  4.34482759e+00]
 [-3.96069335e-05  0.00000000e+00  6.51724138e+00]
 [-4.41888313e-03  0.00000000e+00  8.68965517e+00]
 [-1.47437694e-02  0.00000000e+00  1.08620690e+01]
 [-2.78568630e-02  0.00000000e+00  1.30344828e+01]
 [-4.57535116e-02  0.00000000e+00  1.52068966e+01]
 [-6.71775652e-02  0.00000000e+00  1.73793103e+01]
 [-9.31591116e-02  0.00000000e+00  1.95517241e+01]
 [-1.23411088e-01  0.00000000e+00  2.17241379e+01]
 [-1.58235516e-01  0.00000000e+00  2.38965517e+01]
 [-1.99036574e-01  0.00000000e+00  2.60689655e+01]
 [-2.45757463e-01  0.00000000e+00  2.82413793e+01]
 [-2.98408959e-01  0.00000000e+00  3.04137931e+01]
 [-3.57814145e-01  0.00000000e+00  3.25862069e+01]
 [-4.24076326e-01  0.00000000e+00  3.47586207e+01]
 [-4.98895254e-01  0.00000000e+00  3.69310345e+01]
 [-5.81761222e-01  0.00000000e+00  3.91034483e+01]
 [-6.75146021e-01  0.00000000e+00  4.12758621e+01]
 [-7.78279295e-01  0.00000000e+00  4.34482759e+01]
 [-8.93706090e-01  0.00000000e+00  4.56206897e+01]
 [-1.02166869e+00  0.00000000e+00  4.77931034e+01]
 [-1.16547581e+00  0.00000000e+00  4.99655172e+01]
 [-1.32474427e+00  0.00000000e+00  5.21379310e+01]
 [-1.50426524e+00  0.00000000e+00  5.43103448e+01]
 [-1.70625884e+00  0.00000000e+00  5.64827586e+01]
 [-1.93449304e+00  0.00000000e+00  5.86551724e+01]
 [-2.19383653e+00  0.00000000e+00  6.08275862e+01]
 [-2.50000000e+00  0.00000000e+00  6.30000000e+01]]","2D array of the coordinates (x,y,z) of the blade reference axis scaled based on rotor diameter, defined along blade span. The coordinate system is the one of BeamDyn: it is placed at blade root with x pointing the suction side of the blade, y pointing the trailing edge and z along the blade span. A standard configuration will have negative x values (prebend), if swept positive y values, and positive z values."
blade.high_level_blade_props.prebend,output,m,"[ 0.00000000e+00  0.00000000e+00  0.00000000e+00 -3.96069335e-05
 -4.41888313e-03 -1.47437694e-02 -2.78568630e-02 -4.57535116e-02
 -6.71775652e-02 -9.31591116e-02 -1.23411088e-01 -1.58235516e-01
 -1.99036574e-01 -2.45757463e-01 -2.98408959e-01 -3.57814145e-01
 -4.24076326e-01 -4.98895254e-01 -5.81761222e-01 -6.75146021e-01
 -7.78279295e-01 -8.93706090e-01 -1.02166869e+00 -1.16547581e+00
 -1.32474427e+00 -1.50426524e+00 -1.70625884e+00 -1.93449304e+00
 -2.19383653e+00 -2.50000000e+00]",Blade prebend at each section
blade.high_level_blade_props.prebendTip,output,m,[-2.5],Blade prebend at tip
blade.high_level_blade_props.presweep,output,m,"[0. 0. 0. 0. 0. 0. 0. 0. 0. 0. 0. 0. 0. 0. 0. 0. 0. 0. 0. 0. 0. 0. 0. 0.
 0. 0. 0. 0. 0. 0.]",Blade presweep at each section
blade.high_level_blade_props.presweepTip,output,m,[0.],Blade presweep at tip
blade.high_level_blade_props.blade_length,output,m,[63.09459977],"Scalar of the 3D blade length computed along its axis, scaled based on the user defined rotor diameter."
blade.internal_structure_2d_fem.joint_position,output,,[0.],Spanwise position of the segmentation joint.
blade.internal_structure_2d_fem.joint_mass,output,kg,[0.],Mass of the joint.
blade.internal_structure_2d_fem.joint_nonmaterial_cost,output,USD,[0.],Cost of the joint.
blade.internal_structure_2d_fem.d_f,output,m,[0.03],Diameter of the fastener
blade.internal_structure_2d_fem.sigma_max,output,Pa,[6.75e+08],Max stress on bolt
blade.internal_structure_2d_fem.joint_bolt,output,n/a,M30,"Type of bolt: M30, M36, or M48"
blade.internal_structure_2d_fem.reinforcement_layer_ss,output,n/a,joint_reinf_ss,"Layer identifier for the reinforcement layer at the join where bolts are inserted, suction side"
blade.internal_structure_2d_fem.reinforcement_layer_ps,output,n/a,joint_reinf_ps,"Layer identifier for the reinforcement layer at the join where bolts are inserted, pressure side"
blade.internal_structure_2d_fem.web_rotation,output,rad,"[[-0.349      -0.33965701 -0.32741368 -0.31081014 -0.27858944 -0.2354309
  -0.19864576 -0.1686555  -0.13843916 -0.11106032 -0.08612175 -0.06571169
  -0.05023676 -0.03944053 -0.03041456 -0.02364328 -0.01824169 -0.01263081
  -0.00691721 -0.00280744  0.00096308  0.00441804  0.00790973  0.01224484
   0.01713418  0.02222183  0.02894752  0.04010525  0.0581402   0.081     ]
 [-0.349      -0.33965701 -0.32741368 -0.31081014 -0.27858944 -0.2354309
  -0.19864576 -0.1686555  -0.13843916 -0.11106032 -0.08612175 -0.06571169
  -0.05023676 -0.03944053 -0.03041456 -0.02364328 -0.01824169 -0.01263081
  -0.00691721 -0.00280744  0.00096308  0.00441804  0.00790973  0.01224484
   0.01713418  0.02222183  0.02894752  0.04010525  0.0581402   0.081     ]]","2D array of the rotation angle of the shear webs in respect to the chord line. The first dimension represents each shear web, the second dimension represents each entry along blade span. If the rotation is equal to negative twist +- a constant, then the web is built straight."
blade.internal_structure_2d_fem.web_start_nd,output,,"[[0.19445041 0.20130844 0.2265798  0.29443028 0.32236939 0.33841748
  0.35046649 0.35848393 0.36788314 0.37368328 0.37648134 0.37821543
  0.37836435 0.37640734 0.37326706 0.37011846 0.36680881 0.36413453
  0.36168175 0.35890107 0.35727301 0.35606724 0.35601381 0.35840264
  0.36200779 0.36622096 0.37118645 0.37585834 0.35895191 0.36786986]
 [0.19445041 0.20130844 0.2265798  0.22014868 0.25239666 0.27119133
  0.28491374 0.29279574 0.30228526 0.30750775 0.30840526 0.30696831
  0.30287321 0.29557174 0.28596425 0.27542742 0.26417454 0.2534493
  0.2429885  0.23221659 0.22286363 0.21450911 0.20830707 0.20597046
  0.20616024 0.20487057 0.19594763 0.16476689 0.35895191 0.36786986]]","2D array of the non-dimensional start point defined along the outer profile of a web. The TE suction side is 0, the TE pressure side is 1. The first dimension represents each web, the second dimension represents each entry along blade span."
blade.internal_structure_2d_fem.web_end_nd,output,,"[[0.69445853 0.68705429 0.64852358 0.59481407 0.59124469 0.59656007
  0.59771822 0.60279558 0.61108141 0.61530721 0.61719344 0.61880392
  0.6208346  0.62409823 0.62831172 0.63246089 0.63643353 0.63903383
  0.64085578 0.64292298 0.64424092 0.64521151 0.64506029 0.64260635
  0.63907732 0.63507257 0.63061426 0.62696166 0.64593763 0.63918736]
 [0.69445853 0.68705429 0.64852358 0.66277183 0.65624104 0.66054108
  0.66068388 0.66599558 0.67462558 0.67989707 0.68402522 0.68905267
  0.69561116 0.70442369 0.71505935 0.72621723 0.73767642 0.74825165
  0.75829277 0.76845315 0.77735314 0.78528108 0.79113957 0.79334969
  0.79321163 0.79461715 0.80366753 0.83457068 0.64593763 0.63918736]]","2D array of the non-dimensional end point defined along the outer profile of a web. The TE suction side is 0, the TE pressure side is 1. The first dimension represents each web, the second dimension represents each entry along blade span."
blade.internal_structure_2d_fem.web_offset_y_pa,output,m,"[[ 0.          0.          0.         -0.25690553 -0.24752998 -0.23845688
  -0.23163199 -0.22245304 -0.21289352 -0.20673231 -0.19748705 -0.1884558
  -0.18155514 -0.17250793 -0.1635676  -0.15699808 -0.14746376 -0.1392591
  -0.13181691 -0.12206055 -0.11439878 -0.10671818 -0.09725758 -0.09014404
  -0.08167309 -0.07229802 -0.06539204 -0.05680662  0.          0.        ]
 [ 0.          0.          0.          0.34309447  0.35247002  0.36154312
   0.36836801  0.37754696  0.38710648  0.39326769  0.40251295  0.4115442
   0.41844486  0.42749207  0.4364324   0.44300192  0.45253624  0.4607409
   0.46818309  0.47793945  0.48560122  0.49328182  0.50274242  0.50985596
   0.51832691  0.52770198  0.53460796  0.54319338  0.          0.        ]]","2D array of the offset along the y axis to set the position of the shear webs. Positive values move the web towards the trailing edge, negative values towards the leading edge. The first dimension represents each shear web, the second dimension represents each entry along blade span."
blade.internal_structure_2d_fem.layer_rotation,output,rad,"[[ 0.          0.          0.          0.          0.          0.
   0.          0.          0.          0.          0.          0.
   0.          0.          0.          0.          0.          0.
   0.          0.          0.          0.          0.          0.
   0.          0.          0.          0.          0.          0.        ]
 [ 0.          0.          0.          0.          0.          0.
   0.          0.          0.          0.          0.          0.
   0.          0.          0.          0.          0.          0.
   0.          0.          0.          0.          0.          0.
   0.          0.          0.          0.          0.          0.        ]
 [-0.349      -0.33965701 -0.32741368 -0.31081014 -0.27858944 -0.2354309
  -0.19864576 -0.1686555  -0.13843916 -0.11106032 -0.08612175 -0.06571169
  -0.05023676 -0.03944053 -0.03041456 -0.02364328 -0.01824169 -0.01263081
  -0.00691721 -0.00280744  0.00096308  0.00441804  0.00790973  0.01224484
   0.01713418  0.02222183  0.02894752  0.04010525  0.0581402   0.081     ]
 [-0.349      -0.33965701 -0.32741368 -0.31081014 -0.27858944 -0.2354309
  -0.19864576 -0.1686555  -0.13843916 -0.11106032 -0.08612175 -0.06571169
  -0.05023676 -0.03944053 -0.03041456 -0.02364328 -0.01824169 -0.01263081
  -0.00691721 -0.00280744  0.00096308  0.00441804  0.00790973  0.01224484
   0.01713418  0.02222183  0.02894752  0.04010525  0.0581402   0.081     ]
 [ 0.          0.          0.          0.          0.          0.
   0.          0.          0.          0.          0.          0.
   0.          0.          0.          0.          0.          0.
   0.          0.          0.          0.          0.          0.
   0.          0.          0.          0.          0.          0.        ]
 [ 0.          0.          0.          0.          0.          0.
   0.          0.          0.          0.          0.          0.
   0.          0.          0.          0.          0.          0.
   0.          0.          0.          0.          0.          0.
   0.          0.          0.          0.          0.          0.        ]
 [ 0.          0.          0.          0.          0.          0.
   0.          0.          0.          0.          0.          0.
   0.          0.          0.          0.          0.          0.
   0.          0.          0.          0.          0.          0.
   0.          0.          0.          0.          0.          0.        ]
 [ 0.          0.          0.          0.          0.          0.
   0.          0.          0.          0.          0.          0.
   0.          0.          0.          0.          0.          0.
   0.          0.          0.          0.          0.          0.
   0.          0.          0.          0.          0.          0.        ]
 [ 0.          0.          0.          0.          0.          0.
   0.          0.          0.          0.          0.          0.
   0.          0.          0.          0.          0.          0.
   0.          0.          0.          0.          0.          0.
   0.          0.          0.          0.          0.          0.        ]
 [ 0.          0.          0.          0.          0.          0.
   0.          0.          0.          0.          0.          0.
   0.          0.          0.          0.          0.          0.
   0.          0.          0.          0.          0.          0.
   0.          0.          0.          0.          0.          0.        ]
 [ 0.          0.          0.          0.          0.          0.
   0.          0.          0.          0.          0.          0.
   0.          0.          0.          0.          0.          0.
   0.          0.          0.          0.          0.          0.
   0.          0.          0.          0.          0.          0.        ]
 [ 0.          0.          0.          0.          0.          0.
   0.          0.          0.          0.          0.          0.
   0.          0.          0.          0.          0.          0.
   0.          0.          0.          0.          0.          0.
   0.          0.          0.          0.          0.          0.        ]
 [ 0.          0.          0.          0.          0.          0.
   0.          0.          0.          0.          0.          0.
   0.          0.          0.          0.          0.          0.
   0.          0.          0.          0.          0.          0.
   0.          0.          0.          0.          0.          0.        ]
 [ 0.          0.          0.          0.          0.          0.
   0.          0.          0.          0.          0.          0.
   0.          0.          0.          0.          0.          0.
   0.          0.          0.          0.          0.          0.
   0.          0.          0.          0.          0.          0.        ]
 [ 0.          0.          0.          0.          0.          0.
   0.          0.          0.          0.          0.          0.
   0.          0.          0.          0.          0.          0.
   0.          0.          0.          0.          0.          0.
   0.          0.          0.          0.          0.          0.        ]
 [ 0.          0.          0.          0.          0.          0.
   0.          0.          0.          0.          0.          0.
   0.          0.          0.          0.          0.          0.
   0.          0.          0.          0.          0.          0.
   0.          0.          0.          0.          0.          0.        ]
 [ 0.          0.          0.          0.          0.          0.
   0.          0.          0.          0.          0.          0.
   0.          0.          0.          0.          0.          0.
   0.          0.          0.          0.          0.          0.
   0.          0.          0.          0.          0.          0.        ]]","2D array of the rotation angle of a layer in respect to the chord line. The first dimension represents each layer, the second dimension represents each entry along blade span. If the rotation is equal to negative twist +- a constant, then the layer is built straight."
blade.internal_structure_2d_fem.layer_start_nd,output,,"[[0.         0.         0.         0.         0.         0.
  0.         0.         0.         0.         0.         0.
  0.         0.         0.         0.         0.         0.
  0.         0.         0.         0.         0.         0.
  0.         0.         0.         0.         0.         0.        ]
 [0.         0.         0.         0.         0.         0.
  0.         0.         0.         0.         0.         0.
  0.         0.         0.         0.         0.         0.
  0.         0.         0.         0.         0.         0.
  0.         0.         0.         0.         0.         0.        ]
 [0.19445041 0.20130844 0.2265798  0.21195146 0.24423949 0.26240308
  0.27591132 0.28350144 0.29249689 0.29719846 0.29752394 0.29539555
  0.29050148 0.28241674 0.27207336 0.26081831 0.24869462 0.23679379
  0.22500023 0.21297439 0.20257907 0.19328873 0.18623631 0.18316605
  0.18277615 0.18066736 0.16993384 0.13438825 0.35895191 0.36786986]
 [0.69445853 0.68705429 0.64852358 0.58482113 0.58118666 0.58667843
  0.58797072 0.59281514 0.60077418 0.60468487 0.6061418  0.60720639
  0.6085447  0.61091051 0.61402451 0.61696706 0.61968672 0.620981
  0.62147774 0.62223368 0.62231315 0.62214075 0.621004   0.61779227
  0.61371905 0.60885597 0.602248   0.59304387 0.64593763 0.63918736]
 [0.49999717 0.4963172  0.47431932 0.41991694 0.4244917  0.43073989
  0.43459367 0.44232803 0.45466994 0.45953848 0.45811215 0.45655127
  0.45460498 0.45199297 0.44859036 0.4442757  0.43870961 0.43219529
  0.42535137 0.41889375 0.41313528 0.40772906 0.4028166  0.39876593
  0.49788571 0.49731282 0.49709892 0.49709891 0.49709891 0.49709891]
 [1.         1.         1.         0.95557515 0.95715061 0.95783499
  0.95849669 0.95820407 0.9578399  0.95707222 0.95553582 0.95325639
  0.95027812 0.94661225 0.94234097 0.93767601 0.93270312 0.92742367
  0.92201525 0.91670185 0.91170666 0.90711977 0.90315323 0.90005551
  1.         1.         1.         1.         1.         1.        ]
 [0.         0.         0.         0.         0.         0.
  0.         0.         0.         0.         0.         0.
  0.         0.         0.         0.         0.         0.
  0.         0.         0.         0.         0.         0.
  0.         0.         0.         0.         0.         0.        ]
 [0.         0.         0.         0.04442485 0.04284939 0.04216501
  0.04150331 0.04179593 0.0421601  0.04292778 0.04446418 0.04674361
  0.04972188 0.05338775 0.05765903 0.06232399 0.06729688 0.07257633
  0.07798475 0.08329815 0.08829334 0.09288023 0.09684677 0.09994449
  0.         0.         0.         0.         0.         0.        ]
 [0.19445041 0.20130844 0.2265798  0.30080117 0.32993827 0.3467331
  0.35891794 0.36709331 0.3768171  0.38305401 0.3864523  0.38888276
  0.38994524 0.38919224 0.38739142 0.38546629 0.38328839 0.38194645
  0.38096972 0.3795707  0.37916575 0.3790492  0.37992984 0.38305503
  0.38720305 0.39228466 0.39939663 0.40941263 0.35895191 0.36786986]
 [0.49999717 0.4963172  0.47431932 0.50876665 0.51019048 0.51506991
  0.51760029 0.5259199  0.53899015 0.54539403 0.54704051 0.55003848
  0.55404875 0.55876848 0.56390842 0.56892369 0.57330337 0.57734795
  0.58132087 0.58549006 0.58972196 0.59348953 0.59651013 0.59865492
  0.49788571 0.49731282 0.49709892 0.49709891 0.49709891 0.49709891]
 [0.69445853 0.68705429 0.64852358 0.67367084 0.66688544 0.67100846
  0.67097734 0.676407   0.68509439 0.69054042 0.69507016 0.7006936
  0.70798847 0.71768602 0.72934257 0.74161505 0.75428049 0.76613366
  0.77744724 0.78882999 0.79889983 0.80790122 0.81469753 0.81768125
  0.81814595 0.82047328 0.83171079 0.86806825 0.64593763 0.63918736]
 [0.         0.         0.         0.         0.         0.
  0.         0.         0.         0.         0.         0.
  0.         0.         0.         0.         0.         0.
  0.         0.         0.         0.         0.         0.
  0.         0.         0.         0.         0.         0.        ]
 [0.         0.         0.         0.         0.         0.
  0.         0.         0.         0.         0.         0.
  0.         0.         0.         0.         0.         0.
  0.         0.         0.         0.         0.         0.
  0.         0.         0.         0.         0.         0.        ]
 [0.         0.         0.         0.         0.         0.
  0.         0.         0.         0.         0.         0.
  0.         0.         0.         0.         0.         0.
  0.         0.         0.         0.         0.         0.
  0.         0.         0.         0.         0.         0.        ]
 [0.         0.         0.         0.         0.         0.
  0.         0.         0.         0.         0.         0.
  0.         0.         0.         0.         0.         0.
  0.         0.         0.         0.         0.         0.
  0.         0.         0.         0.         0.         0.        ]
 [0.         0.         0.         0.         0.         0.
  0.         0.         0.         0.         0.         0.
  0.         0.         0.         0.         0.         0.
  0.         0.         0.         0.         0.         0.
  0.         0.         0.         0.         0.         0.        ]
 [0.         0.         0.         0.         0.         0.
  0.         0.         0.         0.         0.         0.
  0.         0.         0.         0.         0.         0.
  0.         0.         0.         0.         0.         0.
  0.         0.         0.         0.         0.         0.        ]]","2D array of the non-dimensional start point defined along the outer profile of a layer. The TE suction side is 0, the TE pressure side is 1. The first dimension represents each layer, the second dimension represents each entry along blade span."
blade.internal_structure_2d_fem.layer_end_nd,output,,"[[1.         1.         1.         1.         1.         1.
  1.         1.         1.         1.         1.         1.
  1.         1.         1.         1.         1.         1.
  1.         1.         1.         1.         1.         1.
  1.         1.         1.         1.         1.         1.        ]
 [1.         1.         1.         1.         1.         1.
  1.         1.         1.         1.         1.         1.
  1.         1.         1.         1.         1.         1.
  1.         1.         1.         1.         1.         1.
  1.         1.         1.         1.         1.         1.        ]
 [0.19445041 0.20130844 0.2265798  0.30080117 0.32993827 0.3467331
  0.35891794 0.36709331 0.3768171  0.38305401 0.3864523  0.38888276
  0.38994524 0.38919224 0.38739142 0.38546629 0.38328839 0.38194645
  0.38096972 0.3795707  0.37916575 0.3790492  0.37992984 0.38305503
  0.38720305 0.39228466 0.39939663 0.40941263 0.35895191 0.36786986]
 [0.69445853 0.68705429 0.64852358 0.67367084 0.66688544 0.67100846
  0.67097734 0.676407   0.68509439 0.69054042 0.69507016 0.7006936
  0.70798847 0.71768602 0.72934257 0.74161505 0.75428049 0.76613366
  0.77744724 0.78882999 0.79889983 0.80790122 0.81469753 0.81768125
  0.81814595 0.82047328 0.83171079 0.86806825 0.64593763 0.63918736]
 [0.49999717 0.4963172  0.47431932 0.50876665 0.51019048 0.51506991
  0.51760029 0.5259199  0.53899015 0.54539403 0.54704051 0.55003848
  0.55404875 0.55876848 0.56390842 0.56892369 0.57330337 0.57734795
  0.58132087 0.58549006 0.58972196 0.59348953 0.59651013 0.59865492
  0.49788571 0.49731282 0.49709892 0.49709891 0.49709891 0.49709891]
 [1.         1.         1.         1.         1.         1.
  1.         1.         1.         1.         1.         1.
  1.         1.         1.         1.         1.         1.
  1.         1.         1.         1.         1.         1.
  1.         1.         1.         1.         1.         1.        ]
 [0.         0.         0.         0.04442485 0.04284939 0.04216501
  0.04150331 0.04179593 0.0421601  0.04292778 0.04446418 0.04674361
  0.04972188 0.05338775 0.05765903 0.06232399 0.06729688 0.07257633
  0.07798475 0.08329815 0.08829334 0.09288023 0.09684677 0.09994449
  0.         0.         0.         0.         0.         0.        ]
 [0.19445041 0.20130844 0.2265798  0.21195146 0.24423949 0.26240308
  0.27591132 0.28350144 0.29249689 0.29719846 0.29752394 0.29539555
  0.29050148 0.28241674 0.27207336 0.26081831 0.24869462 0.23679379
  0.22500023 0.21297439 0.20257907 0.19328873 0.18623631 0.18316605
  0.18277615 0.18066736 0.16993384 0.13438825 0.35895191 0.36786986]
 [0.49999717 0.4963172  0.47431932 0.41991694 0.4244917  0.43073989
  0.43459367 0.44232803 0.45466994 0.45953848 0.45811215 0.45655127
  0.45460498 0.45199297 0.44859036 0.4442757  0.43870961 0.43219529
  0.42535137 0.41889375 0.41313528 0.40772906 0.4028166  0.39876593
  0.49788571 0.49731282 0.49709892 0.49709891 0.49709891 0.49709891]
 [0.69445853 0.68705429 0.64852358 0.58482113 0.58118666 0.58667843
  0.58797072 0.59281514 0.60077418 0.60468487 0.6061418  0.60720639
  0.6085447  0.61091051 0.61402451 0.61696706 0.61968672 0.620981
  0.62147774 0.62223368 0.62231315 0.62214075 0.621004   0.61779227
  0.61371905 0.60885597 0.602248   0.59304387 0.64593763 0.63918736]
 [1.         1.         1.         0.95557515 0.95715061 0.95783499
  0.95849669 0.95820407 0.9578399  0.95707222 0.95553582 0.95325639
  0.95027812 0.94661225 0.94234097 0.93767601 0.93270312 0.92742367
  0.92201525 0.91670185 0.91170666 0.90711977 0.90315323 0.90005551
  1.         1.         1.         1.         1.         1.        ]
 [0.         0.         0.         0.         0.         0.
  0.         0.         0.         0.         0.         0.
  0.         0.         0.         0.         0.         0.
  0.         0.         0.         0.         0.         0.
  0.         0.         0.         0.         0.         0.        ]
 [0.         0.         0.         0.         0.         0.
  0.         0.         0.         0.         0.         0.
  0.         0.         0.         0.         0.         0.
  0.         0.         0.         0.         0.         0.
  0.         0.         0.         0.         0.         0.        ]
 [0.         0.         0.         0.         0.         0.
  0.         0.         0.         0.         0.         0.
  0.         0.         0.         0.         0.         0.
  0.         0.         0.         0.         0.         0.
  0.         0.         0.         0.         0.         0.        ]
 [0.         0.         0.         0.         0.         0.
  0.         0.         0.         0.         0.         0.
  0.         0.         0.         0.         0.         0.
  0.         0.         0.         0.         0.         0.
  0.         0.         0.         0.         0.         0.        ]
 [0.         0.         0.         0.         0.         0.
  0.         0.         0.         0.         0.         0.
  0.         0.         0.         0.         0.         0.
  0.         0.         0.         0.         0.         0.
  0.         0.         0.         0.         0.         0.        ]
 [0.         0.         0.         0.         0.         0.
  0.         0.         0.         0.         0.         0.
  0.         0.         0.         0.         0.         0.
  0.         0.         0.         0.         0.         0.
  0.         0.         0.         0.         0.         0.        ]]","2D array of the non-dimensional end point defined along the outer profile of a layer. The TE suction side is 0, the TE pressure side is 1. The first dimension represents each layer, the second dimension represents each entry along blade span."
blade.internal_structure_2d_fem.layer_offset_y_pa,output,m,"[[0.         0.         0.         0.         0.         0.
  0.         0.         0.         0.         0.         0.
  0.         0.         0.         0.         0.         0.
  0.         0.         0.         0.         0.         0.
  0.         0.         0.         0.         0.         0.        ]
 [0.         0.         0.         0.         0.         0.
  0.         0.         0.         0.         0.         0.
  0.         0.         0.         0.         0.         0.
  0.         0.         0.         0.         0.         0.
  0.         0.         0.         0.         0.         0.        ]
 [0.         0.         0.         0.04309447 0.05247002 0.06154312
  0.06836801 0.07754696 0.08710648 0.09326769 0.10251295 0.1115442
  0.11844486 0.12749207 0.1364324  0.14300192 0.15253624 0.1607409
  0.16818309 0.17793945 0.18560122 0.19328182 0.20274242 0.20985596
  0.21832691 0.22770198 0.23460796 0.24319338 0.         0.        ]
 [0.         0.         0.         0.04309447 0.05247002 0.06154312
  0.06836801 0.07754696 0.08710648 0.09326769 0.10251295 0.1115442
  0.11844486 0.12749207 0.1364324  0.14300192 0.15253624 0.1607409
  0.16818309 0.17793945 0.18560122 0.19328182 0.20274242 0.20985596
  0.21832691 0.22770198 0.23460796 0.24319338 0.         0.        ]
 [0.         0.         0.         0.         0.         0.
  0.         0.         0.         0.         0.         0.
  0.         0.         0.         0.         0.         0.
  0.         0.         0.         0.         0.         0.
  0.         0.         0.         0.         0.         0.        ]
 [0.         0.         0.         0.         0.         0.
  0.         0.         0.         0.         0.         0.
  0.         0.         0.         0.         0.         0.
  0.         0.         0.         0.         0.         0.
  0.         0.         0.         0.         0.         0.        ]
 [0.         0.         0.         0.         0.         0.
  0.         0.         0.         0.         0.         0.
  0.         0.         0.         0.         0.         0.
  0.         0.         0.         0.         0.         0.
  0.         0.         0.         0.         0.         0.        ]
 [0.         0.         0.         0.         0.         0.
  0.         0.         0.         0.         0.         0.
  0.         0.         0.         0.         0.         0.
  0.         0.         0.         0.         0.         0.
  0.         0.         0.         0.         0.         0.        ]
 [0.         0.         0.         0.         0.         0.
  0.         0.         0.         0.         0.         0.
  0.         0.         0.         0.         0.         0.
  0.         0.         0.         0.         0.         0.
  0.         0.         0.         0.         0.         0.        ]
 [0.         0.         0.         0.         0.         0.
  0.         0.         0.         0.         0.         0.
  0.         0.         0.         0.         0.         0.
  0.         0.         0.         0.         0.         0.
  0.         0.         0.         0.         0.         0.        ]
 [0.         0.         0.         0.         0.         0.
  0.         0.         0.         0.         0.         0.
  0.         0.         0.         0.         0.         0.
  0.         0.         0.         0.         0.         0.
  0.         0.         0.         0.         0.         0.        ]
 [0.         0.         0.         0.         0.         0.
  0.         0.         0.         0.         0.         0.
  0.         0.         0.         0.         0.         0.
  0.         0.         0.         0.         0.         0.
  0.         0.         0.         0.         0.         0.        ]
 [0.         0.         0.         0.         0.         0.
  0.         0.         0.         0.         0.         0.
  0.         0.         0.         0.         0.         0.
  0.         0.         0.         0.         0.         0.
  0.         0.         0.         0.         0.         0.        ]
 [0.         0.         0.         0.         0.         0.
  0.         0.         0.         0.         0.         0.
  0.         0.         0.         0.         0.         0.
  0.         0.         0.         0.         0.         0.
  0.         0.         0.         0.         0.         0.        ]
 [0.         0.         0.         0.         0.         0.
  0.         0.         0.         0.         0.         0.
  0.         0.         0.         0.         0.         0.
  0.         0.         0.         0.         0.         0.
  0.         0.         0.         0.         0.         0.        ]
 [0.         0.         0.         0.         0.         0.
  0.         0.         0.         0.         0.         0.
  0.         0.         0.         0.         0.         0.
  0.         0.         0.         0.         0.         0.
  0.         0.         0.         0.         0.         0.        ]
 [0.         0.         0.         0.         0.         0.
  0.         0.         0.         0.         0.         0.
  0.         0.         0.         0.         0.         0.
  0.         0.         0.         0.         0.         0.
  0.         0.         0.         0.         0.         0.        ]]","2D array of the offset along the y axis to set the position of a layer. Positive values move the layer towards the trailing edge, negative values towards the leading edge. The first dimension represents each layer, the second dimension represents each entry along blade span."
blade.internal_structure_2d_fem.layer_width,output,m,"[[0.  0.  0.  0.  0.  0.  0.  0.  0.  0.  0.  0.  0.  0.  0.  0.  0.  0.
  0.  0.  0.  0.  0.  0.  0.  0.  0.  0.  0.  0. ]
 [0.  0.  0.  0.  0.  0.  0.  0.  0.  0.  0.  0.  0.  0.  0.  0.  0.  0.
  0.  0.  0.  0.  0.  0.  0.  0.  0.  0.  0.  0. ]
 [0.  0.  0.  0.8 0.8 0.8 0.8 0.8 0.8 0.8 0.8 0.8 0.8 0.8 0.8 0.8 0.8 0.8
  0.8 0.8 0.8 0.8 0.8 0.8 0.8 0.8 0.8 0.8 0.  0. ]
 [0.  0.  0.  0.8 0.8 0.8 0.8 0.8 0.8 0.8 0.8 0.8 0.8 0.8 0.8 0.8 0.8 0.8
  0.8 0.8 0.8 0.8 0.8 0.8 0.8 0.8 0.8 0.8 0.  0. ]
 [0.  0.  0.  0.8 0.8 0.8 0.8 0.8 0.8 0.8 0.8 0.8 0.8 0.8 0.8 0.8 0.8 0.8
  0.8 0.8 0.8 0.8 0.8 0.8 0.  0.  0.  0.  0.  0. ]
 [0.  0.  0.  0.4 0.4 0.4 0.4 0.4 0.4 0.4 0.4 0.4 0.4 0.4 0.4 0.4 0.4 0.4
  0.4 0.4 0.4 0.4 0.4 0.4 0.  0.  0.  0.  0.  0. ]
 [0.  0.  0.  0.4 0.4 0.4 0.4 0.4 0.4 0.4 0.4 0.4 0.4 0.4 0.4 0.4 0.4 0.4
  0.4 0.4 0.4 0.4 0.4 0.4 0.  0.  0.  0.  0.  0. ]
 [0.  0.  0.  0.  0.  0.  0.  0.  0.  0.  0.  0.  0.  0.  0.  0.  0.  0.
  0.  0.  0.  0.  0.  0.  0.  0.  0.  0.  0.  0. ]
 [0.  0.  0.  0.  0.  0.  0.  0.  0.  0.  0.  0.  0.  0.  0.  0.  0.  0.
  0.  0.  0.  0.  0.  0.  0.  0.  0.  0.  0.  0. ]
 [0.  0.  0.  0.  0.  0.  0.  0.  0.  0.  0.  0.  0.  0.  0.  0.  0.  0.
  0.  0.  0.  0.  0.  0.  0.  0.  0.  0.  0.  0. ]
 [0.  0.  0.  0.  0.  0.  0.  0.  0.  0.  0.  0.  0.  0.  0.  0.  0.  0.
  0.  0.  0.  0.  0.  0.  0.  0.  0.  0.  0.  0. ]
 [0.  0.  0.  0.  0.  0.  0.  0.  0.  0.  0.  0.  0.  0.  0.  0.  0.  0.
  0.  0.  0.  0.  0.  0.  0.  0.  0.  0.  0.  0. ]
 [0.  0.  0.  0.  0.  0.  0.  0.  0.  0.  0.  0.  0.  0.  0.  0.  0.  0.
  0.  0.  0.  0.  0.  0.  0.  0.  0.  0.  0.  0. ]
 [0.  0.  0.  0.  0.  0.  0.  0.  0.  0.  0.  0.  0.  0.  0.  0.  0.  0.
  0.  0.  0.  0.  0.  0.  0.  0.  0.  0.  0.  0. ]
 [0.  0.  0.  0.  0.  0.  0.  0.  0.  0.  0.  0.  0.  0.  0.  0.  0.  0.
  0.  0.  0.  0.  0.  0.  0.  0.  0.  0.  0.  0. ]
 [0.  0.  0.  0.  0.  0.  0.  0.  0.  0.  0.  0.  0.  0.  0.  0.  0.  0.
  0.  0.  0.  0.  0.  0.  0.  0.  0.  0.  0.  0. ]
 [0.  0.  0.  0.  0.  0.  0.  0.  0.  0.  0.  0.  0.  0.  0.  0.  0.  0.
  0.  0.  0.  0.  0.  0.  0.  0.  0.  0.  0.  0. ]]","2D array of the width along the outer profile of a layer. The first dimension represents each layer, the second dimension represents each entry along blade span."
blade.interp_airfoils.r_thick_interp,output,,"[1.         0.98202811 0.83422093 0.63368653 0.49837466 0.4410933
 0.40369869 0.38156768 0.36543958 0.35282655 0.34201519 0.33305383
 0.32527083 0.31794207 0.31034339 0.30175064 0.291356   0.27940307
 0.26721098 0.25611482 0.24721402 0.23860966 0.23008469 0.22230017
 0.21591718 0.21159678 0.21000003 0.21       0.21       0.21      ]",1D array of the relative thicknesses of the blade defined along span.
blade.interp_airfoils.ac_interp,output,,"[0.5        0.48947363 0.4054191  0.30007224 0.25       0.25
 0.25       0.25       0.25       0.25       0.25       0.25
 0.25       0.25       0.25       0.25       0.25       0.25
 0.25       0.25       0.25       0.25       0.25       0.25
 0.25       0.25       0.25       0.25       0.25       0.25      ]",1D array of the aerodynamic center of the blade defined along span.
blade.interp_airfoils.cl_interp,output,,"[[[[ 0.00000000e+00]]

  [[ 0.00000000e+00]]

  [[ 0.00000000e+00]]

  ...

  [[ 0.00000000e+00]]

  [[ 0.00000000e+00]]

  [[ 0.00000000e+00]]]


 [[[ 7.15569904e-05]]

  [[ 6.23768336e-03]]

  [[ 1.25964737e-02]]

  ...

  [[-1.25964737e-02]]

  [[-6.23768336e-03]]

  [[ 7.15569904e-05]]]


 [[[ 6.06785926e-04]]

  [[ 5.28940423e-02]]

  [[ 1.06895378e-01]]

  ...

  [[-1.06895378e-01]]

  [[-5.28940423e-02]]

  [[ 6.06785926e-04]]]


 ...


 [[[ 1.61056220e-03]]

  [[ 1.49675965e-01]]

  [[ 3.02327827e-01]]

  ...

  [[-2.83002022e-01]]

  [[-1.40393892e-01]]

  [[ 1.61056220e-03]]]


 [[[ 1.61056220e-03]]

  [[ 1.49675965e-01]]

  [[ 3.02327827e-01]]

  ...

  [[-2.83002022e-01]]

  [[-1.40393892e-01]]

  [[ 1.61056220e-03]]]


 [[[ 1.61056220e-03]]

  [[ 1.49675965e-01]]

  [[ 3.02327827e-01]]

  ...

  [[-2.83002022e-01]]

  [[-1.40393892e-01]]

  [[ 1.61056220e-03]]]]","4D array with the lift coefficients of the airfoils. Dimension 0 is along the blade span for n_span stations, dimension 1 is along the angles of attack, dimension 2 is along the Reynolds number, dimension 3 is along the number of tabs, which may describe multiple sets at the same station, for example in presence of a flap."
blade.interp_airfoils.cd_interp,output,,"[[[[0.5       ]]

  [[0.5       ]]

  [[0.5       ]]

  ...

  [[0.5       ]]

  [[0.5       ]]

  [[0.5       ]]]


 [[[0.49827287]]

  [[0.49937384]]

  [[0.49941838]]

  ...

  [[0.49941838]]

  [[0.49937384]]

  [[0.49827287]]]


 [[[0.44384458]]

  [[0.45178323]]

  [[0.45477177]]

  ...

  [[0.45477177]]

  [[0.45178323]]

  [[0.44384458]]]


 ...


 [[[0.037696  ]]

  [[0.037696  ]]

  [[0.04025918]]

  ...

  [[0.04229535]]

  [[0.0382528 ]]

  [[0.03769608]]]


 [[[0.037696  ]]

  [[0.037696  ]]

  [[0.04025918]]

  ...

  [[0.04229535]]

  [[0.0382528 ]]

  [[0.03769608]]]


 [[[0.037696  ]]

  [[0.037696  ]]

  [[0.04025918]]

  ...

  [[0.04229535]]

  [[0.0382528 ]]

  [[0.03769608]]]]","4D array with the drag coefficients of the airfoils. Dimension 0 is along the blade span for n_span stations, dimension 1 is along the angles of attack, dimension 2 is along the Reynolds number, dimension 3 is along the number of tabs, which may describe multiple sets at the same station, for example in presence of a flap."
blade.interp_airfoils.cm_interp,output,,"[[[[ 2.16840434e-19]]

  [[ 0.00000000e+00]]

  [[ 0.00000000e+00]]

  ...

  [[ 0.00000000e+00]]

  [[ 0.00000000e+00]]

  [[ 2.16840434e-19]]]


 [[[ 1.11539157e-04]]

  [[ 7.77837010e-03]]

  [[ 1.60285275e-02]]

  ...

  [[-2.00356594e-02]]

  [[-9.72296262e-03]]

  [[ 1.11539157e-04]]]


 [[[ 9.06500889e-04]]

  [[ 6.32163593e-02]]

  [[ 1.30267028e-01]]

  ...

  [[-1.62833785e-01]]

  [[-7.90204491e-02]]

  [[ 9.06500889e-04]]]


 ...


 [[[ 2.03767521e-01]]

  [[ 2.00000000e-01]]

  [[ 2.20799783e-01]]

  ...

  [[-3.16976160e-01]]

  [[-9.71630272e-02]]

  [[ 2.03767521e-01]]]


 [[[ 2.03767521e-01]]

  [[ 2.00000000e-01]]

  [[ 2.20799783e-01]]

  ...

  [[-3.16976160e-01]]

  [[-9.71630272e-02]]

  [[ 2.03767521e-01]]]


 [[[ 2.03767521e-01]]

  [[ 2.00000000e-01]]

  [[ 2.20799783e-01]]

  ...

  [[-3.16976160e-01]]

  [[-9.71630272e-02]]

  [[ 2.03767521e-01]]]]","4D array with the moment coefficients of the airfoils. Dimension 0 is along the blade span for n_span stations, dimension 1 is along the angles of attack, dimension 2 is along the Reynolds number, dimension 3 is along the number of tabs, which may describe multiple sets at the same station, for example in presence of a flap."
blade.interp_airfoils.coord_xy_interp,output,,"[[[ 1.00000000e+00  1.39471767e-15]
  [ 9.99492456e-01 -2.24148318e-02]
  [ 9.97998443e-01 -4.47793323e-02]
  ...
  [ 9.98052103e-01  4.41573285e-02]
  [ 9.99507691e-01  2.21028728e-02]
  [ 1.00000000e+00  1.39471767e-15]]

 [[ 1.00000000e+00 -3.16421773e-03]
  [ 9.99110945e-01 -2.47105921e-02]
  [ 9.97576994e-01 -4.67993845e-02]
  ...
  [ 9.97884994e-01  4.40785443e-02]
  [ 9.99371468e-01  2.18636293e-02]
  [ 1.00000000e+00 -1.46513661e-04]]

 [[ 1.00000000e+00 -1.94964271e-02]
  [ 9.96919760e-01 -3.64826078e-02]
  [ 9.94667087e-01 -5.60719522e-02]
  ...
  [ 9.96925214e-01  4.30168043e-02]
  [ 9.98589083e-01  2.09101531e-02]
  [ 1.00000000e+00 -1.10918874e-04]]

 ...

 [[ 1.00000000e+00 -1.24164223e-03]
  [ 9.76041164e-01  1.99488062e-03]
  [ 9.52121911e-01  4.75706135e-03]
  ...
  [ 9.53145851e-01  1.33087434e-02]
  [ 9.76587857e-01  7.46542749e-03]
  [ 1.00000000e+00  1.53836008e-03]]

 [[ 1.00000000e+00 -1.24164223e-03]
  [ 9.76041164e-01  1.99488062e-03]
  [ 9.52121911e-01  4.75706135e-03]
  ...
  [ 9.53145851e-01  1.33087434e-02]
  [ 9.76587857e-01  7.46542749e-03]
  [ 1.00000000e+00  1.53836008e-03]]

 [[ 1.00000000e+00 -1.24164223e-03]
  [ 9.76041164e-01  1.99488062e-03]
  [ 9.52121911e-01  4.75706135e-03]
  ...
  [ 9.53145851e-01  1.33087434e-02]
  [ 9.76587857e-01  7.46542749e-03]
  [ 1.00000000e+00  1.53836008e-03]]]",3D array of the non-dimensional x and y airfoil coordinates of the airfoils interpolated along span for n_span stations. The leading edge is place at x=0 and y=0.
blade.opt_var.s_opt_twist,output,,"[0.         0.03448276 0.06896552 0.10344828 0.13793103 0.17241379
 0.20689655 0.24137931 0.27586207 0.31034483 0.34482759 0.37931034
 0.4137931  0.44827586 0.48275862 0.51724138 0.55172414 0.5862069
 0.62068966 0.65517241 0.68965517 0.72413793 0.75862069 0.79310345
 0.82758621 0.86206897 0.89655172 0.93103448 0.96551724 1.        ]",
blade.opt_var.s_opt_chord,output,,"[0.         0.03448276 0.06896552 0.10344828 0.13793103 0.17241379
 0.20689655 0.24137931 0.27586207 0.31034483 0.34482759 0.37931034
 0.4137931  0.44827586 0.48275862 0.51724138 0.55172414 0.5862069
 0.62068966 0.65517241 0.68965517 0.72413793 0.75862069 0.79310345
 0.82758621 0.86206897 0.89655172 0.93103448 0.96551724 1.        ]",
blade.opt_var.twist_opt,output,rad,"[ 0.349       0.33965701  0.32741368  0.31081014  0.27858944  0.2354309
  0.19864576  0.1686555   0.13843916  0.11106032  0.08612175  0.06571169
  0.05023676  0.03944053  0.03041456  0.02364328  0.01824169  0.01263081
  0.00691721  0.00280744 -0.00096308 -0.00441804 -0.00790973 -0.01224484
 -0.01713418 -0.02222183 -0.02894752 -0.04010525 -0.0581402  -0.081     ]",
blade.opt_var.chord_opt,output,m,"[2.6        2.6400108  3.02068886 3.43940393 3.78632687 4.03933222
 4.20600551 4.28630928 4.29010407 4.22617877 4.10030408 3.92512419
 3.70983694 3.46870635 3.22039928 2.98486122 2.77085185 2.58013169
 2.4118525  2.26552908 2.1420721  2.04143062 1.96370352 1.90855684
 1.87089392 1.81035886 1.6705797  1.39382511 0.92204843 0.2       ]",
blade.opt_var.af_position,output,,[0.     0.02   0.1371 0.2118 0.3188 0.5236 0.6781 0.8967 1.    ],
blade.opt_var.s_opt_layer_0,output,,"[0.         0.03448276 0.06896552 0.10344828 0.13793103 0.17241379
 0.20689655 0.24137931 0.27586207 0.31034483 0.34482759 0.37931034
 0.4137931  0.44827586 0.48275862 0.51724138 0.55172414 0.5862069
 0.62068966 0.65517241 0.68965517 0.72413793 0.75862069 0.79310345
 0.82758621 0.86206897 0.89655172 0.93103448 0.96551724 1.        ]",
blade.opt_var.layer_0_opt,output,m,"[0.0005 0.0005 0.0005 0.0005 0.0005 0.0005 0.0005 0.0005 0.0005 0.0005
 0.0005 0.0005 0.0005 0.0005 0.0005 0.0005 0.0005 0.0005 0.0005 0.0005
 0.0005 0.0005 0.0005 0.0005 0.0005 0.0005 0.0005 0.0005 0.0005 0.0005]",
blade.opt_var.s_opt_layer_1,output,,"[0.         0.03448276 0.06896552 0.10344828 0.13793103 0.17241379
 0.20689655 0.24137931 0.27586207 0.31034483 0.34482759 0.37931034
 0.4137931  0.44827586 0.48275862 0.51724138 0.55172414 0.5862069
 0.62068966 0.65517241 0.68965517 0.72413793 0.75862069 0.79310345
 0.82758621 0.86206897 0.89655172 0.93103448 0.96551724 1.        ]",
blade.opt_var.layer_1_opt,output,m,"[0.065      0.04800279 0.033292   0.01926887 0.01406293 0.00856717
 0.00422099 0.00311171 0.0020769  0.00134756 0.001293   0.00124203
 0.00117458 0.00110339 0.00103293 0.001      0.001      0.001
 0.001      0.001      0.00100013 0.00102217 0.00105827 0.00108623
 0.00106675 0.00103848 0.00100343 0.001      0.001      0.001     ]",
blade.opt_var.s_opt_layer_2,output,,"[0.         0.03448276 0.06896552 0.10344828 0.13793103 0.17241379
 0.20689655 0.24137931 0.27586207 0.31034483 0.34482759 0.37931034
 0.4137931  0.44827586 0.48275862 0.51724138 0.55172414 0.5862069
 0.62068966 0.65517241 0.68965517 0.72413793 0.75862069 0.79310345
 0.82758621 0.86206897 0.89655172 0.93103448 0.96551724 1.        ]",
blade.opt_var.layer_2_opt,output,m,"[0.         0.         0.         0.01096853 0.02133832 0.0317352
 0.04160593 0.04984494 0.05812354 0.06312958 0.05801117 0.05332646
 0.05059974 0.04984837 0.04911173 0.04759787 0.04486122 0.04234193
 0.03876062 0.03462629 0.03037354 0.02940123 0.02971785 0.0300295
 0.02239744 0.01278279 0.00312884 0.00204323 0.         0.        ]",
blade.opt_var.s_opt_layer_3,output,,"[0.         0.03448276 0.06896552 0.10344828 0.13793103 0.17241379
 0.20689655 0.24137931 0.27586207 0.31034483 0.34482759 0.37931034
 0.4137931  0.44827586 0.48275862 0.51724138 0.55172414 0.5862069
 0.62068966 0.65517241 0.68965517 0.72413793 0.75862069 0.79310345
 0.82758621 0.86206897 0.89655172 0.93103448 0.96551724 1.        ]",
blade.opt_var.layer_3_opt,output,m,"[0.         0.         0.         0.01096853 0.02133832 0.0317352
 0.04160593 0.04984494 0.05812354 0.06312958 0.05801117 0.05332646
 0.05059974 0.04984837 0.04911173 0.04759787 0.04486122 0.04234193
 0.03876062 0.03462629 0.03037354 0.02940123 0.02971785 0.0300295
 0.02239744 0.01278279 0.00312884 0.00204323 0.         0.        ]",
blade.opt_var.s_opt_layer_4,output,,"[0.         0.03448276 0.06896552 0.10344828 0.13793103 0.17241379
 0.20689655 0.24137931 0.27586207 0.31034483 0.34482759 0.37931034
 0.4137931  0.44827586 0.48275862 0.51724138 0.55172414 0.5862069
 0.62068966 0.65517241 0.68965517 0.72413793 0.75862069 0.79310345
 0.82758621 0.86206897 0.89655172 0.93103448 0.96551724 1.        ]",
blade.opt_var.layer_4_opt,output,m,"[0.         0.         0.         0.00311612 0.00326175 0.00340954
 0.00341952 0.00297175 0.00251423 0.00211766 0.00188941 0.00164872
 0.00146862 0.00136136 0.00124907 0.00123139 0.00132931 0.00142642
 0.00141937 0.00138493 0.00135162 0.00143893 0.00160424 0.00176964
 0.         0.         0.         0.         0.         0.        ]",
blade.opt_var.s_opt_layer_5,output,,"[0.         0.03448276 0.06896552 0.10344828 0.13793103 0.17241379
 0.20689655 0.24137931 0.27586207 0.31034483 0.34482759 0.37931034
 0.4137931  0.44827586 0.48275862 0.51724138 0.55172414 0.5862069
 0.62068966 0.65517241 0.68965517 0.72413793 0.75862069 0.79310345
 0.82758621 0.86206897 0.89655172 0.93103448 0.96551724 1.        ]",
blade.opt_var.layer_5_opt,output,m,"[0.         0.         0.         0.0013626  0.00319121 0.0050594
 0.00653033 0.00689266 0.00722352 0.00741642 0.00715533 0.00690372
 0.00706912 0.00777988 0.00851129 0.00810552 0.00581414 0.00368146
 0.00257481 0.00189949 0.00119688 0.00115642 0.00142939 0.00168267
 0.         0.         0.         0.         0.         0.        ]",
blade.opt_var.s_opt_layer_6,output,,"[0.         0.03448276 0.06896552 0.10344828 0.13793103 0.17241379
 0.20689655 0.24137931 0.27586207 0.31034483 0.34482759 0.37931034
 0.4137931  0.44827586 0.48275862 0.51724138 0.55172414 0.5862069
 0.62068966 0.65517241 0.68965517 0.72413793 0.75862069 0.79310345
 0.82758621 0.86206897 0.89655172 0.93103448 0.96551724 1.        ]",
blade.opt_var.layer_6_opt,output,m,"[0.         0.         0.         0.0013626  0.00319121 0.0050594
 0.00653033 0.00689266 0.00722352 0.00741642 0.00715533 0.00690372
 0.00706912 0.00777988 0.00851129 0.00810552 0.00581414 0.00368146
 0.00257481 0.00189949 0.00119688 0.00115642 0.00142939 0.00168267
 0.         0.         0.         0.         0.         0.        ]",
blade.opt_var.s_opt_layer_7,output,,"[0.         0.03448276 0.06896552 0.10344828 0.13793103 0.17241379
 0.20689655 0.24137931 0.27586207 0.31034483 0.34482759 0.37931034
 0.4137931  0.44827586 0.48275862 0.51724138 0.55172414 0.5862069
 0.62068966 0.65517241 0.68965517 0.72413793 0.75862069 0.79310345
 0.82758621 0.86206897 0.89655172 0.93103448 0.96551724 1.        ]",
blade.opt_var.layer_7_opt,output,m,"[0.         0.         0.         0.01024138 0.02265517 0.03518589
 0.04597383 0.05161338 0.05717894 0.06089602 0.060103   0.05945452
 0.05655561 0.05030644 0.04404833 0.03950283 0.03686207 0.03416591
 0.03052019 0.02638204 0.02222507 0.01903714 0.01631034 0.01355172
 0.         0.         0.         0.         0.         0.        ]",
blade.opt_var.s_opt_layer_8,output,,"[0.         0.03448276 0.06896552 0.10344828 0.13793103 0.17241379
 0.20689655 0.24137931 0.27586207 0.31034483 0.34482759 0.37931034
 0.4137931  0.44827586 0.48275862 0.51724138 0.55172414 0.5862069
 0.62068966 0.65517241 0.68965517 0.72413793 0.75862069 0.79310345
 0.82758621 0.86206897 0.89655172 0.93103448 0.96551724 1.        ]",
blade.opt_var.layer_8_opt,output,m,"[0.         0.         0.         0.00534483 0.0087931  0.01234651
 0.01452804 0.01334036 0.01196193 0.01076239 0.01010361 0.00941379
 0.00872414 0.0080351  0.00732927 0.007      0.007      0.007
 0.007      0.007      0.007      0.007      0.007      0.007
 0.         0.         0.         0.         0.         0.        ]",
blade.opt_var.s_opt_layer_9,output,,"[0.         0.03448276 0.06896552 0.10344828 0.13793103 0.17241379
 0.20689655 0.24137931 0.27586207 0.31034483 0.34482759 0.37931034
 0.4137931  0.44827586 0.48275862 0.51724138 0.55172414 0.5862069
 0.62068966 0.65517241 0.68965517 0.72413793 0.75862069 0.79310345
 0.82758621 0.86206897 0.89655172 0.93103448 0.96551724 1.        ]",
blade.opt_var.layer_9_opt,output,m,"[0.         0.         0.         0.00141379 0.00555172 0.00979972
 0.01271893 0.01217018 0.01148276 0.0107931  0.01010345 0.00936314
 0.00900091 0.009      0.009      0.009      0.009      0.009
 0.00858843 0.00789876 0.00719013 0.007      0.007      0.007
 0.         0.         0.         0.         0.         0.        ]",
blade.opt_var.s_opt_layer_10,output,,"[0.         0.03448276 0.06896552 0.10344828 0.13793103 0.17241379
 0.20689655 0.24137931 0.27586207 0.31034483 0.34482759 0.37931034
 0.4137931  0.44827586 0.48275862 0.51724138 0.55172414 0.5862069
 0.62068966 0.65517241 0.68965517 0.72413793 0.75862069 0.79310345
 0.82758621 0.86206897 0.89655172 0.93103448 0.96551724 1.        ]",
blade.opt_var.layer_10_opt,output,m,"[0.         0.         0.         0.00996552 0.01962069 0.02925226
 0.03937526 0.05107259 0.06288747 0.07027217 0.06472097 0.06000157
 0.0534306  0.04444856 0.03539108 0.02910539 0.02582759 0.02237931
 0.01893103 0.01548763 0.0120026  0.0099993  0.00865517 0.00727586
 0.         0.         0.         0.         0.         0.        ]",
blade.opt_var.s_opt_layer_11,output,,"[0.         0.03448276 0.06896552 0.10344828 0.13793103 0.17241379
 0.20689655 0.24137931 0.27586207 0.31034483 0.34482759 0.37931034
 0.4137931  0.44827586 0.48275862 0.51724138 0.55172414 0.5862069
 0.62068966 0.65517241 0.68965517 0.72413793 0.75862069 0.79310345
 0.82758621 0.86206897 0.89655172 0.93103448 0.96551724 1.        ]",
blade.opt_var.layer_11_opt,output,m,"[0.         0.         0.         0.00050682 0.00057629 0.00064959
 0.0007402  0.00091676 0.00108996 0.00123184 0.00129    0.00135323
 0.00142734 0.00152797 0.0016233  0.00171946 0.00181224 0.00191906
 0.00194001 0.00194    0.00193838 0.0018043  0.00159258 0.00138802
 0.00115196 0.00091126 0.00066909 0.00063733 0.         0.        ]",
blade.opt_var.s_opt_layer_12,output,,"[0.         0.03448276 0.06896552 0.10344828 0.13793103 0.17241379
 0.20689655 0.24137931 0.27586207 0.31034483 0.34482759 0.37931034
 0.4137931  0.44827586 0.48275862 0.51724138 0.55172414 0.5862069
 0.62068966 0.65517241 0.68965517 0.72413793 0.75862069 0.79310345
 0.82758621 0.86206897 0.89655172 0.93103448 0.96551724 1.        ]",
blade.opt_var.layer_12_opt,output,m,"[0.         0.         0.         0.04265517 0.0392069  0.03572249
 0.0327637  0.03134684 0.02996552 0.02858621 0.0272069  0.02584756
 0.02417481 0.02210125 0.02000622 0.02       0.02       0.02
 0.02       0.02       0.02       0.02       0.02       0.02
 0.02       0.02       0.02       0.02       0.         0.        ]",
blade.opt_var.s_opt_layer_13,output,,"[0.         0.03448276 0.06896552 0.10344828 0.13793103 0.17241379
 0.20689655 0.24137931 0.27586207 0.31034483 0.34482759 0.37931034
 0.4137931  0.44827586 0.48275862 0.51724138 0.55172414 0.5862069
 0.62068966 0.65517241 0.68965517 0.72413793 0.75862069 0.79310345
 0.82758621 0.86206897 0.89655172 0.93103448 0.96551724 1.        ]",
blade.opt_var.layer_13_opt,output,m,"[0.         0.         0.         0.00050682 0.00057629 0.00064959
 0.0007402  0.00091676 0.00108996 0.00123184 0.00129    0.00135323
 0.00142734 0.00152797 0.0016233  0.00171946 0.00181224 0.00191906
 0.00194001 0.00194    0.00193838 0.0018043  0.00159258 0.00138802
 0.00115196 0.00091126 0.00066909 0.00063733 0.         0.        ]",
blade.opt_var.s_opt_layer_14,output,,"[0.         0.03448276 0.06896552 0.10344828 0.13793103 0.17241379
 0.20689655 0.24137931 0.27586207 0.31034483 0.34482759 0.37931034
 0.4137931  0.44827586 0.48275862 0.51724138 0.55172414 0.5862069
 0.62068966 0.65517241 0.68965517 0.72413793 0.75862069 0.79310345
 0.82758621 0.86206897 0.89655172 0.93103448 0.96551724 1.        ]",
blade.opt_var.layer_14_opt,output,m,"[0.         0.         0.         0.00050682 0.00057629 0.00064959
 0.0007402  0.00091676 0.00108996 0.00123184 0.00129    0.00135323
 0.00142734 0.00152797 0.0016233  0.00171946 0.00181224 0.00191906
 0.00194001 0.00194    0.00193838 0.0018043  0.00159258 0.00138802
 0.00115196 0.00091126 0.00066909 0.00063733 0.         0.        ]",
blade.opt_var.s_opt_layer_15,output,,"[0.         0.03448276 0.06896552 0.10344828 0.13793103 0.17241379
 0.20689655 0.24137931 0.27586207 0.31034483 0.34482759 0.37931034
 0.4137931  0.44827586 0.48275862 0.51724138 0.55172414 0.5862069
 0.62068966 0.65517241 0.68965517 0.72413793 0.75862069 0.79310345
 0.82758621 0.86206897 0.89655172 0.93103448 0.96551724 1.        ]",
blade.opt_var.layer_15_opt,output,m,"[0.         0.         0.         0.04865517 0.0452069  0.04173738
 0.03861064 0.03651899 0.03444828 0.03237931 0.03031034 0.02826277
 0.02589871 0.0231378  0.02031384 0.02       0.02       0.02
 0.02       0.02       0.02       0.02       0.02       0.02
 0.02       0.02       0.02       0.02       0.         0.        ]",
blade.opt_var.s_opt_layer_16,output,,"[0.         0.03448276 0.06896552 0.10344828 0.13793103 0.17241379
 0.20689655 0.24137931 0.27586207 0.31034483 0.34482759 0.37931034
 0.4137931  0.44827586 0.48275862 0.51724138 0.55172414 0.5862069
 0.62068966 0.65517241 0.68965517 0.72413793 0.75862069 0.79310345
 0.82758621 0.86206897 0.89655172 0.93103448 0.96551724 1.        ]",
blade.opt_var.layer_16_opt,output,m,"[0.         0.         0.         0.00050682 0.00057629 0.00064959
 0.0007402  0.00091676 0.00108996 0.00123184 0.00129    0.00135323
 0.00142734 0.00152797 0.0016233  0.00171946 0.00181224 0.00191906
 0.00194001 0.00194    0.00193838 0.0018043  0.00159258 0.00138802
 0.00115196 0.00091126 0.00066909 0.00063733 0.         0.        ]",
blade.outer_shape_bem.af_position,output,,[0.     0.02   0.1371 0.2118 0.3188 0.5236 0.6781 0.8967 1.    ],1D array of the non dimensional positions of the airfoils af_used defined along blade span.
blade.outer_shape_bem.s,output,,"[0.         0.03448276 0.06896552 0.10344828 0.13793103 0.17241379
 0.20689655 0.24137931 0.27586207 0.31034483 0.34482759 0.37931034
 0.4137931  0.44827586 0.48275862 0.51724138 0.55172414 0.5862069
 0.62068966 0.65517241 0.68965517 0.72413793 0.75862069 0.79310345
 0.82758621 0.86206897 0.89655172 0.93103448 0.96551724 1.        ]","1D array of the non-dimensional spanwise grid defined along blade axis (0-blade root, 1-blade tip)"
blade.outer_shape_bem.chord,output,m,"[2.6        2.6400108  3.02068886 3.43940393 3.78632687 4.03933222
 4.20600551 4.28630928 4.29010407 4.22617877 4.10030408 3.92512419
 3.70983694 3.46870635 3.22039928 2.98486122 2.77085185 2.58013169
 2.4118525  2.26552908 2.1420721  2.04143062 1.96370352 1.90855684
 1.87089392 1.81035886 1.6705797  1.39382511 0.92204843 0.2       ]",1D array of the chord values defined along blade span.
blade.outer_shape_bem.twist,output,rad,"[ 0.349       0.33965701  0.32741368  0.31081014  0.27858944  0.2354309
  0.19864576  0.1686555   0.13843916  0.11106032  0.08612175  0.06571169
  0.05023676  0.03944053  0.03041456  0.02364328  0.01824169  0.01263081
  0.00691721  0.00280744 -0.00096308 -0.00441804 -0.00790973 -0.01224484
 -0.01713418 -0.02222183 -0.02894752 -0.04010525 -0.0581402  -0.081     ]",1D array of the twist values defined along blade span. The twist is defined positive for negative rotations around the z axis (the same as in BeamDyn).
blade.outer_shape_bem.pitch_axis,output,,"[0.5        0.4805125  0.40967346 0.35077675 0.31038066 0.28320245
 0.26462878 0.25229681 0.24475743 0.24125724 0.24097363 0.24373741
 0.24949352 0.25783338 0.26800204 0.27871542 0.28894648 0.29826385
 0.30615885 0.31213058 0.31548724 0.31753162 0.31586754 0.3097253
 0.29970862 0.28806825 0.27765471 0.27050463 0.26661986 0.25      ]","1D array of the chordwise position of the pitch axis (0-LE, 1-TE), defined along blade span."
blade.outer_shape_bem.r_thick_yaml_interp,output,,"[0. 0. 0. 0. 0. 0. 0. 0. 0. 0. 0. 0. 0. 0. 0. 0. 0. 0. 0. 0. 0. 0. 0. 0.
 0. 0. 0. 0. 0. 0.]",1D array of the relative thickness values defined along blade span.
blade.outer_shape_bem.ref_axis,output,m,"[[ 0.00000000e+00  0.00000000e+00  0.00000000e+00]
 [ 0.00000000e+00  0.00000000e+00  2.17241379e+00]
 [ 0.00000000e+00  0.00000000e+00  4.34482759e+00]
 [-3.96069335e-05  0.00000000e+00  6.51724138e+00]
 [-4.41888313e-03  0.00000000e+00  8.68965517e+00]
 [-1.47437694e-02  0.00000000e+00  1.08620690e+01]
 [-2.78568630e-02  0.00000000e+00  1.30344828e+01]
 [-4.57535116e-02  0.00000000e+00  1.52068966e+01]
 [-6.71775652e-02  0.00000000e+00  1.73793103e+01]
 [-9.31591116e-02  0.00000000e+00  1.95517241e+01]
 [-1.23411088e-01  0.00000000e+00  2.17241379e+01]
 [-1.58235516e-01  0.00000000e+00  2.38965517e+01]
 [-1.99036574e-01  0.00000000e+00  2.60689655e+01]
 [-2.45757463e-01  0.00000000e+00  2.82413793e+01]
 [-2.98408959e-01  0.00000000e+00  3.04137931e+01]
 [-3.57814145e-01  0.00000000e+00  3.25862069e+01]
 [-4.24076326e-01  0.00000000e+00  3.47586207e+01]
 [-4.98895254e-01  0.00000000e+00  3.69310345e+01]
 [-5.81761222e-01  0.00000000e+00  3.91034483e+01]
 [-6.75146021e-01  0.00000000e+00  4.12758621e+01]
 [-7.78279295e-01  0.00000000e+00  4.34482759e+01]
 [-8.93706090e-01  0.00000000e+00  4.56206897e+01]
 [-1.02166869e+00  0.00000000e+00  4.77931034e+01]
 [-1.16547581e+00  0.00000000e+00  4.99655172e+01]
 [-1.32474427e+00  0.00000000e+00  5.21379310e+01]
 [-1.50426524e+00  0.00000000e+00  5.43103448e+01]
 [-1.70625884e+00  0.00000000e+00  5.64827586e+01]
 [-1.93449304e+00  0.00000000e+00  5.86551724e+01]
 [-2.19383653e+00  0.00000000e+00  6.08275862e+01]
 [-2.50000000e+00  0.00000000e+00  6.30000000e+01]]","2D array of the coordinates (x,y,z) of the blade reference axis, defined along blade span. The coordinate system is the one of BeamDyn: it is placed at blade root with x pointing the suction side of the blade, y pointing the trailing edge and z along the blade span. A standard configuration will have negative x values (prebend), if swept positive y values, and positive z values."
blade.pa.twist_param,output,rad,"[ 0.349       0.33965701  0.32741368  0.31081014  0.27858944  0.2354309
  0.19864576  0.1686555   0.13843916  0.11106032  0.08612175  0.06571169
  0.05023676  0.03944053  0.03041456  0.02364328  0.01824169  0.01263081
  0.00691721  0.00280744 -0.00096308 -0.00441804 -0.00790973 -0.01224484
 -0.01713418 -0.02222183 -0.02894752 -0.04010525 -0.0581402  -0.081     ]",1D array of the twist values defined along blade span. The twist is the result of the parameterization.
blade.pa.chord_param,output,m,"[2.6        2.6400108  3.02068886 3.43940393 3.78632687 4.03933222
 4.20600551 4.28630928 4.29010407 4.22617877 4.10030408 3.92512419
 3.70983694 3.46870635 3.22039928 2.98486122 2.77085185 2.58013169
 2.4118525  2.26552908 2.1420721  2.04143062 1.96370352 1.90855684
 1.87089392 1.81035886 1.6705797  1.39382511 0.92204843 0.2       ]",1D array of the chord values defined along blade span. The chord is the result of the parameterization.
blade.pa.max_chord_constr,output,,"[0.54736842 0.55579175 0.6359345  0.72408504 0.79712145 0.85038573
 0.88547484 0.9023809  0.9031798  0.88972185 0.86322191 0.82634194
 0.7810183  0.73025397 0.6779788  0.62839183 0.58333723 0.54318562
 0.50775842 0.47695349 0.45096255 0.42977487 0.41341127 0.40180144
 0.3938724  0.38112818 0.35170099 0.29343686 0.19411546 0.04210526]",1D array of the ratio between chord values and maximum chord along blade span.
blade.ps.layer_thickness_param,output,m,"[[0.0005     0.0005     0.0005     0.0005     0.0005     0.0005
  0.0005     0.0005     0.0005     0.0005     0.0005     0.0005
  0.0005     0.0005     0.0005     0.0005     0.0005     0.0005
  0.0005     0.0005     0.0005     0.0005     0.0005     0.0005
  0.0005     0.0005     0.0005     0.0005     0.0005     0.0005    ]
 [0.065      0.04800279 0.033292   0.01926887 0.01406293 0.00856717
  0.00422099 0.00311171 0.0020769  0.00134756 0.001293   0.00124203
  0.00117458 0.00110339 0.00103293 0.001      0.001      0.001
  0.001      0.001      0.00100013 0.00102217 0.00105827 0.00108623
  0.00106675 0.00103848 0.00100343 0.001      0.001      0.001     ]
 [0.         0.         0.         0.01096853 0.02133832 0.0317352
  0.04160593 0.04984494 0.05812354 0.06312958 0.05801117 0.05332646
  0.05059974 0.04984837 0.04911173 0.04759787 0.04486122 0.04234193
  0.03876062 0.03462629 0.03037354 0.02940123 0.02971785 0.0300295
  0.02239744 0.01278279 0.00312884 0.00204323 0.         0.        ]
 [0.         0.         0.         0.01096853 0.02133832 0.0317352
  0.04160593 0.04984494 0.05812354 0.06312958 0.05801117 0.05332646
  0.05059974 0.04984837 0.04911173 0.04759787 0.04486122 0.04234193
  0.03876062 0.03462629 0.03037354 0.02940123 0.02971785 0.0300295
  0.02239744 0.01278279 0.00312884 0.00204323 0.         0.        ]
 [0.         0.         0.         0.00311612 0.00326175 0.00340954
  0.00341952 0.00297175 0.00251423 0.00211766 0.00188941 0.00164872
  0.00146862 0.00136136 0.00124907 0.00123139 0.00132931 0.00142642
  0.00141937 0.00138493 0.00135162 0.00143893 0.00160424 0.00176964
  0.         0.         0.         0.         0.         0.        ]
 [0.         0.         0.         0.0013626  0.00319121 0.0050594
  0.00653033 0.00689266 0.00722352 0.00741642 0.00715533 0.00690372
  0.00706912 0.00777988 0.00851129 0.00810552 0.00581414 0.00368146
  0.00257481 0.00189949 0.00119688 0.00115642 0.00142939 0.00168267
  0.         0.         0.         0.         0.         0.        ]
 [0.         0.         0.         0.0013626  0.00319121 0.0050594
  0.00653033 0.00689266 0.00722352 0.00741642 0.00715533 0.00690372
  0.00706912 0.00777988 0.00851129 0.00810552 0.00581414 0.00368146
  0.00257481 0.00189949 0.00119688 0.00115642 0.00142939 0.00168267
  0.         0.         0.         0.         0.         0.        ]
 [0.         0.         0.         0.01024138 0.02265517 0.03518589
  0.04597383 0.05161338 0.05717894 0.06089602 0.060103   0.05945452
  0.05655561 0.05030644 0.04404833 0.03950283 0.03686207 0.03416591
  0.03052019 0.02638204 0.02222507 0.01903714 0.01631034 0.01355172
  0.         0.         0.         0.         0.         0.        ]
 [0.         0.         0.         0.00534483 0.0087931  0.01234651
  0.01452804 0.01334036 0.01196193 0.01076239 0.01010361 0.00941379
  0.00872414 0.0080351  0.00732927 0.007      0.007      0.007
  0.007      0.007      0.007      0.007      0.007      0.007
  0.         0.         0.         0.         0.         0.        ]
 [0.         0.         0.         0.00141379 0.00555172 0.00979972
  0.01271893 0.01217018 0.01148276 0.0107931  0.01010345 0.00936314
  0.00900091 0.009      0.009      0.009      0.009      0.009
  0.00858843 0.00789876 0.00719013 0.007      0.007      0.007
  0.         0.         0.         0.         0.         0.        ]
 [0.         0.         0.         0.00996552 0.01962069 0.02925226
  0.03937526 0.05107259 0.06288747 0.07027217 0.06472097 0.06000157
  0.0534306  0.04444856 0.03539108 0.02910539 0.02582759 0.02237931
  0.01893103 0.01548763 0.0120026  0.0099993  0.00865517 0.00727586
  0.         0.         0.         0.         0.         0.        ]
 [0.         0.         0.         0.00050682 0.00057629 0.00064959
  0.0007402  0.00091676 0.00108996 0.00123184 0.00129    0.00135323
  0.00142734 0.00152797 0.0016233  0.00171946 0.00181224 0.00191906
  0.00194001 0.00194    0.00193838 0.0018043  0.00159258 0.00138802
  0.00115196 0.00091126 0.00066909 0.00063733 0.         0.        ]
 [0.         0.         0.         0.04265517 0.0392069  0.03572249
  0.0327637  0.03134684 0.02996552 0.02858621 0.0272069  0.02584756
  0.02417481 0.02210125 0.02000622 0.02       0.02       0.02
  0.02       0.02       0.02       0.02       0.02       0.02
  0.02       0.02       0.02       0.02       0.         0.        ]
 [0.         0.         0.         0.00050682 0.00057629 0.00064959
  0.0007402  0.00091676 0.00108996 0.00123184 0.00129    0.00135323
  0.00142734 0.00152797 0.0016233  0.00171946 0.00181224 0.00191906
  0.00194001 0.00194    0.00193838 0.0018043  0.00159258 0.00138802
  0.00115196 0.00091126 0.00066909 0.00063733 0.         0.        ]
 [0.         0.         0.         0.00050682 0.00057629 0.00064959
  0.0007402  0.00091676 0.00108996 0.00123184 0.00129    0.00135323
  0.00142734 0.00152797 0.0016233  0.00171946 0.00181224 0.00191906
  0.00194001 0.00194    0.00193838 0.0018043  0.00159258 0.00138802
  0.00115196 0.00091126 0.00066909 0.00063733 0.         0.        ]
 [0.         0.         0.         0.04865517 0.0452069  0.04173738
  0.03861064 0.03651899 0.03444828 0.03237931 0.03031034 0.02826277
  0.02589871 0.0231378  0.02031384 0.02       0.02       0.02
  0.02       0.02       0.02       0.02       0.02       0.02
  0.02       0.02       0.02       0.02       0.         0.        ]
 [0.         0.         0.         0.00050682 0.00057629 0.00064959
  0.0007402  0.00091676 0.00108996 0.00123184 0.00129    0.00135323
  0.00142734 0.00152797 0.0016233  0.00171946 0.00181224 0.00191906
  0.00194001 0.00194    0.00193838 0.0018043  0.00159258 0.00138802
  0.00115196 0.00091126 0.00066909 0.00063733 0.         0.        ]]","2D array of the thickness of the layers of the blade structure after the parametrization. The first dimension represents each layer, the second dimension represents each entry along blade span."
configuration.rated_power,output,W,[3370000.],Electrical rated power of the generator.
configuration.lifetime,output,year,[25.],Turbine design lifetime.
configuration.rotor_diameter_user,output,m,[130.],Diameter of the rotor specified by the user. It is defined as two times the blade length plus the hub diameter.
configuration.hub_height_user,output,m,[110.],Height of the hub center over the ground (land-based) or the mean sea level (offshore) specified by the user.
configuration.ws_class,output,n/a,III,"IEC wind turbine class. I - offshore, II coastal, III - land-based, IV - low wind speed site."
configuration.turb_class,output,n/a,A,"IEC wind turbine category. A - high turbulence intensity (land-based), B - mid turbulence, C - low turbulence (offshore)."
configuration.gearbox_type,output,n/a,geared,"Gearbox configuration (geared, direct-drive, etc.)."
configuration.rotor_orientation,output,n/a,upwind,"Rotor orientation, either upwind or downwind."
configuration.upwind,output,n/a,True,Convenient boolean for upwind (True) or downwind (False).
configuration.n_blades,output,n/a,3,Number of blades of the rotor.
control.V_in,output,m/s,[3.],Cut in wind speed. This is the wind speed where region II begins.
control.V_out,output,m/s,[25.],Cut out wind speed. This is the wind speed where region III ends.
control.minOmega,output,rad/s,[0.],Minimum allowed rotor speed.
control.maxOmega,output,rad/s,[2.],Maximum allowed rotor speed.
control.max_TS,output,m/s,[80.],Maximum allowed blade tip speed.
control.max_pitch_rate,output,rad/s,[0.12217305],Maximum allowed blade pitch rate
control.max_torque_rate,output,N*m/s,[1500000.],Maximum allowed generator torque rate
control.rated_TSR,output,,[8.01754386],Constant tip speed ratio in region II.
control.rated_pitch,output,rad,[0.],Constant pitch angle in region II.
costs.offset_tcc_per_kW,output,USD/kW,[0.],Offset to turbine capital cost
costs.bos_per_kW,output,USD/kW,[459.],Balance of station/plant capital cost
costs.opex_per_kW,output,USD/kW/year,[44.],Average annual operational expenditures of the turbine
costs.wake_loss_factor,output,,[0.15],The losses in AEP due to waked conditions
costs.fixed_charge_rate,output,,[0.075],Fixed charge rate for coe calculation
costs.labor_rate,output,USD/h,[58.8],
costs.painting_rate,output,USD/m**2,[30.],
costs.blade_mass_cost_coeff,output,USD/kg,[14.6],
costs.hub_mass_cost_coeff,output,USD/kg,[3.9],
costs.pitch_system_mass_cost_coeff,output,USD/kg,[22.1],
costs.spinner_mass_cost_coeff,output,USD/kg,[11.1],
costs.lss_mass_cost_coeff,output,USD/kg,[11.9],
costs.bearing_mass_cost_coeff,output,USD/kg,[4.5],
costs.gearbox_torque_cost,output,USD/kN/m,[50.],
costs.hss_mass_cost_coeff,output,USD/kg,[6.8],
costs.generator_mass_cost_coeff,output,USD/kg,[12.4],
costs.bedplate_mass_cost_coeff,output,USD/kg,[2.9],
costs.yaw_mass_cost_coeff,output,USD/kg,[8.3],
costs.converter_mass_cost_coeff,output,USD/kg,[18.8],
costs.transformer_mass_cost_coeff,output,USD/kg,[18.8],
costs.hvac_mass_cost_coeff,output,USD/kg,[124.],
costs.cover_mass_cost_coeff,output,USD/kg,[5.7],
costs.elec_connec_machine_rating_cost_coeff,output,USD/kW,[41.85],
costs.platforms_mass_cost_coeff,output,USD/kg,[17.1],
costs.tower_mass_cost_coeff,output,USD/kg,[2.9],
costs.controls_machine_rating_cost_coeff,output,USD/kW,[21.15],
costs.crane_cost,output,USD,[12000.],
costs.electricity_price,output,USD/kW/h,[0.04],
costs.reserve_margin_price,output,USD/kW/year,[120.],
costs.capacity_credit,output,,[1.],
costs.benchmark_price,output,USD/kW/h,[0.071],
costs.turbine_number,output,n/a,178.0,Number of turbines at plant
env.rho_air,output,kg/m**3,[1.225],Density of air
env.mu_air,output,kg/m/s,[1.81e-05],Dynamic viscosity of air
env.shear_exp,output,,[0.2],Shear exponent of the wind.
env.speed_sound_air,output,m/s,[340.],Speed of sound in air.
env.weibull_k,output,,[2.],Shape parameter of the Weibull probability density function of the wind.
env.rho_water,output,kg/m**3,[1025.],Density of ocean water
env.mu_water,output,kg/m/s,[0.0013351],Dynamic viscosity of ocean water
env.water_depth,output,m,[0.],Water depth for analysis.  Values > 0 mean offshore
env.Hsig_wave,output,m,[0.],Significant wave height
env.Tsig_wave,output,s,[0.],Significant wave period
env.G_soil,output,N/m**2,[1.4e+08],Shear stress of soil
env.nu_soil,output,,[0.4],Poisson ratio of soil
generator.generator_radius_user,output,m,[0.],
generator.generator_mass_user,output,kg,[0.],
generator.generator_efficiency_user,output,,"[[0. 0.]
 [0. 0.]
 [0. 0.]
 [0. 0.]
 [0. 0.]
 [0. 0.]
 [0. 0.]
 [0. 0.]
 [0. 0.]
 [0. 0.]
 [0. 0.]
 [0. 0.]
 [0. 0.]
 [0. 0.]
 [0. 0.]
 [0. 0.]
 [0. 0.]
 [0. 0.]
 [0. 0.]
 [0. 0.]]",
high_level_tower_props.tower_ref_axis,output,m,[],"2D array of the coordinates (x,y,z) of the tower reference axis. The coordinate system is the global coordinate system of OpenFAST: it is placed at tower base with x pointing downwind, y pointing on the side and z pointing vertically upwards. A standard tower configuration will have zero x and y values and positive z values."
high_level_tower_props.hub_height,output,m,[110.],"Height of the hub in the global reference system, i.e. distance rotor center to ground."
hub.radius,output,m,[2.],Radius of the hub. It defines the distance of the blade root from the rotor center along the coned line.
hub.cone,output,rad,[0.05235988],Cone angle of the rotor. It defines the angle between the rotor plane and the blade pitch axis. A standard machine has positive values.
materials.ply_t,output,m,"[0.         0.00089237 0.00089237 0.0013116  0.         0.
 0.         0.         0.        ]",1D array of the ply thicknesses of the materials. Non-composite materials are kept at 0.
materials.fvf,output,,[0.     0.4793 0.4793 0.5448 0.     0.     0.     0.     0.    ],1D array of the non-dimensional fiber volume fraction of the composite materials. Non-composite materials are kept at 0.
materials.fwf,output,,[0.     0.6754 0.6754 0.7302 0.     0.     0.     0.     0.    ],1D array of the non-dimensional fiber weight- fraction of the composite materials. Non-composite materials are kept at 0.
materials.E,output,Pa,"[[4.560e+06 4.560e+06 4.560e+06]
 [2.179e+10 1.467e+10 1.467e+10]
 [1.392e+10 1.392e+10 1.392e+10]
 [4.200e+10 1.230e+10 1.230e+10]
 [5.000e+07 5.000e+07 5.000e+07]
 [5.000e+07 5.000e+07 5.000e+07]
 [4.560e+06 4.560e+06 4.560e+06]
 [1.000e+06 1.000e+06 1.000e+06]
 [2.100e+11 2.100e+11 2.100e+11]]","2D array of the Youngs moduli of the materials. Each row represents a material, the three columns represent E11, E22 and E33."
materials.G,output,Pa,"[[1.52000000e+06 1.52000000e+06 1.52000000e+06]
 [9.41300000e+09 9.41300000e+09 9.41300000e+09]
 [1.15000000e+10 1.15000000e+10 1.15000000e+10]
 [3.47000000e+09 3.47000000e+09 3.47000000e+09]
 [1.66666667e+07 1.66666667e+07 1.66666667e+07]
 [1.66666667e+07 1.66666667e+07 1.66666667e+07]
 [1.52000000e+06 1.52000000e+06 1.52000000e+06]
 [3.84615385e+05 3.84615385e+05 3.84615385e+05]
 [8.07692308e+10 8.07692308e+10 8.07692308e+10]]","2D array of the shear moduli of the materials. Each row represents a material, the three columns represent G12, G13 and G23."
materials.nu,output,,"[[0.49 0.49 0.49]
 [0.48 0.48 0.48]
 [0.49 0.49 0.49]
 [0.31 0.31 0.31]
 [0.49 0.49 0.49]
 [0.49 0.49 0.49]
 [0.49 0.49 0.49]
 [0.3  0.3  0.3 ]
 [0.3  0.3  0.3 ]]","2D array of the Poisson ratio of the materials. Each row represents a material, the three columns represent nu12, nu13 and nu23."
materials.Xt,output,Pa,"[[0.00e+00 0.00e+00 0.00e+00]
 [6.00e+08 6.00e+08 6.00e+08]
 [6.00e+08 6.00e+08 6.00e+08]
 [6.00e+08 6.00e+08 6.00e+08]
 [6.90e+05 6.90e+05 6.90e+05]
 [6.90e+05 6.90e+05 6.90e+05]
 [6.90e+05 6.90e+05 6.90e+05]
 [0.00e+00 0.00e+00 0.00e+00]
 [3.55e+08 3.55e+08 3.55e+08]]","2D array of the Ultimate Tensile Strength (UTS) of the materials. Each row represents a material, the three columns represent Xt12, Xt13 and Xt23."
materials.Xc,output,Pa,"[[0.00e+00 0.00e+00 0.00e+00]
 [6.00e+08 6.00e+08 6.00e+08]
 [6.00e+08 6.00e+08 6.00e+08]
 [6.00e+08 6.00e+08 6.00e+08]
 [4.00e+05 4.00e+05 4.00e+05]
 [4.00e+05 4.00e+05 4.00e+05]
 [4.00e+05 4.00e+05 4.00e+05]
 [0.00e+00 0.00e+00 0.00e+00]
 [3.55e+08 3.55e+08 3.55e+08]]","2D array of the Ultimate Compressive Strength (UCS) of the materials. Each row represents a material, the three columns represent Xc12, Xc13 and Xc23."
materials.S,output,Pa,"[[0.0e+00 0.0e+00 0.0e+00]
 [5.0e+08 2.0e+08 2.0e+08]
 [5.0e+08 2.0e+08 2.0e+08]
 [5.0e+08 2.0e+08 2.0e+08]
 [3.1e+05 3.1e+05 3.1e+05]
 [3.1e+05 3.1e+05 3.1e+05]
 [3.1e+05 3.1e+05 3.1e+05]
 [0.0e+00 0.0e+00 0.0e+00]
 [0.0e+00 0.0e+00 0.0e+00]]","2D array of the Ultimate Shear Strength (USS) of the materials. Each row represents a material, the three columns represent S12, S13 and S23."
materials.sigma_y,output,Pa,[0.0e+00 0.0e+00 0.0e+00 0.0e+00 0.0e+00 0.0e+00 0.0e+00 0.0e+00 4.5e+08],Yield stress of the material (in the principle direction for composites).
materials.wohler_exp,output,,[ 1. 10. 10. 10.  1.  1.  1.  1.  3.],Exponent of S-N Wohler fatigue curve in the form of S = A*N^-(1/m).
materials.wohler_intercept,output,,"[0.00000000e+00 6.00000000e+08 6.00000000e+08 6.00000000e+08
 6.90000000e+05 6.90000000e+05 6.90000000e+05 0.00000000e+00
 3.55346484e+10]","Stress-intercept (A) of S-N Wohler fatigue curve in the form of S = A*N^-(1/m), taken as ultimate stress unless otherwise specified."
materials.unit_cost,output,USD/kg,[ 7.23  2.86  3.    1.87 13.   13.    9.    3.63  0.  ],1D array of the unit costs of the materials.
materials.waste,output,,[0.25 0.15 0.15 0.05 0.2  0.2  0.   0.2  0.  ],1D array of the non-dimensional waste fraction of the materials.
materials.roll_mass,output,kg,"[  0.     181.4368 181.4368   0.       0.       0.       0.       0.
   0.    ]",1D array of the roll mass of the composite fabrics. Non-composite materials are kept at 0.
materials.orth,output,n/a,[0. 1. 1. 1. 0. 0. 0. 0. 0.],1D array of flags to set whether a material is isotropic (0) or orthtropic (1). Each entry represents a material.
nacelle.uptilt,output,rad,[0.08726],Nacelle uptilt angle. A standard machine has positive values.
nacelle.distance_tt_hub,output,m,[2.],Vertical distance from tower top plane to hub flange
nacelle.overhang,output,m,[5.],Horizontal distance from tower top edge to hub flange
nacelle.gearbox_efficiency,output,,[0.955],Efficiency of the gearbox. Set to 1.0 for direct-drive
nacelle.gearbox_mass_user,output,kg,[0.],User override of gearbox mass.
nacelle.gearbox_torque_density,output,N*m/kg,[0.],Torque density of the gearbox.
nacelle.gearbox_radius_user,output,m,[0.],User override of gearbox radius (only used if gearbox_mass_user is > 0).
nacelle.gearbox_length_user,output,m,[0.],User override of gearbox length (only used if gearbox_mass_user is > 0).
nacelle.gear_ratio,output,,[97.],Total gear ratio of drivetrain (use 1.0 for direct)
rotorse.rp.AEP,output,kW*h,[13368424.14690654],annual energy production
rotorse.rp.cdf.F,output,m/s,"[0.11808862 0.12636796 0.1348649  0.14357155 0.15247988 0.16158175
 0.1708689  0.18033297 0.18996554 0.19975807 0.209702   0.21978869
 0.23000948 0.2403557  0.25081863 0.26138959 0.27205988 0.28282083
 0.29366382 0.30458027 0.31556164 0.32659947 0.33768538 0.34881108
 0.35996837 0.37114916 0.38234547 0.39354945 0.40475339 0.41594972
 0.427131   0.43828996 0.4494195  0.46051269 0.47156275 0.48256311
 0.49350738 0.50438934 0.515203   0.52594254 0.53660235 0.54717704
 0.55766141 0.56805048 0.57833949 0.58852387 0.59859929 0.60856163
 0.61840697 0.62813162 0.63773211 0.64720517 0.65654776 0.66575704
 0.67483038 0.68376537 0.69255979 0.70121163 0.70971909 0.71808055
 0.72629459 0.73435998 0.74227568 0.75004084 0.75765475 0.76511692
 0.77242701 0.77958483 0.78659036 0.79344375 0.80014526 0.80669534
 0.81309455 0.81934359 0.82544328 0.83139457 0.83719854 0.84285636
 0.84836931 0.85373878 0.85896626 0.86405331 0.86900158 0.87381283
 0.87848884 0.88303151 0.88744277 0.89172464 0.89587915 0.89990842
 0.90381461 0.90759989 0.91126649 0.91481668 0.91825273 0.92157695
 0.92479166 0.92789921 0.93090195 0.93380222 0.93660241 0.93930487
 0.94191195 0.94442603 0.94684943 0.94918451 0.95143358 0.95359894
 0.95568289 0.95768769 0.95961558 0.96146878 0.96324949 0.96495986
 0.96660203 0.96817811 0.96969015 0.9711402  0.97253026 0.97386228
 0.9751382  0.97635991 0.97752925 0.97864804 0.97971805 0.98074101
 0.98171862 0.98265253 0.98354434 0.98439563 0.98520794 0.98598274
 0.98672149 0.9874256  0.98809644 0.98873533 0.98934357 0.98992241
 0.99047306 0.99099669 0.99149445 0.99196743 0.9924167  0.99284328
 0.99324817 0.99363233 0.99399667 0.99434211 0.99466948 0.99497963
 0.99527335 0.9955514  0.99581452 0.99606342 0.99629879 0.99652127
 0.99673149 0.99693006 0.99711755 0.99729451 0.99746147 0.99761894
 0.99776741 0.99790733 0.99803915 0.9981633  0.99828017 0.99839016
 0.99849362 0.99859092 0.99868238 0.99876833 0.99884906 0.99892487
 0.99899603 0.9990628  0.99912542 0.99918414 0.99923918 0.99929075
 0.99933904 0.99938426 0.99942658 0.99946618 0.99950321 0.99953783
 0.99957018 0.9996004  0.99962863 0.99965498 0.99967957 0.99970251
 0.9997239  0.99974384 0.99976242 0.99977973 0.99979585 0.99981085
 0.99982481 0.99983779]",magnitude of wind speed at each z location
rotorse.rp.gust.V_gust,output,m/s,[20.20462919],gust wind speed
rotorse.rp.powercurve.pitch,output,deg,"[ 0.          0.          0.          0.          0.          0.
  0.          0.          0.          0.          0.          0.85810435
  6.54266076 10.19806788 13.34265295 16.27478787 19.05168021 21.72204415
 24.24991821 26.66246935]",rotor pitch schedule
rotorse.rp.powercurve.P_aero,output,W,"[ 101494.4979979   293080.2267111   560914.94767189  844913.42724029
 1075000.82420727 1192929.8432071  1217547.75618059 1398769.67077516
 1777869.542762   2436418.6505847  3503559.89206512 3912284.26368836
 3912287.62050021 3912288.36947435 3912287.2864539  3912287.25397372
 3912274.3144481  3912207.52165872 3912280.19730059 3912291.65141473]",rotor mechanical power
rotorse.rp.powercurve.T,output,N,"[ 58285.8400959  118193.17698899 182193.4401952  239410.32077867
 281108.46612557 301308.46259449 305439.63850114 335041.70129288
 393128.61279908 485030.82214404 617932.57661849 627059.21675176
 455849.74484239 375090.7436543  321710.00782281 282349.92527693
 252433.66574944 229704.10127999 212160.08725647 198860.20453336]",rotor aerodynamic thrust
rotorse.rp.powercurve.Q,output,N*m,"[ 274279.4420611   556189.26632323  857359.43827376 1126608.60851972
 1322830.26410387 1417886.69208049 1437327.03335151 1576627.37204472
 1849970.7029937  2282440.86490343 2907845.234236   3178730.96424679
 3178733.69165642 3178734.30019791 3178733.42024379 3178733.39385364
 3178722.88048908 3178668.61134771 3178727.66030673 3178736.96677447]",rotor aerodynamic torque
rotorse.rp.powercurve.M,output,N*m,"[ 835797.5046603  1694846.67687283 2612586.90670123 3433055.92520425
 4030991.9894792  4320652.50762725 4379892.05034312 4804374.7407089
 5637319.68257512 6955163.5554078  8860925.8224003  8964333.18313041
 6276859.82320243 4891536.7474682  3911676.75470827 3131822.46584837
 2484699.81468249 1928185.31079515 1472267.54033354 1091228.77290639]",blade root moment
rotorse.rp.powercurve.Cp,output,,"[0.38767991 0.39333376 0.39595614 0.39733337 0.39805539 0.39835346
 0.39841317 0.39878654 0.39939679 0.40012944 0.40087731 0.40363196
 0.30384011 0.20484572 0.13896752 0.0956551  0.06714583 0.04820517
 0.03544677 0.02670985]",rotor electrical power coefficient
rotorse.rp.powercurve.Cp_aero,output,,"[0.46552157 0.46552157 0.46552157 0.46552157 0.46552157 0.46552157
 0.46552157 0.46552157 0.46552157 0.46552157 0.46552157 0.46858283
 0.35273287 0.2378087  0.16132964 0.11104754 0.07795067 0.05596215
 0.04115073 0.03100789]",rotor aerodynamic power coefficient
rotorse.rp.powercurve.Ct_aero,output,,"[0.8020134  0.8020134  0.8020134  0.8020134  0.8020134  0.8020134
 0.8020134  0.8020134  0.8020134  0.8020134  0.8020134  0.75945066
 0.4568625  0.28903779 0.19139939 0.13095643 0.09247578 0.06746898
 0.05076711 0.03940297]",rotor aerodynamic thrust coefficient
rotorse.rp.powercurve.Cq_aero,output,,"[0.05825998 0.05825998 0.05825998 0.05825998 0.05825998 0.05825998
 0.05825998 0.05825998 0.05825998 0.05825998 0.05825998 0.05942967
 0.04917863 0.03781212 0.02919366 0.02275893 0.01797595 0.01441249
 0.01174169 0.00972286]",rotor aerodynamic torque coefficient
rotorse.rp.powercurve.Cm_aero,output,,"[0.17753262 0.17753262 0.17753262 0.17753262 0.17753262 0.17753262
 0.17753262 0.17753262 0.17753262 0.17753262 0.17753262 0.16759749
 0.09711018 0.05818648 0.03592506 0.02242306 0.01405119 0.00874264
 0.00543831 0.00333776]",rotor aerodynamic moment coefficient
rotorse.rp.powercurve.ax_induct_rotor,output,,"[0.30050608 0.30050608 0.30050608 0.30050608 0.30050608 0.30050608
 0.30050608 0.30050608 0.30050608 0.30050608 0.30050608 0.27617461
 0.14923113 0.09386343 0.06361523 0.04486206 0.03319941 0.02529206
 0.01987984 0.01557493]",rotor aerodynamic induction
rotorse.rp.powercurve.V_R25,output,m/s,[9.97811816],region 2.5 transition wind speed
rotorse.rp.powercurve.rated_V,output,m/s,[10.11195283],rated wind speed
rotorse.rp.powercurve.rated_Omega,output,rpm,[11.75298041],rotor rotation speed at rated
rotorse.rp.powercurve.rated_pitch,output,deg,[0.85810435],pitch setting at rated
rotorse.rp.powercurve.rated_T,output,N,[627059.21675176],rotor aerodynamic thrust at rated
rotorse.rp.powercurve.rated_Q,output,N*m,[3178730.96424679],rotor aerodynamic torque at rated
rotorse.rp.powercurve.rated_mech,output,W,[3912284.26368836],Mechanical shaft power at rated
rotorse.rp.powercurve.ax_induct_regII,output,,"[0.09605908 0.0493792  0.05843213 0.10780068 0.14900325 0.24696398
 0.27907671 0.28742904 0.2980232  0.30772055 0.32671408 0.34431058
 0.35159593 0.34618045 0.33750258 0.3269522  0.30892383 0.30139758
 0.30331349 0.28581867 0.28169927 0.28918068 0.28823297 0.29846367
 0.32483806 0.33751862 0.34509448 0.34160467 0.31110935 0.11244731]",rotor axial induction at cut-in wind speed along blade span
rotorse.rp.powercurve.tang_induct_regII,output,,"[-0.09605908 -0.03810679 -0.00095893  0.03327226  0.04400663  0.06593997
  0.05509598  0.04373017  0.03586026  0.02988257  0.02569155  0.02226287
  0.01929237  0.01660524  0.01436747  0.01253854  0.01079456  0.00952017
  0.0086828   0.00763093  0.00690737  0.0064605   0.00583804  0.00551349
  0.00539058  0.00502487  0.00470203  0.0043425   0.00386197  0.00160198]",rotor tangential induction at cut-in wind speed along blade span
rotorse.rp.powercurve.aoa_regII,output,deg,"[52.12263488 43.22263815 31.87158627 22.05078815 16.26276939 11.00943874
  9.34602179  8.67925195  8.41018739  8.34106223  8.21340112  8.08340327
  8.02283946  8.01674357  8.03475377  8.00804158  8.04820329  7.99883309
  7.88020102  7.93190677  7.83706231  7.63088222  7.54477972  7.42203133
  7.21007817  7.16685862  7.28367204  7.76312509  8.86062722 11.60319608]",angle of attack distribution along blade span at cut-in wind speed
rotorse.rp.powercurve.L_D,output,,"[-5.47936499e-19  1.01855819e-01  7.99487875e-01  2.45585846e+00
  4.99459891e+00  2.84545967e+01  5.17019987e+01  6.04954137e+01
  7.15058544e+01  7.78431836e+01  8.34253655e+01  8.60242502e+01
  9.11646581e+01  9.23927491e+01  9.35952359e+01  9.98202085e+01
  9.48530072e+01  9.32973126e+01  1.06850522e+02  1.11841133e+02
  1.17441504e+02  1.33201171e+02  1.10274257e+02  1.19746847e+02
  1.43956057e+02  1.23730955e+02  1.21274159e+02  1.17544522e+02
  1.14452050e+02  5.40478464e+01]",Lift over drag distribution along blade span at cut-in wind speed
rotorse.rp.powercurve.Cp_regII,output,,[0.46552157],power coefficient at cut-in wind speed
rotorse.rp.powercurve.Ct_regII,output,,[0.8020134],thrust coefficient at cut-in wind speed
rotorse.rp.powercurve.cl_regII,output,,"[-2.73968250e-19  5.30883415e-02  4.03745990e-01  1.00067988e+00
  1.23597882e+00  1.62711574e+00  1.54130518e+00  1.40765430e+00
  1.32012025e+00  1.26071493e+00  1.24625180e+00  1.24716814e+00
  1.24918943e+00  1.24835026e+00  1.25466748e+00  1.26254890e+00
  1.25405809e+00  1.26571193e+00  1.29788940e+00  1.27647843e+00
  1.28140151e+00  1.30878649e+00  1.29917813e+00  1.30271025e+00
  1.32508446e+00  1.31192036e+00  1.31733197e+00  1.36092043e+00
  1.44923771e+00  1.54905261e+00]",lift coefficient distribution along blade span at cut-in wind speed
rotorse.rp.powercurve.cd_regII,output,,"[0.5        0.52121069 0.50500577 0.40746643 0.24746308 0.05718288
 0.02981133 0.02326878 0.01846171 0.01619557 0.01493852 0.01449787
 0.01370256 0.01351134 0.01340525 0.01264823 0.01322107 0.01356644
 0.01214678 0.01141332 0.01091098 0.00982564 0.01178134 0.01087887
 0.00920478 0.01060301 0.01086243 0.01157791 0.0126624  0.02866076]",drag coefficient distribution along blade span at cut-in wind speed
rotorse.rp.powercurve.rated_efficiency,output,,[0.8613887],Efficiency at rated conditions
rotorse.rp.powercurve.V_spline,output,m/s,"[ 3.          3.11055276  3.22110553  3.33165829  3.44221106  3.55276382
  3.66331658  3.77386935  3.88442211  3.99497487  4.10552764  4.2160804
  4.32663317  4.43718593  4.54773869  4.65829146  4.76884422  4.87939698
  4.98994975  5.10050251  5.21105528  5.32160804  5.4321608   5.54271357
  5.65326633  5.7638191   5.87437186  5.98492462  6.09547739  6.20603015
  6.31658291  6.42713568  6.53768844  6.64824121  6.75879397  6.86934673
  6.9798995   7.09045226  7.20100503  7.31155779  7.42211055  7.53266332
  7.64321608  7.75376884  7.86432161  7.97487437  8.08542714  8.1959799
  8.30653266  8.41708543  8.52763819  8.63819095  8.74874372  8.85929648
  8.96984925  9.08040201  9.19095477  9.30150754  9.4120603   9.52261307
  9.63316583  9.74371859  9.85427136  9.96482412 10.07537688 10.18592965
 10.29648241 10.40703518 10.51758794 10.6281407  10.73869347 10.84924623
 10.95979899 11.07035176 11.18090452 11.29145729 11.40201005 11.51256281
 11.62311558 11.73366834 11.84422111 11.95477387 12.06532663 12.1758794
 12.28643216 12.39698492 12.50753769 12.61809045 12.72864322 12.83919598
 12.94974874 13.06030151 13.17085427 13.28140704 13.3919598  13.50251256
 13.61306533 13.72361809 13.83417085 13.94472362 14.05527638 14.16582915
 14.27638191 14.38693467 14.49748744 14.6080402  14.71859296 14.82914573
 14.93969849 15.05025126 15.16080402 15.27135678 15.38190955 15.49246231
 15.60301508 15.71356784 15.8241206  15.93467337 16.04522613 16.15577889
 16.26633166 16.37688442 16.48743719 16.59798995 16.70854271 16.81909548
 16.92964824 17.04020101 17.15075377 17.26130653 17.3718593  17.48241206
 17.59296482 17.70351759 17.81407035 17.92462312 18.03517588 18.14572864
 18.25628141 18.36683417 18.47738693 18.5879397  18.69849246 18.80904523
 18.91959799 19.03015075 19.14070352 19.25125628 19.36180905 19.47236181
 19.58291457 19.69346734 19.8040201  19.91457286 20.02512563 20.13567839
 20.24623116 20.35678392 20.46733668 20.57788945 20.68844221 20.79899497
 20.90954774 21.0201005  21.13065327 21.24120603 21.35175879 21.46231156
 21.57286432 21.68341709 21.79396985 21.90452261 22.01507538 22.12562814
 22.2361809  22.34673367 22.45728643 22.5678392  22.67839196 22.78894472
 22.89949749 23.01005025 23.12060302 23.23115578 23.34170854 23.45226131
 23.56281407 23.67336683 23.7839196  23.89447236 24.00502513 24.11557789
 24.22613065 24.33668342 24.44723618 24.55778894 24.66834171 24.77889447
 24.88944724 25.        ]",wind vector
rotorse.rp.powercurve.P_spline,output,W,"[  84523.20933578   93593.77180538  103890.31346241  115332.63205704
  127840.52533946  141333.79105985  155732.22696837  170955.6308152
  186923.80035053  203556.53332453  220773.62748737  238494.88058924
  256811.81467127  276679.91112347  298145.95243625  321073.82554166
  345327.41737174  370770.61485853  397267.30493408  424681.37453043
  452876.71057964  481737.31235939  512118.81531485  544382.07222773
  578316.36117294  613710.96022539  650355.14745998  688038.2009516
  726567.6292218   766852.96337346  809185.78642403  853130.94632673
  898253.29103479  944511.82545149  993013.43771115 1042859.4713817
 1094540.18054354 1147457.5436489  1202495.48224441 1259393.37689861
 1317697.48794998 1377622.69233098 1439383.86697408 1503195.88881174
 1569118.30016947 1636784.57498117 1706226.83487211 1777515.29438368
 1850720.16805726 1925911.67043422 2003160.01605596 2082535.41946386
 2164017.42533069 2247512.43331658 2333071.79259089 2420749.37616724
 2510599.05705927 2602674.70828062 2697030.20284491 2793719.41376578
 2892796.21405687 2994314.47673181 3117649.16516531 3265091.82726269
 3362117.37784035 3370000.05471349 3370000.1193611  3370000.16708517
 3370000.20191726 3370000.22788889 3370000.24903164 3370000.26937704
 3370000.29295665 3370000.32380201 3370000.36487587 3370000.4132742
 3370000.46710522 3370000.52484813 3370000.58498215 3370000.64598647
 3370000.7063403  3370000.76452284 3370000.81901331 3370000.86829091
 3370000.91083484 3370000.94512431 3370000.96963852 3370000.98285668
 3370000.98242976 3370000.9626482  3370000.92496418 3370000.87212168
 3370000.80686471 3370000.73193725 3370000.65008328 3370000.56404681
 3370000.47657181 3370000.39040228 3370000.3082822  3370000.23295557
 3370000.16716637 3370000.1136586  3370000.07517624 3370000.05446328
 3370000.0499479  3370000.04733087 3370000.04515683 3370000.04336267
 3370000.0418853  3370000.04066163 3370000.03962855 3370000.03872296
 3370000.03788178 3370000.0370419  3370000.03614022 3370000.03511365
 3370000.03389909 3370000.03243344 3370000.03065361 3370000.02849649
 3370000.02589899 3370000.01809621 3369999.94405003 3369999.78781518
 3369999.55299577 3369999.24319589 3369998.86201966 3369998.41307118
 3369997.89995457 3369997.32627393 3369996.69563336 3369996.01163698
 3369995.27788889 3369994.4979932  3369993.67555401 3369992.81417545
 3369991.9174616  3369990.98901659 3369990.03244451 3369989.05134948
 3369987.82136459 3369985.95673246 3369983.5252645  3369980.60533563
 3369977.27532077 3369973.61359484 3369969.69853275 3369965.60850943
 3369961.42189979 3369957.21707875 3369953.07242123 3369949.06630216
 3369945.27709643 3369941.78317899 3369938.66292474 3369935.9947086
 3369933.85690549 3369932.32789034 3369931.48603805 3369931.41111438
 3369932.14217378 3369933.6110756  3369935.73709501 3369938.43950718
 3369941.63758726 3369945.25061041 3369949.19785181 3369953.3985866
 3369957.77208995 3369962.23763703 3369966.71450299 3369971.121963
 3369975.37929222 3369979.40576581 3369983.12065893 3369986.44324675
 3369989.29280442 3369991.58860711 3369993.24992998 3369994.2441385
 3369995.06493083 3369995.86085434 3369996.63004664 3369997.37064535
 3369998.08078808 3369998.75861244 3369999.40225605 3370000.00985652
 3370000.57955147 3370001.10947851 3370001.59777525 3370002.04257931
 3370002.44202829 3370002.79425982 3370003.09741151 3370003.34962097
 3370003.54902582 3370003.69376366 3370003.78197211 3370003.8117888 ]",rotor electrical power
rotorse.rp.powercurve.Omega_spline,output,rpm,"[ 3.53362635  3.66384373  3.79406112  3.92427851  4.05449589  4.18471328
  4.31493067  4.44514805  4.57536544  4.70558283  4.83580021  4.9660176
  5.09623498  5.22645237  5.35666976  5.48688714  5.61710453  5.74732192
  5.8775393   6.00775669  6.13797408  6.26819146  6.39840885  6.52862623
  6.65884362  6.78906101  6.91927839  7.04949578  7.17971317  7.30993055
  7.44014794  7.57036533  7.70058271  7.8308001   7.96101748  8.09123487
  8.22145226  8.35166964  8.48188703  8.61210442  8.7423218   8.87253919
  9.00275658  9.13297396  9.26319135  9.39340873  9.52362612  9.65384351
  9.78406089  9.91427828 10.04449567 10.17471305 10.30729054 10.44504419
 10.58595082 10.72791276 10.86883236 11.00661197 11.13915394 11.26436061
 11.38013432 11.48437743 11.58588994 11.68672668 11.74815779 11.75298041
 11.75298041 11.75298041 11.75298041 11.75298041 11.75298041 11.75298041
 11.75298041 11.75298041 11.75298041 11.75298041 11.75298041 11.75298041
 11.75298041 11.75298041 11.75298041 11.75298041 11.75298041 11.75298041
 11.75298041 11.75298041 11.75298041 11.75298041 11.75298041 11.75298041
 11.75298041 11.75298041 11.75298041 11.75298041 11.75298041 11.75298041
 11.75298041 11.75298041 11.75298041 11.75298041 11.75298041 11.75298041
 11.75298041 11.75298041 11.75298041 11.75298041 11.75298041 11.75298041
 11.75298041 11.75298041 11.75298041 11.75298041 11.75298041 11.75298041
 11.75298041 11.75298041 11.75298041 11.75298041 11.75298041 11.75298041
 11.75298041 11.75298041 11.75298041 11.75298041 11.75298041 11.75298041
 11.75298041 11.75298041 11.75298041 11.75298041 11.75298041 11.75298041
 11.75298041 11.75298041 11.75298041 11.75298041 11.75298041 11.75298041
 11.75298041 11.75298041 11.75298041 11.75298041 11.75298041 11.75298041
 11.75298041 11.75298041 11.75298041 11.75298041 11.75298041 11.75298041
 11.75298041 11.75298041 11.75298041 11.75298041 11.75298041 11.75298041
 11.75298041 11.75298041 11.75298041 11.75298041 11.75298041 11.75298041
 11.75298041 11.75298041 11.75298041 11.75298041 11.75298041 11.75298041
 11.75298041 11.75298041 11.75298041 11.75298041 11.75298041 11.75298041
 11.75298041 11.75298041 11.75298041 11.75298041 11.75298041 11.75298041
 11.75298041 11.75298041 11.75298041 11.75298041 11.75298041 11.75298041
 11.75298041 11.75298041 11.75298041 11.75298041 11.75298041 11.75298041
 11.75298041 11.75298041 11.75298041 11.75298041 11.75298041 11.75298041
 11.75298041 11.75298041]",omega
rotorse.rs.aero_gust.loads_r,output,m,"[ 2.          4.17241379  6.34482759  8.51724138 10.68965517 12.86206897
 15.03448276 17.20689655 19.37931034 21.55172414 23.72413793 25.89655172
 28.06896552 30.24137931 32.4137931  34.5862069  36.75862069 38.93103448
 41.10344828 43.27586207 45.44827586 47.62068966 49.79310345 51.96551724
 54.13793103 56.31034483 58.48275862 60.65517241 62.82758621 65.        ]",
rotorse.rs.aero_gust.loads_Px,output,N/m,"[ 272.28815656  350.43260835  658.75280901 1002.93429355 1334.55473337
 1560.12003699 1861.87781023 2378.08357463 2993.27912165 3526.02971364
 3942.99957556 4365.61169331 4593.36093792 4548.61164676 4482.67800997
 4427.66794262 4503.13365218 4730.69179566 4812.73109628 5075.79049929
 5315.45456531 5528.75990541 5805.92000352 6275.92583812 6823.53083108
 7335.15181055 7301.81524396 6494.13473729 4476.4738816   967.06903667]",
rotorse.rs.aero_gust.loads_Py,output,N/m,"[   43.3838561     57.63098028   -64.55818203  -333.20914145
  -518.0942137   -730.68795218  -961.80414116 -1104.51015864
 -1172.10646211 -1215.37040781 -1256.66965465 -1334.50506418
 -1329.06735942 -1218.27499667 -1124.1170343  -1049.48798725
 -1018.82122412 -1026.76750713  -959.21361666 -1004.10364067
 -1051.9039975  -1080.74310433 -1119.52805647 -1200.345898
 -1305.70403929 -1382.96244418 -1321.63516538 -1103.48543843
  -687.11091694  -128.93179219]",
rotorse.rs.aero_gust.loads_Pz,output,N/m,"[0. 0. 0. 0. 0. 0. 0. 0. 0. 0. 0. 0. 0. 0. 0. 0. 0. 0. 0. 0. 0. 0. 0. 0.
 0. 0. 0. 0. 0. 0.]",
rotorse.rs.aero_hub_loads.P,output,W,[8108549.21478519],Rotor aerodynamic power
rotorse.rs.aero_hub_loads.Mb,output,N/m,[10549742.38373127],Aerodynamic blade root flapwise moment
rotorse.rs.aero_hub_loads.Fhub,output,N,[758445.65370952   -992.44761699   5834.91708609],Aerodynamic forces at hub center in the hub c.s.
rotorse.rs.aero_hub_loads.Mhub,output,N*m,[6588196.23701297 -242970.82112413 1033211.68010945],Aerodynamic moments at hub center in the hub c.s.
rotorse.rs.aero_hub_loads.CP,output,,[0.12174513],Rotor aerodynamic power coefficient
rotorse.rs.aero_hub_loads.CMb,output,,[0.04940372],Aerodynamic blade root flapwise moment coefficient
rotorse.rs.aero_hub_loads.CFhub,output,,[ 0.2300826  -0.00030107  0.00177008],Aerodynamic force coefficients at hub center in the hub c.s.
rotorse.rs.aero_hub_loads.CMhub,output,,[ 0.03085207 -0.00113782  0.00483846],Aerodynamic moment coefficients at hub center in the hub c.s.
rotorse.rs.brs.d_r,output,m,[2.54640973],Root fastener circle diameter
rotorse.rs.brs.ratio,output,,[0.99188226],Ratio of recommended diameter over actual diameter. It can be constrained to be smaller than 1
rotorse.rs.constr.constr_max_strainU_spar,output,,"[7.37537001e-02 5.95765785e-02 1.24055613e-01 7.75876321e-01
 7.81064499e-01 7.83536516e-01 7.46419927e-01 6.43655396e-01
 5.54627697e-01 5.00297573e-01 5.19264791e-01 5.49158459e-01
 5.64128449e-01 5.59554711e-01 5.54452495e-01 5.53201178e-01
 5.60654942e-01 5.69323274e-01 5.91846404e-01 6.14248338e-01
 6.19460001e-01 5.54255394e-01 4.56303216e-01 3.50179314e-01
 3.18207630e-01 3.25150700e-01 5.99255137e-01 3.85851890e-01
 3.38511974e-02 3.64306498e-04]",constraint for maximum strain in spar cap suction side
rotorse.rs.constr.constr_max_strainL_spar,output,,"[7.37537001e-02 5.95765785e-02 1.24055613e-01 6.26639398e-01
 6.60240369e-01 6.75917824e-01 6.50853521e-01 5.62692015e-01
 4.84104193e-01 4.43022512e-01 4.72603212e-01 5.01813571e-01
 5.18424338e-01 5.16747935e-01 5.11777530e-01 5.12774951e-01
 5.24745511e-01 5.40238046e-01 5.65815214e-01 5.86444187e-01
 5.92482003e-01 5.30440326e-01 4.35902462e-01 3.33915445e-01
 3.05116447e-01 3.10817556e-01 5.63761875e-01 3.60920551e-01
 3.38511974e-02 3.64306498e-04]",constraint for maximum strain in spar cap pressure side
rotorse.rs.constr.constr_max_strainU_te,output,,"[7.37537001e-02 5.95765785e-02 1.24055613e-01 3.92778504e-01
 3.97996368e-01 2.18818534e-01 8.14743559e-02 3.36221843e-02
 1.26840349e-01 1.35868602e-01 6.64418956e-02 7.75061175e-02
 7.81939578e-02 6.88360908e-02 5.63188611e-02 5.54499741e-02
 7.81425672e-02 1.06303156e-01 1.13129642e-01 1.27489890e-01
 1.40123373e-01 1.15355062e-01 8.51745098e-02 6.15567365e-02
 6.16961287e-02 3.68507413e-02 6.27867943e-03 3.05930510e-03
 3.38511974e-02 3.64306498e-04]",constraint for maximum strain in trailing edge suction side
rotorse.rs.constr.constr_max_strainL_te,output,,"[0.0737537  0.05957658 0.12405561 0.1540177  0.20731767 0.31292962
 0.36305533 0.28812103 0.23650559 0.18600478 0.1221783  0.14370822
 0.15324748 0.15008784 0.1437519  0.14872339 0.17659878 0.20332205
 0.20709237 0.22076285 0.23849458 0.20862332 0.1652805  0.12481649
 0.06169613 0.03685074 0.00627868 0.00305931 0.0338512  0.00036431]",constraint for maximum strain in trailing edge pressure side
rotorse.rs.constr.constr_flap_f_margin,output,,[ -0.13009717  -1.53735319  -4.01573135  -6.85569573 -10.20792333],constraint on flap blade frequency such that ratio of 3P/f is above or below gamma with constraint <= 0
rotorse.rs.constr.constr_edge_f_margin,output,,[ -0.35803441  -2.30772791  -6.05878243 -10.96753206 -16.89269949],constraint on edge blade frequency such that ratio of 3P/f is above or below gamma with constraint <= 0
rotorse.rs.curvature.s,output,m,"[ 2.          4.17241379  6.34482759  8.51724138 10.68965959 12.86209792
 15.03455128 17.20703879 19.37955823 21.55212738 23.7247518  25.8974447
 28.07024161 30.24315774 32.41620948 34.58943535 36.76285946 38.93656127
 41.11055494 43.28497495 45.45983545 47.63531356 49.81149281 51.98866119
 54.16690547 56.34672415 58.52850853 60.71287859 62.90071787 65.09459977]",cumulative path length along blade
rotorse.rs.curvature.blades_cg_hubcc,output,m,[1.46599879],cg of all blades relative to hub along shaft axis. Distance is should be interpreted as negative for upwind and positive for downwind turbines
rotorse.rs.frame.root_F,output,N,[-296034.3730699   -55607.8851964   312105.12974752],Blade root forces in blade c.s.
rotorse.rs.frame.root_M,output,N*m,[  1816684.65409574 -10645513.15037034        -0.        ],Blade root moment in blade c.s.
rotorse.rs.frame.flap_mode_shapes,output,,"[[ 3.69759532e-01  1.94111405e+00 -4.21060979e+00  5.17041500e+00
  -2.27067880e+00]
 [-7.54441091e-01  4.73935014e-01 -6.08631411e+00  1.47027914e+01
  -7.33597124e+00]
 [-3.53168095e-01  1.06601458e+01 -3.20748369e+01  2.84748338e+01
  -5.70697461e+00]
 [ 3.15864131e+00 -3.76582989e+01  1.28549017e+02 -1.69104659e+02
   7.60552990e+01]
 [ 1.68259067e+01 -1.28866085e+02  3.43706238e+02 -3.84226623e+02
   1.53560563e+02]]","6-degree polynomial coefficients of mode shapes in the flap direction (x^2..x^6, no linear or constant term)"
rotorse.rs.frame.edge_mode_shapes,output,,"[[ 7.46094165e-01  7.04968897e-01 -2.19178699e+00  3.56812715e+00
  -1.82740322e+00]
 [-1.53766755e+00  3.48611720e+00 -1.30041238e+01  2.41492727e+01
  -1.20935985e+01]
 [-5.67397757e-01  2.61154014e+01 -9.65165132e+01  1.16135754e+02
  -4.41672441e+01]
 [-7.27710940e+00  3.87686652e+01 -6.46018991e+01  3.43155298e+01
  -2.05186435e-01]
 [ 1.35971367e+01 -1.03349049e+02  2.74800267e+02 -3.07444007e+02
   1.23395653e+02]]","6-degree polynomial coefficients of mode shapes in the edge direction (x^2..x^6, no linear or constant term)"
rotorse.rs.frame.tors_mode_shapes,output,,"[[ 15.36880647 -56.31690661  95.32881255 -77.93467729  24.55396487]
 [  0.           0.           0.           0.           0.        ]
 [  0.           0.           0.           0.           0.        ]
 [  0.           0.           0.           0.           0.        ]
 [  0.           0.           0.           0.           0.        ]]","6-degree polynomial coefficients of mode shapes in the torsional direction (x^2..x^6, no linear or constant term)"
rotorse.rs.frame.all_mode_shapes,output,,"[[ 3.69759532e-01  1.94111405e+00 -4.21060979e+00  5.17041500e+00
  -2.27067880e+00]
 [ 7.46094165e-01  7.04968897e-01 -2.19178699e+00  3.56812715e+00
  -1.82740322e+00]
 [-7.54441091e-01  4.73935014e-01 -6.08631411e+00  1.47027914e+01
  -7.33597124e+00]
 [-1.53766755e+00  3.48611720e+00 -1.30041238e+01  2.41492727e+01
  -1.20935985e+01]
 [-3.53168095e-01  1.06601458e+01 -3.20748369e+01  2.84748338e+01
  -5.70697461e+00]
 [-5.67397757e-01  2.61154014e+01 -9.65165132e+01  1.16135754e+02
  -4.41672441e+01]
 [ 3.15864131e+00 -3.76582989e+01  1.28549017e+02 -1.69104659e+02
   7.60552990e+01]
 [-7.27710940e+00  3.87686652e+01 -6.46018991e+01  3.43155298e+01
  -2.05186435e-01]
 [ 1.68259067e+01 -1.28866085e+02  3.43706238e+02 -3.84226623e+02
   1.53560563e+02]
 [ 1.35971367e+01 -1.03349049e+02  2.74800267e+02 -3.07444007e+02
   1.23395653e+02]]","6-degree polynomial coefficients of mode shapes in the edge direction (x^2..x^6, no linear or constant term)"
rotorse.rs.frame.flap_mode_freqs,output,Hz,[ 0.79749577  2.36111356  5.11486708  8.27038305 11.99508039],Frequencies associated with mode shapes in the flap direction
rotorse.rs.frame.edge_mode_freqs,output,Hz,[ 1.05075937  3.21708548  7.38492383 12.83909009 19.42260945],Frequencies associated with mode shapes in the edge direction
rotorse.rs.frame.tors_mode_freqs,output,Hz,[24.37638015  0.          0.          0.          0.        ],Frequencies associated with mode shapes in the torsional direction
rotorse.rs.frame.freqs,output,Hz,"[ 0.79749577  1.05075937  2.36111356  3.21708548  5.11486708  6.47951062
  7.38492383  8.27038305 10.69005378 11.99508039]","ration of 2nd and 1st natural frequencies, should be ratio of edgewise to flapwise"
rotorse.rs.frame.freq_distance,output,,[1.3175736],"ration of 2nd and 1st natural frequencies, should be ratio of edgewise to flapwise"
rotorse.rs.frame.dx,output,m,"[-0.00000000e+00  3.02151580e-03  1.27542916e-02  3.09977195e-02
  6.08137314e-02  1.05109346e-01  1.65086233e-01  2.40615666e-01
  3.30528985e-01  4.33541476e-01  5.49347873e-01  6.79012322e-01
  8.24300774e-01  9.86836093e-01  1.16803897e+00  1.36955612e+00
  1.59352639e+00  1.84268069e+00  2.12066152e+00  2.43228879e+00
  2.78295902e+00  3.17648238e+00  3.61270039e+00  4.08746902e+00
  4.59583834e+00  5.13615810e+00  5.71517844e+00  6.34853157e+00
  7.03705646e+00  7.79799078e+00]",deflection of blade section in airfoil x-direction
rotorse.rs.frame.dy,output,m,"[ 0.00000000e+00 -5.19068789e-04 -2.25844870e-03 -5.83782810e-03
 -1.23150977e-02 -2.23850320e-02 -3.60197884e-02 -5.30365207e-02
 -7.32451441e-02 -9.64384293e-02 -1.22447116e-01 -1.51180991e-01
 -1.82615796e-01 -2.16738104e-01 -2.53530952e-01 -2.93037470e-01
 -3.35453518e-01 -3.81154520e-01 -4.30576036e-01 -4.84072511e-01
 -5.41892442e-01 -6.04023673e-01 -6.69921663e-01 -7.38656384e-01
 -8.09559144e-01 -8.82479867e-01 -9.57233854e-01 -1.03313570e+00
 -1.10906084e+00 -1.18247016e+00]",deflection of blade section in airfoil y-direction
rotorse.rs.frame.dz,output,m,"[-0.00000000e+00 -6.84762459e-05 -1.62438148e-04 -2.80952148e-04
 -4.30470979e-04 -5.85941788e-04 -7.47331521e-04 -9.01916579e-04
 -1.04014380e-03 -1.16500961e-03 -1.28571389e-03 -1.40888096e-03
 -1.53188611e-03 -1.64959900e-03 -1.75937680e-03 -1.86212419e-03
 -1.95994851e-03 -2.05368328e-03 -2.14313581e-03 -2.22893357e-03
 -2.31143299e-03 -2.38626223e-03 -2.44673993e-03 -2.49080668e-03
 -2.52358230e-03 -2.55155985e-03 -2.58120620e-03 -2.61352771e-03
 -2.63391281e-03 -2.65117966e-03]",deflection of blade section in airfoil z-direction
rotorse.rs.frame.EI11,output,N*m**2,"[9.28284812e+09 7.00532458e+09 5.23028463e+09 3.21592897e+09
 2.50241563e+09 2.19949729e+09 2.02232927e+09 2.05544700e+09
 2.07871977e+09 1.97696084e+09 1.60740795e+09 1.26771032e+09
 1.02018421e+09 8.39248169e+08 6.79791349e+08 5.39528835e+08
 4.14015377e+08 3.07209387e+08 2.18045886e+08 1.53046066e+08
 1.09783444e+08 8.69763830e+07 7.27729148e+07 6.30157689e+07
 4.33239956e+07 2.36441143e+07 5.74744547e+06 2.52978493e+06
 1.69860687e+05 1.57563736e+03]",stiffness w.r.t principal axis 1
rotorse.rs.frame.EI22,output,N*m**2,"[9.28320622e+09 7.18896949e+09 6.81985940e+09 5.81290594e+09
 6.01776806e+09 5.23235775e+09 4.29547821e+09 3.93390179e+09
 3.53795937e+09 3.15859608e+09 2.78883307e+09 2.38222133e+09
 2.05632822e+09 1.81627199e+09 1.57248227e+09 1.24169399e+09
 8.25414549e+08 5.35131983e+08 3.84229680e+08 2.93728181e+08
 2.24996743e+08 2.06873772e+08 2.08552381e+08 2.11700767e+08
 1.09253207e+08 7.20977881e+07 3.13756717e+07 1.87959859e+07
 3.11259993e+06 3.16022606e+04]",stiffness w.r.t principal axis 2
rotorse.rs.frame.alpha,output,deg,"[-4.76924745 -0.27145777 -0.07435954  3.38137387  1.83520032  1.36464513
  3.26596788  6.52318616 10.97003179 13.07905723  9.23754115  7.17713354
  6.11469286  5.48242689  5.02406856  4.95394036  5.38920004  5.48287137
  4.4470359   3.61824524  3.26391064  2.75735878  2.25497286  1.84542705
  2.24136428  1.72847612  1.23047333  1.28512948  0.97408279  0.97419103]",Angle between blade c.s. and principal axes
rotorse.rs.frame.M1,output,N*m,"[-1.07064368e+07 -1.00590707e+07 -9.37524784e+06 -8.71757515e+06
 -8.11052469e+06 -7.56802090e+06 -6.99413671e+06 -6.40567778e+06
 -5.81535404e+06 -5.25164170e+06 -4.76993679e+06 -4.31129476e+06
 -3.85019474e+06 -3.40854956e+06 -2.99205401e+06 -2.60176073e+06
 -2.23798112e+06 -1.90004369e+06 -1.58727995e+06 -1.30029302e+06
 -1.04113545e+06 -8.10000074e+05 -6.06620379e+05 -4.31160167e+05
 -2.84353722e+05 -1.67100646e+05 -8.16465212e+04 -2.86969511e+04
 -4.72827972e+03  1.18258492e+00]",distribution along blade span of bending moment w.r.t principal axis 1
rotorse.rs.frame.M2,output,N*m,"[ 1.41406036e+06  1.33998868e+06  1.55123333e+06  1.61368574e+06
  1.45138113e+06  9.40878320e+05  6.88572690e+05  7.18006116e+05
  8.81719731e+05  9.58165420e+05  6.75314047e+05  2.92422205e+05
  9.06443397e+04 -1.24599497e+04 -6.76337928e+04 -9.06677052e+04
 -8.42583769e+04 -7.33194438e+04 -8.35798687e+04 -9.63264313e+04
 -9.21840073e+04 -8.08149018e+04 -6.79219423e+04 -5.31340163e+04
 -3.59234728e+04 -2.15912420e+04 -1.13749405e+04 -4.21134535e+03
 -7.44666214e+02  1.19495212e-02]",distribution along blade span of bending moment w.r.t principal axis 2
rotorse.rs.frame.F2,output,N,"[ 2.99242057e+05  2.97617291e+05  2.94453371e+05  2.90933749e+05
  2.87701111e+05  2.85354804e+05  2.80987745e+05  2.74618152e+05
  2.65949320e+05  2.55871716e+05  2.47284919e+05  2.37866715e+05
  2.26435614e+05  2.14419633e+05  2.02386382e+05  1.90432052e+05
  1.78499090e+05  1.66254995e+05  1.53593224e+05  1.40526971e+05
  1.27041744e+05  1.13071092e+05  9.83301837e+04  8.25571102e+04
  6.60742702e+04  4.93915629e+04  3.29315776e+04  1.77953124e+04
  5.68100138e+03 -1.09041696e+02]",distribution along blade span of force w.r.t principal axis 2
rotorse.rs.frame.F3,output,N,"[3.12105130e+05 3.22123347e+05 3.25020742e+05 3.23790561e+05
 3.19939928e+05 3.14203470e+05 3.07149713e+05 2.98355797e+05
 2.87134380e+05 2.73488808e+05 2.58288406e+05 2.42433932e+05
 2.26042432e+05 2.08959601e+05 1.91098408e+05 1.72634240e+05
 1.54036676e+05 1.35688205e+05 1.17844604e+05 1.00857286e+05
 8.49708960e+04 6.96107829e+04 5.37859007e+04 3.71531440e+04
 2.21263096e+04 1.13659710e+04 5.35931309e+03 2.27292486e+03
 5.14713048e+02 1.08002496e-12]",axial resultant along blade span
rotorse.rs.strains.strainU_spar,output,,"[ 2.95014801e-04  2.38306314e-04  4.96222452e-04 -3.10350528e-03
 -3.12425800e-03 -3.13414607e-03 -2.98567971e-03 -2.57462159e-03
 -2.21851079e-03 -2.00119029e-03 -2.07705916e-03 -2.19663384e-03
 -2.25651379e-03 -2.23821884e-03 -2.21780998e-03 -2.21280471e-03
 -2.24261977e-03 -2.27729309e-03 -2.36738562e-03 -2.45699335e-03
 -2.47784000e-03 -2.21702158e-03 -1.82521286e-03 -1.40071725e-03
 -1.27283052e-03 -1.30060280e-03 -2.39702055e-03 -1.54340756e-03
  1.35404790e-04 -1.45722599e-06]","strain in spar cap on upper surface at location xu,yu_strain with loads P_strain"
rotorse.rs.strains.strainL_spar,output,,"[ 2.95014801e-04  2.38306314e-04  4.96222452e-04  2.50655759e-03
  2.64096148e-03  2.70367130e-03  2.60341408e-03  2.25076806e-03
  1.93641677e-03  1.77209005e-03  1.89041285e-03  2.00725428e-03
  2.07369735e-03  2.06699174e-03  2.04711012e-03  2.05109980e-03
  2.09898204e-03  2.16095218e-03  2.26326085e-03  2.34577675e-03
  2.36992801e-03  2.12176130e-03  1.74360985e-03  1.33566178e-03
  1.22046579e-03  1.24327023e-03  2.25504750e-03  1.44368220e-03
  1.35404790e-04 -1.45722599e-06]","strain in spar cap on lower surface at location xl,yl_strain with loads P_strain"
rotorse.rs.strains.strainU_te,output,,"[ 2.95014801e-04  2.38306314e-04  4.96222452e-04 -1.57111402e-03
 -1.59198547e-03 -8.75274137e-04 -3.25897423e-04  1.34488737e-04
  5.07361394e-04  5.43474409e-04  2.65767583e-04  3.10024470e-04
  3.12775831e-04  2.75344363e-04  2.25275444e-04  2.21799896e-04
  3.12570269e-04  4.25212624e-04  4.52518568e-04  5.09959562e-04
  5.60493491e-04  4.61420249e-04  3.40698039e-04  2.46226946e-04
 -2.46784515e-04 -1.47402965e-04 -2.51147177e-05  1.22372204e-05
  1.35404790e-04 -1.45722599e-06]","strain in trailing-edge panels on upper surface at location xu,yu_te with loads P_te"
rotorse.rs.strains.strainL_te,output,,"[ 2.95014801e-04  2.38306314e-04  4.96222452e-04  6.16070815e-04
  8.29270691e-04  1.25171846e-03  1.45222133e-03  1.15248413e-03
  9.46022342e-04  7.44019138e-04  4.88713190e-04  5.74832895e-04
  6.12989928e-04  6.00351364e-04  5.75007611e-04  5.94893547e-04
  7.06395125e-04  8.13288218e-04  8.28369493e-04  8.83051419e-04
  9.53978330e-04  8.34493271e-04  6.61122005e-04  4.99265948e-04
 -2.46784515e-04 -1.47402965e-04 -2.51147177e-05  1.22372204e-05
  1.35404790e-04 -1.45722599e-06]","strain in trailing-edge panels on lower surface at location xl,yl_te with loads P_te"
rotorse.rs.strains.axial_root_sparU_load2stress,output,m**2,"[ 0.00000000e+00  0.00000000e+00 -1.86919123e+00  3.02764946e+00
 -4.88732714e-05  0.00000000e+00]",Linear conversion factors between loads [Fx-z; Mx-z] and axial stress in the upper spar cap at blade root
rotorse.rs.strains.axial_root_sparL_load2stress,output,m**2,"[ 0.00000000e+00  0.00000000e+00 -1.86919123e+00  3.02764946e+00
 -4.88732714e-05  0.00000000e+00]",Linear conversion factors between loads [Fx-z; Mx-z] and axial stress in the lower spar cap at blade root
rotorse.rs.strains.axial_maxc_teU_load2stress,output,m**2,[ 0.          0.         -1.8448731  -6.94006165 -0.5676867   0.        ],Linear conversion factors between loads [Fx-z; Mx-z] and axial stress in the upper trailing edge at blade max chord
rotorse.rs.strains.axial_maxc_teL_load2stress,output,m**2,[ 0.          0.         -1.8448731  -7.0403952  -1.22254836  0.        ],Linear conversion factors between loads [Fx-z; Mx-z] and axial stress in the lower trailing edge at blade max chord
rotorse.rs.tip_pos.tip_deflection,output,m,[7.47796805],deflection at tip in yaw x-direction
rotorse.rs.tot_loads_gust.Px_af,output,N/m,"[ 699.40714819  771.18356197 1075.98313331 1446.62275727 1846.64697477
 2115.45033207 2455.49521013 3054.59450872 3746.8508062  4347.01032963
 4766.42371585 5191.32080506 5427.79851411 5406.14173056 5369.12995284
 5339.28026293 5417.86978569 5648.25263903 5714.80999065 5952.98622461
 6157.27056403 6411.03317461 6773.18676598 7340.33847758 7676.51282309
 7922.45612061 7545.51316825 6681.46344432 4517.70656357  974.22929626]",total distributed loads in airfoil x-direction
rotorse.rs.tot_loads_gust.Py_af,output,N/m,"[  312.86429051   347.01559743   314.97487302   136.99484533
    16.99271245  -213.12882347  -451.49845985  -556.08475554
  -606.65747997  -674.28389217  -779.5925064   -919.07014296
  -977.43007848  -925.60278338  -881.39674497  -843.96540338
  -839.34422172  -871.18484687  -834.30374816  -898.38226738
  -965.71568991 -1013.10859667 -1071.68898335 -1180.29718364
 -1322.26869233 -1440.398629   -1427.18764091 -1271.76441831
  -882.87248915  -193.62872717]",total distributed loads in airfoil y-direction
rotorse.rs.tot_loads_gust.Pz_af,output,N/m,"[-6665.98625532 -2557.1384994   -110.3054729   1242.853771
  2302.17517031  2979.01026563  3514.92728126  4581.06259351
  5749.77026784  6812.82524938  7181.20133512  7414.98725474
  7675.60662893  8051.45120866  8392.1931955   8606.57234344
  8515.00115161  8377.25026277  8050.19921571  7588.92643379
  7036.64494012  7104.4169738   7464.52878637  7848.17371747
  5986.06126159  3920.28722492  1609.65409461  1231.78384794
   386.8880202     86.97497425]",total distributed loads in airfoil z-direction
rotorse.stall_check.no_stall_constraint,output,,"[0.         0.         0.         0.         0.         0.
 0.         0.97065446 0.95967307 0.99124453 0.9869564  0.96799184
 0.94851833 0.93096482 0.92694973 0.92313417 0.94617212 1.06109381
 1.12416686 1.16138127 1.16727119 1.13837448 1.11345257 1.06322041
 0.99290024 0.9300372  0.9076109  0.94993259 1.04681141 1.28890374]","Constraint, ratio between angle of attack plus a margin and stall angle"
rotorse.stall_check.stall_angle_along_span,output,deg,"[1.00000000e-06 1.01630430e+01 1.01021144e+01 1.02970416e+01
 1.08704459e+01 1.19855692e+01 1.20646763e+01 1.20305841e+01
 1.18878771e+01 1.14395086e+01 1.13598627e+01 1.14481248e+01
 1.16193090e+01 1.18318452e+01 1.19025245e+01 1.19227845e+01
 1.16749281e+01 1.03639481e+01 9.67693459e+00 9.41137525e+00
 9.28263333e+00 9.33714742e+00 9.46880733e+00 9.80071431e+00
 1.02813615e+01 1.09298281e+01 1.13285993e+01 1.13286072e+01
 1.13286072e+01 1.13286072e+01]",Stall angle along blade span
