variables,type,units,values,description
financese.machine_rating,input,kW,[5000.],
financese.offset_tcc_per_kW,input,USD/kW,[0.],
financese.opex_per_kW,input,USD/kW/year,[43.],
financese.plant_aep_in,input,kW*h,[0.],
financese.wake_loss_factor,input,,[0.15],
financese.fixed_charge_rate,input,,[0.0578],
financese.electricity_price,input,USD/kW/h,[0.04],
financese.reserve_margin_price,input,USD/kW/year,[120.],
financese.capacity_credit,input,,[1.],
financese.benchmark_price,input,USD/kW/h,[0.071],
financese.turbine_number,input,n/a,120,
landbosse.blade_drag_coefficient,input,,[-1.],
landbosse.blade_lever_arm,input,m,[-1.],
landbosse.blade_install_cycle_time,input,h,[-1.],
landbosse.blade_offload_hook_height,input,m,[-1.],
landbosse.blade_offload_cycle_time,input,h,[-1.],
landbosse.blade_drag_multiplier,input,,[-1.],
landbosse.tower_section_length_m,input,m,[30.],
landbosse.crane_breakdown_fraction,input,,[0.],0 means the crane is never broken down. 1 means it is broken down every turbine.
landbosse.construct_duration,input,,[9.],Total project construction time (months)
landbosse.wind_shear_exponent,input,,[0.2],Wind shear exponent
landbosse.turbine_rating_MW,input,MW,[5.],Turbine rating MW
landbosse.fuel_cost_usd_per_gal,input,,[1.5],Fuel cost USD/gal
landbosse.breakpoint_between_base_and_topping_percent,input,,[0.8],Breakpoint between base and topping (percent)
landbosse.turbine_spacing_rotor_diameters,input,,[7.],Turbine spacing (times rotor diameter)
landbosse.depth,input,m,[2.36],Foundation depth m
landbosse.bearing_pressure_n_m2,input,,[191521.],Bearing Pressure (n/m2)
landbosse.road_length_adder_m,input,m,[5000.],Road length adder (m)
landbosse.fraction_new_roads,input,,[0.33],Percent of roads that will be constructed (0.0 - 1.0)
landbosse.road_quality,input,,[0.6],Road Quality (0-1)
landbosse.line_frequency_hz,input,Hz,[60.],Line Frequency (Hz)
landbosse.row_spacing_rotor_diameters,input,,[7.],Row spacing (times rotor diameter)
landbosse.trench_len_to_substation_km,input,km,[50.],Combined Homerun Trench Length to Substation (km)
landbosse.distance_to_interconnect_mi,input,mi,[4.97096954],Distance to interconnect (miles)
landbosse.interconnect_voltage_kV,input,kV,[130.],Interconnect Voltage (kV)
landbosse.critical_speed_non_erection_wind_delays_m_per_s,input,m/s,[15.],Non-Erection Wind Delay Critical Speed (m/s)
landbosse.critical_height_non_erection_wind_delays_m,input,m,[10.],Non-Erection Wind Delay Critical Height (m)
landbosse.road_width_ft,input,ft,[20.],Road width (ft)
landbosse.road_thickness,input,,[8.],Road thickness (in)
landbosse.crane_width,input,m,[12.2],Crane width (m)
landbosse.overtime_multiplier,input,,[1.4],Overtime multiplier
landbosse.markup_contingency,input,,[0.03],Markup contingency
landbosse.markup_warranty_management,input,,[0.0002],Markup warranty management
landbosse.markup_sales_and_use_tax,input,,[0.],Markup sales and use tax
landbosse.markup_overhead,input,,[0.05],Markup overhead
landbosse.markup_profit_margin,input,,[0.05],Markup profit margin
landbosse.Mass tonne,input,t,[1.],
landbosse.development_labor_cost_usd,input,USD,[1000000.],The cost of labor in the development phase
landbosse.labor_cost_multiplier,input,,[1.],Labor cost multiplier
landbosse.commissioning_pct,input,,[0.01],
landbosse.decommissioning_pct,input,,[0.15],
landbosse.road_distributed_winnd,input,n/a,False,
landbosse.num_turbines,input,n/a,120,Number of turbines in project
landbosse.number_of_blades,input,n/a,3,Number of blades on the rotor
landbosse.user_defined_home_run_trench,input,n/a,0,Flag for user-defined home run trench length (0 = no; 1 = yes)
landbosse.allow_same_flag,input,n/a,False,Allow same crane for base and topping (True or False)
landbosse.hour_day,input,n/a,"{'long': 24, 'normal': 10}","Dictionary of normal and long hours for construction in a day in the form of {'long': 24, 'normal': 10}"
landbosse.time_construct,input,n/a,normal,One of the keys in the hour_day dictionary to specify how many hours per day construction happens.
landbosse.user_defined_distance_to_grid_connection,input,n/a,False,Flag for user-defined home run trench length (True or False)
landbosse.rate_of_deliveries,input,n/a,10,Rate of deliveries (turbines per week)
landbosse.new_switchyard,input,n/a,True,New Switchyard (True or False)
landbosse.num_hwy_permits,input,n/a,10,Number of highway permits
landbosse.num_access_roads,input,n/a,2,Number of access roads
landbosse.site_facility_building_area_df,input,n/a,"   Size Min (MW)  Size Max (MW)  Building area (sq. ft.)
0              0            200                     3000
1            200            500                     5000
2            500            800                     7000
3            800           1000                     9000
4           1000           5000                    12000",site_facility_building_area DataFrame
landbosse.components,input,n/a,"           Component  Mass tonne  Lift height m  Surface area sq m  Coeff drag  ...  Cycle time installation hrs  Offload hook height m  Offload cycle time hrs  Multplier drag rotor  Multiplier tower drag
0  Nacelle GE 1.5SLE        50.0             90              33.00         0.8  ...                          1.5                      6                     0.5              1.000000                      0
1                Hub        15.4             90              11.30         1.1  ...                          1.0                      6                     0.5              0.000000                      0
2            Blade 1         5.2             90              33.44         0.1  ...                          1.0                      6                     0.5              0.666667                      0
3            Blade 2         5.2             90              33.44         0.1  ...                          1.0                      6                     0.5              0.666667                      0
4            Blade 3         5.2             90              33.44         0.1  ...                          1.0                      6                     0.5              0.666667                      0
5    Tower section 1        59.8             30              95.89         0.6  ...                          1.0                      6                     0.5              0.000000                      1
6    Tower section 2        39.3             60              96.25         0.6  ...                          1.0                      6                     0.5              0.000000                      1
7    Tower section 3        30.9             90              90.00         0.6  ...                          1.0                      6                     0.5              0.000000                      1

[8 rows x 13 columns]","Dataframe of components for tower, blade, nacelle"
landbosse.crane_specs,input,n/a,"   Equipment name    Crane name              Boom system  Crane capacity tonne  Speed of travel km per hr  ...  Hub height m Max capacity tonne Radius m  Hook Height m  Mobilization cost USD
0   Offload crane         LB 75                Hydraulic                    75                         40  ...          12.5                 38      5.4           12.5                   8040
1   Offload crane   Big LB 2580            Big Hydraulic                   500                         40  ...          48.0                500     11.0           48.0                 406100
2   Offload crane        LB 258                Hydraulic                   200                         40  ...          48.0                 63     11.0           48.0                  40610
3   Crawler crane          M999                     22EL                   275                          2  ...          57.0                 67     14.0           57.0                  68709
4   Crawler crane        LR1500                     SL3F                   500                          2  ...          80.0                102     16.0           94.0                 184398
5   Crawler crane        LR1500                     SL3F                   500                          2  ...          85.0                 95     16.0          100.0                 184398
6   Crawler crane        LR1500                     SL3F                   500                          2  ...          90.0                 87     16.0          106.0                 184398
7   Crawler crane        LR1500                     SL3F                   500                          2  ...         100.0                 77     18.0          112.0                 184398
8   Crawler crane        LR1500         SL4DFB + Derrick                   500                          2  ...          80.0                112     16.0           94.0                 184398
9   Crawler crane        LR1500         SL4DFB + Derrick                   500                          2  ...          90.0                105     16.0          100.0                 184398
10  Crawler crane        LR1500         SL4DFB + Derrick                   500                          2  ...         100.0                 90     16.0          112.0                 184398
11  Crawler crane        LR1500         SL4DFB + Derrick                   500                          2  ...         120.0                 74     18.0          130.0                 184398
12  Crawler crane        LR1500         SL4DFB + Derrick                   500                          2  ...         130.0                 60     20.0          142.0                 184398
13  Crawler crane      LR1600/2                    SL8F3                   600                          2  ...          80.0                137     18.0           93.0                 249177
14  Crawler crane      LR1600/2                    SL8F3                   600                          2  ...         100.0                118     18.0          114.0                 249177
15  Crawler crane      LR1600/2                     SL3F                   600                          2  ...         105.0                 93     18.0          117.0                 249177
16  Crawler crane      LR1600/2    HSL4DF + Derrick boom                   600                          2  ...         120.0                 87     20.0          135.0                 249177
17  Crawler crane      LR1600/2       SL13DFB + Derrick                    600                          2  ...         135.0                 96     20.0          147.0                 249177
18  Crawler crane      LR1600/2       SL13DFB + Derrick                    600                          2  ...         140.0                 87     24.0          152.0                 249177
19  Crawler crane      LR1600/2      SL13DFB2 + Derrick                    600                          2  ...         150.0                 71     24.0          164.0                 249177
20  Crawler crane      LR1750/2                   HSL8HS                   750                          2  ...          80.0                111     18.0          101.0                 360193
21  Crawler crane      LR1500/2                   HSL8HS                   750                          2  ...          95.0                110     18.0          109.0                 360193
22  Crawler crane      LR1750/2                  HSL7DHS                   750                          2  ...         120.0                108     18.0          136.0                 360193
23  Crawler crane      LR1750/2                  HSL7DHS                   750                          2  ...         130.0                 98     18.0          147.0                 360193
24  Crawler crane      LR1500/2                  HSL7DHS                   750                          2  ...         140.0                 89     22.0          152.0                 360193
25  Crawler crane      LR1750/2  SX3D4F2B Derrick (walk)                   750                          2  ...         140.0                141     28.0          154.0                 360193
26  Crawler crane      LR1750/2  SX3D4F2B Derrick (walk)                   750                          2  ...         150.0                118     28.0          165.0                 360193
27  Crawler crane       LR11000                     SL3F                  1000                          1  ...         100.0                179     18.0          114.0                 579224
28  Crawler crane       LR11000                     SL3F                  1000                          1  ...         110.0                152     18.0          120.0                1000000
29  Crawler crane       LR11000                   SL2DFB                  1000                          1  ...         120.0                179     20.0          132.0                1000000
30  Crawler crane       LR11000                   SL2DFB                  1000                          1  ...         140.0                133     18.0          136.0                1000000
31  Crawler crane       LR11000                   SL2DFB                  1000                          1  ...         150.0                154     18.0          147.0                1000000
32  Crawler crane       LR11000                   SL2DFB                  1000                          1  ...         155.0                140     22.0          152.0                1000000
33  Crawler crane       LR11000                   SL2DFB                  1000                          1  ...         160.0                120     26.0          174.0                1000000
34  Crawler crane       LR11000                   SL2DFB                  1000                          1  ...         180.0                 73     22.0          192.0                1000000
35  Crawler crane       LR11000                   SL2DFB                  1000                          1  ...         185.0                 54     34.0          198.0                1000000
36  Crawler crane       LR11000            PDW3B Derrick                  1000                          1  ...         130.0                227     28.0          147.0                1000000
37  Crawler crane       LR11000           PDW3B2 Derrick                  1000                          1  ...         165.0                142     26.0          174.0                1000000
38  Crawler crane  Big LR110000       Big PDW3B2 Derrick                100000                          1  ...         250.0               1000     50.0          300.0                1400000

[39 rows x 16 columns]",Dataframe of specifications of cranes
landbosse.weather_window,input,n/a,"                      Date UTC  Temp C  Pressure atm  Direction deg  Speed m per s                      Date  Month  Day  Hour Time window  Season
0    2012-01-01 12:00:00+00:00   2.444      0.952053          185.0          8.681 2012-01-01 05:00:00-07:00      1    1     5        long  winter
1    2012-01-01 13:00:00+00:00   1.655      0.952275          270.0          7.234 2012-01-01 06:00:00-07:00      1    1     6        long  winter
2    2012-01-01 14:00:00+00:00   2.512      0.952485          322.0         12.898 2012-01-01 07:00:00-07:00      1    1     7        long  winter
3    2012-01-01 15:00:00+00:00   2.589      0.953325          321.0         14.795 2012-01-01 08:00:00-07:00      1    1     8      normal  winter
4    2012-01-01 16:00:00+00:00   1.534      0.954406          323.0         15.076 2012-01-01 09:00:00-07:00      1    1     9      normal  winter
...                        ...     ...           ...            ...            ...                       ...    ...  ...   ...         ...     ...
8779 2013-01-01 07:00:00+00:00  -8.496      0.970703          346.0          6.550 2013-01-01 00:00:00-07:00      1    1     0        long  winter
8780 2013-01-01 08:00:00+00:00  -8.584      0.970879          348.0          6.387 2013-01-01 01:00:00-07:00      1    1     1        long  winter
8781 2013-01-01 09:00:00+00:00  -9.121      0.970915          351.0          6.617 2013-01-01 02:00:00-07:00      1    1     2        long  winter
8782 2013-01-01 10:00:00+00:00  -9.941      0.970998          351.0          7.304 2013-01-01 03:00:00-07:00      1    1     3        long  winter
8783 2013-01-01 11:00:00+00:00 -10.568      0.971338          351.0          7.864 2013-01-01 04:00:00-07:00      1    1     4        long  winter

[8784 rows x 11 columns]",Dataframe of wind toolkit data
landbosse.crew,input,n/a,"   Crew type ID   Operation                  Crew name         Labor type ID  Number of workers
0            M0  Management  Management - project size       Project manager                  1
1            M0  Management  Management - project size          Site manager                  1
2            M0  Management  Management - project size  Construction manager                  1
3            M0  Management  Management - project size      Project engineer                  1
4            M0  Management  Management - project size  Safety or qc manager                  1
..          ...         ...                        ...                   ...                ...
74           C4        Base                  Top 1000t        Rigger foreman                  1
75           C0        Base          Offload can tower        Crane operator                  2
76           C0        Base          Offload can tower                 Oiler                  2
77           C0        Base          Offload can tower           Iron worker                  3
78           C0        Base          Offload can tower        Rigger foreman                  1

[79 rows x 5 columns]",Dataframe of crew configurations
landbosse.crew_price,input,n/a,"           Labor type ID  Hourly rate USD per hour  Per diem USD per day                                   Notes/References
0         Crane operator                 81.910500                   149  2017 National Construction Estimator:  Page 30...
1                  Oiler                 61.625000                   149  (35% burden) https://www.ziprecruiter.com/Sala...
2                 Rigger                 85.840000                   149  2017 National Construction Estimator:  Page 30...
3           Truck driver                 66.410000                   149  2017 National Construction Estimator:  Page 30...
4            Iron worker                 94.554500                   149  2017 National Construction Estimator:  Page 30...
5        Project manager                119.000000                   149  (50% burden) https://www.salary.com/tools/sala...
6           Site manager                112.200000                   149  (50% burden) https://www.salary.com/tools/sala...
7   Construction manager                112.200000                   149  (50% burden) https://www.salary.com/tools/sala...
8       Project engineer                 93.500000                   149  (50% burden) https://www.salary.com/tools/sala...
9   Safety or qc manager                106.117647                   149  (70% burden) https://www.salary.com/tools/sala...
10     Logistics manager                 99.900000                   149  (50 % burden) https://www.salary.com/research/...
11        Rigger foreman                 85.840000                   149  2017 National Construction Estimator:  Page 30...
12                Rigger                 85.840000                   149  2017 National Construction Estimator:  Page 30...
13              Operator                 81.910500                   149  2017 National Construction Estimator:  Page 30...
14                 Oiler                 71.145000                   149  (35% burden) https://www.ziprecruiter.com/Sala...
15           Electrician                 85.840000                   149  2017 National Construction Estimator:  Page 30...
16             Tool room                 85.840000                   149  2017 National Construction Estimator:  Page 30...
17            QC/QA tech                 87.125000                   149  (50% burden for QC/QC Manager) https://www.zip...
18          Office admin                 44.562500                   149  (35% burden) https://www.salary.com/tools/sala...
19               RSMeans                       NaN                   149                                                NaN",Dataframe of costs per hour for each type of worker.
landbosse.equip,input,n/a,"   Equipment ID Operation Equipment name  Crane capacity tonne  Number of equipment
0            E1      Base  Crawler crane                   500                    1
1            E1      Base    Truck crane                    50                    1
2            E1       Top  Crawler crane                   500                    1
3            E1       Top    Truck crane                    50                    2
4            E2       Top  Crawler crane                   600                    1
5            E2       Top    Truck crane                    50                    2
6            E2       Top             RT                   100                    2
7            E3       Top  Crawler crane                   750                    1
8            E3       Top             RT                   100                    2
9            E4       Top  Crawler crane                  1000                    1
10           E4       Top             RT                   100                    2
11          ST1       Top   Mobile crane                   200                    1
12          ST1       Top             RT                   100                    2
13          OL1   Offload  Offload crane                    75                    2
14          OL2   Offload  Offload crane                   200                    2
15           B1      Base  Crawler crane                   275                    1
16           B1      Base    Truck crane                    50                    1
17           E2      Base  Crawler crane                   600                    1
18           E2      Base    Truck crane                    50                    2
19           E2      Base             RT                   100                    2
20           E3      Base  Crawler crane                   750                    1
21           E3      Base             RT                   100                    2
22           E4      Base  Crawler crane                  1000                    1
23           E4      Base             RT                   100                    2
24          ST1      Base   Mobile crane                   200                    1
25          ST1      Base             RT                   100                    2
26          OL2      Base  Offload crane                   200                    2",Collections of equipment to perform erection operations.
landbosse.equip_price,input,n/a,"   Equipment name  Crane capacity tonne  Equipment price USD per hour  Cost USD per breakdown  Fuel consumption gal per day
0    Mobile crane                    75                            35                     NaN                          44.0
1    Mobile crane                   200                           149                     NaN                          64.0
2   Crawler crane                   275                           217                 37674.0                          76.0
3   Crawler crane                   250                           194                 30534.0                          72.0
4   Crawler crane                   400                           330                 73375.0                          97.0
5   Crawler crane                   500                           420                101936.0                         113.0
6   Crawler crane                   600                           511                130497.0                         130.0
7   Crawler crane                   750                           647                173339.0                         154.0
8   Crawler crane                  1000                           873                244741.0                         195.0
9   Crawler crane                  1350                          1190                344705.0                         252.0
10    Truck crane                    50                            13                     NaN                           NaN
11             RT                   100                            58                     NaN                           NaN
12  Offload crane                    75                            35                     NaN                          44.0
13  Offload crane                   200                           149                     NaN                          64.0",Prices for various type of equipment.
landbosse.rsmeans,input,n/a,"                                    Operation ID      Type of cost  ...                                   Additional Notes                                             Source
0                             Concrete placement  Equipment rental  ...                                                NaN  Source 2017 National Construction Estimator:  ...
1                             Rebar installation  Equipment rental  ...                                                NaN  Source: 2017 National Construction Estimator: ...
2                                         Survey  Equipment rental  ...                                                NaN                                                NaN
3                                 Clear and grub  Equipment rental  ...                                                NaN                                                NaN
4              Topsoil stripping and stockpiling  Equipment rental  ...                   460 HP D-9 dozer with “U”- blade   2017 National Construction Estimator:  Page 599 
5                Stormwater pollution prevention  Equipment rental  ...                                                NaN                                                NaN
6                                       Culverts  Equipment rental  ...                                                NaN                                                NaN
7   Compaction of soil (subgrade and crane path)  Equipment rental  ...                                                NaN  http://www.get-a-quote.net/QuoteEngine/costboo...
8          Mass material movement (cut and fill)  Equipment rental  ...                                                NaN                                                NaN
9                    Placing road base (hauling)  Equipment rental  ...                                                NaN                                                NaN
10                       Rough grading road base  Equipment rental  ...  Site preparation grading based on using one cr...  http://www.get-a-quote.net/QuoteEngine/costboo...
11                          Compacting road base  Equipment rental  ...                                                NaN  http://www.get-a-quote.net/QuoteEngine/costboo...
12                                 Final grading  Equipment rental  ...                                                NaN                                                NaN
13                              Road maintanance  Equipment rental  ...                                                NaN                                                NaN
14                   Decompaction of crane paths  Equipment rental  ...                                                NaN                                                NaN
15                      Reseeding, planting, etc  Equipment rental  ...                                                NaN                                                NaN
16                            Concrete placement             Labor  ...  Ready-mix concrete for the pour strip includin...  Source: 2017 National Construction Estimator: ...
17                            Rebar installation             Labor  ...  Steel reinforcing bars (rebar), ASTM A615 Grad...  Source: 2017 National Construction Estimator: ...
18                                        Survey             Labor  ...                                                NaN                                                NaN
19                                Clear and grub             Labor  ...                                                NaN                                                NaN
20             Topsoil stripping and stockpiling             Labor  ...                                   Tractor operator   2017 National Construction Estimator:  Page 599 
21               Stormwater pollution prevention             Labor  ...                                                NaN                                                NaN
22                                      Culverts             Labor  ...                                                NaN                                                NaN
23  Compaction of soil (subgrade and crane path)             Labor  ...        Laborer, tractor operator, and truck driver  http://www.get-a-quote.net/QuoteEngine/costboo...
24         Mass material movement (cut and fill)             Labor  ...                                                NaN                                                NaN
25                   Placing road base (hauling)             Labor  ...                                   Tractor operator  http://www.get-a-quote.net/QuoteEngine/costboo...
26                       Rough grading road base             Labor  ...                       Laborer and tractor operator  http://www.get-a-quote.net/QuoteEngine/costboo...
27                          Compacting road base             Labor  ...        Laborer, tractor operator, and truck driver  http://www.get-a-quote.net/QuoteEngine/costboo...
28                                 Final grading             Labor  ...                                                NaN                                                NaN
29                              Road maintanance             Labor  ...                                                NaN                                                NaN
30                   Decompaction of crane paths             Labor  ...                                                NaN                                                NaN
31                      Reseeding, planting, etc             Labor  ...                                                NaN                                                NaN
32                                    Excavation  Equipment rental  ...                                                NaN  Source: 2017 National Construction Estimator: ...
33                                    Excavation             Labor  ...                                                NaN  Source: 2017 National Construction Estimator: ...
34                                      Backfill  Equipment rental  ...                                                NaN  Source: 2017 National Construction Estimator: ...
35                                      Backfill             Labor  ...                                   1 truck operator  Source: 2017 National Construction Estimator: ...
36                                    Collection             Labor  ...                                                NaN  Source: 2017 National Construction Estimator: ...
37                                    Collection         Equipment  ...                                                NaN  Source: 2017 National Construction Estimator: ...
38                                    Collection             Labor  ...                                                NaN  Source: 2017 National Construction Estimator: ...
39                                    Collection         Equipment  ...                                                NaN  Source: 2017 National Construction Estimator: ...
40                                    Collection             Labor  ...                                                NaN  Source: 2017 National Construction Estimator: ...
41                                    Collection         Equipment  ...                                                NaN  Source: 2017 National Construction Estimator: ...

[42 rows x 12 columns]",RSMeans price data
landbosse.cable_specs,input,n/a,"  Array Cable  Conductor Size (mm2)  Current Capacity (A)  Rated Voltage (V)  AC Resistance (Ohms/km)  Inductance (mH/km)  Capacitance (nF/km)  Cost (USD/LF)                                              Notes
0     AWG 1/0                   120                   300                 36                   0.2530               0.398                0.179              6  2017 National Construction Estimator:  Page 55...
1     AWG 4/0                   240                   440                 36                   0.1250               0.359                0.223              9  2017 National Construction Estimator:  Page 55...
2     MCM 500                   500                   640                 36                   0.0605               0.317                0.293             13  2017 National Construction Estimator:  Page 55...
3     MCM1000                   800                   830                 36                   0.0367               0.291                0.375             16  (curve fitted) 2017 National Construction Esti...
4     MCM1250                  1000                   935                 36                   0.0291               0.284                0.411             17  (curve fitted) 2017 National Construction Esti...",cable specs for collection system
landbosse.material_price,input,n/a,"                      Material type ID  Material price USD per unit                           Unit                                              Notes
0  unique identifier for the material   price of material per unit   unit of measure used for cost                                                NaN
1                    Concrete 3000 psi                          117                     cubic yard                    http://gsiconcrete.com/pricing/
2                    Concrete 5000 psi                          140                     cubic yard                    http://gsiconcrete.com/pricing/
3                    Concrete 8000 psi                          130                     cubic yard          Curve fit http://gsiconcrete.com/pricing/
4                        Steel - rebar                         1120                    ton (short)  https://www.steelsupplylp.com/sku/102775?gclid...
5   Road base - 3/4 inch crushed stone                           15               Loose cubic yard     https://homeguide.com/costs/gravel-prices#yard
6                       Excavated dirt                            0                     cubic yard                                                NaN
7                             Backfill                            0                     cubic yard                                                NaN",Prices of materials for foundations and roads
landbosse.project_data,input,n/a,"{'components':   Component  Mass tonne  Lift height m  Surface area sq m  Coeff drag  ...  Offload hook height m  Offload cycle time hrs  Multplier drag rotor  Multiplier tower drag  Operation
0   Nacelle  178.691359          140.0          33.000000         0.8  ...                      6                     0.5              1.000000                      0        Top
1       Hub   35.485315          140.0          11.300000         1.1  ...                      6                     0.5              0.000000                      0        Top
2   Blade 1   49.737883          140.0         151.291775         0.1  ...                      6                     0.5              0.666667                      0        Top
2   Blade 2   49.737883          140.0         151.291775         0.1  ...                      6                     0.5              0.666667                      0        Top
2   Blade 3   49.737883          140.0         151.291775         0.1  ...                      6                     0.5              0.666667                      0        Top
5   Tower 1   79.144596           14.0          74.330082         0.6  ...                      6                     0.5              0.000000                      1       Base
5   Tower 2   79.144596           28.0          74.330082         0.6  ...                      6                     0.5              0.000000                      1       Base
5   Tower 3   79.144596           42.0          74.330082         0.6  ...                      6                     0.5              0.000000                      1       Base
5   Tower 4   79.144596           56.0          74.330082         0.6  ...                      6                     0.5              0.000000                      1       Base
5   Tower 5   79.144596           70.0          74.330082         0.6  ...                      6                     0.5              0.000000                      1       Base
5   Tower 6   79.144596           84.0          74.330082         0.6  ...                      6                     0.5              0.000000                      1       Base
5   Tower 7   79.144596           98.0          74.330082         0.6  ...                      6                     0.5              0.000000                      1       Base
5   Tower 8   79.144596          112.0          74.330082         0.6  ...                      6                     0.5              0.000000                      1       Base
5   Tower 9   79.144596          126.0          74.330082         0.6  ...                      6                     0.5              0.000000                      1        Top
5  Tower 10   79.144596          140.0          74.330082         0.6  ...                      6                     0.5              0.000000                      1        Top

[15 rows x 14 columns], 'cable_specs':   Array Cable  Conductor Size (mm2)  Current Capacity (A)  Rated Voltage (V)  AC Resistance (Ohms/km)  Inductance (mH/km)  Capacitance (nF/km)  Cost (USD/LF)                                              Notes
0     AWG 1/0                   120                   300                 36                   0.2530               0.398                0.179              6  2017 National Construction Estimator:  Page 55...
1     AWG 4/0                   240                   440                 36                   0.1250               0.359                0.223              9  2017 National Construction Estimator:  Page 55...
2     MCM 500                   500                   640                 36                   0.0605               0.317                0.293             13  2017 National Construction Estimator:  Page 55...
3     MCM1000                   800                   830                 36                   0.0367               0.291                0.375             16  (curve fitted) 2017 National Construction Esti...
4     MCM1250                  1000                   935                 36                   0.0291               0.284                0.411             17  (curve fitted) 2017 National Construction Esti..., 'equip':    Equipment ID Operation Equipment name  Crane capacity tonne  Number of equipment
0            E1      Base  Crawler crane                   500                    1
1            E1      Base    Truck crane                    50                    1
2            E1       Top  Crawler crane                   500                    1
3            E1       Top    Truck crane                    50                    2
4            E2       Top  Crawler crane                   600                    1
5            E2       Top    Truck crane                    50                    2
6            E2       Top             RT                   100                    2
7            E3       Top  Crawler crane                   750                    1
8            E3       Top             RT                   100                    2
9            E4       Top  Crawler crane                  1000                    1
10           E4       Top             RT                   100                    2
11          ST1       Top   Mobile crane                   200                    1
12          ST1       Top             RT                   100                    2
13          OL1   Offload  Offload crane                    75                    2
14          OL2   Offload  Offload crane                   200                    2
15           B1      Base  Crawler crane                   275                    1
16           B1      Base    Truck crane                    50                    1
17           E2      Base  Crawler crane                   600                    1
18           E2      Base    Truck crane                    50                    2
19           E2      Base             RT                   100                    2
20           E3      Base  Crawler crane                   750                    1
21           E3      Base             RT                   100                    2
22           E4      Base  Crawler crane                  1000                    1
23           E4      Base             RT                   100                    2
24          ST1      Base   Mobile crane                   200                    1
25          ST1      Base             RT                   100                    2
26          OL2      Base  Offload crane                   200                    2, 'crane_specs':    Equipment name    Crane name              Boom system  Crane capacity tonne  Speed of travel km per hr  ...  Hub height m Max capacity tonne Radius m  Hook Height m  Mobilization cost USD
0   Offload crane         LB 75                Hydraulic                    75                         40  ...          12.5                 38      5.4           12.5                   8040
1   Offload crane   Big LB 2580            Big Hydraulic                   500                         40  ...          48.0                500     11.0           48.0                 406100
2   Offload crane        LB 258                Hydraulic                   200                         40  ...          48.0                 63     11.0           48.0                  40610
3   Crawler crane          M999                     22EL                   275                          2  ...          57.0                 67     14.0           57.0                  68709
4   Crawler crane        LR1500                     SL3F                   500                          2  ...          80.0                102     16.0           94.0                 184398
5   Crawler crane        LR1500                     SL3F                   500                          2  ...          85.0                 95     16.0          100.0                 184398
6   Crawler crane        LR1500                     SL3F                   500                          2  ...          90.0                 87     16.0          106.0                 184398
7   Crawler crane        LR1500                     SL3F                   500                          2  ...         100.0                 77     18.0          112.0                 184398
8   Crawler crane        LR1500         SL4DFB + Derrick                   500                          2  ...          80.0                112     16.0           94.0                 184398
9   Crawler crane        LR1500         SL4DFB + Derrick                   500                          2  ...          90.0                105     16.0          100.0                 184398
10  Crawler crane        LR1500         SL4DFB + Derrick                   500                          2  ...         100.0                 90     16.0          112.0                 184398
11  Crawler crane        LR1500         SL4DFB + Derrick                   500                          2  ...         120.0                 74     18.0          130.0                 184398
12  Crawler crane        LR1500         SL4DFB + Derrick                   500                          2  ...         130.0                 60     20.0          142.0                 184398
13  Crawler crane      LR1600/2                    SL8F3                   600                          2  ...          80.0                137     18.0           93.0                 249177
14  Crawler crane      LR1600/2                    SL8F3                   600                          2  ...         100.0                118     18.0          114.0                 249177
15  Crawler crane      LR1600/2                     SL3F                   600                          2  ...         105.0                 93     18.0          117.0                 249177
16  Crawler crane      LR1600/2    HSL4DF + Derrick boom                   600                          2  ...         120.0                 87     20.0          135.0                 249177
17  Crawler crane      LR1600/2       SL13DFB + Derrick                    600                          2  ...         135.0                 96     20.0          147.0                 249177
18  Crawler crane      LR1600/2       SL13DFB + Derrick                    600                          2  ...         140.0                 87     24.0          152.0                 249177
19  Crawler crane      LR1600/2      SL13DFB2 + Derrick                    600                          2  ...         150.0                 71     24.0          164.0                 249177
20  Crawler crane      LR1750/2                   HSL8HS                   750                          2  ...          80.0                111     18.0          101.0                 360193
21  Crawler crane      LR1500/2                   HSL8HS                   750                          2  ...          95.0                110     18.0          109.0                 360193
22  Crawler crane      LR1750/2                  HSL7DHS                   750                          2  ...         120.0                108     18.0          136.0                 360193
23  Crawler crane      LR1750/2                  HSL7DHS                   750                          2  ...         130.0                 98     18.0          147.0                 360193
24  Crawler crane      LR1500/2                  HSL7DHS                   750                          2  ...         140.0                 89     22.0          152.0                 360193
25  Crawler crane      LR1750/2  SX3D4F2B Derrick (walk)                   750                          2  ...         140.0                141     28.0          154.0                 360193
26  Crawler crane      LR1750/2  SX3D4F2B Derrick (walk)                   750                          2  ...         150.0                118     28.0          165.0                 360193
27  Crawler crane       LR11000                     SL3F                  1000                          1  ...         100.0                179     18.0          114.0                 579224
28  Crawler crane       LR11000                     SL3F                  1000                          1  ...         110.0                152     18.0          120.0                1000000
29  Crawler crane       LR11000                   SL2DFB                  1000                          1  ...         120.0                179     20.0          132.0                1000000
30  Crawler crane       LR11000                   SL2DFB                  1000                          1  ...         140.0                133     18.0          136.0                1000000
31  Crawler crane       LR11000                   SL2DFB                  1000                          1  ...         150.0                154     18.0          147.0                1000000
32  Crawler crane       LR11000                   SL2DFB                  1000                          1  ...         155.0                140     22.0          152.0                1000000
33  Crawler crane       LR11000                   SL2DFB                  1000                          1  ...         160.0                120     26.0          174.0                1000000
34  Crawler crane       LR11000                   SL2DFB                  1000                          1  ...         180.0                 73     22.0          192.0                1000000
35  Crawler crane       LR11000                   SL2DFB                  1000                          1  ...         185.0                 54     34.0          198.0                1000000
36  Crawler crane       LR11000            PDW3B Derrick                  1000                          1  ...         130.0                227     28.0          147.0                1000000
37  Crawler crane       LR11000           PDW3B2 Derrick                  1000                          1  ...         165.0                142     26.0          174.0                1000000
38  Crawler crane  Big LR110000       Big PDW3B2 Derrick                100000                          1  ...         250.0               1000     50.0          300.0                1400000

[39 rows x 16 columns], 'development':        Type of cost  Cost USD Phase of construction
0  Equipment rental         0           Development
1             Labor   1000000           Development
2         Materials         0           Development
3      Mobilization         0           Development
4             Other         0           Development, 'crew_price':            Labor type ID  Hourly rate USD per hour  Per diem USD per day                                   Notes/References
0         Crane operator                 81.910500                   149  2017 National Construction Estimator:  Page 30...
1                  Oiler                 61.625000                   149  (35% burden) https://www.ziprecruiter.com/Sala...
2                 Rigger                 85.840000                   149  2017 National Construction Estimator:  Page 30...
3           Truck driver                 66.410000                   149  2017 National Construction Estimator:  Page 30...
4            Iron worker                 94.554500                   149  2017 National Construction Estimator:  Page 30...
5        Project manager                119.000000                   149  (50% burden) https://www.salary.com/tools/sala...
6           Site manager                112.200000                   149  (50% burden) https://www.salary.com/tools/sala...
7   Construction manager                112.200000                   149  (50% burden) https://www.salary.com/tools/sala...
8       Project engineer                 93.500000                   149  (50% burden) https://www.salary.com/tools/sala...
9   Safety or qc manager                106.117647                   149  (70% burden) https://www.salary.com/tools/sala...
10     Logistics manager                 99.900000                   149  (50 % burden) https://www.salary.com/research/...
11        Rigger foreman                 85.840000                   149  2017 National Construction Estimator:  Page 30...
12                Rigger                 85.840000                   149  2017 National Construction Estimator:  Page 30...
13              Operator                 81.910500                   149  2017 National Construction Estimator:  Page 30...
14                 Oiler                 71.145000                   149  (35% burden) https://www.ziprecruiter.com/Sala...
15           Electrician                 85.840000                   149  2017 National Construction Estimator:  Page 30...
16             Tool room                 85.840000                   149  2017 National Construction Estimator:  Page 30...
17            QC/QA tech                 87.125000                   149  (50% burden for QC/QC Manager) https://www.zip...
18          Office admin                 44.562500                   149  (35% burden) https://www.salary.com/tools/sala...
19               RSMeans                       NaN                   149                                                NaN, 'crew':    Crew type ID   Operation                  Crew name         Labor type ID  Number of workers
0            M0  Management  Management - project size       Project manager                  1
1            M0  Management  Management - project size          Site manager                  1
2            M0  Management  Management - project size  Construction manager                  1
3            M0  Management  Management - project size      Project engineer                  1
4            M0  Management  Management - project size  Safety or qc manager                  1
..          ...         ...                        ...                   ...                ...
74           C4        Base                  Top 1000t        Rigger foreman                  1
75           C0        Base          Offload can tower        Crane operator                  2
76           C0        Base          Offload can tower                 Oiler                  2
77           C0        Base          Offload can tower           Iron worker                  3
78           C0        Base          Offload can tower        Rigger foreman                  1

[79 rows x 5 columns], 'equip_price':    Equipment name  Crane capacity tonne  Equipment price USD per hour  Cost USD per breakdown  Fuel consumption gal per day
0    Mobile crane                    75                            35                     NaN                          44.0
1    Mobile crane                   200                           149                     NaN                          64.0
2   Crawler crane                   275                           217                 37674.0                          76.0
3   Crawler crane                   250                           194                 30534.0                          72.0
4   Crawler crane                   400                           330                 73375.0                          97.0
5   Crawler crane                   500                           420                101936.0                         113.0
6   Crawler crane                   600                           511                130497.0                         130.0
7   Crawler crane                   750                           647                173339.0                         154.0
8   Crawler crane                  1000                           873                244741.0                         195.0
9   Crawler crane                  1350                          1190                344705.0                         252.0
10    Truck crane                    50                            13                     NaN                           NaN
11             RT                   100                            58                     NaN                           NaN
12  Offload crane                    75                            35                     NaN                          44.0
13  Offload crane                   200                           149                     NaN                          64.0, 'material_price':                       Material type ID  Material price USD per unit                           Unit                                              Notes
0  unique identifier for the material   price of material per unit   unit of measure used for cost                                                NaN
1                    Concrete 3000 psi                          117                     cubic yard                    http://gsiconcrete.com/pricing/
2                    Concrete 5000 psi                          140                     cubic yard                    http://gsiconcrete.com/pricing/
3                    Concrete 8000 psi                          130                     cubic yard          Curve fit http://gsiconcrete.com/pricing/
4                        Steel - rebar                         1120                    ton (short)  https://www.steelsupplylp.com/sku/102775?gclid...
5   Road base - 3/4 inch crushed stone                           15               Loose cubic yard     https://homeguide.com/costs/gravel-prices#yard
6                       Excavated dirt                            0                     cubic yard                                                NaN
7                             Backfill                            0                     cubic yard                                                NaN, 'rsmeans':                                     Operation ID      Type of cost  ...                                   Additional Notes                                             Source
0                             Concrete placement  Equipment rental  ...                                                NaN  Source 2017 National Construction Estimator:  ...
1                             Rebar installation  Equipment rental  ...                                                NaN  Source: 2017 National Construction Estimator: ...
2                                         Survey  Equipment rental  ...                                                NaN                                                NaN
3                                 Clear and grub  Equipment rental  ...                                                NaN                                                NaN
4              Topsoil stripping and stockpiling  Equipment rental  ...                   460 HP D-9 dozer with “U”- blade   2017 National Construction Estimator:  Page 599 
5                Stormwater pollution prevention  Equipment rental  ...                                                NaN                                                NaN
6                                       Culverts  Equipment rental  ...                                                NaN                                                NaN
7   Compaction of soil (subgrade and crane path)  Equipment rental  ...                                                NaN  http://www.get-a-quote.net/QuoteEngine/costboo...
8          Mass material movement (cut and fill)  Equipment rental  ...                                                NaN                                                NaN
9                    Placing road base (hauling)  Equipment rental  ...                                                NaN                                                NaN
10                       Rough grading road base  Equipment rental  ...  Site preparation grading based on using one cr...  http://www.get-a-quote.net/QuoteEngine/costboo...
11                          Compacting road base  Equipment rental  ...                                                NaN  http://www.get-a-quote.net/QuoteEngine/costboo...
12                                 Final grading  Equipment rental  ...                                                NaN                                                NaN
13                              Road maintanance  Equipment rental  ...                                                NaN                                                NaN
14                   Decompaction of crane paths  Equipment rental  ...                                                NaN                                                NaN
15                      Reseeding, planting, etc  Equipment rental  ...                                                NaN                                                NaN
16                            Concrete placement             Labor  ...  Ready-mix concrete for the pour strip includin...  Source: 2017 National Construction Estimator: ...
17                            Rebar installation             Labor  ...  Steel reinforcing bars (rebar), ASTM A615 Grad...  Source: 2017 National Construction Estimator: ...
18                                        Survey             Labor  ...                                                NaN                                                NaN
19                                Clear and grub             Labor  ...                                                NaN                                                NaN
20             Topsoil stripping and stockpiling             Labor  ...                                   Tractor operator   2017 National Construction Estimator:  Page 599 
21               Stormwater pollution prevention             Labor  ...                                                NaN                                                NaN
22                                      Culverts             Labor  ...                                                NaN                                                NaN
23  Compaction of soil (subgrade and crane path)             Labor  ...        Laborer, tractor operator, and truck driver  http://www.get-a-quote.net/QuoteEngine/costboo...
24         Mass material movement (cut and fill)             Labor  ...                                                NaN                                                NaN
25                   Placing road base (hauling)             Labor  ...                                   Tractor operator  http://www.get-a-quote.net/QuoteEngine/costboo...
26                       Rough grading road base             Labor  ...                       Laborer and tractor operator  http://www.get-a-quote.net/QuoteEngine/costboo...
27                          Compacting road base             Labor  ...        Laborer, tractor operator, and truck driver  http://www.get-a-quote.net/QuoteEngine/costboo...
28                                 Final grading             Labor  ...                                                NaN                                                NaN
29                              Road maintanance             Labor  ...                                                NaN                                                NaN
30                   Decompaction of crane paths             Labor  ...                                                NaN                                                NaN
31                      Reseeding, planting, etc             Labor  ...                                                NaN                                                NaN
32                                    Excavation  Equipment rental  ...                                                NaN  Source: 2017 National Construction Estimator: ...
33                                    Excavation             Labor  ...                                                NaN  Source: 2017 National Construction Estimator: ...
34                                      Backfill  Equipment rental  ...                                                NaN  Source: 2017 National Construction Estimator: ...
35                                      Backfill             Labor  ...                                   1 truck operator  Source: 2017 National Construction Estimator: ...
36                                    Collection             Labor  ...                                                NaN  Source: 2017 National Construction Estimator: ...
37                                    Collection         Equipment  ...                                                NaN  Source: 2017 National Construction Estimator: ...
38                                    Collection             Labor  ...                                                NaN  Source: 2017 National Construction Estimator: ...
39                                    Collection         Equipment  ...                                                NaN  Source: 2017 National Construction Estimator: ...
40                                    Collection             Labor  ...                                                NaN  Source: 2017 National Construction Estimator: ...
41                                    Collection         Equipment  ...                                                NaN  Source: 2017 National Construction Estimator: ...

[42 rows x 12 columns], 'site_facility_building_area':    Size Min (MW)  Size Max (MW)  Building area (sq. ft.)
0              0            200                     3000
1            200            500                     5000
2            500            800                     7000
3            800           1000                     9000
4           1000           5000                    12000, 'weather_window':               Unnamed: 0                                     71444    city??       Iowa  United States   2012   42.141941  -93.429169   Not Available   1   8760
0                    NaT  WTK data from NREL downloaded  2018-1-25       NaN        NaN            NaN    NaN         NaN         NaN             NaN NaN    NaN
1                    NaT                               Temperature  Pressure  Direction          Speed    NaN         NaN         NaN             NaN NaN    NaN
2                    NaT                                         C       atm    Degrees            m/s    NaN         NaN         NaN             NaN NaN    NaN
3                    NaT                                       100       100        100            100    NaN         NaN         NaN             NaN NaN    NaN
4    2012-01-01 12:00:00                                     2.444  0.952053        185          8.681    NaN         NaN         NaN             NaN NaN    NaN
...                  ...                                       ...       ...        ...            ...    ...         ...         ...             ...  ..    ...
8783 2013-01-01 07:00:00                                    -8.496  0.970703        346           6.55    NaN         NaN         NaN             NaN NaN    NaN
8784 2013-01-01 08:00:00                                    -8.584  0.970879        348          6.387    NaN         NaN         NaN             NaN NaN    NaN
8785 2013-01-01 09:00:00                                    -9.121  0.970915        351          6.617    NaN         NaN         NaN             NaN NaN    NaN
8786 2013-01-01 10:00:00                                    -9.941  0.970998        351          7.304    NaN         NaN         NaN             NaN NaN    NaN
8787 2013-01-01 11:00:00                                   -10.568  0.971338        351          7.864    NaN         NaN         NaN             NaN NaN    NaN

[8788 rows x 11 columns]}",Dictionary of all dataframes of data
outputs_2_screen.My_std,input,N*m,[0.],
outputs_2_screen.flp1_std,input,deg,[0.],
outputs_2_screen.PC_omega,input,rad/s,[0.],
outputs_2_screen.PC_zeta,input,,[0.],
outputs_2_screen.VS_omega,input,rad/s,[0.],
outputs_2_screen.VS_zeta,input,,[0.],
outputs_2_screen.Flp_omega,input,rad/s,[0.],
outputs_2_screen.Flp_zeta,input,,[0.],
tcc.bearing_mass_cost_coeff,input,USD/kg,[4.5],
tcc.bedplate_mass_cost_coeff,input,USD/kg,[2.9],
tcc.blade_mass_cost_coeff,input,USD/kg,[14.6],
tcc.brake_mass_cost_coeff,input,USD/kg,[3.6254],
tcc.machine_rating,input,kW,[5000.],
tcc.controls_machine_rating_cost_coeff,input,USD/kW,[21.15],
tcc.converter_mass_cost_coeff,input,USD/kg,[18.8],
tcc.cover_mass_cost_coeff,input,USD/kg,[5.7],
tcc.elec_connec_machine_rating_cost_coeff,input,USD/kW,[41.85],
tcc.gearbox_torque_density,input,N*m/kg,[200.],"In 2024, modern 5-7MW gearboxes are able to reach 200 Nm/kg"
tcc.gearbox_torque_cost,input,USD/kN/m,[50.],"In 2024, modern 5-7MW gearboxes cost approx $50/kNm"
tcc.generator_mass_cost_coeff,input,USD/kg,[12.4],
tcc.generator_cost_external,input,USD,[0.],
tcc.hss_mass_cost_coeff,input,USD/kg,[6.8],
tcc.hub_assemblyCostMultiplier,input,,[0.],
tcc.hub_overheadCostMultiplier,input,,[0.],
tcc.hub_profitMultiplier,input,,[0.],
tcc.hub_transportMultiplier,input,,[0.],
tcc.hub_mass_cost_coeff,input,USD/kg,[3.9],
tcc.hvac_mass_cost_coeff,input,USD/kg,[124.],
tcc.lss_mass_cost_coeff,input,USD/kg,[11.9],
tcc.nacelle_assemblyCostMultiplier,input,,[0.],
tcc.nacelle_overheadCostMultiplier,input,,[0.],
tcc.nacelle_profitMultiplier,input,,[0.],
tcc.nacelle_transportMultiplier,input,,[0.],
tcc.main_bearing_number,input,n/a,2,
tcc.pitch_system_mass_cost_coeff,input,USD/kg,[22.1],
tcc.platforms_mass_cost_coeff,input,USD/kg,[17.1],
tcc.crane_cost,input,USD,[12000.],
tcc.crane,input,n/a,False,
tcc.blade_number,input,n/a,3,
tcc.spinner_mass_cost_coeff,input,USD/kg,[11.1],
tcc.tower_assemblyCostMultiplier,input,,[0.],
tcc.tower_overheadCostMultiplier,input,,[0.],
tcc.tower_profitMultiplier,input,,[0.],
tcc.tower_transportMultiplier,input,,[0.],
tcc.tower_mass_cost_coeff,input,USD/kg,[2.9],
tcc.transformer_mass_cost_coeff,input,USD/kg,[18.8],
tcc.turbine_assemblyCostMultiplier,input,,[0.],
tcc.turbine_overheadCostMultiplier,input,,[0.],
tcc.turbine_profitMultiplier,input,,[0.],
tcc.turbine_transportMultiplier,input,,[0.],
tcc.yaw_mass_cost_coeff,input,USD/kg,[8.3],
tcons.blade_number,input,n/a,3,
tcons.precone,input,deg,[2.],
tcons.tilt,input,deg,[4.],
tcons.overhang,input,m,[7.],
tcons.outer_diameter_full,input,m,"[6.         6.         6.         6.         6.         6.
 6.         6.         6.         5.89079213 5.53032592]",
tcons.max_allowable_td_ratio,input,,[1.4175],
tcons.rotor_orientation,input,n/a,upwind,
towerse.env.distLoads.waveLoads_Px,input,N/m,"[0. 0. 0. 0. 0. 0. 0. 0. 0. 0. 0. 0. 0. 0. 0. 0. 0. 0. 0. 0. 0. 0. 0. 0.
 0. 0. 0. 0. 0. 0. 0.]",
towerse.env.distLoads.waveLoads_Py,input,N/m,"[0. 0. 0. 0. 0. 0. 0. 0. 0. 0. 0. 0. 0. 0. 0. 0. 0. 0. 0. 0. 0. 0. 0. 0.
 0. 0. 0. 0. 0. 0. 0.]",
towerse.env.distLoads.waveLoads_Pz,input,N/m,"[0. 0. 0. 0. 0. 0. 0. 0. 0. 0. 0. 0. 0. 0. 0. 0. 0. 0. 0. 0. 0. 0. 0. 0.
 0. 0. 0. 0. 0. 0. 0.]",
towerse.env.distLoads.waveLoads_qdyn,input,N/m**2,"[0. 0. 0. 0. 0. 0. 0. 0. 0. 0. 0. 0. 0. 0. 0. 0. 0. 0. 0. 0. 0. 0. 0. 0.
 0. 0. 0. 0. 0. 0. 0.]",
towerse.env.distLoads.waveLoads_z,input,m,"[0. 0. 0. 0. 0. 0. 0. 0. 0. 0. 0. 0. 0. 0. 0. 0. 0. 0. 0. 0. 0. 0. 0. 0.
 0. 0. 0. 0. 0. 0. 0.]",
towerse.env.distLoads.waveLoads_beta,input,deg,[0.],
towerse.yaw,input,deg,[0.],
towerse.z0,input,m,[0.],
towerse.shearExp,input,,[0.2],
towerse.beta_wind,input,deg,[0.],
towerse.rho_air,input,kg/m**3,[1.225],
towerse.mu_air,input,kg/m/s,[1.81e-05],
towerse.cd_usr,input,,"[-1. -1. -1. -1. -1. -1. -1. -1. -1. -1. -1. -1. -1. -1. -1. -1. -1. -1.
 -1. -1. -1. -1. -1. -1. -1. -1. -1. -1. -1. -1. -1.]",
towerse.s_all,input,,"[0. 0. 0. 0. 0. 0. 0. 0. 0. 0. 0. 0. 0. 0. 0. 0. 0. 0. 0. 0. 0. 0. 0. 0.
 0. 0. 0. 0. 0. 0. 0.]",
rotorse.ccblade.Uhub,input,m/s,[9.],Undisturbed wind speed
rotorse.tsr,input,,[10.5],Tip speed ratio
rotorse.pitch,input,deg,[0.],Pitch angle
rotorse.ccblade.s_opt_chord,input,,"[0.         0.03448276 0.06896552 0.10344828 0.13793103 0.17241379
 0.20689655 0.24137931 0.27586207 0.31034483 0.34482759 0.37931034
 0.4137931  0.44827586 0.48275862 0.51724138 0.55172414 0.5862069
 0.62068966 0.65517241 0.68965517 0.72413793 0.75862069 0.79310345
 0.82758621 0.86206897 0.89655172 0.93103448 0.96551724 1.        ]",1D array of the non-dimensional spanwise grid defined along blade axis to optimize the blade chord
rotorse.ccblade.s_opt_theta,input,,"[0.         0.03448276 0.06896552 0.10344828 0.13793103 0.17241379
 0.20689655 0.24137931 0.27586207 0.31034483 0.34482759 0.37931034
 0.4137931  0.44827586 0.48275862 0.51724138 0.55172414 0.5862069
 0.62068966 0.65517241 0.68965517 0.72413793 0.75862069 0.79310345
 0.82758621 0.86206897 0.89655172 0.93103448 0.96551724 1.        ]",1D array of the non-dimensional spanwise grid defined along blade axis to optimize the blade twist
rotorse.ccblade.aoa_op,input,rad,"[3.14159265 3.14159265 3.14159265 3.14159265 3.14159265 3.14159265
 3.14159265 3.14159265 3.14159265 3.14159265 3.14159265 3.14159265
 3.14159265 3.14159265 3.14159265 3.14159265 3.14159265 3.14159265
 3.14159265 3.14159265 3.14159265 3.14159265 3.14159265 3.14159265
 3.14159265 3.14159265 3.14159265 3.14159265 3.14159265 3.14159265]",1D array with the operational angles of attack for the airfoils along blade span.
rotorse.airfoils_aoa,input,deg,"[-180.         -177.         -174.         -171.         -168.
 -165.         -162.         -159.         -156.         -153.
 -150.         -147.         -144.         -141.         -138.
 -135.         -132.         -129.         -126.         -123.
 -120.         -117.         -114.         -111.         -108.
 -105.         -102.          -99.          -96.          -93.
  -90.          -87.          -84.          -81.          -78.
  -75.          -72.          -69.          -66.          -63.
  -60.          -57.          -54.          -51.          -48.
  -45.          -42.          -39.          -36.          -33.
  -30.          -29.39393939  -28.78787879  -28.18181818  -27.57575758
  -26.96969697  -26.36363636  -25.75757576  -25.15151515  -24.54545455
  -23.93939394  -23.33333333  -22.72727273  -22.12121212  -21.51515152
  -20.90909091  -20.3030303   -19.6969697   -19.09090909  -18.48484848
  -17.87878788  -17.27272727  -16.66666667  -16.06060606  -15.45454545
  -14.84848485  -14.24242424  -13.63636364  -13.03030303  -12.42424242
  -11.81818182  -11.21212121  -10.60606061  -10.           -9.39393939
   -8.78787879   -8.18181818   -7.57575758   -6.96969697   -6.36363636
   -5.75757576   -5.15151515   -4.54545455   -3.93939394   -3.33333333
   -2.72727273   -2.12121212   -1.51515152   -0.90909091   -0.3030303
    0.3030303     0.90909091    1.51515152    2.12121212    2.72727273
    3.33333333    3.93939394    4.54545455    5.15151515    5.75757576
    6.36363636    6.96969697    7.57575758    8.18181818    8.78787879
    9.39393939   10.           10.60606061   11.21212121   11.81818182
   12.42424242   13.03030303   13.63636364   14.24242424   14.84848485
   15.45454545   16.06060606   16.66666667   17.27272727   17.87878788
   18.48484848   19.09090909   19.6969697    20.3030303    20.90909091
   21.51515152   22.12121212   22.72727273   23.33333333   23.93939394
   24.54545455   25.15151515   25.75757576   26.36363636   26.96969697
   27.57575758   28.18181818   28.78787879   29.39393939   30.
   33.           36.           39.           42.           45.
   48.           51.           54.           57.           60.
   63.           66.           69.           72.           75.
   78.           81.           84.           87.           90.
   93.           96.           99.          102.          105.
  108.          111.          114.          117.          120.
  123.          126.          129.          132.          135.
  138.          141.          144.          147.          150.
  153.          156.          159.          162.          165.
  168.          171.          174.          177.          180.        ]",angle of attack grid for polars
rotorse.airfoils_Re,input,,[ 3000000.  5280000.  6000000.  9000000. 12000000.],Reynolds numbers of polars
rotorse.precone,input,deg,[2.],precone angle
rotorse.tilt,input,deg,[4.],shaft tilt
rotorse.yaw,input,deg,[0.],yaw error
rotorse.rho_air,input,kg/m**3,[1.225],density of air
rotorse.mu_air,input,kg/m/s,[1.81e-05],dynamic viscosity of air
rotorse.shearExp,input,,[0.2],shear exponent
rotorse.nBlades,input,n/a,3,number of blades
rotorse.nSector,output,n/a,4,number of sectors to divide rotor face into in computing thrust and power
rotorse.tiploss,output,n/a,True,include Prandtl tip loss model
rotorse.hubloss,output,n/a,True,include Prandtl hub loss model
rotorse.wakerotation,output,n/a,True,"include effect of wake rotation (i.e., tangential induction factor is nonzero)"
rotorse.usecd,output,n/a,True,use drag coefficient in computing induction factors
rotorse.re.precomp.uptilt,input,deg,[4.],Nacelle uptilt angle. A standard machine has positive values.
rotorse.re.precomp.layer_web,input,,[0. 0. 0. 0. 0. 0. 0. 0. 0. 0. 0. 0. 0. 0. 1. 1. 1. 2. 2. 2.],"1D array of the web id the layer is associated to. If the layer is on the outer profile, this entry can simply stay equal to 0."
rotorse.re.precomp.fiber_orientation,input,deg,"[[0. 0. 0. 0. 0. 0. 0. 0. 0. 0. 0. 0. 0. 0. 0. 0. 0. 0. 0. 0. 0. 0. 0. 0.
  0. 0. 0. 0. 0. 0.]
 [0. 0. 0. 0. 0. 0. 0. 0. 0. 0. 0. 0. 0. 0. 0. 0. 0. 0. 0. 0. 0. 0. 0. 0.
  0. 0. 0. 0. 0. 0.]
 [0. 0. 0. 0. 0. 0. 0. 0. 0. 0. 0. 0. 0. 0. 0. 0. 0. 0. 0. 0. 0. 0. 0. 0.
  0. 0. 0. 0. 0. 0.]
 [0. 0. 0. 0. 0. 0. 0. 0. 0. 0. 0. 0. 0. 0. 0. 0. 0. 0. 0. 0. 0. 0. 0. 0.
  0. 0. 0. 0. 0. 0.]
 [0. 0. 0. 0. 0. 0. 0. 0. 0. 0. 0. 0. 0. 0. 0. 0. 0. 0. 0. 0. 0. 0. 0. 0.
  0. 0. 0. 0. 0. 0.]
 [0. 0. 0. 0. 0. 0. 0. 0. 0. 0. 0. 0. 0. 0. 0. 0. 0. 0. 0. 0. 0. 0. 0. 0.
  0. 0. 0. 0. 0. 0.]
 [0. 0. 0. 0. 0. 0. 0. 0. 0. 0. 0. 0. 0. 0. 0. 0. 0. 0. 0. 0. 0. 0. 0. 0.
  0. 0. 0. 0. 0. 0.]
 [0. 0. 0. 0. 0. 0. 0. 0. 0. 0. 0. 0. 0. 0. 0. 0. 0. 0. 0. 0. 0. 0. 0. 0.
  0. 0. 0. 0. 0. 0.]
 [0. 0. 0. 0. 0. 0. 0. 0. 0. 0. 0. 0. 0. 0. 0. 0. 0. 0. 0. 0. 0. 0. 0. 0.
  0. 0. 0. 0. 0. 0.]
 [0. 0. 0. 0. 0. 0. 0. 0. 0. 0. 0. 0. 0. 0. 0. 0. 0. 0. 0. 0. 0. 0. 0. 0.
  0. 0. 0. 0. 0. 0.]
 [0. 0. 0. 0. 0. 0. 0. 0. 0. 0. 0. 0. 0. 0. 0. 0. 0. 0. 0. 0. 0. 0. 0. 0.
  0. 0. 0. 0. 0. 0.]
 [0. 0. 0. 0. 0. 0. 0. 0. 0. 0. 0. 0. 0. 0. 0. 0. 0. 0. 0. 0. 0. 0. 0. 0.
  0. 0. 0. 0. 0. 0.]
 [0. 0. 0. 0. 0. 0. 0. 0. 0. 0. 0. 0. 0. 0. 0. 0. 0. 0. 0. 0. 0. 0. 0. 0.
  0. 0. 0. 0. 0. 0.]
 [0. 0. 0. 0. 0. 0. 0. 0. 0. 0. 0. 0. 0. 0. 0. 0. 0. 0. 0. 0. 0. 0. 0. 0.
  0. 0. 0. 0. 0. 0.]
 [0. 0. 0. 0. 0. 0. 0. 0. 0. 0. 0. 0. 0. 0. 0. 0. 0. 0. 0. 0. 0. 0. 0. 0.
  0. 0. 0. 0. 0. 0.]
 [0. 0. 0. 0. 0. 0. 0. 0. 0. 0. 0. 0. 0. 0. 0. 0. 0. 0. 0. 0. 0. 0. 0. 0.
  0. 0. 0. 0. 0. 0.]
 [0. 0. 0. 0. 0. 0. 0. 0. 0. 0. 0. 0. 0. 0. 0. 0. 0. 0. 0. 0. 0. 0. 0. 0.
  0. 0. 0. 0. 0. 0.]
 [0. 0. 0. 0. 0. 0. 0. 0. 0. 0. 0. 0. 0. 0. 0. 0. 0. 0. 0. 0. 0. 0. 0. 0.
  0. 0. 0. 0. 0. 0.]
 [0. 0. 0. 0. 0. 0. 0. 0. 0. 0. 0. 0. 0. 0. 0. 0. 0. 0. 0. 0. 0. 0. 0. 0.
  0. 0. 0. 0. 0. 0.]
 [0. 0. 0. 0. 0. 0. 0. 0. 0. 0. 0. 0. 0. 0. 0. 0. 0. 0. 0. 0. 0. 0. 0. 0.
  0. 0. 0. 0. 0. 0.]]","2D array of the orientation of the layers of the blade structure. The first dimension represents each layer, the second dimension represents each entry along blade span."
rotorse.re.precomp.E,input,Pa,"[[3.44000e+09 3.44000e+09 3.44000e+09]
 [4.56000e+06 4.56000e+06 4.56000e+06]
 [4.37000e+10 1.65000e+10 1.54500e+10]
 [1.57599e+11 9.10000e+09 9.10000e+09]
 [1.10231e+10 1.10231e+10 1.60477e+10]
 [2.82114e+10 1.62388e+10 1.58355e+10]
 [1.42500e+08 1.42500e+08 1.42500e+08]
 [1.00000e+06 1.00000e+06 1.00000e+06]
 [2.00000e+11 2.00000e+11 2.00000e+11]
 [2.10000e+11 2.10000e+11 2.10000e+11]]","2D array of the Youngs moduli of the materials. Each row represents a material, the three columns represent E11, E22 and E33."
rotorse.re.precomp.G,input,Pa,"[[1.32300e+09 1.32300e+09 1.32300e+09]
 [1.45000e+06 1.45000e+06 1.45000e+06]
 [3.26500e+09 3.49500e+09 3.48000e+09]
 [4.13100e+09 4.13100e+09 2.68900e+09]
 [1.32314e+10 3.48748e+09 3.48748e+09]
 [8.24822e+09 3.49124e+09 3.49124e+09]
 [5.40000e+10 5.40000e+10 5.40000e+10]
 [3.12500e+05 3.12500e+05 3.12500e+05]
 [7.93000e+10 7.93000e+10 7.93000e+10]
 [8.39000e+10 8.39000e+10 8.39000e+10]]","2D array of the shear moduli of the materials. Each row represents a material, the three columns represent G12, G13 and G23."
rotorse.re.precomp.nu,input,,"[[0.3      0.3      0.3     ]
 [0.3      0.3      0.3     ]
 [0.262    0.264    0.35    ]
 [0.3133   0.3133   0.47066 ]
 [0.688074 0.117173 0.117173]
 [0.497511 0.18091  0.27481 ]
 [0.3194   0.3194   0.3194  ]
 [0.3      0.3      0.3     ]
 [0.3      0.3      0.3     ]
 [0.283    0.283    0.283   ]]","2D array of the Poisson ratio of the materials. Each row represents a material, the three columns represent nu12, nu13 and nu23."
rotorse.re.precomp.rho,input,kg/m**3,[1235. 1100. 1940. 1600. 1940. 1940.  130. 1150. 7800. 7800.],"1D array of the density of the materials. For composites, this is the density of the laminate."
rotorse.re.precomp.joint_position,input,,[0.7],Spanwise position of the segmentation joint.
rotorse.re.precomp.n_blades,input,n/a,3,Number of blades of the rotor.
rotorse.re.precomp.definition_layer,input,n/a,"[ 9.  9.  2.  2.  2.  2.  5.  7.  8.  6.  6.  6.  6.  9. 10. 10. 10. 10.
 10. 10.]","1D array of flags identifying how layers are specified in the yaml. 1) all around (skin, paint, ) 2) offset+rotation twist+width (spar caps) 3) offset+user defined rotation+width 4) midpoint TE+width (TE reinf) 5) midpoint LE+width (LE reinf) 6) layer position fixed to other layer (core fillers) 7) start and width 8) end and width 9) start and end nd 10) web layer"
rotorse.re.precomp.mat_name,input,n/a,"['Gelcoat', 'Adhesive', 'glass_uni', 'carbon_uni_industry_baseline', 'glass_biax', 'glass_triax', 'medium_density_foam', 'resin', 'steel', 'joint_insert']",1D array of names of materials.
rotorse.re.precomp.orth,input,n/a,[0. 0. 1. 1. 1. 1. 0. 0. 0. 0.],1D array of flags to set whether a material is isotropic (0) or orthtropic (1). Each entry represents a material.
rotorse.wt_class.V_mean_overwrite,input,,[0.],
rotorse.wt_class.V_extreme50_overwrite,input,,[0.],
rotorse.wt_class.turbine_class,input,n/a,III,
towerse.member.ca_usr_grid,input,,[0. 0. 0. 0. 0. 0. 0. 0. 0. 0. 0.],
towerse.member.cd_usr_grid,input,,[0. 0. 0. 0. 0. 0. 0. 0. 0. 0. 0.],
towerse.rho_water,input,kg/m**3,[0.],
towerse.member.s_ghost1,input,,[0.],
towerse.member.s_ghost2,input,,[1.],
towerse.member.s_const1,input,,[0.],
towerse.member.s_const2,input,,[0.],
towerse.tower_layer_thickness,input,m,"[[0.06515525 0.05866464 0.05197538 0.04607753 0.04094533 0.03582223
  0.03074005 0.02575014 0.02129438 0.01803766 0.01803766]]",
towerse.tower_outer_diameter_in,input,m,"[6.         6.         6.         6.         6.         6.
 6.         6.         6.         5.89079213 5.53032592]",
towerse.E_mat,input,Pa,"[[3.44000e+09 3.44000e+09 3.44000e+09]
 [4.56000e+06 4.56000e+06 4.56000e+06]
 [4.37000e+10 1.65000e+10 1.54500e+10]
 [1.57599e+11 9.10000e+09 9.10000e+09]
 [1.10231e+10 1.10231e+10 1.60477e+10]
 [2.82114e+10 1.62388e+10 1.58355e+10]
 [1.42500e+08 1.42500e+08 1.42500e+08]
 [1.00000e+06 1.00000e+06 1.00000e+06]
 [2.00000e+11 2.00000e+11 2.00000e+11]
 [2.10000e+11 2.10000e+11 2.10000e+11]]",
towerse.E_user,input,Pa,[0.],
towerse.G_mat,input,Pa,"[[1.32300e+09 1.32300e+09 1.32300e+09]
 [1.45000e+06 1.45000e+06 1.45000e+06]
 [3.26500e+09 3.49500e+09 3.48000e+09]
 [4.13100e+09 4.13100e+09 2.68900e+09]
 [1.32314e+10 3.48748e+09 3.48748e+09]
 [8.24822e+09 3.49124e+09 3.49124e+09]
 [5.40000e+10 5.40000e+10 5.40000e+10]
 [3.12500e+05 3.12500e+05 3.12500e+05]
 [7.93000e+10 7.93000e+10 7.93000e+10]
 [8.39000e+10 8.39000e+10 8.39000e+10]]",
towerse.sigma_y_mat,input,Pa,"[0.00e+00 0.00e+00 0.00e+00 0.00e+00 0.00e+00 0.00e+00 0.00e+00 0.00e+00
 3.45e+08 1.65e+09]",
towerse.sigma_ult_mat,input,Pa,"[[0.0000e+00 0.0000e+00 0.0000e+00]
 [6.1510e+07 6.1510e+07 6.1510e+07]
 [6.4023e+08 3.8100e+07 0.0000e+00]
 [1.2852e+09 3.8100e+07 0.0000e+00]
 [4.6210e+07 4.6210e+07 4.6210e+07]
 [4.3563e+08 7.6440e+07 0.0000e+00]
 [2.0830e+06 2.0830e+06 2.0830e+06]
 [0.0000e+00 0.0000e+00 0.0000e+00]
 [4.5000e+08 4.5000e+08 4.5000e+08]
 [1.7900e+09 1.7900e+09 1.7900e+09]]",
towerse.wohler_exp_mat,input,,[ 1.   1.  10.  16.1 10.  10.   1.   1.   3.   1. ],
towerse.wohler_A_mat,input,,"[0.00000000e+00 6.53600000e+07 6.40230000e+08 1.28520000e+09
 7.06900000e+07 4.35630000e+08 2.08300000e+06 0.00000000e+00
 3.55346484e+10 1.79000000e+09]",
towerse.rho_mat,input,kg/m**3,[1235. 1100. 1940. 1600. 1940. 1940.  130. 1150. 7800. 7800.],
towerse.unit_cost_mat,input,USD/kg,[ 7.23  7.23  1.87 20.08  3.    2.86 13.    3.63  0.7   2.  ],
towerse.outfitting_factor_in,input,,[1.07],
towerse.tower_layer_materials,input,n/a,['steel'],
towerse.member.ballast_materials,input,n/a,[],
towerse.material_names,input,n/a,"['Gelcoat', 'Adhesive', 'glass_uni', 'carbon_uni_industry_baseline', 'glass_biax', 'glass_triax', 'medium_density_foam', 'resin', 'steel', 'joint_insert']",
towerse.labor_cost_rate,input,USD/min,[0.98],
towerse.painting_cost_rate,input,USD/m**2,[30.],
af_3d.aoa,input,rad,"[-3.14159265 -3.08923278 -3.0368729  -2.98451302 -2.93215314 -2.87979327
 -2.82743339 -2.77507351 -2.72271363 -2.67035376 -2.61799388 -2.565634
 -2.51327412 -2.46091425 -2.40855437 -2.35619449 -2.30383461 -2.25147474
 -2.19911486 -2.14675498 -2.0943951  -2.04203522 -1.98967535 -1.93731547
 -1.88495559 -1.83259571 -1.78023584 -1.72787596 -1.67551608 -1.6231562
 -1.57079633 -1.51843645 -1.46607657 -1.41371669 -1.36135682 -1.30899694
 -1.25663706 -1.20427718 -1.15191731 -1.09955743 -1.04719755 -0.99483767
 -0.9424778  -0.89011792 -0.83775804 -0.78539816 -0.73303829 -0.68067841
 -0.62831853 -0.57595865 -0.52359878 -0.51302102 -0.50244327 -0.49186552
 -0.48128776 -0.47071001 -0.46013226 -0.4495545  -0.43897675 -0.428399
 -0.41782125 -0.40724349 -0.39666574 -0.38608799 -0.37551023 -0.36493248
 -0.35435473 -0.34377697 -0.33319922 -0.32262147 -0.31204371 -0.30146596
 -0.29088821 -0.28031046 -0.2697327  -0.25915495 -0.2485772  -0.23799944
 -0.22742169 -0.21684394 -0.20626618 -0.19568843 -0.18511068 -0.17453293
 -0.16395517 -0.15337742 -0.14279967 -0.13222191 -0.12164416 -0.11106641
 -0.10048865 -0.0899109  -0.07933315 -0.06875539 -0.05817764 -0.04759989
 -0.03702214 -0.02644438 -0.01586663 -0.00528888  0.00528888  0.01586663
  0.02644438  0.03702214  0.04759989  0.05817764  0.06875539  0.07933315
  0.0899109   0.10048865  0.11106641  0.12164416  0.13222191  0.14279967
  0.15337742  0.16395517  0.17453293  0.18511068  0.19568843  0.20626618
  0.21684394  0.22742169  0.23799944  0.2485772   0.25915495  0.2697327
  0.28031046  0.29088821  0.30146596  0.31204371  0.32262147  0.33319922
  0.34377697  0.35435473  0.36493248  0.37551023  0.38608799  0.39666574
  0.40724349  0.41782125  0.428399    0.43897675  0.4495545   0.46013226
  0.47071001  0.48128776  0.49186552  0.50244327  0.51302102  0.52359878
  0.57595865  0.62831853  0.68067841  0.73303829  0.78539816  0.83775804
  0.89011792  0.9424778   0.99483767  1.04719755  1.09955743  1.15191731
  1.20427718  1.25663706  1.30899694  1.36135682  1.41371669  1.46607657
  1.51843645  1.57079633  1.6231562   1.67551608  1.72787596  1.78023584
  1.83259571  1.88495559  1.93731547  1.98967535  2.04203522  2.0943951
  2.14675498  2.19911486  2.25147474  2.30383461  2.35619449  2.40855437
  2.46091425  2.51327412  2.565634    2.61799388  2.67035376  2.72271363
  2.77507351  2.82743339  2.87979327  2.93215314  2.98451302  3.0368729
  3.08923278  3.14159265]",1D array of the angles of attack used to define the polars of the airfoils. All airfoils defined in openmdao share this grid.
af_3d.Re,input,,[ 3000000.  5280000.  6000000.  9000000. 12000000.],1D array of the Reynolds numbers used to define the polars of the airfoils. All airfoils defined in openmdao share this grid.
af_3d.rated_TSR,input,,[10.5],Constant tip speed ratio in region II.
blade.compute_reynolds.rho,input,kg/m**3,[1.225],
blade.compute_reynolds.mu,input,kg/m/s,[1.81e-05],Dynamic viscosity of air
blade.compute_reynolds.maxOmega,input,rad/s,[2.],Maximum allowed rotor speed.
blade.compute_reynolds.max_TS,input,m/s,[85.],Maximum allowed blade tip speed.
blade.compute_reynolds.V_out,input,m/s,[25.],Cut out wind speed. This is the wind speed where region III ends.
blade.high_level_blade_props.rotor_diameter_user,input,m,[205.99253562],Diameter of the rotor specified by the user. It is defined as two times the blade length plus the hub diameter.
blade.internal_structure_2d_fem.web_rotation_yaml,output,rad,"[[0. 0. 0. 0. 0. 0. 0. 0. 0. 0. 0. 0. 0. 0. 0. 0. 0. 0. 0. 0. 0. 0. 0. 0.
  0. 0. 0. 0. 0. 0.]
 [0. 0. 0. 0. 0. 0. 0. 0. 0. 0. 0. 0. 0. 0. 0. 0. 0. 0. 0. 0. 0. 0. 0. 0.
  0. 0. 0. 0. 0. 0.]]","2D array of the rotation angle of the shear webs in respect to the chord line. The first dimension represents each shear web, the second dimension represents each entry along blade span. If the rotation is equal to negative twist +- a constant, then the web is built straight."
blade.internal_structure_2d_fem.web_offset_y_pa_yaml,output,m,"[[ 0.00000000e+00  0.00000000e+00  0.00000000e+00 -1.15000000e+00
  -1.14866374e+00 -1.14462435e+00 -1.13783587e+00 -1.12825239e+00
  -1.11582796e+00 -1.10051665e+00 -1.08227253e+00 -1.06104965e+00
  -1.03680208e+00 -1.00948389e+00 -9.79049142e-01 -9.45451897e-01
  -9.08646222e-01 -8.68586181e-01 -8.25225838e-01 -7.78519258e-01
  -7.12722539e-01 -6.74883645e-01 -6.17862740e-01 -5.57311856e-01
  -4.93185057e-01 -4.25436408e-01 -3.54019972e-01 -2.78889815e-01
  -2.00000000e-01  4.16333634e-17]
 [ 0.00000000e+00  0.00000000e+00  0.00000000e+00 -4.50000000e-01
  -4.46963200e-01 -4.38185600e-01 -4.24166400e-01 -4.05404800e-01
  -3.82400000e-01 -3.55651200e-01 -3.25657600e-01 -2.92918400e-01
  -2.57932800e-01 -2.21200000e-01 -1.83219200e-01 -1.44489600e-01
  -1.05510400e-01 -6.67808000e-02 -2.88000000e-02  7.93280000e-03
   5.29987456e-02  7.56576000e-02  1.05651200e-01  1.32400000e-01
   1.55404800e-01  1.74166400e-01  1.88185600e-01  1.96963200e-01
   2.00000000e-01  2.77555756e-17]]","2D array of the offset along the y axis to set the position of the shear webs. Positive values move the web towards the trailing edge, negative values towards the leading edge. The first dimension represents each shear web, the second dimension represents each entry along blade span."
blade.internal_structure_2d_fem.web_start_nd_yaml,output,,"[[0. 0. 0. 0. 0. 0. 0. 0. 0. 0. 0. 0. 0. 0. 0. 0. 0. 0. 0. 0. 0. 0. 0. 0.
  0. 0. 0. 0. 0. 0.]
 [0. 0. 0. 0. 0. 0. 0. 0. 0. 0. 0. 0. 0. 0. 0. 0. 0. 0. 0. 0. 0. 0. 0. 0.
  0. 0. 0. 0. 0. 0.]]","2D array of the non-dimensional start point defined along the outer profile of a web. The TE suction side is 0, the TE pressure side is 1. The first dimension represents each web, the second dimension represents each entry along blade span."
blade.internal_structure_2d_fem.web_end_nd_yaml,output,,"[[0. 0. 0. 0. 0. 0. 0. 0. 0. 0. 0. 0. 0. 0. 0. 0. 0. 0. 0. 0. 0. 0. 0. 0.
  0. 0. 0. 0. 0. 0.]
 [0. 0. 0. 0. 0. 0. 0. 0. 0. 0. 0. 0. 0. 0. 0. 0. 0. 0. 0. 0. 0. 0. 0. 0.
  0. 0. 0. 0. 0. 0.]]","2D array of the non-dimensional end point defined along the outer profile of a web. The TE suction side is 0, the TE pressure side is 1. The first dimension represents each web, the second dimension represents each entry along blade span."
blade.internal_structure_2d_fem.layer_web,output,,[0. 0. 0. 0. 0. 0. 0. 0. 0. 0. 0. 0. 0. 0. 1. 1. 1. 2. 2. 2.],"1D array of the web id the layer is associated to. If the layer is on the outer profile, this entry can simply stay equal to zero."
blade.internal_structure_2d_fem.layer_thickness,output,m,"[[ 1.00000000e-03  1.00000000e-03  1.00000000e-03  1.00000000e-03
   1.00000000e-03  1.00000000e-03  1.00000000e-03  1.00000000e-03
   1.00000000e-03  1.00000000e-03  1.00000000e-03  1.00000000e-03
   1.00000000e-03  1.00000000e-03  1.00000000e-03  1.00000000e-03
   1.00000000e-03  1.00000000e-03  1.00000000e-03  1.00000000e-03
   1.00000000e-03  1.00000000e-03  1.00000000e-03  1.00000000e-03
   1.00000000e-03  1.00000000e-03  1.00000000e-03  1.00000000e-03
   1.00000000e-03  1.00000000e-03]
 [ 4.10000000e-02  3.30000000e-02  2.60000000e-02  2.00000000e-02
   1.50000000e-02  1.10000000e-02  8.28454072e-03  6.51243402e-03
   5.36207752e-03  4.70247504e-03  4.40263040e-03  4.33154742e-03
   4.35822991e-03  4.35168169e-03  4.30702965e-03  4.21940069e-03
   4.08392168e-03  3.89571952e-03  3.64992111e-03  3.34165333e-03
   2.86491152e-03  2.57935592e-03  2.14614940e-03  1.69211977e-03
   1.22767857e-03  1.00000000e-03  1.00000000e-03  1.00000000e-03
   1.00000000e-03  1.00000000e-03]
 [ 0.00000000e+00  1.03638639e-02  1.80212345e-02  2.53616596e-02
   3.20681938e-02  3.78238917e-02  4.23118077e-02  4.52149966e-02
   4.62165127e-02  4.56952678e-02  4.40301733e-02  4.16001409e-02
   3.87840821e-02  3.59609085e-02  3.35095318e-02  3.13580743e-02
   2.94346583e-02  2.76674064e-02  2.59844408e-02  2.43138839e-02
   2.20549123e-02  2.08042751e-02  1.89850461e-02  1.71360827e-02
   1.52672963e-02  1.33885984e-02  1.15099005e-02  9.63120264e-03
   7.75250477e-03  5.87380689e-03]
 [ 0.00000000e+00  1.24780597e-02  1.76115740e-02  2.27450883e-02
   2.76641755e-02  3.21544085e-02  3.60013601e-02  3.89906033e-02
   4.09077110e-02  4.15382560e-02  4.11017265e-02  3.98176106e-02
   3.79053964e-02  3.55845720e-02  3.30746256e-02  3.05950453e-02
   2.81565527e-02  2.57698696e-02  2.34457177e-02  2.11948185e-02
   1.83968865e-02  1.69556653e-02  1.49623503e-02  1.30321660e-02
   1.11493299e-02  9.29805909e-03  7.46257101e-03  5.62708293e-03
   3.79159485e-03  1.95610677e-03]
 [ 0.00000000e+00  0.00000000e+00  0.00000000e+00  0.00000000e+00
   0.00000000e+00  0.00000000e+00  0.00000000e+00  0.00000000e+00
   0.00000000e+00  0.00000000e+00  0.00000000e+00  0.00000000e+00
   0.00000000e+00  0.00000000e+00  0.00000000e+00  0.00000000e+00
   0.00000000e+00  0.00000000e+00  0.00000000e+00  1.00000000e-03
   5.00000000e-02  1.00000000e-03 -8.13151629e-20  0.00000000e+00
   0.00000000e+00  0.00000000e+00  0.00000000e+00  0.00000000e+00
   0.00000000e+00  0.00000000e+00]
 [ 0.00000000e+00  0.00000000e+00  0.00000000e+00  0.00000000e+00
   0.00000000e+00  0.00000000e+00  0.00000000e+00  0.00000000e+00
   0.00000000e+00  0.00000000e+00  0.00000000e+00  0.00000000e+00
   0.00000000e+00  0.00000000e+00  0.00000000e+00  0.00000000e+00
   0.00000000e+00  0.00000000e+00  0.00000000e+00  1.00000000e-03
   5.00000000e-02  1.00000000e-03 -8.13151629e-20  0.00000000e+00
   0.00000000e+00  0.00000000e+00  0.00000000e+00  0.00000000e+00
   0.00000000e+00  0.00000000e+00]
 [ 0.00000000e+00  0.00000000e+00  6.65003373e-03  8.14812366e-03
   9.64621359e-03  1.11443035e-02  1.26025620e-02  1.39811575e-02
   1.52402586e-02  1.63400338e-02  1.72406517e-02  1.79022807e-02
   1.83276090e-02  1.85193246e-02  1.84801155e-02  1.82126698e-02
   1.77196757e-02  1.70038210e-02  1.61057826e-02  1.50662370e-02
   1.35708454e-02  1.27253309e-02  1.15053236e-02  1.03065158e-02
   9.12537420e-03  7.95836553e-03  6.80195656e-03  5.65261407e-03
   4.50680481e-03  3.36099555e-03]
 [ 0.00000000e+00  0.00000000e+00  2.33432275e-02  2.51480648e-02
   2.69529021e-02  2.87577394e-02  3.05625767e-02  3.23674140e-02
   3.39953792e-02  3.52696003e-02  3.60132052e-02  3.60493218e-02
   3.52010780e-02  3.32916017e-02  3.05938669e-02  2.73808473e-02
   2.39255169e-02  2.05008494e-02  1.73798187e-02  1.48353987e-02
   1.22323494e-02  1.10919834e-02  9.70078471e-03  8.50178952e-03
   7.39889612e-03  6.29600271e-03  5.19310930e-03  4.09021589e-03
   2.98732248e-03 -2.16840434e-19]
 [ 0.00000000e+00  0.00000000e+00  2.33432275e-02  2.51480648e-02
   2.69529021e-02  2.87577394e-02  3.05625767e-02  3.23674140e-02
   3.39953792e-02  3.52696003e-02  3.60132052e-02  3.60493218e-02
   3.52010780e-02  3.32916017e-02  3.05938669e-02  2.73808473e-02
   2.39255169e-02  2.05008494e-02  1.73798187e-02  1.48353987e-02
   1.22323494e-02  1.10919834e-02  9.70078471e-03  8.50178952e-03
   7.39889612e-03  6.29600271e-03  5.19310930e-03  4.09021589e-03
   2.98732248e-03 -2.16840434e-19]
 [ 0.00000000e+00  0.00000000e+00  1.86402175e-02  2.29043857e-02
   2.71685539e-02  3.12820798e-02  3.50943212e-02  3.84546359e-02
   4.12123815e-02  4.32169158e-02  4.43175966e-02  4.46317757e-02
   4.42768050e-02  4.33700364e-02  4.20288217e-02  4.03705128e-02
   3.85124616e-02  3.64638788e-02  3.42339751e-02  3.18319613e-02
   2.84675254e-02  2.65484460e-02  2.36853660e-02  2.07018877e-02
   1.76220907e-02  1.44700547e-02  1.12698594e-02  8.04558436e-03
   4.82130936e-03  1.59703436e-03]
 [ 0.00000000e+00  0.00000000e+00  1.06783227e-02  1.30277497e-02
   1.53771767e-02  1.77266036e-02  2.00760306e-02  2.23436643e-02
   2.44477114e-02  2.63063787e-02  2.78378729e-02  2.89604006e-02
   2.95921686e-02  2.97916789e-02  2.96174332e-02  2.91279335e-02
   2.83816816e-02  2.74371794e-02  2.63529289e-02  2.51106409e-02
   2.32295708e-02  2.20787956e-02  2.02526601e-02  1.81953304e-02
   1.58885175e-02  1.33738018e-02  1.06927639e-02  7.88698432e-03
   4.99804368e-03  2.06752250e-03]
 [ 0.00000000e+00  0.00000000e+00  1.17141324e-02  1.47649473e-02
   1.78157623e-02  2.08665773e-02  2.39173922e-02  2.69682072e-02
   3.00190222e-02  3.29529872e-02  3.56532524e-02  3.80029677e-02
   3.98852833e-02  4.11833493e-02  4.17803156e-02  4.17273646e-02
   4.10756783e-02  3.98764390e-02  3.81808288e-02  3.60400301e-02
   3.26797937e-02  3.06420809e-02  2.75162660e-02  2.41934479e-02
   2.07392943e-02  1.72194730e-02  1.36996517e-02  1.01798304e-02
   6.66000904e-03  3.14018771e-03]
 [ 0.00000000e+00  0.00000000e+00  3.59873815e-02  4.39773438e-02
   5.19673061e-02  5.96302097e-02  6.66389959e-02  7.26666060e-02
   7.73859813e-02  8.04700630e-02  8.15917924e-02  8.09966867e-02
   7.89302631e-02  7.56380387e-02  7.13655306e-02  6.63582560e-02
   6.08617321e-02  5.50357312e-02  4.90400260e-02  4.30343888e-02
   3.54771595e-02  3.16324086e-02  2.65556105e-02  2.18699671e-02
   1.74972473e-02  1.33592202e-02  9.37765500e-03  5.47432071e-03
   1.57098642e-03  1.00000000e-03]
 [ 4.10000000e-02  3.30000000e-02  2.60000000e-02  2.00000000e-02
   1.53156219e-02  1.26140524e-02  1.00892854e-02  7.82972209e-03
   5.92376367e-03  4.45981139e-03  3.52626648e-03  3.01625067e-03
   2.82288569e-03  2.83929329e-03  2.95859519e-03  3.07391313e-03
   3.07836885e-03  2.99303427e-03  2.83898133e-03  2.63728196e-03
   2.33877707e-03  2.17523163e-03  1.95702453e-03  1.75179189e-03
   1.55693882e-03  1.36987043e-03  1.18799183e-03  1.00870812e-03
   1.00000000e-03  1.00000000e-03]
 [ 0.00000000e+00  0.00000000e+00  0.00000000e+00  2.16422907e-03
   2.21016153e-03  2.25609398e-03  2.30202643e-03  2.34795888e-03
   2.38578561e-03  2.40740088e-03  2.40469897e-03  2.36957416e-03
   2.29392070e-03  2.16963289e-03  2.01292217e-03  1.84000000e-03
   1.66707783e-03  1.51036711e-03  1.38607930e-03  1.31042584e-03
   1.27397979e-03  1.27259912e-03  1.29421439e-03  1.33204112e-03
   1.37797357e-03  1.42390602e-03  1.46983847e-03  1.51577093e-03
   1.56170338e-03  1.08420217e-19]
 [ 0.00000000e+00  0.00000000e+00  0.00000000e+00  3.74890612e-02
   3.61172335e-02  3.47454058e-02  3.33630956e-02  3.19598202e-02
   3.05250972e-02  2.90484440e-02  2.75193780e-02  2.59274168e-02
   2.43374498e-02  2.28143666e-02  2.14230569e-02  2.02284101e-02
   1.92953159e-02  1.86886639e-02  1.83467902e-02  1.82080313e-02
   2.00000000e-02  2.00000000e-02  2.00000000e-02  2.00000000e-02
   2.00000000e-02  2.00000000e-02  2.00000000e-02  2.00000000e-02
   2.00000000e-02  5.20417043e-18]
 [ 0.00000000e+00  0.00000000e+00  0.00000000e+00  2.07236417e-03
   2.11829662e-03  2.16422907e-03  2.21016153e-03  2.25609398e-03
   2.30202643e-03  2.34795888e-03  2.38578561e-03  2.40740088e-03
   2.40469897e-03  2.36957416e-03  2.29392070e-03  2.16963289e-03
   2.01292217e-03  1.84000000e-03  1.66707783e-03  1.51036711e-03
   1.35893442e-03  1.31042584e-03  1.27530103e-03  1.27259912e-03
   1.29421439e-03  1.33204112e-03  1.37797357e-03  1.42390602e-03
   1.46983847e-03  1.08420217e-19]
 [ 0.00000000e+00  0.00000000e+00  0.00000000e+00  2.51759997e-03
   2.44512991e-03  2.37265986e-03  2.30018980e-03  2.22771975e-03
   2.15449048e-03  2.07974278e-03  2.00271744e-03  1.92265525e-03
   1.83879698e-03  1.75038343e-03  1.66146746e-03  1.57610193e-03
   1.49833970e-03  1.43223365e-03  1.38183663e-03  1.35120150e-03
   1.33654766e-03  1.33604234e-03  1.34493101e-03  1.36040697e-03
   1.37917659e-03  1.39794620e-03  1.41671582e-03  1.43548543e-03
   1.45425505e-03  2.16840434e-19]
 [ 0.00000000e+00  0.00000000e+00  0.00000000e+00  3.77066146e-02
   3.63461220e-02  3.49856293e-02  3.36139152e-02  3.22197581e-02
   3.07919366e-02  2.93192293e-02  2.77904146e-02  2.61942712e-02
   2.45955568e-02  2.30590296e-02  2.16494473e-02  2.04315680e-02
   2.00000000e-02  2.00000000e-02  2.00000000e-02  2.00000000e-02
   2.00000000e-02  2.00000000e-02  2.00000000e-02  2.00000000e-02
   2.00000000e-02  2.00000000e-02  2.00000000e-02  2.00000000e-02
   2.00000000e-02  5.20417043e-18]
 [ 0.00000000e+00  0.00000000e+00  0.00000000e+00  2.66254008e-03
   2.59007002e-03  2.51759997e-03  2.44512991e-03  2.37265986e-03
   2.30018980e-03  2.22771975e-03  2.15449048e-03  2.07974278e-03
   2.00271744e-03  1.92265525e-03  1.83879698e-03  1.75038343e-03
   1.66146746e-03  1.57610193e-03  1.49833970e-03  1.43223365e-03
   1.37083839e-03  1.35120150e-03  1.33703462e-03  1.33604234e-03
   1.34493101e-03  1.36040697e-03  1.37917659e-03  1.39794620e-03
   1.41671582e-03  3.25260652e-19]]","2D array of the thickness of the layers of the blade structure. The first dimension represents each layer, the second dimension represents each entry along blade span."
blade.internal_structure_2d_fem.layer_orientation,output,rad,"[[0. 0. 0. 0. 0. 0. 0. 0. 0. 0. 0. 0. 0. 0. 0. 0. 0. 0. 0. 0. 0. 0. 0. 0.
  0. 0. 0. 0. 0. 0.]
 [0. 0. 0. 0. 0. 0. 0. 0. 0. 0. 0. 0. 0. 0. 0. 0. 0. 0. 0. 0. 0. 0. 0. 0.
  0. 0. 0. 0. 0. 0.]
 [0. 0. 0. 0. 0. 0. 0. 0. 0. 0. 0. 0. 0. 0. 0. 0. 0. 0. 0. 0. 0. 0. 0. 0.
  0. 0. 0. 0. 0. 0.]
 [0. 0. 0. 0. 0. 0. 0. 0. 0. 0. 0. 0. 0. 0. 0. 0. 0. 0. 0. 0. 0. 0. 0. 0.
  0. 0. 0. 0. 0. 0.]
 [0. 0. 0. 0. 0. 0. 0. 0. 0. 0. 0. 0. 0. 0. 0. 0. 0. 0. 0. 0. 0. 0. 0. 0.
  0. 0. 0. 0. 0. 0.]
 [0. 0. 0. 0. 0. 0. 0. 0. 0. 0. 0. 0. 0. 0. 0. 0. 0. 0. 0. 0. 0. 0. 0. 0.
  0. 0. 0. 0. 0. 0.]
 [0. 0. 0. 0. 0. 0. 0. 0. 0. 0. 0. 0. 0. 0. 0. 0. 0. 0. 0. 0. 0. 0. 0. 0.
  0. 0. 0. 0. 0. 0.]
 [0. 0. 0. 0. 0. 0. 0. 0. 0. 0. 0. 0. 0. 0. 0. 0. 0. 0. 0. 0. 0. 0. 0. 0.
  0. 0. 0. 0. 0. 0.]
 [0. 0. 0. 0. 0. 0. 0. 0. 0. 0. 0. 0. 0. 0. 0. 0. 0. 0. 0. 0. 0. 0. 0. 0.
  0. 0. 0. 0. 0. 0.]
 [0. 0. 0. 0. 0. 0. 0. 0. 0. 0. 0. 0. 0. 0. 0. 0. 0. 0. 0. 0. 0. 0. 0. 0.
  0. 0. 0. 0. 0. 0.]
 [0. 0. 0. 0. 0. 0. 0. 0. 0. 0. 0. 0. 0. 0. 0. 0. 0. 0. 0. 0. 0. 0. 0. 0.
  0. 0. 0. 0. 0. 0.]
 [0. 0. 0. 0. 0. 0. 0. 0. 0. 0. 0. 0. 0. 0. 0. 0. 0. 0. 0. 0. 0. 0. 0. 0.
  0. 0. 0. 0. 0. 0.]
 [0. 0. 0. 0. 0. 0. 0. 0. 0. 0. 0. 0. 0. 0. 0. 0. 0. 0. 0. 0. 0. 0. 0. 0.
  0. 0. 0. 0. 0. 0.]
 [0. 0. 0. 0. 0. 0. 0. 0. 0. 0. 0. 0. 0. 0. 0. 0. 0. 0. 0. 0. 0. 0. 0. 0.
  0. 0. 0. 0. 0. 0.]
 [0. 0. 0. 0. 0. 0. 0. 0. 0. 0. 0. 0. 0. 0. 0. 0. 0. 0. 0. 0. 0. 0. 0. 0.
  0. 0. 0. 0. 0. 0.]
 [0. 0. 0. 0. 0. 0. 0. 0. 0. 0. 0. 0. 0. 0. 0. 0. 0. 0. 0. 0. 0. 0. 0. 0.
  0. 0. 0. 0. 0. 0.]
 [0. 0. 0. 0. 0. 0. 0. 0. 0. 0. 0. 0. 0. 0. 0. 0. 0. 0. 0. 0. 0. 0. 0. 0.
  0. 0. 0. 0. 0. 0.]
 [0. 0. 0. 0. 0. 0. 0. 0. 0. 0. 0. 0. 0. 0. 0. 0. 0. 0. 0. 0. 0. 0. 0. 0.
  0. 0. 0. 0. 0. 0.]
 [0. 0. 0. 0. 0. 0. 0. 0. 0. 0. 0. 0. 0. 0. 0. 0. 0. 0. 0. 0. 0. 0. 0. 0.
  0. 0. 0. 0. 0. 0.]
 [0. 0. 0. 0. 0. 0. 0. 0. 0. 0. 0. 0. 0. 0. 0. 0. 0. 0. 0. 0. 0. 0. 0. 0.
  0. 0. 0. 0. 0. 0.]]","Fiber orientation of the composite layer with 0-value meaning alignment with reference axis. The first dimension represents each layer, the second dimension represents each entry along blade span."
blade.internal_structure_2d_fem.layer_rotation_yaml,output,rad,"[[0. 0. 0. 0. 0. 0. 0. 0. 0. 0. 0. 0. 0. 0. 0. 0. 0. 0. 0. 0. 0. 0. 0. 0.
  0. 0. 0. 0. 0. 0.]
 [0. 0. 0. 0. 0. 0. 0. 0. 0. 0. 0. 0. 0. 0. 0. 0. 0. 0. 0. 0. 0. 0. 0. 0.
  0. 0. 0. 0. 0. 0.]
 [0. 0. 0. 0. 0. 0. 0. 0. 0. 0. 0. 0. 0. 0. 0. 0. 0. 0. 0. 0. 0. 0. 0. 0.
  0. 0. 0. 0. 0. 0.]
 [0. 0. 0. 0. 0. 0. 0. 0. 0. 0. 0. 0. 0. 0. 0. 0. 0. 0. 0. 0. 0. 0. 0. 0.
  0. 0. 0. 0. 0. 0.]
 [0. 0. 0. 0. 0. 0. 0. 0. 0. 0. 0. 0. 0. 0. 0. 0. 0. 0. 0. 0. 0. 0. 0. 0.
  0. 0. 0. 0. 0. 0.]
 [0. 0. 0. 0. 0. 0. 0. 0. 0. 0. 0. 0. 0. 0. 0. 0. 0. 0. 0. 0. 0. 0. 0. 0.
  0. 0. 0. 0. 0. 0.]
 [0. 0. 0. 0. 0. 0. 0. 0. 0. 0. 0. 0. 0. 0. 0. 0. 0. 0. 0. 0. 0. 0. 0. 0.
  0. 0. 0. 0. 0. 0.]
 [0. 0. 0. 0. 0. 0. 0. 0. 0. 0. 0. 0. 0. 0. 0. 0. 0. 0. 0. 0. 0. 0. 0. 0.
  0. 0. 0. 0. 0. 0.]
 [0. 0. 0. 0. 0. 0. 0. 0. 0. 0. 0. 0. 0. 0. 0. 0. 0. 0. 0. 0. 0. 0. 0. 0.
  0. 0. 0. 0. 0. 0.]
 [0. 0. 0. 0. 0. 0. 0. 0. 0. 0. 0. 0. 0. 0. 0. 0. 0. 0. 0. 0. 0. 0. 0. 0.
  0. 0. 0. 0. 0. 0.]
 [0. 0. 0. 0. 0. 0. 0. 0. 0. 0. 0. 0. 0. 0. 0. 0. 0. 0. 0. 0. 0. 0. 0. 0.
  0. 0. 0. 0. 0. 0.]
 [0. 0. 0. 0. 0. 0. 0. 0. 0. 0. 0. 0. 0. 0. 0. 0. 0. 0. 0. 0. 0. 0. 0. 0.
  0. 0. 0. 0. 0. 0.]
 [0. 0. 0. 0. 0. 0. 0. 0. 0. 0. 0. 0. 0. 0. 0. 0. 0. 0. 0. 0. 0. 0. 0. 0.
  0. 0. 0. 0. 0. 0.]
 [0. 0. 0. 0. 0. 0. 0. 0. 0. 0. 0. 0. 0. 0. 0. 0. 0. 0. 0. 0. 0. 0. 0. 0.
  0. 0. 0. 0. 0. 0.]
 [0. 0. 0. 0. 0. 0. 0. 0. 0. 0. 0. 0. 0. 0. 0. 0. 0. 0. 0. 0. 0. 0. 0. 0.
  0. 0. 0. 0. 0. 0.]
 [0. 0. 0. 0. 0. 0. 0. 0. 0. 0. 0. 0. 0. 0. 0. 0. 0. 0. 0. 0. 0. 0. 0. 0.
  0. 0. 0. 0. 0. 0.]
 [0. 0. 0. 0. 0. 0. 0. 0. 0. 0. 0. 0. 0. 0. 0. 0. 0. 0. 0. 0. 0. 0. 0. 0.
  0. 0. 0. 0. 0. 0.]
 [0. 0. 0. 0. 0. 0. 0. 0. 0. 0. 0. 0. 0. 0. 0. 0. 0. 0. 0. 0. 0. 0. 0. 0.
  0. 0. 0. 0. 0. 0.]
 [0. 0. 0. 0. 0. 0. 0. 0. 0. 0. 0. 0. 0. 0. 0. 0. 0. 0. 0. 0. 0. 0. 0. 0.
  0. 0. 0. 0. 0. 0.]
 [0. 0. 0. 0. 0. 0. 0. 0. 0. 0. 0. 0. 0. 0. 0. 0. 0. 0. 0. 0. 0. 0. 0. 0.
  0. 0. 0. 0. 0. 0.]]","2D array of the rotation angle of a layer in respect to the chord line. The first dimension represents each layer, the second dimension represents each entry along blade span. If the rotation is equal to negative twist +- a constant, then the layer is built straight."
blade.internal_structure_2d_fem.layer_offset_y_pa_yaml,output,m,"[[ 0.      0.      0.      0.      0.      0.      0.      0.      0.
   0.      0.      0.      0.      0.      0.      0.      0.      0.
   0.      0.      0.      0.      0.      0.      0.      0.      0.
   0.      0.      0.    ]
 [ 0.      0.      0.      0.      0.      0.      0.      0.      0.
   0.      0.      0.      0.      0.      0.      0.      0.      0.
   0.      0.      0.      0.      0.      0.      0.      0.      0.
   0.      0.      0.    ]
 [ 0.      0.      0.     -0.8    -0.768  -0.736  -0.704  -0.672  -0.64
  -0.608  -0.576  -0.544  -0.512  -0.48   -0.448  -0.416  -0.384  -0.352
  -0.32   -0.288  -0.2464 -0.224  -0.192  -0.16   -0.128  -0.096  -0.064
  -0.032   0.      0.    ]
 [ 0.      0.      0.     -0.8    -0.768  -0.736  -0.704  -0.672  -0.64
  -0.608  -0.576  -0.544  -0.512  -0.48   -0.448  -0.416  -0.384  -0.352
  -0.32   -0.288  -0.2464 -0.224  -0.192  -0.16   -0.128  -0.096  -0.064
  -0.032   0.      0.    ]
 [ 0.      0.      0.      0.      0.      0.      0.      0.      0.
   0.      0.      0.      0.      0.      0.      0.      0.      0.
   0.      0.      0.      0.      0.      0.      0.      0.      0.
   0.      0.      0.    ]
 [ 0.      0.      0.      0.      0.      0.      0.      0.      0.
   0.      0.      0.      0.      0.      0.      0.      0.      0.
   0.      0.      0.      0.      0.      0.      0.      0.      0.
   0.      0.      0.    ]
 [ 0.      0.      0.      0.      0.      0.      0.      0.      0.
   0.      0.      0.      0.      0.      0.      0.      0.      0.
   0.      0.      0.      0.      0.      0.      0.      0.      0.
   0.      0.      0.    ]
 [ 0.      0.      0.      0.      0.      0.      0.      0.      0.
   0.      0.      0.      0.      0.      0.      0.      0.      0.
   0.      0.      0.      0.      0.      0.      0.      0.      0.
   0.      0.      0.    ]
 [ 0.      0.      0.      0.      0.      0.      0.      0.      0.
   0.      0.      0.      0.      0.      0.      0.      0.      0.
   0.      0.      0.      0.      0.      0.      0.      0.      0.
   0.      0.      0.    ]
 [ 0.      0.      0.      0.      0.      0.      0.      0.      0.
   0.      0.      0.      0.      0.      0.      0.      0.      0.
   0.      0.      0.      0.      0.      0.      0.      0.      0.
   0.      0.      0.    ]
 [ 0.      0.      0.      0.      0.      0.      0.      0.      0.
   0.      0.      0.      0.      0.      0.      0.      0.      0.
   0.      0.      0.      0.      0.      0.      0.      0.      0.
   0.      0.      0.    ]
 [ 0.      0.      0.      0.      0.      0.      0.      0.      0.
   0.      0.      0.      0.      0.      0.      0.      0.      0.
   0.      0.      0.      0.      0.      0.      0.      0.      0.
   0.      0.      0.    ]
 [ 0.      0.      0.      0.      0.      0.      0.      0.      0.
   0.      0.      0.      0.      0.      0.      0.      0.      0.
   0.      0.      0.      0.      0.      0.      0.      0.      0.
   0.      0.      0.    ]
 [ 0.      0.      0.      0.      0.      0.      0.      0.      0.
   0.      0.      0.      0.      0.      0.      0.      0.      0.
   0.      0.      0.      0.      0.      0.      0.      0.      0.
   0.      0.      0.    ]
 [ 0.      0.      0.      0.      0.      0.      0.      0.      0.
   0.      0.      0.      0.      0.      0.      0.      0.      0.
   0.      0.      0.      0.      0.      0.      0.      0.      0.
   0.      0.      0.    ]
 [ 0.      0.      0.      0.      0.      0.      0.      0.      0.
   0.      0.      0.      0.      0.      0.      0.      0.      0.
   0.      0.      0.      0.      0.      0.      0.      0.      0.
   0.      0.      0.    ]
 [ 0.      0.      0.      0.      0.      0.      0.      0.      0.
   0.      0.      0.      0.      0.      0.      0.      0.      0.
   0.      0.      0.      0.      0.      0.      0.      0.      0.
   0.      0.      0.    ]
 [ 0.      0.      0.      0.      0.      0.      0.      0.      0.
   0.      0.      0.      0.      0.      0.      0.      0.      0.
   0.      0.      0.      0.      0.      0.      0.      0.      0.
   0.      0.      0.    ]
 [ 0.      0.      0.      0.      0.      0.      0.      0.      0.
   0.      0.      0.      0.      0.      0.      0.      0.      0.
   0.      0.      0.      0.      0.      0.      0.      0.      0.
   0.      0.      0.    ]
 [ 0.      0.      0.      0.      0.      0.      0.      0.      0.
   0.      0.      0.      0.      0.      0.      0.      0.      0.
   0.      0.      0.      0.      0.      0.      0.      0.      0.
   0.      0.      0.    ]]","2D array of the offset along the y axis to set the position of a layer. Positive values move the layer towards the trailing edge, negative values towards the leading edge. The first dimension represents each layer, the second dimension represents each entry along blade span."
blade.internal_structure_2d_fem.layer_width_yaml,output,m,"[[0.00000000e+00 0.00000000e+00 0.00000000e+00 0.00000000e+00
  0.00000000e+00 0.00000000e+00 0.00000000e+00 0.00000000e+00
  0.00000000e+00 0.00000000e+00 0.00000000e+00 0.00000000e+00
  0.00000000e+00 0.00000000e+00 0.00000000e+00 0.00000000e+00
  0.00000000e+00 0.00000000e+00 0.00000000e+00 0.00000000e+00
  0.00000000e+00 0.00000000e+00 0.00000000e+00 0.00000000e+00
  0.00000000e+00 0.00000000e+00 0.00000000e+00 0.00000000e+00
  0.00000000e+00 0.00000000e+00]
 [0.00000000e+00 0.00000000e+00 0.00000000e+00 0.00000000e+00
  0.00000000e+00 0.00000000e+00 0.00000000e+00 0.00000000e+00
  0.00000000e+00 0.00000000e+00 0.00000000e+00 0.00000000e+00
  0.00000000e+00 0.00000000e+00 0.00000000e+00 0.00000000e+00
  0.00000000e+00 0.00000000e+00 0.00000000e+00 0.00000000e+00
  0.00000000e+00 0.00000000e+00 0.00000000e+00 0.00000000e+00
  0.00000000e+00 0.00000000e+00 0.00000000e+00 0.00000000e+00
  0.00000000e+00 0.00000000e+00]
 [8.00000000e-01 8.00000000e-01 8.00000000e-01 8.00000000e-01
  8.00000000e-01 8.00000000e-01 8.00000000e-01 8.00000000e-01
  8.00000000e-01 8.00000000e-01 8.00000000e-01 8.00000000e-01
  8.00000000e-01 8.00000000e-01 8.00000000e-01 8.00000000e-01
  8.00000000e-01 8.00000000e-01 8.00000000e-01 8.00000000e-01
  8.00000000e-01 8.00000000e-01 8.00000000e-01 8.00000000e-01
  7.53600000e-01 7.05900000e-01 6.58700000e-01 6.11000000e-01
  5.38300000e-01 3.41900000e-01]
 [8.00000000e-01 8.00000000e-01 8.00000000e-01 8.00000000e-01
  8.00000000e-01 8.00000000e-01 8.00000000e-01 8.00000000e-01
  8.00000000e-01 8.00000000e-01 8.00000000e-01 8.00000000e-01
  8.00000000e-01 8.00000000e-01 8.00000000e-01 8.00000000e-01
  8.00000000e-01 8.00000000e-01 8.00000000e-01 8.00000000e-01
  8.00000000e-01 8.00000000e-01 8.00000000e-01 7.85500000e-01
  7.45300000e-01 7.01900000e-01 6.57100000e-01 6.09900000e-01
  5.24600000e-01 3.31000000e-01]
 [0.00000000e+00 0.00000000e+00 0.00000000e+00 0.00000000e+00
  0.00000000e+00 0.00000000e+00 0.00000000e+00 0.00000000e+00
  0.00000000e+00 0.00000000e+00 0.00000000e+00 0.00000000e+00
  0.00000000e+00 0.00000000e+00 0.00000000e+00 0.00000000e+00
  0.00000000e+00 0.00000000e+00 0.00000000e+00 3.00000000e-01
  1.70000000e+00 3.00000000e-01 1.38777878e-17 0.00000000e+00
  0.00000000e+00 0.00000000e+00 0.00000000e+00 0.00000000e+00
  0.00000000e+00 0.00000000e+00]
 [0.00000000e+00 0.00000000e+00 0.00000000e+00 0.00000000e+00
  0.00000000e+00 0.00000000e+00 0.00000000e+00 0.00000000e+00
  0.00000000e+00 0.00000000e+00 0.00000000e+00 0.00000000e+00
  0.00000000e+00 0.00000000e+00 0.00000000e+00 0.00000000e+00
  0.00000000e+00 0.00000000e+00 0.00000000e+00 3.00000000e-01
  1.70000000e+00 3.00000000e-01 1.38777878e-17 0.00000000e+00
  0.00000000e+00 0.00000000e+00 0.00000000e+00 0.00000000e+00
  0.00000000e+00 0.00000000e+00]
 [3.09400000e-01 3.09400000e-01 3.09400000e-01 3.09400000e-01
  3.09400000e-01 3.09400000e-01 3.09400000e-01 3.09400000e-01
  3.09400000e-01 3.09400000e-01 3.09400000e-01 3.09400000e-01
  3.09400000e-01 3.09400000e-01 3.09400000e-01 3.09400000e-01
  3.09400000e-01 3.09400000e-01 3.09400000e-01 3.09400000e-01
  3.09400000e-01 3.09400000e-01 3.09400000e-01 3.09400000e-01
  3.09400000e-01 3.09400000e-01 2.80100000e-01 2.22300000e-01
  1.63500000e-01 1.03500000e-01]
 [5.76000000e-01 5.77450000e-01 5.81000000e-01 5.83650000e-01
  5.86850000e-01 5.89850000e-01 5.99450000e-01 6.05250000e-01
  6.11950000e-01 6.13850000e-01 6.11900000e-01 6.09150000e-01
  6.06600000e-01 6.06300000e-01 6.07450000e-01 6.10600000e-01
  6.16150000e-01 5.78650000e-01 5.37350000e-01 4.96500000e-01
  4.44467378e-01 4.16750000e-01 3.77250000e-01 3.36250000e-01
  2.74450000e-01 2.34700000e-01 1.94700000e-01 1.54100000e-01
  1.13000000e-01 7.13000000e-02]
 [5.76000000e-01 5.77450000e-01 5.81000000e-01 5.83650000e-01
  5.86850000e-01 5.89850000e-01 5.99450000e-01 6.05250000e-01
  6.11950000e-01 6.13850000e-01 6.11900000e-01 6.09150000e-01
  6.06600000e-01 6.06300000e-01 6.07450000e-01 6.10600000e-01
  6.16150000e-01 5.78650000e-01 5.37350000e-01 4.96500000e-01
  4.44467378e-01 4.16750000e-01 3.77250000e-01 3.36250000e-01
  2.74450000e-01 2.34700000e-01 1.94700000e-01 1.54100000e-01
  1.13000000e-01 7.13000000e-02]
 [0.00000000e+00 0.00000000e+00 0.00000000e+00 0.00000000e+00
  0.00000000e+00 0.00000000e+00 0.00000000e+00 0.00000000e+00
  0.00000000e+00 0.00000000e+00 0.00000000e+00 0.00000000e+00
  0.00000000e+00 0.00000000e+00 0.00000000e+00 0.00000000e+00
  0.00000000e+00 0.00000000e+00 0.00000000e+00 0.00000000e+00
  0.00000000e+00 0.00000000e+00 0.00000000e+00 0.00000000e+00
  0.00000000e+00 0.00000000e+00 0.00000000e+00 0.00000000e+00
  0.00000000e+00 0.00000000e+00]
 [0.00000000e+00 0.00000000e+00 0.00000000e+00 0.00000000e+00
  0.00000000e+00 0.00000000e+00 0.00000000e+00 0.00000000e+00
  0.00000000e+00 0.00000000e+00 0.00000000e+00 0.00000000e+00
  0.00000000e+00 0.00000000e+00 0.00000000e+00 0.00000000e+00
  0.00000000e+00 0.00000000e+00 0.00000000e+00 0.00000000e+00
  0.00000000e+00 0.00000000e+00 0.00000000e+00 0.00000000e+00
  0.00000000e+00 0.00000000e+00 0.00000000e+00 0.00000000e+00
  0.00000000e+00 0.00000000e+00]
 [0.00000000e+00 0.00000000e+00 0.00000000e+00 0.00000000e+00
  0.00000000e+00 0.00000000e+00 0.00000000e+00 0.00000000e+00
  0.00000000e+00 0.00000000e+00 0.00000000e+00 0.00000000e+00
  0.00000000e+00 0.00000000e+00 0.00000000e+00 0.00000000e+00
  0.00000000e+00 0.00000000e+00 0.00000000e+00 0.00000000e+00
  0.00000000e+00 0.00000000e+00 0.00000000e+00 0.00000000e+00
  0.00000000e+00 0.00000000e+00 0.00000000e+00 0.00000000e+00
  0.00000000e+00 0.00000000e+00]
 [0.00000000e+00 0.00000000e+00 0.00000000e+00 0.00000000e+00
  0.00000000e+00 0.00000000e+00 0.00000000e+00 0.00000000e+00
  0.00000000e+00 0.00000000e+00 0.00000000e+00 0.00000000e+00
  0.00000000e+00 0.00000000e+00 0.00000000e+00 0.00000000e+00
  0.00000000e+00 0.00000000e+00 0.00000000e+00 0.00000000e+00
  0.00000000e+00 0.00000000e+00 0.00000000e+00 0.00000000e+00
  0.00000000e+00 0.00000000e+00 0.00000000e+00 0.00000000e+00
  0.00000000e+00 0.00000000e+00]
 [0.00000000e+00 0.00000000e+00 0.00000000e+00 0.00000000e+00
  0.00000000e+00 0.00000000e+00 0.00000000e+00 0.00000000e+00
  0.00000000e+00 0.00000000e+00 0.00000000e+00 0.00000000e+00
  0.00000000e+00 0.00000000e+00 0.00000000e+00 0.00000000e+00
  0.00000000e+00 0.00000000e+00 0.00000000e+00 0.00000000e+00
  0.00000000e+00 0.00000000e+00 0.00000000e+00 0.00000000e+00
  0.00000000e+00 0.00000000e+00 0.00000000e+00 0.00000000e+00
  0.00000000e+00 0.00000000e+00]
 [0.00000000e+00 0.00000000e+00 0.00000000e+00 0.00000000e+00
  0.00000000e+00 0.00000000e+00 0.00000000e+00 0.00000000e+00
  0.00000000e+00 0.00000000e+00 0.00000000e+00 0.00000000e+00
  0.00000000e+00 0.00000000e+00 0.00000000e+00 0.00000000e+00
  0.00000000e+00 0.00000000e+00 0.00000000e+00 0.00000000e+00
  0.00000000e+00 0.00000000e+00 0.00000000e+00 0.00000000e+00
  0.00000000e+00 0.00000000e+00 0.00000000e+00 0.00000000e+00
  0.00000000e+00 0.00000000e+00]
 [0.00000000e+00 0.00000000e+00 0.00000000e+00 0.00000000e+00
  0.00000000e+00 0.00000000e+00 0.00000000e+00 0.00000000e+00
  0.00000000e+00 0.00000000e+00 0.00000000e+00 0.00000000e+00
  0.00000000e+00 0.00000000e+00 0.00000000e+00 0.00000000e+00
  0.00000000e+00 0.00000000e+00 0.00000000e+00 0.00000000e+00
  0.00000000e+00 0.00000000e+00 0.00000000e+00 0.00000000e+00
  0.00000000e+00 0.00000000e+00 0.00000000e+00 0.00000000e+00
  0.00000000e+00 0.00000000e+00]
 [0.00000000e+00 0.00000000e+00 0.00000000e+00 0.00000000e+00
  0.00000000e+00 0.00000000e+00 0.00000000e+00 0.00000000e+00
  0.00000000e+00 0.00000000e+00 0.00000000e+00 0.00000000e+00
  0.00000000e+00 0.00000000e+00 0.00000000e+00 0.00000000e+00
  0.00000000e+00 0.00000000e+00 0.00000000e+00 0.00000000e+00
  0.00000000e+00 0.00000000e+00 0.00000000e+00 0.00000000e+00
  0.00000000e+00 0.00000000e+00 0.00000000e+00 0.00000000e+00
  0.00000000e+00 0.00000000e+00]
 [0.00000000e+00 0.00000000e+00 0.00000000e+00 0.00000000e+00
  0.00000000e+00 0.00000000e+00 0.00000000e+00 0.00000000e+00
  0.00000000e+00 0.00000000e+00 0.00000000e+00 0.00000000e+00
  0.00000000e+00 0.00000000e+00 0.00000000e+00 0.00000000e+00
  0.00000000e+00 0.00000000e+00 0.00000000e+00 0.00000000e+00
  0.00000000e+00 0.00000000e+00 0.00000000e+00 0.00000000e+00
  0.00000000e+00 0.00000000e+00 0.00000000e+00 0.00000000e+00
  0.00000000e+00 0.00000000e+00]
 [0.00000000e+00 0.00000000e+00 0.00000000e+00 0.00000000e+00
  0.00000000e+00 0.00000000e+00 0.00000000e+00 0.00000000e+00
  0.00000000e+00 0.00000000e+00 0.00000000e+00 0.00000000e+00
  0.00000000e+00 0.00000000e+00 0.00000000e+00 0.00000000e+00
  0.00000000e+00 0.00000000e+00 0.00000000e+00 0.00000000e+00
  0.00000000e+00 0.00000000e+00 0.00000000e+00 0.00000000e+00
  0.00000000e+00 0.00000000e+00 0.00000000e+00 0.00000000e+00
  0.00000000e+00 0.00000000e+00]
 [0.00000000e+00 0.00000000e+00 0.00000000e+00 0.00000000e+00
  0.00000000e+00 0.00000000e+00 0.00000000e+00 0.00000000e+00
  0.00000000e+00 0.00000000e+00 0.00000000e+00 0.00000000e+00
  0.00000000e+00 0.00000000e+00 0.00000000e+00 0.00000000e+00
  0.00000000e+00 0.00000000e+00 0.00000000e+00 0.00000000e+00
  0.00000000e+00 0.00000000e+00 0.00000000e+00 0.00000000e+00
  0.00000000e+00 0.00000000e+00 0.00000000e+00 0.00000000e+00
  0.00000000e+00 0.00000000e+00]]","2D array of the width along the outer profile of a layer. The first dimension represents each layer, the second dimension represents each entry along blade span."
blade.internal_structure_2d_fem.layer_midpoint_nd,output,,"[[0.         0.         0.         0.         0.         0.
  0.         0.         0.         0.         0.         0.
  0.         0.         0.         0.         0.         0.
  0.         0.         0.         0.         0.         0.
  0.         0.         0.         0.         0.         0.        ]
 [0.         0.         0.         0.         0.         0.
  0.         0.         0.         0.         0.         0.
  0.         0.         0.         0.         0.         0.
  0.         0.         0.         0.         0.         0.
  0.         0.         0.         0.         0.         0.        ]
 [0.         0.         0.         0.         0.         0.
  0.         0.         0.         0.         0.         0.
  0.         0.         0.         0.         0.         0.
  0.         0.         0.         0.         0.         0.
  0.         0.         0.         0.         0.         0.        ]
 [0.         0.         0.         0.         0.         0.
  0.         0.         0.         0.         0.         0.
  0.         0.         0.         0.         0.         0.
  0.         0.         0.         0.         0.         0.
  0.         0.         0.         0.         0.         0.        ]
 [0.         0.         0.         0.         0.         0.
  0.         0.         0.         0.         0.         0.
  0.         0.         0.         0.         0.         0.
  0.         0.         0.         0.         0.         0.
  0.         0.         0.         0.         0.         0.        ]
 [0.         0.         0.         0.         0.         0.
  0.         0.         0.         0.         0.         0.
  0.         0.         0.         0.         0.         0.
  0.         0.         0.         0.         0.         0.
  0.         0.         0.         0.         0.         0.        ]
 [0.49999933 0.49993499 0.49952822 0.49929129 0.49971658 0.49945578
  0.49906381 0.49963123 0.50016113 0.50043572 0.50087085 0.5012724
  0.50154369 0.50167442 0.50164556 0.50144596 0.50117098 0.50086069
  0.50053289 0.50018991 0.49970653 0.49941629 0.4989484  0.49848578
  0.49797069 0.49714493 0.4959859  0.49469692 0.49329601 0.49178762]
 [0.         0.         0.         0.         0.         0.
  0.         0.         0.         0.         0.         0.
  0.         0.         0.         0.         0.         0.
  0.         0.         0.         0.         0.         0.
  0.         0.         0.         0.         0.         0.        ]
 [0.         0.         0.         0.         0.         0.
  0.         0.         0.         0.         0.         0.
  0.         0.         0.         0.         0.         0.
  0.         0.         0.         0.         0.         0.
  0.         0.         0.         0.         0.         0.        ]
 [0.         0.         0.         0.         0.         0.
  0.         0.         0.         0.         0.         0.
  0.         0.         0.         0.         0.         0.
  0.         0.         0.         0.         0.         0.
  0.         0.         0.         0.         0.         0.        ]
 [0.         0.         0.         0.         0.         0.
  0.         0.         0.         0.         0.         0.
  0.         0.         0.         0.         0.         0.
  0.         0.         0.         0.         0.         0.
  0.         0.         0.         0.         0.         0.        ]
 [0.         0.         0.         0.         0.         0.
  0.         0.         0.         0.         0.         0.
  0.         0.         0.         0.         0.         0.
  0.         0.         0.         0.         0.         0.
  0.         0.         0.         0.         0.         0.        ]
 [0.         0.         0.         0.         0.         0.
  0.         0.         0.         0.         0.         0.
  0.         0.         0.         0.         0.         0.
  0.         0.         0.         0.         0.         0.
  0.         0.         0.         0.         0.         0.        ]
 [0.         0.         0.         0.         0.         0.
  0.         0.         0.         0.         0.         0.
  0.         0.         0.         0.         0.         0.
  0.         0.         0.         0.         0.         0.
  0.         0.         0.         0.         0.         0.        ]
 [0.         0.         0.         0.         0.         0.
  0.         0.         0.         0.         0.         0.
  0.         0.         0.         0.         0.         0.
  0.         0.         0.         0.         0.         0.
  0.         0.         0.         0.         0.         0.        ]
 [0.         0.         0.         0.         0.         0.
  0.         0.         0.         0.         0.         0.
  0.         0.         0.         0.         0.         0.
  0.         0.         0.         0.         0.         0.
  0.         0.         0.         0.         0.         0.        ]
 [0.         0.         0.         0.         0.         0.
  0.         0.         0.         0.         0.         0.
  0.         0.         0.         0.         0.         0.
  0.         0.         0.         0.         0.         0.
  0.         0.         0.         0.         0.         0.        ]
 [0.         0.         0.         0.         0.         0.
  0.         0.         0.         0.         0.         0.
  0.         0.         0.         0.         0.         0.
  0.         0.         0.         0.         0.         0.
  0.         0.         0.         0.         0.         0.        ]
 [0.         0.         0.         0.         0.         0.
  0.         0.         0.         0.         0.         0.
  0.         0.         0.         0.         0.         0.
  0.         0.         0.         0.         0.         0.
  0.         0.         0.         0.         0.         0.        ]
 [0.         0.         0.         0.         0.         0.
  0.         0.         0.         0.         0.         0.
  0.         0.         0.         0.         0.         0.
  0.         0.         0.         0.         0.         0.
  0.         0.         0.         0.         0.         0.        ]]","2D array of the non-dimensional midpoint defined along the outer profile of a layer. The first dimension represents each layer, the second dimension represents each entry along blade span."
blade.internal_structure_2d_fem.layer_start_nd_yaml,output,,"[[0.   0.   0.   0.   0.   0.   0.   0.   0.   0.   0.   0.   0.   0.
  0.   0.   0.   0.   0.   0.   0.   0.   0.   0.   0.   0.   0.   0.
  0.   0.  ]
 [0.   0.   0.   0.   0.   0.   0.   0.   0.   0.   0.   0.   0.   0.
  0.   0.   0.   0.   0.   0.   0.   0.   0.   0.   0.   0.   0.   0.
  0.   0.  ]
 [0.   0.   0.   0.   0.   0.   0.   0.   0.   0.   0.   0.   0.   0.
  0.   0.   0.   0.   0.   0.   0.   0.   0.   0.   0.   0.   0.   0.
  0.   0.  ]
 [0.   0.   0.   0.   0.   0.   0.   0.   0.   0.   0.   0.   0.   0.
  0.   0.   0.   0.   0.   0.   0.   0.   0.   0.   0.   0.   0.   0.
  0.   0.  ]
 [0.   0.   0.   0.   0.   0.   0.   0.   0.   0.   0.   0.   0.   0.
  0.   0.   0.   0.   0.   0.   0.   0.   0.   0.   0.   0.   0.   0.
  0.   0.  ]
 [0.   0.   0.   0.   0.   0.   0.   0.   0.   0.   0.   0.   0.   0.
  0.   0.   0.   0.   0.   0.   0.   0.   0.   0.   0.   0.   0.   0.
  0.   0.  ]
 [0.   0.   0.   0.   0.   0.   0.   0.   0.   0.   0.   0.   0.   0.
  0.   0.   0.   0.   0.   0.   0.   0.   0.   0.   0.   0.   0.   0.
  0.   0.  ]
 [0.   0.   0.   0.   0.   0.   0.   0.   0.   0.   0.   0.   0.   0.
  0.   0.   0.   0.   0.   0.   0.   0.   0.   0.   0.   0.   0.   0.
  0.   0.  ]
 [0.   0.   0.   0.   0.   0.   0.   0.   0.   0.   0.   0.   0.   0.
  0.   0.   0.   0.   0.   0.   0.   0.   0.   0.   0.   0.   0.   0.
  0.   0.  ]
 [0.   0.   0.   0.   0.   0.   0.   0.   0.   0.   0.   0.   0.   0.
  0.   0.   0.   0.   0.   0.   0.   0.   0.   0.   0.   0.   0.   0.
  0.   0.  ]
 [0.   0.   0.   0.   0.   0.   0.   0.   0.   0.   0.   0.   0.   0.
  0.   0.   0.   0.   0.   0.   0.   0.   0.   0.   0.   0.   0.   0.
  0.   0.  ]
 [0.   0.   0.   0.   0.   0.   0.   0.   0.   0.   0.   0.   0.   0.
  0.   0.   0.   0.   0.   0.   0.   0.   0.   0.   0.   0.   0.   0.
  0.   0.  ]
 [0.   0.   0.   0.   0.   0.   0.   0.   0.   0.   0.   0.   0.   0.
  0.   0.   0.   0.   0.   0.   0.   0.   0.   0.   0.   0.   0.   0.
  0.   0.  ]
 [0.   0.   0.   0.   0.   0.   0.   0.   0.   0.   0.   0.   0.   0.
  0.   0.05 0.05 0.05 0.05 0.05 0.05 0.05 0.05 0.05 0.05 0.05 0.04 0.05
  0.05 0.05]
 [0.   0.   0.   0.   0.   0.   0.   0.   0.   0.   0.   0.   0.   0.
  0.   0.   0.   0.   0.   0.   0.   0.   0.   0.   0.   0.   0.   0.
  0.   0.  ]
 [0.   0.   0.   0.   0.   0.   0.   0.   0.   0.   0.   0.   0.   0.
  0.   0.   0.   0.   0.   0.   0.   0.   0.   0.   0.   0.   0.   0.
  0.   0.  ]
 [0.   0.   0.   0.   0.   0.   0.   0.   0.   0.   0.   0.   0.   0.
  0.   0.   0.   0.   0.   0.   0.   0.   0.   0.   0.   0.   0.   0.
  0.   0.  ]
 [0.   0.   0.   0.   0.   0.   0.   0.   0.   0.   0.   0.   0.   0.
  0.   0.   0.   0.   0.   0.   0.   0.   0.   0.   0.   0.   0.   0.
  0.   0.  ]
 [0.   0.   0.   0.   0.   0.   0.   0.   0.   0.   0.   0.   0.   0.
  0.   0.   0.   0.   0.   0.   0.   0.   0.   0.   0.   0.   0.   0.
  0.   0.  ]
 [0.   0.   0.   0.   0.   0.   0.   0.   0.   0.   0.   0.   0.   0.
  0.   0.   0.   0.   0.   0.   0.   0.   0.   0.   0.   0.   0.   0.
  0.   0.  ]]","2D array of the non-dimensional start point defined along the outer profile of a layer. The TE suction side is 0, the TE pressure side is 1. The first dimension represents each layer, the second dimension represents each entry along blade span."
blade.internal_structure_2d_fem.layer_end_nd_yaml,output,,"[[1.   1.   1.   1.   1.   1.   1.   1.   1.   1.   1.   1.   1.   1.
  1.   1.   1.   1.   1.   1.   1.   1.   1.   1.   1.   1.   1.   1.
  1.   1.  ]
 [1.   1.   1.   1.   1.   1.   1.   1.   1.   1.   1.   1.   1.   1.
  1.   1.   1.   1.   1.   1.   1.   1.   1.   1.   1.   1.   1.   1.
  1.   1.  ]
 [0.   0.   0.   0.   0.   0.   0.   0.   0.   0.   0.   0.   0.   0.
  0.   0.   0.   0.   0.   0.   0.   0.   0.   0.   0.   0.   0.   0.
  0.   0.  ]
 [0.   0.   0.   0.   0.   0.   0.   0.   0.   0.   0.   0.   0.   0.
  0.   0.   0.   0.   0.   0.   0.   0.   0.   0.   0.   0.   0.   0.
  0.   0.  ]
 [0.   0.   0.   0.   0.   0.   0.   0.   0.   0.   0.   0.   0.   0.
  0.   0.   0.   0.   0.   0.   0.   0.   0.   0.   0.   0.   0.   0.
  0.   0.  ]
 [0.   0.   0.   0.   0.   0.   0.   0.   0.   0.   0.   0.   0.   0.
  0.   0.   0.   0.   0.   0.   0.   0.   0.   0.   0.   0.   0.   0.
  0.   0.  ]
 [0.   0.   0.   0.   0.   0.   0.   0.   0.   0.   0.   0.   0.   0.
  0.   0.   0.   0.   0.   0.   0.   0.   0.   0.   0.   0.   0.   0.
  0.   0.  ]
 [0.   0.   0.   0.   0.   0.   0.   0.   0.   0.   0.   0.   0.   0.
  0.   0.   0.   0.   0.   0.   0.   0.   0.   0.   0.   0.   0.   0.
  0.   0.  ]
 [1.   1.   1.   1.   1.   1.   1.   1.   1.   1.   1.   1.   1.   1.
  1.   1.   1.   1.   1.   1.   1.   1.   1.   1.   1.   1.   1.   1.
  1.   1.  ]
 [0.   0.   0.   0.   0.   0.   0.   0.   0.   0.   0.   0.   0.   0.
  0.   0.   0.   0.   0.   0.   0.   0.   0.   0.   0.   0.   0.   0.
  0.   0.  ]
 [0.   0.   0.   0.   0.   0.   0.   0.   0.   0.   0.   0.   0.   0.
  0.   0.   0.   0.   0.   0.   0.   0.   0.   0.   0.   0.   0.   0.
  0.   0.  ]
 [0.   0.   0.   0.   0.   0.   0.   0.   0.   0.   0.   0.   0.   0.
  0.   0.   0.   0.   0.   0.   0.   0.   0.   0.   0.   0.   0.   0.
  0.   0.  ]
 [0.   0.   0.   0.   0.   0.   0.   0.   0.   0.   0.   0.   0.   0.
  0.   0.   0.   0.   0.   0.   0.   0.   0.   0.   0.   0.   0.   0.
  0.   0.  ]
 [1.   1.   1.   1.   1.   1.   1.   1.   1.   1.   1.   1.   1.   1.
  1.   0.95 0.95 0.95 0.95 0.95 0.95 0.95 0.95 0.95 0.95 0.95 0.95 0.95
  0.95 0.95]
 [0.   0.   0.   0.   0.   0.   0.   0.   0.   0.   0.   0.   0.   0.
  0.   0.   0.   0.   0.   0.   0.   0.   0.   0.   0.   0.   0.   0.
  0.   0.  ]
 [0.   0.   0.   0.   0.   0.   0.   0.   0.   0.   0.   0.   0.   0.
  0.   0.   0.   0.   0.   0.   0.   0.   0.   0.   0.   0.   0.   0.
  0.   0.  ]
 [0.   0.   0.   0.   0.   0.   0.   0.   0.   0.   0.   0.   0.   0.
  0.   0.   0.   0.   0.   0.   0.   0.   0.   0.   0.   0.   0.   0.
  0.   0.  ]
 [0.   0.   0.   0.   0.   0.   0.   0.   0.   0.   0.   0.   0.   0.
  0.   0.   0.   0.   0.   0.   0.   0.   0.   0.   0.   0.   0.   0.
  0.   0.  ]
 [0.   0.   0.   0.   0.   0.   0.   0.   0.   0.   0.   0.   0.   0.
  0.   0.   0.   0.   0.   0.   0.   0.   0.   0.   0.   0.   0.   0.
  0.   0.  ]
 [0.   0.   0.   0.   0.   0.   0.   0.   0.   0.   0.   0.   0.   0.
  0.   0.   0.   0.   0.   0.   0.   0.   0.   0.   0.   0.   0.   0.
  0.   0.  ]]","2D array of the non-dimensional end point defined along the outer profile of a layer. The TE suction side is 0, the TE pressure side is 1. The first dimension represents each layer, the second dimension represents each entry along blade span."
blade.internal_structure_2d_fem.layer_side,output,n/a,"['', '', 'suction', 'pressure', 'suction', 'pressure', '', '', '', '', '', '', '', '', '', '', '', '', '', '']",1D array setting whether the layer is on the suction or pressure side. This entry is only used if definition_layer is equal to 1 or 2.
blade.internal_structure_2d_fem.definition_web,output,n/a,[1. 1.],1D array of flags identifying how webs are specified in the yaml. 1) offset+rotation=twist 2) offset+rotation
blade.internal_structure_2d_fem.definition_layer,output,n/a,"[ 9.  9.  2.  2.  2.  2.  5.  7.  8.  6.  6.  6.  6.  9. 10. 10. 10. 10.
 10. 10.]","1D array of flags identifying how layers are specified in the yaml. 1) all around (skin, paint, ) 2) offset+rotation twist+width (spar caps) 3) offset+user defined rotation+width 4) midpoint TE+width (TE reinf) 5) midpoint LE+width (LE reinf) 6) layer position fixed to other layer (core fillers) 7) start and width 8) end and width 9) start and end nd 10) web layer"
blade.internal_structure_2d_fem.index_layer_start,output,n/a,[0. 0. 0. 0. 0. 0. 0. 0. 0. 7. 2. 6. 3. 0. 0. 0. 0. 0. 0. 0.],Index used to fix a layer to another
blade.internal_structure_2d_fem.index_layer_end,output,n/a,[0. 0. 0. 0. 0. 0. 0. 0. 0. 2. 6. 3. 8. 0. 0. 0. 0. 0. 0. 0.],Index used to fix a layer to another
blade.interp_airfoils.af_position,input,,"[0.         0.02       0.18       0.29632121 0.4824137  0.76458948
 0.87235063 1.        ]",1D array of the non dimensional positions of the airfoils af_used defined along blade span.
blade.interp_airfoils.ac,input,,[0.5   0.316 0.316 0.282 0.266 0.265 0.228],1D array of the aerodynamic centers of each airfoil.
blade.interp_airfoils.r_thick_discrete,input,,[1.    0.5   0.36  0.301 0.241 0.211 0.18 ],1D array of the relative thicknesses of each airfoil.
blade.interp_airfoils.aoa,input,rad,"[-3.14159265 -3.08923278 -3.0368729  -2.98451302 -2.93215314 -2.87979327
 -2.82743339 -2.77507351 -2.72271363 -2.67035376 -2.61799388 -2.565634
 -2.51327412 -2.46091425 -2.40855437 -2.35619449 -2.30383461 -2.25147474
 -2.19911486 -2.14675498 -2.0943951  -2.04203522 -1.98967535 -1.93731547
 -1.88495559 -1.83259571 -1.78023584 -1.72787596 -1.67551608 -1.6231562
 -1.57079633 -1.51843645 -1.46607657 -1.41371669 -1.36135682 -1.30899694
 -1.25663706 -1.20427718 -1.15191731 -1.09955743 -1.04719755 -0.99483767
 -0.9424778  -0.89011792 -0.83775804 -0.78539816 -0.73303829 -0.68067841
 -0.62831853 -0.57595865 -0.52359878 -0.51302102 -0.50244327 -0.49186552
 -0.48128776 -0.47071001 -0.46013226 -0.4495545  -0.43897675 -0.428399
 -0.41782125 -0.40724349 -0.39666574 -0.38608799 -0.37551023 -0.36493248
 -0.35435473 -0.34377697 -0.33319922 -0.32262147 -0.31204371 -0.30146596
 -0.29088821 -0.28031046 -0.2697327  -0.25915495 -0.2485772  -0.23799944
 -0.22742169 -0.21684394 -0.20626618 -0.19568843 -0.18511068 -0.17453293
 -0.16395517 -0.15337742 -0.14279967 -0.13222191 -0.12164416 -0.11106641
 -0.10048865 -0.0899109  -0.07933315 -0.06875539 -0.05817764 -0.04759989
 -0.03702214 -0.02644438 -0.01586663 -0.00528888  0.00528888  0.01586663
  0.02644438  0.03702214  0.04759989  0.05817764  0.06875539  0.07933315
  0.0899109   0.10048865  0.11106641  0.12164416  0.13222191  0.14279967
  0.15337742  0.16395517  0.17453293  0.18511068  0.19568843  0.20626618
  0.21684394  0.22742169  0.23799944  0.2485772   0.25915495  0.2697327
  0.28031046  0.29088821  0.30146596  0.31204371  0.32262147  0.33319922
  0.34377697  0.35435473  0.36493248  0.37551023  0.38608799  0.39666574
  0.40724349  0.41782125  0.428399    0.43897675  0.4495545   0.46013226
  0.47071001  0.48128776  0.49186552  0.50244327  0.51302102  0.52359878
  0.57595865  0.62831853  0.68067841  0.73303829  0.78539816  0.83775804
  0.89011792  0.9424778   0.99483767  1.04719755  1.09955743  1.15191731
  1.20427718  1.25663706  1.30899694  1.36135682  1.41371669  1.46607657
  1.51843645  1.57079633  1.6231562   1.67551608  1.72787596  1.78023584
  1.83259571  1.88495559  1.93731547  1.98967535  2.04203522  2.0943951
  2.14675498  2.19911486  2.25147474  2.30383461  2.35619449  2.40855437
  2.46091425  2.51327412  2.565634    2.61799388  2.67035376  2.72271363
  2.77507351  2.82743339  2.87979327  2.93215314  2.98451302  3.0368729
  3.08923278  3.14159265]",1D array of the angles of attack used to define the polars of the airfoils. All airfoils defined in openmdao share this grid.
blade.interp_airfoils.cl,input,,"[[[[ 0.00000000e+00]
   [ 0.00000000e+00]
   [ 0.00000000e+00]
   [ 0.00000000e+00]
   [ 0.00000000e+00]]

  [[ 0.00000000e+00]
   [ 0.00000000e+00]
   [ 0.00000000e+00]
   [ 0.00000000e+00]
   [ 0.00000000e+00]]

  [[ 0.00000000e+00]
   [ 0.00000000e+00]
   [ 0.00000000e+00]
   [ 0.00000000e+00]
   [ 0.00000000e+00]]

  ...

  [[ 0.00000000e+00]
   [ 0.00000000e+00]
   [ 0.00000000e+00]
   [ 0.00000000e+00]
   [ 0.00000000e+00]]

  [[ 0.00000000e+00]
   [ 0.00000000e+00]
   [ 0.00000000e+00]
   [ 0.00000000e+00]
   [ 0.00000000e+00]]

  [[ 0.00000000e+00]
   [ 0.00000000e+00]
   [ 0.00000000e+00]
   [ 0.00000000e+00]
   [ 0.00000000e+00]]]


 [[[ 0.00000000e+00]
   [ 0.00000000e+00]
   [ 0.00000000e+00]
   [ 0.00000000e+00]
   [ 0.00000000e+00]]

  [[ 1.22100448e-01]
   [ 1.22100448e-01]
   [ 1.22100448e-01]
   [ 1.22100448e-01]
   [ 1.22100448e-01]]

  [[ 2.44200897e-01]
   [ 2.44200897e-01]
   [ 2.44200897e-01]
   [ 2.44200897e-01]
   [ 2.44200897e-01]]

  ...

  [[-2.44200897e-01]
   [-2.44200897e-01]
   [-2.44200897e-01]
   [-2.44200897e-01]
   [-2.44200897e-01]]

  [[-1.22100448e-01]
   [-1.22100448e-01]
   [-1.22100448e-01]
   [-1.22100448e-01]
   [-1.22100448e-01]]

  [[-1.34424078e-17]
   [-1.34424078e-17]
   [-1.34424078e-17]
   [-1.34424078e-17]
   [-1.34424078e-17]]]


 [[[ 0.00000000e+00]
   [ 0.00000000e+00]
   [ 0.00000000e+00]
   [ 0.00000000e+00]
   [ 0.00000000e+00]]

  [[ 1.57528665e-01]
   [ 1.63580197e-01]
   [ 1.64098095e-01]
   [ 1.63901955e-01]
   [ 1.64630025e-01]]

  [[ 3.15057330e-01]
   [ 3.27160395e-01]
   [ 3.28196190e-01]
   [ 3.27803910e-01]
   [ 3.29260050e-01]]

  ...

  [[-3.15057330e-01]
   [-3.27160395e-01]
   [-3.28196190e-01]
   [-3.27803910e-01]
   [-3.29260050e-01]]

  [[-1.57528665e-01]
   [-1.63580197e-01]
   [-1.64098095e-01]
   [-1.63901955e-01]
   [-1.64630025e-01]]

  [[ 0.00000000e+00]
   [ 2.64361049e-18]
   [ 2.80518940e-18]
   [ 0.00000000e+00]
   [ 1.10725984e-17]]]


 ...


 [[[ 0.00000000e+00]
   [ 0.00000000e+00]
   [ 0.00000000e+00]
   [ 0.00000000e+00]
   [ 0.00000000e+00]]

  [[ 1.81712160e-01]
   [ 1.89787656e-01]
   [ 1.91505405e-01]
   [ 1.95913725e-01]
   [ 2.00357430e-01]]

  [[ 3.63424320e-01]
   [ 3.79575312e-01]
   [ 3.83010810e-01]
   [ 3.91827450e-01]
   [ 4.00714860e-01]]

  ...

  [[-3.63424320e-01]
   [-3.79575312e-01]
   [-3.83010810e-01]
   [-3.91827450e-01]
   [-4.00714860e-01]]

  [[-1.81712160e-01]
   [-1.89787656e-01]
   [-1.91505405e-01]
   [-1.95913725e-01]
   [-2.00357430e-01]]

  [[-1.10725984e-17]
   [-8.80138702e-19]
   [ 0.00000000e+00]
   [ 0.00000000e+00]
   [ 0.00000000e+00]]]


 [[[ 0.00000000e+00]
   [ 0.00000000e+00]
   [ 0.00000000e+00]
   [ 0.00000000e+00]
   [ 0.00000000e+00]]

  [[ 1.74256425e-01]
   [ 1.77577080e-01]
   [ 1.78876950e-01]
   [ 1.85995005e-01]
   [ 1.89664125e-01]]

  [[ 3.48512850e-01]
   [ 3.55154161e-01]
   [ 3.57753900e-01]
   [ 3.71990010e-01]
   [ 3.79328250e-01]]

  ...

  [[-3.48512850e-01]
   [-3.55154161e-01]
   [-3.57753900e-01]
   [-3.71990010e-01]
   [-3.79328250e-01]]

  [[-1.74256425e-01]
   [-1.77577080e-01]
   [-1.78876950e-01]
   [-1.85995005e-01]
   [-1.89664125e-01]]

  [[ 0.00000000e+00]
   [ 0.00000000e+00]
   [ 0.00000000e+00]
   [ 1.10725984e-17]
   [ 0.00000000e+00]]]


 [[[ 0.00000000e+00]
   [ 0.00000000e+00]
   [ 0.00000000e+00]
   [ 0.00000000e+00]
   [ 0.00000000e+00]]

  [[ 2.02449660e-01]
   [ 2.09583515e-01]
   [ 2.11419915e-01]
   [ 2.17381080e-01]
   [ 2.21043270e-01]]

  [[ 4.04899320e-01]
   [ 4.19167029e-01]
   [ 4.22839830e-01]
   [ 4.34762160e-01]
   [ 4.42086540e-01]]

  ...

  [[-4.04899320e-01]
   [-4.19167029e-01]
   [-4.22839830e-01]
   [-4.34762160e-01]
   [-4.42086540e-01]]

  [[-2.02449660e-01]
   [-2.09583515e-01]
   [-2.11419915e-01]
   [-2.17381080e-01]
   [-2.21043270e-01]]

  [[-2.80518940e-18]
   [-1.05413865e-18]
   [ 0.00000000e+00]
   [ 1.38777878e-17]
   [-1.38777878e-17]]]]","4D array with the lift coefficients of the airfoils. Dimension 0 is along the different airfoils defined in the yaml, dimension 1 is along the angles of attack, dimension 2 is along the Reynolds number, dimension 3 is along the number of tabs, which may describe multiple sets at the same station, for example in presence of a flap."
blade.interp_airfoils.cd,input,,"[[[[0.5  ]
   [0.5  ]
   [0.5  ]
   [0.5  ]
   [0.5  ]]

  [[0.5  ]
   [0.5  ]
   [0.5  ]
   [0.5  ]
   [0.5  ]]

  [[0.5  ]
   [0.5  ]
   [0.5  ]
   [0.5  ]
   [0.5  ]]

  ...

  [[0.5  ]
   [0.5  ]
   [0.5  ]
   [0.5  ]
   [0.5  ]]

  [[0.5  ]
   [0.5  ]
   [0.5  ]
   [0.5  ]
   [0.5  ]]

  [[0.5  ]
   [0.5  ]
   [0.5  ]
   [0.5  ]
   [0.5  ]]]


 [[[0.001]
   [0.001]
   [0.001]
   [0.001]
   [0.001]]

  [[0.001]
   [0.001]
   [0.001]
   [0.001]
   [0.001]]

  [[0.001]
   [0.001]
   [0.001]
   [0.001]
   [0.001]]

  ...

  [[0.001]
   [0.001]
   [0.001]
   [0.001]
   [0.001]]

  [[0.001]
   [0.001]
   [0.001]
   [0.001]
   [0.001]]

  [[0.001]
   [0.001]
   [0.001]
   [0.001]
   [0.001]]]


 [[[0.001]
   [0.001]
   [0.001]
   [0.001]
   [0.001]]

  [[0.001]
   [0.001]
   [0.001]
   [0.001]
   [0.001]]

  [[0.001]
   [0.001]
   [0.001]
   [0.001]
   [0.001]]

  ...

  [[0.001]
   [0.001]
   [0.001]
   [0.001]
   [0.001]]

  [[0.001]
   [0.001]
   [0.001]
   [0.001]
   [0.001]]

  [[0.001]
   [0.001]
   [0.001]
   [0.001]
   [0.001]]]


 ...


 [[[0.001]
   [0.001]
   [0.001]
   [0.001]
   [0.001]]

  [[0.001]
   [0.001]
   [0.001]
   [0.001]
   [0.001]]

  [[0.001]
   [0.001]
   [0.001]
   [0.001]
   [0.001]]

  ...

  [[0.001]
   [0.001]
   [0.001]
   [0.001]
   [0.001]]

  [[0.001]
   [0.001]
   [0.001]
   [0.001]
   [0.001]]

  [[0.001]
   [0.001]
   [0.001]
   [0.001]
   [0.001]]]


 [[[0.001]
   [0.001]
   [0.001]
   [0.001]
   [0.001]]

  [[0.001]
   [0.001]
   [0.001]
   [0.001]
   [0.001]]

  [[0.001]
   [0.001]
   [0.001]
   [0.001]
   [0.001]]

  ...

  [[0.001]
   [0.001]
   [0.001]
   [0.001]
   [0.001]]

  [[0.001]
   [0.001]
   [0.001]
   [0.001]
   [0.001]]

  [[0.001]
   [0.001]
   [0.001]
   [0.001]
   [0.001]]]


 [[[0.001]
   [0.001]
   [0.001]
   [0.001]
   [0.001]]

  [[0.001]
   [0.001]
   [0.001]
   [0.001]
   [0.001]]

  [[0.001]
   [0.001]
   [0.001]
   [0.001]
   [0.001]]

  ...

  [[0.001]
   [0.001]
   [0.001]
   [0.001]
   [0.001]]

  [[0.001]
   [0.001]
   [0.001]
   [0.001]
   [0.001]]

  [[0.001]
   [0.001]
   [0.001]
   [0.001]
   [0.001]]]]","4D array with the drag coefficients of the airfoils. Dimension 0 is along the different airfoils defined in the yaml, dimension 1 is along the angles of attack, dimension 2 is along the Reynolds number, dimension 3 is along the number of tabs, which may describe multiple sets at the same station, for example in presence of a flap."
blade.interp_airfoils.cm,input,,"[[[[ 0.00000000e+00]
   [ 0.00000000e+00]
   [ 0.00000000e+00]
   [ 0.00000000e+00]
   [ 0.00000000e+00]]

  [[ 0.00000000e+00]
   [ 0.00000000e+00]
   [ 0.00000000e+00]
   [ 0.00000000e+00]
   [ 0.00000000e+00]]

  [[ 0.00000000e+00]
   [ 0.00000000e+00]
   [ 0.00000000e+00]
   [ 0.00000000e+00]
   [ 0.00000000e+00]]

  ...

  [[ 0.00000000e+00]
   [ 0.00000000e+00]
   [ 0.00000000e+00]
   [ 0.00000000e+00]
   [ 0.00000000e+00]]

  [[ 0.00000000e+00]
   [ 0.00000000e+00]
   [ 0.00000000e+00]
   [ 0.00000000e+00]
   [ 0.00000000e+00]]

  [[ 0.00000000e+00]
   [ 0.00000000e+00]
   [ 0.00000000e+00]
   [ 0.00000000e+00]
   [ 0.00000000e+00]]]


 [[[ 0.00000000e+00]
   [ 0.00000000e+00]
   [ 0.00000000e+00]
   [ 0.00000000e+00]
   [ 0.00000000e+00]]

  [[ 1.43186712e-01]
   [ 1.43186712e-01]
   [ 1.43186712e-01]
   [ 1.43186712e-01]
   [ 1.43186712e-01]]

  [[ 2.67081814e-01]
   [ 2.67081814e-01]
   [ 2.67081814e-01]
   [ 2.67081814e-01]
   [ 2.67081814e-01]]

  ...

  [[-3.58076394e-01]
   [-3.58076394e-01]
   [-3.58076394e-01]
   [-3.58076394e-01]
   [-3.58076394e-01]]

  [[-1.95896639e-01]
   [-1.95896639e-01]
   [-1.95896639e-01]
   [-1.95896639e-01]
   [-1.95896639e-01]]

  [[ 0.00000000e+00]
   [ 0.00000000e+00]
   [ 0.00000000e+00]
   [ 0.00000000e+00]
   [ 0.00000000e+00]]]


 [[[ 0.00000000e+00]
   [ 0.00000000e+00]
   [ 0.00000000e+00]
   [ 0.00000000e+00]
   [ 0.00000000e+00]]

  [[ 1.20000000e-01]
   [ 1.20000000e-01]
   [ 1.20000000e-01]
   [ 1.20000000e-01]
   [ 1.20000000e-01]]

  [[ 2.40000000e-01]
   [ 2.40000000e-01]
   [ 2.40000000e-01]
   [ 2.40000000e-01]
   [ 2.40000000e-01]]

  ...

  [[-3.00000000e-01]
   [-3.00000000e-01]
   [-3.00000000e-01]
   [-3.00000000e-01]
   [-3.00000000e-01]]

  [[-1.50000000e-01]
   [-1.50000000e-01]
   [-1.50000000e-01]
   [-1.50000000e-01]
   [-1.50000000e-01]]

  [[-1.92606959e-18]
   [-1.92606959e-18]
   [-1.92606959e-18]
   [-1.92606959e-18]
   [-1.92606959e-18]]]


 ...


 [[[ 0.00000000e+00]
   [ 0.00000000e+00]
   [ 0.00000000e+00]
   [ 0.00000000e+00]
   [ 0.00000000e+00]]

  [[ 1.20000000e-01]
   [ 1.20000000e-01]
   [ 1.20000000e-01]
   [ 1.20000000e-01]
   [ 1.20000000e-01]]

  [[ 2.40000000e-01]
   [ 2.40000000e-01]
   [ 2.40000000e-01]
   [ 2.40000000e-01]
   [ 2.40000000e-01]]

  ...

  [[-3.00000000e-01]
   [-3.00000000e-01]
   [-3.00000000e-01]
   [-3.00000000e-01]
   [-3.00000000e-01]]

  [[-1.50000000e-01]
   [-1.50000000e-01]
   [-1.50000000e-01]
   [-1.50000000e-01]
   [-1.50000000e-01]]

  [[-1.92606959e-18]
   [-1.92606959e-18]
   [-1.92606959e-18]
   [-1.92606959e-18]
   [-1.92606959e-18]]]


 [[[ 0.00000000e+00]
   [ 0.00000000e+00]
   [ 0.00000000e+00]
   [ 0.00000000e+00]
   [ 0.00000000e+00]]

  [[ 1.20000000e-01]
   [ 1.20000000e-01]
   [ 1.20000000e-01]
   [ 1.20000000e-01]
   [ 1.20000000e-01]]

  [[ 2.40000000e-01]
   [ 2.40000000e-01]
   [ 2.40000000e-01]
   [ 2.40000000e-01]
   [ 2.40000000e-01]]

  ...

  [[-3.00000000e-01]
   [-3.00000000e-01]
   [-3.00000000e-01]
   [-3.00000000e-01]
   [-3.00000000e-01]]

  [[-1.50000000e-01]
   [-1.50000000e-01]
   [-1.50000000e-01]
   [-1.50000000e-01]
   [-1.50000000e-01]]

  [[-1.92606959e-18]
   [-1.92606959e-18]
   [-1.92606959e-18]
   [-1.92606959e-18]
   [-1.92606959e-18]]]


 [[[ 0.00000000e+00]
   [ 0.00000000e+00]
   [ 0.00000000e+00]
   [ 0.00000000e+00]
   [ 0.00000000e+00]]

  [[ 1.20000000e-01]
   [ 1.20000000e-01]
   [ 1.20000000e-01]
   [ 1.20000000e-01]
   [ 1.20000000e-01]]

  [[ 2.40000000e-01]
   [ 2.40000000e-01]
   [ 2.40000000e-01]
   [ 2.40000000e-01]
   [ 2.40000000e-01]]

  ...

  [[-3.00000000e-01]
   [-3.00000000e-01]
   [-3.00000000e-01]
   [-3.00000000e-01]
   [-3.00000000e-01]]

  [[-1.50000000e-01]
   [-1.50000000e-01]
   [-1.50000000e-01]
   [-1.50000000e-01]
   [-1.50000000e-01]]

  [[-1.92606959e-18]
   [-1.92606959e-18]
   [-1.92606959e-18]
   [-1.92606959e-18]
   [-1.92606959e-18]]]]","4D array with the moment coefficients of the airfoils. Dimension 0 is along the different airfoils defined in the yaml, dimension 1 is along the angles of attack, dimension 2 is along the Reynolds number, dimension 3 is along the number of tabs, which may describe multiple sets at the same station, for example in presence of a flap."
blade.interp_airfoils.coord_xy,input,,"[[[ 1.00000000e+00  0.00000000e+00]
  [ 9.99429684e-01 -2.22597407e-02]
  [ 9.98063018e-01 -4.44580349e-02]
  ...
  [ 9.98120489e-01  4.38394581e-02]
  [ 9.99443038e-01  2.19496514e-02]
  [ 1.00000000e+00 -3.99929253e-18]]

 [[ 1.00000000e+00 -9.70000080e-03]
  [ 9.72814821e-01 -1.34271661e-02]
  [ 9.46027311e-01 -1.93111175e-02]
  ...
  [ 9.53709610e-01  3.92185257e-02]
  [ 9.77051006e-01  2.52011977e-02]
  [ 1.00000000e+00  1.05000009e-02]]

 [[ 1.00000000e+00 -7.00000069e-04]
  [ 9.74085396e-01 -2.58383565e-03]
  [ 9.48123482e-01 -3.51119300e-03]
  ...
  [ 9.50802168e-01  2.72787770e-02]
  [ 9.75412980e-01  2.01917140e-02]
  [ 1.00000000e+00  1.29800013e-02]]

 ...

 [[ 1.00000000e+00  4.25000005e-03]
  [ 9.82343459e-01 -7.44795812e-04]
  [ 9.57832160e-01  2.09748789e-03]
  ...
  [ 9.52346202e-01  1.38691659e-02]
  [ 9.76159823e-01  9.05592971e-03]
  [ 1.00000000e+00  4.25000005e-03]]

 [[ 1.00000000e+00  9.40000193e-04]
  [ 9.76796386e-01  1.78959118e-03]
  [ 9.52789587e-01  3.69235436e-03]
  ...
  [ 9.52386679e-01  9.04801677e-03]
  [ 9.76167957e-01  4.91788955e-03]
  [ 1.00000000e+00  9.40000193e-04]]

 [[ 1.00000001e+00  0.00000000e+00]
  [ 9.76685172e-01  3.75162959e-03]
  [ 9.53182649e-01  5.77797312e-03]
  ...
  [ 9.52998468e-01  1.22858505e-02]
  [ 9.76506126e-01  6.21827841e-03]
  [ 1.00000001e+00  2.13114815e-20]]]",3D array of the x and y airfoil coordinates of the n_af airfoils.
blade.interp_airfoils.name,input,n/a,"['circular', 'SNL-FFA-W3-500', 'FFA-W3-360', 'FFA-W3-301', 'FFA-W3-241', 'FFA-W3-211', 'NACA63-618']",1D array of names of airfoils.
blade.outer_shape_bem.s_default,output,,"[0.         0.03448276 0.06896552 0.10344828 0.13793103 0.17241379
 0.20689655 0.24137931 0.27586207 0.31034483 0.34482759 0.37931034
 0.4137931  0.44827586 0.48275862 0.51724138 0.55172414 0.5862069
 0.62068966 0.65517241 0.7        0.72413793 0.75862069 0.79310345
 0.82758621 0.86206897 0.89655172 0.93103448 0.96551724 1.        ]","1D array of the non-dimensional spanwise grid defined along blade axis (0-blade root, 1-blade tip)"
blade.outer_shape_bem.chord_yaml,output,m,"[4.5        4.51653455 4.59255455 4.72026865 4.75       4.75
 4.75       4.75       4.75       4.75       4.75       4.7
 4.64       4.48       4.30815493 4.07109567 3.83078655 3.59377787
 3.3535724  3.10972681 2.79010443 2.61780457 2.37255549 2.12536608
 1.87360817 1.6133977  1.34551447 1.07050448 0.78813172 0.5       ]",1D array of the chord values defined along blade span.
blade.outer_shape_bem.twist_yaml,output,rad,"[ 0.3491      0.32625117  0.30085553  0.27319561  0.24355395  0.2057759
  0.15761451  0.11369865  0.08888556  0.08740227  0.08747036  0.08755246
  0.08760935  0.08649735  0.08026523  0.07090719  0.06112253  0.05334186
  0.04683973  0.04037517  0.03044013  0.02356245  0.0096627  -0.00714598
 -0.02406408 -0.03833817 -0.05056212 -0.06194147 -0.07234987 -0.08166095]",1D array of the twist values defined along blade span. The twist is defined positive for negative rotations around the z axis (the same as in BeamDyn).
blade.outer_shape_bem.r_thick_yaml,output,,"[0. 0. 0. 0. 0. 0. 0. 0. 0. 0. 0. 0. 0. 0. 0. 0. 0. 0. 0. 0. 0. 0. 0. 0.
 0. 0. 0. 0. 0. 0.]",1D array of the relative thickness values defined along blade span.
blade.outer_shape_bem.pitch_axis_yaml,output,,"[0.5        0.49816955 0.48992341 0.47666778 0.47368421 0.47368421
 0.47368421 0.47368421 0.47368421 0.47368421 0.47368421 0.46808511
 0.4612069  0.44196429 0.43251806 0.42095775 0.41010371 0.40195138
 0.39522149 0.39116278 0.39008436 0.39134099 0.39523274 0.40007425
 0.40504215 0.41113787 0.41946139 0.43201533 0.45321411 0.5       ]","1D array of the chordwise position of the pitch axis (0-LE, 1-TE), defined along blade span."
blade.outer_shape_bem.ref_axis_yaml,output,m,"[[ 0.00000000e+00  0.00000000e+00  0.00000000e+00]
 [ 1.45896086e-02  0.00000000e+00  3.44814717e+00]
 [ 5.22230768e-02  0.00000000e+00  6.89629433e+00]
 [ 1.08141891e-01  0.00000000e+00  1.03444415e+01]
 [ 1.74250500e-01  0.00000000e+00  1.37925887e+01]
 [ 2.41136773e-01  0.00000000e+00  1.72407358e+01]
 [ 3.00085581e-01  0.00000000e+00  2.06888830e+01]
 [ 3.42651213e-01  0.00000000e+00  2.41370302e+01]
 [ 3.59821072e-01  0.00000000e+00  2.75851773e+01]
 [ 3.47586472e-01  0.00000000e+00  3.10333245e+01]
 [ 3.14508104e-01  0.00000000e+00  3.44814717e+01]
 [ 2.66858145e-01  0.00000000e+00  3.79296188e+01]
 [ 2.10870490e-01  0.00000000e+00  4.13777660e+01]
 [ 1.40477297e-01  0.00000000e+00  4.48259132e+01]
 [ 3.80470534e-02  0.00000000e+00  4.82740603e+01]
 [-9.07529186e-02  0.00000000e+00  5.17222075e+01]
 [-2.35123811e-01  0.00000000e+00  5.51703547e+01]
 [-3.94137332e-01  0.00000000e+00  5.86185018e+01]
 [-5.85777112e-01  0.00000000e+00  6.20666490e+01]
 [-8.05291806e-01  0.00000000e+00  6.55147962e+01]
 [-1.11555530e+00  0.00000000e+00  6.99973875e+01]
 [-1.29121723e+00  0.00000000e+00  7.24110905e+01]
 [-1.56372970e+00  0.00000000e+00  7.58592376e+01]
 [-1.85903588e+00  0.00000000e+00  7.93073848e+01]
 [-2.17067421e+00  0.00000000e+00  8.27555320e+01]
 [-2.49837779e+00  0.00000000e+00  8.62036791e+01]
 [-2.84335536e+00  0.00000000e+00  8.96518263e+01]
 [-3.20952152e+00  0.00000000e+00  9.30999735e+01]
 [-3.59684443e+00  0.00000000e+00  9.65481206e+01]
 [-4.00000000e+00  0.00000000e+00  9.99962678e+01]]","2D array of the coordinates (x,y,z) of the blade reference axis, defined along blade span. The coordinate system is the one of BeamDyn: it is placed at blade root with x pointing the suction side of the blade, y pointing the trailing edge and z along the blade span. A standard configuration will have negative x values (prebend), if swept positive y values, and positive z values."
blade.outer_shape_bem.span_end,input,,[],1D array of the positions along blade span where something (a DAC device?) starts and we want a grid point. Only values between 0 and 1 are meaningful.
blade.outer_shape_bem.span_ext,input,,[],1D array of the extensions along blade span where something (a DAC device?) lives and we want a grid point. Only values between 0 and 1 are meaningful.
blade.pa.s_opt_twist,input,,"[0.         0.03448276 0.06896552 0.10344828 0.13793103 0.17241379
 0.20689655 0.24137931 0.27586207 0.31034483 0.34482759 0.37931034
 0.4137931  0.44827586 0.48275862 0.51724138 0.55172414 0.5862069
 0.62068966 0.65517241 0.68965517 0.72413793 0.75862069 0.79310345
 0.82758621 0.86206897 0.89655172 0.93103448 0.96551724 1.        ]",1D array of the non-dimensional spanwise grid defined along blade axis to optimize the blade twist angle
blade.pa.twist_opt,input,rad,"[ 0.3491      0.32625117  0.30085553  0.27319561  0.24355395  0.2057759
  0.15761451  0.11369865  0.08888556  0.08740227  0.08747036  0.08755246
  0.08760935  0.08649735  0.08026523  0.07090719  0.06112253  0.05334186
  0.04683973  0.04037517  0.03298558  0.02356245  0.0096627  -0.00714598
 -0.02406408 -0.03833817 -0.05056212 -0.06194147 -0.07234987 -0.08166095]",1D array of the twist angle being optimized at the n_opt locations.
blade.pa.s_opt_chord,input,,"[0.         0.03448276 0.06896552 0.10344828 0.13793103 0.17241379
 0.20689655 0.24137931 0.27586207 0.31034483 0.34482759 0.37931034
 0.4137931  0.44827586 0.48275862 0.51724138 0.55172414 0.5862069
 0.62068966 0.65517241 0.68965517 0.72413793 0.75862069 0.79310345
 0.82758621 0.86206897 0.89655172 0.93103448 0.96551724 1.        ]",1D array of the non-dimensional spanwise grid defined along blade axis to optimize the blade chord
blade.pa.chord_opt,input,m,"[4.5        4.51653455 4.59255455 4.72026865 4.75       4.75
 4.75       4.75       4.75       4.75       4.75       4.7
 4.64       4.48       4.30815493 4.07109567 3.83078655 3.59377787
 3.3535724  3.10972681 2.86394905 2.61780457 2.37255549 2.12536608
 1.87360817 1.6133977  1.34551447 1.07050448 0.78813172 0.5       ]",1D array of the chord being optimized at the n_opt locations.
blade.ps.layer_thickness_original,input,m,"[[ 1.00000000e-03  1.00000000e-03  1.00000000e-03  1.00000000e-03
   1.00000000e-03  1.00000000e-03  1.00000000e-03  1.00000000e-03
   1.00000000e-03  1.00000000e-03  1.00000000e-03  1.00000000e-03
   1.00000000e-03  1.00000000e-03  1.00000000e-03  1.00000000e-03
   1.00000000e-03  1.00000000e-03  1.00000000e-03  1.00000000e-03
   1.00000000e-03  1.00000000e-03  1.00000000e-03  1.00000000e-03
   1.00000000e-03  1.00000000e-03  1.00000000e-03  1.00000000e-03
   1.00000000e-03  1.00000000e-03]
 [ 4.10000000e-02  3.30000000e-02  2.60000000e-02  2.00000000e-02
   1.50000000e-02  1.10000000e-02  8.28454072e-03  6.51243402e-03
   5.36207752e-03  4.70247504e-03  4.40263040e-03  4.33154742e-03
   4.35822991e-03  4.35168169e-03  4.30702965e-03  4.21940069e-03
   4.08392168e-03  3.89571952e-03  3.64992111e-03  3.34165333e-03
   2.86491152e-03  2.57935592e-03  2.14614940e-03  1.69211977e-03
   1.22767857e-03  1.00000000e-03  1.00000000e-03  1.00000000e-03
   1.00000000e-03  1.00000000e-03]
 [ 0.00000000e+00  1.03638639e-02  1.80212345e-02  2.53616596e-02
   3.20681938e-02  3.78238917e-02  4.23118077e-02  4.52149966e-02
   4.62165127e-02  4.56952678e-02  4.40301733e-02  4.16001409e-02
   3.87840821e-02  3.59609085e-02  3.35095318e-02  3.13580743e-02
   2.94346583e-02  2.76674064e-02  2.59844408e-02  2.43138839e-02
   2.20549123e-02  2.08042751e-02  1.89850461e-02  1.71360827e-02
   1.52672963e-02  1.33885984e-02  1.15099005e-02  9.63120264e-03
   7.75250477e-03  5.87380689e-03]
 [ 0.00000000e+00  1.24780597e-02  1.76115740e-02  2.27450883e-02
   2.76641755e-02  3.21544085e-02  3.60013601e-02  3.89906033e-02
   4.09077110e-02  4.15382560e-02  4.11017265e-02  3.98176106e-02
   3.79053964e-02  3.55845720e-02  3.30746256e-02  3.05950453e-02
   2.81565527e-02  2.57698696e-02  2.34457177e-02  2.11948185e-02
   1.83968865e-02  1.69556653e-02  1.49623503e-02  1.30321660e-02
   1.11493299e-02  9.29805909e-03  7.46257101e-03  5.62708293e-03
   3.79159485e-03  1.95610677e-03]
 [ 0.00000000e+00  0.00000000e+00  0.00000000e+00  0.00000000e+00
   0.00000000e+00  0.00000000e+00  0.00000000e+00  0.00000000e+00
   0.00000000e+00  0.00000000e+00  0.00000000e+00  0.00000000e+00
   0.00000000e+00  0.00000000e+00  0.00000000e+00  0.00000000e+00
   0.00000000e+00  0.00000000e+00  0.00000000e+00  1.00000000e-03
   5.00000000e-02  1.00000000e-03 -8.13151629e-20  0.00000000e+00
   0.00000000e+00  0.00000000e+00  0.00000000e+00  0.00000000e+00
   0.00000000e+00  0.00000000e+00]
 [ 0.00000000e+00  0.00000000e+00  0.00000000e+00  0.00000000e+00
   0.00000000e+00  0.00000000e+00  0.00000000e+00  0.00000000e+00
   0.00000000e+00  0.00000000e+00  0.00000000e+00  0.00000000e+00
   0.00000000e+00  0.00000000e+00  0.00000000e+00  0.00000000e+00
   0.00000000e+00  0.00000000e+00  0.00000000e+00  1.00000000e-03
   5.00000000e-02  1.00000000e-03 -8.13151629e-20  0.00000000e+00
   0.00000000e+00  0.00000000e+00  0.00000000e+00  0.00000000e+00
   0.00000000e+00  0.00000000e+00]
 [ 0.00000000e+00  0.00000000e+00  6.65003373e-03  8.14812366e-03
   9.64621359e-03  1.11443035e-02  1.26025620e-02  1.39811575e-02
   1.52402586e-02  1.63400338e-02  1.72406517e-02  1.79022807e-02
   1.83276090e-02  1.85193246e-02  1.84801155e-02  1.82126698e-02
   1.77196757e-02  1.70038210e-02  1.61057826e-02  1.50662370e-02
   1.35708454e-02  1.27253309e-02  1.15053236e-02  1.03065158e-02
   9.12537420e-03  7.95836553e-03  6.80195656e-03  5.65261407e-03
   4.50680481e-03  3.36099555e-03]
 [ 0.00000000e+00  0.00000000e+00  2.33432275e-02  2.51480648e-02
   2.69529021e-02  2.87577394e-02  3.05625767e-02  3.23674140e-02
   3.39953792e-02  3.52696003e-02  3.60132052e-02  3.60493218e-02
   3.52010780e-02  3.32916017e-02  3.05938669e-02  2.73808473e-02
   2.39255169e-02  2.05008494e-02  1.73798187e-02  1.48353987e-02
   1.22323494e-02  1.10919834e-02  9.70078471e-03  8.50178952e-03
   7.39889612e-03  6.29600271e-03  5.19310930e-03  4.09021589e-03
   2.98732248e-03 -2.16840434e-19]
 [ 0.00000000e+00  0.00000000e+00  2.33432275e-02  2.51480648e-02
   2.69529021e-02  2.87577394e-02  3.05625767e-02  3.23674140e-02
   3.39953792e-02  3.52696003e-02  3.60132052e-02  3.60493218e-02
   3.52010780e-02  3.32916017e-02  3.05938669e-02  2.73808473e-02
   2.39255169e-02  2.05008494e-02  1.73798187e-02  1.48353987e-02
   1.22323494e-02  1.10919834e-02  9.70078471e-03  8.50178952e-03
   7.39889612e-03  6.29600271e-03  5.19310930e-03  4.09021589e-03
   2.98732248e-03 -2.16840434e-19]
 [ 0.00000000e+00  0.00000000e+00  1.86402175e-02  2.29043857e-02
   2.71685539e-02  3.12820798e-02  3.50943212e-02  3.84546359e-02
   4.12123815e-02  4.32169158e-02  4.43175966e-02  4.46317757e-02
   4.42768050e-02  4.33700364e-02  4.20288217e-02  4.03705128e-02
   3.85124616e-02  3.64638788e-02  3.42339751e-02  3.18319613e-02
   2.84675254e-02  2.65484460e-02  2.36853660e-02  2.07018877e-02
   1.76220907e-02  1.44700547e-02  1.12698594e-02  8.04558436e-03
   4.82130936e-03  1.59703436e-03]
 [ 0.00000000e+00  0.00000000e+00  1.06783227e-02  1.30277497e-02
   1.53771767e-02  1.77266036e-02  2.00760306e-02  2.23436643e-02
   2.44477114e-02  2.63063787e-02  2.78378729e-02  2.89604006e-02
   2.95921686e-02  2.97916789e-02  2.96174332e-02  2.91279335e-02
   2.83816816e-02  2.74371794e-02  2.63529289e-02  2.51106409e-02
   2.32295708e-02  2.20787956e-02  2.02526601e-02  1.81953304e-02
   1.58885175e-02  1.33738018e-02  1.06927639e-02  7.88698432e-03
   4.99804368e-03  2.06752250e-03]
 [ 0.00000000e+00  0.00000000e+00  1.17141324e-02  1.47649473e-02
   1.78157623e-02  2.08665773e-02  2.39173922e-02  2.69682072e-02
   3.00190222e-02  3.29529872e-02  3.56532524e-02  3.80029677e-02
   3.98852833e-02  4.11833493e-02  4.17803156e-02  4.17273646e-02
   4.10756783e-02  3.98764390e-02  3.81808288e-02  3.60400301e-02
   3.26797937e-02  3.06420809e-02  2.75162660e-02  2.41934479e-02
   2.07392943e-02  1.72194730e-02  1.36996517e-02  1.01798304e-02
   6.66000904e-03  3.14018771e-03]
 [ 0.00000000e+00  0.00000000e+00  3.59873815e-02  4.39773438e-02
   5.19673061e-02  5.96302097e-02  6.66389959e-02  7.26666060e-02
   7.73859813e-02  8.04700630e-02  8.15917924e-02  8.09966867e-02
   7.89302631e-02  7.56380387e-02  7.13655306e-02  6.63582560e-02
   6.08617321e-02  5.50357312e-02  4.90400260e-02  4.30343888e-02
   3.54771595e-02  3.16324086e-02  2.65556105e-02  2.18699671e-02
   1.74972473e-02  1.33592202e-02  9.37765500e-03  5.47432071e-03
   1.57098642e-03  1.00000000e-03]
 [ 4.10000000e-02  3.30000000e-02  2.60000000e-02  2.00000000e-02
   1.53156219e-02  1.26140524e-02  1.00892854e-02  7.82972209e-03
   5.92376367e-03  4.45981139e-03  3.52626648e-03  3.01625067e-03
   2.82288569e-03  2.83929329e-03  2.95859519e-03  3.07391313e-03
   3.07836885e-03  2.99303427e-03  2.83898133e-03  2.63728196e-03
   2.33877707e-03  2.17523163e-03  1.95702453e-03  1.75179189e-03
   1.55693882e-03  1.36987043e-03  1.18799183e-03  1.00870812e-03
   1.00000000e-03  1.00000000e-03]
 [ 0.00000000e+00  0.00000000e+00  0.00000000e+00  2.16422907e-03
   2.21016153e-03  2.25609398e-03  2.30202643e-03  2.34795888e-03
   2.38578561e-03  2.40740088e-03  2.40469897e-03  2.36957416e-03
   2.29392070e-03  2.16963289e-03  2.01292217e-03  1.84000000e-03
   1.66707783e-03  1.51036711e-03  1.38607930e-03  1.31042584e-03
   1.27397979e-03  1.27259912e-03  1.29421439e-03  1.33204112e-03
   1.37797357e-03  1.42390602e-03  1.46983847e-03  1.51577093e-03
   1.56170338e-03  1.08420217e-19]
 [ 0.00000000e+00  0.00000000e+00  0.00000000e+00  3.74890612e-02
   3.61172335e-02  3.47454058e-02  3.33630956e-02  3.19598202e-02
   3.05250972e-02  2.90484440e-02  2.75193780e-02  2.59274168e-02
   2.43374498e-02  2.28143666e-02  2.14230569e-02  2.02284101e-02
   1.92953159e-02  1.86886639e-02  1.83467902e-02  1.82080313e-02
   2.00000000e-02  2.00000000e-02  2.00000000e-02  2.00000000e-02
   2.00000000e-02  2.00000000e-02  2.00000000e-02  2.00000000e-02
   2.00000000e-02  5.20417043e-18]
 [ 0.00000000e+00  0.00000000e+00  0.00000000e+00  2.07236417e-03
   2.11829662e-03  2.16422907e-03  2.21016153e-03  2.25609398e-03
   2.30202643e-03  2.34795888e-03  2.38578561e-03  2.40740088e-03
   2.40469897e-03  2.36957416e-03  2.29392070e-03  2.16963289e-03
   2.01292217e-03  1.84000000e-03  1.66707783e-03  1.51036711e-03
   1.35893442e-03  1.31042584e-03  1.27530103e-03  1.27259912e-03
   1.29421439e-03  1.33204112e-03  1.37797357e-03  1.42390602e-03
   1.46983847e-03  1.08420217e-19]
 [ 0.00000000e+00  0.00000000e+00  0.00000000e+00  2.51759997e-03
   2.44512991e-03  2.37265986e-03  2.30018980e-03  2.22771975e-03
   2.15449048e-03  2.07974278e-03  2.00271744e-03  1.92265525e-03
   1.83879698e-03  1.75038343e-03  1.66146746e-03  1.57610193e-03
   1.49833970e-03  1.43223365e-03  1.38183663e-03  1.35120150e-03
   1.33654766e-03  1.33604234e-03  1.34493101e-03  1.36040697e-03
   1.37917659e-03  1.39794620e-03  1.41671582e-03  1.43548543e-03
   1.45425505e-03  2.16840434e-19]
 [ 0.00000000e+00  0.00000000e+00  0.00000000e+00  3.77066146e-02
   3.63461220e-02  3.49856293e-02  3.36139152e-02  3.22197581e-02
   3.07919366e-02  2.93192293e-02  2.77904146e-02  2.61942712e-02
   2.45955568e-02  2.30590296e-02  2.16494473e-02  2.04315680e-02
   2.00000000e-02  2.00000000e-02  2.00000000e-02  2.00000000e-02
   2.00000000e-02  2.00000000e-02  2.00000000e-02  2.00000000e-02
   2.00000000e-02  2.00000000e-02  2.00000000e-02  2.00000000e-02
   2.00000000e-02  5.20417043e-18]
 [ 0.00000000e+00  0.00000000e+00  0.00000000e+00  2.66254008e-03
   2.59007002e-03  2.51759997e-03  2.44512991e-03  2.37265986e-03
   2.30018980e-03  2.22771975e-03  2.15449048e-03  2.07974278e-03
   2.00271744e-03  1.92265525e-03  1.83879698e-03  1.75038343e-03
   1.66146746e-03  1.57610193e-03  1.49833970e-03  1.43223365e-03
   1.37083839e-03  1.35120150e-03  1.33703462e-03  1.33604234e-03
   1.34493101e-03  1.36040697e-03  1.37917659e-03  1.39794620e-03
   1.41671582e-03  3.25260652e-19]]","2D array of the thickness of the layers of the blade structure. The first dimension represents each layer, the second dimension represents each entry along blade span."
blade.ps.s_opt_layer_0,input,,"[0.         0.03448276 0.06896552 0.10344828 0.13793103 0.17241379
 0.20689655 0.24137931 0.27586207 0.31034483 0.34482759 0.37931034
 0.4137931  0.44827586 0.48275862 0.51724138 0.55172414 0.5862069
 0.62068966 0.65517241 0.68965517 0.72413793 0.75862069 0.79310345
 0.82758621 0.86206897 0.89655172 0.93103448 0.96551724 1.        ]",
blade.ps.layer_0_opt,input,m,"[0.001 0.001 0.001 0.001 0.001 0.001 0.001 0.001 0.001 0.001 0.001 0.001
 0.001 0.001 0.001 0.001 0.001 0.001 0.001 0.001 0.001 0.001 0.001 0.001
 0.001 0.001 0.001 0.001 0.001 0.001]",
blade.ps.s_opt_layer_1,input,,"[0.         0.03448276 0.06896552 0.10344828 0.13793103 0.17241379
 0.20689655 0.24137931 0.27586207 0.31034483 0.34482759 0.37931034
 0.4137931  0.44827586 0.48275862 0.51724138 0.55172414 0.5862069
 0.62068966 0.65517241 0.68965517 0.72413793 0.75862069 0.79310345
 0.82758621 0.86206897 0.89655172 0.93103448 0.96551724 1.        ]",
blade.ps.layer_1_opt,input,m,"[0.041      0.033      0.026      0.02       0.015      0.011
 0.00828454 0.00651243 0.00536208 0.00470248 0.00440263 0.00433155
 0.00435823 0.00435168 0.00430703 0.0042194  0.00408392 0.00389572
 0.00364992 0.00334165 0.00298133 0.00257936 0.00214615 0.00169212
 0.00122768 0.001      0.001      0.001      0.001      0.001     ]",
blade.ps.s_opt_layer_2,input,,"[0.         0.03448276 0.06896552 0.10344828 0.13793103 0.17241379
 0.20689655 0.24137931 0.27586207 0.31034483 0.34482759 0.37931034
 0.4137931  0.44827586 0.48275862 0.51724138 0.55172414 0.5862069
 0.62068966 0.65517241 0.68965517 0.72413793 0.75862069 0.79310345
 0.82758621 0.86206897 0.89655172 0.93103448 0.96551724 1.        ]",
blade.ps.layer_2_opt,input,m,"[0.         0.01036386 0.01802123 0.02536166 0.03206819 0.03782389
 0.04231181 0.045215   0.04621651 0.04569527 0.04403017 0.04160014
 0.03878408 0.03596091 0.03350953 0.03135807 0.02943466 0.02766741
 0.02598444 0.02431388 0.02258386 0.02080428 0.01898505 0.01713608
 0.0152673  0.0133886  0.0115099  0.0096312  0.0077525  0.00587381]",
blade.ps.s_opt_layer_3,input,,"[0.         0.03448276 0.06896552 0.10344828 0.13793103 0.17241379
 0.20689655 0.24137931 0.27586207 0.31034483 0.34482759 0.37931034
 0.4137931  0.44827586 0.48275862 0.51724138 0.55172414 0.5862069
 0.62068966 0.65517241 0.68965517 0.72413793 0.75862069 0.79310345
 0.82758621 0.86206897 0.89655172 0.93103448 0.96551724 1.        ]",
blade.ps.layer_3_opt,input,m,"[0.         0.01247806 0.01761157 0.02274509 0.02766418 0.03215441
 0.03600136 0.0389906  0.04090771 0.04153826 0.04110173 0.03981761
 0.0379054  0.03558457 0.03307463 0.03059505 0.02815655 0.02576987
 0.02344572 0.02119482 0.01902789 0.01695567 0.01496235 0.01303217
 0.01114933 0.00929806 0.00746257 0.00562708 0.00379159 0.00195611]",
blade.ps.s_opt_layer_4,input,,"[0.         0.03448276 0.06896552 0.10344828 0.13793103 0.17241379
 0.20689655 0.24137931 0.27586207 0.31034483 0.34482759 0.37931034
 0.4137931  0.44827586 0.48275862 0.51724138 0.55172414 0.5862069
 0.62068966 0.65517241 0.68965517 0.72413793 0.75862069 0.79310345
 0.82758621 0.86206897 0.89655172 0.93103448 0.96551724 1.        ]",
blade.ps.layer_4_opt,input,m,"[ 0.00000000e+00  0.00000000e+00  0.00000000e+00  0.00000000e+00
  0.00000000e+00  0.00000000e+00  0.00000000e+00  0.00000000e+00
  0.00000000e+00  0.00000000e+00  0.00000000e+00  0.00000000e+00
  0.00000000e+00  0.00000000e+00  0.00000000e+00  0.00000000e+00
  0.00000000e+00  0.00000000e+00  0.00000000e+00  1.00000000e-03
  4.34756148e-02  1.00000000e-03 -8.13151629e-20  0.00000000e+00
  0.00000000e+00  0.00000000e+00  0.00000000e+00  0.00000000e+00
  0.00000000e+00  0.00000000e+00]",
blade.ps.s_opt_layer_5,input,,"[0.         0.03448276 0.06896552 0.10344828 0.13793103 0.17241379
 0.20689655 0.24137931 0.27586207 0.31034483 0.34482759 0.37931034
 0.4137931  0.44827586 0.48275862 0.51724138 0.55172414 0.5862069
 0.62068966 0.65517241 0.68965517 0.72413793 0.75862069 0.79310345
 0.82758621 0.86206897 0.89655172 0.93103448 0.96551724 1.        ]",
blade.ps.layer_5_opt,input,m,"[ 0.00000000e+00  0.00000000e+00  0.00000000e+00  0.00000000e+00
  0.00000000e+00  0.00000000e+00  0.00000000e+00  0.00000000e+00
  0.00000000e+00  0.00000000e+00  0.00000000e+00  0.00000000e+00
  0.00000000e+00  0.00000000e+00  0.00000000e+00  0.00000000e+00
  0.00000000e+00  0.00000000e+00  0.00000000e+00  1.00000000e-03
  4.34756148e-02  1.00000000e-03 -8.13151629e-20  0.00000000e+00
  0.00000000e+00  0.00000000e+00  0.00000000e+00  0.00000000e+00
  0.00000000e+00  0.00000000e+00]",
blade.ps.s_opt_layer_6,input,,"[0.         0.03448276 0.06896552 0.10344828 0.13793103 0.17241379
 0.20689655 0.24137931 0.27586207 0.31034483 0.34482759 0.37931034
 0.4137931  0.44827586 0.48275862 0.51724138 0.55172414 0.5862069
 0.62068966 0.65517241 0.68965517 0.72413793 0.75862069 0.79310345
 0.82758621 0.86206897 0.89655172 0.93103448 0.96551724 1.        ]",
blade.ps.layer_6_opt,input,m,"[0.         0.         0.00665003 0.00814812 0.00964621 0.0111443
 0.01260256 0.01398116 0.01524026 0.01634003 0.01724065 0.01790228
 0.01832761 0.01851932 0.01848012 0.01821267 0.01771968 0.01700382
 0.01610578 0.01506624 0.01392586 0.01272533 0.01150532 0.01030652
 0.00912537 0.00795837 0.00680196 0.00565261 0.0045068  0.003361  ]",
blade.ps.s_opt_layer_7,input,,"[0.         0.03448276 0.06896552 0.10344828 0.13793103 0.17241379
 0.20689655 0.24137931 0.27586207 0.31034483 0.34482759 0.37931034
 0.4137931  0.44827586 0.48275862 0.51724138 0.55172414 0.5862069
 0.62068966 0.65517241 0.68965517 0.72413793 0.75862069 0.79310345
 0.82758621 0.86206897 0.89655172 0.93103448 0.96551724 1.        ]",
blade.ps.layer_7_opt,input,m,"[ 0.00000000e+00  0.00000000e+00  2.33432275e-02  2.51480648e-02
  2.69529021e-02  2.87577394e-02  3.05625767e-02  3.23674140e-02
  3.39953792e-02  3.52696003e-02  3.60132052e-02  3.60493218e-02
  3.52010780e-02  3.32916017e-02  3.05938669e-02  2.73808473e-02
  2.39255169e-02  2.05008494e-02  1.73798187e-02  1.48353987e-02
  1.27714875e-02  1.10919834e-02  9.70078471e-03  8.50178952e-03
  7.39889612e-03  6.29600271e-03  5.19310930e-03  4.09021589e-03
  2.98732248e-03 -2.16840434e-19]",
blade.ps.s_opt_layer_8,input,,"[0.         0.03448276 0.06896552 0.10344828 0.13793103 0.17241379
 0.20689655 0.24137931 0.27586207 0.31034483 0.34482759 0.37931034
 0.4137931  0.44827586 0.48275862 0.51724138 0.55172414 0.5862069
 0.62068966 0.65517241 0.68965517 0.72413793 0.75862069 0.79310345
 0.82758621 0.86206897 0.89655172 0.93103448 0.96551724 1.        ]",
blade.ps.layer_8_opt,input,m,"[ 0.00000000e+00  0.00000000e+00  2.33432275e-02  2.51480648e-02
  2.69529021e-02  2.87577394e-02  3.05625767e-02  3.23674140e-02
  3.39953792e-02  3.52696003e-02  3.60132052e-02  3.60493218e-02
  3.52010780e-02  3.32916017e-02  3.05938669e-02  2.73808473e-02
  2.39255169e-02  2.05008494e-02  1.73798187e-02  1.48353987e-02
  1.27714875e-02  1.10919834e-02  9.70078471e-03  8.50178952e-03
  7.39889612e-03  6.29600271e-03  5.19310930e-03  4.09021589e-03
  2.98732248e-03 -2.16840434e-19]",
blade.ps.s_opt_layer_9,input,,"[0.         0.03448276 0.06896552 0.10344828 0.13793103 0.17241379
 0.20689655 0.24137931 0.27586207 0.31034483 0.34482759 0.37931034
 0.4137931  0.44827586 0.48275862 0.51724138 0.55172414 0.5862069
 0.62068966 0.65517241 0.68965517 0.72413793 0.75862069 0.79310345
 0.82758621 0.86206897 0.89655172 0.93103448 0.96551724 1.        ]",
blade.ps.layer_9_opt,input,m,"[0.         0.         0.01864022 0.02290439 0.02716855 0.03128208
 0.03509432 0.03845464 0.04121238 0.04321692 0.0443176  0.04463178
 0.04427681 0.04337004 0.04202882 0.04037051 0.03851246 0.03646388
 0.03423398 0.03183196 0.02926705 0.02654845 0.02368537 0.02070189
 0.01762209 0.01447005 0.01126986 0.00804558 0.00482131 0.00159703]",
blade.ps.s_opt_layer_10,input,,"[0.         0.03448276 0.06896552 0.10344828 0.13793103 0.17241379
 0.20689655 0.24137931 0.27586207 0.31034483 0.34482759 0.37931034
 0.4137931  0.44827586 0.48275862 0.51724138 0.55172414 0.5862069
 0.62068966 0.65517241 0.68965517 0.72413793 0.75862069 0.79310345
 0.82758621 0.86206897 0.89655172 0.93103448 0.96551724 1.        ]",
blade.ps.layer_10_opt,input,m,"[0.         0.         0.01067832 0.01302775 0.01537718 0.0177266
 0.02007603 0.02234366 0.02444771 0.02630638 0.02783787 0.0289604
 0.02959217 0.02979168 0.02961743 0.02912793 0.02838168 0.02743718
 0.02635293 0.02511064 0.02369203 0.0220788  0.02025266 0.01819533
 0.01588852 0.0133738  0.01069276 0.00788698 0.00499804 0.00206752]",
blade.ps.s_opt_layer_11,input,,"[0.         0.03448276 0.06896552 0.10344828 0.13793103 0.17241379
 0.20689655 0.24137931 0.27586207 0.31034483 0.34482759 0.37931034
 0.4137931  0.44827586 0.48275862 0.51724138 0.55172414 0.5862069
 0.62068966 0.65517241 0.68965517 0.72413793 0.75862069 0.79310345
 0.82758621 0.86206897 0.89655172 0.93103448 0.96551724 1.        ]",
blade.ps.layer_11_opt,input,m,"[0.         0.         0.01171413 0.01476495 0.01781576 0.02086658
 0.02391739 0.02696821 0.03001902 0.03295299 0.03565325 0.03800297
 0.03988528 0.04118335 0.04178032 0.04172736 0.04107568 0.03987644
 0.03818083 0.03604003 0.03350522 0.03064208 0.02751627 0.02419345
 0.02073929 0.01721947 0.01369965 0.01017983 0.00666001 0.00314019]",
blade.ps.s_opt_layer_12,input,,"[0.         0.03448276 0.06896552 0.10344828 0.13793103 0.17241379
 0.20689655 0.24137931 0.27586207 0.31034483 0.34482759 0.37931034
 0.4137931  0.44827586 0.48275862 0.51724138 0.55172414 0.5862069
 0.62068966 0.65517241 0.68965517 0.72413793 0.75862069 0.79310345
 0.82758621 0.86206897 0.89655172 0.93103448 0.96551724 1.        ]",
blade.ps.layer_12_opt,input,m,"[0.         0.         0.03598738 0.04397734 0.05196731 0.05963021
 0.066639   0.07266661 0.07738598 0.08047006 0.08159179 0.08099669
 0.07893026 0.07563804 0.07136553 0.06635826 0.06086173 0.05503573
 0.04904003 0.04303439 0.03717859 0.03163241 0.02655561 0.02186997
 0.01749725 0.01335922 0.00937765 0.00547432 0.00157099 0.001     ]",
blade.ps.s_opt_layer_13,input,,"[0.         0.03448276 0.06896552 0.10344828 0.13793103 0.17241379
 0.20689655 0.24137931 0.27586207 0.31034483 0.34482759 0.37931034
 0.4137931  0.44827586 0.48275862 0.51724138 0.55172414 0.5862069
 0.62068966 0.65517241 0.68965517 0.72413793 0.75862069 0.79310345
 0.82758621 0.86206897 0.89655172 0.93103448 0.96551724 1.        ]",
blade.ps.layer_13_opt,input,m,"[0.041      0.033      0.026      0.02       0.01531562 0.01261405
 0.01008929 0.00782972 0.00592376 0.00445981 0.00352627 0.00301625
 0.00282289 0.00283929 0.0029586  0.00307391 0.00307837 0.00299303
 0.00283898 0.00263728 0.00240901 0.00217523 0.00195702 0.00175179
 0.00155694 0.00136987 0.00118799 0.00100871 0.001      0.001     ]",
blade.ps.s_opt_layer_14,input,,"[0.         0.03448276 0.06896552 0.10344828 0.13793103 0.17241379
 0.20689655 0.24137931 0.27586207 0.31034483 0.34482759 0.37931034
 0.4137931  0.44827586 0.48275862 0.51724138 0.55172414 0.5862069
 0.62068966 0.65517241 0.68965517 0.72413793 0.75862069 0.79310345
 0.82758621 0.86206897 0.89655172 0.93103448 0.96551724 1.        ]",
blade.ps.layer_14_opt,input,m,"[0.00000000e+00 0.00000000e+00 0.00000000e+00 2.16422907e-03
 2.21016153e-03 2.25609398e-03 2.30202643e-03 2.34795888e-03
 2.38578561e-03 2.40740088e-03 2.40469897e-03 2.36957416e-03
 2.29392070e-03 2.16963289e-03 2.01292217e-03 1.84000000e-03
 1.66707783e-03 1.51036711e-03 1.38607930e-03 1.31042584e-03
 1.27530103e-03 1.27259912e-03 1.29421439e-03 1.33204112e-03
 1.37797357e-03 1.42390602e-03 1.46983847e-03 1.51577093e-03
 1.56170338e-03 1.08420217e-19]",
blade.ps.s_opt_layer_15,input,,"[0.         0.03448276 0.06896552 0.10344828 0.13793103 0.17241379
 0.20689655 0.24137931 0.27586207 0.31034483 0.34482759 0.37931034
 0.4137931  0.44827586 0.48275862 0.51724138 0.55172414 0.5862069
 0.62068966 0.65517241 0.68965517 0.72413793 0.75862069 0.79310345
 0.82758621 0.86206897 0.89655172 0.93103448 0.96551724 1.        ]",
blade.ps.layer_15_opt,input,m,"[0.00000000e+00 0.00000000e+00 0.00000000e+00 3.74890612e-02
 3.61172335e-02 3.47454058e-02 3.33630956e-02 3.19598202e-02
 3.05250972e-02 2.90484440e-02 2.75193780e-02 2.59274168e-02
 2.43374498e-02 2.28143666e-02 2.14230569e-02 2.02284101e-02
 1.92953159e-02 1.86886639e-02 1.83467902e-02 1.82080313e-02
 2.00000000e-02 2.00000000e-02 2.00000000e-02 2.00000000e-02
 2.00000000e-02 2.00000000e-02 2.00000000e-02 2.00000000e-02
 2.00000000e-02 5.20417043e-18]",
blade.ps.s_opt_layer_16,input,,"[0.         0.03448276 0.06896552 0.10344828 0.13793103 0.17241379
 0.20689655 0.24137931 0.27586207 0.31034483 0.34482759 0.37931034
 0.4137931  0.44827586 0.48275862 0.51724138 0.55172414 0.5862069
 0.62068966 0.65517241 0.68965517 0.72413793 0.75862069 0.79310345
 0.82758621 0.86206897 0.89655172 0.93103448 0.96551724 1.        ]",
blade.ps.layer_16_opt,input,m,"[0.00000000e+00 0.00000000e+00 0.00000000e+00 2.07236417e-03
 2.11829662e-03 2.16422907e-03 2.21016153e-03 2.25609398e-03
 2.30202643e-03 2.34795888e-03 2.38578561e-03 2.40740088e-03
 2.40469897e-03 2.36957416e-03 2.29392070e-03 2.16963289e-03
 2.01292217e-03 1.84000000e-03 1.66707783e-03 1.51036711e-03
 1.38607930e-03 1.31042584e-03 1.27530103e-03 1.27259912e-03
 1.29421439e-03 1.33204112e-03 1.37797357e-03 1.42390602e-03
 1.46983847e-03 1.08420217e-19]",
blade.ps.s_opt_layer_17,input,,"[0.         0.03448276 0.06896552 0.10344828 0.13793103 0.17241379
 0.20689655 0.24137931 0.27586207 0.31034483 0.34482759 0.37931034
 0.4137931  0.44827586 0.48275862 0.51724138 0.55172414 0.5862069
 0.62068966 0.65517241 0.68965517 0.72413793 0.75862069 0.79310345
 0.82758621 0.86206897 0.89655172 0.93103448 0.96551724 1.        ]",
blade.ps.layer_17_opt,input,m,"[0.00000000e+00 0.00000000e+00 0.00000000e+00 2.51759997e-03
 2.44512991e-03 2.37265986e-03 2.30018980e-03 2.22771975e-03
 2.15449048e-03 2.07974278e-03 2.00271744e-03 1.92265525e-03
 1.83879698e-03 1.75038343e-03 1.66146746e-03 1.57610193e-03
 1.49833970e-03 1.43223365e-03 1.38183663e-03 1.35120150e-03
 1.33703462e-03 1.33604234e-03 1.34493101e-03 1.36040697e-03
 1.37917659e-03 1.39794620e-03 1.41671582e-03 1.43548543e-03
 1.45425505e-03 2.16840434e-19]",
blade.ps.s_opt_layer_18,input,,"[0.         0.03448276 0.06896552 0.10344828 0.13793103 0.17241379
 0.20689655 0.24137931 0.27586207 0.31034483 0.34482759 0.37931034
 0.4137931  0.44827586 0.48275862 0.51724138 0.55172414 0.5862069
 0.62068966 0.65517241 0.68965517 0.72413793 0.75862069 0.79310345
 0.82758621 0.86206897 0.89655172 0.93103448 0.96551724 1.        ]",
blade.ps.layer_18_opt,input,m,"[0.00000000e+00 0.00000000e+00 0.00000000e+00 3.77066146e-02
 3.63461220e-02 3.49856293e-02 3.36139152e-02 3.22197581e-02
 3.07919366e-02 2.93192293e-02 2.77904146e-02 2.61942712e-02
 2.45955568e-02 2.30590296e-02 2.16494473e-02 2.04315680e-02
 2.00000000e-02 2.00000000e-02 2.00000000e-02 2.00000000e-02
 2.00000000e-02 2.00000000e-02 2.00000000e-02 2.00000000e-02
 2.00000000e-02 2.00000000e-02 2.00000000e-02 2.00000000e-02
 2.00000000e-02 5.20417043e-18]",
blade.ps.s_opt_layer_19,input,,"[0.         0.03448276 0.06896552 0.10344828 0.13793103 0.17241379
 0.20689655 0.24137931 0.27586207 0.31034483 0.34482759 0.37931034
 0.4137931  0.44827586 0.48275862 0.51724138 0.55172414 0.5862069
 0.62068966 0.65517241 0.68965517 0.72413793 0.75862069 0.79310345
 0.82758621 0.86206897 0.89655172 0.93103448 0.96551724 1.        ]",
blade.ps.layer_19_opt,input,m,"[0.00000000e+00 0.00000000e+00 0.00000000e+00 2.66254008e-03
 2.59007002e-03 2.51759997e-03 2.44512991e-03 2.37265986e-03
 2.30018980e-03 2.22771975e-03 2.15449048e-03 2.07974278e-03
 2.00271744e-03 1.92265525e-03 1.83879698e-03 1.75038343e-03
 1.66146746e-03 1.57610193e-03 1.49833970e-03 1.43223365e-03
 1.38183663e-03 1.35120150e-03 1.33703462e-03 1.33604234e-03
 1.34493101e-03 1.36040697e-03 1.37917659e-03 1.39794620e-03
 1.41671582e-03 3.25260652e-19]",
high_level_tower_props.tower_ref_axis_user,input,m,"[[  0.    0.    0. ]
 [  0.    0.   13.7]
 [  0.    0.   27.4]
 [  0.    0.   41.1]
 [  0.    0.   54.8]
 [  0.    0.   68.5]
 [  0.    0.   82.2]
 [  0.    0.   95.9]
 [  0.    0.  109.6]
 [  0.    0.  123.3]
 [  0.    0.  137. ]]","2D array of the coordinates (x,y,z) of the tower reference axis. The coordinate system is the global coordinate system of OpenFAST: it is placed at tower base with x pointing downwind, y pointing on the side and z pointing vertically upwards. A standard tower configuration will have zero x and y values and positive z values."
high_level_tower_props.distance_tt_hub,input,m,[3.],Vertical distance from tower top to hub center.
high_level_tower_props.hub_height_user,input,m,[140.],Height of the hub specified by the user.
hub.diameter,output,m,[6.],
materials.rho_fiber,output,kg/m**3,[   0.     0.  2535.5 1800.  2535.5 2535.5    0.     0.     0.     0. ],1D array of the density of the fibers of the materials.
materials.rho,output,kg/m**3,[1235. 1100. 1940. 1600. 1940. 1940.  130. 1150. 7800. 7800.],"1D array of the density of the materials. For composites, this is the density of the laminate."
materials.rho_area_dry,output,kg/m**2,"[0.         0.         7.22716222 6.23076923 1.44543244 1.44543244
 0.         0.         0.         0.        ]",1D array of the dry aerial density of the composite fabrics. Non-composite materials are kept at 0.
materials.ply_t_from_yaml,output,m,[0.0005 0.001  0.005  0.005  0.001  0.001  0.     0.     0.     0.    ],1D array of the ply thicknesses of the materials. Non-composite materials are kept at 0.
materials.fvf_from_yaml,output,,"[0.         0.         0.57       0.69230769 0.57       0.57
 0.         0.         0.         0.        ]",1D array of the non-dimensional fiber volume fraction of the composite materials. Non-composite materials are kept at 0.
materials.fwf_from_yaml,output,,"[0.         0.         0.74506827 0.77884615 0.74506827 0.74506827
 0.         0.         0.         0.        ]",1D array of the non-dimensional fiber weight- fraction of the composite materials. Non-composite materials are kept at 0.
materials.name,output,n/a,"['Gelcoat', 'Adhesive', 'glass_uni', 'carbon_uni_industry_baseline', 'glass_biax', 'glass_triax', 'medium_density_foam', 'resin', 'steel', 'joint_insert']",1D array of names of materials.
materials.component_id,output,n/a,[ 0. -1.  5.  4.  3.  2.  1. -1. -1. -1.],"1D array of flags to set whether a material is used in a blade: 0 - coating, 1 - sandwich filler , 2 - shell skin, 3 - shear webs, 4 - spar caps, 5 - TE/LE reinf."
drivese.bear1.D_bearing,input,m,[0.],
drivese.bear1.D_shaft,input,m,[0.577],
drivese.bear1.bearing_type,input,n/a,CARB,
drivese.bear2.D_bearing,input,m,[0.],
drivese.bear2.D_shaft,input,m,[0.577],
drivese.bear2.bearing_type,input,n/a,SRB,
drivese.tilt,input,deg,[4.],
drivese.D_top,input,m,[5.53032592],
drivese.bedplate_flange_width,input,m,[1.],
drivese.bedplate_flange_thickness,input,m,[0.05],
drivese.bedplate_web_thickness,input,m,[0.05],
drivese.stator_deflection_allowable,input,m,[0.0001],
drivese.stator_angle_allowable,input,rad,[0.001],
drivese.upwind,input,n/a,True,
drivese.brake_mass_user,input,kg,[0.],
drivese.s_rotor,input,m,[0.],
drivese.gear_ratio,input,,[96.76],
drivese.damping_ratio,input,,[0.005],
drivese.machine_rating,input,kW,[5000.],
drivese.converter_mass_user,input,kg,[0.],
drivese.transformer_mass_user,input,kg,[0.],
drivese.gearbox_mass_user,input,kg,[0.],
drivese.gearbox_torque_density,input,N*m/kg,[200.],
drivese.gearbox_radius_user,input,m,[0.],
drivese.gearbox_length_user,input,m,[0.],
drivese.gear_configuration,input,n/a,eep,
drivese.planet_numbers,input,n/a,"[3, 3, 1]",
drivese.L_generator,input,m,[2.],
drivese.generator_mass_user,input,kg,[0.],
drivese.generator_radius_user,input,m,[0.],
drivese.generator_efficiency_user,input,,"[[0.         0.95      ]
 [0.05263158 0.95      ]
 [0.10526316 0.95      ]
 [0.15789474 0.95      ]
 [0.21052632 0.95      ]
 [0.26315789 0.95      ]
 [0.31578947 0.95      ]
 [0.36842105 0.95      ]
 [0.42105263 0.95      ]
 [0.47368421 0.95      ]
 [0.52631579 0.95      ]
 [0.57894737 0.95      ]
 [0.63157895 0.95      ]
 [0.68421053 0.95      ]
 [0.73684211 0.95      ]
 [0.78947368 0.95      ]
 [0.84210526 0.95      ]
 [0.89473684 0.95      ]
 [0.94736842 0.95      ]
 [1.         0.95      ]]",
drivese.hss_diameter,input,m,[0.288 0.288],
drivese.hss_wall_thickness,input,m,[0.144 0.144],
drivese.flange_t2shell_t,input,,[4.],
drivese.flange_OD2hub_D,input,,[0.5],
drivese.flange_ID2flange_OD,input,,[0.8],
drivese.hub_stress_concentration,input,,[2.5],
drivese.hub_diameter,input,m,[6.],
drivese.hub_in2out_circ,input,,[1.2],
drivese.hub_shell.n_blades,input,n/a,3,
drivese.stop_time,input,s,[5.],
drivese.pitch_system_scaling_factor,input,,[0.54],
drivese.n_blades,input,n/a,3,
drivese.clearance_hub_spinner,input,m,[0.75],
drivese.spin_hole_incr,input,,[1.2],
drivese.n_front_brackets,input,n/a,3,
drivese.n_rear_brackets,input,n/a,3,
drivese.L_12,input,m,[0.368],
drivese.L_h1,input,m,[1.912],
drivese.overhang,input,m,[7.],
drivese.drive_height,input,m,[3.],
drivese.lss_diameter,input,m,[0.577 0.577],
drivese.lss_wall_thickness,input,m,[0.288 0.288],
drivese.L_hss,input,m,[1.5],
drivese.shaft_deflection_allowable,input,m,[0.0001],
drivese.shaft_angle_allowable,input,rad,[0.001],
drivese.E_mat,input,Pa,"[[3.44000e+09 3.44000e+09 3.44000e+09]
 [4.56000e+06 4.56000e+06 4.56000e+06]
 [4.37000e+10 1.65000e+10 1.54500e+10]
 [1.57599e+11 9.10000e+09 9.10000e+09]
 [1.10231e+10 1.10231e+10 1.60477e+10]
 [2.82114e+10 1.62388e+10 1.58355e+10]
 [1.42500e+08 1.42500e+08 1.42500e+08]
 [1.00000e+06 1.00000e+06 1.00000e+06]
 [2.00000e+11 2.00000e+11 2.00000e+11]
 [2.10000e+11 2.10000e+11 2.10000e+11]]",
drivese.G_mat,input,Pa,"[[1.32300e+09 1.32300e+09 1.32300e+09]
 [1.45000e+06 1.45000e+06 1.45000e+06]
 [3.26500e+09 3.49500e+09 3.48000e+09]
 [4.13100e+09 4.13100e+09 2.68900e+09]
 [1.32314e+10 3.48748e+09 3.48748e+09]
 [8.24822e+09 3.49124e+09 3.49124e+09]
 [5.40000e+10 5.40000e+10 5.40000e+10]
 [3.12500e+05 3.12500e+05 3.12500e+05]
 [7.93000e+10 7.93000e+10 7.93000e+10]
 [8.39000e+10 8.39000e+10 8.39000e+10]]",
drivese.Xt_mat,input,Pa,"[[0.0000e+00 0.0000e+00 0.0000e+00]
 [6.1510e+07 6.1510e+07 6.1510e+07]
 [6.4023e+08 3.8100e+07 0.0000e+00]
 [1.2852e+09 3.8100e+07 0.0000e+00]
 [4.6210e+07 4.6210e+07 4.6210e+07]
 [4.3563e+08 7.6440e+07 0.0000e+00]
 [2.0830e+06 2.0830e+06 2.0830e+06]
 [0.0000e+00 0.0000e+00 0.0000e+00]
 [4.5000e+08 4.5000e+08 4.5000e+08]
 [1.7900e+09 1.7900e+09 1.7900e+09]]",
drivese.Xy_mat,input,Pa,"[0.00e+00 0.00e+00 0.00e+00 0.00e+00 0.00e+00 0.00e+00 0.00e+00 0.00e+00
 3.45e+08 1.65e+09]",
drivese.wohler_exp_mat,input,,[ 1.   1.  10.  16.1 10.  10.   1.   1.   3.   1. ],
drivese.wohler_A_mat,input,,"[0.00000000e+00 6.53600000e+07 6.40230000e+08 1.28520000e+09
 7.06900000e+07 4.35630000e+08 2.08300000e+06 0.00000000e+00
 3.55346484e+10 1.79000000e+09]",
drivese.rho_mat,input,kg/m**3,[1235. 1100. 1940. 1600. 1940. 1940.  130. 1150. 7800. 7800.],
drivese.unit_cost_mat,input,USD/kg,[ 7.23  7.23  1.87 20.08  3.    2.86 13.    3.63  0.7   2.  ],
drivese.material_names,input,n/a,"['Gelcoat', 'Adhesive', 'glass_uni', 'carbon_uni_industry_baseline', 'glass_biax', 'glass_triax', 'medium_density_foam', 'resin', 'steel', 'joint_insert']",
drivese.lss_material,input,n/a,steel,
drivese.hss_material,input,n/a,steel,
drivese.hub_material,input,n/a,steel,
drivese.spinner_material,input,n/a,glass_biax,
drivese.bedplate_material,input,n/a,steel,
drivese.hvac_mass_coeff,input,kg/kW/m,[0.08],
drivese.nose_mass,input,kg,[0.],
drivese.nose_cm,input,m,[0.],
drivese.nose_I,input,kg*m**2,[0. 0. 0.],
drivese.x_bedplate,input,m,[0. 0. 0. 0. 0. 0. 0. 0. 0. 0. 0. 0.],
drivese.uptower,input,n/a,True,
drivese.minimum_rpm,input,rpm,[0.],
rotorse.rc_in.layer_web,input,,[0. 0. 0. 0. 0. 0. 0. 0. 0. 0. 0. 0. 0. 0. 1. 1. 1. 2. 2. 2.],"1D array of the web id the layer is associated to. If the layer is on the outer profile, this entry can simply stay equal to 0."
rotorse.rc_in.rho,input,kg/m**3,[1235. 1100. 1940. 1600. 1940. 1940.  130. 1150. 7800. 7800.],"1D array of the density of the materials. For composites, this is the density of the laminate."
rotorse.rc_in.unit_cost,input,USD/kg,[ 7.23  7.23  1.87 20.08  3.    2.86 13.    3.63  0.7   2.  ],1D array of the unit costs of the materials.
rotorse.rc_in.waste,input,,[0.25 0.25 0.05 0.05 0.15 0.15 0.2  0.   0.   0.  ],1D array of the non-dimensional waste fraction of the materials.
rotorse.rc_in.rho_fiber,input,kg/m**3,[   0.     0.  2535.5 1800.  2535.5 2535.5    0.     0.     0.     0. ],1D array of the density of the fibers of the materials.
rotorse.rc_in.roll_mass,input,kg,"[  0.       0.       0.       0.     181.4368 181.4368   0.       0.
   0.       0.    ]",1D array of the roll mass of the composite fabrics. Non-composite materials are kept at 0.
rotorse.rc_in.flange_adhesive_squeezed,input,,[0.2],Extra width of the adhesive once squeezed
rotorse.rc_in.flange_thick,input,m,[0.008],Average thickness of adhesive
rotorse.rc_in.flange_width,input,m,[0.05],Average width of adhesive lines
rotorse.rc_in.t_bolt_unit_cost,input,USD,[25.],Cost of one t-bolt
rotorse.rc_in.t_bolt_unit_mass,input,kg,[2.5],Mass of one t-bolt
rotorse.rc_in.t_bolt_spacing,input,m,[0.15],Spacing of t-bolts along blade root circumference
rotorse.rc_in.barrel_nut_unit_cost,input,USD,[12.],Cost of one barrel nut
rotorse.rc_in.barrel_nut_unit_mass,input,kg,[1.9],Mass of one barrel nut
rotorse.rc_in.LPS_unit_mass,input,kg/m,[1.],Unit mass of the lightining protection system. Linear scaling based on the weight of 150 lbs for the 61.5 m NREL 5MW blade
rotorse.rc_in.LPS_unit_cost,input,USD/m,[40.],Unit cost of the lightining protection system. Linear scaling based on the cost of 2500$ for the 61.5 m NREL 5MW blade
rotorse.rc_in.root_preform_length,input,,[0.01],Percentage of blade length starting from blade root that is preformed and later inserted into the mold
rotorse.rc_in.definition_layer,input,n/a,"[ 9.  9.  2.  2.  2.  2.  5.  7.  8.  6.  6.  6.  6.  9. 10. 10. 10. 10.
 10. 10.]","1D array of flags identifying how layers are specified in the yaml. 1) all around (skin, paint, ) 2) offset+rotation twist+width (spar caps) 3) offset+user defined rotation+width 4) midpoint TE+width (TE reinf) 5) midpoint LE+width (LE reinf) 6) layer position fixed to other layer (core fillers) 7) start and width 8) end and width 9) start and end nd 10) web layer"
rotorse.rc_in.mat_name,input,n/a,"['Gelcoat', 'Adhesive', 'glass_uni', 'carbon_uni_industry_baseline', 'glass_biax', 'glass_triax', 'medium_density_foam', 'resin', 'steel', 'joint_insert']",1D array of names of materials.
rotorse.rc_in.orth,input,n/a,[0. 0. 1. 1. 1. 1. 0. 0. 0. 0.],1D array of flags to set whether a material is isotropic (0) or orthtropic (1). Each entry represents a material.
rotorse.rc_in.component_id,input,n/a,[ 0. -1.  5.  4.  3.  2.  1. -1. -1. -1.],"1D array of flags to set whether a material is used in a blade: 0 - coating, 1 - sandwich filler , 2 - shell skin, 3 - shear webs, 4 - spar caps, 5 - TE/LE reinf."
rotorse.rc_out.layer_web,input,,[0. 0. 0. 0. 0. 0. 0. 0. 0. 0. 0. 0. 0. 0. 1. 1. 1. 2. 2. 2.],"1D array of the web id the layer is associated to. If the layer is on the outer profile, this entry can simply stay equal to 0."
rotorse.rc_out.rho,input,kg/m**3,[1235. 1100. 1940. 1600. 1940. 1940.  130. 1150. 7800. 7800.],"1D array of the density of the materials. For composites, this is the density of the laminate."
rotorse.rc_out.unit_cost,input,USD/kg,[ 7.23  7.23  1.87 20.08  3.    2.86 13.    3.63  0.7   2.  ],1D array of the unit costs of the materials.
rotorse.rc_out.waste,input,,[0.25 0.25 0.05 0.05 0.15 0.15 0.2  0.   0.   0.  ],1D array of the non-dimensional waste fraction of the materials.
rotorse.rc_out.rho_fiber,input,kg/m**3,[   0.     0.  2535.5 1800.  2535.5 2535.5    0.     0.     0.     0. ],1D array of the density of the fibers of the materials.
rotorse.rc_out.roll_mass,input,kg,"[  0.       0.       0.       0.     181.4368 181.4368   0.       0.
   0.       0.    ]",1D array of the roll mass of the composite fabrics. Non-composite materials are kept at 0.
rotorse.rc_out.flange_adhesive_squeezed,input,,[0.2],Extra width of the adhesive once squeezed
rotorse.rc_out.flange_thick,input,m,[0.008],Average thickness of adhesive
rotorse.rc_out.flange_width,input,m,[0.05],Average width of adhesive lines
rotorse.rc_out.t_bolt_unit_cost,input,USD,[25.],Cost of one t-bolt
rotorse.rc_out.t_bolt_unit_mass,input,kg,[2.5],Mass of one t-bolt
rotorse.rc_out.t_bolt_spacing,input,m,[0.15],Spacing of t-bolts along blade root circumference
rotorse.rc_out.barrel_nut_unit_cost,input,USD,[12.],Cost of one barrel nut
rotorse.rc_out.barrel_nut_unit_mass,input,kg,[1.9],Mass of one barrel nut
rotorse.rc_out.LPS_unit_mass,input,kg/m,[1.],Unit mass of the lightining protection system. Linear scaling based on the weight of 150 lbs for the 61.5 m NREL 5MW blade
rotorse.rc_out.LPS_unit_cost,input,USD/m,[40.],Unit cost of the lightining protection system. Linear scaling based on the cost of 2500$ for the 61.5 m NREL 5MW blade
rotorse.rc_out.root_preform_length,input,,[0.01],Percentage of blade length starting from blade root that is preformed and later inserted into the mold
rotorse.rc_out.definition_layer,input,n/a,"[ 9.  9.  2.  2.  2.  2.  5.  7.  8.  6.  6.  6.  6.  9. 10. 10. 10. 10.
 10. 10.]","1D array of flags identifying how layers are specified in the yaml. 1) all around (skin, paint, ) 2) offset+rotation twist+width (spar caps) 3) offset+user defined rotation+width 4) midpoint TE+width (TE reinf) 5) midpoint LE+width (LE reinf) 6) layer position fixed to other layer (core fillers) 7) start and width 8) end and width 9) start and end nd 10) web layer"
rotorse.rc_out.mat_name,input,n/a,"['Gelcoat', 'Adhesive', 'glass_uni', 'carbon_uni_industry_baseline', 'glass_biax', 'glass_triax', 'medium_density_foam', 'resin', 'steel', 'joint_insert']",1D array of names of materials.
rotorse.rc_out.orth,input,n/a,[0. 0. 1. 1. 1. 1. 0. 0. 0. 0.],1D array of flags to set whether a material is isotropic (0) or orthtropic (1). Each entry represents a material.
rotorse.rc_out.component_id,input,n/a,[ 0. -1.  5.  4.  3.  2.  1. -1. -1. -1.],"1D array of flags to set whether a material is used in a blade: 0 - coating, 1 - sandwich filler , 2 - shell skin, 3 - shear webs, 4 - spar caps, 5 - TE/LE reinf."
rotorse.rp.aep.lossFactor,input,,[1.],"multiplicative factor for availability and other losses (soiling, array, etc.)"
rotorse.rp.cdf.k,input,,[2.],shape or form factor
rotorse.rp.gust.turbulence_class,input,n/a,A,IEC turbulence class
rotorse.rp.v_min,input,m/s,[4.],cut-in wind speed
rotorse.rp.v_max,input,m/s,[25.],cut-out wind speed
rotorse.rp.rated_power,input,W,[5000000.],electrical rated power
rotorse.rp.omega_min,input,rpm,[0.],minimum allowed rotor rotation speed
rotorse.rp.omega_max,input,rpm,[19.09859317],maximum allowed rotor rotation speed
rotorse.rp.control_maxTS,input,m/s,[85.],maximum allowed blade tip speed
rotorse.rp.powercurve.gearbox_efficiency,input,,[0.95],
rotorse.rp.drivetrainType,input,n/a,constant_eff,
rotorse.rs.aero_gust.azimuth_load,input,deg,[0.],
rotorse.rs.aero_hub_loads.nSector,input,n/a,4,
rotorse.rs.bjs.load_factor,input,,[1.35],input load multiplier. 1.35 recommended for DLC6.1. [float]
rotorse.rs.bjs.nprf,input,,[1.2],bolt proof safety factor. [float]
rotorse.rs.bjs.ny,input,,[1.2],bolt yield safety factor. [float]
rotorse.rs.bjs.ns,input,,[1.2],bolt shear safety factor. [float]
rotorse.rs.bjs.n0,input,,[1.2],bolt separation safety factor. [float]
rotorse.rs.bjs.nf,input,,[1.2],bolt fatigue safety factor. [float]
rotorse.rs.bjs.Sp_bolt,input,Pa,[8.3e+08],bolt proof strength. [float]
rotorse.rs.bjs.Sy_bolt,input,Pa,[9.4e+08],bolt yield strength. [float]
rotorse.rs.bjs.Su_bolt,input,Pa,[1.04e+09],bolt ultimate strength. [float]
rotorse.rs.bjs.Se_bolt,input,Pa,[1.62e+08],bolt endurance strength. [float]
rotorse.rs.bjs.E_bolt,input,Pa,[2.e+11],bolt elastic modulus. [float]
rotorse.rs.bjs.d_bolt,input,m,[0.048],bolt diameter. [float]
rotorse.rs.bjs.L_bolt,input,m,[0.5],bolt length. [float]
rotorse.rs.bjs.At,input,m**2,[0.00147],bolt thread area [float]
rotorse.rs.bjs.m_bolt,input,kg,[8.03],bolt+washer mass. [float]
rotorse.rs.bjs.rho_mat,input,kg/m**3,[1235. 1100. 1940. 1600. 1940. 1940.  130. 1150. 7800. 7800.],list of material densities. [(n_mat) 1D array of str]
rotorse.rs.bjs.Xt_mat,input,Pa,"[[0.0000e+00 0.0000e+00 0.0000e+00]
 [6.1510e+07 6.1510e+07 6.1510e+07]
 [6.4023e+08 3.8100e+07 0.0000e+00]
 [1.2852e+09 3.8100e+07 0.0000e+00]
 [4.6210e+07 4.6210e+07 4.6210e+07]
 [4.3563e+08 7.6440e+07 0.0000e+00]
 [2.0830e+06 2.0830e+06 2.0830e+06]
 [0.0000e+00 0.0000e+00 0.0000e+00]
 [4.5000e+08 4.5000e+08 4.5000e+08]
 [1.7900e+09 1.7900e+09 1.7900e+09]]",list of material tensile strengths. [(n_mat x 3) 2D array of float]
rotorse.rs.bjs.Xy_mat,input,Pa,"[0.00e+00 0.00e+00 0.00e+00 0.00e+00 0.00e+00 0.00e+00 0.00e+00 0.00e+00
 3.45e+08 1.65e+09]",list of material yield strengths. [(n_mat x 3) 1D array of float]
rotorse.rs.bjs.E_mat,input,Pa,"[[3.44000e+09 3.44000e+09 3.44000e+09]
 [4.56000e+06 4.56000e+06 4.56000e+06]
 [4.37000e+10 1.65000e+10 1.54500e+10]
 [1.57599e+11 9.10000e+09 9.10000e+09]
 [1.10231e+10 1.10231e+10 1.60477e+10]
 [2.82114e+10 1.62388e+10 1.58355e+10]
 [1.42500e+08 1.42500e+08 1.42500e+08]
 [1.00000e+06 1.00000e+06 1.00000e+06]
 [2.00000e+11 2.00000e+11 2.00000e+11]
 [2.10000e+11 2.10000e+11 2.10000e+11]]",list of material elastic moduli. [(n_mat x 3) list of float]
rotorse.rs.bjs.S_mat,input,Pa,"[[0.0000e+00 0.0000e+00 0.0000e+00]
 [3.6610e+07 3.6610e+07 3.6610e+07]
 [3.0170e+07 1.8970e+07 6.2100e+06]
 [3.0170e+07 1.8970e+07 6.2100e+06]
 [1.2446e+08 1.8970e+07 6.2100e+06]
 [8.5060e+07 1.8970e+07 6.2100e+06]
 [1.2500e+06 1.2500e+06 1.2500e+06]
 [0.0000e+00 0.0000e+00 0.0000e+00]
 [0.0000e+00 0.0000e+00 0.0000e+00]
 [0.0000e+00 0.0000e+00 0.0000e+00]]",
rotorse.rs.bjs.unit_cost,input,USD/kg,[ 7.23  7.23  1.87 20.08  3.    2.86 13.    3.63  0.7   2.  ],1D array of the unit costs of the materials.
rotorse.rs.bjs.Se_insert,input,Pa,[3.16e+08],insert material endurance limit. [float]
rotorse.rs.bjs.mu_joint,input,,[0.5],steel insert friction factor. [float]
rotorse.rs.bjs.joint_position,input,,[0.7],nondimensionalized joint position along blade
rotorse.rs.bjs.bolt_spacing_dia,input,,[3.],joint bolt spacing along sparcap in y. [int]
rotorse.rs.bjs.ply_drop_slope,input,,[0.125],required ply drop slope. [float]
rotorse.rs.bjs.t_adhesive,input,m,[0.005],insert-sparcap adhesive thickness. [float]
rotorse.rs.bjs.t_max,input,,[0.25],maximum spar cap thickness per spar cap height. [float]
rotorse.rs.bjs.a,input,,[0.1965],
rotorse.rs.bjs.b,input,,[0.],
rotorse.rs.bjs.c,input,,[0.6448],
rotorse.rs.bjs.itermax,input,,[20.],max # calculation iterations. [int]
rotorse.rs.bjs.discrete,input,,[0.],whether discrete calculation is allowed. Set to False if in optimization loop. [bool]
rotorse.rs.bjs.joint_nonmaterial_cost,input,USD,[18600.],"Non-material joint cost (mfg, assembly, transportation)."
rotorse.rs.bjs.name_mat,input,n/a,"['Gelcoat', 'Adhesive', 'glass_uni', 'carbon_uni_industry_baseline', 'glass_biax', 'glass_triax', 'medium_density_foam', 'resin', 'steel', 'joint_insert']",list of material names. [(n_mat) list of str]
rotorse.rs.bjs.joint_bolt,input,n/a,M36,Type of bolt used in joint
rotorse.rs.bjs.reinforcement_layer_ss,input,n/a,joint_reinf_ss,"Layer identifier for the reinforcement layer at the join where bolts are inserted, suction side"
rotorse.rs.bjs.reinforcement_layer_ps,input,n/a,joint_reinf_ps,"Layer identifier for the reinforcement layer at the join where bolts are inserted, pressure side"
rotorse.rs.bjs.layer_side,input,n/a,"['', '', 'suction', 'pressure', 'suction', 'pressure', '', '', '', '', '', '', '', '', '', '', '', '', '', '']",1D array setting whether the layer is on the suction or pressure side. This entry is only used if definition_layer is equal to 1 or 2.
rotorse.rs.brs.s_f,input,,[2.5],Safety factor
rotorse.rs.brs.d_f,input,m,[0.03],Diameter of the fastener
rotorse.rs.brs.sigma_max,input,Pa,[6.75e+08],Max stress on bolt
rotorse.rs.constr.max_strainU_spar,input,,[0.004],maximum strain in spar cap suction side
rotorse.rs.constr.max_strainL_spar,input,,[0.004],maximum strain in spar cap pressure side
rotorse.rs.constr.max_strainU_te,input,,[0.004],maximum strain in spar cap suction side
rotorse.rs.constr.max_strainL_te,input,,[0.004],maximum strain in spar cap pressure side
rotorse.rs.constr.s_opt_spar_cap_ss,input,,"[0.         0.03448276 0.06896552 0.10344828 0.13793103 0.17241379
 0.20689655 0.24137931 0.27586207 0.31034483 0.34482759 0.37931034
 0.4137931  0.44827586 0.48275862 0.51724138 0.55172414 0.5862069
 0.62068966 0.65517241 0.68965517 0.72413793 0.75862069 0.79310345
 0.82758621 0.86206897 0.89655172 0.93103448 0.96551724 1.        ]",1D array of the non-dimensional spanwise grid defined along blade axis to optimize the blade spar cap suction side
rotorse.rs.constr.s_opt_spar_cap_ps,input,,"[0.         0.03448276 0.06896552 0.10344828 0.13793103 0.17241379
 0.20689655 0.24137931 0.27586207 0.31034483 0.34482759 0.37931034
 0.4137931  0.44827586 0.48275862 0.51724138 0.55172414 0.5862069
 0.62068966 0.65517241 0.68965517 0.72413793 0.75862069 0.79310345
 0.82758621 0.86206897 0.89655172 0.93103448 0.96551724 1.        ]",1D array of the non-dimensional spanwise grid defined along blade axis to optimize the blade spar cap pressure side
rotorse.rs.constr.s_opt_te_ss,input,,"[0.         0.03448276 0.06896552 0.10344828 0.13793103 0.17241379
 0.20689655 0.24137931 0.27586207 0.31034483 0.34482759 0.37931034
 0.4137931  0.44827586 0.48275862 0.51724138 0.55172414 0.5862069
 0.62068966 0.65517241 0.68965517 0.72413793 0.75862069 0.79310345
 0.82758621 0.86206897 0.89655172 0.93103448 0.96551724 1.        ]",1D array of the non-dimensional spanwise grid defined along blade axis to optimize the blade trailing edge suction side
rotorse.rs.constr.s_opt_te_ps,input,,"[0.         0.03448276 0.06896552 0.10344828 0.13793103 0.17241379
 0.20689655 0.24137931 0.27586207 0.31034483 0.34482759 0.37931034
 0.4137931  0.44827586 0.48275862 0.51724138 0.55172414 0.5862069
 0.62068966 0.65517241 0.68965517 0.72413793 0.75862069 0.79310345
 0.82758621 0.86206897 0.89655172 0.93103448 0.96551724 1.        ]",1D array of the non-dimensional spanwise grid defined along blade axis to optimize the blade trailing edge pressure side
rotorse.rs.constr.blade_number,input,n/a,3,
rotorse.rs.tip_pos.dynamicFactor,input,,[1.],a dynamic amplification factor to adjust the static deflection calculation
rotorse.rs.tot_loads_gust.aeroloads_azimuth,input,deg,[0.],azimuthal angle
rotorse.rs.tot_loads_gust.dynamicFactor,input,,[1.],a dynamic amplification factor to adjust the static deflection calculation
rotorse.split.joint_position,input,,[0.7],Spanwise position of the segmentation joint.
rotorse.stall_check.stall_margin,input,deg,[2.99828814],Minimum margin from the stall angle
rotorse.stall_check.min_s,input,,[0.25],Minimum nondimensional coordinate along blade span where to define the constraint (blade root typically stalls)
financese.tcc_per_kW,intermediate,USD/kW,[1416.31946237],
financese.bos_per_kW,intermediate,USD/kW,[343.37554522],
financese.turbine_aep,intermediate,kW*h,[24386946.30525747],
landbosse.blade_surface_area,intermediate,m**2,[151.29177473],
landbosse.foundation_height,intermediate,m,[0.],
landbosse.nacelle_mass,intermediate,kg,[178691.3592883],
landbosse.tower_mass,intermediate,kg,[791445.95807925],
landbosse.blade_mass,intermediate,kg,[49737.88272227],The mass of one rotor blade.
landbosse.hub_mass,intermediate,kg,[35485.31476091],Mass of the rotor hub
landbosse.hub_height_meters,intermediate,m,[140.],Hub height m
landbosse.rotor_diameter_m,intermediate,m,[205.99253562],Rotor diameter m
landbosse.rated_thrust_N,intermediate,N,[843425.03797428],Rated Thrust (N)
landbosse.gust_velocity_m_per_s,intermediate,m/s,[52.5],50-year Gust Velocity (m/s)
outputs_2_screen.aep,intermediate,GW*h,[24.38694631],
outputs_2_screen.blade_mass,intermediate,kg,[49737.88272227],
outputs_2_screen.lcoe,intermediate,USD/MW/h,[34.90545591],
outputs_2_screen.tip_deflection,intermediate,m,[14.87370252],
tcc.main_bearing_mass,intermediate,kg,[1415.08884437],
tcc.bedplate_mass,intermediate,kg,[28022.72936555],
tcc.blade_mass,intermediate,kg,[49737.88272227],
tcc.blade_cost_external,intermediate,USD,[583258.97038238],
tcc.brake_mass,intermediate,kg,[8190.02422853],
tcc.converter_mass,intermediate,kg,[4196.35],
tcc.cover_mass,intermediate,kg,[6789.50152745],
tcc.gearbox_mass,intermediate,kg,[33565.67306777],
tcc.generator_mass,intermediate,kg,[19195.74437204],
tcc.hss_mass,intermediate,kg,[762.1855636],
tcc.hub_cost,output,USD,[30934.75677284],
tcc.hub_mass,intermediate,kg,[7931.98891611],
tcc.pitch_system_cost,output,USD,[556724.94597536],
tcc.pitch_system_mass,intermediate,kg,[25191.17402603],
tcc.spinner_cost,output,USD,[26219.88518832],
tcc.spinner_mass,intermediate,kg,[2362.15181877],
tcc.hvac_mass,intermediate,kg,[2912.15086465],
tcc.lss_mass,intermediate,kg,[4854.1340218],
tcc.lss_cost,output,USD,[57764.19485942],
tcc.main_bearing_cost,output,USD,[6367.89979965],
tcc.gearbox_cost,output,USD,[335656.73067766],
tcc.hss_cost,output,USD,[5182.86183247],
tcc.brake_cost,output,USD,[29692.11383813],
tcc.generator_cost,output,USD,[238027.23021334],
tcc.bedplate_cost,output,USD,[81265.9151601],
tcc.yaw_system_cost,output,USD,[147061.28095398],
tcc.yaw_mass,intermediate,kg,[17718.22662096],
tcc.converter_cost,output,USD,[78891.38],
tcc.hvac_cost,output,USD,[361106.70721617],
tcc.cover_cost,output,USD,[38700.15870644],
tcc.elec_cost,output,USD,[209250.],
tcc.controls_cost,output,USD,[105750.],
tcc.platforms_mass,intermediate,kg,[38169.46196722],
tcc.platforms_cost,output,USD,[652697.79963941],
tcc.transformer_cost,output,USD,[215918.],
tcc.transformer_mass,intermediate,kg,[11485.],
tcc.blade_cost,output,USD,[583258.97038238],
tcc.rotor_cost,output,USD,[2363656.49908366],
tcc.rotor_mass_tcc,output,kg,[184698.96292772],
tcc.nacelle_cost,output,USD,[2569700.17269644],
tcc.nacelle_mass_tcc,output,kg,[178691.3592883],
tcc.tower_cost,output,USD,[2148240.64007646],
tcc.tower_mass,intermediate,kg,[791445.95807925],
tcc.turbine_cost,output,USD,[7081597.31185656],
tcc.turbine_cost_kW,output,USD/kW,[1416.31946237],
tcc.turbine_mass_tcc,output,kg,[1154836.28029528],
tcc.hub_system_cost,output,USD,[613879.58793652],
tcc.hub_system_mass_tcc,output,kg,[35485.31476091],
tcc.tower_parts_cost,output,USD,[2148240.64007646],
tcc.tower_cost_external,intermediate,USD,[2148240.64007646],
tcons.rated_Omega,intermediate,rpm,[7.88077303],rotor rotation speed at rated
tcons.tower_freq,intermediate,Hz,[0.21851674],
tcons.tip_deflection,intermediate,m,[14.87370252],
tcons.Rtip,intermediate,m,[102.99626781],
tcons.ref_axis_blade,intermediate,m,"[[ 0.00000000e+00  0.00000000e+00  0.00000000e+00]
 [ 1.45896086e-02  0.00000000e+00  3.44814717e+00]
 [ 5.22230768e-02  0.00000000e+00  6.89629433e+00]
 [ 1.08141891e-01  0.00000000e+00  1.03444415e+01]
 [ 1.74250500e-01  0.00000000e+00  1.37925887e+01]
 [ 2.41136773e-01  0.00000000e+00  1.72407358e+01]
 [ 3.00085581e-01  0.00000000e+00  2.06888830e+01]
 [ 3.42651213e-01  0.00000000e+00  2.41370302e+01]
 [ 3.59821072e-01  0.00000000e+00  2.75851773e+01]
 [ 3.47586472e-01  0.00000000e+00  3.10333245e+01]
 [ 3.14508104e-01  0.00000000e+00  3.44814717e+01]
 [ 2.66858145e-01  0.00000000e+00  3.79296188e+01]
 [ 2.10870490e-01  0.00000000e+00  4.13777660e+01]
 [ 1.40477297e-01  0.00000000e+00  4.48259132e+01]
 [ 3.80470534e-02  0.00000000e+00  4.82740603e+01]
 [-9.07529186e-02  0.00000000e+00  5.17222075e+01]
 [-2.35123811e-01  0.00000000e+00  5.51703547e+01]
 [-3.94137332e-01  0.00000000e+00  5.86185018e+01]
 [-5.85777112e-01  0.00000000e+00  6.20666490e+01]
 [-8.05291806e-01  0.00000000e+00  6.55147962e+01]
 [-1.11555530e+00  0.00000000e+00  6.99973875e+01]
 [-1.29121723e+00  0.00000000e+00  7.24110905e+01]
 [-1.56372970e+00  0.00000000e+00  7.58592376e+01]
 [-1.85903588e+00  0.00000000e+00  7.93073848e+01]
 [-2.17067421e+00  0.00000000e+00  8.27555320e+01]
 [-2.49837779e+00  0.00000000e+00  8.62036791e+01]
 [-2.84335536e+00  0.00000000e+00  8.96518263e+01]
 [-3.20952152e+00  0.00000000e+00  9.30999735e+01]
 [-3.59684443e+00  0.00000000e+00  9.65481206e+01]
 [-4.00000000e+00  0.00000000e+00  9.99962678e+01]]",
tcons.ref_axis_tower,intermediate,m,"[[  0.    0.    0. ]
 [  0.    0.   13.7]
 [  0.    0.   27.4]
 [  0.    0.   41.1]
 [  0.    0.   54.8]
 [  0.    0.   68.5]
 [  0.    0.   82.2]
 [  0.    0.   95.9]
 [  0.    0.  109.6]
 [  0.    0.  123.3]
 [  0.    0.  137. ]]",
towerse.env.distLoads.windLoads_Px,intermediate,N/m,"[  0.         217.87015428 298.63451078 355.98691136 402.20905503
 441.5539678  476.12925789 507.18829639 535.52795554 561.69015439
 586.0621665  608.93150809 630.51819495 650.99478875 670.49942823
 689.14462046 707.02335886 724.21349539 740.78093708 756.78203019
 772.26536967 787.27319406 801.84247577 816.00578386 829.79197463
 838.27885528 846.28822717 853.84523445 849.04919535 843.47938807
 837.15794308]",
towerse.env.distLoads.windLoads_Py,intermediate,N/m,"[0. 0. 0. 0. 0. 0. 0. 0. 0. 0. 0. 0. 0. 0. 0. 0. 0. 0. 0. 0. 0. 0. 0. 0.
 0. 0. 0. 0. 0. 0. 0.]",
towerse.env.distLoads.windLoads_Pz,intermediate,N/m,"[0. 0. 0. 0. 0. 0. 0. 0. 0. 0. 0. 0. 0. 0. 0. 0. 0. 0. 0. 0. 0. 0. 0. 0.
 0. 0. 0. 0. 0. 0. 0.]",
towerse.env.distLoads.windLoads_qdyn,intermediate,N/m**2,"[  0.          54.91373847  72.45911233  85.217642    95.61037192
 104.53675453 112.44535275 119.59698381 126.1586421  132.24462055
 137.93707458 143.29732561 148.37253249 153.1998542  157.80916625
 162.22489984 166.46732627 170.55347779 174.49782298 178.31277198
 182.00906109 185.59604999 189.08195473 192.47403259 195.77873036
 199.00180451 202.14841955 205.22322908 208.23044326 211.17388521
 214.05703866]",
towerse.env.distLoads.windLoads_z,intermediate,m,"[  0.           4.56666667   9.13333333  13.7         18.26666667
  22.83333333  27.4         31.96666667  36.53333333  41.1
  45.66666667  50.23333333  54.8         59.36666667  63.93333333
  68.5         73.06666667  77.63333333  82.2         86.76666667
  91.33333333  95.9        100.46666667 105.03333333 109.6
 114.16666667 118.73333333 123.3        127.86666667 132.43333333
 137.        ]",
towerse.env.distLoads.windLoads_beta,intermediate,deg,[0.],
towerse.z_global,output,m,"[  0.           4.56666667   9.13333333  13.7         18.26666667
  22.83333333  27.4         31.96666667  36.53333333  41.1
  45.66666667  50.23333333  54.8         59.36666667  63.93333333
  68.5         73.06666667  77.63333333  82.2         86.76666667
  91.33333333  95.9        100.46666667 105.03333333 109.6
 114.16666667 118.73333333 123.3        127.86666667 132.43333333
 137.        ]",
towerse.env.Uref,intermediate,m/s,[18.77557317],
towerse.wind_reference_height,intermediate,m,[140.],
towerse.env.windLoads.U,intermediate,m/s,"[ 0.          9.46863682 10.87660754 11.79537384 12.49394119 13.06415907
 13.54932653 13.9735601  14.35176969 14.69386214 15.00677804 15.29558163
 15.5640891  15.81525248 16.05140549 16.27442716 16.48585423 16.68696071
 16.87881527 17.06232379 17.23826125 17.40729615 17.57000945 17.72690945
 17.87844354 18.02500778 18.16695451 18.30459869 18.43822309 18.56808257
 18.69440771]",
towerse.outer_diameter_full,output,m,"[6.         6.         6.         6.         6.         6.
 6.         6.         6.         6.         6.         6.
 6.         6.         6.         6.         6.         6.
 6.         6.         6.         6.         6.         6.
 6.         5.96359738 5.92719475 5.89079213 5.77063673 5.65048132
 5.53032592]",
towerse.joint1,output,m,[0. 0. 0.],
towerse.joint2,output,m,[  0.   0. 137.],
towerse.s_full,output,m,"[0.         0.03333333 0.06666667 0.1        0.13333333 0.16666667
 0.2        0.23333333 0.26666667 0.3        0.33333333 0.36666667
 0.4        0.43333333 0.46666667 0.5        0.53333333 0.56666667
 0.6        0.63333333 0.66666667 0.7        0.73333333 0.76666667
 0.8        0.83333333 0.86666667 0.9        0.93333333 0.96666667
 1.        ]",
towerse.g2e.Px_global,intermediate,N/m,"[  0.         217.87015428 298.63451078 355.98691136 402.20905503
 441.5539678  476.12925789 507.18829639 535.52795554 561.69015439
 586.0621665  608.93150809 630.51819495 650.99478875 670.49942823
 689.14462046 707.02335886 724.21349539 740.78093708 756.78203019
 772.26536967 787.27319406 801.84247577 816.00578386 829.79197463
 838.27885528 846.28822717 853.84523445 849.04919535 843.47938807
 837.15794308]",
towerse.g2e.Py_global,intermediate,N/m,"[0. 0. 0. 0. 0. 0. 0. 0. 0. 0. 0. 0. 0. 0. 0. 0. 0. 0. 0. 0. 0. 0. 0. 0.
 0. 0. 0. 0. 0. 0. 0.]",
towerse.g2e.Pz_global,intermediate,N/m,"[0. 0. 0. 0. 0. 0. 0. 0. 0. 0. 0. 0. 0. 0. 0. 0. 0. 0. 0. 0. 0. 0. 0. 0.
 0. 0. 0. 0. 0. 0. 0.]",
towerse.g2e.qdyn_global,intermediate,Pa,"[  0.          54.91373847  72.45911233  85.217642    95.61037192
 104.53675453 112.44535275 119.59698381 126.1586421  132.24462055
 137.93707458 143.29732561 148.37253249 153.1998542  157.80916625
 162.22489984 166.46732627 170.55347779 174.49782298 178.31277198
 182.00906109 185.59604999 189.08195473 192.47403259 195.77873036
 199.00180451 202.14841955 205.22322908 208.23044326 211.17388521
 214.05703866]",
towerse.lc:Px,intermediate,N/m,"[0. 0. 0. 0. 0. 0. 0. 0. 0. 0. 0. 0. 0. 0. 0. 0. 0. 0. 0. 0. 0. 0. 0. 0.
 0. 0. 0. 0. 0. 0. 0.]",
towerse.lc:Py,intermediate,N/m,"[0. 0. 0. 0. 0. 0. 0. 0. 0. 0. 0. 0. 0. 0. 0. 0. 0. 0. 0. 0. 0. 0. 0. 0.
 0. 0. 0. 0. 0. 0. 0.]",
towerse.lc:Pz,intermediate,N/m,"[   0.         -217.87015428 -298.63451078 -355.98691136 -402.20905503
 -441.5539678  -476.12925789 -507.18829639 -535.52795554 -561.69015439
 -586.0621665  -608.93150809 -630.51819495 -650.99478875 -670.49942823
 -689.14462046 -707.02335886 -724.21349539 -740.78093708 -756.78203019
 -772.26536967 -787.27319406 -801.84247577 -816.00578386 -829.79197463
 -838.27885528 -846.28822717 -853.84523445 -849.04919535 -843.47938807
 -837.15794308]",
towerse.lc:qdyn,intermediate,Pa,"[  0.          54.91373847  72.45911233  85.217642    95.61037192
 104.53675453 112.44535275 119.59698381 126.1586421  132.24462055
 137.93707458 143.29732561 148.37253249 153.1998542  157.80916625
 162.22489984 166.46732627 170.55347779 174.49782298 178.31277198
 182.00906109 185.59604999 189.08195473 192.47403259 195.77873036
 199.00180451 202.14841955 205.22322908 208.23044326 211.17388521
 214.05703866]",
towerse.z_full,output,m,"[  0.           4.56666667   9.13333333  13.7         18.26666667
  22.83333333  27.4         31.96666667  36.53333333  41.1
  45.66666667  50.23333333  54.8         59.36666667  63.93333333
  68.5         73.06666667  77.63333333  82.2         86.76666667
  91.33333333  95.9        100.46666667 105.03333333 109.6
 114.16666667 118.73333333 123.3        127.86666667 132.43333333
 137.        ]",
towerse.t_full,output,m,"[0.06190994 0.06190994 0.06190994 0.05532001 0.05532001 0.05532001
 0.04902645 0.04902645 0.04902645 0.04351143 0.04351143 0.04351143
 0.03838378 0.03838378 0.03838378 0.03328114 0.03328114 0.03328114
 0.0282451  0.0282451  0.0282451  0.02352226 0.02352226 0.02352226
 0.01966602 0.01966602 0.01966602 0.01803766 0.01803766 0.01803766]",
towerse.tower_height,intermediate,m,[137.],
towerse.E_full,output,Pa,"[2.e+11 2.e+11 2.e+11 2.e+11 2.e+11 2.e+11 2.e+11 2.e+11 2.e+11 2.e+11
 2.e+11 2.e+11 2.e+11 2.e+11 2.e+11 2.e+11 2.e+11 2.e+11 2.e+11 2.e+11
 2.e+11 2.e+11 2.e+11 2.e+11 2.e+11 2.e+11 2.e+11 2.e+11 2.e+11 2.e+11]",
towerse.G_full,output,Pa,"[7.93e+10 7.93e+10 7.93e+10 7.93e+10 7.93e+10 7.93e+10 7.93e+10 7.93e+10
 7.93e+10 7.93e+10 7.93e+10 7.93e+10 7.93e+10 7.93e+10 7.93e+10 7.93e+10
 7.93e+10 7.93e+10 7.93e+10 7.93e+10 7.93e+10 7.93e+10 7.93e+10 7.93e+10
 7.93e+10 7.93e+10 7.93e+10 7.93e+10 7.93e+10 7.93e+10]",
towerse.rho_full,output,kg/m**3,"[7800. 7800. 7800. 7800. 7800. 7800. 7800. 7800. 7800. 7800. 7800. 7800.
 7800. 7800. 7800. 7800. 7800. 7800. 7800. 7800. 7800. 7800. 7800. 7800.
 7800. 7800. 7800. 7800. 7800. 7800.]",
towerse.sigma_y_full,output,Pa,"[3.45e+08 3.45e+08 3.45e+08 3.45e+08 3.45e+08 3.45e+08 3.45e+08 3.45e+08
 3.45e+08 3.45e+08 3.45e+08 3.45e+08 3.45e+08 3.45e+08 3.45e+08 3.45e+08
 3.45e+08 3.45e+08 3.45e+08 3.45e+08 3.45e+08 3.45e+08 3.45e+08 3.45e+08
 3.45e+08 3.45e+08 3.45e+08 3.45e+08 3.45e+08 3.45e+08]",
towerse.section_A,output,m**2,"[1.23577911 1.23577911 1.23577911 1.10546343 1.10546343 1.10546343
 0.9807361  0.9807361  0.9807361  0.87121896 0.87121896 0.87121896
 0.76921086 0.76921086 0.76921086 0.66752482 0.66752482 0.66752482
 0.56699426 0.56699426 0.56699426 0.47256114 0.47256114 0.47256114
 0.39414113 0.39173465 0.38932817 0.35244392 0.34515845 0.33787299]",
towerse.section_Asx,output,m**2,"[0.70458592 0.70458592 0.70458592 0.62995654 0.62995654 0.62995654
 0.55860341 0.55860341 0.55860341 0.49601188 0.49601188 0.49601188
 0.43776185 0.43776185 0.43776185 0.37974298 0.37974298 0.37974298
 0.32242913 0.32242913 0.32242913 0.26863238 0.26863238 0.26863238
 0.22398973 0.22262415 0.22125856 0.20027579 0.19614158 0.19200736]",
towerse.section_Asy,output,m**2,"[0.70458592 0.70458592 0.70458592 0.62995654 0.62995654 0.62995654
 0.55860341 0.55860341 0.55860341 0.49601188 0.49601188 0.49601188
 0.43776185 0.43776185 0.43776185 0.37974298 0.37974298 0.37974298
 0.32242913 0.32242913 0.32242913 0.26863238 0.26863238 0.26863238
 0.22398973 0.22262415 0.22125856 0.20027579 0.19614158 0.19200736]",
towerse.section_Ixx,output,kg*m**2,"[5.44742959 5.44742959 5.44742959 4.88369984 4.88369984 4.88369984
 4.34177875 4.34177875 4.34177875 3.86403572 3.86403572 3.86403572
 3.41744436 3.41744436 3.41744436 2.97072256 2.97072256 2.97072256
 2.52756506 2.52756506 2.52756506 2.10991692 2.10991692 2.10991692
 1.7513372  1.7194538  1.68795973 1.48852647 1.39811285 1.31143661]",
towerse.section_Iyy,output,kg*m**2,"[5.44742959 5.44742959 5.44742959 4.88369984 4.88369984 4.88369984
 4.34177875 4.34177875 4.34177875 3.86403572 3.86403572 3.86403572
 3.41744436 3.41744436 3.41744436 2.97072256 2.97072256 2.97072256
 2.52756506 2.52756506 2.52756506 2.10991692 2.10991692 2.10991692
 1.7513372  1.7194538  1.68795973 1.48852647 1.39811285 1.31143661]",
towerse.section_J0,output,kg*m**2,"[10.89485918 10.89485918 10.89485918  9.76739968  9.76739968  9.76739968
  8.6835575   8.6835575   8.6835575   7.72807143  7.72807143  7.72807143
  6.83488872  6.83488872  6.83488872  5.94144512  5.94144512  5.94144512
  5.05513012  5.05513012  5.05513012  4.21983385  4.21983385  4.21983385
  3.50267439  3.4389076   3.37591947  2.97705294  2.79622571  2.62287322]",
towerse.section_rho,output,kg/m**3,"[7800. 7800. 7800. 7800. 7800. 7800. 7800. 7800. 7800. 7800. 7800. 7800.
 7800. 7800. 7800. 7800. 7800. 7800. 7800. 7800. 7800. 7800. 7800. 7800.
 7800. 7800. 7800. 7800. 7800. 7800.]",
towerse.section_E,output,Pa,"[2.e+11 2.e+11 2.e+11 2.e+11 2.e+11 2.e+11 2.e+11 2.e+11 2.e+11 2.e+11
 2.e+11 2.e+11 2.e+11 2.e+11 2.e+11 2.e+11 2.e+11 2.e+11 2.e+11 2.e+11
 2.e+11 2.e+11 2.e+11 2.e+11 2.e+11 2.e+11 2.e+11 2.e+11 2.e+11 2.e+11]",
towerse.section_G,output,Pa,"[7.93e+10 7.93e+10 7.93e+10 7.93e+10 7.93e+10 7.93e+10 7.93e+10 7.93e+10
 7.93e+10 7.93e+10 7.93e+10 7.93e+10 7.93e+10 7.93e+10 7.93e+10 7.93e+10
 7.93e+10 7.93e+10 7.93e+10 7.93e+10 7.93e+10 7.93e+10 7.93e+10 7.93e+10
 7.93e+10 7.93e+10 7.93e+10 7.93e+10 7.93e+10 7.93e+10]",
towerse.section_L,output,m,"[4.56666667 4.56666667 4.56666667 4.56666667 4.56666667 4.56666667
 4.56666667 4.56666667 4.56666667 4.56666667 4.56666667 4.56666667
 4.56666667 4.56666667 4.56666667 4.56666667 4.56666667 4.56666667
 4.56666667 4.56666667 4.56666667 4.56666667 4.56666667 4.56666667
 4.56666667 4.56666667 4.56666667 4.56666667 4.56666667 4.56666667]",
towerse.post.cylinder_Fz,intermediate,N,"[[-9354112.73772666]
 [-8921285.7653038 ]
 [-8488146.57981274]
 [-8100292.70471186]
 [-7712245.4052359 ]
 [-7324031.00909008]
 [-6979235.67991221]
 [-6634306.07987926]
 [-6289253.27873564]
 [-5982340.72909052]
 [-5675321.39041427]
 [-5368201.55882843]
 [-5096618.21785514]
 [-4824944.49910245]
 [-4553184.54277324]
 [-4316861.11826938]
 [-4080458.42063698]
 [-3843979.41402285]
 [-3642542.24969726]
 [-3441033.91494342]
 [-3239456.65480865]
 [-3070798.1532315 ]
 [-2902074.70174006]
 [-2733288.0702131 ]
 [-2591843.3236317 ]
 [-2451201.87244789]
 [-2311365.81904806]
 [-2184407.25217278]
 [-2060016.93143756]
 [-1938198.3268541 ]]",
towerse.post.cylinder_Vx,intermediate,N,"[[2058332.23388975]
 [2058594.59672111]
 [2058848.60589495]
 [2059012.63377187]
 [2059249.2734797 ]
 [2059477.34585267]
 [2059540.7279309 ]
 [2059751.23461348]
 [2059953.05564177]
 [2059940.78044581]
 [2060124.97894228]
 [2060300.41752803]
 [2060213.454759  ]
 [2060371.24915862]
 [2060520.2371223 ]
 [2060347.75700158]
 [2060479.11449629]
 [2060601.63747299]
 [2060350.04997337]
 [2060454.9846276 ]
 [2060551.06520629]
 [2060246.26017988]
 [2060324.78838158]
 [2060394.44187772]
 [2060094.08980167]
 [2060135.04058331]
 [2060167.20852029]
 [2060019.37795198]
 [2060008.82171023]
 [2059988.84665352]]",
towerse.post.cylinder_Vy,intermediate,N,"[[54457.19696375]
 [54448.79269036]
 [54440.15611582]
 [54433.98231914]
 [54424.90411384]
 [54415.60047643]
 [54411.73871204]
 [54402.0018342 ]
 [54392.04386692]
 [54390.10808727]
 [54379.72029951]
 [54369.11467165]
 [54369.611799  ]
 [54358.57781354]
 [54347.3284237 ]
 [54351.50163162]
 [54339.82212861]
 [54327.92887221]
 [54336.51071413]
 [54324.1801651 ]
 [54311.63675974]
 [54324.38960921]
 [54311.3949825 ]
 [54298.18769415]
 [54312.25899036]
 [54299.36690024]
 [54286.17267996]
 [54288.27221784]
 [54276.49311291]
 [54264.14646278]]",
towerse.post.cylinder_Mxx,intermediate,N*m,"[[ 9256682.88689451]
 [ 9502958.57213633]
 [ 9747723.68296324]
 [ 9991008.33880998]
 [10232812.54406538]
 [10473262.19318998]
 [10712390.97101612]
 [10950174.87242619]
 [11186753.69891579]
 [11422172.44152477]
 [11656395.47133023]
 [11889576.44170083]
 [12121765.98980708]
 [12352905.9464142 ]
 [12583163.55633606]
 [12812584.36405161]
 [13041064.59804395]
 [13268784.53681293]
 [13495777.63398324]
 [13721880.40943502]
 [13947285.59044546]
 [14172011.95384964]
 [14395835.90304661]
 [14618962.20757554]
 [14841403.96571583]
 [15062893.34545119]
 [15283599.59984267]
 [15503577.07616694]
 [15722683.72820763]
 [15940980.64357944]]",
towerse.post.cylinder_Myy,intermediate,N*m,"[[2.88933860e+08]
 [2.79455036e+08]
 [2.69932173e+08]
 [2.60368784e+08]
 [2.50767867e+08]
 [2.41135322e+08]
 [2.31474314e+08]
 [2.21786836e+08]
 [2.12078271e+08]
 [2.02351643e+08]
 [1.92608330e+08]
 [1.82853184e+08]
 [1.73088940e+08]
 [1.63316252e+08]
 [1.53539436e+08]
 [1.43760799e+08]
 [1.33980079e+08]
 [1.24201070e+08]
 [1.14425670e+08]
 [1.04652796e+08]
 [9.48857449e+07]
 [8.51261108e+07]
 [7.53723306e+07]
 [6.56272305e+07]
 [5.58922802e+07]
 [4.61660030e+07]
 [3.64505517e+07]
 [2.67474943e+07]
 [1.70568981e+07]
 [7.38018524e+06]]",
towerse.post.cylinder_Mzz,intermediate,N*m,"[[1111611.76093284]
 [1111606.85843946]
 [1111601.94833125]
 [1111608.3858853 ]
 [1111603.46727396]
 [1111598.54625324]
 [1111605.43530653]
 [1111600.50668299]
 [1111595.57618387]
 [1111601.94486541]
 [1111597.00629743]
 [1111592.066055  ]
 [1111598.57934793]
 [1111593.62976297]
 [1111588.67857497]
 [1111596.36653344]
 [1111591.40348286]
 [1111586.4388118 ]
 [1111595.78583458]
 [1111590.80537036]
 [1111585.82319111]
 [1111596.84469719]
 [1111591.84135851]
 [1111586.83613811]
 [1111597.96185523]
 [1111593.49726498]
 [1111589.00644834]
 [1111592.68118319]
 [1111589.46527729]
 [1111586.21726988]]",
towerse.qdyn,output,Pa,"[[  0.        ]
 [ 54.91373847]
 [ 72.45911233]
 [ 85.217642  ]
 [ 95.61037192]
 [104.53675453]
 [112.44535275]
 [119.59698381]
 [126.1586421 ]
 [132.24462055]
 [137.93707458]
 [143.29732561]
 [148.37253249]
 [153.1998542 ]
 [157.80916625]
 [162.22489984]
 [166.46732627]
 [170.55347779]
 [174.49782298]
 [178.31277198]
 [182.00906109]
 [185.59604999]
 [189.08195473]
 [192.47403259]
 [195.77873036]
 [199.00180451]
 [202.14841955]
 [205.22322908]
 [208.23044326]
 [211.17388521]
 [214.05703866]]",
towerse.nodes_xyz,output,m,"[[  0.           0.           0.        ]
 [  0.           0.           4.56666667]
 [  0.           0.           9.13333333]
 [  0.           0.          13.7       ]
 [  0.           0.          18.26666667]
 [  0.           0.          22.83333333]
 [  0.           0.          27.4       ]
 [  0.           0.          31.96666667]
 [  0.           0.          36.53333333]
 [  0.           0.          41.1       ]
 [  0.           0.          45.66666667]
 [  0.           0.          50.23333333]
 [  0.           0.          54.8       ]
 [  0.           0.          59.36666667]
 [  0.           0.          63.93333333]
 [  0.           0.          68.5       ]
 [  0.           0.          73.06666667]
 [  0.           0.          77.63333333]
 [  0.           0.          82.2       ]
 [  0.           0.          86.76666667]
 [  0.           0.          91.33333333]
 [  0.           0.          95.9       ]
 [  0.           0.         100.46666667]
 [  0.           0.         105.03333333]
 [  0.           0.         109.6       ]
 [  0.           0.         114.16666667]
 [  0.           0.         118.73333333]
 [  0.           0.         123.3       ]
 [  0.           0.         127.86666667]
 [  0.           0.         132.43333333]
 [  0.           0.         137.        ]]",
towerse.rna_mass,intermediate,kg,[363390.32221602],
towerse.rna_I,intermediate,kg*m**2,"[1.97449075e+08 1.29456244e+08 1.28530657e+08 1.45286803e+01
 1.49528889e+05 4.81127798e+04]",
towerse.rna_cg,intermediate,m,[-6.33730578 -0.08644936  2.1465042 ],
towerse.tower.rna_F,intermediate,N,"[[ 2058190.5975299 ]
 [   54461.1024133 ]
 [-1938198.32685409]]",
towerse.tower.rna_M,intermediate,N*m,"[[15940974.25112372]
 [ 7380180.34451438]
 [ 1111500.75247237]]",
towerse.Px,output,N/m,"[[0.]
 [0.]
 [0.]
 [0.]
 [0.]
 [0.]
 [0.]
 [0.]
 [0.]
 [0.]
 [0.]
 [0.]
 [0.]
 [0.]
 [0.]
 [0.]
 [0.]
 [0.]
 [0.]
 [0.]
 [0.]
 [0.]
 [0.]
 [0.]
 [0.]
 [0.]
 [0.]
 [0.]
 [0.]
 [0.]
 [0.]]",
towerse.Py,output,N/m,"[[0.]
 [0.]
 [0.]
 [0.]
 [0.]
 [0.]
 [0.]
 [0.]
 [0.]
 [0.]
 [0.]
 [0.]
 [0.]
 [0.]
 [0.]
 [0.]
 [0.]
 [0.]
 [0.]
 [0.]
 [0.]
 [0.]
 [0.]
 [0.]
 [0.]
 [0.]
 [0.]
 [0.]
 [0.]
 [0.]
 [0.]]",
towerse.Pz,output,N/m,"[[   0.        ]
 [-217.87015428]
 [-298.63451078]
 [-355.98691136]
 [-402.20905503]
 [-441.5539678 ]
 [-476.12925789]
 [-507.18829639]
 [-535.52795554]
 [-561.69015439]
 [-586.0621665 ]
 [-608.93150809]
 [-630.51819495]
 [-650.99478875]
 [-670.49942823]
 [-689.14462046]
 [-707.02335886]
 [-724.21349539]
 [-740.78093708]
 [-756.78203019]
 [-772.26536967]
 [-787.27319406]
 [-801.84247577]
 [-816.00578386]
 [-829.79197463]
 [-838.27885528]
 [-846.28822717]
 [-853.84523445]
 [-849.04919535]
 [-843.47938807]
 [-837.15794308]]",
towerse.tower_mass,output,kg,[791445.95807925],
towerse.tower_center_of_mass,output,m,[53.17313517],
towerse.tower_I_base,output,kg*m**2,"[3.33148093e+09 3.33148093e+09 6.98473441e+06 0.00000000e+00
 0.00000000e+00 0.00000000e+00]",
rotorse.r,intermediate,m,"[  3.           6.44814717   9.89629433  13.3444415   16.79258866
  20.24073583  23.68888299  27.13703016  30.58517733  34.03332449
  37.48147166  40.92961882  44.37776599  47.82591316  51.27406032
  54.72220749  58.17035465  61.61850182  65.06664898  68.51479615
  72.99738747  75.41109048  78.85923765  82.30738481  85.75553198
  89.20367915  92.65182631  96.09997348  99.54812064 102.99626781]",radial locations where blade is defined (should be increasing and not go all the way to hub or tip)
rotorse.chord,intermediate,m,"[4.5        4.51653455 4.59255455 4.72026865 4.75       4.75
 4.75       4.75       4.75       4.75       4.75       4.7
 4.64       4.48       4.30815493 4.07109567 3.83078655 3.59377787
 3.3535724  3.10972681 2.79010443 2.61780457 2.37255549 2.12536608
 1.87360817 1.6133977  1.34551447 1.07050448 0.78813172 0.5       ]",chord length at each section
rotorse.ccblade.theta_in,intermediate,rad,"[ 0.3491      0.32625117  0.30085553  0.27319561  0.24355395  0.2057759
  0.15761451  0.11369865  0.08888556  0.08740227  0.08747036  0.08755246
  0.08760935  0.08649735  0.08026523  0.07090719  0.06112253  0.05334186
  0.04683973  0.04037517  0.03044013  0.02356245  0.0096627  -0.00714598
 -0.02406408 -0.03833817 -0.05056212 -0.06194147 -0.07234987 -0.08166095]",twist angle at each section (positive decreases angle of attack)
rotorse.airfoils_cl,intermediate,,"[[[[ 0.00000000e+00]
   [ 0.00000000e+00]
   [ 0.00000000e+00]
   [ 0.00000000e+00]
   [ 0.00000000e+00]]

  [[ 0.00000000e+00]
   [ 0.00000000e+00]
   [ 0.00000000e+00]
   [ 0.00000000e+00]
   [ 0.00000000e+00]]

  [[ 0.00000000e+00]
   [ 0.00000000e+00]
   [ 0.00000000e+00]
   [ 0.00000000e+00]
   [ 0.00000000e+00]]

  ...

  [[ 0.00000000e+00]
   [ 0.00000000e+00]
   [ 0.00000000e+00]
   [ 0.00000000e+00]
   [ 0.00000000e+00]]

  [[ 0.00000000e+00]
   [ 0.00000000e+00]
   [ 0.00000000e+00]
   [ 0.00000000e+00]
   [ 0.00000000e+00]]

  [[ 0.00000000e+00]
   [ 0.00000000e+00]
   [ 0.00000000e+00]
   [ 0.00000000e+00]
   [ 0.00000000e+00]]]


 [[[ 0.00000000e+00]
   [ 0.00000000e+00]
   [ 0.00000000e+00]
   [ 0.00000000e+00]
   [ 0.00000000e+00]]

  [[ 2.26137991e-03]
   [ 1.94775724e-03]
   [ 1.92094234e-03]
   [ 1.93109733e-03]
   [ 1.89340473e-03]]

  [[ 4.52275988e-03]
   [ 3.89551453e-03]
   [ 3.84188473e-03]
   [ 3.86219472e-03]
   [ 3.78680952e-03]]

  ...

  [[-4.52275988e-03]
   [-3.89551453e-03]
   [-3.84188473e-03]
   [-3.86219472e-03]
   [-3.78680952e-03]]

  [[-2.26137991e-03]
   [-1.94775724e-03]
   [-1.92094234e-03]
   [-1.93109733e-03]
   [-1.89340473e-03]]

  [[-7.53598903e-19]
   [-7.53598903e-19]
   [-7.53598903e-19]
   [-7.53598903e-19]
   [-7.53598903e-19]]]


 [[[ 0.00000000e+00]
   [ 0.00000000e+00]
   [ 0.00000000e+00]
   [ 0.00000000e+00]
   [ 0.00000000e+00]]

  [[ 2.24911443e-02]
   [ 2.00611592e-02]
   [ 1.98552462e-02]
   [ 1.99331949e-02]
   [ 1.96440645e-02]]

  [[ 4.49822890e-02]
   [ 4.01223189e-02]
   [ 3.97104929e-02]
   [ 3.98663903e-02]
   [ 3.92881293e-02]]

  ...

  [[-4.49822890e-02]
   [-4.01223189e-02]
   [-3.97104929e-02]
   [-3.98663903e-02]
   [-3.92881293e-02]]

  [[-2.24911443e-02]
   [-2.00611592e-02]
   [-1.98552462e-02]
   [-1.99331949e-02]
   [-1.96440645e-02]]

  [[-6.25425624e-18]
   [-6.25425624e-18]
   [-6.25425624e-18]
   [-6.25425624e-18]
   [-6.25425624e-18]]]


 ...


 [[[ 0.00000000e+00]
   [ 0.00000000e+00]
   [ 0.00000000e+00]
   [ 0.00000000e+00]
   [ 0.00000000e+00]]

  [[ 1.81891218e-01]
   [ 1.86009734e-01]
   [ 1.87437603e-01]
   [ 1.94392998e-01]
   [ 1.98011589e-01]]

  [[ 3.63782435e-01]
   [ 3.72019469e-01]
   [ 3.74875206e-01]
   [ 3.88785996e-01]
   [ 3.96023178e-01]]

  ...

  [[-3.63782435e-01]
   [-3.72019469e-01]
   [-3.74875206e-01]
   [-3.88785996e-01]
   [-3.96023178e-01]]

  [[-1.81891218e-01]
   [-1.86009734e-01]
   [-1.87437603e-01]
   [-1.94392998e-01]
   [-1.98011589e-01]]

  [[ 1.38777878e-17]
   [ 0.00000000e+00]
   [ 6.93889390e-18]
   [ 1.38777878e-17]
   [ 0.00000000e+00]]]


 [[[ 0.00000000e+00]
   [ 0.00000000e+00]
   [ 0.00000000e+00]
   [ 0.00000000e+00]
   [ 0.00000000e+00]]

  [[ 1.91313607e-01]
   [ 1.96662846e-01]
   [ 1.98266810e-01]
   [ 2.04863588e-01]
   [ 2.08470811e-01]]

  [[ 3.82627215e-01]
   [ 3.93325692e-01]
   [ 3.96533620e-01]
   [ 4.09727176e-01]
   [ 4.16941622e-01]]

  ...

  [[-3.82627215e-01]
   [-3.93325692e-01]
   [-3.96533620e-01]
   [-4.09727176e-01]
   [-4.16941622e-01]]

  [[-1.91313607e-01]
   [-1.96662846e-01]
   [-1.98266810e-01]
   [-2.04863588e-01]
   [-2.08470811e-01]]

  [[ 1.38777878e-17]
   [-1.38777878e-17]
   [ 0.00000000e+00]
   [ 1.38777878e-17]
   [ 0.00000000e+00]]]


 [[[ 0.00000000e+00]
   [ 0.00000000e+00]
   [ 0.00000000e+00]
   [ 0.00000000e+00]
   [ 0.00000000e+00]]

  [[ 2.02449660e-01]
   [ 2.09583515e-01]
   [ 2.11419915e-01]
   [ 2.17381080e-01]
   [ 2.21043270e-01]]

  [[ 4.04899320e-01]
   [ 4.19167029e-01]
   [ 4.22839830e-01]
   [ 4.34762160e-01]
   [ 4.42086540e-01]]

  ...

  [[-4.04899320e-01]
   [-4.19167029e-01]
   [-4.22839830e-01]
   [-4.34762160e-01]
   [-4.42086540e-01]]

  [[-2.02449660e-01]
   [-2.09583515e-01]
   [-2.11419915e-01]
   [-2.17381080e-01]
   [-2.21043270e-01]]

  [[-2.77555756e-17]
   [-1.38777878e-17]
   [ 1.38777878e-17]
   [ 0.00000000e+00]
   [-4.16333634e-17]]]]","lift coefficients, spanwise"
rotorse.airfoils_cd,intermediate,,"[[[[0.5       ]
   [0.5       ]
   [0.5       ]
   [0.5       ]
   [0.5       ]]

  [[0.5       ]
   [0.5       ]
   [0.5       ]
   [0.5       ]
   [0.5       ]]

  [[0.5       ]
   [0.5       ]
   [0.5       ]
   [0.5       ]
   [0.5       ]]

  ...

  [[0.5       ]
   [0.5       ]
   [0.5       ]
   [0.5       ]
   [0.5       ]]

  [[0.5       ]
   [0.5       ]
   [0.5       ]
   [0.5       ]
   [0.5       ]]

  [[0.5       ]
   [0.5       ]
   [0.5       ]
   [0.5       ]
   [0.5       ]]]


 [[[0.48317224]
   [0.48317224]
   [0.48317224]
   [0.48317224]
   [0.48317224]]

  [[0.48317224]
   [0.48317224]
   [0.48317224]
   [0.48317224]
   [0.48317224]]

  [[0.48317224]
   [0.48317224]
   [0.48317224]
   [0.48317224]
   [0.48317224]]

  ...

  [[0.48317224]
   [0.48317224]
   [0.48317224]
   [0.48317224]
   [0.48317224]]

  [[0.48317224]
   [0.48317224]
   [0.48317224]
   [0.48317224]
   [0.48317224]]

  [[0.48317224]
   [0.48317224]
   [0.48317224]
   [0.48317224]
   [0.48317224]]]


 [[[0.34328947]
   [0.34328947]
   [0.34328947]
   [0.34328947]
   [0.34328947]]

  [[0.34328947]
   [0.34328947]
   [0.34328947]
   [0.34328947]
   [0.34328947]]

  [[0.34328947]
   [0.34328947]
   [0.34328947]
   [0.34328947]
   [0.34328947]]

  ...

  [[0.34328947]
   [0.34328947]
   [0.34328947]
   [0.34328947]
   [0.34328947]]

  [[0.34328947]
   [0.34328947]
   [0.34328947]
   [0.34328947]
   [0.34328947]]

  [[0.34328947]
   [0.34328947]
   [0.34328947]
   [0.34328947]
   [0.34328947]]]


 ...


 [[[0.001     ]
   [0.001     ]
   [0.001     ]
   [0.001     ]
   [0.001     ]]

  [[0.001     ]
   [0.001     ]
   [0.001     ]
   [0.001     ]
   [0.001     ]]

  [[0.001     ]
   [0.001     ]
   [0.001     ]
   [0.001     ]
   [0.001     ]]

  ...

  [[0.001     ]
   [0.001     ]
   [0.001     ]
   [0.001     ]
   [0.001     ]]

  [[0.001     ]
   [0.001     ]
   [0.001     ]
   [0.001     ]
   [0.001     ]]

  [[0.001     ]
   [0.001     ]
   [0.001     ]
   [0.001     ]
   [0.001     ]]]


 [[[0.001     ]
   [0.001     ]
   [0.001     ]
   [0.001     ]
   [0.001     ]]

  [[0.001     ]
   [0.001     ]
   [0.001     ]
   [0.001     ]
   [0.001     ]]

  [[0.001     ]
   [0.001     ]
   [0.001     ]
   [0.001     ]
   [0.001     ]]

  ...

  [[0.001     ]
   [0.001     ]
   [0.001     ]
   [0.001     ]
   [0.001     ]]

  [[0.001     ]
   [0.001     ]
   [0.001     ]
   [0.001     ]
   [0.001     ]]

  [[0.001     ]
   [0.001     ]
   [0.001     ]
   [0.001     ]
   [0.001     ]]]


 [[[0.001     ]
   [0.001     ]
   [0.001     ]
   [0.001     ]
   [0.001     ]]

  [[0.001     ]
   [0.001     ]
   [0.001     ]
   [0.001     ]
   [0.001     ]]

  [[0.001     ]
   [0.001     ]
   [0.001     ]
   [0.001     ]
   [0.001     ]]

  ...

  [[0.001     ]
   [0.001     ]
   [0.001     ]
   [0.001     ]
   [0.001     ]]

  [[0.001     ]
   [0.001     ]
   [0.001     ]
   [0.001     ]
   [0.001     ]]

  [[0.001     ]
   [0.001     ]
   [0.001     ]
   [0.001     ]
   [0.001     ]]]]","drag coefficients, spanwise"
rotorse.airfoils_cm,intermediate,,"[[[[ 0.00000000e+00]
   [ 0.00000000e+00]
   [ 0.00000000e+00]
   [ 0.00000000e+00]
   [ 0.00000000e+00]]

  [[ 0.00000000e+00]
   [ 0.00000000e+00]
   [ 0.00000000e+00]
   [ 0.00000000e+00]
   [ 0.00000000e+00]]

  [[ 0.00000000e+00]
   [ 0.00000000e+00]
   [ 0.00000000e+00]
   [ 0.00000000e+00]
   [ 0.00000000e+00]]

  ...

  [[ 0.00000000e+00]
   [ 0.00000000e+00]
   [ 0.00000000e+00]
   [ 0.00000000e+00]
   [ 0.00000000e+00]]

  [[ 0.00000000e+00]
   [ 0.00000000e+00]
   [ 0.00000000e+00]
   [ 0.00000000e+00]
   [ 0.00000000e+00]]

  [[ 0.00000000e+00]
   [ 0.00000000e+00]
   [ 0.00000000e+00]
   [ 0.00000000e+00]
   [ 0.00000000e+00]]]


 [[[ 0.00000000e+00]
   [ 0.00000000e+00]
   [ 0.00000000e+00]
   [ 0.00000000e+00]
   [ 0.00000000e+00]]

  [[ 6.01446903e-03]
   [ 6.01446903e-03]
   [ 6.01446903e-03]
   [ 6.01446903e-03]
   [ 6.01446903e-03]]

  [[ 1.03917777e-02]
   [ 1.03917777e-02]
   [ 1.03917777e-02]
   [ 1.03917777e-02]
   [ 1.03917777e-02]]

  ...

  [[-1.50454748e-02]
   [-1.50454748e-02]
   [-1.50454748e-02]
   [-1.50454748e-02]
   [-1.50454748e-02]]

  [[-8.95340984e-03]
   [-8.95340984e-03]
   [-8.95340984e-03]
   [-8.95340984e-03]
   [-8.95340984e-03]]

  [[ 0.00000000e+00]
   [ 0.00000000e+00]
   [ 0.00000000e+00]
   [ 0.00000000e+00]
   [ 0.00000000e+00]]]


 [[[ 0.00000000e+00]
   [ 0.00000000e+00]
   [ 0.00000000e+00]
   [ 0.00000000e+00]
   [ 0.00000000e+00]]

  [[ 5.29945751e-02]
   [ 5.29945751e-02]
   [ 5.29945751e-02]
   [ 5.29945751e-02]
   [ 5.29945751e-02]]

  [[ 9.32521557e-02]
   [ 9.32521557e-02]
   [ 9.32521557e-02]
   [ 9.32521557e-02]
   [ 9.32521557e-02]]

  ...

  [[-1.32558809e-01]
   [-1.32558809e-01]
   [-1.32558809e-01]
   [-1.32558809e-01]
   [-1.32558809e-01]]

  [[-7.74099366e-02]
   [-7.74099366e-02]
   [-7.74099366e-02]
   [-7.74099366e-02]
   [-7.74099366e-02]]

  [[ 0.00000000e+00]
   [ 0.00000000e+00]
   [ 0.00000000e+00]
   [ 0.00000000e+00]
   [ 0.00000000e+00]]]


 ...


 [[[ 0.00000000e+00]
   [ 0.00000000e+00]
   [ 0.00000000e+00]
   [ 0.00000000e+00]
   [ 0.00000000e+00]]

  [[ 1.20000000e-01]
   [ 1.20000000e-01]
   [ 1.20000000e-01]
   [ 1.20000000e-01]
   [ 1.20000000e-01]]

  [[ 2.40000000e-01]
   [ 2.40000000e-01]
   [ 2.40000000e-01]
   [ 2.40000000e-01]
   [ 2.40000000e-01]]

  ...

  [[-3.00000000e-01]
   [-3.00000000e-01]
   [-3.00000000e-01]
   [-3.00000000e-01]
   [-3.00000000e-01]]

  [[-1.50000000e-01]
   [-1.50000000e-01]
   [-1.50000000e-01]
   [-1.50000000e-01]
   [-1.50000000e-01]]

  [[-1.38777878e-17]
   [-1.38777878e-17]
   [-1.38777878e-17]
   [-1.38777878e-17]
   [-1.38777878e-17]]]


 [[[ 0.00000000e+00]
   [ 0.00000000e+00]
   [ 0.00000000e+00]
   [ 0.00000000e+00]
   [ 0.00000000e+00]]

  [[ 1.20000000e-01]
   [ 1.20000000e-01]
   [ 1.20000000e-01]
   [ 1.20000000e-01]
   [ 1.20000000e-01]]

  [[ 2.40000000e-01]
   [ 2.40000000e-01]
   [ 2.40000000e-01]
   [ 2.40000000e-01]
   [ 2.40000000e-01]]

  ...

  [[-3.00000000e-01]
   [-3.00000000e-01]
   [-3.00000000e-01]
   [-3.00000000e-01]
   [-3.00000000e-01]]

  [[-1.50000000e-01]
   [-1.50000000e-01]
   [-1.50000000e-01]
   [-1.50000000e-01]
   [-1.50000000e-01]]

  [[-1.38777878e-17]
   [-1.38777878e-17]
   [-1.38777878e-17]
   [-1.38777878e-17]
   [-1.38777878e-17]]]


 [[[ 0.00000000e+00]
   [ 0.00000000e+00]
   [ 0.00000000e+00]
   [ 0.00000000e+00]
   [ 0.00000000e+00]]

  [[ 1.20000000e-01]
   [ 1.20000000e-01]
   [ 1.20000000e-01]
   [ 1.20000000e-01]
   [ 1.20000000e-01]]

  [[ 2.40000000e-01]
   [ 2.40000000e-01]
   [ 2.40000000e-01]
   [ 2.40000000e-01]
   [ 2.40000000e-01]]

  ...

  [[-3.00000000e-01]
   [-3.00000000e-01]
   [-3.00000000e-01]
   [-3.00000000e-01]
   [-3.00000000e-01]]

  [[-1.50000000e-01]
   [-1.50000000e-01]
   [-1.50000000e-01]
   [-1.50000000e-01]
   [-1.50000000e-01]]

  [[-1.38777878e-17]
   [-1.38777878e-17]
   [-1.38777878e-17]
   [-1.38777878e-17]
   [-1.38777878e-17]]]]","moment coefficients, spanwise"
rotorse.Rhub,intermediate,m,[3.],hub radius
rotorse.Rtip,intermediate,m,[102.99626781],tip radius
rotorse.ccblade.rthick,intermediate,,"[1.         0.9904762  0.90583552 0.76920637 0.62433185 0.51495506
 0.45652477 0.40898037 0.37373472 0.35299758 0.33854388 0.32716954
 0.31781339 0.30941425 0.30091105 0.29250549 0.28490061 0.27785301
 0.27111927 0.26445597 0.25549867 0.250367   0.2424545  0.23345852
 0.22353126 0.21373557 0.20477992 0.19617537 0.18790426 0.18      ]",1D array of the relative thicknesses of the blade defined along span.
rotorse.precurve,intermediate,m,"[ 0.          0.01458961  0.05222308  0.10814189  0.1742505   0.24113677
  0.30008558  0.34265121  0.35982107  0.34758647  0.3145081   0.26685814
  0.21087049  0.1404773   0.03804705 -0.09075292 -0.23512381 -0.39413733
 -0.58577711 -0.80529181 -1.1155553  -1.29121723 -1.5637297  -1.85903588
 -2.17067421 -2.49837779 -2.84335536 -3.20952152 -3.59684443 -4.        ]",precurve at each section
rotorse.precurveTip,intermediate,m,[-4.],precurve at tip
rotorse.presweep,intermediate,m,"[0. 0. 0. 0. 0. 0. 0. 0. 0. 0. 0. 0. 0. 0. 0. 0. 0. 0. 0. 0. 0. 0. 0. 0.
 0. 0. 0. 0. 0. 0.]",presweep at each section
rotorse.presweepTip,intermediate,m,[0.],presweep at tip
rotorse.hub_height,intermediate,m,[140.],hub height
rotorse.theta,output,deg,"[20.00195663 18.69281516 17.2377519  15.65295517 13.95461328 11.79009053
  9.03064626  6.5144527   5.09276755  5.0077812   5.0116826   5.01638643
  5.01964587  4.95593318  4.598859    4.06268279  3.50206274  3.05626337
  2.68371866  2.31332694  1.74409123  1.35002871  0.55363202 -0.40943438
 -1.37877001 -2.1966151  -2.89699591 -3.548985   -4.14534228 -4.67882768]",Twist angle at each section (positive decreases angle of attack)
rotorse.re.pitch_axis,intermediate,,"[0.5        0.49816955 0.48992341 0.47666778 0.47368421 0.47368421
 0.47368421 0.47368421 0.47368421 0.47368421 0.47368421 0.46808511
 0.4612069  0.44196429 0.43251806 0.42095775 0.41010371 0.40195138
 0.39522149 0.39116278 0.39008436 0.39134099 0.39523274 0.40007425
 0.40504215 0.41113787 0.41946139 0.43201533 0.45321411 0.5       ]","1D array of the chordwise position of the pitch axis (0-LE, 1-TE), defined along blade span."
rotorse.re.coord_xy_interp,intermediate,,"[[[ 1.00000000e+00 -5.22802288e-16]
  [ 9.99429684e-01 -2.22597407e-02]
  [ 9.98063018e-01 -4.44580349e-02]
  ...
  [ 9.98120489e-01  4.38394581e-02]
  [ 9.99443038e-01  2.19496514e-02]
  [ 1.00000000e+00 -5.26271735e-16]]

 [[ 1.00000000e+00 -4.63811846e-04]
  [ 9.98467173e-01 -2.21760738e-02]
  [ 9.96201019e-01 -4.43513952e-02]
  ...
  [ 9.96776877e-01  4.39179785e-02]
  [ 9.98774657e-01  2.22119245e-02]
  [ 1.00000000e+00  3.03878429e-04]]

 [[ 1.00000000e+00 -3.84926541e-03]
  [ 9.90631439e-01 -2.12435866e-02]
  [ 9.80995553e-01 -4.24457781e-02]
  ...
  [ 9.85613808e-01  4.43560536e-02]
  [ 9.93218520e-01  2.41263074e-02]
  [ 1.00000000e+00  2.83048459e-03]]

 ...

 [[ 1.00000000e+00  2.99243424e-04]
  [ 9.76715850e-01  2.78508494e-03]
  [ 9.52832571e-01  4.62553820e-03]
  ...
  [ 9.52575171e-01  9.64309571e-03]
  [ 9.76267770e-01  4.94496385e-03]
  [ 1.00000000e+00  2.99243424e-04]]

 [[ 1.00000000e+00  7.60311480e-05]
  [ 9.76692547e-01  2.94939444e-03]
  [ 9.52952126e-01  4.97097005e-03]
  ...
  [ 9.52775619e-01  1.06814382e-02]
  [ 9.76380589e-01  5.38373218e-03]
  [ 1.00000000e+00  7.60311480e-05]]

 [[ 1.00000000e+00  1.76276899e-06]
  [ 9.76685164e-01  3.14692752e-03]
  [ 9.53182640e-01  5.22846152e-03]
  ...
  [ 9.52998460e-01  1.22336784e-02]
  [ 9.76506117e-01  6.17134718e-03]
  [ 1.00000000e+00  1.76276899e-06]]]",3D array of the non-dimensional x and y airfoil coordinates of the airfoils interpolated along span for n_span stations.
rotorse.re.precomp.web_start_nd,intermediate,,"[[0.19443411 0.19789619 0.1995814  0.29869742 0.31098567 0.32448251
  0.33399992 0.34127527 0.34566252 0.34669277 0.34713247 0.35067402
  0.35439919 0.36569812 0.37274312 0.38232289 0.39148885 0.39896527
  0.40560235 0.41086001 0.41544218 0.4168685  0.41765577 0.4178254
  0.41762105 0.41607536 0.41231162 0.40526033 0.3917786  0.24523263]
 [0.19443411 0.19789619 0.1995814  0.24103292 0.25044234 0.26086146
  0.26853677 0.2740762  0.27663037 0.27598468 0.27477686 0.27596579
  0.27726755 0.28439744 0.28696237 0.29046479 0.29309095 0.2937625
  0.29314104 0.29067678 0.28457176 0.27993725 0.27169063 0.26196135
  0.25052713 0.23573882 0.21583323 0.18757385 0.14241967 0.24523263]]","2D array of the non-dimensional start point defined along the outer profile of a web. The TE suction side is 0, the TE pressure side is 1. The first dimension represents each web, the second dimension represents each entry along blade span."
rotorse.re.precomp.web_end_nd,intermediate,,"[[0.69444351 0.69843353 0.70702196 0.62303187 0.62842173 0.63161008
  0.63612392 0.64039419 0.64243713 0.64265738 0.64287487 0.63990423
  0.63666324 0.6260501  0.62026719 0.61224547 0.6045373  0.59812347
  0.59230543 0.58775308 0.58404968 0.58314037 0.58330853 0.58418287
  0.58515575 0.58696589 0.59069424 0.59757143 0.61087894 0.75672069]
 [0.69444351 0.69843353 0.70702196 0.68025763 0.68810309 0.69451453
  0.70133692 0.7078914  0.71197499 0.71396795 0.71585303 0.71515734
  0.7142568  0.70752285 0.70604146 0.70386319 0.70248662 0.7027377
  0.70407455 0.7072081  0.71426697 0.71950425 0.72886409 0.73974775
  0.75193557 0.76675484 0.78613106 0.8134791  0.85758675 0.75672069]]","2D array of the non-dimensional end point defined along the outer profile of a web. The TE suction side is 0, the TE pressure side is 1. The first dimension represents each web, the second dimension represents each entry along blade span."
rotorse.re.precomp.layer_thickness,intermediate,m,"[[ 1.00000000e-03  1.00000000e-03  1.00000000e-03  1.00000000e-03
   1.00000000e-03  1.00000000e-03  1.00000000e-03  1.00000000e-03
   1.00000000e-03  1.00000000e-03  1.00000000e-03  1.00000000e-03
   1.00000000e-03  1.00000000e-03  1.00000000e-03  1.00000000e-03
   1.00000000e-03  1.00000000e-03  1.00000000e-03  1.00000000e-03
   1.00000000e-03  1.00000000e-03  1.00000000e-03  1.00000000e-03
   1.00000000e-03  1.00000000e-03  1.00000000e-03  1.00000000e-03
   1.00000000e-03  1.00000000e-03]
 [ 4.10000000e-02  3.30000000e-02  2.60000000e-02  2.00000000e-02
   1.50000000e-02  1.10000000e-02  8.28454072e-03  6.51243402e-03
   5.36207752e-03  4.70247504e-03  4.40263040e-03  4.33154742e-03
   4.35822991e-03  4.35168169e-03  4.30702965e-03  4.21940069e-03
   4.08392168e-03  3.89571952e-03  3.64992111e-03  3.34165333e-03
   2.86491152e-03  2.57935592e-03  2.14614940e-03  1.69211977e-03
   1.22767857e-03  1.00000000e-03  1.00000000e-03  1.00000000e-03
   1.00000000e-03  1.00000000e-03]
 [ 0.00000000e+00  1.03638639e-02  1.80212345e-02  2.53616596e-02
   3.20681938e-02  3.78238917e-02  4.23118077e-02  4.52149966e-02
   4.62165127e-02  4.56952678e-02  4.40301733e-02  4.16001409e-02
   3.87840821e-02  3.59609085e-02  3.35095318e-02  3.13580743e-02
   2.94346583e-02  2.76674064e-02  2.59844408e-02  2.43138839e-02
   2.20549123e-02  2.08042751e-02  1.89850461e-02  1.71360827e-02
   1.52672963e-02  1.33885984e-02  1.15099005e-02  9.63120264e-03
   7.75250477e-03  5.87380689e-03]
 [ 0.00000000e+00  1.24780597e-02  1.76115740e-02  2.27450883e-02
   2.76641755e-02  3.21544085e-02  3.60013601e-02  3.89906033e-02
   4.09077110e-02  4.15382560e-02  4.11017265e-02  3.98176106e-02
   3.79053964e-02  3.55845720e-02  3.30746256e-02  3.05950453e-02
   2.81565527e-02  2.57698696e-02  2.34457177e-02  2.11948185e-02
   1.83968865e-02  1.69556653e-02  1.49623503e-02  1.30321660e-02
   1.11493299e-02  9.29805909e-03  7.46257101e-03  5.62708293e-03
   3.79159485e-03  1.95610677e-03]
 [ 0.00000000e+00  0.00000000e+00  0.00000000e+00  0.00000000e+00
   0.00000000e+00  0.00000000e+00  0.00000000e+00  0.00000000e+00
   0.00000000e+00  0.00000000e+00  0.00000000e+00  0.00000000e+00
   0.00000000e+00  0.00000000e+00  0.00000000e+00  0.00000000e+00
   0.00000000e+00  0.00000000e+00  0.00000000e+00  1.00000000e-03
   3.44239839e-02  1.00000000e-03 -8.13151629e-20  0.00000000e+00
   0.00000000e+00  0.00000000e+00  0.00000000e+00  0.00000000e+00
   0.00000000e+00  0.00000000e+00]
 [ 0.00000000e+00  0.00000000e+00  0.00000000e+00  0.00000000e+00
   0.00000000e+00  0.00000000e+00  0.00000000e+00  0.00000000e+00
   0.00000000e+00  0.00000000e+00  0.00000000e+00  0.00000000e+00
   0.00000000e+00  0.00000000e+00  0.00000000e+00  0.00000000e+00
   0.00000000e+00  0.00000000e+00  0.00000000e+00  1.00000000e-03
   3.44239839e-02  1.00000000e-03 -8.13151629e-20  0.00000000e+00
   0.00000000e+00  0.00000000e+00  0.00000000e+00  0.00000000e+00
   0.00000000e+00  0.00000000e+00]
 [ 0.00000000e+00  0.00000000e+00  6.65003373e-03  8.14812366e-03
   9.64621359e-03  1.11443035e-02  1.26025620e-02  1.39811575e-02
   1.52402586e-02  1.63400338e-02  1.72406517e-02  1.79022807e-02
   1.83276090e-02  1.85193246e-02  1.84801155e-02  1.82126698e-02
   1.77196757e-02  1.70038210e-02  1.61057826e-02  1.50662370e-02
   1.35708454e-02  1.27253309e-02  1.15053236e-02  1.03065158e-02
   9.12537420e-03  7.95836553e-03  6.80195656e-03  5.65261407e-03
   4.50680481e-03  3.36099555e-03]
 [ 0.00000000e+00  0.00000000e+00  2.33432275e-02  2.51480648e-02
   2.69529021e-02  2.87577394e-02  3.05625767e-02  3.23674140e-02
   3.39953792e-02  3.52696003e-02  3.60132052e-02  3.60493218e-02
   3.52010780e-02  3.32916017e-02  3.05938669e-02  2.73808473e-02
   2.39255169e-02  2.05008494e-02  1.73798187e-02  1.48353987e-02
   1.22323494e-02  1.10919834e-02  9.70078471e-03  8.50178952e-03
   7.39889612e-03  6.29600271e-03  5.19310930e-03  4.09021589e-03
   2.98732248e-03 -6.50521303e-19]
 [ 0.00000000e+00  0.00000000e+00  2.33432275e-02  2.51480648e-02
   2.69529021e-02  2.87577394e-02  3.05625767e-02  3.23674140e-02
   3.39953792e-02  3.52696003e-02  3.60132052e-02  3.60493218e-02
   3.52010780e-02  3.32916017e-02  3.05938669e-02  2.73808473e-02
   2.39255169e-02  2.05008494e-02  1.73798187e-02  1.48353987e-02
   1.22323494e-02  1.10919834e-02  9.70078471e-03  8.50178952e-03
   7.39889612e-03  6.29600271e-03  5.19310930e-03  4.09021589e-03
   2.98732248e-03 -6.50521303e-19]
 [ 0.00000000e+00  0.00000000e+00  1.86402175e-02  2.29043857e-02
   2.71685539e-02  3.12820798e-02  3.50943212e-02  3.84546359e-02
   4.12123815e-02  4.32169158e-02  4.43175966e-02  4.46317757e-02
   4.42768050e-02  4.33700364e-02  4.20288217e-02  4.03705128e-02
   3.85124616e-02  3.64638788e-02  3.42339751e-02  3.18319613e-02
   2.84675254e-02  2.65484460e-02  2.36853660e-02  2.07018877e-02
   1.76220907e-02  1.44700547e-02  1.12698594e-02  8.04558436e-03
   4.82130936e-03  1.59703436e-03]
 [ 0.00000000e+00  0.00000000e+00  1.06783227e-02  1.30277497e-02
   1.53771767e-02  1.77266036e-02  2.00760306e-02  2.23436643e-02
   2.44477114e-02  2.63063787e-02  2.78378729e-02  2.89604006e-02
   2.95921686e-02  2.97916789e-02  2.96174332e-02  2.91279335e-02
   2.83816816e-02  2.74371794e-02  2.63529289e-02  2.51106409e-02
   2.32295708e-02  2.20787956e-02  2.02526601e-02  1.81953304e-02
   1.58885175e-02  1.33738018e-02  1.06927639e-02  7.88698432e-03
   4.99804368e-03  2.06752250e-03]
 [ 0.00000000e+00  0.00000000e+00  1.17141324e-02  1.47649473e-02
   1.78157623e-02  2.08665773e-02  2.39173922e-02  2.69682072e-02
   3.00190222e-02  3.29529872e-02  3.56532524e-02  3.80029677e-02
   3.98852833e-02  4.11833493e-02  4.17803156e-02  4.17273646e-02
   4.10756783e-02  3.98764390e-02  3.81808288e-02  3.60400301e-02
   3.26797937e-02  3.06420809e-02  2.75162660e-02  2.41934479e-02
   2.07392943e-02  1.72194730e-02  1.36996517e-02  1.01798304e-02
   6.66000904e-03  3.14018771e-03]
 [ 0.00000000e+00  0.00000000e+00  3.59873815e-02  4.39773438e-02
   5.19673061e-02  5.96302097e-02  6.66389959e-02  7.26666060e-02
   7.73859813e-02  8.04700630e-02  8.15917924e-02  8.09966867e-02
   7.89302631e-02  7.56380387e-02  7.13655306e-02  6.63582560e-02
   6.08617321e-02  5.50357312e-02  4.90400260e-02  4.30343888e-02
   3.54771595e-02  3.16324086e-02  2.65556105e-02  2.18699671e-02
   1.74972473e-02  1.33592202e-02  9.37765500e-03  5.47432071e-03
   1.57098642e-03  1.00000000e-03]
 [ 4.10000000e-02  3.30000000e-02  2.60000000e-02  2.00000000e-02
   1.53156219e-02  1.26140524e-02  1.00892854e-02  7.82972209e-03
   5.92376367e-03  4.45981139e-03  3.52626648e-03  3.01625067e-03
   2.82288569e-03  2.83929329e-03  2.95859519e-03  3.07391313e-03
   3.07836885e-03  2.99303427e-03  2.83898133e-03  2.63728196e-03
   2.33877707e-03  2.17523163e-03  1.95702453e-03  1.75179189e-03
   1.55693882e-03  1.36987043e-03  1.18799183e-03  1.00870812e-03
   1.00000000e-03  1.00000000e-03]
 [ 0.00000000e+00  0.00000000e+00  0.00000000e+00  2.16422907e-03
   2.21016153e-03  2.25609398e-03  2.30202643e-03  2.34795888e-03
   2.38578561e-03  2.40740088e-03  2.40469897e-03  2.36957416e-03
   2.29392070e-03  2.16963289e-03  2.01292217e-03  1.84000000e-03
   1.66707783e-03  1.51036711e-03  1.38607930e-03  1.31042584e-03
   1.27397979e-03  1.27259912e-03  1.29421439e-03  1.33204112e-03
   1.37797357e-03  1.42390602e-03  1.46983847e-03  1.51577093e-03
   1.56170338e-03  1.08420217e-19]
 [ 0.00000000e+00  0.00000000e+00  0.00000000e+00  3.74890612e-02
   3.61172335e-02  3.47454058e-02  3.33630956e-02  3.19598202e-02
   3.05250972e-02  2.90484440e-02  2.75193780e-02  2.59274168e-02
   2.43374498e-02  2.28143666e-02  2.14230569e-02  2.02284101e-02
   1.92953159e-02  1.86886639e-02  1.83467902e-02  1.82080313e-02
   2.00000000e-02  2.00000000e-02  2.00000000e-02  2.00000000e-02
   2.00000000e-02  2.00000000e-02  2.00000000e-02  2.00000000e-02
   2.00000000e-02  6.93889390e-18]
 [ 0.00000000e+00  0.00000000e+00  0.00000000e+00  2.07236417e-03
   2.11829662e-03  2.16422907e-03  2.21016153e-03  2.25609398e-03
   2.30202643e-03  2.34795888e-03  2.38578561e-03  2.40740088e-03
   2.40469897e-03  2.36957416e-03  2.29392070e-03  2.16963289e-03
   2.01292217e-03  1.84000000e-03  1.66707783e-03  1.51036711e-03
   1.35893442e-03  1.31042584e-03  1.27530103e-03  1.27259912e-03
   1.29421439e-03  1.33204112e-03  1.37797357e-03  1.42390602e-03
   1.46983847e-03  1.08420217e-19]
 [ 0.00000000e+00  0.00000000e+00  0.00000000e+00  2.51759997e-03
   2.44512991e-03  2.37265986e-03  2.30018980e-03  2.22771975e-03
   2.15449048e-03  2.07974278e-03  2.00271744e-03  1.92265525e-03
   1.83879698e-03  1.75038343e-03  1.66146746e-03  1.57610193e-03
   1.49833970e-03  1.43223365e-03  1.38183663e-03  1.35120150e-03
   1.33654766e-03  1.33604234e-03  1.34493101e-03  1.36040697e-03
   1.37917659e-03  1.39794620e-03  1.41671582e-03  1.43548543e-03
   1.45425505e-03  2.16840434e-19]
 [ 0.00000000e+00  0.00000000e+00  0.00000000e+00  3.77066146e-02
   3.63461220e-02  3.49856293e-02  3.36139152e-02  3.22197581e-02
   3.07919366e-02  2.93192293e-02  2.77904146e-02  2.61942712e-02
   2.45955568e-02  2.30590296e-02  2.16494473e-02  2.04315680e-02
   2.00000000e-02  2.00000000e-02  2.00000000e-02  2.00000000e-02
   2.00000000e-02  2.00000000e-02  2.00000000e-02  2.00000000e-02
   2.00000000e-02  2.00000000e-02  2.00000000e-02  2.00000000e-02
   2.00000000e-02  6.93889390e-18]
 [ 0.00000000e+00  0.00000000e+00  0.00000000e+00  2.66254008e-03
   2.59007002e-03  2.51759997e-03  2.44512991e-03  2.37265986e-03
   2.30018980e-03  2.22771975e-03  2.15449048e-03  2.07974278e-03
   2.00271744e-03  1.92265525e-03  1.83879698e-03  1.75038343e-03
   1.66146746e-03  1.57610193e-03  1.49833970e-03  1.43223365e-03
   1.37083839e-03  1.35120150e-03  1.33703462e-03  1.33604234e-03
   1.34493101e-03  1.36040697e-03  1.37917659e-03  1.39794620e-03
   1.41671582e-03  6.50521303e-19]]","2D array of the thickness of the layers of the blade structure. The first dimension represents each layer, the second dimension represents each entry along blade span."
rotorse.re.precomp.layer_start_nd,intermediate,,"[[0.         0.         0.         0.         0.         0.
  0.         0.         0.         0.         0.         0.
  0.         0.         0.         0.         0.         0.
  0.         0.         0.         0.         0.         0.
  0.         0.         0.         0.         0.         0.        ]
 [0.         0.         0.         0.         0.         0.
  0.         0.         0.         0.         0.         0.
  0.         0.         0.         0.         0.         0.
  0.         0.         0.         0.         0.         0.
  0.         0.         0.         0.         0.         0.        ]
 [0.16613836 0.16946286 0.16968068 0.23759495 0.2439899  0.25193115
  0.25766523 0.26174662 0.2633434  0.26210837 0.26061866 0.2616315
  0.26295985 0.26995749 0.2725209  0.27588271 0.27838647 0.27891556
  0.27802616 0.2750634  0.26774667 0.26207131 0.25166728 0.23859669
  0.22787547 0.21289915 0.19074836 0.15633559 0.10381686 0.08009451]
 [0.66614777 0.6700002  0.67712123 0.62072086 0.62727502 0.63245959
  0.63926867 0.64574535 0.64977998 0.65171232 0.65333451 0.65155042
  0.64924268 0.63950434 0.63444037 0.62711273 0.61986479 0.61356165
  0.60742732 0.60199085 0.59597957 0.59311662 0.58936694 0.58623052
  0.58444769 0.58188815 0.57826958 0.57270573 0.57374879 0.59684729]
 [0.19443411 0.19789619 0.1995814  0.20542464 0.21272282 0.2220171
  0.22991051 0.23619816 0.24018571 0.24176774 0.24321802 0.24714692
  0.25147187 0.26147185 0.26715623 0.27388979 0.28019577 0.28503635
  0.289098   0.2692474  0.15010342 0.26666678 0.29305679 0.29210644
  0.29106461 0.28898449 0.28527264 0.2791944  0.26861133 0.24523263]
 [0.69444351 0.69843353 0.70702196 0.71607859 0.72704187 0.73490281
  0.74127057 0.74679934 0.74912851 0.748806   0.74793476 0.74442439
  0.74042431 0.73076654 0.7260795  0.72058973 0.71546943 0.71150765
  0.70813245 0.68336649 0.561757   0.67870736 0.70762202 0.70993719
  0.71208585 0.71470344 0.71851623 0.72434806 0.73434916 0.75672069]
 [0.48905595 0.48893839 0.48796411 0.48706864 0.48668455 0.48576547
  0.48502104 0.48531088 0.48564258 0.4857924  0.48611936 0.48627169
  0.48627317 0.48579129 0.48506303 0.48383156 0.48238805 0.48077685
  0.47894774 0.47684624 0.47359139 0.47152324 0.46807164 0.4638829
  0.45854522 0.4511866  0.44595877 0.44467843 0.44324233 0.44179699]
 [0.         0.         0.         0.         0.         0.
  0.         0.         0.         0.         0.         0.
  0.         0.         0.         0.         0.         0.
  0.         0.         0.         0.         0.         0.
  0.         0.         0.         0.         0.         0.        ]
 [0.95925412 0.95895293 0.9565692  0.95388656 0.95056337 0.94780072
  0.9455854  0.94397287 0.94256868 0.94189525 0.94165198 0.94093289
  0.94012219 0.93775085 0.9348865  0.93047603 0.92519004 0.92487708
  0.92502404 0.92507998 0.92496879 0.92485823 0.92470421 0.92478851
  0.93005609 0.93027525 0.93045139 0.93065362 0.93081265 0.93112403]
 [0.04074588 0.04104707 0.0434308  0.04611344 0.04943663 0.05219928
  0.0544146  0.05602713 0.05743132 0.05810475 0.05834802 0.05906711
  0.05987781 0.06224915 0.0651135  0.06952397 0.07480996 0.07512292
  0.07497596 0.07492002 0.07503121 0.07514177 0.07529579 0.07521149
  0.06994391 0.06972475 0.06954861 0.06934638 0.06918735 0.06887597]
 [0.22272986 0.22632952 0.22948212 0.30080193 0.31138242 0.32272784
  0.33028459 0.33580147 0.33842316 0.33783338 0.33690305 0.33920465
  0.34192828 0.35209392 0.35827412 0.36697208 0.37551861 0.38277512
  0.38964944 0.39578046 0.40279588 0.40631466 0.41134025 0.41753853
  0.41993132 0.42260813 0.42604197 0.43129105 0.43340579 0.41037074]
 [0.51094271 0.51093158 0.51109232 0.51151394 0.51274861 0.51314609
  0.51310658 0.51395159 0.51467968 0.51507905 0.51562235 0.51627311
  0.5168142  0.51755755 0.51822809 0.51906037 0.51995391 0.52094453
  0.52211804 0.52353357 0.52582167 0.52730935 0.52982516 0.53308866
  0.53739617 0.54310325 0.54601304 0.54471542 0.54334969 0.54177825]
 [0.72273926 0.72686687 0.73692268 0.68392783 0.69466754 0.70325628
  0.71188804 0.71980021 0.72485974 0.72743733 0.7296189  0.72912358
  0.72821111 0.72164078 0.72019359 0.71820211 0.71699693 0.71742121
  0.7190506  0.72270791 0.73102878 0.73735997 0.74903991 0.76192904
  0.77438828 0.79040881 0.81299166 0.84716618 0.89494952 0.91659409]
 [0.         0.         0.         0.         0.         0.
  0.         0.         0.         0.         0.         0.
  0.         0.         0.         0.05       0.05       0.05
  0.05       0.05       0.05       0.05       0.05       0.05
  0.05       0.05       0.04       0.05       0.05       0.05      ]
 [0.         0.         0.         0.         0.         0.
  0.         0.         0.         0.         0.         0.
  0.         0.         0.         0.         0.         0.
  0.         0.         0.         0.         0.         0.
  0.         0.         0.         0.         0.         0.        ]
 [0.         0.         0.         0.         0.         0.
  0.         0.         0.         0.         0.         0.
  0.         0.         0.         0.         0.         0.
  0.         0.         0.         0.         0.         0.
  0.         0.         0.         0.         0.         0.        ]
 [0.         0.         0.         0.         0.         0.
  0.         0.         0.         0.         0.         0.
  0.         0.         0.         0.         0.         0.
  0.         0.         0.         0.         0.         0.
  0.         0.         0.         0.         0.         0.        ]
 [0.         0.         0.         0.         0.         0.
  0.         0.         0.         0.         0.         0.
  0.         0.         0.         0.         0.         0.
  0.         0.         0.         0.         0.         0.
  0.         0.         0.         0.         0.         0.        ]
 [0.         0.         0.         0.         0.         0.
  0.         0.         0.         0.         0.         0.
  0.         0.         0.         0.         0.         0.
  0.         0.         0.         0.         0.         0.
  0.         0.         0.         0.         0.         0.        ]
 [0.         0.         0.         0.         0.         0.
  0.         0.         0.         0.         0.         0.
  0.         0.         0.         0.         0.         0.
  0.         0.         0.         0.         0.         0.
  0.         0.         0.         0.         0.         0.        ]]","2D array of the non-dimensional start point defined along the outer profile of a layer. The TE suction side is 0, the TE pressure side is 1. The first dimension represents each layer, the second dimension represents each entry along blade span."
rotorse.re.precomp.layer_end_nd,intermediate,,"[[1.         1.         1.         1.         1.         1.
  1.         1.         1.         1.         1.         1.
  1.         1.         1.         1.         1.         1.
  1.         1.         1.         1.         1.         1.
  1.         1.         1.         1.         1.         1.        ]
 [1.         1.         1.         1.         1.         1.
  1.         1.         1.         1.         1.         1.
  1.         1.         1.         1.         1.         1.
  1.         1.         1.         1.         1.         1.
  1.         1.         1.         1.         1.         1.        ]
 [0.22272986 0.22632952 0.22948212 0.30080193 0.31138242 0.32272784
  0.33028459 0.33580147 0.33842316 0.33783338 0.33690305 0.33920465
  0.34192828 0.35209392 0.35827412 0.36697208 0.37551861 0.38277512
  0.38964944 0.39578046 0.40279588 0.40631466 0.41134025 0.41753853
  0.41993132 0.42260813 0.42604197 0.43129105 0.43340579 0.41037074]
 [0.72273926 0.72686687 0.73692268 0.68392783 0.69466754 0.70325628
  0.71188804 0.71980021 0.72485974 0.72743733 0.7296189  0.72912358
  0.72821111 0.72164078 0.72019359 0.71820211 0.71699693 0.71742121
  0.7190506  0.72270791 0.73102878 0.73735997 0.74903991 0.76192904
  0.77438828 0.79040881 0.81299166 0.84716618 0.89494952 0.91659409]
 [0.19443411 0.19789619 0.1995814  0.20542464 0.21272282 0.2220171
  0.22991051 0.23619816 0.24018571 0.24176774 0.24321802 0.24714692
  0.25147187 0.26147185 0.26715623 0.27388979 0.28019577 0.28503635
  0.289098   0.31451629 0.43708299 0.32075803 0.29305679 0.29210644
  0.29106461 0.28898449 0.28527264 0.2791944  0.26861133 0.24523263]
 [0.69444351 0.69843353 0.70702196 0.71607859 0.72704187 0.73490281
  0.74127057 0.74679934 0.74912851 0.748806   0.74793476 0.74442439
  0.74042431 0.73076654 0.7260795  0.72058973 0.71546943 0.71150765
  0.70813245 0.72863539 0.84873656 0.73279862 0.70762202 0.70993719
  0.71208585 0.71470344 0.71851623 0.72434806 0.73434916 0.75672069]
 [0.51094271 0.51093158 0.51109232 0.51151394 0.51274861 0.51314609
  0.51310658 0.51395159 0.51467968 0.51507905 0.51562235 0.51627311
  0.5168142  0.51755755 0.51822809 0.51906037 0.51995391 0.52094453
  0.52211804 0.52353357 0.52582167 0.52730935 0.52982516 0.53308866
  0.53739617 0.54310325 0.54601304 0.54471542 0.54334969 0.54177825]
 [0.04074588 0.04104707 0.0434308  0.04611344 0.04943663 0.05219928
  0.0544146  0.05602713 0.05743132 0.05810475 0.05834802 0.05906711
  0.05987781 0.06224915 0.0651135  0.06952397 0.07480996 0.07512292
  0.07497596 0.07492002 0.07503121 0.07514177 0.07529579 0.07521149
  0.06994391 0.06972475 0.06954861 0.06934638 0.06918735 0.06887597]
 [1.         1.         1.         1.         1.         1.
  1.         1.         1.         1.         1.         1.
  1.         1.         1.         1.         1.         1.
  1.         1.         1.         1.         1.         1.
  1.         1.         1.         1.         1.         1.        ]
 [0.16613836 0.16946286 0.16968068 0.23759495 0.2439899  0.25193115
  0.25766523 0.26174662 0.2633434  0.26210837 0.26061866 0.2616315
  0.26295985 0.26995749 0.2725209  0.27588271 0.27838647 0.27891556
  0.27802616 0.2750634  0.26774667 0.26207131 0.25166728 0.23859669
  0.22787547 0.21289915 0.19074836 0.15633559 0.10381686 0.08009451]
 [0.48905595 0.48893839 0.48796411 0.48706864 0.48668455 0.48576547
  0.48502104 0.48531088 0.48564258 0.4857924  0.48611936 0.48627169
  0.48627317 0.48579129 0.48506303 0.48383156 0.48238805 0.48077685
  0.47894774 0.47684624 0.47359139 0.47152324 0.46807164 0.4638829
  0.45854522 0.4511866  0.44595877 0.44467843 0.44324233 0.44179699]
 [0.66614777 0.6700002  0.67712123 0.62072086 0.62727502 0.63245959
  0.63926867 0.64574535 0.64977998 0.65171232 0.65333451 0.65155042
  0.64924268 0.63950434 0.63444037 0.62711273 0.61986479 0.61356165
  0.60742732 0.60199085 0.59597957 0.59311662 0.58936694 0.58623052
  0.58444769 0.58188815 0.57826958 0.57270573 0.57374879 0.59684729]
 [0.95925412 0.95895293 0.9565692  0.95388656 0.95056337 0.94780072
  0.9455854  0.94397287 0.94256868 0.94189525 0.94165198 0.94093289
  0.94012219 0.93775085 0.9348865  0.93047603 0.92519004 0.92487708
  0.92502404 0.92507998 0.92496879 0.92485823 0.92470421 0.92478851
  0.93005609 0.93027525 0.93045139 0.93065362 0.93081265 0.93112403]
 [1.         1.         1.         1.         1.         1.
  1.         1.         1.         1.         1.         1.
  1.         1.         1.         0.95       0.95       0.95
  0.95       0.95       0.95       0.95       0.95       0.95
  0.95       0.95       0.95       0.95       0.95       0.95      ]
 [0.         0.         0.         0.         0.         0.
  0.         0.         0.         0.         0.         0.
  0.         0.         0.         0.         0.         0.
  0.         0.         0.         0.         0.         0.
  0.         0.         0.         0.         0.         0.        ]
 [0.         0.         0.         0.         0.         0.
  0.         0.         0.         0.         0.         0.
  0.         0.         0.         0.         0.         0.
  0.         0.         0.         0.         0.         0.
  0.         0.         0.         0.         0.         0.        ]
 [0.         0.         0.         0.         0.         0.
  0.         0.         0.         0.         0.         0.
  0.         0.         0.         0.         0.         0.
  0.         0.         0.         0.         0.         0.
  0.         0.         0.         0.         0.         0.        ]
 [0.         0.         0.         0.         0.         0.
  0.         0.         0.         0.         0.         0.
  0.         0.         0.         0.         0.         0.
  0.         0.         0.         0.         0.         0.
  0.         0.         0.         0.         0.         0.        ]
 [0.         0.         0.         0.         0.         0.
  0.         0.         0.         0.         0.         0.
  0.         0.         0.         0.         0.         0.
  0.         0.         0.         0.         0.         0.
  0.         0.         0.         0.         0.         0.        ]
 [0.         0.         0.         0.         0.         0.
  0.         0.         0.         0.         0.         0.
  0.         0.         0.         0.         0.         0.
  0.         0.         0.         0.         0.         0.
  0.         0.         0.         0.         0.         0.        ]]","2D array of the non-dimensional end point defined along the outer profile of a layer. The TE suction side is 0, the TE pressure side is 1. The first dimension represents each layer, the second dimension represents each entry along blade span."
rotorse.re.precomp.joint_mass,intermediate,kg,[0.],Mass of the joint.
towerse.member.gc.d,intermediate,m,"[6.         6.         6.         6.         6.         6.
 6.         6.         6.         5.89079213 5.53032592]",
towerse.member.gc.t,intermediate,m,"[0.06190994 0.05532001 0.04902645 0.04351143 0.03838378 0.03328114
 0.0282451  0.02352226 0.01966602 0.01803766]",
towerse.member.s,output,,[0.  0.1 0.2 0.3 0.4 0.5 0.6 0.7 0.8 0.9 1. ],
towerse.member.height,output,m,[137.],
towerse.tower_outer_diameter,output,m,"[6.         6.         6.         6.         6.         6.
 6.         6.         6.         5.89079213 5.53032592]",
towerse.tower_wall_thickness,output,m,"[0.06190994 0.05532001 0.04902645 0.04351143 0.03838378 0.03328114
 0.0282451  0.02352226 0.01966602 0.01803766]",
towerse.member.E,output,Pa,[2.e+11 2.e+11 2.e+11 2.e+11 2.e+11 2.e+11 2.e+11 2.e+11 2.e+11 2.e+11],
towerse.member.G,output,Pa,"[7.93e+10 7.93e+10 7.93e+10 7.93e+10 7.93e+10 7.93e+10 7.93e+10 7.93e+10
 7.93e+10 7.93e+10]",
towerse.member.sigma_y,output,Pa,"[3.45e+08 3.45e+08 3.45e+08 3.45e+08 3.45e+08 3.45e+08 3.45e+08 3.45e+08
 3.45e+08 3.45e+08]",
towerse.member.rho,output,kg/m**3,[7800. 7800. 7800. 7800. 7800. 7800. 7800. 7800. 7800. 7800.],
towerse.member.unit_cost,output,USD/kg,[0.7 0.7 0.7 0.7 0.7 0.7 0.7 0.7 0.7 0.7],
towerse.member.outfitting_factor,output,,[1.07 1.07 1.07 1.07 1.07 1.07 1.07 1.07 1.07 1.07],
towerse.tower_s,intermediate,,[0.  0.1 0.2 0.3 0.4 0.5 0.6 0.7 0.8 0.9 1. ],
towerse.outfitting_full,output,,"[1.07 1.07 1.07 1.07 1.07 1.07 1.07 1.07 1.07 1.07 1.07 1.07 1.07 1.07
 1.07 1.07 1.07 1.07 1.07 1.07 1.07 1.07 1.07 1.07 1.07 1.07 1.07 1.07
 1.07 1.07]",
towerse.member.unit_cost_full,output,USD/kg,"[0.7 0.7 0.7 0.7 0.7 0.7 0.7 0.7 0.7 0.7 0.7 0.7 0.7 0.7 0.7 0.7 0.7 0.7
 0.7 0.7 0.7 0.7 0.7 0.7 0.7 0.7 0.7 0.7 0.7 0.7]",
towerse.hub_height,intermediate,m,[140.],
towerse.foundation_height,intermediate,m,[0.],
af_3d.cl,intermediate,,"[[[[ 0.00000000e+00]
   [ 0.00000000e+00]
   [ 0.00000000e+00]
   [ 0.00000000e+00]
   [ 0.00000000e+00]]

  [[ 0.00000000e+00]
   [ 0.00000000e+00]
   [ 0.00000000e+00]
   [ 0.00000000e+00]
   [ 0.00000000e+00]]

  [[ 0.00000000e+00]
   [ 0.00000000e+00]
   [ 0.00000000e+00]
   [ 0.00000000e+00]
   [ 0.00000000e+00]]

  ...

  [[ 0.00000000e+00]
   [ 0.00000000e+00]
   [ 0.00000000e+00]
   [ 0.00000000e+00]
   [ 0.00000000e+00]]

  [[ 0.00000000e+00]
   [ 0.00000000e+00]
   [ 0.00000000e+00]
   [ 0.00000000e+00]
   [ 0.00000000e+00]]

  [[ 0.00000000e+00]
   [ 0.00000000e+00]
   [ 0.00000000e+00]
   [ 0.00000000e+00]
   [ 0.00000000e+00]]]


 [[[ 0.00000000e+00]
   [ 0.00000000e+00]
   [ 0.00000000e+00]
   [ 0.00000000e+00]
   [ 0.00000000e+00]]

  [[ 2.26137991e-03]
   [ 1.94775724e-03]
   [ 1.92094234e-03]
   [ 1.93109733e-03]
   [ 1.89340473e-03]]

  [[ 4.52275988e-03]
   [ 3.89551453e-03]
   [ 3.84188473e-03]
   [ 3.86219472e-03]
   [ 3.78680952e-03]]

  ...

  [[-4.52275988e-03]
   [-3.89551453e-03]
   [-3.84188473e-03]
   [-3.86219472e-03]
   [-3.78680952e-03]]

  [[-2.26137991e-03]
   [-1.94775724e-03]
   [-1.92094234e-03]
   [-1.93109733e-03]
   [-1.89340473e-03]]

  [[-7.53598903e-19]
   [-7.53598903e-19]
   [-7.53598903e-19]
   [-7.53598903e-19]
   [-7.53598903e-19]]]


 [[[ 0.00000000e+00]
   [ 0.00000000e+00]
   [ 0.00000000e+00]
   [ 0.00000000e+00]
   [ 0.00000000e+00]]

  [[ 2.24911443e-02]
   [ 2.00611592e-02]
   [ 1.98552462e-02]
   [ 1.99331949e-02]
   [ 1.96440645e-02]]

  [[ 4.49822890e-02]
   [ 4.01223189e-02]
   [ 3.97104929e-02]
   [ 3.98663903e-02]
   [ 3.92881293e-02]]

  ...

  [[-4.49822890e-02]
   [-4.01223189e-02]
   [-3.97104929e-02]
   [-3.98663903e-02]
   [-3.92881293e-02]]

  [[-2.24911443e-02]
   [-2.00611592e-02]
   [-1.98552462e-02]
   [-1.99331949e-02]
   [-1.96440645e-02]]

  [[-6.25425624e-18]
   [-6.25425624e-18]
   [-6.25425624e-18]
   [-6.25425624e-18]
   [-6.25425624e-18]]]


 ...


 [[[ 0.00000000e+00]
   [ 0.00000000e+00]
   [ 0.00000000e+00]
   [ 0.00000000e+00]
   [ 0.00000000e+00]]

  [[ 1.81891218e-01]
   [ 1.86009734e-01]
   [ 1.87437603e-01]
   [ 1.94392998e-01]
   [ 1.98011589e-01]]

  [[ 3.63782435e-01]
   [ 3.72019469e-01]
   [ 3.74875206e-01]
   [ 3.88785996e-01]
   [ 3.96023178e-01]]

  ...

  [[-3.63782435e-01]
   [-3.72019469e-01]
   [-3.74875206e-01]
   [-3.88785996e-01]
   [-3.96023178e-01]]

  [[-1.81891218e-01]
   [-1.86009734e-01]
   [-1.87437603e-01]
   [-1.94392998e-01]
   [-1.98011589e-01]]

  [[-3.06780898e-19]
   [-2.47779670e-19]
   [ 0.00000000e+00]
   [ 1.29721666e-17]
   [-3.98810863e-18]]]


 [[[ 0.00000000e+00]
   [ 0.00000000e+00]
   [ 0.00000000e+00]
   [ 0.00000000e+00]
   [ 0.00000000e+00]]

  [[ 1.91313607e-01]
   [ 1.96662846e-01]
   [ 1.98266810e-01]
   [ 2.04863588e-01]
   [ 2.08470811e-01]]

  [[ 3.82627215e-01]
   [ 3.93325692e-01]
   [ 3.96533620e-01]
   [ 4.09727176e-01]
   [ 4.16941622e-01]]

  ...

  [[-3.82627215e-01]
   [-3.93325692e-01]
   [-3.96533620e-01]
   [-4.09727176e-01]
   [-4.16941622e-01]]

  [[-1.91313607e-01]
   [-1.96662846e-01]
   [-1.98266810e-01]
   [-2.04863588e-01]
   [-2.08470811e-01]]

  [[-1.16003931e-18]
   [-5.93069651e-19]
   [ 0.00000000e+00]
   [ 1.36426336e-17]
   [-8.66895539e-18]]]


 [[[ 0.00000000e+00]
   [ 0.00000000e+00]
   [ 0.00000000e+00]
   [ 0.00000000e+00]
   [ 0.00000000e+00]]

  [[ 2.02449660e-01]
   [ 2.09583515e-01]
   [ 2.11419915e-01]
   [ 2.17381080e-01]
   [ 2.21043270e-01]]

  [[ 4.04899320e-01]
   [ 4.19167029e-01]
   [ 4.22839830e-01]
   [ 4.34762160e-01]
   [ 4.42086540e-01]]

  ...

  [[-4.04899320e-01]
   [-4.19167029e-01]
   [-4.22839830e-01]
   [-4.34762160e-01]
   [-4.42086540e-01]]

  [[-2.02449660e-01]
   [-2.09583515e-01]
   [-2.11419915e-01]
   [-2.17381080e-01]
   [-2.21043270e-01]]

  [[-2.80518940e-18]
   [-1.05413865e-18]
   [ 0.00000000e+00]
   [ 1.38777878e-17]
   [-1.38777878e-17]]]]","4D array with the lift coefficients of the airfoils. Dimension 0 is along the blade span for n_span stations, dimension 1 is along the angles of attack, dimension 2 is along the Reynolds number, dimension 3 is along the number of tabs, which may describe multiple sets at the same station, for example in presence of a flap."
af_3d.cd,intermediate,,"[[[[0.5       ]
   [0.5       ]
   [0.5       ]
   [0.5       ]
   [0.5       ]]

  [[0.5       ]
   [0.5       ]
   [0.5       ]
   [0.5       ]
   [0.5       ]]

  [[0.5       ]
   [0.5       ]
   [0.5       ]
   [0.5       ]
   [0.5       ]]

  ...

  [[0.5       ]
   [0.5       ]
   [0.5       ]
   [0.5       ]
   [0.5       ]]

  [[0.5       ]
   [0.5       ]
   [0.5       ]
   [0.5       ]
   [0.5       ]]

  [[0.5       ]
   [0.5       ]
   [0.5       ]
   [0.5       ]
   [0.5       ]]]


 [[[0.48317224]
   [0.48317224]
   [0.48317224]
   [0.48317224]
   [0.48317224]]

  [[0.48317224]
   [0.48317224]
   [0.48317224]
   [0.48317224]
   [0.48317224]]

  [[0.48317224]
   [0.48317224]
   [0.48317224]
   [0.48317224]
   [0.48317224]]

  ...

  [[0.48317224]
   [0.48317224]
   [0.48317224]
   [0.48317224]
   [0.48317224]]

  [[0.48317224]
   [0.48317224]
   [0.48317224]
   [0.48317224]
   [0.48317224]]

  [[0.48317224]
   [0.48317224]
   [0.48317224]
   [0.48317224]
   [0.48317224]]]


 [[[0.34328947]
   [0.34328947]
   [0.34328947]
   [0.34328947]
   [0.34328947]]

  [[0.34328947]
   [0.34328947]
   [0.34328947]
   [0.34328947]
   [0.34328947]]

  [[0.34328947]
   [0.34328947]
   [0.34328947]
   [0.34328947]
   [0.34328947]]

  ...

  [[0.34328947]
   [0.34328947]
   [0.34328947]
   [0.34328947]
   [0.34328947]]

  [[0.34328947]
   [0.34328947]
   [0.34328947]
   [0.34328947]
   [0.34328947]]

  [[0.34328947]
   [0.34328947]
   [0.34328947]
   [0.34328947]
   [0.34328947]]]


 ...


 [[[0.001     ]
   [0.001     ]
   [0.001     ]
   [0.001     ]
   [0.001     ]]

  [[0.001     ]
   [0.001     ]
   [0.001     ]
   [0.001     ]
   [0.001     ]]

  [[0.001     ]
   [0.001     ]
   [0.001     ]
   [0.001     ]
   [0.001     ]]

  ...

  [[0.001     ]
   [0.001     ]
   [0.001     ]
   [0.001     ]
   [0.001     ]]

  [[0.001     ]
   [0.001     ]
   [0.001     ]
   [0.001     ]
   [0.001     ]]

  [[0.001     ]
   [0.001     ]
   [0.001     ]
   [0.001     ]
   [0.001     ]]]


 [[[0.001     ]
   [0.001     ]
   [0.001     ]
   [0.001     ]
   [0.001     ]]

  [[0.001     ]
   [0.001     ]
   [0.001     ]
   [0.001     ]
   [0.001     ]]

  [[0.001     ]
   [0.001     ]
   [0.001     ]
   [0.001     ]
   [0.001     ]]

  ...

  [[0.001     ]
   [0.001     ]
   [0.001     ]
   [0.001     ]
   [0.001     ]]

  [[0.001     ]
   [0.001     ]
   [0.001     ]
   [0.001     ]
   [0.001     ]]

  [[0.001     ]
   [0.001     ]
   [0.001     ]
   [0.001     ]
   [0.001     ]]]


 [[[0.001     ]
   [0.001     ]
   [0.001     ]
   [0.001     ]
   [0.001     ]]

  [[0.001     ]
   [0.001     ]
   [0.001     ]
   [0.001     ]
   [0.001     ]]

  [[0.001     ]
   [0.001     ]
   [0.001     ]
   [0.001     ]
   [0.001     ]]

  ...

  [[0.001     ]
   [0.001     ]
   [0.001     ]
   [0.001     ]
   [0.001     ]]

  [[0.001     ]
   [0.001     ]
   [0.001     ]
   [0.001     ]
   [0.001     ]]

  [[0.001     ]
   [0.001     ]
   [0.001     ]
   [0.001     ]
   [0.001     ]]]]","4D array with the drag coefficients of the airfoils. Dimension 0 is along the blade span for n_span stations, dimension 1 is along the angles of attack, dimension 2 is along the Reynolds number, dimension 3 is along the number of tabs, which may describe multiple sets at the same station, for example in presence of a flap."
af_3d.cm,intermediate,,"[[[[ 0.00000000e+00]
   [ 0.00000000e+00]
   [ 0.00000000e+00]
   [ 0.00000000e+00]
   [ 0.00000000e+00]]

  [[ 0.00000000e+00]
   [ 0.00000000e+00]
   [ 0.00000000e+00]
   [ 0.00000000e+00]
   [ 0.00000000e+00]]

  [[ 0.00000000e+00]
   [ 0.00000000e+00]
   [ 0.00000000e+00]
   [ 0.00000000e+00]
   [ 0.00000000e+00]]

  ...

  [[ 0.00000000e+00]
   [ 0.00000000e+00]
   [ 0.00000000e+00]
   [ 0.00000000e+00]
   [ 0.00000000e+00]]

  [[ 0.00000000e+00]
   [ 0.00000000e+00]
   [ 0.00000000e+00]
   [ 0.00000000e+00]
   [ 0.00000000e+00]]

  [[ 0.00000000e+00]
   [ 0.00000000e+00]
   [ 0.00000000e+00]
   [ 0.00000000e+00]
   [ 0.00000000e+00]]]


 [[[ 0.00000000e+00]
   [ 0.00000000e+00]
   [ 0.00000000e+00]
   [ 0.00000000e+00]
   [ 0.00000000e+00]]

  [[ 6.01446903e-03]
   [ 6.01446903e-03]
   [ 6.01446903e-03]
   [ 6.01446903e-03]
   [ 6.01446903e-03]]

  [[ 1.03917777e-02]
   [ 1.03917777e-02]
   [ 1.03917777e-02]
   [ 1.03917777e-02]
   [ 1.03917777e-02]]

  ...

  [[-1.50454748e-02]
   [-1.50454748e-02]
   [-1.50454748e-02]
   [-1.50454748e-02]
   [-1.50454748e-02]]

  [[-8.95340984e-03]
   [-8.95340984e-03]
   [-8.95340984e-03]
   [-8.95340984e-03]
   [-8.95340984e-03]]

  [[ 0.00000000e+00]
   [ 0.00000000e+00]
   [ 0.00000000e+00]
   [ 0.00000000e+00]
   [ 0.00000000e+00]]]


 [[[ 0.00000000e+00]
   [ 0.00000000e+00]
   [ 0.00000000e+00]
   [ 0.00000000e+00]
   [ 0.00000000e+00]]

  [[ 5.29945751e-02]
   [ 5.29945751e-02]
   [ 5.29945751e-02]
   [ 5.29945751e-02]
   [ 5.29945751e-02]]

  [[ 9.32521557e-02]
   [ 9.32521557e-02]
   [ 9.32521557e-02]
   [ 9.32521557e-02]
   [ 9.32521557e-02]]

  ...

  [[-1.32558809e-01]
   [-1.32558809e-01]
   [-1.32558809e-01]
   [-1.32558809e-01]
   [-1.32558809e-01]]

  [[-7.74099366e-02]
   [-7.74099366e-02]
   [-7.74099366e-02]
   [-7.74099366e-02]
   [-7.74099366e-02]]

  [[ 0.00000000e+00]
   [ 0.00000000e+00]
   [ 0.00000000e+00]
   [ 0.00000000e+00]
   [ 0.00000000e+00]]]


 ...


 [[[ 0.00000000e+00]
   [ 0.00000000e+00]
   [ 0.00000000e+00]
   [ 0.00000000e+00]
   [ 0.00000000e+00]]

  [[ 1.20000000e-01]
   [ 1.20000000e-01]
   [ 1.20000000e-01]
   [ 1.20000000e-01]
   [ 1.20000000e-01]]

  [[ 2.40000000e-01]
   [ 2.40000000e-01]
   [ 2.40000000e-01]
   [ 2.40000000e-01]
   [ 2.40000000e-01]]

  ...

  [[-3.00000000e-01]
   [-3.00000000e-01]
   [-3.00000000e-01]
   [-3.00000000e-01]
   [-3.00000000e-01]]

  [[-1.50000000e-01]
   [-1.50000000e-01]
   [-1.50000000e-01]
   [-1.50000000e-01]
   [-1.50000000e-01]]

  [[-1.92606959e-18]
   [-1.92606959e-18]
   [-1.92606959e-18]
   [-1.92606959e-18]
   [-1.92606959e-18]]]


 [[[ 0.00000000e+00]
   [ 0.00000000e+00]
   [ 0.00000000e+00]
   [ 0.00000000e+00]
   [ 0.00000000e+00]]

  [[ 1.20000000e-01]
   [ 1.20000000e-01]
   [ 1.20000000e-01]
   [ 1.20000000e-01]
   [ 1.20000000e-01]]

  [[ 2.40000000e-01]
   [ 2.40000000e-01]
   [ 2.40000000e-01]
   [ 2.40000000e-01]
   [ 2.40000000e-01]]

  ...

  [[-3.00000000e-01]
   [-3.00000000e-01]
   [-3.00000000e-01]
   [-3.00000000e-01]
   [-3.00000000e-01]]

  [[-1.50000000e-01]
   [-1.50000000e-01]
   [-1.50000000e-01]
   [-1.50000000e-01]
   [-1.50000000e-01]]

  [[-1.92606959e-18]
   [-1.92606959e-18]
   [-1.92606959e-18]
   [-1.92606959e-18]
   [-1.92606959e-18]]]


 [[[ 0.00000000e+00]
   [ 0.00000000e+00]
   [ 0.00000000e+00]
   [ 0.00000000e+00]
   [ 0.00000000e+00]]

  [[ 1.20000000e-01]
   [ 1.20000000e-01]
   [ 1.20000000e-01]
   [ 1.20000000e-01]
   [ 1.20000000e-01]]

  [[ 2.40000000e-01]
   [ 2.40000000e-01]
   [ 2.40000000e-01]
   [ 2.40000000e-01]
   [ 2.40000000e-01]]

  ...

  [[-3.00000000e-01]
   [-3.00000000e-01]
   [-3.00000000e-01]
   [-3.00000000e-01]
   [-3.00000000e-01]]

  [[-1.50000000e-01]
   [-1.50000000e-01]
   [-1.50000000e-01]
   [-1.50000000e-01]
   [-1.50000000e-01]]

  [[-1.92606959e-18]
   [-1.92606959e-18]
   [-1.92606959e-18]
   [-1.92606959e-18]
   [-1.92606959e-18]]]]","4D array with the moment coefficients of the airfoils. Dimension 0 is along the blade span for n_span stations, dimension 1 is along the angles of attack, dimension 2 is along the Reynolds number, dimension 3 is along the number of tabs, which may describe multiple sets at the same station, for example in presence of a flap."
af_3d.r_blade,intermediate,m,"[  3.           6.44814717   9.89629433  13.3444415   16.79258866
  20.24073583  23.68888299  27.13703016  30.58517733  34.03332449
  37.48147166  40.92961882  44.37776599  47.82591316  51.27406032
  54.72220749  58.17035465  61.61850182  65.06664898  68.51479615
  72.99738747  75.41109048  78.85923765  82.30738481  85.75553198
  89.20367915  92.65182631  96.09997348  99.54812064 102.99626781]",1D array of the dimensional spanwise grid defined along the rotor (hub radius to blade tip projected on the plane)
af_3d.rotor_radius,intermediate,m,[102.99626781],"Scalar of the rotor radius, defined ignoring prebend and sweep curvatures, and cone and uptilt angles."
af_3d.r_thick,intermediate,,"[1.         0.9904762  0.90583552 0.76920637 0.62433185 0.51495506
 0.45652477 0.40898037 0.37373472 0.35299758 0.33854388 0.32716954
 0.31781339 0.30941425 0.30091105 0.29250549 0.28490061 0.27785301
 0.27111927 0.26445597 0.25549867 0.250367   0.2424545  0.23345852
 0.22353126 0.21373557 0.20477992 0.19617537 0.18790426 0.18      ]",1D array of the relative thicknesses of the blade defined along span.
af_3d.chord,intermediate,m,"[4.5        4.51653455 4.59255455 4.72026865 4.75       4.75
 4.75       4.75       4.75       4.75       4.75       4.7
 4.64       4.48       4.30815493 4.07109567 3.83078655 3.59377787
 3.3535724  3.10972681 2.79010443 2.61780457 2.37255549 2.12536608
 1.87360817 1.6133977  1.34551447 1.07050448 0.78813172 0.5       ]",1D array of the chord values defined along blade span.
blade.compute_coord_xy_dim.chord,intermediate,m,"[4.5        4.51653455 4.59255455 4.72026865 4.75       4.75
 4.75       4.75       4.75       4.75       4.75       4.7
 4.64       4.48       4.30815493 4.07109567 3.83078655 3.59377787
 3.3535724  3.10972681 2.79010443 2.61780457 2.37255549 2.12536608
 1.87360817 1.6133977  1.34551447 1.07050448 0.78813172 0.5       ]",1D array of the chord values defined along blade span.
blade.compute_coord_xy_dim.pitch_axis,intermediate,,"[0.5        0.49816955 0.48992341 0.47666778 0.47368421 0.47368421
 0.47368421 0.47368421 0.47368421 0.47368421 0.47368421 0.46808511
 0.4612069  0.44196429 0.43251806 0.42095775 0.41010371 0.40195138
 0.39522149 0.39116278 0.39008436 0.39134099 0.39523274 0.40007425
 0.40504215 0.41113787 0.41946139 0.43201533 0.45321411 0.5       ]","1D array of the chordwise position of the pitch axis (0-LE, 1-TE), defined along blade span."
blade.compute_coord_xy_dim.twist,intermediate,rad,"[ 0.3491      0.32625117  0.30085553  0.27319561  0.24355395  0.2057759
  0.15761451  0.11369865  0.08888556  0.08740227  0.08747036  0.08755246
  0.08760935  0.08649735  0.08026523  0.07090719  0.06112253  0.05334186
  0.04683973  0.04037517  0.03044013  0.02356245  0.0096627  -0.00714598
 -0.02406408 -0.03833817 -0.05056212 -0.06194147 -0.07234987 -0.08166095]",1D array of the twist values defined along blade span. The twist is defined positive for negative rotations around the z axis (the same as in BeamDyn).
blade.compute_coord_xy_dim.coord_xy_interp,intermediate,,"[[[ 1.00000000e+00 -5.22802288e-16]
  [ 9.99429684e-01 -2.22597407e-02]
  [ 9.98063018e-01 -4.44580349e-02]
  ...
  [ 9.98120489e-01  4.38394581e-02]
  [ 9.99443038e-01  2.19496514e-02]
  [ 1.00000000e+00 -5.26271735e-16]]

 [[ 1.00000000e+00 -4.63811846e-04]
  [ 9.98467173e-01 -2.21760738e-02]
  [ 9.96201019e-01 -4.43513952e-02]
  ...
  [ 9.96776877e-01  4.39179785e-02]
  [ 9.98774657e-01  2.22119245e-02]
  [ 1.00000000e+00  3.03878429e-04]]

 [[ 1.00000000e+00 -3.84926541e-03]
  [ 9.90631439e-01 -2.12435866e-02]
  [ 9.80995553e-01 -4.24457781e-02]
  ...
  [ 9.85613808e-01  4.43560536e-02]
  [ 9.93218520e-01  2.41263074e-02]
  [ 1.00000000e+00  2.83048459e-03]]

 ...

 [[ 1.00000000e+00  2.99243424e-04]
  [ 9.76715850e-01  2.78508494e-03]
  [ 9.52832571e-01  4.62553820e-03]
  ...
  [ 9.52575171e-01  9.64309571e-03]
  [ 9.76267770e-01  4.94496385e-03]
  [ 1.00000000e+00  2.99243424e-04]]

 [[ 1.00000000e+00  7.60311480e-05]
  [ 9.76692547e-01  2.94939444e-03]
  [ 9.52952126e-01  4.97097005e-03]
  ...
  [ 9.52775619e-01  1.06814382e-02]
  [ 9.76380589e-01  5.38373218e-03]
  [ 1.00000000e+00  7.60311480e-05]]

 [[ 1.00000000e+00  1.76276899e-06]
  [ 9.76685164e-01  3.14692752e-03]
  [ 9.53182640e-01  5.22846152e-03]
  ...
  [ 9.52998460e-01  1.22336784e-02]
  [ 9.76506117e-01  6.17134718e-03]
  [ 1.00000000e+00  1.76276899e-06]]]",3D array of the non-dimensional x and y airfoil coordinates of the airfoils interpolated along span for n_span stations. The leading edge is place at x=0 and y=0.
blade.compute_coord_xy_dim.ref_axis,intermediate,m,"[[ 0.00000000e+00  0.00000000e+00  0.00000000e+00]
 [ 1.45896086e-02  0.00000000e+00  3.44814717e+00]
 [ 5.22230768e-02  0.00000000e+00  6.89629433e+00]
 [ 1.08141891e-01  0.00000000e+00  1.03444415e+01]
 [ 1.74250500e-01  0.00000000e+00  1.37925887e+01]
 [ 2.41136773e-01  0.00000000e+00  1.72407358e+01]
 [ 3.00085581e-01  0.00000000e+00  2.06888830e+01]
 [ 3.42651213e-01  0.00000000e+00  2.41370302e+01]
 [ 3.59821072e-01  0.00000000e+00  2.75851773e+01]
 [ 3.47586472e-01  0.00000000e+00  3.10333245e+01]
 [ 3.14508104e-01  0.00000000e+00  3.44814717e+01]
 [ 2.66858145e-01  0.00000000e+00  3.79296188e+01]
 [ 2.10870490e-01  0.00000000e+00  4.13777660e+01]
 [ 1.40477297e-01  0.00000000e+00  4.48259132e+01]
 [ 3.80470534e-02  0.00000000e+00  4.82740603e+01]
 [-9.07529186e-02  0.00000000e+00  5.17222075e+01]
 [-2.35123811e-01  0.00000000e+00  5.51703547e+01]
 [-3.94137332e-01  0.00000000e+00  5.86185018e+01]
 [-5.85777112e-01  0.00000000e+00  6.20666490e+01]
 [-8.05291806e-01  0.00000000e+00  6.55147962e+01]
 [-1.11555530e+00  0.00000000e+00  6.99973875e+01]
 [-1.29121723e+00  0.00000000e+00  7.24110905e+01]
 [-1.56372970e+00  0.00000000e+00  7.58592376e+01]
 [-1.85903588e+00  0.00000000e+00  7.93073848e+01]
 [-2.17067421e+00  0.00000000e+00  8.27555320e+01]
 [-2.49837779e+00  0.00000000e+00  8.62036791e+01]
 [-2.84335536e+00  0.00000000e+00  8.96518263e+01]
 [-3.20952152e+00  0.00000000e+00  9.30999735e+01]
 [-3.59684443e+00  0.00000000e+00  9.65481206e+01]
 [-4.00000000e+00  0.00000000e+00  9.99962678e+01]]","2D array of the coordinates (x,y,z) of the blade reference axis, defined along blade span. The coordinate system is the one of BeamDyn: it is placed at blade root with x pointing the suction side of the blade, y pointing the trailing edge and z along the blade span. A standard configuration will have negative x values (prebend), if swept positive y values, and positive z values."
blade.compute_reynolds.chord,intermediate,m,"[4.5        4.51653455 4.59255455 4.72026865 4.75       4.75
 4.75       4.75       4.75       4.75       4.75       4.7
 4.64       4.48       4.30815493 4.07109567 3.83078655 3.59377787
 3.3535724  3.10972681 2.79010443 2.61780457 2.37255549 2.12536608
 1.87360817 1.6133977  1.34551447 1.07050448 0.78813172 0.5       ]",
blade.compute_reynolds.r_blade,intermediate,m,"[  3.           6.44814717   9.89629433  13.3444415   16.79258866
  20.24073583  23.68888299  27.13703016  30.58517733  34.03332449
  37.48147166  40.92961882  44.37776599  47.82591316  51.27406032
  54.72220749  58.17035465  61.61850182  65.06664898  68.51479615
  72.99738747  75.41109048  78.85923765  82.30738481  85.75553198
  89.20367915  92.65182631  96.09997348  99.54812064 102.99626781]",1D array of the dimensional spanwise grid defined along the rotor (hub radius to blade tip projected on the plane)
blade.compute_reynolds.rotor_radius,intermediate,m,[102.99626781],"Scalar of the rotor radius, defined ignoring prebend and sweep curvatures, and cone and uptilt angles."
blade.high_level_blade_props.blade_ref_axis_user,intermediate,m,"[[ 0.00000000e+00  0.00000000e+00  0.00000000e+00]
 [ 1.45896086e-02  0.00000000e+00  3.44814717e+00]
 [ 5.22230768e-02  0.00000000e+00  6.89629433e+00]
 [ 1.08141891e-01  0.00000000e+00  1.03444415e+01]
 [ 1.74250500e-01  0.00000000e+00  1.37925887e+01]
 [ 2.41136773e-01  0.00000000e+00  1.72407358e+01]
 [ 3.00085581e-01  0.00000000e+00  2.06888830e+01]
 [ 3.42651213e-01  0.00000000e+00  2.41370302e+01]
 [ 3.59821072e-01  0.00000000e+00  2.75851773e+01]
 [ 3.47586472e-01  0.00000000e+00  3.10333245e+01]
 [ 3.14508104e-01  0.00000000e+00  3.44814717e+01]
 [ 2.66858145e-01  0.00000000e+00  3.79296188e+01]
 [ 2.10870490e-01  0.00000000e+00  4.13777660e+01]
 [ 1.40477297e-01  0.00000000e+00  4.48259132e+01]
 [ 3.80470534e-02  0.00000000e+00  4.82740603e+01]
 [-9.07529186e-02  0.00000000e+00  5.17222075e+01]
 [-2.35123811e-01  0.00000000e+00  5.51703547e+01]
 [-3.94137332e-01  0.00000000e+00  5.86185018e+01]
 [-5.85777112e-01  0.00000000e+00  6.20666490e+01]
 [-8.05291806e-01  0.00000000e+00  6.55147962e+01]
 [-1.11555530e+00  0.00000000e+00  6.99973875e+01]
 [-1.29121723e+00  0.00000000e+00  7.24110905e+01]
 [-1.56372970e+00  0.00000000e+00  7.58592376e+01]
 [-1.85903588e+00  0.00000000e+00  7.93073848e+01]
 [-2.17067421e+00  0.00000000e+00  8.27555320e+01]
 [-2.49837779e+00  0.00000000e+00  8.62036791e+01]
 [-2.84335536e+00  0.00000000e+00  8.96518263e+01]
 [-3.20952152e+00  0.00000000e+00  9.30999735e+01]
 [-3.59684443e+00  0.00000000e+00  9.65481206e+01]
 [-4.00000000e+00  0.00000000e+00  9.99962678e+01]]","2D array of the coordinates (x,y,z) of the blade reference axis, defined along blade span. The coordinate system is the one of BeamDyn: it is placed at blade root with x pointing the suction side of the blade, y pointing the trailing edge and z along the blade span. A standard configuration will have negative x values (prebend), if swept positive y values, and positive z values."
blade.high_level_blade_props.hub_radius,intermediate,m,[3.],Radius of the hub. It defines the distance of the blade root from the rotor center along the coned line.
blade.internal_structure_2d_fem.s,intermediate,,"[0.         0.03448276 0.06896552 0.10344828 0.13793103 0.17241379
 0.20689655 0.24137931 0.27586207 0.31034483 0.34482759 0.37931034
 0.4137931  0.44827586 0.48275862 0.51724138 0.55172414 0.5862069
 0.62068966 0.65517241 0.7        0.72413793 0.75862069 0.79310345
 0.82758621 0.86206897 0.89655172 0.93103448 0.96551724 1.        ]","1D array of the non-dimensional spanwise grid defined along blade axis (0-blade root, 1-blade tip)"
blade.internal_structure_2d_fem.coord_xy_dim,intermediate,m,"[[[ 2.25000000e+00 -2.35261029e-15]
  [ 2.24743358e+00 -1.00168833e-01]
  [ 2.24128358e+00 -2.00061157e-01]
  ...
  [ 2.24154220e+00  1.97277562e-01]
  [ 2.24749367e+00  9.87734313e-02]
  [ 2.25000000e+00 -2.36822281e-15]]

 [[ 2.26653457e+00 -2.09482223e-03]
  [ 2.25961150e+00 -1.00159004e-01]
  [ 2.24937634e+00 -2.00314609e-01]
  ...
  [ 2.25197722e+00  1.98357067e-01]
  [ 2.26100026e+00  1.00320925e-01]
  [ 2.26653457e+00  1.37247743e-03]]

 [[ 2.34255457e+00 -1.76779614e-02]
  [ 2.29952894e+00 -9.75623303e-02]
  [ 2.25527561e+00 -1.94934552e-01]
  ...
  [ 2.27648519e+00  2.03707596e-01]
  [ 2.31141025e+00  1.10801383e-01]
  [ 2.34255457e+00  1.29991549e-02]]

 ...

 [[ 6.08030135e-01  3.20341427e-04]
  [ 5.83104348e-01  2.98144592e-03]
  [ 5.57537191e-01  4.95165937e-03]
  ...
  [ 5.57261644e-01  1.03229772e-02]
  [ 5.82624676e-01  5.29360597e-03]
  [ 6.08030135e-01  3.20341427e-04]]

 [[ 4.30939302e-01  5.99225592e-05]
  [ 4.12569959e-01  2.32451130e-03]
  [ 3.93859380e-01  3.91777916e-03]
  ...
  [ 3.93720270e-01  8.41838022e-03]
  [ 4.12324095e-01  4.24309009e-03]
  [ 4.30939302e-01  5.99225592e-05]]

 [[ 2.50000000e-01  8.81384494e-07]
  [ 2.38342582e-01  1.57346376e-03]
  [ 2.26591320e-01  2.61423076e-03]
  ...
  [ 2.26499230e-01  6.11683918e-03]
  [ 2.38253059e-01  3.08567359e-03]
  [ 2.50000000e-01  8.81384494e-07]]]",3D array of the dimensional x and y airfoil coordinates of the airfoils interpolated along span for n_span stations. The origin is placed at the pitch axis.
blade.internal_structure_2d_fem.twist,intermediate,rad,"[ 0.3491      0.32625117  0.30085553  0.27319561  0.24355395  0.2057759
  0.15761451  0.11369865  0.08888556  0.08740227  0.08747036  0.08755246
  0.08760935  0.08649735  0.08026523  0.07090719  0.06112253  0.05334186
  0.04683973  0.04037517  0.03044013  0.02356245  0.0096627  -0.00714598
 -0.02406408 -0.03833817 -0.05056212 -0.06194147 -0.07234987 -0.08166095]",1D array of the twist values defined along blade span. The twist is defined positive for negative rotations around the z axis (the same as in BeamDyn).
blade.internal_structure_2d_fem.chord,intermediate,m,"[4.5        4.51653455 4.59255455 4.72026865 4.75       4.75
 4.75       4.75       4.75       4.75       4.75       4.7
 4.64       4.48       4.30815493 4.07109567 3.83078655 3.59377787
 3.3535724  3.10972681 2.79010443 2.61780457 2.37255549 2.12536608
 1.87360817 1.6133977  1.34551447 1.07050448 0.78813172 0.5       ]",1D array of the chord values defined along blade span.
blade.internal_structure_2d_fem.pitch_axis,intermediate,,"[0.5        0.49816955 0.48992341 0.47666778 0.47368421 0.47368421
 0.47368421 0.47368421 0.47368421 0.47368421 0.47368421 0.46808511
 0.4612069  0.44196429 0.43251806 0.42095775 0.41010371 0.40195138
 0.39522149 0.39116278 0.39008436 0.39134099 0.39523274 0.40007425
 0.40504215 0.41113787 0.41946139 0.43201533 0.45321411 0.5       ]","1D array of the chordwise position of the pitch axis (0-LE, 1-TE), defined along blade span."
blade.interp_airfoils.s,intermediate,,"[0.         0.03448276 0.06896552 0.10344828 0.13793103 0.17241379
 0.20689655 0.24137931 0.27586207 0.31034483 0.34482759 0.37931034
 0.4137931  0.44827586 0.48275862 0.51724138 0.55172414 0.5862069
 0.62068966 0.65517241 0.7        0.72413793 0.75862069 0.79310345
 0.82758621 0.86206897 0.89655172 0.93103448 0.96551724 1.        ]","1D array of the non-dimensional spanwise grid defined along blade axis (0-blade root, 1-blade tip)"
blade.interp_airfoils.pitch_axis,intermediate,,"[0.5        0.49816955 0.48992341 0.47666778 0.47368421 0.47368421
 0.47368421 0.47368421 0.47368421 0.47368421 0.47368421 0.46808511
 0.4612069  0.44196429 0.43251806 0.42095775 0.41010371 0.40195138
 0.39522149 0.39116278 0.39008436 0.39134099 0.39523274 0.40007425
 0.40504215 0.41113787 0.41946139 0.43201533 0.45321411 0.5       ]","1D array of the chordwise position of the pitch axis (0-LE, 1-TE), defined along blade span."
blade.interp_airfoils.chord,intermediate,m,"[4.5        4.51653455 4.59255455 4.72026865 4.75       4.75
 4.75       4.75       4.75       4.75       4.75       4.7
 4.64       4.48       4.30815493 4.07109567 3.83078655 3.59377787
 3.3535724  3.10972681 2.79010443 2.61780457 2.37255549 2.12536608
 1.87360817 1.6133977  1.34551447 1.07050448 0.78813172 0.5       ]",1D array of the chord values defined along blade span.
blade.interp_airfoils.r_thick_yaml,intermediate,,"[0. 0. 0. 0. 0. 0. 0. 0. 0. 0. 0. 0. 0. 0. 0. 0. 0. 0. 0. 0. 0. 0. 0. 0.
 0. 0. 0. 0. 0. 0.]",1D array of the relative thicknesses of the blade defined along span.
blade.pa.s,intermediate,,"[0.         0.03448276 0.06896552 0.10344828 0.13793103 0.17241379
 0.20689655 0.24137931 0.27586207 0.31034483 0.34482759 0.37931034
 0.4137931  0.44827586 0.48275862 0.51724138 0.55172414 0.5862069
 0.62068966 0.65517241 0.7        0.72413793 0.75862069 0.79310345
 0.82758621 0.86206897 0.89655172 0.93103448 0.96551724 1.        ]","1D array of the non-dimensional spanwise grid defined along blade axis (0-blade root, 1-blade tip)"
blade.ps.s,intermediate,,"[0.         0.03448276 0.06896552 0.10344828 0.13793103 0.17241379
 0.20689655 0.24137931 0.27586207 0.31034483 0.34482759 0.37931034
 0.4137931  0.44827586 0.48275862 0.51724138 0.55172414 0.5862069
 0.62068966 0.65517241 0.7        0.72413793 0.75862069 0.79310345
 0.82758621 0.86206897 0.89655172 0.93103448 0.96551724 1.        ]","1D array of the non-dimensional spanwise grid defined along blade axis (0-blade root, 1-blade tip)"
high_level_tower_props.rotor_diameter,intermediate,m,[205.99253562],Diameter of the rotor used in WISDEM. It is defined as two times the blade length plus the hub diameter.
tower_grid.ref_axis,intermediate,m,"[[  0.    0.    0. ]
 [  0.    0.   13.7]
 [  0.    0.   27.4]
 [  0.    0.   41.1]
 [  0.    0.   54.8]
 [  0.    0.   68.5]
 [  0.    0.   82.2]
 [  0.    0.   95.9]
 [  0.    0.  109.6]
 [  0.    0.  123.3]
 [  0.    0.  137. ]]","2D array of the coordinates (x,y,z) of the tower reference axis. The coordinate system is the global coordinate system of OpenFAST: it is placed at tower base with x pointing downwind, y pointing on the side and z pointing vertically upwards. A standard tower configuration will have zero x and y values and positive z values."
drivese.s_drive,output,m,"[-4.95279475 -3.95279475 -2.95279475 -2.20279475 -1.45279475  0.09214927
  1.63709329  1.73709329  1.92109329  2.10509329  3.06109329  4.01709329]",
drivese.bedplate_web_height,output,m,[2.01502282],
drivese.s_mb1,output,m,[2.10509329],
drivese.s_mb2,output,m,[1.73709329],
drivese.mb1_mass,intermediate,kg,[1480.55356999],
drivese.mb1_I,intermediate,kg*m**2,[134.02030141  70.60698288  70.60698288],
drivese.mb1_max_defl_ang,intermediate,rad,[0.00872665],
drivese.mb2_mass,intermediate,kg,[1349.62411874],
drivese.mb2_I,intermediate,kg*m**2,[118.75932276  61.52201828  61.52201828],
drivese.mb2_max_defl_ang,intermediate,rad,[0.078],
drivese.s_gearbox,output,m,[0.09214927],
drivese.s_generator,output,m,[-3.95279475],
drivese.F_mb1,output,N,"[[2013928.50057143]
 [  54461.11677296]
 [-704850.75025149]]",
drivese.F_mb2,output,N,"[[-0.]
 [-0.]
 [-0.]]",
drivese.F_torq,output,N,"[[-0.]
 [-0.]
 [-0.]]",
drivese.F_generator,output,N,"[[ -19254.7488191 ]
 [     -0.        ]
 [-275355.73626355]]",
drivese.M_mb1,output,N*m,"[[-0.]
 [-0.]
 [-0.]]",
drivese.M_mb2,output,N*m,"[[     -0.       ]
 [7697007.1706923]
 [1866137.1244403]]",
drivese.M_torq,output,N*m,"[[38392014.47284079]
 [      -0.        ]
 [      -0.        ]]",
drivese.M_generator,output,N*m,"[[ 396775.67665193]
 [-403771.01534965]
 [     -0.        ]]",
drivese.other_mass,output,kg,[81270.69098027],
drivese.bedplate_E,output,Pa,[2.e+11],
drivese.bedplate_G,output,Pa,[7.93e+10],
drivese.bedplate_rho,output,kg/m**3,[7800.],
drivese.bedplate_Xy,output,Pa,[3.45e+08],
drivese.rotor_diameter,intermediate,m,[205.99253562],
drivese.rated_torque,intermediate,N*m,[6713134.61355327],
drivese.lss_spring_constant,output,N*m/rad,[3.6257627e+08],
drivese.hss_spring_constant,output,N*m/rad,[35706869.28346739],
drivese.blades_I,intermediate,kg*m**2,"[1.94695167e+08 9.73475833e+07 9.73475833e+07 0.00000000e+00
 0.00000000e+00 0.00000000e+00]",
drivese.hub_system_I,output,kg*m**2,"[296457.67303193 183231.8708939  183231.8708939       0.
      0.              0.        ]",
drivese.lss_rpm,output,rpm,"[0.1        0.50951437 0.91902874 1.32854311 1.73805748 2.14757185
 2.55708622 2.96660059 3.37611496 3.78562933 4.1951437  4.60465807
 5.01417244 5.42368681 5.83320118 6.24271555 6.65222992 7.06174429
 7.47125866 7.88077303]",
drivese.s_hss,output,m,[-2.95279475 -2.20279475 -1.45279475],
drivese.M_hub,intermediate,N*m,"[[38392014.47284081]
 [ 7208793.041712  ]
 [ 1961316.77038051]]",
drivese.generator_mass,output,kg,[19195.74437204],
drivese.generator_I,output,kg*m**2,[22908.70057703 17852.93174586 17852.93174586],
drivese.brake_mass,output,kg,[8190.02422853],
drivese.brake_I,output,kg*m**2,[4344.08352031 2172.04176016 2172.04176016],
drivese.hss_E,output,Pa,[2.e+11],
drivese.hss_G,output,Pa,[7.93e+10],
drivese.hss_rho,output,kg/m**3,[7800.],
drivese.hss_Xy,output,Pa,[3.45e+08],
drivese.pitch_mass,output,kg,[25191.17402603],
drivese.pitch_cost,output,USD,[0.],
drivese.pitch_I,output,kg*m**2,"[226720.56623431 113360.28311715 113360.28311715      0.
      0.              0.        ]",
drivese.hub_mass,output,kg,[7931.98891611],
drivese.hub_cost,output,USD,[5552.39224128],
drivese.hub_cm,output,m,[2.75303526],
drivese.hub_I,output,kg*m**2,"[47591.93349667 47591.93349667 47591.93349667     0.
     0.             0.        ]",
drivese.spinner_mass,output,kg,[2362.15181877],
drivese.spinner_cost,output,kg,[5412.83714109],
drivese.spinner_cm,output,m,[3.],
drivese.spinner_I,output,kg*m**2,"[22145.17330095 22145.17330095 22145.17330095     0.
     0.             0.        ]",
drivese.hub_shell.rho,intermediate,kg/m**3,[7800.],
drivese.max_torque,output,N*m,[32135318.14058303],
drivese.hub_shell.Xy,intermediate,Pa,[3.45e+08],
drivese.hub_shell.metal_cost,intermediate,USD/kg,[0.7],
drivese.blade_root_diameter,intermediate,m,[4.5],
drivese.rated_rpm,intermediate,rpm,[7.88077303],
drivese.blade_mass,intermediate,kg,[49737.88272227],
drivese.pitch_system.rho,intermediate,kg/m**3,[7800.],
drivese.pitch_system.Xy,intermediate,Pa,[3.45e+08],
drivese.pitch_system.BRFM,intermediate,N*m,[-48525084.32477351],
drivese.spinner_gust_ws,intermediate,m/s,[52.5],
drivese.spinner.composite_Xt,intermediate,Pa,[46210000.],
drivese.spinner.composite_rho,intermediate,kg/m**3,[1940.],
drivese.spinner.Xy,intermediate,Pa,[3.45e+08],
drivese.spinner.metal_rho,intermediate,kg/m**3,[7800.],
drivese.spinner.composite_cost,intermediate,USD/kg,[3.],
drivese.spinner.metal_cost,intermediate,USD/kg,[0.7],
drivese.lss_rho,output,kg/m**3,[7800.],
drivese.L_gearbox,output,m,[3.08988803],
drivese.s_lss,output,m,[1.63709329 1.73709329 1.92109329 2.10509329 4.01709329],
drivese.hub_system_mass,output,kg,[35485.31476091],
drivese.hub_system_cm,output,m,[2.76947496],
drivese.F_hub,intermediate,N,"[[2064483.66894987]
 [  54461.11677296]
 [  18121.83738102]]",
drivese.generator_rotor_mass,output,kg,[9597.87218602],
drivese.generator_rotor_I,output,kg*m**2,[11454.35028852  8926.46587293  8926.46587293],
drivese.gearbox_mass,output,kg,[33565.67306777],
drivese.gearbox_I,output,kg*m**2,[25637.21421824 39524.03858645 39524.03858645],
drivese.carrier_mass,output,kg,[0.],
drivese.carrier_I,output,kg*m**2,[0. 0. 0.],
drivese.lss_E,output,Pa,[2.e+11],
drivese.lss_G,output,Pa,[7.93e+10],
drivese.lss_Xy,output,Pa,[3.45e+08],
drivese.H_bedplate,output,m,[2.16502282],
drivese.L_bedplate,output,m,[8.94803784],
drivese.R_generator,output,m,[1.54494402],
drivese.generator_cm,intermediate,m,[-3.95279475],
drivese.rho_fiberglass,intermediate,kg/m**3,[1940.],
drivese.rho_castiron,intermediate,kg/m**3,[7800.],
drivese.mb1_cm,intermediate,m,[2.10509329],
drivese.mb2_cm,intermediate,m,[1.73709329],
drivese.gearbox_cm,intermediate,m,[0.09214927],
drivese.hss_mass,output,kg,[762.1855636],
drivese.hss_cm,output,m,[-2.20279475],
drivese.hss_I,output,kg*m**2,[  7.90233992 146.86096314 146.86096314],
drivese.brake_cm,output,m,[0.04607463],
drivese.generator_stator_mass,output,kg,[9597.87218602],
drivese.generator_stator_I,output,kg*m**2,[11454.35028852  8926.46587293  8926.46587293],
drivese.lss_mass,output,kg,[4854.1340218],
drivese.lss_cm,output,m,[2.82709329],
drivese.lss_I,output,kg*m**2,[ 202.01085498 2392.31849025 2392.31849025],
drivese.converter_mass,output,kg,[4196.35],
drivese.converter_cm,output,m,[0.         4.31010698 1.54494402],
drivese.converter_I,output,kg*m**2,[6677.37763838 6677.37763838 6677.37763838],
drivese.transformer_mass,output,kg,[11485.],
drivese.transformer_cm,output,m,[ 0.         -4.31010698  1.54494402],
drivese.transformer_I,output,kg*m**2,[18275.33026959 18275.33026959 18275.33026959],
drivese.yaw_mass,output,kg,[17718.22662096],
drivese.yaw_cm,output,m,[0. 0. 0.],
drivese.yaw_I,output,kg*m**2,[0. 0. 0.],
drivese.bedplate_mass,output,kg,[28022.72936555],
drivese.bedplate_cm,output,m,[-2.52598108  0.          1.05751141],
drivese.bedplate_I,output,kg*m**2,"[ 53638.13295762 206618.4178123  241708.05221668      0.
      0.              0.        ]",
drivese.hvac_mass,output,kg,[2912.15086465],
drivese.hvac_cm,output,m,[-3.95279475],
drivese.hvac_I,output,m,[3909.86615381 1954.93307691 1954.93307691],
drivese.platform_mass,output,kg,[38169.46196722],
drivese.platform_cm,output,m,[0. 0. 0.],
drivese.platform_I,output,m,[389136.45327517 389136.45327517 778262.72802715],
drivese.cover_mass,output,kg,[6789.50152745],
drivese.cover_cm,output,m,[-0.44740189  0.          2.04048176],
drivese.cover_I,output,m,[168.82865835 314.66635416 299.22959225],
drivese.constr_height,output,m,[2.16502282],
drivese.L_drive,output,m,[8.96988803],
drivese.shaft_start,output,m,[0.         0.         2.16502282],
drivese.blades_mass,intermediate,kg,[149213.64816681],
drivese.nacelle_mass,output,kg,[178691.3592883],
drivese.blades_cm,intermediate,m,[0.88933157],
drivese.nacelle_cm,output,m,[-0.04237478 -0.17580515  1.22913232],
drivese.nacelle_I_TT,output,kg*m**2,"[ 1.23135663e+06  1.67718267e+06  1.97769021e+06  1.45286803e+01
 -3.42452461e+04  4.81127798e+04]",
drivese.yaw.rho,intermediate,kg/m**3,[7800.],
rotorse.rc_in.blade_length,intermediate,m,[70.12284527],blade length
rotorse.rc_in.s,intermediate,,"[0.         0.04926108 0.09852217 0.14778325 0.19704433 0.24630542
 0.2955665  0.34482759 0.39408867 0.44334975 0.49261084 0.54187192
 0.591133   0.64039409 0.68965517 0.73891626 0.78817734 0.83743842
 0.88669951 0.93596059 1.        ]",blade nondimensional span location
rotorse.rc_in.chord,intermediate,m,"[4.5        4.51653455 4.59255455 4.72026865 4.75       4.75
 4.75       4.75       4.75       4.75       4.75       4.7
 4.64       4.48       4.30815493 4.07109567 3.83078655 3.59377787
 3.3535724  3.10972681 2.79010443]",Chord distribution
rotorse.rc_in.coord_xy_interp,intermediate,,"[[[ 1.00000000e+00 -5.22802288e-16]
  [ 9.99429684e-01 -2.22597407e-02]
  [ 9.98063018e-01 -4.44580349e-02]
  ...
  [ 9.98120489e-01  4.38394581e-02]
  [ 9.99443038e-01  2.19496514e-02]
  [ 1.00000000e+00 -5.26271735e-16]]

 [[ 1.00000000e+00 -4.63811846e-04]
  [ 9.98467173e-01 -2.21760738e-02]
  [ 9.96201019e-01 -4.43513952e-02]
  ...
  [ 9.96776877e-01  4.39179785e-02]
  [ 9.98774657e-01  2.22119245e-02]
  [ 1.00000000e+00  3.03878429e-04]]

 [[ 1.00000000e+00 -3.84926541e-03]
  [ 9.90631439e-01 -2.12435866e-02]
  [ 9.80995553e-01 -4.24457781e-02]
  ...
  [ 9.85613808e-01  4.43560536e-02]
  [ 9.93218520e-01  2.41263074e-02]
  [ 1.00000000e+00  2.83048459e-03]]

 ...

 [[ 1.00000000e+00 -2.46260310e-03]
  [ 9.78938056e-01 -5.76963289e-04]
  [ 9.54288397e-01  1.19753987e-03]
  ...
  [ 9.52128888e-01  1.73475440e-02]
  [ 9.76059052e-01  1.20792142e-02]
  [ 1.00000000e+00  6.85491322e-03]]

 [[ 1.00000000e+00 -2.72690256e-04]
  [ 9.80063869e-01  7.15954847e-04]
  [ 9.55470003e-01  1.86879457e-03]
  ...
  [ 9.52197935e-01  1.66394787e-02]
  [ 9.76093200e-01  1.14596333e-02]
  [ 1.00000000e+00  6.31813343e-03]]

 [[ 1.00000000e+00  2.29180864e-03]
  [ 9.81362427e-01  2.41480801e-03]
  [ 9.56820273e-01  2.87220682e-03]
  ...
  [ 9.52274818e-01  1.56425947e-02]
  [ 9.76130200e-01  1.05873203e-02]
  [ 1.00000000e+00  5.56536480e-03]]]",3D array of the non-dimensional x and y airfoil coordinates of the airfoils interpolated along span for n_span stations.
rotorse.rc_in.web_start_nd,intermediate,,"[[0.19443411 0.19789619 0.1995814  0.29869742 0.31098567 0.32448251
  0.33399992 0.34127527 0.34566252 0.34669277 0.34713247 0.35067402
  0.35439919 0.36569812 0.37274312 0.38232289 0.39148885 0.39896527
  0.40560235 0.41086001 0.41544218]
 [0.19443411 0.19789619 0.1995814  0.24103292 0.25044234 0.26086146
  0.26853677 0.2740762  0.27663037 0.27598468 0.27477686 0.27596579
  0.27726755 0.28439744 0.28696237 0.29046479 0.29309095 0.2937625
  0.29314104 0.29067678 0.28457176]]","2D array of the non-dimensional start point defined along the outer profile of a web. The TE suction side is 0, the TE pressure side is 1. The first dimension represents each web, the second dimension represents each entry along blade span."
rotorse.rc_in.web_end_nd,intermediate,,"[[0.69444351 0.69843353 0.70702196 0.62303187 0.62842173 0.63161008
  0.63612392 0.64039419 0.64243713 0.64265738 0.64287487 0.63990423
  0.63666324 0.6260501  0.62026719 0.61224547 0.6045373  0.59812347
  0.59230543 0.58775308 0.58404968]
 [0.69444351 0.69843353 0.70702196 0.68025763 0.68810309 0.69451453
  0.70133692 0.7078914  0.71197499 0.71396795 0.71585303 0.71515734
  0.7142568  0.70752285 0.70604146 0.70386319 0.70248662 0.7027377
  0.70407455 0.7072081  0.71426697]]","2D array of the non-dimensional end point defined along the outer profile of a web. The TE suction side is 0, the TE pressure side is 1. The first dimension represents each web, the second dimension represents each entry along blade span."
rotorse.rc_in.layer_thickness,intermediate,m,"[[0.001      0.001      0.001      0.001      0.001      0.001
  0.001      0.001      0.001      0.001      0.001      0.001
  0.001      0.001      0.001      0.001      0.001      0.001
  0.001      0.001      0.001     ]
 [0.041      0.033      0.026      0.02       0.015      0.011
  0.00828454 0.00651243 0.00536208 0.00470248 0.00440263 0.00433155
  0.00435823 0.00435168 0.00430703 0.0042194  0.00408392 0.00389572
  0.00364992 0.00334165 0.00286491]
 [0.         0.01036386 0.01802123 0.02536166 0.03206819 0.03782389
  0.04231181 0.045215   0.04621651 0.04569527 0.04403017 0.04160014
  0.03878408 0.03596091 0.03350953 0.03135807 0.02943466 0.02766741
  0.02598444 0.02431388 0.02205491]
 [0.         0.01247806 0.01761157 0.02274509 0.02766418 0.03215441
  0.03600136 0.0389906  0.04090771 0.04153826 0.04110173 0.03981761
  0.0379054  0.03558457 0.03307463 0.03059505 0.02815655 0.02576987
  0.02344572 0.02119482 0.01839689]
 [0.         0.         0.         0.         0.         0.
  0.         0.         0.         0.         0.         0.
  0.         0.         0.         0.         0.         0.
  0.         0.001      0.03442398]
 [0.         0.         0.         0.         0.         0.
  0.         0.         0.         0.         0.         0.
  0.         0.         0.         0.         0.         0.
  0.         0.001      0.03442398]
 [0.         0.         0.00665003 0.00814812 0.00964621 0.0111443
  0.01260256 0.01398116 0.01524026 0.01634003 0.01724065 0.01790228
  0.01832761 0.01851932 0.01848012 0.01821267 0.01771968 0.01700382
  0.01610578 0.01506624 0.01357085]
 [0.         0.         0.02334323 0.02514806 0.0269529  0.02875774
  0.03056258 0.03236741 0.03399538 0.0352696  0.03601321 0.03604932
  0.03520108 0.0332916  0.03059387 0.02738085 0.02392552 0.02050085
  0.01737982 0.0148354  0.01223235]
 [0.         0.         0.02334323 0.02514806 0.0269529  0.02875774
  0.03056258 0.03236741 0.03399538 0.0352696  0.03601321 0.03604932
  0.03520108 0.0332916  0.03059387 0.02738085 0.02392552 0.02050085
  0.01737982 0.0148354  0.01223235]
 [0.         0.         0.01864022 0.02290439 0.02716855 0.03128208
  0.03509432 0.03845464 0.04121238 0.04321692 0.0443176  0.04463178
  0.04427681 0.04337004 0.04202882 0.04037051 0.03851246 0.03646388
  0.03423398 0.03183196 0.02846753]
 [0.         0.         0.01067832 0.01302775 0.01537718 0.0177266
  0.02007603 0.02234366 0.02444771 0.02630638 0.02783787 0.0289604
  0.02959217 0.02979168 0.02961743 0.02912793 0.02838168 0.02743718
  0.02635293 0.02511064 0.02322957]
 [0.         0.         0.01171413 0.01476495 0.01781576 0.02086658
  0.02391739 0.02696821 0.03001902 0.03295299 0.03565325 0.03800297
  0.03988528 0.04118335 0.04178032 0.04172736 0.04107568 0.03987644
  0.03818083 0.03604003 0.03267979]
 [0.         0.         0.03598738 0.04397734 0.05196731 0.05963021
  0.066639   0.07266661 0.07738598 0.08047006 0.08159179 0.08099669
  0.07893026 0.07563804 0.07136553 0.06635826 0.06086173 0.05503573
  0.04904003 0.04303439 0.03547716]
 [0.041      0.033      0.026      0.02       0.01531562 0.01261405
  0.01008929 0.00782972 0.00592376 0.00445981 0.00352627 0.00301625
  0.00282289 0.00283929 0.0029586  0.00307391 0.00307837 0.00299303
  0.00283898 0.00263728 0.00233878]
 [0.         0.         0.         0.00216423 0.00221016 0.00225609
  0.00230203 0.00234796 0.00238579 0.0024074  0.0024047  0.00236957
  0.00229392 0.00216963 0.00201292 0.00184    0.00166708 0.00151037
  0.00138608 0.00131043 0.00127398]
 [0.         0.         0.         0.03748906 0.03611723 0.03474541
  0.0333631  0.03195982 0.0305251  0.02904844 0.02751938 0.02592742
  0.02433745 0.02281437 0.02142306 0.02022841 0.01929532 0.01868866
  0.01834679 0.01820803 0.02      ]
 [0.         0.         0.         0.00207236 0.0021183  0.00216423
  0.00221016 0.00225609 0.00230203 0.00234796 0.00238579 0.0024074
  0.0024047  0.00236957 0.00229392 0.00216963 0.00201292 0.00184
  0.00166708 0.00151037 0.00135893]
 [0.         0.         0.         0.0025176  0.00244513 0.00237266
  0.00230019 0.00222772 0.00215449 0.00207974 0.00200272 0.00192266
  0.0018388  0.00175038 0.00166147 0.0015761  0.00149834 0.00143223
  0.00138184 0.0013512  0.00133655]
 [0.         0.         0.         0.03770661 0.03634612 0.03498563
  0.03361392 0.03221976 0.03079194 0.02931923 0.02779041 0.02619427
  0.02459556 0.02305903 0.02164945 0.02043157 0.02       0.02
  0.02       0.02       0.02      ]
 [0.         0.         0.         0.00266254 0.00259007 0.0025176
  0.00244513 0.00237266 0.00230019 0.00222772 0.00215449 0.00207974
  0.00200272 0.00192266 0.0018388  0.00175038 0.00166147 0.0015761
  0.00149834 0.00143223 0.00137084]]","2D array of the thickness of the layers of the blade structure. The first dimension represents each layer, the second dimension represents each entry along blade span."
rotorse.rc_in.layer_start_nd,intermediate,,"[[0.         0.         0.         0.         0.         0.
  0.         0.         0.         0.         0.         0.
  0.         0.         0.         0.         0.         0.
  0.         0.         0.        ]
 [0.         0.         0.         0.         0.         0.
  0.         0.         0.         0.         0.         0.
  0.         0.         0.         0.         0.         0.
  0.         0.         0.        ]
 [0.16613836 0.16946286 0.16968068 0.23759495 0.2439899  0.25193115
  0.25766523 0.26174662 0.2633434  0.26210837 0.26061866 0.2616315
  0.26295985 0.26995749 0.2725209  0.27588271 0.27838647 0.27891556
  0.27802616 0.2750634  0.26774667]
 [0.66614777 0.6700002  0.67712123 0.62072086 0.62727502 0.63245959
  0.63926867 0.64574535 0.64977998 0.65171232 0.65333451 0.65155042
  0.64924268 0.63950434 0.63444037 0.62711273 0.61986479 0.61356165
  0.60742732 0.60199085 0.59597957]
 [0.19443411 0.19789619 0.1995814  0.20542464 0.21272282 0.2220171
  0.22991051 0.23619816 0.24018571 0.24176774 0.24321802 0.24714692
  0.25147187 0.26147185 0.26715623 0.27388979 0.28019577 0.28503635
  0.289098   0.2692474  0.15010342]
 [0.69444351 0.69843353 0.70702196 0.71607859 0.72704187 0.73490281
  0.74127057 0.74679934 0.74912851 0.748806   0.74793476 0.74442439
  0.74042431 0.73076654 0.7260795  0.72058973 0.71546943 0.71150765
  0.70813245 0.68336649 0.561757  ]
 [0.48905595 0.48893839 0.48796411 0.48706864 0.48668455 0.48576547
  0.48502104 0.48531088 0.48564258 0.4857924  0.48611936 0.48627169
  0.48627317 0.48579129 0.48506303 0.48383156 0.48238805 0.48077685
  0.47894774 0.47684624 0.47359139]
 [0.         0.         0.         0.         0.         0.
  0.         0.         0.         0.         0.         0.
  0.         0.         0.         0.         0.         0.
  0.         0.         0.        ]
 [0.95925412 0.95895293 0.9565692  0.95388656 0.95056337 0.94780072
  0.9455854  0.94397287 0.94256868 0.94189525 0.94165198 0.94093289
  0.94012219 0.93775085 0.9348865  0.93047603 0.92519004 0.92487708
  0.92502404 0.92507998 0.92496879]
 [0.04074588 0.04104707 0.0434308  0.04611344 0.04943663 0.05219928
  0.0544146  0.05602713 0.05743132 0.05810475 0.05834802 0.05906711
  0.05987781 0.06224915 0.0651135  0.06952397 0.07480996 0.07512292
  0.07497596 0.07492002 0.07503121]
 [0.22272986 0.22632952 0.22948212 0.30080193 0.31138242 0.32272784
  0.33028459 0.33580147 0.33842316 0.33783338 0.33690305 0.33920465
  0.34192828 0.35209392 0.35827412 0.36697208 0.37551861 0.38277512
  0.38964944 0.39578046 0.40279588]
 [0.51094271 0.51093158 0.51109232 0.51151394 0.51274861 0.51314609
  0.51310658 0.51395159 0.51467968 0.51507905 0.51562235 0.51627311
  0.5168142  0.51755755 0.51822809 0.51906037 0.51995391 0.52094453
  0.52211804 0.52353357 0.52582167]
 [0.72273926 0.72686687 0.73692268 0.68392783 0.69466754 0.70325628
  0.71188804 0.71980021 0.72485974 0.72743733 0.7296189  0.72912358
  0.72821111 0.72164078 0.72019359 0.71820211 0.71699693 0.71742121
  0.7190506  0.72270791 0.73102878]
 [0.         0.         0.         0.         0.         0.
  0.         0.         0.         0.         0.         0.
  0.         0.         0.         0.05       0.05       0.05
  0.05       0.05       0.05      ]
 [0.         0.         0.         0.         0.         0.
  0.         0.         0.         0.         0.         0.
  0.         0.         0.         0.         0.         0.
  0.         0.         0.        ]
 [0.         0.         0.         0.         0.         0.
  0.         0.         0.         0.         0.         0.
  0.         0.         0.         0.         0.         0.
  0.         0.         0.        ]
 [0.         0.         0.         0.         0.         0.
  0.         0.         0.         0.         0.         0.
  0.         0.         0.         0.         0.         0.
  0.         0.         0.        ]
 [0.         0.         0.         0.         0.         0.
  0.         0.         0.         0.         0.         0.
  0.         0.         0.         0.         0.         0.
  0.         0.         0.        ]
 [0.         0.         0.         0.         0.         0.
  0.         0.         0.         0.         0.         0.
  0.         0.         0.         0.         0.         0.
  0.         0.         0.        ]
 [0.         0.         0.         0.         0.         0.
  0.         0.         0.         0.         0.         0.
  0.         0.         0.         0.         0.         0.
  0.         0.         0.        ]]","2D array of the non-dimensional start point defined along the outer profile of a layer. The TE suction side is 0, the TE pressure side is 1. The first dimension represents each layer, the second dimension represents each entry along blade span."
rotorse.rc_in.layer_end_nd,intermediate,,"[[1.         1.         1.         1.         1.         1.
  1.         1.         1.         1.         1.         1.
  1.         1.         1.         1.         1.         1.
  1.         1.         1.        ]
 [1.         1.         1.         1.         1.         1.
  1.         1.         1.         1.         1.         1.
  1.         1.         1.         1.         1.         1.
  1.         1.         1.        ]
 [0.22272986 0.22632952 0.22948212 0.30080193 0.31138242 0.32272784
  0.33028459 0.33580147 0.33842316 0.33783338 0.33690305 0.33920465
  0.34192828 0.35209392 0.35827412 0.36697208 0.37551861 0.38277512
  0.38964944 0.39578046 0.40279588]
 [0.72273926 0.72686687 0.73692268 0.68392783 0.69466754 0.70325628
  0.71188804 0.71980021 0.72485974 0.72743733 0.7296189  0.72912358
  0.72821111 0.72164078 0.72019359 0.71820211 0.71699693 0.71742121
  0.7190506  0.72270791 0.73102878]
 [0.19443411 0.19789619 0.1995814  0.20542464 0.21272282 0.2220171
  0.22991051 0.23619816 0.24018571 0.24176774 0.24321802 0.24714692
  0.25147187 0.26147185 0.26715623 0.27388979 0.28019577 0.28503635
  0.289098   0.31451629 0.43708299]
 [0.69444351 0.69843353 0.70702196 0.71607859 0.72704187 0.73490281
  0.74127057 0.74679934 0.74912851 0.748806   0.74793476 0.74442439
  0.74042431 0.73076654 0.7260795  0.72058973 0.71546943 0.71150765
  0.70813245 0.72863539 0.84873656]
 [0.51094271 0.51093158 0.51109232 0.51151394 0.51274861 0.51314609
  0.51310658 0.51395159 0.51467968 0.51507905 0.51562235 0.51627311
  0.5168142  0.51755755 0.51822809 0.51906037 0.51995391 0.52094453
  0.52211804 0.52353357 0.52582167]
 [0.04074588 0.04104707 0.0434308  0.04611344 0.04943663 0.05219928
  0.0544146  0.05602713 0.05743132 0.05810475 0.05834802 0.05906711
  0.05987781 0.06224915 0.0651135  0.06952397 0.07480996 0.07512292
  0.07497596 0.07492002 0.07503121]
 [1.         1.         1.         1.         1.         1.
  1.         1.         1.         1.         1.         1.
  1.         1.         1.         1.         1.         1.
  1.         1.         1.        ]
 [0.16613836 0.16946286 0.16968068 0.23759495 0.2439899  0.25193115
  0.25766523 0.26174662 0.2633434  0.26210837 0.26061866 0.2616315
  0.26295985 0.26995749 0.2725209  0.27588271 0.27838647 0.27891556
  0.27802616 0.2750634  0.26774667]
 [0.48905595 0.48893839 0.48796411 0.48706864 0.48668455 0.48576547
  0.48502104 0.48531088 0.48564258 0.4857924  0.48611936 0.48627169
  0.48627317 0.48579129 0.48506303 0.48383156 0.48238805 0.48077685
  0.47894774 0.47684624 0.47359139]
 [0.66614777 0.6700002  0.67712123 0.62072086 0.62727502 0.63245959
  0.63926867 0.64574535 0.64977998 0.65171232 0.65333451 0.65155042
  0.64924268 0.63950434 0.63444037 0.62711273 0.61986479 0.61356165
  0.60742732 0.60199085 0.59597957]
 [0.95925412 0.95895293 0.9565692  0.95388656 0.95056337 0.94780072
  0.9455854  0.94397287 0.94256868 0.94189525 0.94165198 0.94093289
  0.94012219 0.93775085 0.9348865  0.93047603 0.92519004 0.92487708
  0.92502404 0.92507998 0.92496879]
 [1.         1.         1.         1.         1.         1.
  1.         1.         1.         1.         1.         1.
  1.         1.         1.         0.95       0.95       0.95
  0.95       0.95       0.95      ]
 [0.         0.         0.         0.         0.         0.
  0.         0.         0.         0.         0.         0.
  0.         0.         0.         0.         0.         0.
  0.         0.         0.        ]
 [0.         0.         0.         0.         0.         0.
  0.         0.         0.         0.         0.         0.
  0.         0.         0.         0.         0.         0.
  0.         0.         0.        ]
 [0.         0.         0.         0.         0.         0.
  0.         0.         0.         0.         0.         0.
  0.         0.         0.         0.         0.         0.
  0.         0.         0.        ]
 [0.         0.         0.         0.         0.         0.
  0.         0.         0.         0.         0.         0.
  0.         0.         0.         0.         0.         0.
  0.         0.         0.        ]
 [0.         0.         0.         0.         0.         0.
  0.         0.         0.         0.         0.         0.
  0.         0.         0.         0.         0.         0.
  0.         0.         0.        ]
 [0.         0.         0.         0.         0.         0.
  0.         0.         0.         0.         0.         0.
  0.         0.         0.         0.         0.         0.
  0.         0.         0.        ]]","2D array of the non-dimensional end point defined along the outer profile of a layer. The TE suction side is 0, the TE pressure side is 1. The first dimension represents each layer, the second dimension represents each entry along blade span."
rotorse.rc_in.ply_t,intermediate,m,[1.e+06 1.e+06 5.e-03 5.e-03 1.e-03 1.e-03 1.e+06 1.e+06 1.e+06 1.e+06],1D array of the ply thicknesses of the materials. Non-composite materials are kept at 0.
rotorse.rc_in.fwf,intermediate,,"[0.         0.         0.74506827 0.77884615 0.74506827 0.74506827
 0.         0.         0.         0.        ]",1D array of the non-dimensional fiber weight fraction of the composite materials. Non-composite materials are kept at 0.
rotorse.rc_in.fvf,intermediate,,"[0.         0.         0.57       0.69230769 0.57       0.57
 0.         0.         0.         0.        ]",1D array of the non-dimensional fiber volume fraction of the composite materials. Non-composite materials are kept at 0.
rotorse.rc_out.blade_length,intermediate,m,[30.05264797],blade length
rotorse.rc_out.s,intermediate,,"[0.         0.08045977 0.1954023  0.31034483 0.42528736 0.54022989
 0.65517241 0.77011494 0.88505747 1.        ]",blade nondimensional span location
rotorse.rc_out.chord,intermediate,m,"[2.79010443 2.61780457 2.37255549 2.12536608 1.87360817 1.6133977
 1.34551447 1.07050448 0.78813172 0.5       ]",Chord distribution
rotorse.rc_out.coord_xy_interp,intermediate,,"[[[1.00000000e+00 2.29180864e-03]
  [9.81362427e-01 2.41480801e-03]
  [9.56820273e-01 2.87220682e-03]
  ...
  [9.52274818e-01 1.56425947e-02]
  [9.76130200e-01 1.05873203e-02]
  [1.00000000e+00 5.56536480e-03]]

 [[1.00000000e+00 3.37948426e-03]
  [9.81907667e-01 3.41070179e-03]
  [9.57383654e-01 3.55340084e-03]
  ...
  [9.52308532e-01 1.50382979e-02]
  [9.76145533e-01 1.00604661e-02]
  [1.00000000e+00 5.11552050e-03]]

 [[1.00000000e+00 4.23111514e-03]
  [9.82331973e-01 4.21406208e-03]
  [9.57820373e-01 4.20422714e-03]
  ...
  [9.52342585e-01 1.40441932e-02]
  [9.76158891e-01 9.19923406e-03]
  [1.00000000e+00 4.39165819e-03]]

 ...

 [[1.00000000e+00 2.99243424e-04]
  [9.76715850e-01 2.78508494e-03]
  [9.52832571e-01 4.62553820e-03]
  ...
  [9.52575171e-01 9.64309571e-03]
  [9.76267770e-01 4.94496385e-03]
  [1.00000000e+00 2.99243424e-04]]

 [[1.00000000e+00 7.60311480e-05]
  [9.76692547e-01 2.94939444e-03]
  [9.52952126e-01 4.97097005e-03]
  ...
  [9.52775619e-01 1.06814382e-02]
  [9.76380589e-01 5.38373218e-03]
  [1.00000000e+00 7.60311480e-05]]

 [[1.00000000e+00 1.76276899e-06]
  [9.76685164e-01 3.14692752e-03]
  [9.53182640e-01 5.22846152e-03]
  ...
  [9.52998460e-01 1.22336784e-02]
  [9.76506117e-01 6.17134718e-03]
  [1.00000000e+00 1.76276899e-06]]]",3D array of the non-dimensional x and y airfoil coordinates of the airfoils interpolated along span for n_span stations.
rotorse.rc_out.web_start_nd,intermediate,,"[[0.41544218 0.4168685  0.41765577 0.4178254  0.41762105 0.41607536
  0.41231162 0.40526033 0.3917786  0.24523263]
 [0.28457176 0.27993725 0.27169063 0.26196135 0.25052713 0.23573882
  0.21583323 0.18757385 0.14241967 0.24523263]]","2D array of the non-dimensional start point defined along the outer profile of a web. The TE suction side is 0, the TE pressure side is 1. The first dimension represents each web, the second dimension represents each entry along blade span."
rotorse.rc_out.web_end_nd,intermediate,,"[[0.58404968 0.58314037 0.58330853 0.58418287 0.58515575 0.58696589
  0.59069424 0.59757143 0.61087894 0.75672069]
 [0.71426697 0.71950425 0.72886409 0.73974775 0.75193557 0.76675484
  0.78613106 0.8134791  0.85758675 0.75672069]]","2D array of the non-dimensional end point defined along the outer profile of a web. The TE suction side is 0, the TE pressure side is 1. The first dimension represents each web, the second dimension represents each entry along blade span."
rotorse.rc_out.layer_thickness,intermediate,m,"[[ 1.00000000e-03  1.00000000e-03  1.00000000e-03  1.00000000e-03
   1.00000000e-03  1.00000000e-03  1.00000000e-03  1.00000000e-03
   1.00000000e-03  1.00000000e-03]
 [ 2.86491152e-03  2.57935592e-03  2.14614940e-03  1.69211977e-03
   1.22767857e-03  1.00000000e-03  1.00000000e-03  1.00000000e-03
   1.00000000e-03  1.00000000e-03]
 [ 2.20549123e-02  2.08042751e-02  1.89850461e-02  1.71360827e-02
   1.52672963e-02  1.33885984e-02  1.15099005e-02  9.63120264e-03
   7.75250477e-03  5.87380689e-03]
 [ 1.83968865e-02  1.69556653e-02  1.49623503e-02  1.30321660e-02
   1.11493299e-02  9.29805909e-03  7.46257101e-03  5.62708293e-03
   3.79159485e-03  1.95610677e-03]
 [ 3.44239839e-02  1.00000000e-03 -8.13151629e-20  0.00000000e+00
   0.00000000e+00  0.00000000e+00  0.00000000e+00  0.00000000e+00
   0.00000000e+00  0.00000000e+00]
 [ 3.44239839e-02  1.00000000e-03 -8.13151629e-20  0.00000000e+00
   0.00000000e+00  0.00000000e+00  0.00000000e+00  0.00000000e+00
   0.00000000e+00  0.00000000e+00]
 [ 1.35708454e-02  1.27253309e-02  1.15053236e-02  1.03065158e-02
   9.12537420e-03  7.95836553e-03  6.80195656e-03  5.65261407e-03
   4.50680481e-03  3.36099555e-03]
 [ 1.22323494e-02  1.10919834e-02  9.70078471e-03  8.50178952e-03
   7.39889612e-03  6.29600271e-03  5.19310930e-03  4.09021589e-03
   2.98732248e-03 -6.50521303e-19]
 [ 1.22323494e-02  1.10919834e-02  9.70078471e-03  8.50178952e-03
   7.39889612e-03  6.29600271e-03  5.19310930e-03  4.09021589e-03
   2.98732248e-03 -6.50521303e-19]
 [ 2.84675254e-02  2.65484460e-02  2.36853660e-02  2.07018877e-02
   1.76220907e-02  1.44700547e-02  1.12698594e-02  8.04558436e-03
   4.82130936e-03  1.59703436e-03]
 [ 2.32295708e-02  2.20787956e-02  2.02526601e-02  1.81953304e-02
   1.58885175e-02  1.33738018e-02  1.06927639e-02  7.88698432e-03
   4.99804368e-03  2.06752250e-03]
 [ 3.26797937e-02  3.06420809e-02  2.75162660e-02  2.41934479e-02
   2.07392943e-02  1.72194730e-02  1.36996517e-02  1.01798304e-02
   6.66000904e-03  3.14018771e-03]
 [ 3.54771595e-02  3.16324086e-02  2.65556105e-02  2.18699671e-02
   1.74972473e-02  1.33592202e-02  9.37765500e-03  5.47432071e-03
   1.57098642e-03  1.00000000e-03]
 [ 2.33877707e-03  2.17523163e-03  1.95702453e-03  1.75179189e-03
   1.55693882e-03  1.36987043e-03  1.18799183e-03  1.00870812e-03
   1.00000000e-03  1.00000000e-03]
 [ 1.27397979e-03  1.27259912e-03  1.29421439e-03  1.33204112e-03
   1.37797357e-03  1.42390602e-03  1.46983847e-03  1.51577093e-03
   1.56170338e-03  1.08420217e-19]
 [ 2.00000000e-02  2.00000000e-02  2.00000000e-02  2.00000000e-02
   2.00000000e-02  2.00000000e-02  2.00000000e-02  2.00000000e-02
   2.00000000e-02  6.93889390e-18]
 [ 1.35893442e-03  1.31042584e-03  1.27530103e-03  1.27259912e-03
   1.29421439e-03  1.33204112e-03  1.37797357e-03  1.42390602e-03
   1.46983847e-03  1.08420217e-19]
 [ 1.33654766e-03  1.33604234e-03  1.34493101e-03  1.36040697e-03
   1.37917659e-03  1.39794620e-03  1.41671582e-03  1.43548543e-03
   1.45425505e-03  2.16840434e-19]
 [ 2.00000000e-02  2.00000000e-02  2.00000000e-02  2.00000000e-02
   2.00000000e-02  2.00000000e-02  2.00000000e-02  2.00000000e-02
   2.00000000e-02  6.93889390e-18]
 [ 1.37083839e-03  1.35120150e-03  1.33703462e-03  1.33604234e-03
   1.34493101e-03  1.36040697e-03  1.37917659e-03  1.39794620e-03
   1.41671582e-03  6.50521303e-19]]","2D array of the thickness of the layers of the blade structure. The first dimension represents each layer, the second dimension represents each entry along blade span."
rotorse.rc_out.layer_start_nd,intermediate,,"[[0.         0.         0.         0.         0.         0.
  0.         0.         0.         0.        ]
 [0.         0.         0.         0.         0.         0.
  0.         0.         0.         0.        ]
 [0.26774667 0.26207131 0.25166728 0.23859669 0.22787547 0.21289915
  0.19074836 0.15633559 0.10381686 0.08009451]
 [0.59597957 0.59311662 0.58936694 0.58623052 0.58444769 0.58188815
  0.57826958 0.57270573 0.57374879 0.59684729]
 [0.15010342 0.26666678 0.29305679 0.29210644 0.29106461 0.28898449
  0.28527264 0.2791944  0.26861133 0.24523263]
 [0.561757   0.67870736 0.70762202 0.70993719 0.71208585 0.71470344
  0.71851623 0.72434806 0.73434916 0.75672069]
 [0.47359139 0.47152324 0.46807164 0.4638829  0.45854522 0.4511866
  0.44595877 0.44467843 0.44324233 0.44179699]
 [0.         0.         0.         0.         0.         0.
  0.         0.         0.         0.        ]
 [0.92496879 0.92485823 0.92470421 0.92478851 0.93005609 0.93027525
  0.93045139 0.93065362 0.93081265 0.93112403]
 [0.07503121 0.07514177 0.07529579 0.07521149 0.06994391 0.06972475
  0.06954861 0.06934638 0.06918735 0.06887597]
 [0.40279588 0.40631466 0.41134025 0.41753853 0.41993132 0.42260813
  0.42604197 0.43129105 0.43340579 0.41037074]
 [0.52582167 0.52730935 0.52982516 0.53308866 0.53739617 0.54310325
  0.54601304 0.54471542 0.54334969 0.54177825]
 [0.73102878 0.73735997 0.74903991 0.76192904 0.77438828 0.79040881
  0.81299166 0.84716618 0.89494952 0.91659409]
 [0.05       0.05       0.05       0.05       0.05       0.05
  0.04       0.05       0.05       0.05      ]
 [0.         0.         0.         0.         0.         0.
  0.         0.         0.         0.        ]
 [0.         0.         0.         0.         0.         0.
  0.         0.         0.         0.        ]
 [0.         0.         0.         0.         0.         0.
  0.         0.         0.         0.        ]
 [0.         0.         0.         0.         0.         0.
  0.         0.         0.         0.        ]
 [0.         0.         0.         0.         0.         0.
  0.         0.         0.         0.        ]
 [0.         0.         0.         0.         0.         0.
  0.         0.         0.         0.        ]]","2D array of the non-dimensional start point defined along the outer profile of a layer. The TE suction side is 0, the TE pressure side is 1. The first dimension represents each layer, the second dimension represents each entry along blade span."
rotorse.rc_out.layer_end_nd,intermediate,,"[[1.         1.         1.         1.         1.         1.
  1.         1.         1.         1.        ]
 [1.         1.         1.         1.         1.         1.
  1.         1.         1.         1.        ]
 [0.40279588 0.40631466 0.41134025 0.41753853 0.41993132 0.42260813
  0.42604197 0.43129105 0.43340579 0.41037074]
 [0.73102878 0.73735997 0.74903991 0.76192904 0.77438828 0.79040881
  0.81299166 0.84716618 0.89494952 0.91659409]
 [0.43708299 0.32075803 0.29305679 0.29210644 0.29106461 0.28898449
  0.28527264 0.2791944  0.26861133 0.24523263]
 [0.84873656 0.73279862 0.70762202 0.70993719 0.71208585 0.71470344
  0.71851623 0.72434806 0.73434916 0.75672069]
 [0.52582167 0.52730935 0.52982516 0.53308866 0.53739617 0.54310325
  0.54601304 0.54471542 0.54334969 0.54177825]
 [0.07503121 0.07514177 0.07529579 0.07521149 0.06994391 0.06972475
  0.06954861 0.06934638 0.06918735 0.06887597]
 [1.         1.         1.         1.         1.         1.
  1.         1.         1.         1.        ]
 [0.26774667 0.26207131 0.25166728 0.23859669 0.22787547 0.21289915
  0.19074836 0.15633559 0.10381686 0.08009451]
 [0.47359139 0.47152324 0.46807164 0.4638829  0.45854522 0.4511866
  0.44595877 0.44467843 0.44324233 0.44179699]
 [0.59597957 0.59311662 0.58936694 0.58623052 0.58444769 0.58188815
  0.57826958 0.57270573 0.57374879 0.59684729]
 [0.92496879 0.92485823 0.92470421 0.92478851 0.93005609 0.93027525
  0.93045139 0.93065362 0.93081265 0.93112403]
 [0.95       0.95       0.95       0.95       0.95       0.95
  0.95       0.95       0.95       0.95      ]
 [0.         0.         0.         0.         0.         0.
  0.         0.         0.         0.        ]
 [0.         0.         0.         0.         0.         0.
  0.         0.         0.         0.        ]
 [0.         0.         0.         0.         0.         0.
  0.         0.         0.         0.        ]
 [0.         0.         0.         0.         0.         0.
  0.         0.         0.         0.        ]
 [0.         0.         0.         0.         0.         0.
  0.         0.         0.         0.        ]
 [0.         0.         0.         0.         0.         0.
  0.         0.         0.         0.        ]]","2D array of the non-dimensional end point defined along the outer profile of a layer. The TE suction side is 0, the TE pressure side is 1. The first dimension represents each layer, the second dimension represents each entry along blade span."
rotorse.rc_out.ply_t,intermediate,m,[1.e+06 1.e+06 5.e-03 5.e-03 1.e-03 1.e-03 1.e+06 1.e+06 1.e+06 1.e+06],1D array of the ply thicknesses of the materials. Non-composite materials are kept at 0.
rotorse.rc_out.fwf,intermediate,,"[0.         0.         0.74506827 0.77884615 0.74506827 0.74506827
 0.         0.         0.         0.        ]",1D array of the non-dimensional fiber weight fraction of the composite materials. Non-composite materials are kept at 0.
rotorse.rc_out.fvf,intermediate,,"[0.         0.         0.57       0.69230769 0.57       0.57
 0.         0.         0.         0.        ]",1D array of the non-dimensional fiber volume fraction of the composite materials. Non-composite materials are kept at 0.
rotorse.rp.aep.CDF_V,intermediate,m/s,"[0.20020685 0.209702   0.21932723 0.22907501 0.23893779 0.24890799
 0.25897806 0.26914044 0.27938758 0.28971197 0.30010612 0.3105626
 0.32107402 0.33163306 0.34223247 0.35286505 0.36352373 0.37420149
 0.38489144 0.39558676 0.40628078 0.41696693 0.42763876 0.43828996
 0.44891435 0.4595059  0.47005871 0.48056704 0.4910253  0.50142806
 0.51177006 0.52204619 0.53225151 0.54238125 0.55243083 0.56239582
 0.57227198 0.58205524 0.59174171 0.60132768 0.61080961 0.62018417
 0.62944816 0.63859861 0.64763269 0.65654776 0.66534137 0.67401122
 0.68255519 0.69097135 0.69925792 0.70741329 0.71543601 0.7233248
 0.73107854 0.73869625 0.74617713 0.75352049 0.76072582 0.76779275
 0.77472102 0.78151053 0.7881613  0.79467349 0.80104736 0.80728332
 0.81338185 0.81934359 0.82516925 0.83085965 0.83641573 0.84183848
 0.84712902 0.85228853 0.85731828 0.86221962 0.86699395 0.87164277
 0.87616762 0.88057011 0.88485189 0.88901468 0.89306024 0.89699037
 0.90080692 0.90451177 0.90810682 0.91159401 0.91497532 0.91825273
 0.92142824 0.92450388 0.92748168 0.93036368 0.93315194 0.93584852
 0.93845545 0.94097481 0.94340863 0.94575898 0.94802787 0.95021734
 0.95232939 0.95436604 0.95632926 0.95822101 0.96004324 0.96179787
 0.96348681 0.96511193 0.96667509 0.96817811 0.96962278 0.97101089
 0.97234416 0.97362432 0.97485305 0.97603198 0.97716275 0.97824694
 0.9792861  0.98028175 0.98123538 0.98214844 0.98302236 0.98385851
 0.98465825 0.9854229  0.98615375 0.98685205 0.98751901 0.98815582
 0.98876363 0.98934357 0.98989672 0.99042413 0.99092684 0.99140582
 0.99186205 0.99229646 0.99270995 0.99310338 0.99347762 0.99383346
 0.9941717  0.9944931  0.9947984  0.9950883  0.99536348 0.99562461
 0.99587231 0.99610721 0.99632987 0.99654088 0.99674077 0.99693006
 0.99710926 0.99727884 0.99743927 0.99759099 0.99773443 0.99786999
 0.99799806 0.99811902 0.99823321 0.99834099 0.99844268 0.99853859
 0.99862903 0.99871426 0.99879457 0.99887022 0.99894144 0.99900849
 0.99907158 0.99913092 0.99918672 0.99923918 0.99928848 0.99933478
 0.99937827 0.9994191  0.99945741 0.99949335 0.99952706 0.99955867
 0.99958829 0.99961604 0.99964203 0.99966637 0.99968915 0.99971046
 0.9997304  0.99974904 0.99976646 0.99978275 0.99979796 0.99981216
 0.99982542 0.99983779]",cumulative distribution function evaluated at each wind speed
rotorse.rp.aep.P,intermediate,W,"[ 531485.29667708  573077.75054124  618095.93860867  666348.50922525
  717644.11073682  771791.39148924  828598.99982837  887875.58410007
  949429.79265019 1013070.27382459 1078605.67596913 1145844.64742967
 1215011.74045238 1288418.29357898 1366165.93045156 1447912.66460255
 1533316.50956438 1622035.47886949 1713727.58605031 1808050.84463928
 1904663.26816884 2003272.80287914 2105997.4625425  2213720.39108938
 2325904.52980888 2442012.81999009 2561508.20292209 2683853.61989399
 2808615.24081838 2940888.03730686 3080096.03809894 3221141.78445681
 3358927.81764268 3488960.99581172 3613523.9947174  3737771.16962991
 3852105.48922645 3960860.472155   4068669.92828972 4177057.03562077
 4284849.57898585 4391816.8371101  4497728.08871865 4602352.61253665
 4715221.62851197 4847668.26837707 4957673.19171577 5000000.04503486
 5000000.66848114 5000001.11246509 5000001.38338797 5000001.48765108
 5000001.48729827 5000001.48009415 5000001.46809961 5000001.45177123
 5000001.4315656  5000001.40793928 5000001.38134887 5000001.35225093
 5000001.32110206 5000001.28835883 5000001.24353493 5000001.16622932
 5000001.06231673 5000000.93859974 5000000.80188096 5000000.65896297
 5000000.51664835 5000000.38173971 5000000.26103962 5000000.16135069
 5000000.08947549 5000000.05221663 5000000.07292453 5000000.21818047
 5000000.47632624 5000000.8267372  5000001.24878875 5000001.72185624
 5000002.22531507 5000002.7385406  5000003.24090823 5000003.71179332
 5000004.13057124 5000004.47661739 5000004.72930713 5000004.86801585
 5000004.88472029 5000004.85422461 5000004.79497547 5000004.70997437
 5000004.60222284 5000004.47472241 5000004.33047461 5000004.17248095
 5000004.00374296 5000003.82726217 5000003.6460401  5000003.46307827
 5000003.28137822 5000003.10394146 5000002.93376951 5000002.77386391
 5000002.61994479 5000002.44860769 5000002.26093657 5000002.06048328
 5000001.85079963 5000001.63543746 5000001.4179486  5000001.20188487
 5000000.9907981  5000000.78824013 5000000.59776278 5000000.42291787
 5000000.26725725 5000000.13433274 5000000.02769617 4999999.95089936
 4999999.90749415 4999999.89921176 4999999.90448152 4999999.91596344
 4999999.93350459 4999999.95695201 4999999.98615278 5000000.02095394
 5000000.06120258 5000000.10674573 5000000.15743047 5000000.21310385
 5000000.27361294 5000000.33880479 5000000.40852646 5000000.48262502
 5000000.56094753 5000000.64334104 5000000.72965262 5000000.81972932
 5000000.95948379 5000001.22800543 5000001.61317908 5000002.10076022
 5000002.67650431 5000003.32616684 5000004.03550327 5000004.79026906
 5000005.5762197  5000006.37911064 5000007.18469737 5000007.97873536
 5000008.74698006 5000009.47518696 5000010.14911152 5000010.75450921
 5000011.27713552 5000011.70274589 5000012.01709581 5000012.21655637
 5000012.38886159 5000012.55630493 5000012.71843001 5000012.87478042
 5000013.02489979 5000013.16833172 5000013.30461981 5000013.43330767
 5000013.55393893 5000013.66605717 5000013.76920602 5000013.86292908
 5000013.94676996 5000014.02027226 5000014.08297961 5000014.1344356
 5000014.17418384 5000014.20176795 5000014.21673153 5000014.21934338
 5000014.21745953 5000014.21302015 5000014.2056188  5000014.19484904
 5000014.18030442 5000014.1615785  5000014.13826485 5000014.10995701
 5000014.07624855 5000014.03673302 5000013.99100398 5000013.938655
 5000013.87927961 5000013.8124714  5000013.7378239  5000013.65493069
 5000013.56338531 5000013.46278133 5000013.3527123  5000013.23277179]",power curve (power)
rotorse.rp.cdf.x,intermediate,m/s,"[ 4.          4.10552764  4.21105528  4.31658291  4.42211055  4.52763819
  4.63316583  4.73869347  4.84422111  4.94974874  5.05527638  5.16080402
  5.26633166  5.3718593   5.47738693  5.58291457  5.68844221  5.79396985
  5.89949749  6.00502513  6.11055276  6.2160804   6.32160804  6.42713568
  6.53266332  6.63819095  6.74371859  6.84924623  6.95477387  7.06030151
  7.16582915  7.27135678  7.37688442  7.48241206  7.5879397   7.69346734
  7.79899497  7.90452261  8.01005025  8.11557789  8.22110553  8.32663317
  8.4321608   8.53768844  8.64321608  8.74874372  8.85427136  8.95979899
  9.06532663  9.17085427  9.27638191  9.38190955  9.48743719  9.59296482
  9.69849246  9.8040201   9.90954774 10.01507538 10.12060302 10.22613065
 10.33165829 10.43718593 10.54271357 10.64824121 10.75376884 10.85929648
 10.96482412 11.07035176 11.1758794  11.28140704 11.38693467 11.49246231
 11.59798995 11.70351759 11.80904523 11.91457286 12.0201005  12.12562814
 12.23115578 12.33668342 12.44221106 12.54773869 12.65326633 12.75879397
 12.86432161 12.96984925 13.07537688 13.18090452 13.28643216 13.3919598
 13.49748744 13.60301508 13.70854271 13.81407035 13.91959799 14.02512563
 14.13065327 14.2361809  14.34170854 14.44723618 14.55276382 14.65829146
 14.7638191  14.86934673 14.97487437 15.08040201 15.18592965 15.29145729
 15.39698492 15.50251256 15.6080402  15.71356784 15.81909548 15.92462312
 16.03015075 16.13567839 16.24120603 16.34673367 16.45226131 16.55778894
 16.66331658 16.76884422 16.87437186 16.9798995  17.08542714 17.19095477
 17.29648241 17.40201005 17.50753769 17.61306533 17.71859296 17.8241206
 17.92964824 18.03517588 18.14070352 18.24623116 18.35175879 18.45728643
 18.56281407 18.66834171 18.77386935 18.87939698 18.98492462 19.09045226
 19.1959799  19.30150754 19.40703518 19.51256281 19.61809045 19.72361809
 19.82914573 19.93467337 20.04020101 20.14572864 20.25125628 20.35678392
 20.46231156 20.5678392  20.67336683 20.77889447 20.88442211 20.98994975
 21.09547739 21.20100503 21.30653266 21.4120603  21.51758794 21.62311558
 21.72864322 21.83417085 21.93969849 22.04522613 22.15075377 22.25628141
 22.36180905 22.46733668 22.57286432 22.67839196 22.7839196  22.88944724
 22.99497487 23.10050251 23.20603015 23.31155779 23.41708543 23.52261307
 23.6281407  23.73366834 23.83919598 23.94472362 24.05025126 24.15577889
 24.26130653 24.36683417 24.47236181 24.57788945 24.68341709 24.78894472
 24.89447236 25.        ]",corresponding reference height
rotorse.rp.cdf.xbar,intermediate,m/s,[7.5],mean value of distribution
rotorse.rp.gust.V_mean,intermediate,m/s,[7.5],IEC average wind speed for turbine class
rotorse.rp.gust.V_hub,intermediate,m/s,[8.95320865],hub height wind speed
rotorse.rp.powercurve.generator_efficiency,intermediate,,"[0.95 0.95 0.95 0.95 0.95 0.95 0.95 0.95 0.95 0.95 0.95 0.95 0.95 0.95
 0.95 0.95 0.95 0.95 0.95 0.95]",Generator efficiency at various rpm values to support table lookup
rotorse.rp.powercurve.lss_rpm,intermediate,rpm,"[0.1        0.50951437 0.91902874 1.32854311 1.73805748 2.14757185
 2.55708622 2.96660059 3.37611496 3.78562933 4.1951437  4.60465807
 5.01417244 5.42368681 5.83320118 6.24271555 6.65222992 7.06174429
 7.47125866 7.88077303]",Low speed shaft RPM values at which the generator efficiency values are given
rotorse.rp.powercurve.V,output,m/s,"[ 4.          5.2142258   6.19930277  6.94010129  7.42524354  7.6472783
  7.69176122  8.00207863  8.57346439  8.95320865  9.3971427  10.46046281
 11.74709335 13.23727316 14.90811483 16.73395615 18.68675431 20.73651661
 22.85176108 25.        ]",wind vector
rotorse.rp.powercurve.Omega,output,rpm,"[3.89402903 5.07608665 6.03506624 6.75623897 7.22852847 7.44468092
 7.48798537 7.79008161 7.88077303 7.88077303 7.88077303 7.88077303
 7.88077303 7.88077303 7.88077303 7.88077303 7.88077303 7.88077303
 7.88077303 7.88077303]",rotor rotational speed
rotorse.rp.powercurve.P,output,W,"[ 531485.29667708 1180471.909951   1987436.9258563  2791060.98697833
 3419584.84624224 3683345.01227158 3735851.20179174 4060464.62881778
 4637489.50278907 5000000.         5000001.48931437 5000001.28096732
 5000000.04852574 5000004.88826696 5000002.71829228 4999999.89886207
 5000000.83582046 5000012.1460965  5000014.21947425 5000013.23277179]",rotor electrical power
rotorse.rs.aero_gust.V_load,intermediate,m/s,[18.77557317],
rotorse.rs.Omega_load,intermediate,rpm,[7.88077303],
rotorse.rs.pitch_load,intermediate,deg,[3.21029004],
rotorse.rs.aero_hub_loads.V_load,intermediate,m/s,[18.77557317],
rotorse.rs.bjs.chord,intermediate,m,"[4.5        4.51653455 4.59255455 4.72026865 4.75       4.75
 4.75       4.75       4.75       4.75       4.75       4.7
 4.64       4.48       4.30815493 4.07109567 3.83078655 3.59377787
 3.3535724  3.10972681 2.79010443 2.61780457 2.37255549 2.12536608
 1.87360817 1.6133977  1.34551447 1.07050448 0.78813172 0.5       ]",chord length at joint station. [(n_span x 3) 1D array of float]
rotorse.rs.bjs.layer_thickness,intermediate,m,"[[ 1.00000000e-03  1.00000000e-03  1.00000000e-03  1.00000000e-03
   1.00000000e-03  1.00000000e-03  1.00000000e-03  1.00000000e-03
   1.00000000e-03  1.00000000e-03  1.00000000e-03  1.00000000e-03
   1.00000000e-03  1.00000000e-03  1.00000000e-03  1.00000000e-03
   1.00000000e-03  1.00000000e-03  1.00000000e-03  1.00000000e-03
   1.00000000e-03  1.00000000e-03  1.00000000e-03  1.00000000e-03
   1.00000000e-03  1.00000000e-03  1.00000000e-03  1.00000000e-03
   1.00000000e-03  1.00000000e-03]
 [ 4.10000000e-02  3.30000000e-02  2.60000000e-02  2.00000000e-02
   1.50000000e-02  1.10000000e-02  8.28454072e-03  6.51243402e-03
   5.36207752e-03  4.70247504e-03  4.40263040e-03  4.33154742e-03
   4.35822991e-03  4.35168169e-03  4.30702965e-03  4.21940069e-03
   4.08392168e-03  3.89571952e-03  3.64992111e-03  3.34165333e-03
   2.86491152e-03  2.57935592e-03  2.14614940e-03  1.69211977e-03
   1.22767857e-03  1.00000000e-03  1.00000000e-03  1.00000000e-03
   1.00000000e-03  1.00000000e-03]
 [ 0.00000000e+00  1.03638639e-02  1.80212345e-02  2.53616596e-02
   3.20681938e-02  3.78238917e-02  4.23118077e-02  4.52149966e-02
   4.62165127e-02  4.56952678e-02  4.40301733e-02  4.16001409e-02
   3.87840821e-02  3.59609085e-02  3.35095318e-02  3.13580743e-02
   2.94346583e-02  2.76674064e-02  2.59844408e-02  2.43138839e-02
   2.20549123e-02  2.08042751e-02  1.89850461e-02  1.71360827e-02
   1.52672963e-02  1.33885984e-02  1.15099005e-02  9.63120264e-03
   7.75250477e-03  5.87380689e-03]
 [ 0.00000000e+00  1.24780597e-02  1.76115740e-02  2.27450883e-02
   2.76641755e-02  3.21544085e-02  3.60013601e-02  3.89906033e-02
   4.09077110e-02  4.15382560e-02  4.11017265e-02  3.98176106e-02
   3.79053964e-02  3.55845720e-02  3.30746256e-02  3.05950453e-02
   2.81565527e-02  2.57698696e-02  2.34457177e-02  2.11948185e-02
   1.83968865e-02  1.69556653e-02  1.49623503e-02  1.30321660e-02
   1.11493299e-02  9.29805909e-03  7.46257101e-03  5.62708293e-03
   3.79159485e-03  1.95610677e-03]
 [ 0.00000000e+00  0.00000000e+00  0.00000000e+00  0.00000000e+00
   0.00000000e+00  0.00000000e+00  0.00000000e+00  0.00000000e+00
   0.00000000e+00  0.00000000e+00  0.00000000e+00  0.00000000e+00
   0.00000000e+00  0.00000000e+00  0.00000000e+00  0.00000000e+00
   0.00000000e+00  0.00000000e+00  0.00000000e+00  1.00000000e-03
   3.44239839e-02  1.00000000e-03 -8.13151629e-20  0.00000000e+00
   0.00000000e+00  0.00000000e+00  0.00000000e+00  0.00000000e+00
   0.00000000e+00  0.00000000e+00]
 [ 0.00000000e+00  0.00000000e+00  0.00000000e+00  0.00000000e+00
   0.00000000e+00  0.00000000e+00  0.00000000e+00  0.00000000e+00
   0.00000000e+00  0.00000000e+00  0.00000000e+00  0.00000000e+00
   0.00000000e+00  0.00000000e+00  0.00000000e+00  0.00000000e+00
   0.00000000e+00  0.00000000e+00  0.00000000e+00  1.00000000e-03
   3.44239839e-02  1.00000000e-03 -8.13151629e-20  0.00000000e+00
   0.00000000e+00  0.00000000e+00  0.00000000e+00  0.00000000e+00
   0.00000000e+00  0.00000000e+00]
 [ 0.00000000e+00  0.00000000e+00  6.65003373e-03  8.14812366e-03
   9.64621359e-03  1.11443035e-02  1.26025620e-02  1.39811575e-02
   1.52402586e-02  1.63400338e-02  1.72406517e-02  1.79022807e-02
   1.83276090e-02  1.85193246e-02  1.84801155e-02  1.82126698e-02
   1.77196757e-02  1.70038210e-02  1.61057826e-02  1.50662370e-02
   1.35708454e-02  1.27253309e-02  1.15053236e-02  1.03065158e-02
   9.12537420e-03  7.95836553e-03  6.80195656e-03  5.65261407e-03
   4.50680481e-03  3.36099555e-03]
 [ 0.00000000e+00  0.00000000e+00  2.33432275e-02  2.51480648e-02
   2.69529021e-02  2.87577394e-02  3.05625767e-02  3.23674140e-02
   3.39953792e-02  3.52696003e-02  3.60132052e-02  3.60493218e-02
   3.52010780e-02  3.32916017e-02  3.05938669e-02  2.73808473e-02
   2.39255169e-02  2.05008494e-02  1.73798187e-02  1.48353987e-02
   1.22323494e-02  1.10919834e-02  9.70078471e-03  8.50178952e-03
   7.39889612e-03  6.29600271e-03  5.19310930e-03  4.09021589e-03
   2.98732248e-03 -6.50521303e-19]
 [ 0.00000000e+00  0.00000000e+00  2.33432275e-02  2.51480648e-02
   2.69529021e-02  2.87577394e-02  3.05625767e-02  3.23674140e-02
   3.39953792e-02  3.52696003e-02  3.60132052e-02  3.60493218e-02
   3.52010780e-02  3.32916017e-02  3.05938669e-02  2.73808473e-02
   2.39255169e-02  2.05008494e-02  1.73798187e-02  1.48353987e-02
   1.22323494e-02  1.10919834e-02  9.70078471e-03  8.50178952e-03
   7.39889612e-03  6.29600271e-03  5.19310930e-03  4.09021589e-03
   2.98732248e-03 -6.50521303e-19]
 [ 0.00000000e+00  0.00000000e+00  1.86402175e-02  2.29043857e-02
   2.71685539e-02  3.12820798e-02  3.50943212e-02  3.84546359e-02
   4.12123815e-02  4.32169158e-02  4.43175966e-02  4.46317757e-02
   4.42768050e-02  4.33700364e-02  4.20288217e-02  4.03705128e-02
   3.85124616e-02  3.64638788e-02  3.42339751e-02  3.18319613e-02
   2.84675254e-02  2.65484460e-02  2.36853660e-02  2.07018877e-02
   1.76220907e-02  1.44700547e-02  1.12698594e-02  8.04558436e-03
   4.82130936e-03  1.59703436e-03]
 [ 0.00000000e+00  0.00000000e+00  1.06783227e-02  1.30277497e-02
   1.53771767e-02  1.77266036e-02  2.00760306e-02  2.23436643e-02
   2.44477114e-02  2.63063787e-02  2.78378729e-02  2.89604006e-02
   2.95921686e-02  2.97916789e-02  2.96174332e-02  2.91279335e-02
   2.83816816e-02  2.74371794e-02  2.63529289e-02  2.51106409e-02
   2.32295708e-02  2.20787956e-02  2.02526601e-02  1.81953304e-02
   1.58885175e-02  1.33738018e-02  1.06927639e-02  7.88698432e-03
   4.99804368e-03  2.06752250e-03]
 [ 0.00000000e+00  0.00000000e+00  1.17141324e-02  1.47649473e-02
   1.78157623e-02  2.08665773e-02  2.39173922e-02  2.69682072e-02
   3.00190222e-02  3.29529872e-02  3.56532524e-02  3.80029677e-02
   3.98852833e-02  4.11833493e-02  4.17803156e-02  4.17273646e-02
   4.10756783e-02  3.98764390e-02  3.81808288e-02  3.60400301e-02
   3.26797937e-02  3.06420809e-02  2.75162660e-02  2.41934479e-02
   2.07392943e-02  1.72194730e-02  1.36996517e-02  1.01798304e-02
   6.66000904e-03  3.14018771e-03]
 [ 0.00000000e+00  0.00000000e+00  3.59873815e-02  4.39773438e-02
   5.19673061e-02  5.96302097e-02  6.66389959e-02  7.26666060e-02
   7.73859813e-02  8.04700630e-02  8.15917924e-02  8.09966867e-02
   7.89302631e-02  7.56380387e-02  7.13655306e-02  6.63582560e-02
   6.08617321e-02  5.50357312e-02  4.90400260e-02  4.30343888e-02
   3.54771595e-02  3.16324086e-02  2.65556105e-02  2.18699671e-02
   1.74972473e-02  1.33592202e-02  9.37765500e-03  5.47432071e-03
   1.57098642e-03  1.00000000e-03]
 [ 4.10000000e-02  3.30000000e-02  2.60000000e-02  2.00000000e-02
   1.53156219e-02  1.26140524e-02  1.00892854e-02  7.82972209e-03
   5.92376367e-03  4.45981139e-03  3.52626648e-03  3.01625067e-03
   2.82288569e-03  2.83929329e-03  2.95859519e-03  3.07391313e-03
   3.07836885e-03  2.99303427e-03  2.83898133e-03  2.63728196e-03
   2.33877707e-03  2.17523163e-03  1.95702453e-03  1.75179189e-03
   1.55693882e-03  1.36987043e-03  1.18799183e-03  1.00870812e-03
   1.00000000e-03  1.00000000e-03]
 [ 0.00000000e+00  0.00000000e+00  0.00000000e+00  2.16422907e-03
   2.21016153e-03  2.25609398e-03  2.30202643e-03  2.34795888e-03
   2.38578561e-03  2.40740088e-03  2.40469897e-03  2.36957416e-03
   2.29392070e-03  2.16963289e-03  2.01292217e-03  1.84000000e-03
   1.66707783e-03  1.51036711e-03  1.38607930e-03  1.31042584e-03
   1.27397979e-03  1.27259912e-03  1.29421439e-03  1.33204112e-03
   1.37797357e-03  1.42390602e-03  1.46983847e-03  1.51577093e-03
   1.56170338e-03  1.08420217e-19]
 [ 0.00000000e+00  0.00000000e+00  0.00000000e+00  3.74890612e-02
   3.61172335e-02  3.47454058e-02  3.33630956e-02  3.19598202e-02
   3.05250972e-02  2.90484440e-02  2.75193780e-02  2.59274168e-02
   2.43374498e-02  2.28143666e-02  2.14230569e-02  2.02284101e-02
   1.92953159e-02  1.86886639e-02  1.83467902e-02  1.82080313e-02
   2.00000000e-02  2.00000000e-02  2.00000000e-02  2.00000000e-02
   2.00000000e-02  2.00000000e-02  2.00000000e-02  2.00000000e-02
   2.00000000e-02  6.93889390e-18]
 [ 0.00000000e+00  0.00000000e+00  0.00000000e+00  2.07236417e-03
   2.11829662e-03  2.16422907e-03  2.21016153e-03  2.25609398e-03
   2.30202643e-03  2.34795888e-03  2.38578561e-03  2.40740088e-03
   2.40469897e-03  2.36957416e-03  2.29392070e-03  2.16963289e-03
   2.01292217e-03  1.84000000e-03  1.66707783e-03  1.51036711e-03
   1.35893442e-03  1.31042584e-03  1.27530103e-03  1.27259912e-03
   1.29421439e-03  1.33204112e-03  1.37797357e-03  1.42390602e-03
   1.46983847e-03  1.08420217e-19]
 [ 0.00000000e+00  0.00000000e+00  0.00000000e+00  2.51759997e-03
   2.44512991e-03  2.37265986e-03  2.30018980e-03  2.22771975e-03
   2.15449048e-03  2.07974278e-03  2.00271744e-03  1.92265525e-03
   1.83879698e-03  1.75038343e-03  1.66146746e-03  1.57610193e-03
   1.49833970e-03  1.43223365e-03  1.38183663e-03  1.35120150e-03
   1.33654766e-03  1.33604234e-03  1.34493101e-03  1.36040697e-03
   1.37917659e-03  1.39794620e-03  1.41671582e-03  1.43548543e-03
   1.45425505e-03  2.16840434e-19]
 [ 0.00000000e+00  0.00000000e+00  0.00000000e+00  3.77066146e-02
   3.63461220e-02  3.49856293e-02  3.36139152e-02  3.22197581e-02
   3.07919366e-02  2.93192293e-02  2.77904146e-02  2.61942712e-02
   2.45955568e-02  2.30590296e-02  2.16494473e-02  2.04315680e-02
   2.00000000e-02  2.00000000e-02  2.00000000e-02  2.00000000e-02
   2.00000000e-02  2.00000000e-02  2.00000000e-02  2.00000000e-02
   2.00000000e-02  2.00000000e-02  2.00000000e-02  2.00000000e-02
   2.00000000e-02  6.93889390e-18]
 [ 0.00000000e+00  0.00000000e+00  0.00000000e+00  2.66254008e-03
   2.59007002e-03  2.51759997e-03  2.44512991e-03  2.37265986e-03
   2.30018980e-03  2.22771975e-03  2.15449048e-03  2.07974278e-03
   2.00271744e-03  1.92265525e-03  1.83879698e-03  1.75038343e-03
   1.66146746e-03  1.57610193e-03  1.49833970e-03  1.43223365e-03
   1.37083839e-03  1.35120150e-03  1.33703462e-03  1.33604234e-03
   1.34493101e-03  1.36040697e-03  1.37917659e-03  1.39794620e-03
   1.41671582e-03  6.50521303e-19]]","2D array of the thickness of the layers of the blade structure. The first dimension represents each layer, the second dimension represents each entry along blade span."
rotorse.rs.bjs.layer_width,intermediate,m,"[[0.00000000e+00 0.00000000e+00 0.00000000e+00 0.00000000e+00
  0.00000000e+00 0.00000000e+00 0.00000000e+00 0.00000000e+00
  0.00000000e+00 0.00000000e+00 0.00000000e+00 0.00000000e+00
  0.00000000e+00 0.00000000e+00 0.00000000e+00 0.00000000e+00
  0.00000000e+00 0.00000000e+00 0.00000000e+00 0.00000000e+00
  0.00000000e+00 0.00000000e+00 0.00000000e+00 0.00000000e+00
  0.00000000e+00 0.00000000e+00 0.00000000e+00 0.00000000e+00
  0.00000000e+00 0.00000000e+00]
 [0.00000000e+00 0.00000000e+00 0.00000000e+00 0.00000000e+00
  0.00000000e+00 0.00000000e+00 0.00000000e+00 0.00000000e+00
  0.00000000e+00 0.00000000e+00 0.00000000e+00 0.00000000e+00
  0.00000000e+00 0.00000000e+00 0.00000000e+00 0.00000000e+00
  0.00000000e+00 0.00000000e+00 0.00000000e+00 0.00000000e+00
  0.00000000e+00 0.00000000e+00 0.00000000e+00 0.00000000e+00
  0.00000000e+00 0.00000000e+00 0.00000000e+00 0.00000000e+00
  0.00000000e+00 0.00000000e+00]
 [8.00000000e-01 8.00000000e-01 8.00000000e-01 8.00000000e-01
  8.00000000e-01 8.00000000e-01 8.00000000e-01 8.00000000e-01
  8.00000000e-01 8.00000000e-01 8.00000000e-01 8.00000000e-01
  8.00000000e-01 8.00000000e-01 8.00000000e-01 8.00000000e-01
  8.00000000e-01 8.00000000e-01 8.00000000e-01 8.00000000e-01
  8.00000000e-01 8.00000000e-01 8.00000000e-01 8.00000000e-01
  7.53600000e-01 7.05900000e-01 6.58700000e-01 6.11000000e-01
  5.38300000e-01 3.41900000e-01]
 [8.00000000e-01 8.00000000e-01 8.00000000e-01 8.00000000e-01
  8.00000000e-01 8.00000000e-01 8.00000000e-01 8.00000000e-01
  8.00000000e-01 8.00000000e-01 8.00000000e-01 8.00000000e-01
  8.00000000e-01 8.00000000e-01 8.00000000e-01 8.00000000e-01
  8.00000000e-01 8.00000000e-01 8.00000000e-01 8.00000000e-01
  8.00000000e-01 8.00000000e-01 8.00000000e-01 7.85500000e-01
  7.45300000e-01 7.01900000e-01 6.57100000e-01 6.09900000e-01
  5.24600000e-01 3.31000000e-01]
 [0.00000000e+00 0.00000000e+00 0.00000000e+00 0.00000000e+00
  0.00000000e+00 0.00000000e+00 0.00000000e+00 0.00000000e+00
  0.00000000e+00 0.00000000e+00 0.00000000e+00 0.00000000e+00
  0.00000000e+00 0.00000000e+00 0.00000000e+00 0.00000000e+00
  0.00000000e+00 0.00000000e+00 0.00000000e+00 3.00000000e-01
  1.98249924e+00 3.00000000e-01 1.38777878e-17 0.00000000e+00
  0.00000000e+00 0.00000000e+00 0.00000000e+00 0.00000000e+00
  0.00000000e+00 0.00000000e+00]
 [0.00000000e+00 0.00000000e+00 0.00000000e+00 0.00000000e+00
  0.00000000e+00 0.00000000e+00 0.00000000e+00 0.00000000e+00
  0.00000000e+00 0.00000000e+00 0.00000000e+00 0.00000000e+00
  0.00000000e+00 0.00000000e+00 0.00000000e+00 0.00000000e+00
  0.00000000e+00 0.00000000e+00 0.00000000e+00 3.00000000e-01
  1.98249924e+00 3.00000000e-01 1.38777878e-17 0.00000000e+00
  0.00000000e+00 0.00000000e+00 0.00000000e+00 0.00000000e+00
  0.00000000e+00 0.00000000e+00]
 [3.09400000e-01 3.09400000e-01 3.09400000e-01 3.09400000e-01
  3.09400000e-01 3.09400000e-01 3.09400000e-01 3.09400000e-01
  3.09400000e-01 3.09400000e-01 3.09400000e-01 3.09400000e-01
  3.09400000e-01 3.09400000e-01 3.09400000e-01 3.09400000e-01
  3.09400000e-01 3.09400000e-01 3.09400000e-01 3.09400000e-01
  3.09400000e-01 3.09400000e-01 3.09400000e-01 3.09400000e-01
  3.09400000e-01 3.09400000e-01 2.80100000e-01 2.22300000e-01
  1.63500000e-01 1.03500000e-01]
 [5.76000000e-01 5.77450000e-01 5.81000000e-01 5.83650000e-01
  5.86850000e-01 5.89850000e-01 5.99450000e-01 6.05250000e-01
  6.11950000e-01 6.13850000e-01 6.11900000e-01 6.09150000e-01
  6.06600000e-01 6.06300000e-01 6.07450000e-01 6.10600000e-01
  6.16150000e-01 5.78650000e-01 5.37350000e-01 4.96500000e-01
  4.44467378e-01 4.16750000e-01 3.77250000e-01 3.36250000e-01
  2.74450000e-01 2.34700000e-01 1.94700000e-01 1.54100000e-01
  1.13000000e-01 7.13000000e-02]
 [5.76000000e-01 5.77450000e-01 5.81000000e-01 5.83650000e-01
  5.86850000e-01 5.89850000e-01 5.99450000e-01 6.05250000e-01
  6.11950000e-01 6.13850000e-01 6.11900000e-01 6.09150000e-01
  6.06600000e-01 6.06300000e-01 6.07450000e-01 6.10600000e-01
  6.16150000e-01 5.78650000e-01 5.37350000e-01 4.96500000e-01
  4.44467378e-01 4.16750000e-01 3.77250000e-01 3.36250000e-01
  2.74450000e-01 2.34700000e-01 1.94700000e-01 1.54100000e-01
  1.13000000e-01 7.13000000e-02]
 [0.00000000e+00 0.00000000e+00 0.00000000e+00 0.00000000e+00
  0.00000000e+00 0.00000000e+00 0.00000000e+00 0.00000000e+00
  0.00000000e+00 0.00000000e+00 0.00000000e+00 0.00000000e+00
  0.00000000e+00 0.00000000e+00 0.00000000e+00 0.00000000e+00
  0.00000000e+00 0.00000000e+00 0.00000000e+00 0.00000000e+00
  0.00000000e+00 0.00000000e+00 0.00000000e+00 0.00000000e+00
  0.00000000e+00 0.00000000e+00 0.00000000e+00 0.00000000e+00
  0.00000000e+00 0.00000000e+00]
 [0.00000000e+00 0.00000000e+00 0.00000000e+00 0.00000000e+00
  0.00000000e+00 0.00000000e+00 0.00000000e+00 0.00000000e+00
  0.00000000e+00 0.00000000e+00 0.00000000e+00 0.00000000e+00
  0.00000000e+00 0.00000000e+00 0.00000000e+00 0.00000000e+00
  0.00000000e+00 0.00000000e+00 0.00000000e+00 0.00000000e+00
  0.00000000e+00 0.00000000e+00 0.00000000e+00 0.00000000e+00
  0.00000000e+00 0.00000000e+00 0.00000000e+00 0.00000000e+00
  0.00000000e+00 0.00000000e+00]
 [0.00000000e+00 0.00000000e+00 0.00000000e+00 0.00000000e+00
  0.00000000e+00 0.00000000e+00 0.00000000e+00 0.00000000e+00
  0.00000000e+00 0.00000000e+00 0.00000000e+00 0.00000000e+00
  0.00000000e+00 0.00000000e+00 0.00000000e+00 0.00000000e+00
  0.00000000e+00 0.00000000e+00 0.00000000e+00 0.00000000e+00
  0.00000000e+00 0.00000000e+00 0.00000000e+00 0.00000000e+00
  0.00000000e+00 0.00000000e+00 0.00000000e+00 0.00000000e+00
  0.00000000e+00 0.00000000e+00]
 [0.00000000e+00 0.00000000e+00 0.00000000e+00 0.00000000e+00
  0.00000000e+00 0.00000000e+00 0.00000000e+00 0.00000000e+00
  0.00000000e+00 0.00000000e+00 0.00000000e+00 0.00000000e+00
  0.00000000e+00 0.00000000e+00 0.00000000e+00 0.00000000e+00
  0.00000000e+00 0.00000000e+00 0.00000000e+00 0.00000000e+00
  0.00000000e+00 0.00000000e+00 0.00000000e+00 0.00000000e+00
  0.00000000e+00 0.00000000e+00 0.00000000e+00 0.00000000e+00
  0.00000000e+00 0.00000000e+00]
 [0.00000000e+00 0.00000000e+00 0.00000000e+00 0.00000000e+00
  0.00000000e+00 0.00000000e+00 0.00000000e+00 0.00000000e+00
  0.00000000e+00 0.00000000e+00 0.00000000e+00 0.00000000e+00
  0.00000000e+00 0.00000000e+00 0.00000000e+00 0.00000000e+00
  0.00000000e+00 0.00000000e+00 0.00000000e+00 0.00000000e+00
  0.00000000e+00 0.00000000e+00 0.00000000e+00 0.00000000e+00
  0.00000000e+00 0.00000000e+00 0.00000000e+00 0.00000000e+00
  0.00000000e+00 0.00000000e+00]
 [0.00000000e+00 0.00000000e+00 0.00000000e+00 0.00000000e+00
  0.00000000e+00 0.00000000e+00 0.00000000e+00 0.00000000e+00
  0.00000000e+00 0.00000000e+00 0.00000000e+00 0.00000000e+00
  0.00000000e+00 0.00000000e+00 0.00000000e+00 0.00000000e+00
  0.00000000e+00 0.00000000e+00 0.00000000e+00 0.00000000e+00
  0.00000000e+00 0.00000000e+00 0.00000000e+00 0.00000000e+00
  0.00000000e+00 0.00000000e+00 0.00000000e+00 0.00000000e+00
  0.00000000e+00 0.00000000e+00]
 [0.00000000e+00 0.00000000e+00 0.00000000e+00 0.00000000e+00
  0.00000000e+00 0.00000000e+00 0.00000000e+00 0.00000000e+00
  0.00000000e+00 0.00000000e+00 0.00000000e+00 0.00000000e+00
  0.00000000e+00 0.00000000e+00 0.00000000e+00 0.00000000e+00
  0.00000000e+00 0.00000000e+00 0.00000000e+00 0.00000000e+00
  0.00000000e+00 0.00000000e+00 0.00000000e+00 0.00000000e+00
  0.00000000e+00 0.00000000e+00 0.00000000e+00 0.00000000e+00
  0.00000000e+00 0.00000000e+00]
 [0.00000000e+00 0.00000000e+00 0.00000000e+00 0.00000000e+00
  0.00000000e+00 0.00000000e+00 0.00000000e+00 0.00000000e+00
  0.00000000e+00 0.00000000e+00 0.00000000e+00 0.00000000e+00
  0.00000000e+00 0.00000000e+00 0.00000000e+00 0.00000000e+00
  0.00000000e+00 0.00000000e+00 0.00000000e+00 0.00000000e+00
  0.00000000e+00 0.00000000e+00 0.00000000e+00 0.00000000e+00
  0.00000000e+00 0.00000000e+00 0.00000000e+00 0.00000000e+00
  0.00000000e+00 0.00000000e+00]
 [0.00000000e+00 0.00000000e+00 0.00000000e+00 0.00000000e+00
  0.00000000e+00 0.00000000e+00 0.00000000e+00 0.00000000e+00
  0.00000000e+00 0.00000000e+00 0.00000000e+00 0.00000000e+00
  0.00000000e+00 0.00000000e+00 0.00000000e+00 0.00000000e+00
  0.00000000e+00 0.00000000e+00 0.00000000e+00 0.00000000e+00
  0.00000000e+00 0.00000000e+00 0.00000000e+00 0.00000000e+00
  0.00000000e+00 0.00000000e+00 0.00000000e+00 0.00000000e+00
  0.00000000e+00 0.00000000e+00]
 [0.00000000e+00 0.00000000e+00 0.00000000e+00 0.00000000e+00
  0.00000000e+00 0.00000000e+00 0.00000000e+00 0.00000000e+00
  0.00000000e+00 0.00000000e+00 0.00000000e+00 0.00000000e+00
  0.00000000e+00 0.00000000e+00 0.00000000e+00 0.00000000e+00
  0.00000000e+00 0.00000000e+00 0.00000000e+00 0.00000000e+00
  0.00000000e+00 0.00000000e+00 0.00000000e+00 0.00000000e+00
  0.00000000e+00 0.00000000e+00 0.00000000e+00 0.00000000e+00
  0.00000000e+00 0.00000000e+00]
 [0.00000000e+00 0.00000000e+00 0.00000000e+00 0.00000000e+00
  0.00000000e+00 0.00000000e+00 0.00000000e+00 0.00000000e+00
  0.00000000e+00 0.00000000e+00 0.00000000e+00 0.00000000e+00
  0.00000000e+00 0.00000000e+00 0.00000000e+00 0.00000000e+00
  0.00000000e+00 0.00000000e+00 0.00000000e+00 0.00000000e+00
  0.00000000e+00 0.00000000e+00 0.00000000e+00 0.00000000e+00
  0.00000000e+00 0.00000000e+00 0.00000000e+00 0.00000000e+00
  0.00000000e+00 0.00000000e+00]]","2D array of the width of the layers of the blade structure. The first dimension represents each layer, the second dimension represents each entry along blade span."
rotorse.rs.bjs.layer_start_nd,intermediate,,"[[0.         0.         0.         0.         0.         0.
  0.         0.         0.         0.         0.         0.
  0.         0.         0.         0.         0.         0.
  0.         0.         0.         0.         0.         0.
  0.         0.         0.         0.         0.         0.        ]
 [0.         0.         0.         0.         0.         0.
  0.         0.         0.         0.         0.         0.
  0.         0.         0.         0.         0.         0.
  0.         0.         0.         0.         0.         0.
  0.         0.         0.         0.         0.         0.        ]
 [0.16613836 0.16946286 0.16968068 0.23759495 0.2439899  0.25193115
  0.25766523 0.26174662 0.2633434  0.26210837 0.26061866 0.2616315
  0.26295985 0.26995749 0.2725209  0.27588271 0.27838647 0.27891556
  0.27802616 0.2750634  0.26774667 0.26207131 0.25166728 0.23859669
  0.22787547 0.21289915 0.19074836 0.15633559 0.10381686 0.08009451]
 [0.66614777 0.6700002  0.67712123 0.62072086 0.62727502 0.63245959
  0.63926867 0.64574535 0.64977998 0.65171232 0.65333451 0.65155042
  0.64924268 0.63950434 0.63444037 0.62711273 0.61986479 0.61356165
  0.60742732 0.60199085 0.59597957 0.59311662 0.58936694 0.58623052
  0.58444769 0.58188815 0.57826958 0.57270573 0.57374879 0.59684729]
 [0.19443411 0.19789619 0.1995814  0.20542464 0.21272282 0.2220171
  0.22991051 0.23619816 0.24018571 0.24176774 0.24321802 0.24714692
  0.25147187 0.26147185 0.26715623 0.27388979 0.28019577 0.28503635
  0.289098   0.2692474  0.1053108  0.26666678 0.29305679 0.29210644
  0.29106461 0.28898449 0.28527264 0.2791944  0.26861133 0.24523263]
 [0.69444351 0.69843353 0.70702196 0.71607859 0.72704187 0.73490281
  0.74127057 0.74679934 0.74912851 0.748806   0.74793476 0.74442439
  0.74042431 0.73076654 0.7260795  0.72058973 0.71546943 0.71150765
  0.70813245 0.68336649 0.55883814 0.67870736 0.70762202 0.70993719
  0.71208585 0.71470344 0.71851623 0.72434806 0.73434916 0.75672069]
 [0.48905595 0.48893839 0.48796411 0.48706864 0.48668455 0.48576547
  0.48502104 0.48531088 0.48564258 0.4857924  0.48611936 0.48627169
  0.48627317 0.48579129 0.48506303 0.48383156 0.48238805 0.48077685
  0.47894774 0.47684624 0.47359139 0.47152324 0.46807164 0.4638829
  0.45854522 0.4511866  0.44595877 0.44467843 0.44324233 0.44179699]
 [0.         0.         0.         0.         0.         0.
  0.         0.         0.         0.         0.         0.
  0.         0.         0.         0.         0.         0.
  0.         0.         0.         0.         0.         0.
  0.         0.         0.         0.         0.         0.        ]
 [0.95925412 0.95895293 0.9565692  0.95388656 0.95056337 0.94780072
  0.9455854  0.94397287 0.94256868 0.94189525 0.94165198 0.94093289
  0.94012219 0.93775085 0.9348865  0.93047603 0.92519004 0.92487708
  0.92502404 0.92507998 0.92496879 0.92485823 0.92470421 0.92478851
  0.93005609 0.93027525 0.93045139 0.93065362 0.93081265 0.93112403]
 [0.04074588 0.04104707 0.0434308  0.04611344 0.04943663 0.05219928
  0.0544146  0.05602713 0.05743132 0.05810475 0.05834802 0.05906711
  0.05987781 0.06224915 0.0651135  0.06952397 0.07480996 0.07512292
  0.07497596 0.07492002 0.07503121 0.07514177 0.07529579 0.07521149
  0.06994391 0.06972475 0.06954861 0.06934638 0.06918735 0.06887597]
 [0.22272986 0.22632952 0.22948212 0.30080193 0.31138242 0.32272784
  0.33028459 0.33580147 0.33842316 0.33783338 0.33690305 0.33920465
  0.34192828 0.35209392 0.35827412 0.36697208 0.37551861 0.38277512
  0.38964944 0.39578046 0.40279588 0.40631466 0.41134025 0.41753853
  0.41993132 0.42260813 0.42604197 0.43129105 0.43340579 0.41037074]
 [0.51094271 0.51093158 0.51109232 0.51151394 0.51274861 0.51314609
  0.51310658 0.51395159 0.51467968 0.51507905 0.51562235 0.51627311
  0.5168142  0.51755755 0.51822809 0.51906037 0.51995391 0.52094453
  0.52211804 0.52353357 0.52582167 0.52730935 0.52982516 0.53308866
  0.53739617 0.54310325 0.54601304 0.54471542 0.54334969 0.54177825]
 [0.72273926 0.72686687 0.73692268 0.68392783 0.69466754 0.70325628
  0.71188804 0.71980021 0.72485974 0.72743733 0.7296189  0.72912358
  0.72821111 0.72164078 0.72019359 0.71820211 0.71699693 0.71742121
  0.7190506  0.72270791 0.73102878 0.73735997 0.74903991 0.76192904
  0.77438828 0.79040881 0.81299166 0.84716618 0.89494952 0.91659409]
 [0.         0.         0.         0.         0.         0.
  0.         0.         0.         0.         0.         0.
  0.         0.         0.         0.05       0.05       0.05
  0.05       0.05       0.05       0.05       0.05       0.05
  0.05       0.05       0.04       0.05       0.05       0.05      ]
 [0.         0.         0.         0.         0.         0.
  0.         0.         0.         0.         0.         0.
  0.         0.         0.         0.         0.         0.
  0.         0.         0.         0.         0.         0.
  0.         0.         0.         0.         0.         0.        ]
 [0.         0.         0.         0.         0.         0.
  0.         0.         0.         0.         0.         0.
  0.         0.         0.         0.         0.         0.
  0.         0.         0.         0.         0.         0.
  0.         0.         0.         0.         0.         0.        ]
 [0.         0.         0.         0.         0.         0.
  0.         0.         0.         0.         0.         0.
  0.         0.         0.         0.         0.         0.
  0.         0.         0.         0.         0.         0.
  0.         0.         0.         0.         0.         0.        ]
 [0.         0.         0.         0.         0.         0.
  0.         0.         0.         0.         0.         0.
  0.         0.         0.         0.         0.         0.
  0.         0.         0.         0.         0.         0.
  0.         0.         0.         0.         0.         0.        ]
 [0.         0.         0.         0.         0.         0.
  0.         0.         0.         0.         0.         0.
  0.         0.         0.         0.         0.         0.
  0.         0.         0.         0.         0.         0.
  0.         0.         0.         0.         0.         0.        ]
 [0.         0.         0.         0.         0.         0.
  0.         0.         0.         0.         0.         0.
  0.         0.         0.         0.         0.         0.
  0.         0.         0.         0.         0.         0.
  0.         0.         0.         0.         0.         0.        ]]","2D array of the non-dimensional start point defined along the outer profile of a layer. The TE suction side is 0, the TE pressure side is 1. The first dimension represents each layer, the second dimension represents each entry along blade span."
rotorse.rs.bjs.layer_end_nd,intermediate,,"[[1.         1.         1.         1.         1.         1.
  1.         1.         1.         1.         1.         1.
  1.         1.         1.         1.         1.         1.
  1.         1.         1.         1.         1.         1.
  1.         1.         1.         1.         1.         1.        ]
 [1.         1.         1.         1.         1.         1.
  1.         1.         1.         1.         1.         1.
  1.         1.         1.         1.         1.         1.
  1.         1.         1.         1.         1.         1.
  1.         1.         1.         1.         1.         1.        ]
 [0.22272986 0.22632952 0.22948212 0.30080193 0.31138242 0.32272784
  0.33028459 0.33580147 0.33842316 0.33783338 0.33690305 0.33920465
  0.34192828 0.35209392 0.35827412 0.36697208 0.37551861 0.38277512
  0.38964944 0.39578046 0.40279588 0.40631466 0.41134025 0.41753853
  0.41993132 0.42260813 0.42604197 0.43129105 0.43340579 0.41037074]
 [0.72273926 0.72686687 0.73692268 0.68392783 0.69466754 0.70325628
  0.71188804 0.71980021 0.72485974 0.72743733 0.7296189  0.72912358
  0.72821111 0.72164078 0.72019359 0.71820211 0.71699693 0.71742121
  0.7190506  0.72270791 0.73102878 0.73735997 0.74903991 0.76192904
  0.77438828 0.79040881 0.81299166 0.84716618 0.89494952 0.91659409]
 [0.19443411 0.19789619 0.1995814  0.20542464 0.21272282 0.2220171
  0.22991051 0.23619816 0.24018571 0.24176774 0.24321802 0.24714692
  0.25147187 0.26147185 0.26715623 0.27388979 0.28019577 0.28503635
  0.289098   0.31451629 0.43997949 0.32075803 0.29305679 0.29210644
  0.29106461 0.28898449 0.28527264 0.2791944  0.26861133 0.24523263]
 [0.69444351 0.69843353 0.70702196 0.71607859 0.72704187 0.73490281
  0.74127057 0.74679934 0.74912851 0.748806   0.74793476 0.74442439
  0.74042431 0.73076654 0.7260795  0.72058973 0.71546943 0.71150765
  0.70813245 0.72863539 0.89350683 0.73279862 0.70762202 0.70993719
  0.71208585 0.71470344 0.71851623 0.72434806 0.73434916 0.75672069]
 [0.51094271 0.51093158 0.51109232 0.51151394 0.51274861 0.51314609
  0.51310658 0.51395159 0.51467968 0.51507905 0.51562235 0.51627311
  0.5168142  0.51755755 0.51822809 0.51906037 0.51995391 0.52094453
  0.52211804 0.52353357 0.52582167 0.52730935 0.52982516 0.53308866
  0.53739617 0.54310325 0.54601304 0.54471542 0.54334969 0.54177825]
 [0.04074588 0.04104707 0.0434308  0.04611344 0.04943663 0.05219928
  0.0544146  0.05602713 0.05743132 0.05810475 0.05834802 0.05906711
  0.05987781 0.06224915 0.0651135  0.06952397 0.07480996 0.07512292
  0.07497596 0.07492002 0.07503121 0.07514177 0.07529579 0.07521149
  0.06994391 0.06972475 0.06954861 0.06934638 0.06918735 0.06887597]
 [1.         1.         1.         1.         1.         1.
  1.         1.         1.         1.         1.         1.
  1.         1.         1.         1.         1.         1.
  1.         1.         1.         1.         1.         1.
  1.         1.         1.         1.         1.         1.        ]
 [0.16613836 0.16946286 0.16968068 0.23759495 0.2439899  0.25193115
  0.25766523 0.26174662 0.2633434  0.26210837 0.26061866 0.2616315
  0.26295985 0.26995749 0.2725209  0.27588271 0.27838647 0.27891556
  0.27802616 0.2750634  0.26774667 0.26207131 0.25166728 0.23859669
  0.22787547 0.21289915 0.19074836 0.15633559 0.10381686 0.08009451]
 [0.48905595 0.48893839 0.48796411 0.48706864 0.48668455 0.48576547
  0.48502104 0.48531088 0.48564258 0.4857924  0.48611936 0.48627169
  0.48627317 0.48579129 0.48506303 0.48383156 0.48238805 0.48077685
  0.47894774 0.47684624 0.47359139 0.47152324 0.46807164 0.4638829
  0.45854522 0.4511866  0.44595877 0.44467843 0.44324233 0.44179699]
 [0.66614777 0.6700002  0.67712123 0.62072086 0.62727502 0.63245959
  0.63926867 0.64574535 0.64977998 0.65171232 0.65333451 0.65155042
  0.64924268 0.63950434 0.63444037 0.62711273 0.61986479 0.61356165
  0.60742732 0.60199085 0.59597957 0.59311662 0.58936694 0.58623052
  0.58444769 0.58188815 0.57826958 0.57270573 0.57374879 0.59684729]
 [0.95925412 0.95895293 0.9565692  0.95388656 0.95056337 0.94780072
  0.9455854  0.94397287 0.94256868 0.94189525 0.94165198 0.94093289
  0.94012219 0.93775085 0.9348865  0.93047603 0.92519004 0.92487708
  0.92502404 0.92507998 0.92496879 0.92485823 0.92470421 0.92478851
  0.93005609 0.93027525 0.93045139 0.93065362 0.93081265 0.93112403]
 [1.         1.         1.         1.         1.         1.
  1.         1.         1.         1.         1.         1.
  1.         1.         1.         0.95       0.95       0.95
  0.95       0.95       0.95       0.95       0.95       0.95
  0.95       0.95       0.95       0.95       0.95       0.95      ]
 [0.         0.         0.         0.         0.         0.
  0.         0.         0.         0.         0.         0.
  0.         0.         0.         0.         0.         0.
  0.         0.         0.         0.         0.         0.
  0.         0.         0.         0.         0.         0.        ]
 [0.         0.         0.         0.         0.         0.
  0.         0.         0.         0.         0.         0.
  0.         0.         0.         0.         0.         0.
  0.         0.         0.         0.         0.         0.
  0.         0.         0.         0.         0.         0.        ]
 [0.         0.         0.         0.         0.         0.
  0.         0.         0.         0.         0.         0.
  0.         0.         0.         0.         0.         0.
  0.         0.         0.         0.         0.         0.
  0.         0.         0.         0.         0.         0.        ]
 [0.         0.         0.         0.         0.         0.
  0.         0.         0.         0.         0.         0.
  0.         0.         0.         0.         0.         0.
  0.         0.         0.         0.         0.         0.
  0.         0.         0.         0.         0.         0.        ]
 [0.         0.         0.         0.         0.         0.
  0.         0.         0.         0.         0.         0.
  0.         0.         0.         0.         0.         0.
  0.         0.         0.         0.         0.         0.
  0.         0.         0.         0.         0.         0.        ]
 [0.         0.         0.         0.         0.         0.
  0.         0.         0.         0.         0.         0.
  0.         0.         0.         0.         0.         0.
  0.         0.         0.         0.         0.         0.
  0.         0.         0.         0.         0.         0.        ]]","2D array of the non-dimensional end point defined along the outer profile of a layer. The TE suction side is 0, the TE pressure side is 1. The first dimension represents each layer, the second dimension represents each entry along blade span."
rotorse.rs.bjs.blade_length,intermediate,m,"[  3.           6.44814717   9.89629433  13.3444415   16.79258866
  20.24073583  23.68888299  27.13703016  30.58517733  34.03332449
  37.48147166  40.92961882  44.37776599  47.82591316  51.27406032
  54.72220749  58.17035465  61.61850182  65.06664898  68.51479615
  72.99738747  75.41109048  78.85923765  82.30738481  85.75553198
  89.20367915  92.65182631  96.09997348  99.54812064 102.99626781]",1D array of cumulative blade length at each station. n_span long
rotorse.rs.bjs.coord_xy_interp,intermediate,,"[[[ 1.00000000e+00 -5.22802288e-16]
  [ 9.99429684e-01 -2.22597407e-02]
  [ 9.98063018e-01 -4.44580349e-02]
  ...
  [ 9.98120489e-01  4.38394581e-02]
  [ 9.99443038e-01  2.19496514e-02]
  [ 1.00000000e+00 -5.26271735e-16]]

 [[ 1.00000000e+00 -4.63811846e-04]
  [ 9.98467173e-01 -2.21760738e-02]
  [ 9.96201019e-01 -4.43513952e-02]
  ...
  [ 9.96776877e-01  4.39179785e-02]
  [ 9.98774657e-01  2.22119245e-02]
  [ 1.00000000e+00  3.03878429e-04]]

 [[ 1.00000000e+00 -3.84926541e-03]
  [ 9.90631439e-01 -2.12435866e-02]
  [ 9.80995553e-01 -4.24457781e-02]
  ...
  [ 9.85613808e-01  4.43560536e-02]
  [ 9.93218520e-01  2.41263074e-02]
  [ 1.00000000e+00  2.83048459e-03]]

 ...

 [[ 1.00000000e+00  2.99243424e-04]
  [ 9.76715850e-01  2.78508494e-03]
  [ 9.52832571e-01  4.62553820e-03]
  ...
  [ 9.52575171e-01  9.64309571e-03]
  [ 9.76267770e-01  4.94496385e-03]
  [ 1.00000000e+00  2.99243424e-04]]

 [[ 1.00000000e+00  7.60311480e-05]
  [ 9.76692547e-01  2.94939444e-03]
  [ 9.52952126e-01  4.97097005e-03]
  ...
  [ 9.52775619e-01  1.06814382e-02]
  [ 9.76380589e-01  5.38373218e-03]
  [ 1.00000000e+00  7.60311480e-05]]

 [[ 1.00000000e+00  1.76276899e-06]
  [ 9.76685164e-01  3.14692752e-03]
  [ 9.53182640e-01  5.22846152e-03]
  ...
  [ 9.52998460e-01  1.22336784e-02]
  [ 9.76506117e-01  6.17134718e-03]
  [ 1.00000000e+00  1.76276899e-06]]]",3D array of the non-dimensional x and y airfoil coordinates of the airfoils interpolated along span for n_span stations.
rotorse.rs.bjs.rthick,intermediate,,"[1.         0.9904762  0.90583552 0.76920637 0.62433185 0.51495506
 0.45652477 0.40898037 0.37373472 0.35299758 0.33854388 0.32716954
 0.31781339 0.30941425 0.30091105 0.29250549 0.28490061 0.27785301
 0.27111927 0.26445597 0.25549867 0.250367   0.2424545  0.23345852
 0.22353126 0.21373557 0.20477992 0.19617537 0.18790426 0.18      ]",1D array of the relative thicknesses of the blade defined along span. n_span long
rotorse.rs.bjs.layer_offset_y_pa,intermediate,m,"[[ 0.          0.          0.          0.          0.          0.
   0.          0.          0.          0.          0.          0.
   0.          0.          0.          0.          0.          0.
   0.          0.          0.          0.          0.          0.
   0.          0.          0.          0.          0.          0.        ]
 [ 0.          0.          0.          0.          0.          0.
   0.          0.          0.          0.          0.          0.
   0.          0.          0.          0.          0.          0.
   0.          0.          0.          0.          0.          0.
   0.          0.          0.          0.          0.          0.        ]
 [ 0.          0.          0.         -0.8        -0.768      -0.736
  -0.704      -0.672      -0.64       -0.608      -0.576      -0.544
  -0.512      -0.48       -0.448      -0.416      -0.384      -0.352
  -0.32       -0.288      -0.2464     -0.224      -0.192      -0.16
  -0.128      -0.096      -0.064      -0.032       0.          0.        ]
 [ 0.          0.          0.         -0.8        -0.768      -0.736
  -0.704      -0.672      -0.64       -0.608      -0.576      -0.544
  -0.512      -0.48       -0.448      -0.416      -0.384      -0.352
  -0.32       -0.288      -0.2464     -0.224      -0.192      -0.16
  -0.128      -0.096      -0.064      -0.032       0.          0.        ]
 [ 0.          0.          0.          0.          0.          0.
   0.          0.          0.          0.          0.          0.
   0.          0.          0.          0.          0.          0.
   0.          0.          0.12277425  0.          0.          0.
   0.          0.          0.          0.          0.          0.        ]
 [ 0.          0.          0.          0.          0.          0.
   0.          0.          0.          0.          0.          0.
   0.          0.          0.          0.          0.          0.
   0.          0.          0.12277425  0.          0.          0.
   0.          0.          0.          0.          0.          0.        ]
 [ 0.          0.          0.          0.          0.          0.
   0.          0.          0.          0.          0.          0.
   0.          0.          0.          0.          0.          0.
   0.          0.          0.          0.          0.          0.
   0.          0.          0.          0.          0.          0.        ]
 [ 0.          0.          0.          0.          0.          0.
   0.          0.          0.          0.          0.          0.
   0.          0.          0.          0.          0.          0.
   0.          0.          0.          0.          0.          0.
   0.          0.          0.          0.          0.          0.        ]
 [ 0.          0.          0.          0.          0.          0.
   0.          0.          0.          0.          0.          0.
   0.          0.          0.          0.          0.          0.
   0.          0.          0.          0.          0.          0.
   0.          0.          0.          0.          0.          0.        ]
 [ 0.          0.          0.          0.          0.          0.
   0.          0.          0.          0.          0.          0.
   0.          0.          0.          0.          0.          0.
   0.          0.          0.          0.          0.          0.
   0.          0.          0.          0.          0.          0.        ]
 [ 0.          0.          0.          0.          0.          0.
   0.          0.          0.          0.          0.          0.
   0.          0.          0.          0.          0.          0.
   0.          0.          0.          0.          0.          0.
   0.          0.          0.          0.          0.          0.        ]
 [ 0.          0.          0.          0.          0.          0.
   0.          0.          0.          0.          0.          0.
   0.          0.          0.          0.          0.          0.
   0.          0.          0.          0.          0.          0.
   0.          0.          0.          0.          0.          0.        ]
 [ 0.          0.          0.          0.          0.          0.
   0.          0.          0.          0.          0.          0.
   0.          0.          0.          0.          0.          0.
   0.          0.          0.          0.          0.          0.
   0.          0.          0.          0.          0.          0.        ]
 [ 0.          0.          0.          0.          0.          0.
   0.          0.          0.          0.          0.          0.
   0.          0.          0.          0.          0.          0.
   0.          0.          0.          0.          0.          0.
   0.          0.          0.          0.          0.          0.        ]
 [ 0.          0.          0.          0.          0.          0.
   0.          0.          0.          0.          0.          0.
   0.          0.          0.          0.          0.          0.
   0.          0.          0.          0.          0.          0.
   0.          0.          0.          0.          0.          0.        ]
 [ 0.          0.          0.          0.          0.          0.
   0.          0.          0.          0.          0.          0.
   0.          0.          0.          0.          0.          0.
   0.          0.          0.          0.          0.          0.
   0.          0.          0.          0.          0.          0.        ]
 [ 0.          0.          0.          0.          0.          0.
   0.          0.          0.          0.          0.          0.
   0.          0.          0.          0.          0.          0.
   0.          0.          0.          0.          0.          0.
   0.          0.          0.          0.          0.          0.        ]
 [ 0.          0.          0.          0.          0.          0.
   0.          0.          0.          0.          0.          0.
   0.          0.          0.          0.          0.          0.
   0.          0.          0.          0.          0.          0.
   0.          0.          0.          0.          0.          0.        ]
 [ 0.          0.          0.          0.          0.          0.
   0.          0.          0.          0.          0.          0.
   0.          0.          0.          0.          0.          0.
   0.          0.          0.          0.          0.          0.
   0.          0.          0.          0.          0.          0.        ]
 [ 0.          0.          0.          0.          0.          0.
   0.          0.          0.          0.          0.          0.
   0.          0.          0.          0.          0.          0.
   0.          0.          0.          0.          0.          0.
   0.          0.          0.          0.          0.          0.        ]]","2D array of the offset along the y axis to set the position of a layer. Positive values move the layer towards the trailing edge, negative values towards the leading edge. The first dimension represents each layer, the second dimension represents each entry along blade span."
rotorse.rs.bjs.coord_xy_dim,intermediate,m,"[[[ 2.25000000e+00 -2.35261029e-15]
  [ 2.24743358e+00 -1.00168833e-01]
  [ 2.24128358e+00 -2.00061157e-01]
  ...
  [ 2.24154220e+00  1.97277562e-01]
  [ 2.24749367e+00  9.87734313e-02]
  [ 2.25000000e+00 -2.36822281e-15]]

 [[ 2.26653457e+00 -2.09482223e-03]
  [ 2.25961150e+00 -1.00159004e-01]
  [ 2.24937634e+00 -2.00314609e-01]
  ...
  [ 2.25197722e+00  1.98357067e-01]
  [ 2.26100026e+00  1.00320925e-01]
  [ 2.26653457e+00  1.37247743e-03]]

 [[ 2.34255457e+00 -1.76779614e-02]
  [ 2.29952894e+00 -9.75623303e-02]
  [ 2.25527561e+00 -1.94934552e-01]
  ...
  [ 2.27648519e+00  2.03707596e-01]
  [ 2.31141025e+00  1.10801383e-01]
  [ 2.34255457e+00  1.29991549e-02]]

 ...

 [[ 6.08030135e-01  3.20341427e-04]
  [ 5.83104348e-01  2.98144592e-03]
  [ 5.57537191e-01  4.95165937e-03]
  ...
  [ 5.57261644e-01  1.03229772e-02]
  [ 5.82624676e-01  5.29360597e-03]
  [ 6.08030135e-01  3.20341427e-04]]

 [[ 4.30939302e-01  5.99225592e-05]
  [ 4.12569959e-01  2.32451130e-03]
  [ 3.93859380e-01  3.91777916e-03]
  ...
  [ 3.93720270e-01  8.41838022e-03]
  [ 4.12324095e-01  4.24309009e-03]
  [ 4.30939302e-01  5.99225592e-05]]

 [[ 2.50000000e-01  8.81384494e-07]
  [ 2.38342582e-01  1.57346376e-03]
  [ 2.26591320e-01  2.61423076e-03]
  ...
  [ 2.26499230e-01  6.11683918e-03]
  [ 2.38253059e-01  3.08567359e-03]
  [ 2.50000000e-01  8.81384494e-07]]]",3D array of the dimensional x and y airfoil coordinates of the airfoils interpolated along span for n_span stations. The origin is placed at the pitch axis.
rotorse.rs.bjs.twist,intermediate,rad,"[ 0.3491      0.32625117  0.30085553  0.27319561  0.24355395  0.2057759
  0.15761451  0.11369865  0.08888556  0.08740227  0.08747036  0.08755246
  0.08760935  0.08649735  0.08026523  0.07090719  0.06112253  0.05334186
  0.04683973  0.04037517  0.03044013  0.02356245  0.0096627  -0.00714598
 -0.02406408 -0.03833817 -0.05056212 -0.06194147 -0.07234987 -0.08166095]",1D array of the twist values defined along blade span. The twist is defined positive for negative rotations around the z axis (the same as in BeamDyn).
rotorse.rs.bjs.pitch_axis,intermediate,,"[0.5        0.49816955 0.48992341 0.47666778 0.47368421 0.47368421
 0.47368421 0.47368421 0.47368421 0.47368421 0.47368421 0.46808511
 0.4612069  0.44196429 0.43251806 0.42095775 0.41010371 0.40195138
 0.39522149 0.39116278 0.39008436 0.39134099 0.39523274 0.40007425
 0.40504215 0.41113787 0.41946139 0.43201533 0.45321411 0.5       ]","1D array of the chordwise position of the pitch axis (0-LE, 1-TE), defined along blade span."
rotorse.rs.bjs.M1,intermediate,N*m,"[-3.37728312e+07 -3.17222406e+07 -1.83046290e+07 -3.06708934e+07
 -3.51487039e+07 -3.42910302e+07 -3.22319654e+07 -2.97195701e+07
 -2.70523434e+07 -2.44374416e+07 -2.19347570e+07 -1.95301615e+07
 -1.72356483e+07 -1.50667719e+07 -1.30342372e+07 -1.11468204e+07
 -9.41128413e+06 -7.83237170e+06 -6.41200161e+06 -5.14840436e+06
 -3.74305482e+06 -3.07876766e+06 -2.25002385e+06 -1.56315291e+06
 -1.01548584e+06 -6.00602034e+05 -3.07294731e+05 -1.21173651e+05
 -2.54178529e+04  4.76986202e+00]",distribution along blade span of ultimate bending moment w.r.t principal axis 1. [(n_mat) 1D array of float]
rotorse.rs.bjs.M2,intermediate,N*m,"[ 3.66238028e+07  3.44856438e+07  3.99172745e+07  2.72020681e+07
  1.47267008e+07  8.22628786e+06  3.92165708e+06  9.37597665e+05
 -8.65463265e+05 -1.33837939e+06 -1.20544868e+06 -1.05366699e+06
 -9.19785271e+05 -8.15593599e+05 -7.74937345e+05 -7.72240258e+05
 -7.62974149e+05 -7.23523045e+05 -6.52957442e+05 -5.70751524e+05
 -4.48542969e+05 -4.08184577e+05 -3.36276790e+05 -2.67950164e+05
 -1.97841216e+05 -1.28771617e+05 -7.02561787e+04 -2.90349416e+04
 -6.49757611e+03  1.12036760e-01]",distribution along blade span of ultimate bending moment w.r.t principal axis 2. [(n_mat) 1D array of float]
rotorse.rs.bjs.F2,intermediate,N,"[596265.25218044 594621.77343994 375182.59462975 649062.3020422
 782652.05512143 810747.26351652 812557.92139816 801815.28082459
 783852.46910984 763244.82397642 740512.18954821 713690.14514161
 681563.68003766 644234.35497863 602983.06094405 559172.35145706
 513813.73810716 467502.55530613 420863.04327041 374325.21503229
 310280.55609187 278584.305821   234870.67262845 191143.98078564
 149091.28831641 109908.81243819  74384.31338751  43320.51057774
  17739.58139629   -813.61833069]",distribution along blade span of ultimate force w.r.t principal axis 2. [(n_mat) 1D array of float]
rotorse.rs.brs.rootD,intermediate,m,[4.5],Blade root outer diameter / Chord at blade span station 0
rotorse.rs.brs.layer_thickness,intermediate,m,"[[ 1.00000000e-03  1.00000000e-03  1.00000000e-03  1.00000000e-03
   1.00000000e-03  1.00000000e-03  1.00000000e-03  1.00000000e-03
   1.00000000e-03  1.00000000e-03  1.00000000e-03  1.00000000e-03
   1.00000000e-03  1.00000000e-03  1.00000000e-03  1.00000000e-03
   1.00000000e-03  1.00000000e-03  1.00000000e-03  1.00000000e-03
   1.00000000e-03  1.00000000e-03  1.00000000e-03  1.00000000e-03
   1.00000000e-03  1.00000000e-03  1.00000000e-03  1.00000000e-03
   1.00000000e-03  1.00000000e-03]
 [ 4.10000000e-02  3.30000000e-02  2.60000000e-02  2.00000000e-02
   1.50000000e-02  1.10000000e-02  8.28454072e-03  6.51243402e-03
   5.36207752e-03  4.70247504e-03  4.40263040e-03  4.33154742e-03
   4.35822991e-03  4.35168169e-03  4.30702965e-03  4.21940069e-03
   4.08392168e-03  3.89571952e-03  3.64992111e-03  3.34165333e-03
   2.86491152e-03  2.57935592e-03  2.14614940e-03  1.69211977e-03
   1.22767857e-03  1.00000000e-03  1.00000000e-03  1.00000000e-03
   1.00000000e-03  1.00000000e-03]
 [ 0.00000000e+00  1.03638639e-02  1.80212345e-02  2.53616596e-02
   3.20681938e-02  3.78238917e-02  4.23118077e-02  4.52149966e-02
   4.62165127e-02  4.56952678e-02  4.40301733e-02  4.16001409e-02
   3.87840821e-02  3.59609085e-02  3.35095318e-02  3.13580743e-02
   2.94346583e-02  2.76674064e-02  2.59844408e-02  2.43138839e-02
   2.20549123e-02  2.08042751e-02  1.89850461e-02  1.71360827e-02
   1.52672963e-02  1.33885984e-02  1.15099005e-02  9.63120264e-03
   7.75250477e-03  5.87380689e-03]
 [ 0.00000000e+00  1.24780597e-02  1.76115740e-02  2.27450883e-02
   2.76641755e-02  3.21544085e-02  3.60013601e-02  3.89906033e-02
   4.09077110e-02  4.15382560e-02  4.11017265e-02  3.98176106e-02
   3.79053964e-02  3.55845720e-02  3.30746256e-02  3.05950453e-02
   2.81565527e-02  2.57698696e-02  2.34457177e-02  2.11948185e-02
   1.83968865e-02  1.69556653e-02  1.49623503e-02  1.30321660e-02
   1.11493299e-02  9.29805909e-03  7.46257101e-03  5.62708293e-03
   3.79159485e-03  1.95610677e-03]
 [ 0.00000000e+00  0.00000000e+00  0.00000000e+00  0.00000000e+00
   0.00000000e+00  0.00000000e+00  0.00000000e+00  0.00000000e+00
   0.00000000e+00  0.00000000e+00  0.00000000e+00  0.00000000e+00
   0.00000000e+00  0.00000000e+00  0.00000000e+00  0.00000000e+00
   0.00000000e+00  0.00000000e+00  0.00000000e+00  1.00000000e-03
   3.44239839e-02  1.00000000e-03 -8.13151629e-20  0.00000000e+00
   0.00000000e+00  0.00000000e+00  0.00000000e+00  0.00000000e+00
   0.00000000e+00  0.00000000e+00]
 [ 0.00000000e+00  0.00000000e+00  0.00000000e+00  0.00000000e+00
   0.00000000e+00  0.00000000e+00  0.00000000e+00  0.00000000e+00
   0.00000000e+00  0.00000000e+00  0.00000000e+00  0.00000000e+00
   0.00000000e+00  0.00000000e+00  0.00000000e+00  0.00000000e+00
   0.00000000e+00  0.00000000e+00  0.00000000e+00  1.00000000e-03
   3.44239839e-02  1.00000000e-03 -8.13151629e-20  0.00000000e+00
   0.00000000e+00  0.00000000e+00  0.00000000e+00  0.00000000e+00
   0.00000000e+00  0.00000000e+00]
 [ 0.00000000e+00  0.00000000e+00  6.65003373e-03  8.14812366e-03
   9.64621359e-03  1.11443035e-02  1.26025620e-02  1.39811575e-02
   1.52402586e-02  1.63400338e-02  1.72406517e-02  1.79022807e-02
   1.83276090e-02  1.85193246e-02  1.84801155e-02  1.82126698e-02
   1.77196757e-02  1.70038210e-02  1.61057826e-02  1.50662370e-02
   1.35708454e-02  1.27253309e-02  1.15053236e-02  1.03065158e-02
   9.12537420e-03  7.95836553e-03  6.80195656e-03  5.65261407e-03
   4.50680481e-03  3.36099555e-03]
 [ 0.00000000e+00  0.00000000e+00  2.33432275e-02  2.51480648e-02
   2.69529021e-02  2.87577394e-02  3.05625767e-02  3.23674140e-02
   3.39953792e-02  3.52696003e-02  3.60132052e-02  3.60493218e-02
   3.52010780e-02  3.32916017e-02  3.05938669e-02  2.73808473e-02
   2.39255169e-02  2.05008494e-02  1.73798187e-02  1.48353987e-02
   1.22323494e-02  1.10919834e-02  9.70078471e-03  8.50178952e-03
   7.39889612e-03  6.29600271e-03  5.19310930e-03  4.09021589e-03
   2.98732248e-03 -6.50521303e-19]
 [ 0.00000000e+00  0.00000000e+00  2.33432275e-02  2.51480648e-02
   2.69529021e-02  2.87577394e-02  3.05625767e-02  3.23674140e-02
   3.39953792e-02  3.52696003e-02  3.60132052e-02  3.60493218e-02
   3.52010780e-02  3.32916017e-02  3.05938669e-02  2.73808473e-02
   2.39255169e-02  2.05008494e-02  1.73798187e-02  1.48353987e-02
   1.22323494e-02  1.10919834e-02  9.70078471e-03  8.50178952e-03
   7.39889612e-03  6.29600271e-03  5.19310930e-03  4.09021589e-03
   2.98732248e-03 -6.50521303e-19]
 [ 0.00000000e+00  0.00000000e+00  1.86402175e-02  2.29043857e-02
   2.71685539e-02  3.12820798e-02  3.50943212e-02  3.84546359e-02
   4.12123815e-02  4.32169158e-02  4.43175966e-02  4.46317757e-02
   4.42768050e-02  4.33700364e-02  4.20288217e-02  4.03705128e-02
   3.85124616e-02  3.64638788e-02  3.42339751e-02  3.18319613e-02
   2.84675254e-02  2.65484460e-02  2.36853660e-02  2.07018877e-02
   1.76220907e-02  1.44700547e-02  1.12698594e-02  8.04558436e-03
   4.82130936e-03  1.59703436e-03]
 [ 0.00000000e+00  0.00000000e+00  1.06783227e-02  1.30277497e-02
   1.53771767e-02  1.77266036e-02  2.00760306e-02  2.23436643e-02
   2.44477114e-02  2.63063787e-02  2.78378729e-02  2.89604006e-02
   2.95921686e-02  2.97916789e-02  2.96174332e-02  2.91279335e-02
   2.83816816e-02  2.74371794e-02  2.63529289e-02  2.51106409e-02
   2.32295708e-02  2.20787956e-02  2.02526601e-02  1.81953304e-02
   1.58885175e-02  1.33738018e-02  1.06927639e-02  7.88698432e-03
   4.99804368e-03  2.06752250e-03]
 [ 0.00000000e+00  0.00000000e+00  1.17141324e-02  1.47649473e-02
   1.78157623e-02  2.08665773e-02  2.39173922e-02  2.69682072e-02
   3.00190222e-02  3.29529872e-02  3.56532524e-02  3.80029677e-02
   3.98852833e-02  4.11833493e-02  4.17803156e-02  4.17273646e-02
   4.10756783e-02  3.98764390e-02  3.81808288e-02  3.60400301e-02
   3.26797937e-02  3.06420809e-02  2.75162660e-02  2.41934479e-02
   2.07392943e-02  1.72194730e-02  1.36996517e-02  1.01798304e-02
   6.66000904e-03  3.14018771e-03]
 [ 0.00000000e+00  0.00000000e+00  3.59873815e-02  4.39773438e-02
   5.19673061e-02  5.96302097e-02  6.66389959e-02  7.26666060e-02
   7.73859813e-02  8.04700630e-02  8.15917924e-02  8.09966867e-02
   7.89302631e-02  7.56380387e-02  7.13655306e-02  6.63582560e-02
   6.08617321e-02  5.50357312e-02  4.90400260e-02  4.30343888e-02
   3.54771595e-02  3.16324086e-02  2.65556105e-02  2.18699671e-02
   1.74972473e-02  1.33592202e-02  9.37765500e-03  5.47432071e-03
   1.57098642e-03  1.00000000e-03]
 [ 4.10000000e-02  3.30000000e-02  2.60000000e-02  2.00000000e-02
   1.53156219e-02  1.26140524e-02  1.00892854e-02  7.82972209e-03
   5.92376367e-03  4.45981139e-03  3.52626648e-03  3.01625067e-03
   2.82288569e-03  2.83929329e-03  2.95859519e-03  3.07391313e-03
   3.07836885e-03  2.99303427e-03  2.83898133e-03  2.63728196e-03
   2.33877707e-03  2.17523163e-03  1.95702453e-03  1.75179189e-03
   1.55693882e-03  1.36987043e-03  1.18799183e-03  1.00870812e-03
   1.00000000e-03  1.00000000e-03]
 [ 0.00000000e+00  0.00000000e+00  0.00000000e+00  2.16422907e-03
   2.21016153e-03  2.25609398e-03  2.30202643e-03  2.34795888e-03
   2.38578561e-03  2.40740088e-03  2.40469897e-03  2.36957416e-03
   2.29392070e-03  2.16963289e-03  2.01292217e-03  1.84000000e-03
   1.66707783e-03  1.51036711e-03  1.38607930e-03  1.31042584e-03
   1.27397979e-03  1.27259912e-03  1.29421439e-03  1.33204112e-03
   1.37797357e-03  1.42390602e-03  1.46983847e-03  1.51577093e-03
   1.56170338e-03  1.08420217e-19]
 [ 0.00000000e+00  0.00000000e+00  0.00000000e+00  3.74890612e-02
   3.61172335e-02  3.47454058e-02  3.33630956e-02  3.19598202e-02
   3.05250972e-02  2.90484440e-02  2.75193780e-02  2.59274168e-02
   2.43374498e-02  2.28143666e-02  2.14230569e-02  2.02284101e-02
   1.92953159e-02  1.86886639e-02  1.83467902e-02  1.82080313e-02
   2.00000000e-02  2.00000000e-02  2.00000000e-02  2.00000000e-02
   2.00000000e-02  2.00000000e-02  2.00000000e-02  2.00000000e-02
   2.00000000e-02  6.93889390e-18]
 [ 0.00000000e+00  0.00000000e+00  0.00000000e+00  2.07236417e-03
   2.11829662e-03  2.16422907e-03  2.21016153e-03  2.25609398e-03
   2.30202643e-03  2.34795888e-03  2.38578561e-03  2.40740088e-03
   2.40469897e-03  2.36957416e-03  2.29392070e-03  2.16963289e-03
   2.01292217e-03  1.84000000e-03  1.66707783e-03  1.51036711e-03
   1.35893442e-03  1.31042584e-03  1.27530103e-03  1.27259912e-03
   1.29421439e-03  1.33204112e-03  1.37797357e-03  1.42390602e-03
   1.46983847e-03  1.08420217e-19]
 [ 0.00000000e+00  0.00000000e+00  0.00000000e+00  2.51759997e-03
   2.44512991e-03  2.37265986e-03  2.30018980e-03  2.22771975e-03
   2.15449048e-03  2.07974278e-03  2.00271744e-03  1.92265525e-03
   1.83879698e-03  1.75038343e-03  1.66146746e-03  1.57610193e-03
   1.49833970e-03  1.43223365e-03  1.38183663e-03  1.35120150e-03
   1.33654766e-03  1.33604234e-03  1.34493101e-03  1.36040697e-03
   1.37917659e-03  1.39794620e-03  1.41671582e-03  1.43548543e-03
   1.45425505e-03  2.16840434e-19]
 [ 0.00000000e+00  0.00000000e+00  0.00000000e+00  3.77066146e-02
   3.63461220e-02  3.49856293e-02  3.36139152e-02  3.22197581e-02
   3.07919366e-02  2.93192293e-02  2.77904146e-02  2.61942712e-02
   2.45955568e-02  2.30590296e-02  2.16494473e-02  2.04315680e-02
   2.00000000e-02  2.00000000e-02  2.00000000e-02  2.00000000e-02
   2.00000000e-02  2.00000000e-02  2.00000000e-02  2.00000000e-02
   2.00000000e-02  2.00000000e-02  2.00000000e-02  2.00000000e-02
   2.00000000e-02  6.93889390e-18]
 [ 0.00000000e+00  0.00000000e+00  0.00000000e+00  2.66254008e-03
   2.59007002e-03  2.51759997e-03  2.44512991e-03  2.37265986e-03
   2.30018980e-03  2.22771975e-03  2.15449048e-03  2.07974278e-03
   2.00271744e-03  1.92265525e-03  1.83879698e-03  1.75038343e-03
   1.66146746e-03  1.57610193e-03  1.49833970e-03  1.43223365e-03
   1.37083839e-03  1.35120150e-03  1.33703462e-03  1.33604234e-03
   1.34493101e-03  1.36040697e-03  1.37917659e-03  1.39794620e-03
   1.41671582e-03  6.50521303e-19]]","2D array of the thickness of the layers of the blade structure. The first dimension represents each layer, the second dimension represents each entry along blade span."
rotorse.rs.brs.layer_start_nd,intermediate,,"[[0.         0.         0.         0.         0.         0.
  0.         0.         0.         0.         0.         0.
  0.         0.         0.         0.         0.         0.
  0.         0.         0.         0.         0.         0.
  0.         0.         0.         0.         0.         0.        ]
 [0.         0.         0.         0.         0.         0.
  0.         0.         0.         0.         0.         0.
  0.         0.         0.         0.         0.         0.
  0.         0.         0.         0.         0.         0.
  0.         0.         0.         0.         0.         0.        ]
 [0.16613836 0.16946286 0.16968068 0.23759495 0.2439899  0.25193115
  0.25766523 0.26174662 0.2633434  0.26210837 0.26061866 0.2616315
  0.26295985 0.26995749 0.2725209  0.27588271 0.27838647 0.27891556
  0.27802616 0.2750634  0.26774667 0.26207131 0.25166728 0.23859669
  0.22787547 0.21289915 0.19074836 0.15633559 0.10381686 0.08009451]
 [0.66614777 0.6700002  0.67712123 0.62072086 0.62727502 0.63245959
  0.63926867 0.64574535 0.64977998 0.65171232 0.65333451 0.65155042
  0.64924268 0.63950434 0.63444037 0.62711273 0.61986479 0.61356165
  0.60742732 0.60199085 0.59597957 0.59311662 0.58936694 0.58623052
  0.58444769 0.58188815 0.57826958 0.57270573 0.57374879 0.59684729]
 [0.19443411 0.19789619 0.1995814  0.20542464 0.21272282 0.2220171
  0.22991051 0.23619816 0.24018571 0.24176774 0.24321802 0.24714692
  0.25147187 0.26147185 0.26715623 0.27388979 0.28019577 0.28503635
  0.289098   0.2692474  0.15010342 0.26666678 0.29305679 0.29210644
  0.29106461 0.28898449 0.28527264 0.2791944  0.26861133 0.24523263]
 [0.69444351 0.69843353 0.70702196 0.71607859 0.72704187 0.73490281
  0.74127057 0.74679934 0.74912851 0.748806   0.74793476 0.74442439
  0.74042431 0.73076654 0.7260795  0.72058973 0.71546943 0.71150765
  0.70813245 0.68336649 0.561757   0.67870736 0.70762202 0.70993719
  0.71208585 0.71470344 0.71851623 0.72434806 0.73434916 0.75672069]
 [0.48905595 0.48893839 0.48796411 0.48706864 0.48668455 0.48576547
  0.48502104 0.48531088 0.48564258 0.4857924  0.48611936 0.48627169
  0.48627317 0.48579129 0.48506303 0.48383156 0.48238805 0.48077685
  0.47894774 0.47684624 0.47359139 0.47152324 0.46807164 0.4638829
  0.45854522 0.4511866  0.44595877 0.44467843 0.44324233 0.44179699]
 [0.         0.         0.         0.         0.         0.
  0.         0.         0.         0.         0.         0.
  0.         0.         0.         0.         0.         0.
  0.         0.         0.         0.         0.         0.
  0.         0.         0.         0.         0.         0.        ]
 [0.95925412 0.95895293 0.9565692  0.95388656 0.95056337 0.94780072
  0.9455854  0.94397287 0.94256868 0.94189525 0.94165198 0.94093289
  0.94012219 0.93775085 0.9348865  0.93047603 0.92519004 0.92487708
  0.92502404 0.92507998 0.92496879 0.92485823 0.92470421 0.92478851
  0.93005609 0.93027525 0.93045139 0.93065362 0.93081265 0.93112403]
 [0.04074588 0.04104707 0.0434308  0.04611344 0.04943663 0.05219928
  0.0544146  0.05602713 0.05743132 0.05810475 0.05834802 0.05906711
  0.05987781 0.06224915 0.0651135  0.06952397 0.07480996 0.07512292
  0.07497596 0.07492002 0.07503121 0.07514177 0.07529579 0.07521149
  0.06994391 0.06972475 0.06954861 0.06934638 0.06918735 0.06887597]
 [0.22272986 0.22632952 0.22948212 0.30080193 0.31138242 0.32272784
  0.33028459 0.33580147 0.33842316 0.33783338 0.33690305 0.33920465
  0.34192828 0.35209392 0.35827412 0.36697208 0.37551861 0.38277512
  0.38964944 0.39578046 0.40279588 0.40631466 0.41134025 0.41753853
  0.41993132 0.42260813 0.42604197 0.43129105 0.43340579 0.41037074]
 [0.51094271 0.51093158 0.51109232 0.51151394 0.51274861 0.51314609
  0.51310658 0.51395159 0.51467968 0.51507905 0.51562235 0.51627311
  0.5168142  0.51755755 0.51822809 0.51906037 0.51995391 0.52094453
  0.52211804 0.52353357 0.52582167 0.52730935 0.52982516 0.53308866
  0.53739617 0.54310325 0.54601304 0.54471542 0.54334969 0.54177825]
 [0.72273926 0.72686687 0.73692268 0.68392783 0.69466754 0.70325628
  0.71188804 0.71980021 0.72485974 0.72743733 0.7296189  0.72912358
  0.72821111 0.72164078 0.72019359 0.71820211 0.71699693 0.71742121
  0.7190506  0.72270791 0.73102878 0.73735997 0.74903991 0.76192904
  0.77438828 0.79040881 0.81299166 0.84716618 0.89494952 0.91659409]
 [0.         0.         0.         0.         0.         0.
  0.         0.         0.         0.         0.         0.
  0.         0.         0.         0.05       0.05       0.05
  0.05       0.05       0.05       0.05       0.05       0.05
  0.05       0.05       0.04       0.05       0.05       0.05      ]
 [0.         0.         0.         0.         0.         0.
  0.         0.         0.         0.         0.         0.
  0.         0.         0.         0.         0.         0.
  0.         0.         0.         0.         0.         0.
  0.         0.         0.         0.         0.         0.        ]
 [0.         0.         0.         0.         0.         0.
  0.         0.         0.         0.         0.         0.
  0.         0.         0.         0.         0.         0.
  0.         0.         0.         0.         0.         0.
  0.         0.         0.         0.         0.         0.        ]
 [0.         0.         0.         0.         0.         0.
  0.         0.         0.         0.         0.         0.
  0.         0.         0.         0.         0.         0.
  0.         0.         0.         0.         0.         0.
  0.         0.         0.         0.         0.         0.        ]
 [0.         0.         0.         0.         0.         0.
  0.         0.         0.         0.         0.         0.
  0.         0.         0.         0.         0.         0.
  0.         0.         0.         0.         0.         0.
  0.         0.         0.         0.         0.         0.        ]
 [0.         0.         0.         0.         0.         0.
  0.         0.         0.         0.         0.         0.
  0.         0.         0.         0.         0.         0.
  0.         0.         0.         0.         0.         0.
  0.         0.         0.         0.         0.         0.        ]
 [0.         0.         0.         0.         0.         0.
  0.         0.         0.         0.         0.         0.
  0.         0.         0.         0.         0.         0.
  0.         0.         0.         0.         0.         0.
  0.         0.         0.         0.         0.         0.        ]]","2D array of the non-dimensional start point defined along the outer profile of a layer. The TE suction side is 0, the TE pressure side is 1. The first dimension represents each layer, the second dimension represents each entry along blade span."
rotorse.rs.brs.layer_end_nd,intermediate,,"[[1.         1.         1.         1.         1.         1.
  1.         1.         1.         1.         1.         1.
  1.         1.         1.         1.         1.         1.
  1.         1.         1.         1.         1.         1.
  1.         1.         1.         1.         1.         1.        ]
 [1.         1.         1.         1.         1.         1.
  1.         1.         1.         1.         1.         1.
  1.         1.         1.         1.         1.         1.
  1.         1.         1.         1.         1.         1.
  1.         1.         1.         1.         1.         1.        ]
 [0.22272986 0.22632952 0.22948212 0.30080193 0.31138242 0.32272784
  0.33028459 0.33580147 0.33842316 0.33783338 0.33690305 0.33920465
  0.34192828 0.35209392 0.35827412 0.36697208 0.37551861 0.38277512
  0.38964944 0.39578046 0.40279588 0.40631466 0.41134025 0.41753853
  0.41993132 0.42260813 0.42604197 0.43129105 0.43340579 0.41037074]
 [0.72273926 0.72686687 0.73692268 0.68392783 0.69466754 0.70325628
  0.71188804 0.71980021 0.72485974 0.72743733 0.7296189  0.72912358
  0.72821111 0.72164078 0.72019359 0.71820211 0.71699693 0.71742121
  0.7190506  0.72270791 0.73102878 0.73735997 0.74903991 0.76192904
  0.77438828 0.79040881 0.81299166 0.84716618 0.89494952 0.91659409]
 [0.19443411 0.19789619 0.1995814  0.20542464 0.21272282 0.2220171
  0.22991051 0.23619816 0.24018571 0.24176774 0.24321802 0.24714692
  0.25147187 0.26147185 0.26715623 0.27388979 0.28019577 0.28503635
  0.289098   0.31451629 0.43708299 0.32075803 0.29305679 0.29210644
  0.29106461 0.28898449 0.28527264 0.2791944  0.26861133 0.24523263]
 [0.69444351 0.69843353 0.70702196 0.71607859 0.72704187 0.73490281
  0.74127057 0.74679934 0.74912851 0.748806   0.74793476 0.74442439
  0.74042431 0.73076654 0.7260795  0.72058973 0.71546943 0.71150765
  0.70813245 0.72863539 0.84873656 0.73279862 0.70762202 0.70993719
  0.71208585 0.71470344 0.71851623 0.72434806 0.73434916 0.75672069]
 [0.51094271 0.51093158 0.51109232 0.51151394 0.51274861 0.51314609
  0.51310658 0.51395159 0.51467968 0.51507905 0.51562235 0.51627311
  0.5168142  0.51755755 0.51822809 0.51906037 0.51995391 0.52094453
  0.52211804 0.52353357 0.52582167 0.52730935 0.52982516 0.53308866
  0.53739617 0.54310325 0.54601304 0.54471542 0.54334969 0.54177825]
 [0.04074588 0.04104707 0.0434308  0.04611344 0.04943663 0.05219928
  0.0544146  0.05602713 0.05743132 0.05810475 0.05834802 0.05906711
  0.05987781 0.06224915 0.0651135  0.06952397 0.07480996 0.07512292
  0.07497596 0.07492002 0.07503121 0.07514177 0.07529579 0.07521149
  0.06994391 0.06972475 0.06954861 0.06934638 0.06918735 0.06887597]
 [1.         1.         1.         1.         1.         1.
  1.         1.         1.         1.         1.         1.
  1.         1.         1.         1.         1.         1.
  1.         1.         1.         1.         1.         1.
  1.         1.         1.         1.         1.         1.        ]
 [0.16613836 0.16946286 0.16968068 0.23759495 0.2439899  0.25193115
  0.25766523 0.26174662 0.2633434  0.26210837 0.26061866 0.2616315
  0.26295985 0.26995749 0.2725209  0.27588271 0.27838647 0.27891556
  0.27802616 0.2750634  0.26774667 0.26207131 0.25166728 0.23859669
  0.22787547 0.21289915 0.19074836 0.15633559 0.10381686 0.08009451]
 [0.48905595 0.48893839 0.48796411 0.48706864 0.48668455 0.48576547
  0.48502104 0.48531088 0.48564258 0.4857924  0.48611936 0.48627169
  0.48627317 0.48579129 0.48506303 0.48383156 0.48238805 0.48077685
  0.47894774 0.47684624 0.47359139 0.47152324 0.46807164 0.4638829
  0.45854522 0.4511866  0.44595877 0.44467843 0.44324233 0.44179699]
 [0.66614777 0.6700002  0.67712123 0.62072086 0.62727502 0.63245959
  0.63926867 0.64574535 0.64977998 0.65171232 0.65333451 0.65155042
  0.64924268 0.63950434 0.63444037 0.62711273 0.61986479 0.61356165
  0.60742732 0.60199085 0.59597957 0.59311662 0.58936694 0.58623052
  0.58444769 0.58188815 0.57826958 0.57270573 0.57374879 0.59684729]
 [0.95925412 0.95895293 0.9565692  0.95388656 0.95056337 0.94780072
  0.9455854  0.94397287 0.94256868 0.94189525 0.94165198 0.94093289
  0.94012219 0.93775085 0.9348865  0.93047603 0.92519004 0.92487708
  0.92502404 0.92507998 0.92496879 0.92485823 0.92470421 0.92478851
  0.93005609 0.93027525 0.93045139 0.93065362 0.93081265 0.93112403]
 [1.         1.         1.         1.         1.         1.
  1.         1.         1.         1.         1.         1.
  1.         1.         1.         0.95       0.95       0.95
  0.95       0.95       0.95       0.95       0.95       0.95
  0.95       0.95       0.95       0.95       0.95       0.95      ]
 [0.         0.         0.         0.         0.         0.
  0.         0.         0.         0.         0.         0.
  0.         0.         0.         0.         0.         0.
  0.         0.         0.         0.         0.         0.
  0.         0.         0.         0.         0.         0.        ]
 [0.         0.         0.         0.         0.         0.
  0.         0.         0.         0.         0.         0.
  0.         0.         0.         0.         0.         0.
  0.         0.         0.         0.         0.         0.
  0.         0.         0.         0.         0.         0.        ]
 [0.         0.         0.         0.         0.         0.
  0.         0.         0.         0.         0.         0.
  0.         0.         0.         0.         0.         0.
  0.         0.         0.         0.         0.         0.
  0.         0.         0.         0.         0.         0.        ]
 [0.         0.         0.         0.         0.         0.
  0.         0.         0.         0.         0.         0.
  0.         0.         0.         0.         0.         0.
  0.         0.         0.         0.         0.         0.
  0.         0.         0.         0.         0.         0.        ]
 [0.         0.         0.         0.         0.         0.
  0.         0.         0.         0.         0.         0.
  0.         0.         0.         0.         0.         0.
  0.         0.         0.         0.         0.         0.
  0.         0.         0.         0.         0.         0.        ]
 [0.         0.         0.         0.         0.         0.
  0.         0.         0.         0.         0.         0.
  0.         0.         0.         0.         0.         0.
  0.         0.         0.         0.         0.         0.
  0.         0.         0.         0.         0.         0.        ]]","2D array of the non-dimensional end point defined along the outer profile of a layer. The TE suction side is 0, the TE pressure side is 1. The first dimension represents each layer, the second dimension represents each entry along blade span."
rotorse.rs.brs.root_M,intermediate,N*m,[ 11279255.52607767 -48525084.32477351        -0.        ],Blade root moment in blade c.s.
rotorse.rs.constr.strainU_spar,intermediate,,"[ 7.96226857e-04 -7.25641348e-04  2.88759731e-04  3.85719745e-04
  2.45857591e-05 -1.12243347e-04 -2.07880434e-04 -2.81501760e-04
 -3.80248817e-04 -4.65616643e-04 -4.99584114e-04 -5.07853629e-04
 -5.01772830e-04 -4.65031848e-04 -4.24584865e-04 -3.86379301e-04
 -3.35924762e-04 -2.86132830e-04 -2.32028123e-04 -1.75473950e-04
 -1.28070187e-04 -5.26132316e-05  1.52761310e-05  1.06159600e-04
  1.80025363e-04  2.66799026e-04  3.45890694e-04  3.77985286e-04
  2.94657393e-04 -3.80657626e-07]","strain in spar cap on upper surface at location xu,yu_strain with loads P_strain"
rotorse.rs.constr.strainL_spar,intermediate,,"[ 7.96226857e-04 -7.25641348e-04  2.88759731e-04  3.85719745e-04
  2.45857591e-05 -1.12243347e-04 -2.07880434e-04 -2.81501760e-04
 -3.80248817e-04 -4.65616643e-04 -4.99584114e-04 -5.07853629e-04
 -5.01772830e-04 -4.65031848e-04 -4.24584865e-04 -3.86379301e-04
 -3.35924762e-04 -2.86132830e-04 -2.32028123e-04 -1.75473950e-04
 -1.28070187e-04 -5.26132316e-05  1.52761310e-05  1.06159600e-04
  1.80025363e-04  2.66799026e-04  3.45890694e-04  3.77985286e-04
  2.94657393e-04 -3.80657626e-07]","strain in spar cap on lower surface at location xl,yl_strain with loads P_strain"
rotorse.rs.constr.strainU_te,intermediate,,"[ 7.96226857e-04 -7.25641348e-04  2.88759731e-04  3.85719745e-04
  2.45857591e-05 -1.12243347e-04 -2.07880434e-04 -2.81501760e-04
 -3.80248817e-04 -4.65616643e-04 -4.99584114e-04 -5.07853629e-04
 -5.01772830e-04 -4.65031848e-04 -4.24584865e-04 -3.86379301e-04
 -3.35924762e-04 -2.86132830e-04 -2.32028123e-04 -1.75473950e-04
 -1.28070187e-04 -5.26132316e-05  1.52761310e-05  1.06159600e-04
  1.80025363e-04  2.66799026e-04  3.45890694e-04  3.77985286e-04
  2.94657393e-04 -3.80657626e-07]","strain in trailing edge on upper surface at location xu,yu_strain with loads P_strain"
rotorse.rs.constr.strainL_te,intermediate,,"[ 7.96226857e-04 -7.25641348e-04  2.88759731e-04  3.85719745e-04
  2.45857591e-05 -1.12243347e-04 -2.07880434e-04 -2.81501760e-04
 -3.80248817e-04 -4.65616643e-04 -4.99584114e-04 -5.07853629e-04
 -5.01772830e-04 -4.65031848e-04 -4.24584865e-04 -3.86379301e-04
 -3.35924762e-04 -2.86132830e-04 -2.32028123e-04 -1.75473950e-04
 -1.28070187e-04 -5.26132316e-05  1.52761310e-05  1.06159600e-04
  1.80025363e-04  2.66799026e-04  3.45890694e-04  3.77985286e-04
  2.94657393e-04 -3.80657626e-07]","strain in trailing edge on lower surface at location xl,yl_strain with loads P_strain"
rotorse.s,intermediate,,"[0.         0.03448276 0.06896552 0.10344828 0.13793103 0.17241379
 0.20689655 0.24137931 0.27586207 0.31034483 0.34482759 0.37931034
 0.4137931  0.44827586 0.48275862 0.51724138 0.55172414 0.5862069
 0.62068966 0.65517241 0.7        0.72413793 0.75862069 0.79310345
 0.82758621 0.86206897 0.89655172 0.93103448 0.96551724 1.        ]","1D array of the non-dimensional spanwise grid defined along blade axis (0-blade root, 1-blade tip)"
rotorse.rs.constr.rated_Omega,intermediate,rpm,[7.88077303],rotor rotation speed at rated
rotorse.rs.constr.flap_mode_freqs,intermediate,Hz,[0.62077737 1.63187701 3.14756648 4.99609647 7.59739626],Frequencies associated with mode shapes in the flap direction
rotorse.rs.constr.edge_mode_freqs,intermediate,Hz,[ 0.90625768  2.79347646  5.60115732  9.58111688 14.2116001 ],Frequencies associated with mode shapes in the edge direction
rotorse.rs.constr.tors_mode_freqs,intermediate,Hz,[22.73373429  0.          0.          0.          0.        ],Frequencies associated with mode shapes in the torsional direction
rotorse.blade_span_cg,output,m,[28.14211053],Distance along the blade span for its center of gravity
rotorse.rs.x_az,output,m,"[ 0.          0.01458961  0.05222308  0.10814189  0.1742505   0.24113677
  0.30008558  0.34265121  0.35982107  0.34758647  0.3145081   0.26685814
  0.21087049  0.1404773   0.03804705 -0.09075292 -0.23512381 -0.39413733
 -0.58577711 -0.80529181 -1.1155553  -1.29121723 -1.5637297  -1.85903588
 -2.17067421 -2.49837779 -2.84335536 -3.20952152 -3.59684443 -4.        ]",location of blade in azimuth x-coordinate system (prebend)
rotorse.rs.y_az,output,m,"[0. 0. 0. 0. 0. 0. 0. 0. 0. 0. 0. 0. 0. 0. 0. 0. 0. 0. 0. 0. 0. 0. 0. 0.
 0. 0. 0. 0. 0. 0.]",location of blade in azimuth y-coordinate system (sweep)
rotorse.rs.z_az,output,m,"[  3.           6.44814717   9.89629433  13.3444415   16.79258866
  20.24073583  23.68888299  27.13703016  30.58517733  34.03332449
  37.48147166  40.92961882  44.37776599  47.82591316  51.27406032
  54.72220749  58.17035465  61.61850182  65.06664898  68.51479615
  72.99738747  75.41109048  78.85923765  82.30738481  85.75553198
  89.20367915  92.65182631  96.09997348  99.54812064 102.99626781]",location of blade in azimuth z-coordinate system (from root to tip)
rotorse.rs.frame.Px_af,intermediate,N/m,"[ 1269.64460835  1330.15525553  1581.3419442   2071.21157464
  2703.98842251  3252.20290967  3715.36290141  4281.70048656
  4972.15253043  5867.45085485  6894.59530308  8240.35196845
  9918.81015492 11203.02034304 12080.42787278 12591.02066193
 12964.19838317 13196.48055263 13282.60376911 13221.0357792
 14045.77837984 12787.72584377 12587.22707551 12300.37028235
 11704.42981053 10836.58726074  9741.13311928  8361.93010162
  6631.64054915  4381.64246612]",distributed load (force per unit length) in airfoil x-direction
rotorse.rs.frame.Py_af,intermediate,N/m,"[  620.59506404   651.71134611   477.97425751   102.25355935
  -446.72566859  -800.6606725  -1008.49475856 -1196.26495315
 -1388.22182527 -1614.77033049 -1838.22012741 -2132.73280895
 -2450.83185848 -2578.24748755 -2610.86497871 -2627.88541959
 -2643.38815376 -2618.32558324 -2559.49597333 -2490.15223848
 -2316.63388957 -2389.90324967 -2422.45552351 -2478.44204754
 -2478.53212497 -2375.61297315 -2186.62352676 -1911.26687983
 -1528.17909244 -1017.10096303]",distributed load (force per unit length) in airfoil y-direction
rotorse.rs.frame.Pz_af,intermediate,N/m,"[-17576.8664126   -9993.88504441  -4580.21791262   -889.75456249
   1613.60782437   3220.42794034   4382.39392836   5258.65267867
   5987.54137119   6678.87291757   7398.50726996   8106.52144653
   8791.0438525    9268.21052749   9579.89404166   9468.18036532
   9288.82675298   8838.72819525   8251.81821463   7629.95223768
  15661.41491139   6186.7951381    5394.25687332   4638.39415876
   3797.47856942   3092.06234672   2470.75782819   1853.45354899
   1283.07640145    600.26227057]",distributed load (force per unit length) in airfoil z-direction
rotorse.A,output,m**2,"[1.17332119 0.9608292  0.96686886 1.13578697 0.96686706 0.85845901
 0.7969249  0.75178074 0.71990822 0.69907318 0.68152346 0.6579052
 0.63172439 0.58984143 0.54109907 0.4796112  0.4208154  0.36628302
 0.31400548 0.26528499 0.32478768 0.18003545 0.14303264 0.11139251
 0.08430231 0.06147231 0.04338115 0.02873851 0.01772551 0.00628551]",airfoil cross section material area
rotorse.EA,output,N,"[3.27477995e+10 2.91267640e+10 2.55387639e+10 2.23313642e+10
 1.97745001e+10 1.85207068e+10 1.78423671e+10 1.73092746e+10
 1.67828174e+10 1.62115680e+10 1.56076424e+10 1.49331941e+10
 1.41973558e+10 1.33499285e+10 1.24867579e+10 1.15028596e+10
 1.05885988e+10 9.60293992e+09 8.65351608e+09 7.77564184e+09
 9.96972176e+09 6.13091078e+09 5.36294237e+09 4.62152898e+09
 3.75351372e+09 2.99845965e+09 2.32890830e+09 1.71765200e+09
 1.13566459e+09 4.94767164e+08]",axial stiffness
rotorse.EIxx,output,N*m**2,"[7.98109529e+10 6.57985978e+10 5.43166126e+10 4.55420708e+10
 3.64547034e+10 3.08015427e+10 2.70949804e+10 2.42760725e+10
 2.23825770e+10 2.11368420e+10 2.02750923e+10 1.93665366e+10
 1.83674982e+10 1.68029369e+10 1.46599086e+10 1.17459405e+10
 9.39365421e+09 7.12056819e+09 5.23629605e+09 3.76700746e+09
 3.15066699e+09 1.83654676e+09 1.24658736e+09 8.25346402e+08
 4.97654798e+08 2.93665790e+08 1.64106107e+08 8.31961100e+07
 3.51134861e+07 5.89298422e+06]",edgewise stiffness (bending about :ref:`x-axis of airfoil aligned coordinate system <blade_airfoil_coord>`)
rotorse.EIyy,output,N*m**2,"[7.98078947e+10 7.56095722e+10 5.64505482e+10 3.86452581e+10
 2.51575960e+10 1.73444036e+10 1.37503133e+10 1.08919744e+10
 8.88178764e+09 7.66710379e+09 6.75084631e+09 5.88395277e+09
 5.12247024e+09 4.29423939e+09 3.51864373e+09 2.76860514e+09
 2.15206165e+09 1.65345252e+09 1.24832435e+09 9.23920523e+08
 8.31528443e+08 4.62861810e+08 3.09116855e+08 1.93992582e+08
 1.09541374e+08 5.68930261e+07 2.65579608e+07 1.03285134e+07
 2.89942986e+06 4.09179978e+05]",flapwise stiffness (bending about y-axis of airfoil aligned coordinate system)
rotorse.EIxy,output,N*m**2,"[ 6.85673811e+05  4.10495413e+09  5.37938227e+09  4.18791507e+09
  3.52186766e+09  2.55223156e+09  1.79445189e+09  1.21092674e+09
  9.23259797e+08  8.77987673e+08  8.57348910e+08  8.17966109e+08
  7.66147904e+08  6.70798316e+08  5.36677644e+08  3.90502233e+08
  2.75281161e+08  1.80858454e+08  1.13160254e+08  6.66586340e+07
  4.93213440e+07  1.62401319e+07  3.90956001e+06 -3.13043327e+06
 -4.63106685e+06 -3.69508292e+06 -2.23226838e+06 -1.06775211e+06
 -6.39427882e+05 -1.37288075e+05]",coupled flap-edge stiffness
rotorse.GJ,output,N*m**2,"[4.66985924e+10 3.76461457e+10 5.46878435e+10 4.04854199e+10
 2.46241734e+10 1.56704059e+10 1.12225964e+10 7.82455283e+09
 5.78305253e+09 4.78400299e+09 4.19154705e+09 3.62163999e+09
 3.14811651e+09 2.50909489e+09 1.94926234e+09 1.32627575e+09
 9.03759376e+08 6.44224538e+08 4.38918582e+08 2.89162811e+08
 2.01627138e+08 1.13563660e+08 6.53368901e+07 3.52194465e+07
 1.78344808e+07 8.30402103e+06 3.68146413e+06 1.36978630e+06
 3.99178515e+05 6.86942891e+04]",torsional stiffness (about axial z-direction of airfoil aligned coordinate system)
rotorse.rhoA,output,kg/m,"[2266.06551636 1848.16860789 1498.64975901 1261.07951291  981.70483783
  806.90999991  691.62655437  605.90809945  543.40738098  500.03112154
  471.35442404  449.4384939   431.42435785  408.13592341  382.68387699
  346.05508507  312.86802943  276.14401815  240.47703009  208.33627979
  395.10322972  149.98918736  123.87460274  101.17891537   78.87936572
   61.30489323   46.8638123    33.70111622   22.40296598   10.07607403]",mass per unit length
rotorse.rhoJ,output,kg*m,"[1.10478219e+04 8.98356159e+03 6.55560677e+03 4.62304756e+03
 3.09123674e+03 2.26985214e+03 1.82821190e+03 1.51675794e+03
 1.31326492e+03 1.18869702e+03 1.11056674e+03 1.03754075e+03
 9.73075519e+02 8.68875089e+02 7.52751741e+02 5.97239936e+02
 4.73426585e+02 3.61713750e+02 2.68430014e+02 1.94284325e+02
 1.92332089e+02 9.36037242e+01 6.19683606e+01 3.93779322e+01
 2.30401711e+01 1.29330179e+01 6.74005907e+00 3.01096619e+00
 1.09895411e+00 1.84573555e-01]",polar mass moment of inertia per unit length
rotorse.x_ec,output,m,"[-3.12732187e-16  4.12202553e-06 -1.96224809e-05 -1.62930072e-03
 -1.73872585e-03 -1.58015384e-03 -1.32236358e-03 -9.01253227e-04
 -5.91105925e-04 -3.99506307e-04 -2.75050741e-04 -1.91629635e-04
 -1.38000101e-04 -1.40461861e-04 -1.78825615e-04 -1.98363406e-04
 -1.18175401e-04 -2.02548618e-04 -1.94218528e-04 -1.40645880e-04
 -7.06821795e-05 -1.42136549e-04 -1.40036578e-04 -1.42809748e-04
 -1.35804617e-04 -1.27207820e-04 -1.19396119e-04 -1.11398754e-04
 -1.00794370e-04  1.04083409e-17]",x-distance to elastic center from point about which above structural properties are computed (airfoil aligned coordinate system)
rotorse.y_ec,output,m,"[ 1.59919820e-18  5.09111645e-04  6.90110362e-03  1.23987078e-02
  1.86122627e-02  2.18964608e-02  2.07873553e-02  1.64841334e-02
  1.43976887e-02  1.50548548e-02  1.78288315e-02  2.03691727e-02
  2.19462039e-02  2.17151773e-02  1.98902472e-02  1.52380703e-02
 -3.28122271e-03  7.42126396e-03  4.44431729e-03 -1.72920880e-03
 -9.71183022e-04 -1.09826311e-03 -8.71662349e-04 -6.81474866e-04
 -5.27520194e-04 -4.16405236e-04 -3.52550156e-04 -3.24908573e-04
 -3.64278888e-04  0.00000000e+00]",y-distance to elastic center from point about which above structural properties are computed
rotorse.rs.strains.EI11,intermediate,N*m**2,"[7.98077480e+10 6.43076377e+10 4.98986757e+10 3.66676869e+10
 2.41486828e+10 1.68760566e+10 1.35129358e+10 1.07832008e+10
 8.81890124e+09 7.61008509e+09 6.69668215e+09 5.83447930e+09
 5.07827245e+09 4.25834708e+09 3.49283549e+09 2.75164234e+09
 2.14161222e+09 1.64747412e+09 1.24511508e+09 9.22358433e+08
 8.30479970e+08 4.62669739e+08 3.09100452e+08 1.93976962e+08
 1.09486047e+08 5.68353210e+07 2.65217064e+07 1.03128475e+07
 2.88672938e+06 4.05745096e+05]",stiffness w.r.t principal axis 1
rotorse.rs.strains.EI22,intermediate,N*m**2,"[7.98110996e+10 7.71005247e+10 6.08672689e+10 4.75161498e+10
 3.74567066e+10 3.12609637e+10 2.73246168e+10 2.43801286e+10
 2.24419786e+10 2.11901838e+10 2.03242941e+10 1.94098137e+10
 1.84048577e+10 1.68325338e+10 1.46807764e+10 1.17602319e+10
 9.40398950e+09 7.12601731e+09 5.23933407e+09 3.76854614e+09
 3.15170601e+09 1.83673131e+09 1.24659959e+09 8.25359781e+08
 4.97709011e+08 2.93722926e+08 1.64142039e+08 8.32115732e+07
 3.51260243e+07 5.89641911e+06]",stiffness w.r.t principal axis 2
rotorse.rs.strains.alpha,intermediate,deg,"[12.07607196 70.03856877 50.61244597 25.2740571  15.98182112 10.39481079
  7.53255577  5.1311713   3.89563085  3.71513271  3.61453237  3.46094973
  3.30143273  3.06258813  2.75290045  2.48698782  2.17385565  1.8929847
  1.62422442  1.3423387   1.21776889  0.67720608  0.23889769 -0.28412133
 -0.68357928 -0.89390965 -0.92956919 -0.83938375 -1.1367657  -1.43321375]",Angle between blade c.s. and principal axes
rotorse.rs.strains.M1,intermediate,N*m,"[-3.37728312e+07 -3.17222406e+07 -1.83046290e+07 -3.06708934e+07
 -3.51487039e+07 -3.42910302e+07 -3.22319654e+07 -2.97195701e+07
 -2.70523434e+07 -2.44374416e+07 -2.19347570e+07 -1.95301615e+07
 -1.72356483e+07 -1.50667719e+07 -1.30342372e+07 -1.11468204e+07
 -9.41128413e+06 -7.83237170e+06 -6.41200161e+06 -5.14840436e+06
 -3.74305482e+06 -3.07876766e+06 -2.25002385e+06 -1.56315291e+06
 -1.01548584e+06 -6.00602034e+05 -3.07294731e+05 -1.21173651e+05
 -2.54178529e+04  4.76986202e+00]",distribution along blade span of bending moment w.r.t principal axis 1
rotorse.rs.strains.M2,intermediate,N*m,"[ 3.66238028e+07  3.44856438e+07  3.99172745e+07  2.72020681e+07
  1.47267008e+07  8.22628786e+06  3.92165708e+06  9.37597665e+05
 -8.65463265e+05 -1.33837939e+06 -1.20544868e+06 -1.05366699e+06
 -9.19785271e+05 -8.15593599e+05 -7.74937345e+05 -7.72240258e+05
 -7.62974149e+05 -7.23523045e+05 -6.52957442e+05 -5.70751524e+05
 -4.48542969e+05 -4.08184577e+05 -3.36276790e+05 -2.67950164e+05
 -1.97841216e+05 -1.28771617e+05 -7.02561787e+04 -2.90349416e+04
 -6.49757611e+03  1.12036760e-01]",distribution along blade span of bending moment w.r.t principal axis 2
rotorse.rs.strains.F3,intermediate,N,"[4.63448717e+05 5.10982708e+05 5.36109525e+05 5.45540157e+05
 5.44292181e+05 5.35957950e+05 5.22850129e+05 5.06228260e+05
 4.86839000e+05 4.65001177e+05 4.40730744e+05 4.13998940e+05
 3.84866301e+05 3.53730828e+05 3.21235318e+05 2.88395046e+05
 2.56056595e+05 2.24803366e+05 1.95338015e+05 1.67956682e+05
 1.15753855e+05 8.93863197e+04 6.94197404e+04 5.21227182e+04
 3.75786568e+04 2.57005848e+04 1.61098762e+04 8.65461985e+03
 3.24701337e+03 1.14141585e-10]",axial resultant along blade span
rotorse.xu_spar,output,,"[ 6.97692885e-06  1.89197585e-02 -4.20011816e-03 -6.87227062e-02
 -6.59101329e-02 -6.71688949e-02 -7.05002232e-02 -6.19338783e-02
 -4.99926357e-02 -3.85495845e-02 -2.65560350e-02 -1.66661368e-02
 -9.74448560e-03 -6.97592682e-03 -8.23033828e-03 -1.17060905e-02
 -1.64122673e-02 -2.10597872e-02 -2.58138169e-02 -3.01801772e-02
 -2.85464988e-02 -3.66081413e-02 -3.88651802e-02 -4.16233223e-02
 -4.15614003e-02 -4.15839332e-02 -4.12114640e-02 -3.91953299e-02
 -3.41974871e-02 -2.67688934e-02]",x-position of midpoint of spar cap on upper surface for strain calculation
rotorse.xl_spar,output,,"[ 6.97692885e-06  1.89197585e-02 -4.20011816e-03 -6.87227062e-02
 -6.59101329e-02 -6.71688949e-02 -7.05002232e-02 -6.19338783e-02
 -4.99926357e-02 -3.85495845e-02 -2.65560350e-02 -1.66661368e-02
 -9.74448560e-03 -6.97592682e-03 -8.23033828e-03 -1.17060905e-02
 -1.64122673e-02 -2.10597872e-02 -2.58138169e-02 -3.01801772e-02
 -2.85464988e-02 -3.66081413e-02 -3.88651802e-02 -4.16233223e-02
 -4.15614003e-02 -4.15839332e-02 -4.12114640e-02 -3.91953299e-02
 -3.41974871e-02 -2.67688934e-02]",x-position of midpoint of spar cap on lower surface for strain calculation
rotorse.yu_spar,output,,"[-2.24985417 -2.24133148 -2.31195528 -2.1261682  -2.07416406 -2.04780663
 -2.03410574 -2.02928712 -2.04190823 -2.06678871 -2.10040576 -2.09068631
 -2.06911001 -1.95084085 -1.85172844 -1.69293987 -1.54889785 -1.40305762
 -1.26503611 -1.14179554 -1.02912454 -0.93570629 -0.84851651 -0.76592242
 -0.68201451 -0.60072188 -0.52048982 -0.43936316 -0.35686171 -0.24016097]",y-position of midpoint of spar cap on upper surface for strain calculation
rotorse.yl_spar,output,,"[-2.24985417 -2.24133148 -2.31195528 -2.1261682  -2.07416406 -2.04780663
 -2.03410574 -2.02928712 -2.04190823 -2.06678871 -2.10040576 -2.09068631
 -2.06911001 -1.95084085 -1.85172844 -1.69293987 -1.54889785 -1.40305762
 -1.26503611 -1.14179554 -1.02912454 -0.93570629 -0.84851651 -0.76592242
 -0.68201451 -0.60072188 -0.52048982 -0.43936316 -0.35686171 -0.24016097]",y-position of midpoint of spar cap on lower surface for strain calculation
rotorse.xu_te,output,,"[ 6.97692885e-06  1.89197585e-02 -4.20011816e-03 -6.87227062e-02
 -6.59101329e-02 -6.71688949e-02 -7.05002232e-02 -6.19338783e-02
 -4.99926357e-02 -3.85495845e-02 -2.65560350e-02 -1.66661368e-02
 -9.74448560e-03 -6.97592682e-03 -8.23033828e-03 -1.17060905e-02
 -1.64122673e-02 -2.10597872e-02 -2.58138169e-02 -3.01801772e-02
 -2.85464988e-02 -3.66081413e-02 -3.88651802e-02 -4.16233223e-02
 -4.15614003e-02 -4.15839332e-02 -4.12114640e-02 -3.91953299e-02
 -3.41974871e-02 -2.67688934e-02]",x-position of midpoint of trailing-edge panel on upper surface for strain calculation
rotorse.xl_te,output,,"[ 6.97692885e-06  1.89197585e-02 -4.20011816e-03 -6.87227062e-02
 -6.59101329e-02 -6.71688949e-02 -7.05002232e-02 -6.19338783e-02
 -4.99926357e-02 -3.85495845e-02 -2.65560350e-02 -1.66661368e-02
 -9.74448560e-03 -6.97592682e-03 -8.23033828e-03 -1.17060905e-02
 -1.64122673e-02 -2.10597872e-02 -2.58138169e-02 -3.01801772e-02
 -2.85464988e-02 -3.66081413e-02 -3.88651802e-02 -4.16233223e-02
 -4.15614003e-02 -4.15839332e-02 -4.12114640e-02 -3.91953299e-02
 -3.41974871e-02 -2.67688934e-02]",x-position of midpoint of trailing-edge panel on lower surface for strain calculation
rotorse.yu_te,output,,"[-2.24985417 -2.24133148 -2.31195528 -2.1261682  -2.07416406 -2.04780663
 -2.03410574 -2.02928712 -2.04190823 -2.06678871 -2.10040576 -2.09068631
 -2.06911001 -1.95084085 -1.85172844 -1.69293987 -1.54889785 -1.40305762
 -1.26503611 -1.14179554 -1.02912454 -0.93570629 -0.84851651 -0.76592242
 -0.68201451 -0.60072188 -0.52048982 -0.43936316 -0.35686171 -0.24016097]",y-position of midpoint of trailing-edge panel on upper surface for strain calculation
rotorse.yl_te,output,,"[-2.24985417 -2.24133148 -2.31195528 -2.1261682  -2.07416406 -2.04780663
 -2.03410574 -2.02928712 -2.04190823 -2.06678871 -2.10040576 -2.09068631
 -2.06911001 -1.95084085 -1.85172844 -1.69293987 -1.54889785 -1.40305762
 -1.26503611 -1.14179554 -1.02912454 -0.93570629 -0.84851651 -0.76592242
 -0.68201451 -0.60072188 -0.52048982 -0.43936316 -0.35686171 -0.24016097]",y-position of midpoint of trailing-edge panel on lower surface for strain calculation
rotorse.rs.tip_pos.dx_tip,intermediate,m,[15.39093027],deflection at tip in blade x-direction
rotorse.rs.tip_pos.dy_tip,intermediate,m,[-2.18530702],deflection at tip in blade y-direction
rotorse.rs.tip_pos.dz_tip,intermediate,m,[-0.00199391],deflection at tip in blade z-direction
rotorse.rs.tip_pos.3d_curv_tip,intermediate,deg,[8.66871522],total coning angle including precone and curvature
rotorse.rs.tot_loads_gust.aeroloads_Px,intermediate,N/m,"[  399.97331192   485.77386057   721.05780118  1145.57459239
  1754.87685832  2328.43907069  2855.37968512  3465.44593369
  4142.82560117  4956.85992311  5892.95538595  7137.43656242
  8701.90562487  9887.10559785 10694.74540243 11212.99775493
 11617.53998936 11882.82194642 12002.56949035 12001.54572923
 11858.51123394 11766.52275217 11681.39562114 11522.87387543
 11078.59669016 10339.57712084  9354.37270045  8081.53451065
  6447.55192177  4307.77971493]",distributed loads in blade-aligned x-direction
rotorse.rs.tot_loads_gust.aeroloads_Py,intermediate,N/m,"[   69.9429408    108.46969378  -104.59737827  -572.88251373
 -1224.83693634 -1615.13036267 -1773.3089722  -1902.31893948
 -2091.69420984 -2436.88847804 -2805.31162378 -3289.89629087
 -3845.43067237 -4143.44215302 -4228.06555564 -4200.72389116
 -4140.58747368 -4043.13017135 -3909.93630501 -3751.19404337
 -3521.00763573 -3399.07101693 -3243.5262761  -3076.5350522
 -2851.34664664 -2566.95171755 -2239.85522599 -1861.80354433
 -1419.75374675  -904.47411486]",distributed loads in blade-aligned y-direction
rotorse.rs.tot_loads_gust.aeroloads_Pz,intermediate,N/m,"[0. 0. 0. 0. 0. 0. 0. 0. 0. 0. 0. 0. 0. 0. 0. 0. 0. 0. 0. 0. 0. 0. 0. 0.
 0. 0. 0. 0. 0. 0.]",distributed loads in blade-aligned z-direction
rotorse.rs.tot_loads_gust.aeroloads_Omega,intermediate,rpm,[7.88077303],rotor rotation speed
rotorse.rs.tot_loads_gust.aeroloads_pitch,intermediate,deg,[3.21029004],pitch angle
rotorse.rs.3d_curv,output,deg,"[1.75757473 1.56613347 1.22280224 0.98627999 0.89518913 0.9546546
 1.15666359 1.50372485 1.95899764 2.37646026 2.67067331 2.86097576
 3.04987502 3.43551993 3.92035897 4.26836022 4.51894233 4.91072545
 5.41185868 5.80102602 6.06094891 6.34062796 6.70688153 7.02962787
 7.296611   7.57110956 7.88745863 8.23534516 8.53888039 8.66871522]",total cone angle from precone and curvature
rotorse.split.blade_length,intermediate,m,[100.17549325],blade length
rotorse.split.s,intermediate,,"[0.         0.03448276 0.06896552 0.10344828 0.13793103 0.17241379
 0.20689655 0.24137931 0.27586207 0.31034483 0.34482759 0.37931034
 0.4137931  0.44827586 0.48275862 0.51724138 0.55172414 0.5862069
 0.62068966 0.65517241 0.7        0.72413793 0.75862069 0.79310345
 0.82758621 0.86206897 0.89655172 0.93103448 0.96551724 1.        ]",blade nondimensional span location
rotorse.split.chord,intermediate,m,"[4.5        4.51653455 4.59255455 4.72026865 4.75       4.75
 4.75       4.75       4.75       4.75       4.75       4.7
 4.64       4.48       4.30815493 4.07109567 3.83078655 3.59377787
 3.3535724  3.10972681 2.79010443 2.61780457 2.37255549 2.12536608
 1.87360817 1.6133977  1.34551447 1.07050448 0.78813172 0.5       ]",Chord distribution
rotorse.split.coord_xy_interp,intermediate,,"[[[ 1.00000000e+00 -5.22802288e-16]
  [ 9.99429684e-01 -2.22597407e-02]
  [ 9.98063018e-01 -4.44580349e-02]
  ...
  [ 9.98120489e-01  4.38394581e-02]
  [ 9.99443038e-01  2.19496514e-02]
  [ 1.00000000e+00 -5.26271735e-16]]

 [[ 1.00000000e+00 -4.63811846e-04]
  [ 9.98467173e-01 -2.21760738e-02]
  [ 9.96201019e-01 -4.43513952e-02]
  ...
  [ 9.96776877e-01  4.39179785e-02]
  [ 9.98774657e-01  2.22119245e-02]
  [ 1.00000000e+00  3.03878429e-04]]

 [[ 1.00000000e+00 -3.84926541e-03]
  [ 9.90631439e-01 -2.12435866e-02]
  [ 9.80995553e-01 -4.24457781e-02]
  ...
  [ 9.85613808e-01  4.43560536e-02]
  [ 9.93218520e-01  2.41263074e-02]
  [ 1.00000000e+00  2.83048459e-03]]

 ...

 [[ 1.00000000e+00  2.99243424e-04]
  [ 9.76715850e-01  2.78508494e-03]
  [ 9.52832571e-01  4.62553820e-03]
  ...
  [ 9.52575171e-01  9.64309571e-03]
  [ 9.76267770e-01  4.94496385e-03]
  [ 1.00000000e+00  2.99243424e-04]]

 [[ 1.00000000e+00  7.60311480e-05]
  [ 9.76692547e-01  2.94939444e-03]
  [ 9.52952126e-01  4.97097005e-03]
  ...
  [ 9.52775619e-01  1.06814382e-02]
  [ 9.76380589e-01  5.38373218e-03]
  [ 1.00000000e+00  7.60311480e-05]]

 [[ 1.00000000e+00  1.76276899e-06]
  [ 9.76685164e-01  3.14692752e-03]
  [ 9.53182640e-01  5.22846152e-03]
  ...
  [ 9.52998460e-01  1.22336784e-02]
  [ 9.76506117e-01  6.17134718e-03]
  [ 1.00000000e+00  1.76276899e-06]]]",3D array of the non-dimensional x and y airfoil coordinates of the airfoils interpolated along span for n_span stations.
rotorse.split.web_start_nd,intermediate,,"[[0.19443411 0.19789619 0.1995814  0.29869742 0.31098567 0.32448251
  0.33399992 0.34127527 0.34566252 0.34669277 0.34713247 0.35067402
  0.35439919 0.36569812 0.37274312 0.38232289 0.39148885 0.39896527
  0.40560235 0.41086001 0.41544218 0.4168685  0.41765577 0.4178254
  0.41762105 0.41607536 0.41231162 0.40526033 0.3917786  0.24523263]
 [0.19443411 0.19789619 0.1995814  0.24103292 0.25044234 0.26086146
  0.26853677 0.2740762  0.27663037 0.27598468 0.27477686 0.27596579
  0.27726755 0.28439744 0.28696237 0.29046479 0.29309095 0.2937625
  0.29314104 0.29067678 0.28457176 0.27993725 0.27169063 0.26196135
  0.25052713 0.23573882 0.21583323 0.18757385 0.14241967 0.24523263]]","2D array of the non-dimensional start point defined along the outer profile of a web. The TE suction side is 0, the TE pressure side is 1. The first dimension represents each web, the second dimension represents each entry along blade span."
rotorse.split.web_end_nd,intermediate,,"[[0.69444351 0.69843353 0.70702196 0.62303187 0.62842173 0.63161008
  0.63612392 0.64039419 0.64243713 0.64265738 0.64287487 0.63990423
  0.63666324 0.6260501  0.62026719 0.61224547 0.6045373  0.59812347
  0.59230543 0.58775308 0.58404968 0.58314037 0.58330853 0.58418287
  0.58515575 0.58696589 0.59069424 0.59757143 0.61087894 0.75672069]
 [0.69444351 0.69843353 0.70702196 0.68025763 0.68810309 0.69451453
  0.70133692 0.7078914  0.71197499 0.71396795 0.71585303 0.71515734
  0.7142568  0.70752285 0.70604146 0.70386319 0.70248662 0.7027377
  0.70407455 0.7072081  0.71426697 0.71950425 0.72886409 0.73974775
  0.75193557 0.76675484 0.78613106 0.8134791  0.85758675 0.75672069]]","2D array of the non-dimensional end point defined along the outer profile of a web. The TE suction side is 0, the TE pressure side is 1. The first dimension represents each web, the second dimension represents each entry along blade span."
rotorse.split.layer_thickness,intermediate,m,"[[ 1.00000000e-03  1.00000000e-03  1.00000000e-03  1.00000000e-03
   1.00000000e-03  1.00000000e-03  1.00000000e-03  1.00000000e-03
   1.00000000e-03  1.00000000e-03  1.00000000e-03  1.00000000e-03
   1.00000000e-03  1.00000000e-03  1.00000000e-03  1.00000000e-03
   1.00000000e-03  1.00000000e-03  1.00000000e-03  1.00000000e-03
   1.00000000e-03  1.00000000e-03  1.00000000e-03  1.00000000e-03
   1.00000000e-03  1.00000000e-03  1.00000000e-03  1.00000000e-03
   1.00000000e-03  1.00000000e-03]
 [ 4.10000000e-02  3.30000000e-02  2.60000000e-02  2.00000000e-02
   1.50000000e-02  1.10000000e-02  8.28454072e-03  6.51243402e-03
   5.36207752e-03  4.70247504e-03  4.40263040e-03  4.33154742e-03
   4.35822991e-03  4.35168169e-03  4.30702965e-03  4.21940069e-03
   4.08392168e-03  3.89571952e-03  3.64992111e-03  3.34165333e-03
   2.86491152e-03  2.57935592e-03  2.14614940e-03  1.69211977e-03
   1.22767857e-03  1.00000000e-03  1.00000000e-03  1.00000000e-03
   1.00000000e-03  1.00000000e-03]
 [ 0.00000000e+00  1.03638639e-02  1.80212345e-02  2.53616596e-02
   3.20681938e-02  3.78238917e-02  4.23118077e-02  4.52149966e-02
   4.62165127e-02  4.56952678e-02  4.40301733e-02  4.16001409e-02
   3.87840821e-02  3.59609085e-02  3.35095318e-02  3.13580743e-02
   2.94346583e-02  2.76674064e-02  2.59844408e-02  2.43138839e-02
   2.20549123e-02  2.08042751e-02  1.89850461e-02  1.71360827e-02
   1.52672963e-02  1.33885984e-02  1.15099005e-02  9.63120264e-03
   7.75250477e-03  5.87380689e-03]
 [ 0.00000000e+00  1.24780597e-02  1.76115740e-02  2.27450883e-02
   2.76641755e-02  3.21544085e-02  3.60013601e-02  3.89906033e-02
   4.09077110e-02  4.15382560e-02  4.11017265e-02  3.98176106e-02
   3.79053964e-02  3.55845720e-02  3.30746256e-02  3.05950453e-02
   2.81565527e-02  2.57698696e-02  2.34457177e-02  2.11948185e-02
   1.83968865e-02  1.69556653e-02  1.49623503e-02  1.30321660e-02
   1.11493299e-02  9.29805909e-03  7.46257101e-03  5.62708293e-03
   3.79159485e-03  1.95610677e-03]
 [ 0.00000000e+00  0.00000000e+00  0.00000000e+00  0.00000000e+00
   0.00000000e+00  0.00000000e+00  0.00000000e+00  0.00000000e+00
   0.00000000e+00  0.00000000e+00  0.00000000e+00  0.00000000e+00
   0.00000000e+00  0.00000000e+00  0.00000000e+00  0.00000000e+00
   0.00000000e+00  0.00000000e+00  0.00000000e+00  1.00000000e-03
   3.44239839e-02  1.00000000e-03 -8.13151629e-20  0.00000000e+00
   0.00000000e+00  0.00000000e+00  0.00000000e+00  0.00000000e+00
   0.00000000e+00  0.00000000e+00]
 [ 0.00000000e+00  0.00000000e+00  0.00000000e+00  0.00000000e+00
   0.00000000e+00  0.00000000e+00  0.00000000e+00  0.00000000e+00
   0.00000000e+00  0.00000000e+00  0.00000000e+00  0.00000000e+00
   0.00000000e+00  0.00000000e+00  0.00000000e+00  0.00000000e+00
   0.00000000e+00  0.00000000e+00  0.00000000e+00  1.00000000e-03
   3.44239839e-02  1.00000000e-03 -8.13151629e-20  0.00000000e+00
   0.00000000e+00  0.00000000e+00  0.00000000e+00  0.00000000e+00
   0.00000000e+00  0.00000000e+00]
 [ 0.00000000e+00  0.00000000e+00  6.65003373e-03  8.14812366e-03
   9.64621359e-03  1.11443035e-02  1.26025620e-02  1.39811575e-02
   1.52402586e-02  1.63400338e-02  1.72406517e-02  1.79022807e-02
   1.83276090e-02  1.85193246e-02  1.84801155e-02  1.82126698e-02
   1.77196757e-02  1.70038210e-02  1.61057826e-02  1.50662370e-02
   1.35708454e-02  1.27253309e-02  1.15053236e-02  1.03065158e-02
   9.12537420e-03  7.95836553e-03  6.80195656e-03  5.65261407e-03
   4.50680481e-03  3.36099555e-03]
 [ 0.00000000e+00  0.00000000e+00  2.33432275e-02  2.51480648e-02
   2.69529021e-02  2.87577394e-02  3.05625767e-02  3.23674140e-02
   3.39953792e-02  3.52696003e-02  3.60132052e-02  3.60493218e-02
   3.52010780e-02  3.32916017e-02  3.05938669e-02  2.73808473e-02
   2.39255169e-02  2.05008494e-02  1.73798187e-02  1.48353987e-02
   1.22323494e-02  1.10919834e-02  9.70078471e-03  8.50178952e-03
   7.39889612e-03  6.29600271e-03  5.19310930e-03  4.09021589e-03
   2.98732248e-03 -6.50521303e-19]
 [ 0.00000000e+00  0.00000000e+00  2.33432275e-02  2.51480648e-02
   2.69529021e-02  2.87577394e-02  3.05625767e-02  3.23674140e-02
   3.39953792e-02  3.52696003e-02  3.60132052e-02  3.60493218e-02
   3.52010780e-02  3.32916017e-02  3.05938669e-02  2.73808473e-02
   2.39255169e-02  2.05008494e-02  1.73798187e-02  1.48353987e-02
   1.22323494e-02  1.10919834e-02  9.70078471e-03  8.50178952e-03
   7.39889612e-03  6.29600271e-03  5.19310930e-03  4.09021589e-03
   2.98732248e-03 -6.50521303e-19]
 [ 0.00000000e+00  0.00000000e+00  1.86402175e-02  2.29043857e-02
   2.71685539e-02  3.12820798e-02  3.50943212e-02  3.84546359e-02
   4.12123815e-02  4.32169158e-02  4.43175966e-02  4.46317757e-02
   4.42768050e-02  4.33700364e-02  4.20288217e-02  4.03705128e-02
   3.85124616e-02  3.64638788e-02  3.42339751e-02  3.18319613e-02
   2.84675254e-02  2.65484460e-02  2.36853660e-02  2.07018877e-02
   1.76220907e-02  1.44700547e-02  1.12698594e-02  8.04558436e-03
   4.82130936e-03  1.59703436e-03]
 [ 0.00000000e+00  0.00000000e+00  1.06783227e-02  1.30277497e-02
   1.53771767e-02  1.77266036e-02  2.00760306e-02  2.23436643e-02
   2.44477114e-02  2.63063787e-02  2.78378729e-02  2.89604006e-02
   2.95921686e-02  2.97916789e-02  2.96174332e-02  2.91279335e-02
   2.83816816e-02  2.74371794e-02  2.63529289e-02  2.51106409e-02
   2.32295708e-02  2.20787956e-02  2.02526601e-02  1.81953304e-02
   1.58885175e-02  1.33738018e-02  1.06927639e-02  7.88698432e-03
   4.99804368e-03  2.06752250e-03]
 [ 0.00000000e+00  0.00000000e+00  1.17141324e-02  1.47649473e-02
   1.78157623e-02  2.08665773e-02  2.39173922e-02  2.69682072e-02
   3.00190222e-02  3.29529872e-02  3.56532524e-02  3.80029677e-02
   3.98852833e-02  4.11833493e-02  4.17803156e-02  4.17273646e-02
   4.10756783e-02  3.98764390e-02  3.81808288e-02  3.60400301e-02
   3.26797937e-02  3.06420809e-02  2.75162660e-02  2.41934479e-02
   2.07392943e-02  1.72194730e-02  1.36996517e-02  1.01798304e-02
   6.66000904e-03  3.14018771e-03]
 [ 0.00000000e+00  0.00000000e+00  3.59873815e-02  4.39773438e-02
   5.19673061e-02  5.96302097e-02  6.66389959e-02  7.26666060e-02
   7.73859813e-02  8.04700630e-02  8.15917924e-02  8.09966867e-02
   7.89302631e-02  7.56380387e-02  7.13655306e-02  6.63582560e-02
   6.08617321e-02  5.50357312e-02  4.90400260e-02  4.30343888e-02
   3.54771595e-02  3.16324086e-02  2.65556105e-02  2.18699671e-02
   1.74972473e-02  1.33592202e-02  9.37765500e-03  5.47432071e-03
   1.57098642e-03  1.00000000e-03]
 [ 4.10000000e-02  3.30000000e-02  2.60000000e-02  2.00000000e-02
   1.53156219e-02  1.26140524e-02  1.00892854e-02  7.82972209e-03
   5.92376367e-03  4.45981139e-03  3.52626648e-03  3.01625067e-03
   2.82288569e-03  2.83929329e-03  2.95859519e-03  3.07391313e-03
   3.07836885e-03  2.99303427e-03  2.83898133e-03  2.63728196e-03
   2.33877707e-03  2.17523163e-03  1.95702453e-03  1.75179189e-03
   1.55693882e-03  1.36987043e-03  1.18799183e-03  1.00870812e-03
   1.00000000e-03  1.00000000e-03]
 [ 0.00000000e+00  0.00000000e+00  0.00000000e+00  2.16422907e-03
   2.21016153e-03  2.25609398e-03  2.30202643e-03  2.34795888e-03
   2.38578561e-03  2.40740088e-03  2.40469897e-03  2.36957416e-03
   2.29392070e-03  2.16963289e-03  2.01292217e-03  1.84000000e-03
   1.66707783e-03  1.51036711e-03  1.38607930e-03  1.31042584e-03
   1.27397979e-03  1.27259912e-03  1.29421439e-03  1.33204112e-03
   1.37797357e-03  1.42390602e-03  1.46983847e-03  1.51577093e-03
   1.56170338e-03  1.08420217e-19]
 [ 0.00000000e+00  0.00000000e+00  0.00000000e+00  3.74890612e-02
   3.61172335e-02  3.47454058e-02  3.33630956e-02  3.19598202e-02
   3.05250972e-02  2.90484440e-02  2.75193780e-02  2.59274168e-02
   2.43374498e-02  2.28143666e-02  2.14230569e-02  2.02284101e-02
   1.92953159e-02  1.86886639e-02  1.83467902e-02  1.82080313e-02
   2.00000000e-02  2.00000000e-02  2.00000000e-02  2.00000000e-02
   2.00000000e-02  2.00000000e-02  2.00000000e-02  2.00000000e-02
   2.00000000e-02  6.93889390e-18]
 [ 0.00000000e+00  0.00000000e+00  0.00000000e+00  2.07236417e-03
   2.11829662e-03  2.16422907e-03  2.21016153e-03  2.25609398e-03
   2.30202643e-03  2.34795888e-03  2.38578561e-03  2.40740088e-03
   2.40469897e-03  2.36957416e-03  2.29392070e-03  2.16963289e-03
   2.01292217e-03  1.84000000e-03  1.66707783e-03  1.51036711e-03
   1.35893442e-03  1.31042584e-03  1.27530103e-03  1.27259912e-03
   1.29421439e-03  1.33204112e-03  1.37797357e-03  1.42390602e-03
   1.46983847e-03  1.08420217e-19]
 [ 0.00000000e+00  0.00000000e+00  0.00000000e+00  2.51759997e-03
   2.44512991e-03  2.37265986e-03  2.30018980e-03  2.22771975e-03
   2.15449048e-03  2.07974278e-03  2.00271744e-03  1.92265525e-03
   1.83879698e-03  1.75038343e-03  1.66146746e-03  1.57610193e-03
   1.49833970e-03  1.43223365e-03  1.38183663e-03  1.35120150e-03
   1.33654766e-03  1.33604234e-03  1.34493101e-03  1.36040697e-03
   1.37917659e-03  1.39794620e-03  1.41671582e-03  1.43548543e-03
   1.45425505e-03  2.16840434e-19]
 [ 0.00000000e+00  0.00000000e+00  0.00000000e+00  3.77066146e-02
   3.63461220e-02  3.49856293e-02  3.36139152e-02  3.22197581e-02
   3.07919366e-02  2.93192293e-02  2.77904146e-02  2.61942712e-02
   2.45955568e-02  2.30590296e-02  2.16494473e-02  2.04315680e-02
   2.00000000e-02  2.00000000e-02  2.00000000e-02  2.00000000e-02
   2.00000000e-02  2.00000000e-02  2.00000000e-02  2.00000000e-02
   2.00000000e-02  2.00000000e-02  2.00000000e-02  2.00000000e-02
   2.00000000e-02  6.93889390e-18]
 [ 0.00000000e+00  0.00000000e+00  0.00000000e+00  2.66254008e-03
   2.59007002e-03  2.51759997e-03  2.44512991e-03  2.37265986e-03
   2.30018980e-03  2.22771975e-03  2.15449048e-03  2.07974278e-03
   2.00271744e-03  1.92265525e-03  1.83879698e-03  1.75038343e-03
   1.66146746e-03  1.57610193e-03  1.49833970e-03  1.43223365e-03
   1.37083839e-03  1.35120150e-03  1.33703462e-03  1.33604234e-03
   1.34493101e-03  1.36040697e-03  1.37917659e-03  1.39794620e-03
   1.41671582e-03  6.50521303e-19]]","2D array of the thickness of the layers of the blade structure. The first dimension represents each layer, the second dimension represents each entry along blade span."
rotorse.split.layer_start_nd,intermediate,,"[[0.         0.         0.         0.         0.         0.
  0.         0.         0.         0.         0.         0.
  0.         0.         0.         0.         0.         0.
  0.         0.         0.         0.         0.         0.
  0.         0.         0.         0.         0.         0.        ]
 [0.         0.         0.         0.         0.         0.
  0.         0.         0.         0.         0.         0.
  0.         0.         0.         0.         0.         0.
  0.         0.         0.         0.         0.         0.
  0.         0.         0.         0.         0.         0.        ]
 [0.16613836 0.16946286 0.16968068 0.23759495 0.2439899  0.25193115
  0.25766523 0.26174662 0.2633434  0.26210837 0.26061866 0.2616315
  0.26295985 0.26995749 0.2725209  0.27588271 0.27838647 0.27891556
  0.27802616 0.2750634  0.26774667 0.26207131 0.25166728 0.23859669
  0.22787547 0.21289915 0.19074836 0.15633559 0.10381686 0.08009451]
 [0.66614777 0.6700002  0.67712123 0.62072086 0.62727502 0.63245959
  0.63926867 0.64574535 0.64977998 0.65171232 0.65333451 0.65155042
  0.64924268 0.63950434 0.63444037 0.62711273 0.61986479 0.61356165
  0.60742732 0.60199085 0.59597957 0.59311662 0.58936694 0.58623052
  0.58444769 0.58188815 0.57826958 0.57270573 0.57374879 0.59684729]
 [0.19443411 0.19789619 0.1995814  0.20542464 0.21272282 0.2220171
  0.22991051 0.23619816 0.24018571 0.24176774 0.24321802 0.24714692
  0.25147187 0.26147185 0.26715623 0.27388979 0.28019577 0.28503635
  0.289098   0.2692474  0.15010342 0.26666678 0.29305679 0.29210644
  0.29106461 0.28898449 0.28527264 0.2791944  0.26861133 0.24523263]
 [0.69444351 0.69843353 0.70702196 0.71607859 0.72704187 0.73490281
  0.74127057 0.74679934 0.74912851 0.748806   0.74793476 0.74442439
  0.74042431 0.73076654 0.7260795  0.72058973 0.71546943 0.71150765
  0.70813245 0.68336649 0.561757   0.67870736 0.70762202 0.70993719
  0.71208585 0.71470344 0.71851623 0.72434806 0.73434916 0.75672069]
 [0.48905595 0.48893839 0.48796411 0.48706864 0.48668455 0.48576547
  0.48502104 0.48531088 0.48564258 0.4857924  0.48611936 0.48627169
  0.48627317 0.48579129 0.48506303 0.48383156 0.48238805 0.48077685
  0.47894774 0.47684624 0.47359139 0.47152324 0.46807164 0.4638829
  0.45854522 0.4511866  0.44595877 0.44467843 0.44324233 0.44179699]
 [0.         0.         0.         0.         0.         0.
  0.         0.         0.         0.         0.         0.
  0.         0.         0.         0.         0.         0.
  0.         0.         0.         0.         0.         0.
  0.         0.         0.         0.         0.         0.        ]
 [0.95925412 0.95895293 0.9565692  0.95388656 0.95056337 0.94780072
  0.9455854  0.94397287 0.94256868 0.94189525 0.94165198 0.94093289
  0.94012219 0.93775085 0.9348865  0.93047603 0.92519004 0.92487708
  0.92502404 0.92507998 0.92496879 0.92485823 0.92470421 0.92478851
  0.93005609 0.93027525 0.93045139 0.93065362 0.93081265 0.93112403]
 [0.04074588 0.04104707 0.0434308  0.04611344 0.04943663 0.05219928
  0.0544146  0.05602713 0.05743132 0.05810475 0.05834802 0.05906711
  0.05987781 0.06224915 0.0651135  0.06952397 0.07480996 0.07512292
  0.07497596 0.07492002 0.07503121 0.07514177 0.07529579 0.07521149
  0.06994391 0.06972475 0.06954861 0.06934638 0.06918735 0.06887597]
 [0.22272986 0.22632952 0.22948212 0.30080193 0.31138242 0.32272784
  0.33028459 0.33580147 0.33842316 0.33783338 0.33690305 0.33920465
  0.34192828 0.35209392 0.35827412 0.36697208 0.37551861 0.38277512
  0.38964944 0.39578046 0.40279588 0.40631466 0.41134025 0.41753853
  0.41993132 0.42260813 0.42604197 0.43129105 0.43340579 0.41037074]
 [0.51094271 0.51093158 0.51109232 0.51151394 0.51274861 0.51314609
  0.51310658 0.51395159 0.51467968 0.51507905 0.51562235 0.51627311
  0.5168142  0.51755755 0.51822809 0.51906037 0.51995391 0.52094453
  0.52211804 0.52353357 0.52582167 0.52730935 0.52982516 0.53308866
  0.53739617 0.54310325 0.54601304 0.54471542 0.54334969 0.54177825]
 [0.72273926 0.72686687 0.73692268 0.68392783 0.69466754 0.70325628
  0.71188804 0.71980021 0.72485974 0.72743733 0.7296189  0.72912358
  0.72821111 0.72164078 0.72019359 0.71820211 0.71699693 0.71742121
  0.7190506  0.72270791 0.73102878 0.73735997 0.74903991 0.76192904
  0.77438828 0.79040881 0.81299166 0.84716618 0.89494952 0.91659409]
 [0.         0.         0.         0.         0.         0.
  0.         0.         0.         0.         0.         0.
  0.         0.         0.         0.05       0.05       0.05
  0.05       0.05       0.05       0.05       0.05       0.05
  0.05       0.05       0.04       0.05       0.05       0.05      ]
 [0.         0.         0.         0.         0.         0.
  0.         0.         0.         0.         0.         0.
  0.         0.         0.         0.         0.         0.
  0.         0.         0.         0.         0.         0.
  0.         0.         0.         0.         0.         0.        ]
 [0.         0.         0.         0.         0.         0.
  0.         0.         0.         0.         0.         0.
  0.         0.         0.         0.         0.         0.
  0.         0.         0.         0.         0.         0.
  0.         0.         0.         0.         0.         0.        ]
 [0.         0.         0.         0.         0.         0.
  0.         0.         0.         0.         0.         0.
  0.         0.         0.         0.         0.         0.
  0.         0.         0.         0.         0.         0.
  0.         0.         0.         0.         0.         0.        ]
 [0.         0.         0.         0.         0.         0.
  0.         0.         0.         0.         0.         0.
  0.         0.         0.         0.         0.         0.
  0.         0.         0.         0.         0.         0.
  0.         0.         0.         0.         0.         0.        ]
 [0.         0.         0.         0.         0.         0.
  0.         0.         0.         0.         0.         0.
  0.         0.         0.         0.         0.         0.
  0.         0.         0.         0.         0.         0.
  0.         0.         0.         0.         0.         0.        ]
 [0.         0.         0.         0.         0.         0.
  0.         0.         0.         0.         0.         0.
  0.         0.         0.         0.         0.         0.
  0.         0.         0.         0.         0.         0.
  0.         0.         0.         0.         0.         0.        ]]","2D array of the non-dimensional start point defined along the outer profile of a layer. The TE suction side is 0, the TE pressure side is 1. The first dimension represents each layer, the second dimension represents each entry along blade span."
rotorse.split.layer_end_nd,intermediate,,"[[1.         1.         1.         1.         1.         1.
  1.         1.         1.         1.         1.         1.
  1.         1.         1.         1.         1.         1.
  1.         1.         1.         1.         1.         1.
  1.         1.         1.         1.         1.         1.        ]
 [1.         1.         1.         1.         1.         1.
  1.         1.         1.         1.         1.         1.
  1.         1.         1.         1.         1.         1.
  1.         1.         1.         1.         1.         1.
  1.         1.         1.         1.         1.         1.        ]
 [0.22272986 0.22632952 0.22948212 0.30080193 0.31138242 0.32272784
  0.33028459 0.33580147 0.33842316 0.33783338 0.33690305 0.33920465
  0.34192828 0.35209392 0.35827412 0.36697208 0.37551861 0.38277512
  0.38964944 0.39578046 0.40279588 0.40631466 0.41134025 0.41753853
  0.41993132 0.42260813 0.42604197 0.43129105 0.43340579 0.41037074]
 [0.72273926 0.72686687 0.73692268 0.68392783 0.69466754 0.70325628
  0.71188804 0.71980021 0.72485974 0.72743733 0.7296189  0.72912358
  0.72821111 0.72164078 0.72019359 0.71820211 0.71699693 0.71742121
  0.7190506  0.72270791 0.73102878 0.73735997 0.74903991 0.76192904
  0.77438828 0.79040881 0.81299166 0.84716618 0.89494952 0.91659409]
 [0.19443411 0.19789619 0.1995814  0.20542464 0.21272282 0.2220171
  0.22991051 0.23619816 0.24018571 0.24176774 0.24321802 0.24714692
  0.25147187 0.26147185 0.26715623 0.27388979 0.28019577 0.28503635
  0.289098   0.31451629 0.43708299 0.32075803 0.29305679 0.29210644
  0.29106461 0.28898449 0.28527264 0.2791944  0.26861133 0.24523263]
 [0.69444351 0.69843353 0.70702196 0.71607859 0.72704187 0.73490281
  0.74127057 0.74679934 0.74912851 0.748806   0.74793476 0.74442439
  0.74042431 0.73076654 0.7260795  0.72058973 0.71546943 0.71150765
  0.70813245 0.72863539 0.84873656 0.73279862 0.70762202 0.70993719
  0.71208585 0.71470344 0.71851623 0.72434806 0.73434916 0.75672069]
 [0.51094271 0.51093158 0.51109232 0.51151394 0.51274861 0.51314609
  0.51310658 0.51395159 0.51467968 0.51507905 0.51562235 0.51627311
  0.5168142  0.51755755 0.51822809 0.51906037 0.51995391 0.52094453
  0.52211804 0.52353357 0.52582167 0.52730935 0.52982516 0.53308866
  0.53739617 0.54310325 0.54601304 0.54471542 0.54334969 0.54177825]
 [0.04074588 0.04104707 0.0434308  0.04611344 0.04943663 0.05219928
  0.0544146  0.05602713 0.05743132 0.05810475 0.05834802 0.05906711
  0.05987781 0.06224915 0.0651135  0.06952397 0.07480996 0.07512292
  0.07497596 0.07492002 0.07503121 0.07514177 0.07529579 0.07521149
  0.06994391 0.06972475 0.06954861 0.06934638 0.06918735 0.06887597]
 [1.         1.         1.         1.         1.         1.
  1.         1.         1.         1.         1.         1.
  1.         1.         1.         1.         1.         1.
  1.         1.         1.         1.         1.         1.
  1.         1.         1.         1.         1.         1.        ]
 [0.16613836 0.16946286 0.16968068 0.23759495 0.2439899  0.25193115
  0.25766523 0.26174662 0.2633434  0.26210837 0.26061866 0.2616315
  0.26295985 0.26995749 0.2725209  0.27588271 0.27838647 0.27891556
  0.27802616 0.2750634  0.26774667 0.26207131 0.25166728 0.23859669
  0.22787547 0.21289915 0.19074836 0.15633559 0.10381686 0.08009451]
 [0.48905595 0.48893839 0.48796411 0.48706864 0.48668455 0.48576547
  0.48502104 0.48531088 0.48564258 0.4857924  0.48611936 0.48627169
  0.48627317 0.48579129 0.48506303 0.48383156 0.48238805 0.48077685
  0.47894774 0.47684624 0.47359139 0.47152324 0.46807164 0.4638829
  0.45854522 0.4511866  0.44595877 0.44467843 0.44324233 0.44179699]
 [0.66614777 0.6700002  0.67712123 0.62072086 0.62727502 0.63245959
  0.63926867 0.64574535 0.64977998 0.65171232 0.65333451 0.65155042
  0.64924268 0.63950434 0.63444037 0.62711273 0.61986479 0.61356165
  0.60742732 0.60199085 0.59597957 0.59311662 0.58936694 0.58623052
  0.58444769 0.58188815 0.57826958 0.57270573 0.57374879 0.59684729]
 [0.95925412 0.95895293 0.9565692  0.95388656 0.95056337 0.94780072
  0.9455854  0.94397287 0.94256868 0.94189525 0.94165198 0.94093289
  0.94012219 0.93775085 0.9348865  0.93047603 0.92519004 0.92487708
  0.92502404 0.92507998 0.92496879 0.92485823 0.92470421 0.92478851
  0.93005609 0.93027525 0.93045139 0.93065362 0.93081265 0.93112403]
 [1.         1.         1.         1.         1.         1.
  1.         1.         1.         1.         1.         1.
  1.         1.         1.         0.95       0.95       0.95
  0.95       0.95       0.95       0.95       0.95       0.95
  0.95       0.95       0.95       0.95       0.95       0.95      ]
 [0.         0.         0.         0.         0.         0.
  0.         0.         0.         0.         0.         0.
  0.         0.         0.         0.         0.         0.
  0.         0.         0.         0.         0.         0.
  0.         0.         0.         0.         0.         0.        ]
 [0.         0.         0.         0.         0.         0.
  0.         0.         0.         0.         0.         0.
  0.         0.         0.         0.         0.         0.
  0.         0.         0.         0.         0.         0.
  0.         0.         0.         0.         0.         0.        ]
 [0.         0.         0.         0.         0.         0.
  0.         0.         0.         0.         0.         0.
  0.         0.         0.         0.         0.         0.
  0.         0.         0.         0.         0.         0.
  0.         0.         0.         0.         0.         0.        ]
 [0.         0.         0.         0.         0.         0.
  0.         0.         0.         0.         0.         0.
  0.         0.         0.         0.         0.         0.
  0.         0.         0.         0.         0.         0.
  0.         0.         0.         0.         0.         0.        ]
 [0.         0.         0.         0.         0.         0.
  0.         0.         0.         0.         0.         0.
  0.         0.         0.         0.         0.         0.
  0.         0.         0.         0.         0.         0.
  0.         0.         0.         0.         0.         0.        ]
 [0.         0.         0.         0.         0.         0.
  0.         0.         0.         0.         0.         0.
  0.         0.         0.         0.         0.         0.
  0.         0.         0.         0.         0.         0.
  0.         0.         0.         0.         0.         0.        ]]","2D array of the non-dimensional end point defined along the outer profile of a layer. The TE suction side is 0, the TE pressure side is 1. The first dimension represents each layer, the second dimension represents each entry along blade span."
rotorse.stall_check.aoa_along_span,intermediate,deg,"[47.92155649 38.02399184 25.71319894 18.3271136  13.74024925 10.87010917
  9.86612405  9.04041134  8.03061814  6.7771216   5.6917855   4.81364354
  4.11466691  3.64868462  3.4598671   3.50984499  3.63468461  3.74218967
  3.85349176  4.0009442   4.30010667  4.54772354  5.10265441  5.83708296
  6.61923842  7.33728521  7.9595411   8.50067576  8.88992639  9.00497335]",Angle of attack along blade span
rotorse.total_bc.joint_cost,intermediate,USD,[20392.09489602],Total blade joint cost
rotorse.total_bc.inner_blade_cost,intermediate,USD,[498224.20661522],Total cost (variable and fixed) for the blade inner portion.
rotorse.total_bc.outer_blade_cost,intermediate,USD,[64642.66887114],Total cost (variable and fixed) for the blade outer portion.
financese.plant_aep,output,USD/kW/h,[2.48746852e+09],
financese.capacity_factor,output,,[0.47326266],Capacity factor of the wind farm
financese.lcoe,output,USD/kW/h,[0.03490546],"Levelized cost of energy: LCOE is the cost that, if assigned to every unit of electricity by an asset over an evaluation period, will equal the total costs during that same period when discounted to the base year."
financese.lvoe,output,USD/kW/h,[0.06894509],Levelized value of energy: LVOE is the discounted sum of total value divided by the discounted sum of electrical energy generated.
financese.value_factor,output,,[0.9710576],Value factor is the LVOE divided by a benchmark price.
financese.nvoc,output,USD/kW/year,[141.12086344],"Net value of capacity: NVOC is the difference in an asset’s total annualized value and annualized cost, divided by the installed capacity of the asset. NVOC ≥ 0 for economic viability."
financese.nvoe,output,USD/kW/h,[0.03403963],Net value of energy: NVOE is the difference between LVOE and LCOE. NVOE ≥ 0 for economic viability.
financese.slcoe,output,USD/kW/h,[0.03696037],System LCOE: SLCOE is the negative of NVOE but further adjusted by a benchmark price. System LCOE ≤ benchmark price for economic viability.
financese.bcr,output,,[1.97519523],Benefit cost ratio: BCR is the discounted sum of total value divided by the discounted sum of total cost. A higher BCR is more competitive. BCR ≥ 1 for economic viability
financese.cbr,output,,[0.50627907],Cost benefit ratio: CBR is the inverse of BCR. CBR ≤ 1 for economic viability. A lower CBR is more competitive.
financese.roi,output,,[0.97519523],Return on investment: ROI can also be expressed as BCR – 1. A higher ROI is more competitive. ROI ≥ 0 for economic viability.
financese.pm,output,,[0.49372093],Profit margin: PM can also be expressed as 1 - CBR. A higher PM is more competitive. PM ≥ 0 for economic viability.
financese.plcoe,output,USD/kW/h,[0.03594581],"Profitability adjusted PLCOE is the product of a benchmark price and CBR, which is equal to LCOE divided by value factor. A lower PLCOE is more competitive. PLCOE ≤ benchmark price for economic viability."
landbosse.bos_capex,output,USD,[2.06025327e+08],Total BOS CAPEX not including commissioning or decommissioning.
landbosse.bos_capex_kW,output,USD/kW,[343.37554522],Total BOS CAPEX per kW not including commissioning or decommissioning.
landbosse.total_capex,output,USD,[2.38989379e+08],Total BOS CAPEX including commissioning and decommissioning.
landbosse.total_capex_kW,output,USD/kW,[398.31563246],Total BOS CAPEX per kW including commissioning and decommissioning.
landbosse.installation_capex,output,USD,[48895498.19603103],Total foundation and erection installation cost.
landbosse.installation_capex_kW,output,USD,[81.49249699],Total foundation and erection installation cost per kW.
landbosse.installation_time_months,output,,[11.5],Total balance of system installation time (months).
landbosse.landbosse_costs_by_module_type_operation,output,n/a,"[{'Module': 'FoundationCost', 'Type of cost': 'Equipment rental', 'Cost / kW': 1.3192179044527712, 'Cost / project': 791530.7426716627, 'Cost / turbine': 6596.0895222638555, 'Number of turbines': 120, 'Rotor diameter (m)': 205.9925356168168, 'Turbine rating (MW)': 5.0, 'Project ID with serial': 'WISDEM'}, {'Module': 'FoundationCost', 'Type of cost': 'Labor', 'Cost / kW': 14.059865455183198, 'Cost / project': 8435919.273109918, 'Cost / turbine': 70299.32727591599, 'Number of turbines': 120, 'Rotor diameter (m)': 205.9925356168168, 'Turbine rating (MW)': 5.0, 'Project ID with serial': 'WISDEM'}, {'Module': 'FoundationCost', 'Type of cost': 'Materials', 'Cost / kW': 24.413688284145625, 'Cost / project': 14648212.970487375, 'Cost / turbine': 122068.44142072812, 'Number of turbines': 120, 'Rotor diameter (m)': 205.9925356168168, 'Turbine rating (MW)': 5.0, 'Project ID with serial': 'WISDEM'}, {'Module': 'FoundationCost', 'Type of cost': 'Mobilization', 'Cost / kW': 1.9896385821890796, 'Cost / project': 1193783.1493134478, 'Cost / turbine': 9948.192910945398, 'Number of turbines': 120, 'Rotor diameter (m)': 205.9925356168168, 'Turbine rating (MW)': 5.0, 'Project ID with serial': 'WISDEM'}, {'Module': 'SitePreparationCost', 'Type of cost': 'Materials', 'Cost / kW': 5.476390057248039, 'Cost / project': 3285834.034348823, 'Cost / turbine': 27381.950286240193, 'Number of turbines': 120, 'Rotor diameter (m)': 205.9925356168168, 'Turbine rating (MW)': 5.0, 'Project ID with serial': 'WISDEM'}, {'Module': 'SitePreparationCost', 'Type of cost': 'Equipment rental', 'Cost / kW': 3.0248295985173677, 'Cost / project': 1814897.7591104205, 'Cost / turbine': 15124.147992586837, 'Number of turbines': 120, 'Rotor diameter (m)': 205.9925356168168, 'Turbine rating (MW)': 5.0, 'Project ID with serial': 'WISDEM'}, {'Module': 'SitePreparationCost', 'Type of cost': 'Labor', 'Cost / kW': 3.2720801344149044, 'Cost / project': 1963248.0806489426, 'Cost / turbine': 16360.400672074522, 'Number of turbines': 120, 'Rotor diameter (m)': 205.9925356168168, 'Turbine rating (MW)': 5.0, 'Project ID with serial': 'WISDEM'}, {'Module': 'SitePreparationCost', 'Type of cost': 'Other', 'Cost / kW': 2.8645802006061474, 'Cost / project': 1718748.1203636883, 'Cost / turbine': 14322.901003030736, 'Number of turbines': 120, 'Rotor diameter (m)': 205.9925356168168, 'Turbine rating (MW)': 5.0, 'Project ID with serial': 'WISDEM'}, {'Module': 'SitePreparationCost', 'Type of cost': 'Mobilization', 'Cost / kW': 0.38863571375538053, 'Cost / project': 233181.4282532283, 'Cost / turbine': 1943.1785687769027, 'Number of turbines': 120, 'Rotor diameter (m)': 205.9925356168168, 'Turbine rating (MW)': 5.0, 'Project ID with serial': 'WISDEM'}, {'Module': 'SubstationCost', 'Type of cost': 'Other', 'Cost / kW': 16.911599000804763, 'Cost / project': 10146959.400482858, 'Cost / turbine': 84557.99500402382, 'Number of turbines': 120, 'Rotor diameter (m)': 205.9925356168168, 'Turbine rating (MW)': 5.0, 'Project ID with serial': 'WISDEM'}, {'Module': 'TransportCost', 'Type of cost': 'Other', 'Cost / kW': 116.6444755986226, 'Cost / project': 69986685.35917357, 'Cost / turbine': 583222.377993113, 'Number of turbines': 120, 'Rotor diameter (m)': 205.9925356168168, 'Turbine rating (MW)': 5.0, 'Project ID with serial': 'WISDEM'}, {'Module': 'GridConnectionCost', 'Type of cost': 'Other', 'Cost / kW': 6.794429688199228, 'Cost / project': 4076657.812919537, 'Cost / turbine': 33972.14844099614, 'Number of turbines': 120, 'Rotor diameter (m)': 205.9925356168168, 'Turbine rating (MW)': 5.0, 'Project ID with serial': 'WISDEM'}, {'Module': 'CollectionCost', 'Type of cost': 'Equipment rental', 'Cost / kW': 4.499516470771732, 'Cost / project': 2699709.882463039, 'Cost / turbine': 22497.58235385866, 'Number of turbines': 120, 'Rotor diameter (m)': 205.9925356168168, 'Turbine rating (MW)': 5.0, 'Project ID with serial': 'WISDEM'}, {'Module': 'CollectionCost', 'Type of cost': 'Labor', 'Cost / kW': 8.396774599021285, 'Cost / project': 5038064.759412771, 'Cost / turbine': 41983.87299510642, 'Number of turbines': 120, 'Rotor diameter (m)': 205.9925356168168, 'Turbine rating (MW)': 5.0, 'Project ID with serial': 'WISDEM'}, {'Module': 'CollectionCost', 'Type of cost': 'Materials', 'Cost / kW': 31.878686654338296, 'Cost / project': 19127211.992602978, 'Cost / turbine': 159393.4332716915, 'Number of turbines': 120, 'Rotor diameter (m)': 205.9925356168168, 'Turbine rating (MW)': 5.0, 'Project ID with serial': 'WISDEM'}, {'Module': 'CollectionCost', 'Type of cost': 'Mobilization', 'Cost / kW': 2.238748886206566, 'Cost / project': 1343249.3317239396, 'Cost / turbine': 11193.74443103283, 'Number of turbines': 120, 'Rotor diameter (m)': 205.9925356168168, 'Turbine rating (MW)': 5.0, 'Project ID with serial': 'WISDEM'}, {'Module': 'DevelopmentCost', 'Type of cost': 'Equipment rental', 'Cost / kW': 0.0, 'Cost / project': 0.0, 'Cost / turbine': 0.0, 'Number of turbines': 120, 'Rotor diameter (m)': 205.9925356168168, 'Turbine rating (MW)': 5.0, 'Project ID with serial': 'WISDEM'}, {'Module': 'DevelopmentCost', 'Type of cost': 'Labor', 'Cost / kW': 1.6666666666666667, 'Cost / project': 1000000.0, 'Cost / turbine': 8333.333333333334, 'Number of turbines': 120, 'Rotor diameter (m)': 205.9925356168168, 'Turbine rating (MW)': 5.0, 'Project ID with serial': 'WISDEM'}, {'Module': 'DevelopmentCost', 'Type of cost': 'Materials', 'Cost / kW': 0.0, 'Cost / project': 0.0, 'Cost / turbine': 0.0, 'Number of turbines': 120, 'Rotor diameter (m)': 205.9925356168168, 'Turbine rating (MW)': 5.0, 'Project ID with serial': 'WISDEM'}, {'Module': 'DevelopmentCost', 'Type of cost': 'Mobilization', 'Cost / kW': 0.0, 'Cost / project': 0.0, 'Cost / turbine': 0.0, 'Number of turbines': 120, 'Rotor diameter (m)': 205.9925356168168, 'Turbine rating (MW)': 5.0, 'Project ID with serial': 'WISDEM'}, {'Module': 'DevelopmentCost', 'Type of cost': 'Other', 'Cost / kW': 0.0, 'Cost / project': 0.0, 'Cost / turbine': 0.0, 'Number of turbines': 120, 'Rotor diameter (m)': 205.9925356168168, 'Turbine rating (MW)': 5.0, 'Project ID with serial': 'WISDEM'}, {'Module': 'ErectionCost', 'Type of cost': 'Equipment rental', 'Cost / kW': 8.187916326482735, 'Cost / project': 4912749.795889641, 'Cost / turbine': 40939.581632413676, 'Number of turbines': 120, 'Rotor diameter (m)': 205.9925356168168, 'Turbine rating (MW)': 5.0, 'Project ID with serial': 'WISDEM'}, {'Module': 'ErectionCost', 'Type of cost': 'Fuel', 'Cost / kW': 0.2492525, 'Cost / project': 149551.5, 'Cost / turbine': 1246.2625, 'Number of turbines': 120, 'Rotor diameter (m)': 205.9925356168168, 'Turbine rating (MW)': 5.0, 'Project ID with serial': 'WISDEM'}, {'Module': 'ErectionCost', 'Type of cost': 'Labor', 'Cost / kW': 25.722061274264984, 'Cost / project': 15433236.76455899, 'Cost / turbine': 128610.30637132491, 'Number of turbines': 120, 'Rotor diameter (m)': 205.9925356168168, 'Turbine rating (MW)': 5.0, 'Project ID with serial': 'WISDEM'}, {'Module': 'ErectionCost', 'Type of cost': 'Mobilization', 'Cost / kW': 5.550856666666666, 'Cost / project': 3330514.0, 'Cost / turbine': 27754.283333333333, 'Number of turbines': 120, 'Rotor diameter (m)': 205.9925356168168, 'Turbine rating (MW)': 5.0, 'Project ID with serial': 'WISDEM'}, {'Module': 'ErectionCost', 'Type of cost': 'Other', 'Cost / kW': 0.0, 'Cost / project': 0.0, 'Cost / turbine': 0.0, 'Number of turbines': 120, 'Rotor diameter (m)': 205.9925356168168, 'Turbine rating (MW)': 5.0, 'Project ID with serial': 'WISDEM'}, {'Module': 'ErectionCost', 'Type of cost': 'Materials', 'Cost / kW': 0.0, 'Cost / project': 0.0, 'Cost / turbine': 0.0, 'Number of turbines': 120, 'Rotor diameter (m)': 205.9925356168168, 'Turbine rating (MW)': 5.0, 'Project ID with serial': 'WISDEM'}, {'Module': 'ManagementCost', 'Type of cost': 'insurance', 'Cost / kW': 1.599079497470325, 'Cost / project': 959447.698482195, 'Cost / turbine': 7995.397487351625, 'Number of turbines': 120, 'Rotor diameter (m)': 205.9925356168168, 'Turbine rating (MW)': 5.0, 'Project ID with serial': 'WISDEM'}, {'Module': 'ManagementCost', 'Type of cost': 'Construction Permitting', 'Cost / kW': 1.1689815378527468, 'Cost / project': 701388.922711648, 'Cost / turbine': 5844.907689263734, 'Number of turbines': 120, 'Rotor diameter (m)': 205.9925356168168, 'Turbine rating (MW)': 5.0, 'Project ID with serial': 'WISDEM'}, {'Module': 'ManagementCost', 'Type of cost': 'Project Management', 'Cost / kW': 3.982776508125, 'Cost / project': 2389665.904875, 'Cost / turbine': 19913.882540625, 'Number of turbines': 120, 'Rotor diameter (m)': 205.9925356168168, 'Turbine rating (MW)': 5.0, 'Project ID with serial': 'WISDEM'}, {'Module': 'ManagementCost', 'Type of cost': 'Bonding', 'Cost / kW': 2.8554991026255805, 'Cost / project': 1713299.4615753484, 'Cost / turbine': 14277.495513127904, 'Number of turbines': 120, 'Rotor diameter (m)': 205.9925356168168, 'Turbine rating (MW)': 5.0, 'Project ID with serial': 'WISDEM'}, {'Module': 'ManagementCost', 'Type of cost': 'Markup Contingency', 'Cost / kW': 37.17859831618505, 'Cost / project': 22307158.98971103, 'Cost / turbine': 185892.99158092527, 'Number of turbines': 120, 'Rotor diameter (m)': 205.9925356168168, 'Turbine rating (MW)': 5.0, 'Project ID with serial': 'WISDEM'}, {'Module': 'ManagementCost', 'Type of cost': 'Engineering Foundation and Collections System (includes met mast)', 'Cost / kW': 7.80445, 'Cost / project': 4682670.0, 'Cost / turbine': 39022.25, 'Number of turbines': 120, 'Rotor diameter (m)': 205.9925356168168, 'Turbine rating (MW)': 5.0, 'Project ID with serial': 'WISDEM'}, {'Module': 'ManagementCost', 'Type of cost': 'Site Facility', 'Cost / kW': 3.23625, 'Cost / project': 1941750.0, 'Cost / turbine': 16181.25, 'Number of turbines': 120, 'Rotor diameter (m)': 205.9925356168168, 'Turbine rating (MW)': 5.0, 'Project ID with serial': 'WISDEM'}]","The costs by module, type and operation"
landbosse.landbosse_details_by_module,output,n/a,"[{'unit': '', 'type': 'variable', 'variable_df_key_col_name': 'wind_multiplier', 'value': 1.0, 'project_id_with_serial': 'WISDEM', 'module': 'FoundationCost'}, {'unit': 'kN', 'type': 'variable', 'variable_df_key_col_name': 'F_dead', 'value': 9841.213519038027, 'project_id_with_serial': 'WISDEM', 'module': 'FoundationCost'}, {'unit': 'kN', 'type': 'variable', 'variable_df_key_col_name': 'F_horiz', 'value': 1413.4618976097315, 'project_id_with_serial': 'WISDEM', 'module': 'FoundationCost'}, {'unit': 'kN_m', 'type': 'variable', 'variable_df_key_col_name': 'M_tot_kN', 'value': 152122.73662300923, 'project_id_with_serial': 'WISDEM', 'module': 'FoundationCost'}, {'unit': 'm', 'type': 'variable', 'variable_df_key_col_name': 'Radius_o', 'value': 9.728413531520347, 'project_id_with_serial': 'WISDEM', 'module': 'FoundationCost'}, {'unit': 'm', 'type': 'variable', 'variable_df_key_col_name': 'Radius_g', 'value': 0.0, 'project_id_with_serial': 'WISDEM', 'module': 'FoundationCost'}, {'unit': 'm', 'type': 'variable', 'variable_df_key_col_name': 'Radius_b', 'value': 10.9006216185368, 'project_id_with_serial': 'WISDEM', 'module': 'FoundationCost'}, {'unit': 'm', 'type': 'variable', 'variable_df_key_col_name': 'Radius', 'value': 10.9006216185368, 'project_id_with_serial': 'WISDEM', 'module': 'FoundationCost'}, {'unit': 'short_ton', 'type': 'variable', 'variable_df_key_col_name': 'steel_mass_short_ton_per_turbine', 'value': 45.14653017067502, 'project_id_with_serial': 'WISDEM', 'module': 'FoundationCost'}, {'unit': 'm^3', 'type': 'variable', 'variable_df_key_col_name': 'foundation_volume_concrete_m3_per_turbine', 'value': 396.4394992156218, 'project_id_with_serial': 'WISDEM', 'module': 'FoundationCost'}, {'unit': '', 'type': 'dataframe', 'variable_df_key_col_name': 'operation_data: Operation ID-Number of days-Number of crews-Number of workers', 'value': 'Backfill-93-2.0-1.0', 'project_id_with_serial': 'WISDEM', 'module': 'FoundationCost'}, {'unit': '', 'type': 'dataframe', 'variable_df_key_col_name': 'operation_data: Operation ID-Number of days-Number of crews-Number of workers', 'value': 'Concrete placement-307-4.0-3.0', 'project_id_with_serial': 'WISDEM', 'module': 'FoundationCost'}, {'unit': '', 'type': 'dataframe', 'variable_df_key_col_name': 'operation_data: Operation ID-Number of days-Number of crews-Number of workers', 'value': 'Excavation-152-2.0-nan', 'project_id_with_serial': 'WISDEM', 'module': 'FoundationCost'}, {'unit': '', 'type': 'dataframe', 'variable_df_key_col_name': 'operation_data: Operation ID-Number of days-Number of crews-Number of workers', 'value': 'Rebar installation-4335-49.0-1.0', 'project_id_with_serial': 'WISDEM', 'module': 'FoundationCost'}, {'unit': 'ton (short)', 'type': 'dataframe', 'variable_df_key_col_name': 'material_needs_per_turbine: Material type ID-Quantity of material', 'value': '0-Steel - rebar-4.51e+01', 'project_id_with_serial': 'WISDEM', 'module': 'FoundationCost'}, {'unit': 'cubic yards', 'type': 'dataframe', 'variable_df_key_col_name': 'material_needs_per_turbine: Material type ID-Quantity of material', 'value': '1-Concrete 5000 psi-5.11e+02', 'project_id_with_serial': 'WISDEM', 'module': 'FoundationCost'}, {'unit': 'cubic_yards', 'type': 'dataframe', 'variable_df_key_col_name': 'material_needs_per_turbine: Material type ID-Quantity of material', 'value': '2-Excavated dirt-1.26e+03', 'project_id_with_serial': 'WISDEM', 'module': 'FoundationCost'}, {'unit': 'cubic_yards', 'type': 'dataframe', 'variable_df_key_col_name': 'material_needs_per_turbine: Material type ID-Quantity of material', 'value': '3-Backfill-1.26e+03', 'project_id_with_serial': 'WISDEM', 'module': 'FoundationCost'}, {'unit': '', 'type': 'dataframe', 'variable_df_key_col_name': 'Type of Cost <--> Phase of Construction <--> Cost in USD ', 'value': 'Equipment rental <--> Foundation <--> 791531', 'last_number': 791530.7426716627, 'project_id_with_serial': 'WISDEM', 'module': 'FoundationCost'}, {'unit': '', 'type': 'dataframe', 'variable_df_key_col_name': 'Type of Cost <--> Phase of Construction <--> Cost in USD ', 'value': 'Labor <--> Foundation <--> 8435920', 'last_number': 8435919.273109918, 'project_id_with_serial': 'WISDEM', 'module': 'FoundationCost'}, {'unit': '', 'type': 'dataframe', 'variable_df_key_col_name': 'Type of Cost <--> Phase of Construction <--> Cost in USD ', 'value': 'Materials <--> Foundation <--> 14648213', 'last_number': 14648212.970487375, 'project_id_with_serial': 'WISDEM', 'module': 'FoundationCost'}, {'unit': '', 'type': 'dataframe', 'variable_df_key_col_name': 'Type of Cost <--> Phase of Construction <--> Cost in USD ', 'value': 'Mobilization <--> Foundation <--> 1193784', 'last_number': 1193783.1493134478, 'project_id_with_serial': 'WISDEM', 'module': 'FoundationCost'}, {'unit': 'm^3', 'type': 'variable', 'variable_df_key_col_name': 'Total road volume', 'value': 226910.13860257008, 'project_id_with_serial': 'WISDEM', 'module': 'SitePreparationCost'}, {'unit': 'm', 'type': 'variable', 'variable_df_key_col_name': 'Depth to subgrade', 'value': 0.1, 'project_id_with_serial': 'WISDEM', 'module': 'SitePreparationCost'}, {'unit': 'ft', 'type': 'variable', 'variable_df_key_col_name': 'Crane path width', 'value': 13.7, 'project_id_with_serial': 'WISDEM', 'module': 'SitePreparationCost'}, {'unit': 'm', 'type': 'variable', 'variable_df_key_col_name': 'Road length', 'value': 176591.7821688084, 'project_id_with_serial': 'WISDEM', 'module': 'SitePreparationCost'}, {'unit': 'm', 'type': 'variable', 'variable_df_key_col_name': 'Road width', 'value': 6.0, 'project_id_with_serial': 'WISDEM', 'module': 'SitePreparationCost'}, {'unit': 'm', 'type': 'variable', 'variable_df_key_col_name': 'Road thickness', 'value': 0.2, 'project_id_with_serial': 'WISDEM', 'module': 'SitePreparationCost'}, {'unit': 'cubic yards', 'type': 'variable', 'variable_df_key_col_name': 'Material volume', 'value': 412534.0909414718, 'project_id_with_serial': 'WISDEM', 'module': 'SitePreparationCost'}, {'unit': 'cubic yards', 'type': 'variable', 'variable_df_key_col_name': 'Topsoil volume', 'value': 316433.31343813933, 'project_id_with_serial': 'WISDEM', 'module': 'SitePreparationCost'}, {'unit': 'cubic yards', 'type': 'variable', 'variable_df_key_col_name': 'Embankment volume crane', 'value': 316433.31343813933, 'project_id_with_serial': 'WISDEM', 'module': 'SitePreparationCost'}, {'unit': 'cubic yards', 'type': 'variable', 'variable_df_key_col_name': 'Embankment volume road', 'value': 277167.8657852315, 'project_id_with_serial': 'WISDEM', 'module': 'SitePreparationCost'}, {'unit': 'ft^2', 'type': 'variable', 'variable_df_key_col_name': 'Rough grading area', 'value': 114.0489770452102, 'project_id_with_serial': 'WISDEM', 'module': 'SitePreparationCost'}, {'unit': '', 'type': 'dataframe', 'variable_df_key_col_name': 'Type of Cost <--> Phase of Construction <--> Cost in USD ', 'value': 'Materials <--> Roads <--> 3285835', 'last_number': 3285834.034348823, 'project_id_with_serial': 'WISDEM', 'module': 'SitePreparationCost'}, {'unit': '', 'type': 'dataframe', 'variable_df_key_col_name': 'Type of Cost <--> Phase of Construction <--> Cost in USD ', 'value': 'Equipment rental <--> Roads <--> 1814898', 'last_number': 1814897.7591104205, 'project_id_with_serial': 'WISDEM', 'module': 'SitePreparationCost'}, {'unit': '', 'type': 'dataframe', 'variable_df_key_col_name': 'Type of Cost <--> Phase of Construction <--> Cost in USD ', 'value': 'Labor <--> Roads <--> 1963249', 'last_number': 1963248.0806489426, 'project_id_with_serial': 'WISDEM', 'module': 'SitePreparationCost'}, {'unit': '', 'type': 'dataframe', 'variable_df_key_col_name': 'Type of Cost <--> Phase of Construction <--> Cost in USD ', 'value': 'Other <--> Roads <--> 1718749', 'last_number': 1718748.1203636883, 'project_id_with_serial': 'WISDEM', 'module': 'SitePreparationCost'}, {'unit': '', 'type': 'dataframe', 'variable_df_key_col_name': 'Type of Cost <--> Phase of Construction <--> Cost in USD ', 'value': 'Mobilization <--> Roads <--> 233182', 'last_number': 233181.4282532283, 'project_id_with_serial': 'WISDEM', 'module': 'SitePreparationCost'}, {'unit': '', 'type': 'dataframe', 'variable_df_key_col_name': 'Type of Cost <--> Phase of Construction <--> Cost in USD ', 'value': 'Other <--> Substation <--> 10146960', 'last_number': 10146959.400482858, 'project_id_with_serial': 'WISDEM', 'module': 'SubstationCost'}, {'unit': '', 'type': 'dataframe', 'variable_df_key_col_name': 'Type of Cost <--> Phase of Construction <--> Cost in USD ', 'value': 'Other <--> Transport <--> 69986686.0', 'last_number': 69986685.35917357, 'project_id_with_serial': 'WISDEM', 'module': 'TransportCost'}, {'unit': '', 'type': 'dataframe', 'variable_df_key_col_name': 'Type of Cost <--> Phase of Construction <--> Cost in USD ', 'value': 'Other <--> Transmission and Distribution <--> 4076658', 'last_number': 4076657.812919537, 'project_id_with_serial': 'WISDEM', 'module': 'GridConnectionCost'}, {'unit': '', 'type': 'variable', 'variable_df_key_col_name': 'Total Number of Turbines', 'value': 120.0, 'project_id_with_serial': 'WISDEM', 'module': 'Collection Cost'}, {'unit': 'km', 'type': 'variable', 'variable_df_key_col_name': 'Total trench length', 'value': 388.65788542515514, 'project_id_with_serial': 'WISDEM', 'module': 'Collection Cost'}, {'unit': 'km', 'type': 'variable', 'variable_df_key_col_name': 'Total cable length', 'value': 388.65788542515514, 'project_id_with_serial': 'WISDEM', 'module': 'Collection Cost'}, {'unit': '', 'type': 'variable', 'variable_df_key_col_name': 'Number of Turbines Per String in Full String', 'value': 11.0, 'project_id_with_serial': 'WISDEM', 'module': 'Collection Cost'}, {'unit': '', 'type': 'variable', 'variable_df_key_col_name': 'Number of Full Strings', 'value': 10.0, 'project_id_with_serial': 'WISDEM', 'module': 'Collection Cost'}, {'unit': '', 'type': 'variable', 'variable_df_key_col_name': 'Number of Turbines in Partial String', 'value': 10.0, 'project_id_with_serial': 'WISDEM', 'module': 'Collection Cost'}, {'unit': '', 'type': 'variable', 'variable_df_key_col_name': 'Number of Partial Strings', 'value': 1.0, 'project_id_with_serial': 'WISDEM', 'module': 'Collection Cost'}, {'unit': '', 'type': 'variable', 'variable_df_key_col_name': 'Total number of strings full + partial', 'value': 11.0, 'project_id_with_serial': 'WISDEM', 'module': 'Collection Cost'}, {'unit': '', 'type': 'variable', 'variable_df_key_col_name': 'Trench Length to Substation (km)', 'value': 231.48558074952393, 'project_id_with_serial': 'WISDEM', 'module': 'Collection Cost'}, {'unit': '', 'type': 'variable', 'variable_df_key_col_name': 'Cable Length to Substation (km)', 'value': 231.48558074952393, 'project_id_with_serial': 'WISDEM', 'module': 'Collection Cost'}, {'unit': 'km', 'type': 'variable', 'variable_df_key_col_name': 'Array cable length for cable  AWG 1/0', 'value': 2.883895498635435, 'project_id_with_serial': 'WISDEM', 'module': 'Collection Cost'}, {'unit': 'km', 'type': 'variable', 'variable_df_key_col_name': 'Total cable length for cable  AWG 1/0', 'value': 31.722850484989788, 'project_id_with_serial': 'WISDEM', 'module': 'Collection Cost'}, {'unit': 'usd', 'type': 'variable', 'variable_df_key_col_name': 'Total cable cost for cable  AWG 1/0', 'value': 624465.5607281455, 'project_id_with_serial': 'WISDEM', 'module': 'Collection Cost'}, {'unit': 'km', 'type': 'variable', 'variable_df_key_col_name': 'Array cable length for cable  AWG 4/0', 'value': 2.883895498635435, 'project_id_with_serial': 'WISDEM', 'module': 'Collection Cost'}, {'unit': 'km', 'type': 'variable', 'variable_df_key_col_name': 'Total cable length for cable  AWG 4/0', 'value': 31.722850484989788, 'project_id_with_serial': 'WISDEM', 'module': 'Collection Cost'}, {'unit': 'usd', 'type': 'variable', 'variable_df_key_col_name': 'Total cable cost for cable  AWG 4/0', 'value': 936698.3410922182, 'project_id_with_serial': 'WISDEM', 'module': 'Collection Cost'}, {'unit': 'km', 'type': 'variable', 'variable_df_key_col_name': 'Array cable length for cable  MCM 500', 'value': 2.883895498635435, 'project_id_with_serial': 'WISDEM', 'module': 'Collection Cost'}, {'unit': 'km', 'type': 'variable', 'variable_df_key_col_name': 'Total cable length for cable  MCM 500', 'value': 31.722850484989788, 'project_id_with_serial': 'WISDEM', 'module': 'Collection Cost'}, {'unit': 'usd', 'type': 'variable', 'variable_df_key_col_name': 'Total cable cost for cable  MCM 500', 'value': 1353008.714910982, 'project_id_with_serial': 'WISDEM', 'module': 'Collection Cost'}, {'unit': 'km', 'type': 'variable', 'variable_df_key_col_name': 'Array cable length for cable  MCM1000', 'value': 4.325843247953152, 'project_id_with_serial': 'WISDEM', 'module': 'Collection Cost'}, {'unit': 'km', 'type': 'variable', 'variable_df_key_col_name': 'Total cable length for cable  MCM1000', 'value': 47.58427572748467, 'project_id_with_serial': 'WISDEM', 'module': 'Collection Cost'}, {'unit': 'usd', 'type': 'variable', 'variable_df_key_col_name': 'Total cable cost for cable  MCM1000', 'value': 2497862.242912581, 'project_id_with_serial': 'WISDEM', 'module': 'Collection Cost'}, {'unit': 'km', 'type': 'variable', 'variable_df_key_col_name': 'Array cable length for cable  MCM1250', 'value': 1.4419477493177175, 'project_id_with_serial': 'WISDEM', 'module': 'Collection Cost'}, {'unit': 'km', 'type': 'variable', 'variable_df_key_col_name': 'Total cable length for cable  MCM1250', 'value': 245.9050582427011, 'project_id_with_serial': 'WISDEM', 'module': 'Collection Cost'}, {'unit': 'usd', 'type': 'variable', 'variable_df_key_col_name': 'Total cable cost for cable  MCM1250', 'value': 13715177.132959051, 'project_id_with_serial': 'WISDEM', 'module': 'Collection Cost'}, {'unit': '', 'type': 'list', 'variable_df_key_col_name': 'Number of turbines per cable type in full strings [AWG 1/0  ,  AWG 4/0  ,  MCM 500  ,  MCM1000  ,  MCM1250]', 'value': '[3.0, 2.0, 2.0, 3.0, 1.0]', 'project_id_with_serial': 'WISDEM', 'module': 'Collection Cost'}, {'unit': '', 'type': 'dataframe', 'variable_df_key_col_name': 'Labor type ID <--> Hourly rate USD per hour <--> Per diem USD per day <--> Operation <--> Crew type <--> Crew name <--> Number of workers <--> Per Diem Total <--> Hourly costs total <--> Crew total cost ', 'value': '0 <--> Construction manager <--> 112.2 <--> 149 <--> (50% burden) https://www.salary.com/tools/salary-calculator/construction-manager-ii-hourly; plus 20% for demanding specs, rigid inspec-tions, unreliable suppliers. <--> M0 <--> Management <--> Management - project size <--> 1 <--> 13410.0 <--> 100980.0 <--> 114390.0', 'project_id_with_serial': 'WISDEM', 'module': 'Collection Cost'}, {'unit': '', 'type': 'dataframe', 'variable_df_key_col_name': 'Labor type ID <--> Hourly rate USD per hour <--> Per diem USD per day <--> Operation <--> Crew type <--> Crew name <--> Number of workers <--> Per Diem Total <--> Hourly costs total <--> Crew total cost ', 'value': '1 <--> Logistics manager <--> 99.9 <--> 149 <--> (50 % burden) https://www.salary.com/research/salary/benchmark/logistics-manager-hourly-wages; plus 35% for demanding specs, rigid inspec-tions, unreliable suppliers. <--> M0 <--> Management <--> Management - project size <--> 1 <--> 13410.0 <--> 89910.0 <--> 103320.0', 'project_id_with_serial': 'WISDEM', 'module': 'Collection Cost'}, {'unit': '', 'type': 'dataframe', 'variable_df_key_col_name': 'Labor type ID <--> Hourly rate USD per hour <--> Per diem USD per day <--> Operation <--> Crew type <--> Crew name <--> Number of workers <--> Per Diem Total <--> Hourly costs total <--> Crew total cost ', 'value': '2 <--> Office admin <--> 44.56249999999999 <--> 149 <--> (35% burden) https://www.salary.com/tools/salary-calculator/administrative-assistant-ii-hourly ; 25% for work on a ladder or a scaffold, in a crawl space, in a congested area or remote from the material storage point; plus 20% for demanding specs, rigid inspec-tions, unreliable suppliers. <--> M0 <--> Management <--> Management - project size <--> 1 <--> 13410.0 <--> 40106.24999999999 <--> 53516.24999999999', 'project_id_with_serial': 'WISDEM', 'module': 'Collection Cost'}, {'unit': '', 'type': 'dataframe', 'variable_df_key_col_name': 'Labor type ID <--> Hourly rate USD per hour <--> Per diem USD per day <--> Operation <--> Crew type <--> Crew name <--> Number of workers <--> Per Diem Total <--> Hourly costs total <--> Crew total cost ', 'value': '3 <--> Project engineer <--> 93.5 <--> 149 <--> (50% burden) https://www.salary.com/tools/salary-calculator/project-engineer-iii-construction-hourly; plus 20% for demanding specs, rigid inspec-tions, unreliable suppliers. <--> M0 <--> Management <--> Management - project size <--> 1 <--> 13410.0 <--> 84150.0 <--> 97560.0', 'project_id_with_serial': 'WISDEM', 'module': 'Collection Cost'}, {'unit': '', 'type': 'dataframe', 'variable_df_key_col_name': 'Labor type ID <--> Hourly rate USD per hour <--> Per diem USD per day <--> Operation <--> Crew type <--> Crew name <--> Number of workers <--> Per Diem Total <--> Hourly costs total <--> Crew total cost ', 'value': '4 <--> Project manager <--> 119.0 <--> 149 <--> (50% burden) https://www.salary.com/tools/salary-calculator/project-manager-sr-construction-hourly?type=base; plus 20% for demanding specs, rigid inspec-tions, unreliable suppliers. <--> M0 <--> Management <--> Management - project size <--> 1 <--> 13410.0 <--> 107100.0 <--> 120510.0', 'project_id_with_serial': 'WISDEM', 'module': 'Collection Cost'}, {'unit': '', 'type': 'dataframe', 'variable_df_key_col_name': 'Labor type ID <--> Hourly rate USD per hour <--> Per diem USD per day <--> Operation <--> Crew type <--> Crew name <--> Number of workers <--> Per Diem Total <--> Hourly costs total <--> Crew total cost ', 'value': '5 <--> Safety or qc manager <--> 106.11764705882352 <--> 149 <--> (70% burden) https://www.salary.com/tools/salary-calculator/construction-site-safety-manager-hourly; plus 35% for demanding specs, rigid inspec-tions, unreliable suppliers. <--> M0 <--> Management <--> Management - project size <--> 1 <--> 13410.0 <--> 95505.88235294116 <--> 108915.88235294116', 'project_id_with_serial': 'WISDEM', 'module': 'Collection Cost'}, {'unit': '', 'type': 'dataframe', 'variable_df_key_col_name': 'Labor type ID <--> Hourly rate USD per hour <--> Per diem USD per day <--> Operation <--> Crew type <--> Crew name <--> Number of workers <--> Per Diem Total <--> Hourly costs total <--> Crew total cost ', 'value': '6 <--> Site manager <--> 112.2 <--> 149 <--> (50% burden) https://www.salary.com/tools/salary-calculator/construction-manager-ii-hourly; plus 20% for demanding specs, rigid inspec-tions, unreliable suppliers. <--> M0 <--> Management <--> Management - project size <--> 1 <--> 13410.0 <--> 100980.0 <--> 114390.0', 'project_id_with_serial': 'WISDEM', 'module': 'Collection Cost'}, {'unit': '', 'type': 'list', 'variable_df_key_col_name': 'Percent length of cable in partial string [AWG 1/0  ,  AWG 4/0  ,  MCM 500  ,  MCM1000  ,  MCM1250]', 'value': '[1. 1. 1. 1. 0.]', 'project_id_with_serial': 'WISDEM', 'module': 'Collection Cost'}, {'unit': '', 'type': 'dataframe', 'variable_df_key_col_name': 'Type of Cost <--> Phase of Construction <--> Cost in USD ', 'value': 'Equipment rental <--> Collection <--> 2699710', 'last_number': 2699709.882463039, 'project_id_with_serial': 'WISDEM', 'module': 'Collection Cost'}, {'unit': '', 'type': 'dataframe', 'variable_df_key_col_name': 'Type of Cost <--> Phase of Construction <--> Cost in USD ', 'value': 'Labor <--> Collection <--> 5038065', 'last_number': 5038064.759412771, 'project_id_with_serial': 'WISDEM', 'module': 'Collection Cost'}, {'unit': '', 'type': 'dataframe', 'variable_df_key_col_name': 'Type of Cost <--> Phase of Construction <--> Cost in USD ', 'value': 'Materials <--> Collection <--> 19127212', 'last_number': 19127211.992602978, 'project_id_with_serial': 'WISDEM', 'module': 'Collection Cost'}, {'unit': '', 'type': 'dataframe', 'variable_df_key_col_name': 'Type of Cost <--> Phase of Construction <--> Cost in USD ', 'value': 'Mobilization <--> Collection <--> 1343250', 'last_number': 1343249.3317239396, 'project_id_with_serial': 'WISDEM', 'module': 'Collection Cost'}, {'unit': '', 'type': 'dataframe', 'variable_df_key_col_name': 'Type of Cost - Phase of Construction - Cost in USD', 'value': 'Equipment rental - Development - 0', 'last_number': 'Development', 'project_id_with_serial': 'WISDEM', 'module': 'DevelopmentCost'}, {'unit': '', 'type': 'dataframe', 'variable_df_key_col_name': 'Type of Cost - Phase of Construction - Cost in USD', 'value': 'Labor - Development - 1000000', 'last_number': 'Development', 'project_id_with_serial': 'WISDEM', 'module': 'DevelopmentCost'}, {'unit': '', 'type': 'dataframe', 'variable_df_key_col_name': 'Type of Cost - Phase of Construction - Cost in USD', 'value': 'Materials - Development - 0', 'last_number': 'Development', 'project_id_with_serial': 'WISDEM', 'module': 'DevelopmentCost'}, {'unit': '', 'type': 'dataframe', 'variable_df_key_col_name': 'Type of Cost - Phase of Construction - Cost in USD', 'value': 'Mobilization - Development - 0', 'last_number': 'Development', 'project_id_with_serial': 'WISDEM', 'module': 'DevelopmentCost'}, {'unit': '', 'type': 'dataframe', 'variable_df_key_col_name': 'Type of Cost - Phase of Construction - Cost in USD', 'value': 'Other - Development - 0', 'last_number': 'Development', 'project_id_with_serial': 'WISDEM', 'module': 'DevelopmentCost'}, {'unit': '', 'type': 'dataframe', 'variable_df_key_col_name': '_number_of_equip: Operation-Crane name-Boom system-Number of equipment', 'value': 'Top-Big LR110000-Big PDW3B2 Derrick-3', 'last_number': 3, 'project_id_with_serial': 'WISDEM', 'module': 'ErectionCost'}, {'unit': '', 'type': 'dataframe', 'variable_df_key_col_name': '_number_of_equip: Operation-Crane name-Boom system-Number of equipment', 'value': 'Offload-LB 75-Hydraulic-2', 'last_number': 2, 'project_id_with_serial': 'WISDEM', 'module': 'ErectionCost'}, {'unit': '', 'type': 'dataframe', 'variable_df_key_col_name': '_number_of_equip: Operation-Crane name-Boom system-Number of equipment', 'value': 'Base-LR1600/2-HSL4DF + Derrick boom-5', 'last_number': 5, 'project_id_with_serial': 'WISDEM', 'module': 'ErectionCost'}, {'unit': '', 'type': 'dataframe', 'variable_df_key_col_name': 'erection_selected_detailed_data: Operation-Crane name-Boom system-Operational construct days over time construct days', 'value': 'Top-Big LR110000-Big PDW3B2 Derrick-3.0', 'last_number': 3.0, 'project_id_with_serial': 'WISDEM', 'module': 'ErectionCost'}, {'unit': '', 'type': 'dataframe', 'variable_df_key_col_name': 'erection_selected_detailed_data: Operation-Crane name-Boom system-Operational construct days over time construct days', 'value': 'Offload-LB 75-Hydraulic-1.0', 'last_number': 1.0, 'project_id_with_serial': 'WISDEM', 'module': 'ErectionCost'}, {'unit': '', 'type': 'dataframe', 'variable_df_key_col_name': 'erection_selected_detailed_data: Operation-Crane name-Boom system-Operational construct days over time construct days', 'value': 'Base-LR1600/2-HSL4DF + Derrick boom-2.0', 'last_number': 2.0, 'project_id_with_serial': 'WISDEM', 'module': 'ErectionCost'}, {'unit': '', 'type': 'dataframe', 'variable_df_key_col_name': 'component_name_topvbase: Operation - Top or Base', 'value': 'Nacelle - Top', 'project_id_with_serial': 'WISDEM', 'module': 'ErectionCost'}, {'unit': '', 'type': 'dataframe', 'variable_df_key_col_name': 'component_name_topvbase: Operation - Top or Base', 'value': 'Hub - Top', 'project_id_with_serial': 'WISDEM', 'module': 'ErectionCost'}, {'unit': '', 'type': 'dataframe', 'variable_df_key_col_name': 'component_name_topvbase: Operation - Top or Base', 'value': 'Blade 1 - Top', 'project_id_with_serial': 'WISDEM', 'module': 'ErectionCost'}, {'unit': '', 'type': 'dataframe', 'variable_df_key_col_name': 'component_name_topvbase: Operation - Top or Base', 'value': 'Blade 2 - Top', 'project_id_with_serial': 'WISDEM', 'module': 'ErectionCost'}, {'unit': '', 'type': 'dataframe', 'variable_df_key_col_name': 'component_name_topvbase: Operation - Top or Base', 'value': 'Blade 3 - Top', 'project_id_with_serial': 'WISDEM', 'module': 'ErectionCost'}, {'unit': '', 'type': 'dataframe', 'variable_df_key_col_name': 'component_name_topvbase: Operation - Top or Base', 'value': 'Tower 1 - Base', 'project_id_with_serial': 'WISDEM', 'module': 'ErectionCost'}, {'unit': '', 'type': 'dataframe', 'variable_df_key_col_name': 'component_name_topvbase: Operation - Top or Base', 'value': 'Tower 2 - Base', 'project_id_with_serial': 'WISDEM', 'module': 'ErectionCost'}, {'unit': '', 'type': 'dataframe', 'variable_df_key_col_name': 'component_name_topvbase: Operation - Top or Base', 'value': 'Tower 3 - Base', 'project_id_with_serial': 'WISDEM', 'module': 'ErectionCost'}, {'unit': '', 'type': 'dataframe', 'variable_df_key_col_name': 'component_name_topvbase: Operation - Top or Base', 'value': 'Tower 4 - Base', 'project_id_with_serial': 'WISDEM', 'module': 'ErectionCost'}, {'unit': '', 'type': 'dataframe', 'variable_df_key_col_name': 'component_name_topvbase: Operation - Top or Base', 'value': 'Tower 5 - Base', 'project_id_with_serial': 'WISDEM', 'module': 'ErectionCost'}, {'unit': '', 'type': 'dataframe', 'variable_df_key_col_name': 'component_name_topvbase: Operation - Top or Base', 'value': 'Tower 6 - Base', 'project_id_with_serial': 'WISDEM', 'module': 'ErectionCost'}, {'unit': '', 'type': 'dataframe', 'variable_df_key_col_name': 'component_name_topvbase: Operation - Top or Base', 'value': 'Tower 7 - Base', 'project_id_with_serial': 'WISDEM', 'module': 'ErectionCost'}, {'unit': '', 'type': 'dataframe', 'variable_df_key_col_name': 'component_name_topvbase: Operation - Top or Base', 'value': 'Tower 8 - Base', 'project_id_with_serial': 'WISDEM', 'module': 'ErectionCost'}, {'unit': '', 'type': 'dataframe', 'variable_df_key_col_name': 'component_name_topvbase: Operation - Top or Base', 'value': 'Tower 9 - Top', 'project_id_with_serial': 'WISDEM', 'module': 'ErectionCost'}, {'unit': '', 'type': 'dataframe', 'variable_df_key_col_name': 'component_name_topvbase: Operation - Top or Base', 'value': 'Tower 10 - Top', 'project_id_with_serial': 'WISDEM', 'module': 'ErectionCost'}, {'unit': '', 'type': 'dataframe', 'variable_df_key_col_name': 'crane_choice: Crew name - Boom system - Operation', 'value': 'Big LR110000 - Big PDW3B2 Derrick - Top', 'project_id_with_serial': 'WISDEM', 'module': 'ErectionCost'}, {'unit': '', 'type': 'dataframe', 'variable_df_key_col_name': 'crane_choice: Crew name - Boom system - Operation', 'value': 'LB 75 - Hydraulic - Offload', 'project_id_with_serial': 'WISDEM', 'module': 'ErectionCost'}, {'unit': '', 'type': 'dataframe', 'variable_df_key_col_name': 'crane_choice: Crew name - Boom system - Operation', 'value': 'LR1600/2 - HSL4DF + Derrick boom - Base', 'project_id_with_serial': 'WISDEM', 'module': 'ErectionCost'}, {'unit': '', 'type': 'dataframe', 'variable_df_key_col_name': 'crane_data_output: crane_boom_operation_concat - variable - value', 'value': 'Big LR110000-Big PDW3B2 Derrick-Top - Equipment rental cost USD - 3608698.806555168', 'last_number': 3608698.806555168, 'project_id_with_serial': 'WISDEM', 'module': 'ErectionCost'}, {'unit': '', 'type': 'dataframe', 'variable_df_key_col_name': 'crane_data_output: crane_boom_operation_concat - variable - value', 'value': 'LB 75-Hydraulic-Offload - Equipment rental cost USD - 58546.03577604611', 'last_number': 58546.03577604611, 'project_id_with_serial': 'WISDEM', 'module': 'ErectionCost'}, {'unit': '', 'type': 'dataframe', 'variable_df_key_col_name': 'crane_data_output: crane_boom_operation_concat - variable - value', 'value': 'LR1600/2-HSL4DF + Derrick boom-Base - Equipment rental cost USD - 1245504.9535584275', 'last_number': 1245504.9535584275, 'project_id_with_serial': 'WISDEM', 'module': 'ErectionCost'}, {'unit': '', 'type': 'dataframe', 'variable_df_key_col_name': 'crane_data_output: crane_boom_operation_concat - variable - value', 'value': 'Big LR110000-Big PDW3B2 Derrick-Top - Fuel cost USD - 106762.5', 'last_number': 106762.5, 'project_id_with_serial': 'WISDEM', 'module': 'ErectionCost'}, {'unit': '', 'type': 'dataframe', 'variable_df_key_col_name': 'crane_data_output: crane_boom_operation_concat - variable - value', 'value': 'LB 75-Hydraulic-Offload - Fuel cost USD - 5544.0', 'last_number': 5544.0, 'project_id_with_serial': 'WISDEM', 'module': 'ErectionCost'}, {'unit': '', 'type': 'dataframe', 'variable_df_key_col_name': 'crane_data_output: crane_boom_operation_concat - variable - value', 'value': 'LR1600/2-HSL4DF + Derrick boom-Base - Fuel cost USD - 37245.0', 'last_number': 37245.0, 'project_id_with_serial': 'WISDEM', 'module': 'ErectionCost'}, {'unit': '', 'type': 'dataframe', 'variable_df_key_col_name': 'crane_data_output: crane_boom_operation_concat - variable - value', 'value': 'Big LR110000-Big PDW3B2 Derrick-Top - Labor cost USD without management - 5512647.851021232', 'last_number': 5512647.851021232, 'project_id_with_serial': 'WISDEM', 'module': 'ErectionCost'}, {'unit': '', 'type': 'dataframe', 'variable_df_key_col_name': 'crane_data_output: crane_boom_operation_concat - variable - value', 'value': 'LB 75-Hydraulic-Offload - Labor cost USD without management - 882394.2315739277', 'last_number': 882394.2315739277, 'project_id_with_serial': 'WISDEM', 'module': 'ErectionCost'}, {'unit': '', 'type': 'dataframe', 'variable_df_key_col_name': 'crane_data_output: crane_boom_operation_concat - variable - value', 'value': 'LR1600/2-HSL4DF + Derrick boom-Base - Labor cost USD without management - 2882053.9219638295', 'last_number': 2882053.9219638295, 'project_id_with_serial': 'WISDEM', 'module': 'ErectionCost'}, {'unit': '', 'type': 'dataframe', 'variable_df_key_col_name': 'crane_data_output: crane_boom_operation_concat - variable - value', 'value': 'Big LR110000-Big PDW3B2 Derrick-Top - Mobilization cost USD - 2800000.0', 'last_number': 2800000.0, 'project_id_with_serial': 'WISDEM', 'module': 'ErectionCost'}, {'unit': '', 'type': 'dataframe', 'variable_df_key_col_name': 'crane_data_output: crane_boom_operation_concat - variable - value', 'value': 'LB 75-Hydraulic-Offload - Mobilization cost USD - 32160.0', 'last_number': 32160.0, 'project_id_with_serial': 'WISDEM', 'module': 'ErectionCost'}, {'unit': '', 'type': 'dataframe', 'variable_df_key_col_name': 'crane_data_output: crane_boom_operation_concat - variable - value', 'value': 'LR1600/2-HSL4DF + Derrick boom-Base - Mobilization cost USD - 498354.0', 'last_number': 498354.0, 'project_id_with_serial': 'WISDEM', 'module': 'ErectionCost'}, {'unit': '', 'type': 'dataframe', 'variable_df_key_col_name': 'crane_data_output: crane_boom_operation_concat - variable - value', 'value': 'Big LR110000-Big PDW3B2 Derrick-Top - Subtotal for hourly labor (non-management) USD - 4751257.851021232', 'last_number': 4751257.851021232, 'project_id_with_serial': 'WISDEM', 'module': 'ErectionCost'}, {'unit': '', 'type': 'dataframe', 'variable_df_key_col_name': 'crane_data_output: crane_boom_operation_concat - variable - value', 'value': 'LB 75-Hydraulic-Offload - Subtotal for hourly labor (non-management) USD - 757234.2315739277', 'last_number': 757234.2315739277, 'project_id_with_serial': 'WISDEM', 'module': 'ErectionCost'}, {'unit': '', 'type': 'dataframe', 'variable_df_key_col_name': 'crane_data_output: crane_boom_operation_concat - variable - value', 'value': 'LR1600/2-HSL4DF + Derrick boom-Base - Subtotal for hourly labor (non-management) USD - 2483627.9219638295', 'last_number': 2483627.9219638295, 'project_id_with_serial': 'WISDEM', 'module': 'ErectionCost'}, {'unit': '', 'type': 'dataframe', 'variable_df_key_col_name': 'crane_data_output: crane_boom_operation_concat - variable - value', 'value': 'Big LR110000-Big PDW3B2 Derrick-Top - Subtotal for per diem labor (non-management) USD - 761390.0', 'last_number': 761390.0, 'project_id_with_serial': 'WISDEM', 'module': 'ErectionCost'}, {'unit': '', 'type': 'dataframe', 'variable_df_key_col_name': 'crane_data_output: crane_boom_operation_concat - variable - value', 'value': 'LB 75-Hydraulic-Offload - Subtotal for per diem labor (non-management) USD - 125160.0', 'last_number': 125160.0, 'project_id_with_serial': 'WISDEM', 'module': 'ErectionCost'}, {'unit': '', 'type': 'dataframe', 'variable_df_key_col_name': 'crane_data_output: crane_boom_operation_concat - variable - value', 'value': 'LR1600/2-HSL4DF + Derrick boom-Base - Subtotal for per diem labor (non-management) USD - 398426.0', 'last_number': 398426.0, 'project_id_with_serial': 'WISDEM', 'module': 'ErectionCost'}, {'unit': '', 'type': 'dataframe', 'variable_df_key_col_name': 'crane_data_output: crane_boom_operation_concat - variable - value', 'value': 'Big LR110000-Big PDW3B2 Derrick-Top - Total cost USD - 12028109.1575764', 'last_number': 12028109.1575764, 'project_id_with_serial': 'WISDEM', 'module': 'ErectionCost'}, {'unit': '', 'type': 'dataframe', 'variable_df_key_col_name': 'crane_data_output: crane_boom_operation_concat - variable - value', 'value': 'LB 75-Hydraulic-Offload - Total cost USD - 978644.2673499738', 'last_number': 978644.2673499738, 'project_id_with_serial': 'WISDEM', 'module': 'ErectionCost'}, {'unit': '', 'type': 'dataframe', 'variable_df_key_col_name': 'crane_data_output: crane_boom_operation_concat - variable - value', 'value': 'LR1600/2-HSL4DF + Derrick boom-Base - Total cost USD - 4663157.875522257', 'last_number': 4663157.875522257, 'project_id_with_serial': 'WISDEM', 'module': 'ErectionCost'}, {'unit': '', 'type': 'dataframe', 'variable_df_key_col_name': 'crane_data_output: crane_boom_operation_concat - variable - value', 'value': 'Big LR110000-Big PDW3B2 Derrick-Top - Operation time all turbines hrs - 2350.3137299181262', 'last_number': 2350.3137299181262, 'project_id_with_serial': 'WISDEM', 'module': 'ErectionCost'}, {'unit': '', 'type': 'dataframe', 'variable_df_key_col_name': 'crane_data_output: crane_boom_operation_concat - variable - value', 'value': 'LB 75-Hydraulic-Offload - Operation time all turbines hrs - 262.9925099146198', 'last_number': 262.9925099146198, 'project_id_with_serial': 'WISDEM', 'module': 'ErectionCost'}, {'unit': '', 'type': 'dataframe', 'variable_df_key_col_name': 'crane_data_output: crane_boom_operation_concat - variable - value', 'value': 'LR1600/2-HSL4DF + Derrick boom-Base - Operation time all turbines hrs - 1336.916864959063', 'last_number': 1336.916864959063, 'project_id_with_serial': 'WISDEM', 'module': 'ErectionCost'}, {'unit': '', 'type': 'dataframe', 'variable_df_key_col_name': 'crane_data_output: crane_boom_operation_concat - variable - value', 'value': 'Big LR110000-Big PDW3B2 Derrick-Top - Total time per op with weather - 3648.8360025835873', 'last_number': 3648.8360025835873, 'project_id_with_serial': 'WISDEM', 'module': 'ErectionCost'}, {'unit': '', 'type': 'dataframe', 'variable_df_key_col_name': 'crane_data_output: crane_boom_operation_concat - variable - value', 'value': 'LB 75-Hydraulic-Offload - Total time per op with weather - 418.1859698289008', 'last_number': 418.1859698289008, 'project_id_with_serial': 'WISDEM', 'module': 'ErectionCost'}, {'unit': '', 'type': 'dataframe', 'variable_df_key_col_name': 'crane_data_output: crane_boom_operation_concat - variable - value', 'value': 'LR1600/2-HSL4DF + Derrick boom-Base - Total time per op with weather - 1907.358274974621', 'last_number': 1907.358274974621, 'project_id_with_serial': 'WISDEM', 'module': 'ErectionCost'}, {'unit': '', 'type': 'dataframe', 'variable_df_key_col_name': 'crane_data_output: crane_boom_operation_concat - variable - value', 'value': 'Big LR110000-Big PDW3B2 Derrick-Top - Wind multiplier - 1.5524889107934945', 'last_number': 1.5524889107934945, 'project_id_with_serial': 'WISDEM', 'module': 'ErectionCost'}, {'unit': '', 'type': 'dataframe', 'variable_df_key_col_name': 'crane_data_output: crane_boom_operation_concat - variable - value', 'value': 'LB 75-Hydraulic-Offload - Wind multiplier - 1.590106007067138', 'last_number': 1.590106007067138, 'project_id_with_serial': 'WISDEM', 'module': 'ErectionCost'}, {'unit': '', 'type': 'dataframe', 'variable_df_key_col_name': 'crane_data_output: crane_boom_operation_concat - variable - value', 'value': 'LR1600/2-HSL4DF + Derrick boom-Base - Wind multiplier - 1.42668428005284', 'last_number': 1.42668428005284, 'project_id_with_serial': 'WISDEM', 'module': 'ErectionCost'}, {'unit': '', 'type': 'dataframe', 'variable_df_key_col_name': 'crane_data_output: crane_boom_operation_concat - variable - value', 'value': 'Big LR110000-Big PDW3B2 Derrick-Top - Operational construct days - 235.03137299181262', 'last_number': 235.03137299181262, 'project_id_with_serial': 'WISDEM', 'module': 'ErectionCost'}, {'unit': '', 'type': 'dataframe', 'variable_df_key_col_name': 'crane_data_output: crane_boom_operation_concat - variable - value', 'value': 'LB 75-Hydraulic-Offload - Operational construct days - 26.29925099146198', 'last_number': 26.29925099146198, 'project_id_with_serial': 'WISDEM', 'module': 'ErectionCost'}, {'unit': '', 'type': 'dataframe', 'variable_df_key_col_name': 'crane_data_output: crane_boom_operation_concat - variable - value', 'value': 'LR1600/2-HSL4DF + Derrick boom-Base - Operational construct days - 133.6916864959063', 'last_number': 133.6916864959063, 'project_id_with_serial': 'WISDEM', 'module': 'ErectionCost'}, {'unit': '', 'type': 'dataframe', 'variable_df_key_col_name': 'crane_data_output: crane_boom_operation_concat - variable - value', 'value': 'Big LR110000-Big PDW3B2 Derrick-Top - Time construct days - 90.0', 'last_number': 90.0, 'project_id_with_serial': 'WISDEM', 'module': 'ErectionCost'}, {'unit': '', 'type': 'dataframe', 'variable_df_key_col_name': 'crane_data_output: crane_boom_operation_concat - variable - value', 'value': 'LB 75-Hydraulic-Offload - Time construct days - 72.0', 'last_number': 72.0, 'project_id_with_serial': 'WISDEM', 'module': 'ErectionCost'}, {'unit': '', 'type': 'dataframe', 'variable_df_key_col_name': 'crane_data_output: crane_boom_operation_concat - variable - value', 'value': 'LR1600/2-HSL4DF + Derrick boom-Base - Time construct days - 90.0', 'last_number': 90.0, 'project_id_with_serial': 'WISDEM', 'module': 'ErectionCost'}, {'unit': '', 'type': 'dataframe', 'variable_df_key_col_name': 'crane_data_output: crane_boom_operation_concat - variable - value', 'value': 'Big LR110000-Big PDW3B2 Derrick-Top - Total time per turbine - 30.40696668819656', 'last_number': 30.40696668819656, 'project_id_with_serial': 'WISDEM', 'module': 'ErectionCost'}, {'unit': '', 'type': 'dataframe', 'variable_df_key_col_name': 'crane_data_output: crane_boom_operation_concat - variable - value', 'value': 'LB 75-Hydraulic-Offload - Total time per turbine - 3.4848830819075065', 'last_number': 3.4848830819075065, 'project_id_with_serial': 'WISDEM', 'module': 'ErectionCost'}, {'unit': '', 'type': 'dataframe', 'variable_df_key_col_name': 'crane_data_output: crane_boom_operation_concat - variable - value', 'value': 'LR1600/2-HSL4DF + Derrick boom-Base - Total time per turbine - 15.894652291455175', 'last_number': 15.894652291455175, 'project_id_with_serial': 'WISDEM', 'module': 'ErectionCost'}, {'unit': '', 'type': 'dataframe', 'variable_df_key_col_name': 'crane_cost_details: Operation ID - Type of cost - Cost', 'value': 'Big LR110000-Big PDW3B2 Derrick-Top - Equipment rental cost USD - 3608698.806555168', 'last_number': 3608698.806555168, 'project_id_with_serial': 'WISDEM', 'module': 'ErectionCost'}, {'unit': '', 'type': 'dataframe', 'variable_df_key_col_name': 'crane_cost_details: Operation ID - Type of cost - Cost', 'value': 'LB 75-Hydraulic-Offload - Equipment rental cost USD - 58546.03577604611', 'last_number': 58546.03577604611, 'project_id_with_serial': 'WISDEM', 'module': 'ErectionCost'}, {'unit': '', 'type': 'dataframe', 'variable_df_key_col_name': 'crane_cost_details: Operation ID - Type of cost - Cost', 'value': 'LR1600/2-HSL4DF + Derrick boom-Base - Equipment rental cost USD - 1245504.9535584275', 'last_number': 1245504.9535584275, 'project_id_with_serial': 'WISDEM', 'module': 'ErectionCost'}, {'unit': '', 'type': 'dataframe', 'variable_df_key_col_name': 'crane_cost_details: Operation ID - Type of cost - Cost', 'value': 'Big LR110000-Big PDW3B2 Derrick-Top - Fuel cost USD - 106762.5', 'last_number': 106762.5, 'project_id_with_serial': 'WISDEM', 'module': 'ErectionCost'}, {'unit': '', 'type': 'dataframe', 'variable_df_key_col_name': 'crane_cost_details: Operation ID - Type of cost - Cost', 'value': 'LB 75-Hydraulic-Offload - Fuel cost USD - 5544.0', 'last_number': 5544.0, 'project_id_with_serial': 'WISDEM', 'module': 'ErectionCost'}, {'unit': '', 'type': 'dataframe', 'variable_df_key_col_name': 'crane_cost_details: Operation ID - Type of cost - Cost', 'value': 'LR1600/2-HSL4DF + Derrick boom-Base - Fuel cost USD - 37245.0', 'last_number': 37245.0, 'project_id_with_serial': 'WISDEM', 'module': 'ErectionCost'}, {'unit': '', 'type': 'dataframe', 'variable_df_key_col_name': 'crane_cost_details: Operation ID - Type of cost - Cost', 'value': 'Big LR110000-Big PDW3B2 Derrick-Top - Labor cost USD without management - 5512647.851021232', 'last_number': 5512647.851021232, 'project_id_with_serial': 'WISDEM', 'module': 'ErectionCost'}, {'unit': '', 'type': 'dataframe', 'variable_df_key_col_name': 'crane_cost_details: Operation ID - Type of cost - Cost', 'value': 'LB 75-Hydraulic-Offload - Labor cost USD without management - 882394.2315739277', 'last_number': 882394.2315739277, 'project_id_with_serial': 'WISDEM', 'module': 'ErectionCost'}, {'unit': '', 'type': 'dataframe', 'variable_df_key_col_name': 'crane_cost_details: Operation ID - Type of cost - Cost', 'value': 'LR1600/2-HSL4DF + Derrick boom-Base - Labor cost USD without management - 2882053.9219638295', 'last_number': 2882053.9219638295, 'project_id_with_serial': 'WISDEM', 'module': 'ErectionCost'}, {'unit': '', 'type': 'dataframe', 'variable_df_key_col_name': 'crane_cost_details: Operation ID - Type of cost - Cost', 'value': 'Big LR110000-Big PDW3B2 Derrick-Top - Mobilization cost USD - 2800000.0', 'last_number': 2800000.0, 'project_id_with_serial': 'WISDEM', 'module': 'ErectionCost'}, {'unit': '', 'type': 'dataframe', 'variable_df_key_col_name': 'crane_cost_details: Operation ID - Type of cost - Cost', 'value': 'LB 75-Hydraulic-Offload - Mobilization cost USD - 32160.0', 'last_number': 32160.0, 'project_id_with_serial': 'WISDEM', 'module': 'ErectionCost'}, {'unit': '', 'type': 'dataframe', 'variable_df_key_col_name': 'crane_cost_details: Operation ID - Type of cost - Cost', 'value': 'LR1600/2-HSL4DF + Derrick boom-Base - Mobilization cost USD - 498354.0', 'last_number': 498354.0, 'project_id_with_serial': 'WISDEM', 'module': 'ErectionCost'}, {'unit': '', 'type': 'dataframe', 'variable_df_key_col_name': 'crane_cost_details: Operation ID - Type of cost - Cost', 'value': 'Big LR110000-Big PDW3B2 Derrick-Top - Total cost USD - 12028109.1575764', 'last_number': 12028109.1575764, 'project_id_with_serial': 'WISDEM', 'module': 'ErectionCost'}, {'unit': '', 'type': 'dataframe', 'variable_df_key_col_name': 'crane_cost_details: Operation ID - Type of cost - Cost', 'value': 'LB 75-Hydraulic-Offload - Total cost USD - 978644.2673499738', 'last_number': 978644.2673499738, 'project_id_with_serial': 'WISDEM', 'module': 'ErectionCost'}, {'unit': '', 'type': 'dataframe', 'variable_df_key_col_name': 'crane_cost_details: Operation ID - Type of cost - Cost', 'value': 'LR1600/2-HSL4DF + Derrick boom-Base - Total cost USD - 4663157.875522257', 'last_number': 4663157.875522257, 'project_id_with_serial': 'WISDEM', 'module': 'ErectionCost'}, {'unit': '', 'type': 'dataframe', 'variable_df_key_col_name': 'total_erection_cost: Phase of construction - Type of cost - Cost USD', 'value': 'Erection - Equipment rental - 4912749.795889641', 'last_number': 4912749.795889641, 'project_id_with_serial': 'WISDEM', 'module': 'ErectionCost'}, {'unit': '', 'type': 'dataframe', 'variable_df_key_col_name': 'total_erection_cost: Phase of construction - Type of cost - Cost USD', 'value': 'Erection - Fuel - 149551.5', 'last_number': 149551.5, 'project_id_with_serial': 'WISDEM', 'module': 'ErectionCost'}, {'unit': '', 'type': 'dataframe', 'variable_df_key_col_name': 'total_erection_cost: Phase of construction - Type of cost - Cost USD', 'value': 'Erection - Labor - 15433236.76455899', 'last_number': 15433236.76455899, 'project_id_with_serial': 'WISDEM', 'module': 'ErectionCost'}, {'unit': '', 'type': 'dataframe', 'variable_df_key_col_name': 'total_erection_cost: Phase of construction - Type of cost - Cost USD', 'value': 'Erection - Mobilization - 3330514.0', 'last_number': 3330514.0, 'project_id_with_serial': 'WISDEM', 'module': 'ErectionCost'}, {'unit': '', 'type': 'dataframe', 'variable_df_key_col_name': 'total_erection_cost: Phase of construction - Type of cost - Cost USD', 'value': 'Erection - Other - 0.0', 'last_number': 0.0, 'project_id_with_serial': 'WISDEM', 'module': 'ErectionCost'}, {'unit': '', 'type': 'dataframe', 'variable_df_key_col_name': 'total_erection_cost: Phase of construction - Type of cost - Cost USD', 'value': 'Erection - Materials - 0.0', 'last_number': 0.0, 'project_id_with_serial': 'WISDEM', 'module': 'ErectionCost'}, {'unit': 'usd', 'type': 'dataframe', 'variable_df_key_col_name': 'erection_selected_detailed_data: crew cost without management', 'value': 5512647.851021232, 'non_numeric_value': 'Top', 'project_id_with_serial': 'WISDEM', 'module': 'ErectionCost'}, {'unit': 'usd', 'type': 'dataframe', 'variable_df_key_col_name': 'erection_selected_detailed_data: crew cost without management', 'value': 882394.2315739277, 'non_numeric_value': 'Offload', 'project_id_with_serial': 'WISDEM', 'module': 'ErectionCost'}, {'unit': 'usd', 'type': 'dataframe', 'variable_df_key_col_name': 'erection_selected_detailed_data: crew cost without management', 'value': 2882053.9219638295, 'non_numeric_value': 'Base', 'project_id_with_serial': 'WISDEM', 'module': 'ErectionCost'}, {'unit': 'usd', 'type': 'dataframe', 'variable_df_key_col_name': 'erection_selected_detailed_data: mobilization', 'value': 2800000, 'non_numeric_value': 'Big LR110000-Big PDW3B2 Derrick-Top', 'project_id_with_serial': 'WISDEM', 'module': 'ErectionCost'}, {'unit': 'usd', 'type': 'dataframe', 'variable_df_key_col_name': 'erection_selected_detailed_data: mobilization', 'value': 32160, 'non_numeric_value': 'LB 75-Hydraulic-Offload', 'project_id_with_serial': 'WISDEM', 'module': 'ErectionCost'}, {'unit': 'usd', 'type': 'dataframe', 'variable_df_key_col_name': 'erection_selected_detailed_data: mobilization', 'value': 498354, 'non_numeric_value': 'LR1600/2-HSL4DF + Derrick boom-Base', 'project_id_with_serial': 'WISDEM', 'module': 'ErectionCost'}, {'unit': '', 'type': 'dataframe', 'variable_df_key_col_name': 'erection_selected_detailed_data: wind multiplier', 'value': 1.5524889107934945, 'non_numeric_value': 'Top', 'project_id_with_serial': 'WISDEM', 'module': 'ErectionCost'}, {'unit': '', 'type': 'dataframe', 'variable_df_key_col_name': 'erection_selected_detailed_data: wind multiplier', 'value': 1.590106007067138, 'non_numeric_value': 'Offload', 'project_id_with_serial': 'WISDEM', 'module': 'ErectionCost'}, {'unit': '', 'type': 'dataframe', 'variable_df_key_col_name': 'erection_selected_detailed_data: wind multiplier', 'value': 1.42668428005284, 'non_numeric_value': 'Base', 'project_id_with_serial': 'WISDEM', 'module': 'ErectionCost'}, {'unit': 'usd', 'type': 'variable', 'variable_df_key_col_name': 'total_cost_summed_erection', 'value': 23826052.06044863, 'project_id_with_serial': 'WISDEM', 'module': 'ErectionCost'}, {'unit': '', 'type': 'dataframe', 'variable_df_key_col_name': 'management_crews_cost: Crew type ID - Operation - Crew name - Labor type ID - Number of workers - Hourly rate USD per hour - Per diem USD per day - Notes/References - Hourly rate for all workers - Per diem all workers - per_diem_costs - hourly_costs - crew_level_total_costs', 'value': 'Management - Management - project size - Construction manager - 2 - 112.2 - 149 - (50% burden) https://www.salary.com/tools/salary-calculator/construction-manager-ii-hourly; plus 20% for demanding specs, rigid inspec-tions, unreliable suppliers. - 224.4 - 298 - 75096.0 - 640886.4 - 715982.4', 'project_id_with_serial': 'WISDEM', 'module': 'ErectionCost'}, {'unit': '', 'type': 'dataframe', 'variable_df_key_col_name': 'management_crews_cost: Crew type ID - Operation - Crew name - Labor type ID - Number of workers - Hourly rate USD per hour - Per diem USD per day - Notes/References - Hourly rate for all workers - Per diem all workers - per_diem_costs - hourly_costs - crew_level_total_costs', 'value': 'Management - Management - rate construction - Electrician - 2 - 85.84 - 149 - 2017 National Construction Estimator:  Page 307  ; 25% for work on a ladder or a scaffold, in a crawl space, in a congested area or remote from the material storage point; plus 20% for demanding specs, rigid inspec-tions, unreliable suppliers. - 171.68 - 298 - 75096.0 - 490318.08 - 565414.0800000001', 'project_id_with_serial': 'WISDEM', 'module': 'ErectionCost'}, {'unit': '', 'type': 'dataframe', 'variable_df_key_col_name': 'management_crews_cost: Crew type ID - Operation - Crew name - Labor type ID - Number of workers - Hourly rate USD per hour - Per diem USD per day - Notes/References - Hourly rate for all workers - Per diem all workers - per_diem_costs - hourly_costs - crew_level_total_costs', 'value': 'Mechanical completion - Mechanical completion - Electrician - 1 - 85.84 - 149 - 2017 National Construction Estimator:  Page 307  ; 25% for work on a ladder or a scaffold, in a crawl space, in a congested area or remote from the material storage point; plus 20% for demanding specs, rigid inspec-tions, unreliable suppliers. - 85.84 - 149 - 37548.0 - 245159.04 - 282707.04000000004', 'project_id_with_serial': 'WISDEM', 'module': 'ErectionCost'}, {'unit': '', 'type': 'dataframe', 'variable_df_key_col_name': 'management_crews_cost: Crew type ID - Operation - Crew name - Labor type ID - Number of workers - Hourly rate USD per hour - Per diem USD per day - Notes/References - Hourly rate for all workers - Per diem all workers - per_diem_costs - hourly_costs - crew_level_total_costs', 'value': 'Management - Management - project size - Logistics manager - 2 - 99.9 - 149 - (50 % burden) https://www.salary.com/research/salary/benchmark/logistics-manager-hourly-wages; plus 35% for demanding specs, rigid inspec-tions, unreliable suppliers. - 199.8 - 298 - 75096.0 - 570628.8 - 645724.8', 'project_id_with_serial': 'WISDEM', 'module': 'ErectionCost'}, {'unit': '', 'type': 'dataframe', 'variable_df_key_col_name': 'management_crews_cost: Crew type ID - Operation - Crew name - Labor type ID - Number of workers - Hourly rate USD per hour - Per diem USD per day - Notes/References - Hourly rate for all workers - Per diem all workers - per_diem_costs - hourly_costs - crew_level_total_costs', 'value': 'Management - Management - project size - Office admin - 2 - 44.56249999999999 - 149 - (35% burden) https://www.salary.com/tools/salary-calculator/administrative-assistant-ii-hourly ; 25% for work on a ladder or a scaffold, in a crawl space, in a congested area or remote from the material storage point; plus 20% for demanding specs, rigid inspec-tions, unreliable suppliers. - 89.12499999999999 - 298 - 75096.0 - 254540.99999999997 - 329637.0', 'project_id_with_serial': 'WISDEM', 'module': 'ErectionCost'}, {'unit': '', 'type': 'dataframe', 'variable_df_key_col_name': 'management_crews_cost: Crew type ID - Operation - Crew name - Labor type ID - Number of workers - Hourly rate USD per hour - Per diem USD per day - Notes/References - Hourly rate for all workers - Per diem all workers - per_diem_costs - hourly_costs - crew_level_total_costs', 'value': 'Management - Management - project size - Project engineer - 2 - 93.5 - 149 - (50% burden) https://www.salary.com/tools/salary-calculator/project-engineer-iii-construction-hourly; plus 20% for demanding specs, rigid inspec-tions, unreliable suppliers. - 187.0 - 298 - 75096.0 - 534072.0 - 609168.0', 'project_id_with_serial': 'WISDEM', 'module': 'ErectionCost'}, {'unit': '', 'type': 'dataframe', 'variable_df_key_col_name': 'management_crews_cost: Crew type ID - Operation - Crew name - Labor type ID - Number of workers - Hourly rate USD per hour - Per diem USD per day - Notes/References - Hourly rate for all workers - Per diem all workers - per_diem_costs - hourly_costs - crew_level_total_costs', 'value': 'Management - Management - project size - Project manager - 2 - 119.0 - 149 - (50% burden) https://www.salary.com/tools/salary-calculator/project-manager-sr-construction-hourly?type=base; plus 20% for demanding specs, rigid inspec-tions, unreliable suppliers. - 238.0 - 298 - 75096.0 - 679728.0 - 754824.0', 'project_id_with_serial': 'WISDEM', 'module': 'ErectionCost'}, {'unit': '', 'type': 'dataframe', 'variable_df_key_col_name': 'management_crews_cost: Crew type ID - Operation - Crew name - Labor type ID - Number of workers - Hourly rate USD per hour - Per diem USD per day - Notes/References - Hourly rate for all workers - Per diem all workers - per_diem_costs - hourly_costs - crew_level_total_costs', 'value': 'Mechanical completion - Mechanical completion - QC/QA tech - 2 - 87.125 - 149 - (50% burden for QC/QC Manager) https://www.ziprecruiter.com/Salaries/How-Much-Does-a-Construction-Quality-Control-Manager-Make-an-Hour ; 25% for work on a ladder or a scaffold, in a crawl space, in a congested area or remote from the material storage point; plus 20% for demanding specs, rigid inspec-tions, unreliable suppliers. - 174.25 - 298 - 75096.0 - 497658.0 - 572754.0', 'project_id_with_serial': 'WISDEM', 'module': 'ErectionCost'}, {'unit': '', 'type': 'dataframe', 'variable_df_key_col_name': 'management_crews_cost: Crew type ID - Operation - Crew name - Labor type ID - Number of workers - Hourly rate USD per hour - Per diem USD per day - Notes/References - Hourly rate for all workers - Per diem all workers - per_diem_costs - hourly_costs - crew_level_total_costs', 'value': 'Management - Management - project size - Safety or qc manager - 2 - 106.11764705882352 - 149 - (70% burden) https://www.salary.com/tools/salary-calculator/construction-site-safety-manager-hourly; plus 35% for demanding specs, rigid inspec-tions, unreliable suppliers. - 212.23529411764704 - 298 - 75096.0 - 606144.0 - 681240.0', 'project_id_with_serial': 'WISDEM', 'module': 'ErectionCost'}, {'unit': '', 'type': 'dataframe', 'variable_df_key_col_name': 'management_crews_cost: Crew type ID - Operation - Crew name - Labor type ID - Number of workers - Hourly rate USD per hour - Per diem USD per day - Notes/References - Hourly rate for all workers - Per diem all workers - per_diem_costs - hourly_costs - crew_level_total_costs', 'value': 'Management - Management - project size - Site manager - 2 - 112.2 - 149 - (50% burden) https://www.salary.com/tools/salary-calculator/construction-manager-ii-hourly; plus 20% for demanding specs, rigid inspec-tions, unreliable suppliers. - 224.4 - 298 - 75096.0 - 640886.4 - 715982.4', 'project_id_with_serial': 'WISDEM', 'module': 'ErectionCost'}, {'unit': '', 'type': 'dataframe', 'variable_df_key_col_name': 'management_crews_cost: Crew type ID - Operation - Crew name - Labor type ID - Number of workers - Hourly rate USD per hour - Per diem USD per day - Notes/References - Hourly rate for all workers - Per diem all workers - per_diem_costs - hourly_costs - crew_level_total_costs', 'value': 'Management - Management - rate construction - Tool room - 1 - 85.84 - 149 - 2017 National Construction Estimator:  Page 307  ; 25% for work on a ladder or a scaffold, in a crawl space, in a congested area or remote from the material storage point; plus 20% for demanding specs, rigid inspec-tions, unreliable suppliers. - 85.84 - 149 - 37548.0 - 245159.04 - 282707.04000000004', 'project_id_with_serial': 'WISDEM', 'module': 'ErectionCost'}, {'unit': 'hours', 'type': 'variable', 'variable_df_key_col_name': 'number of hours in weather window', 'value': 2700, 'project_id_with_serial': 'WISDEM', 'module': 'ErectionCost'}, {'unit': 'none', 'type': 'variable', 'variable_df_key_col_name': 'time_weighted_weather_multiplier', 'value': 1.5183064273214446, 'project_id_with_serial': 'WISDEM', 'module': 'ErectionCost'}, {'unit': 'months', 'type': 'variable', 'variable_df_key_col_name': 'erection_construction_months', 'value': 8.4, 'project_id_with_serial': 'WISDEM', 'module': 'ErectionCost'}, {'unit': 'usd', 'type': 'variable', 'variable_df_key_col_name': 'labor_cost_management', 'value': 6156140.760000001, 'project_id_with_serial': 'WISDEM', 'module': 'ErectionCost'}, {'unit': 'usd', 'type': 'variable', 'variable_df_key_col_name': 'labor_cost_non_management', 'value': 9277096.00455899, 'project_id_with_serial': 'WISDEM', 'module': 'ErectionCost'}, {'unit': 'usd', 'type': 'variable', 'variable_df_key_col_name': 'labor_cost_total', 'value': 15433236.76455899, 'project_id_with_serial': 'WISDEM', 'module': 'ErectionCost'}, {'project_id_with_serial': 'WISDEM', 'module': 'ManagementCost', 'type': 'variable', 'variable_df_key_col_name': 'insurance_usd', 'unit': 'usd', 'value': 959447.698482195}, {'project_id_with_serial': 'WISDEM', 'module': 'ManagementCost', 'type': 'variable', 'variable_df_key_col_name': 'construction_permitting_usd', 'unit': 'usd', 'value': 701388.922711648}, {'project_id_with_serial': 'WISDEM', 'module': 'ManagementCost', 'type': 'variable', 'variable_df_key_col_name': 'bonding_usd', 'unit': 'usd', 'value': 1713299.4615753484}, {'project_id_with_serial': 'WISDEM', 'module': 'ManagementCost', 'type': 'variable', 'variable_df_key_col_name': 'project_management_usd', 'unit': 'usd', 'value': 2389665.904875}, {'project_id_with_serial': 'WISDEM', 'module': 'ManagementCost', 'type': 'variable', 'variable_df_key_col_name': 'markup_contingency_usd', 'unit': 'usd', 'value': 22307158.98971103}, {'project_id_with_serial': 'WISDEM', 'module': 'ManagementCost', 'type': 'variable', 'variable_df_key_col_name': 'engineering_usd', 'unit': 'usd', 'value': 4682670.0}, {'project_id_with_serial': 'WISDEM', 'module': 'ManagementCost', 'type': 'variable', 'variable_df_key_col_name': 'site_facility_usd', 'unit': 'usd', 'value': 1941750.0}]","The details from the run of LandBOSSE. This includes some costs, but mostly other things"
landbosse.erection_crane_choice,output,n/a,"     Crane name            Boom system Operation
0  Big LR110000     Big PDW3B2 Derrick       Top
1         LB 75              Hydraulic   Offload
2      LR1600/2  HSL4DF + Derrick boom      Base",The crane choices for erection.
landbosse.erection_component_name_topvbase,output,n/a,"  Component Operation
0   Nacelle       Top
1       Hub       Top
2   Blade 1       Top
2   Blade 2       Top
2   Blade 3       Top
5   Tower 1      Base
5   Tower 2      Base
5   Tower 3      Base
5   Tower 4      Base
5   Tower 5      Base
5   Tower 6      Base
5   Tower 7      Base
5   Tower 8      Base
5   Tower 9       Top
5  Tower 10       Top",List of components and whether they are a topping or base operation
landbosse.erection_components,output,n/a,"  Component  Mass tonne  Lift height m  Surface area sq m  Coeff drag  ...  Offload hook height m  Offload cycle time hrs  Multplier drag rotor  Multiplier tower drag  Operation
0   Nacelle  178.691359          140.0          33.000000         0.8  ...                      6                     0.5              1.000000                      0        Top
1       Hub   35.485315          140.0          11.300000         1.1  ...                      6                     0.5              0.000000                      0        Top
2   Blade 1   49.737883          140.0         151.291775         0.1  ...                      6                     0.5              0.666667                      0        Top
2   Blade 2   49.737883          140.0         151.291775         0.1  ...                      6                     0.5              0.666667                      0        Top
2   Blade 3   49.737883          140.0         151.291775         0.1  ...                      6                     0.5              0.666667                      0        Top
5   Tower 1   79.144596           14.0          74.330082         0.6  ...                      6                     0.5              0.000000                      1       Base
5   Tower 2   79.144596           28.0          74.330082         0.6  ...                      6                     0.5              0.000000                      1       Base
5   Tower 3   79.144596           42.0          74.330082         0.6  ...                      6                     0.5              0.000000                      1       Base
5   Tower 4   79.144596           56.0          74.330082         0.6  ...                      6                     0.5              0.000000                      1       Base
5   Tower 5   79.144596           70.0          74.330082         0.6  ...                      6                     0.5              0.000000                      1       Base
5   Tower 6   79.144596           84.0          74.330082         0.6  ...                      6                     0.5              0.000000                      1       Base
5   Tower 7   79.144596           98.0          74.330082         0.6  ...                      6                     0.5              0.000000                      1       Base
5   Tower 8   79.144596          112.0          74.330082         0.6  ...                      6                     0.5              0.000000                      1       Base
5   Tower 9   79.144596          126.0          74.330082         0.6  ...                      6                     0.5              0.000000                      1        Top
5  Tower 10   79.144596          140.0          74.330082         0.6  ...                      6                     0.5              0.000000                      1        Top

[15 rows x 14 columns]",List of components with their values modified from the defaults.
tcons.constr_tower_f_NPmargin,output,,[-0.15367024],constraint on tower frequency such that ratio of 3P/f is above or below gamma with constraint <= 0
tcons.constr_tower_f_1Pmargin,output,,[-0.06531885],constraint on tower frequency such that ratio of 1P/f is above or below gamma with constraint <= 0
tcons.tip_deflection_ratio,output,,[1.1248041],
tcons.blade_tip_tower_clearance,output,m,[18.74412918],
towerse.env.Px,output,N/m,"[  0.         217.87015428 298.63451078 355.98691136 402.20905503
 441.5539678  476.12925789 507.18829639 535.52795554 561.69015439
 586.0621665  608.93150809 630.51819495 650.99478875 670.49942823
 689.14462046 707.02335886 724.21349539 740.78093708 756.78203019
 772.26536967 787.27319406 801.84247577 816.00578386 829.79197463
 838.27885528 846.28822717 853.84523445 849.04919535 843.47938807
 837.15794308]",
towerse.env.Py,output,N/m,"[0. 0. 0. 0. 0. 0. 0. 0. 0. 0. 0. 0. 0. 0. 0. 0. 0. 0. 0. 0. 0. 0. 0. 0.
 0. 0. 0. 0. 0. 0. 0.]",
towerse.env.Pz,output,N/m,"[0. 0. 0. 0. 0. 0. 0. 0. 0. 0. 0. 0. 0. 0. 0. 0. 0. 0. 0. 0. 0. 0. 0. 0.
 0. 0. 0. 0. 0. 0. 0.]",
towerse.env.qdyn,output,N/m**2,"[  0.          54.91373847  72.45911233  85.217642    95.61037192
 104.53675453 112.44535275 119.59698381 126.1586421  132.24462055
 137.93707458 143.29732561 148.37253249 153.1998542  157.80916625
 162.22489984 166.46732627 170.55347779 174.49782298 178.31277198
 182.00906109 185.59604999 189.08195473 192.47403259 195.77873036
 199.00180451 202.14841955 205.22322908 208.23044326 211.17388521
 214.05703866]",
towerse.env.wind.U,output,m/s,"[ 0.          9.46863682 10.87660754 11.79537384 12.49394119 13.06415907
 13.54932653 13.9735601  14.35176969 14.69386214 15.00677804 15.29558163
 15.5640891  15.81525248 16.05140549 16.27442716 16.48585423 16.68696071
 16.87881527 17.06232379 17.23826125 17.40729615 17.57000945 17.72690945
 17.87844354 18.02500778 18.16695451 18.30459869 18.43822309 18.56808257
 18.69440771]",
towerse.env.windLoads.windLoads_Px,output,N/m,"[  0.         217.87015428 298.63451078 355.98691136 402.20905503
 441.5539678  476.12925789 507.18829639 535.52795554 561.69015439
 586.0621665  608.93150809 630.51819495 650.99478875 670.49942823
 689.14462046 707.02335886 724.21349539 740.78093708 756.78203019
 772.26536967 787.27319406 801.84247577 816.00578386 829.79197463
 838.27885528 846.28822717 853.84523445 849.04919535 843.47938807
 837.15794308]",
towerse.env.windLoads.windLoads_Py,output,N/m,"[0. 0. 0. 0. 0. 0. 0. 0. 0. 0. 0. 0. 0. 0. 0. 0. 0. 0. 0. 0. 0. 0. 0. 0.
 0. 0. 0. 0. 0. 0. 0.]",
towerse.env.windLoads.windLoads_Pz,output,N/m,"[0. 0. 0. 0. 0. 0. 0. 0. 0. 0. 0. 0. 0. 0. 0. 0. 0. 0. 0. 0. 0. 0. 0. 0.
 0. 0. 0. 0. 0. 0. 0.]",
towerse.env.windLoads.windLoads_qdyn,output,N/m**2,"[  0.          54.91373847  72.45911233  85.217642    95.61037192
 104.53675453 112.44535275 119.59698381 126.1586421  132.24462055
 137.93707458 143.29732561 148.37253249 153.1998542  157.80916625
 162.22489984 166.46732627 170.55347779 174.49782298 178.31277198
 182.00906109 185.59604999 189.08195473 192.47403259 195.77873036
 199.00180451 202.14841955 205.22322908 208.23044326 211.17388521
 214.05703866]",
towerse.env.windLoads.windLoads_z,output,m,"[  0.           4.56666667   9.13333333  13.7         18.26666667
  22.83333333  27.4         31.96666667  36.53333333  41.1
  45.66666667  50.23333333  54.8         59.36666667  63.93333333
  68.5         73.06666667  77.63333333  82.2         86.76666667
  91.33333333  95.9        100.46666667 105.03333333 109.6
 114.16666667 118.73333333 123.3        127.86666667 132.43333333
 137.        ]",
towerse.env.windLoads.windLoads_beta,output,deg,[0.],
towerse.g2e.Px,output,N/m,"[0. 0. 0. 0. 0. 0. 0. 0. 0. 0. 0. 0. 0. 0. 0. 0. 0. 0. 0. 0. 0. 0. 0. 0.
 0. 0. 0. 0. 0. 0. 0.]",
towerse.g2e.Py,output,N/m,"[0. 0. 0. 0. 0. 0. 0. 0. 0. 0. 0. 0. 0. 0. 0. 0. 0. 0. 0. 0. 0. 0. 0. 0.
 0. 0. 0. 0. 0. 0. 0.]",
towerse.g2e.Pz,output,N/m,"[   0.         -217.87015428 -298.63451078 -355.98691136 -402.20905503
 -441.5539678  -476.12925789 -507.18829639 -535.52795554 -561.69015439
 -586.0621665  -608.93150809 -630.51819495 -650.99478875 -670.49942823
 -689.14462046 -707.02335886 -724.21349539 -740.78093708 -756.78203019
 -772.26536967 -787.27319406 -801.84247577 -816.00578386 -829.79197463
 -838.27885528 -846.28822717 -853.84523445 -849.04919535 -843.47938807
 -837.15794308]",
towerse.g2e.qdyn,output,Pa,"[  0.          54.91373847  72.45911233  85.217642    95.61037192
 104.53675453 112.44535275 119.59698381 126.1586421  132.24462055
 137.93707458 143.29732561 148.37253249 153.1998542  157.80916625
 162.22489984 166.46732627 170.55347779 174.49782298 178.31277198
 182.00906109 185.59604999 189.08195473 192.47403259 195.77873036
 199.00180451 202.14841955 205.22322908 208.23044326 211.17388521
 214.05703866]",
towerse.post.axial_stress,output,Pa,"[[1.51633443e+08]
 [1.46770843e+08]
 [1.41884866e+08]
 [1.52731717e+08]
 [1.47195499e+08]
 [1.41640969e+08]
 [1.52994595e+08]
 [1.46668112e+08]
 [1.40328756e+08]
 [1.50487317e+08]
 [1.43298610e+08]
 [1.36103526e+08]
 [1.45692324e+08]
 [1.37503937e+08]
 [1.29317021e+08]
 [1.39286084e+08]
 [1.29827103e+08]
 [1.20380283e+08]
 [1.30330388e+08]
 [1.19208056e+08]
 [1.08117898e+08]
 [1.16204843e+08]
 [1.02964733e+08]
 [8.98156432e+07]
 [9.21836162e+07]
 [7.76983111e+07]
 [6.32453472e+07]
 [5.43524152e+07]
 [4.14072274e+07]
 [3.17048506e+07]]",
towerse.post.shear_stress,output,Pa,"[[ 3228450.83976149]
 [ 3228821.40874377]
 [ 3229180.11509583]
 [ 3611065.55612616]
 [ 3611439.17794486]
 [ 3611799.19461492]
 [ 4072270.69885912]
 [ 4072645.24902589]
 [ 4073004.24484403]
 [ 4585972.84264917]
 [ 4586341.60252587]
 [ 4586692.69585311]
 [ 5195788.95296552]
 [ 5196146.44737323]
 [ 5196483.81839686]
 [ 5988800.75989556]
 [ 5989143.23428247]
 [ 5989462.43692308]
 [ 7051992.06800049]
 [ 7052313.44145058]
 [ 7052607.34583298]
 [ 8462320.57502772]
 [ 8462607.96748322]
 [ 8462862.31300276]
 [10149648.63123228]
 [10217980.09539247]
 [10287188.89875193]
 [11378040.31759194]
 [11641372.74827364]
 [11917038.7036423 ]]",
towerse.post.hoop_stress,output,Pa,"[[ -1316.76229204]
 [ -3054.240553  ]
 [ -3780.88999576]
 [ -4857.93782384]
 [ -5376.94505887]
 [ -5829.21618861]
 [ -7041.49324192]
 [ -7457.63296758]
 [ -7841.43469076]
 [ -9246.6173765 ]
 [ -9624.88184234]
 [ -9982.02182703]
 [-11709.75625632]
 [-12076.17137285]
 [-12426.60493129]
 [-14732.17342185]
 [-15105.46504537]
 [-15465.39649736]
 [-18648.35647569]
 [-19045.37472832]
 [-19430.34379222]
 [-23799.31557215]
 [-24236.20078156]
 [-24661.57583568]
 [-29921.33034248]
 [-30218.46737752]
 [-30498.60903566]
 [-33309.09546979]
 [-33090.04743936]
 [-32841.59816224]]",
towerse.post.hoop_stress_euro,output,Pa,"[[0.]
 [0.]
 [0.]
 [0.]
 [0.]
 [0.]
 [0.]
 [0.]
 [0.]
 [0.]
 [0.]
 [0.]
 [0.]
 [0.]
 [0.]
 [0.]
 [0.]
 [0.]
 [0.]
 [0.]
 [0.]
 [0.]
 [0.]
 [0.]
 [0.]
 [0.]
 [0.]
 [0.]
 [0.]
 [0.]]",
towerse.post.constr_stress,output,,"[[0.7718804 ]
 [0.74716646]
 [0.72233232]
 [0.77760314]
 [0.74946657]
 [0.72123868]
 [0.77912138]
 [0.74697567]
 [0.71476769]
 [0.76661157]
 [0.73009744]
 [0.69355651]
 [0.74257279]
 [0.70100389]
 [0.65945303]
 [0.71054172]
 [0.66256798]
 [0.61467814]
 [0.66593745]
 [0.60962959]
 [0.55353939]
 [0.59587273]
 [0.52911879]
 [0.4629948 ]
 [0.4774597 ]
 [0.40544664]
 [0.334325  ]
 [0.29418165]
 [0.23435882]
 [0.19251878]]",
towerse.post.constr_shell_buckling,output,,"[[0.03914257]
 [0.03799672]
 [0.03686065]
 [0.04215987]
 [0.0410031 ]
 [0.03986102]
 [0.04667124]
 [0.04549632]
 [0.04433747]
 [0.05246957]
 [0.05126318]
 [0.05007347]
 [0.06071273]
 [0.05944588]
 [0.05819523]
 [0.07399353]
 [0.07261751]
 [0.07124316]
 [0.09252653]
 [0.09106966]
 [0.08963425]
 [0.12303165]
 [0.12134314]
 [0.11967197]
 [0.16700074]
 [0.16539924]
 [0.16383357]
 [0.19336158]
 [0.19286337]
 [0.19252276]]",
towerse.post.constr_global_buckling,output,,"[[1.30203594]
 [1.25394981]
 [1.20597489]
 [1.30269772]
 [1.24963866]
 [1.19676531]
 [1.29729384]
 [1.23846792]
 [1.17990793]
 [1.27006372]
 [1.20505507]
 [1.1404024 ]
 [1.22631982]
 [1.15419166]
 [1.08252543]
 [1.17354283]
 [1.09230289]
 [1.01166537]
 [1.10581092]
 [1.01254771]
 [0.92011667]
 [1.00354851]
 [0.89492404]
 [0.78767169]
 [0.82889303]
 [0.71347284]
 [0.59940523]
 [0.54411639]
 [0.44706598]
 [0.37385354]]",
towerse.tower.f1,output,Hz,[0.21851674],
towerse.tower.f2,output,Hz,[0.22088879],
towerse.tower.structural_frequencies,output,Hz,[0.21851674 0.22088879 0.78516438 1.01127853 1.15092581 2.3512847 ],
towerse.tower.fore_aft_modes,output,,"[[ 1.15733771e+00 -1.03756469e-01 -3.47959746e-03 -1.82324431e-02
  -3.18692023e-02]
 [-5.41495739e+01  4.81536759e+01  8.02261464e+00  4.20266439e+00
  -5.22938109e+00]
 [-4.92346348e+01  6.33067631e+01  5.73351460e+01 -8.61502511e+01
   1.57429768e+01]]",
towerse.tower.side_side_modes,output,,"[[ 1.14575839e+00 -9.64629913e-02 -1.28394145e-03 -1.88284039e-02
  -2.91830583e-02]
 [-6.14773371e+02  5.07782009e+02  8.22064759e+01  5.29245962e+01
  -2.71397106e+01]
 [-4.22498548e+01  5.31716613e+01  4.18546378e+01 -5.93777768e+01
   7.60133245e+00]]",
towerse.tower.torsion_modes,output,,"[[  7.02542545 -26.0788293   46.34841111 -38.34530523  12.05029796]
 [  0.           0.           0.           0.           0.        ]
 [  0.           0.           0.           0.           0.        ]]",
towerse.tower.fore_aft_freqs,output,Hz,[0.22088879 1.15092581 2.49337476],
towerse.tower.side_side_freqs,output,Hz,[0.21851674 1.01127853 2.3512847 ],
towerse.tower.torsion_freqs,output,Hz,[6.91648176 0.         0.        ],
towerse.tower.tower_deflection,output,m,"[[0.        ]
 [0.0029954 ]
 [0.01152508]
 [0.02540775]
 [0.04477648]
 [0.06970906]
 [0.10000073]
 [0.13578808]
 [0.17714074]
 [0.22382638]
 [0.27595034]
 [0.33354312]
 [0.39634226]
 [0.4644353 ]
 [0.53782082]
 [0.61620133]
 [0.69966796]
 [0.78819619]
 [0.88144378]
 [0.97949987]
 [1.08229884]
 [1.18943914]
 [1.30097245]
 [1.41674565]
 [1.53627931]
 [1.65950479]
 [1.78614031]
 [1.9156583 ]
 [2.04768742]
 [2.18173248]
 [2.31718547]]",
towerse.tower.top_deflection,output,m,[2.31718547],
towerse.tower.tower_Fz,output,N,"[[-9354112.73772666]
 [-8921285.7653038 ]
 [-8488146.57981274]
 [-8100292.70471186]
 [-7712245.4052359 ]
 [-7324031.00909008]
 [-6979235.67991221]
 [-6634306.07987926]
 [-6289253.27873564]
 [-5982340.72909052]
 [-5675321.39041427]
 [-5368201.55882843]
 [-5096618.21785514]
 [-4824944.49910245]
 [-4553184.54277324]
 [-4316861.11826938]
 [-4080458.42063698]
 [-3843979.41402285]
 [-3642542.24969726]
 [-3441033.91494342]
 [-3239456.65480865]
 [-3070798.1532315 ]
 [-2902074.70174006]
 [-2733288.0702131 ]
 [-2591843.3236317 ]
 [-2451201.87244789]
 [-2311365.81904806]
 [-2184407.25217278]
 [-2060016.93143756]
 [-1938198.3268541 ]]",
towerse.tower.tower_Vx,output,N,"[[2058332.23388975]
 [2058594.59672111]
 [2058848.60589495]
 [2059012.63377187]
 [2059249.2734797 ]
 [2059477.34585267]
 [2059540.7279309 ]
 [2059751.23461348]
 [2059953.05564177]
 [2059940.78044581]
 [2060124.97894228]
 [2060300.41752803]
 [2060213.454759  ]
 [2060371.24915862]
 [2060520.2371223 ]
 [2060347.75700158]
 [2060479.11449629]
 [2060601.63747299]
 [2060350.04997337]
 [2060454.9846276 ]
 [2060551.06520629]
 [2060246.26017988]
 [2060324.78838158]
 [2060394.44187772]
 [2060094.08980167]
 [2060135.04058331]
 [2060167.20852029]
 [2060019.37795198]
 [2060008.82171023]
 [2059988.84665352]]",
towerse.tower.tower_Vy,output,N,"[[54457.19696375]
 [54448.79269036]
 [54440.15611582]
 [54433.98231914]
 [54424.90411384]
 [54415.60047643]
 [54411.73871204]
 [54402.0018342 ]
 [54392.04386692]
 [54390.10808727]
 [54379.72029951]
 [54369.11467165]
 [54369.611799  ]
 [54358.57781354]
 [54347.3284237 ]
 [54351.50163162]
 [54339.82212861]
 [54327.92887221]
 [54336.51071413]
 [54324.1801651 ]
 [54311.63675974]
 [54324.38960921]
 [54311.3949825 ]
 [54298.18769415]
 [54312.25899036]
 [54299.36690024]
 [54286.17267996]
 [54288.27221784]
 [54276.49311291]
 [54264.14646278]]",
towerse.tower.tower_Mxx,output,N*m,"[[ 9256682.88689451]
 [ 9502958.57213633]
 [ 9747723.68296324]
 [ 9991008.33880998]
 [10232812.54406538]
 [10473262.19318998]
 [10712390.97101612]
 [10950174.87242619]
 [11186753.69891579]
 [11422172.44152477]
 [11656395.47133023]
 [11889576.44170083]
 [12121765.98980708]
 [12352905.9464142 ]
 [12583163.55633606]
 [12812584.36405161]
 [13041064.59804395]
 [13268784.53681293]
 [13495777.63398324]
 [13721880.40943502]
 [13947285.59044546]
 [14172011.95384964]
 [14395835.90304661]
 [14618962.20757554]
 [14841403.96571583]
 [15062893.34545119]
 [15283599.59984267]
 [15503577.07616694]
 [15722683.72820763]
 [15940980.64357944]]",
towerse.tower.tower_Myy,output,N*m,"[[2.88933860e+08]
 [2.79455036e+08]
 [2.69932173e+08]
 [2.60368784e+08]
 [2.50767867e+08]
 [2.41135322e+08]
 [2.31474314e+08]
 [2.21786836e+08]
 [2.12078271e+08]
 [2.02351643e+08]
 [1.92608330e+08]
 [1.82853184e+08]
 [1.73088940e+08]
 [1.63316252e+08]
 [1.53539436e+08]
 [1.43760799e+08]
 [1.33980079e+08]
 [1.24201070e+08]
 [1.14425670e+08]
 [1.04652796e+08]
 [9.48857449e+07]
 [8.51261108e+07]
 [7.53723306e+07]
 [6.56272305e+07]
 [5.58922802e+07]
 [4.61660030e+07]
 [3.64505517e+07]
 [2.67474943e+07]
 [1.70568981e+07]
 [7.38018524e+06]]",
towerse.tower.tower_Mzz,output,N*m,"[[1111611.76093284]
 [1111606.85843946]
 [1111601.94833125]
 [1111608.3858853 ]
 [1111603.46727396]
 [1111598.54625324]
 [1111605.43530653]
 [1111600.50668299]
 [1111595.57618387]
 [1111601.94486541]
 [1111597.00629743]
 [1111592.066055  ]
 [1111598.57934793]
 [1111593.62976297]
 [1111588.67857497]
 [1111596.36653344]
 [1111591.40348286]
 [1111586.4388118 ]
 [1111595.78583458]
 [1111590.80537036]
 [1111585.82319111]
 [1111596.84469719]
 [1111591.84135851]
 [1111586.83613811]
 [1111597.96185523]
 [1111593.49726498]
 [1111589.00644834]
 [1111592.68118319]
 [1111589.46527729]
 [1111586.21726988]]",
towerse.tower.turbine_F,output,N,"[[ 2058190.59753148]
 [   54461.10241327]
 [-9786264.64689636]]",
towerse.tower.turbine_M,output,N*m,"[[9.00878215e+06]
 [2.98362132e+08]
 [1.11150075e+06]]",
towerse.turbine_mass,output,kg,[1154836.28029528],
towerse.turbine_center_of_mass,output,m,[-1.99414898e+00 -2.72028700e-02  8.02262256e+01],
towerse.turbine_I_base,output,kg*m**2,"[1.03494030e+10 1.02814101e+10 1.35515392e+08 1.45286803e+01
 1.49528889e+05 4.81127798e+04]",
rotorse.ccblade.CP,output,,[0.45535193],Rotor power coefficient
rotorse.ccblade.CM,output,,[0.16715006],Blade flapwise moment coefficient
rotorse.ccblade.local_airfoil_velocities,output,m/s,"[ 8.4716591   9.88826898 11.94314316 14.37895546 17.09575837 19.94387238
 22.82503183 25.7413827  28.70379862 31.7253743  34.77358896 37.8445544
 40.92967803 44.02754256 47.12921378 50.23309175 53.34459621 56.46367989
 59.58828395 62.71631281 66.78586657 68.97735777 72.10616902 75.23680977
 78.3678691  81.51110546 84.65056488 87.78671917 90.9167728  93.11865999]",Local relative velocities for the airfoils
rotorse.ccblade.P,output,W,[0.],Rotor aerodynamic power
rotorse.ccblade.T,output,N*m,[0.],Rotor aerodynamic thrust
rotorse.ccblade.Q,output,N*m,[0.],Rotor aerodynamic torque
rotorse.ccblade.M,output,N*m,[0.],Blade root flapwise moment
rotorse.ccblade.a,output,,"[0.10715225 0.05354422 0.06770508 0.0819927  0.10565106 0.1396378
 0.17941698 0.24010754 0.28861406 0.29838321 0.30592596 0.3086565
 0.30759656 0.3009502  0.30196172 0.30372815 0.30583676 0.3025794
 0.29465852 0.28523553 0.27438167 0.27018702 0.27024359 0.27110082
 0.2695073  0.25745624 0.24218487 0.23351169 0.24160284 0.29265525]",Axial induction  along blade span
rotorse.ccblade.ap,output,,"[-0.10715225 -0.04676133  0.00404812  0.01218428  0.02060625  0.02467342
  0.02387246  0.02346693  0.0212061   0.01755322  0.0147748   0.01254663
  0.01071889  0.00914131  0.00803218  0.00703716  0.0062796   0.00559147
  0.00496746  0.00442377  0.003844    0.00358743  0.00330845  0.00307087
  0.00282729  0.00259236  0.00230869  0.00208386  0.00197467  0.00208286]",Tangential induction along blade span
rotorse.ccblade.alpha,output,deg,"[47.92155649 38.02600546 25.75598181 18.49231873 13.65286415 10.87200555
  9.85168795  9.01257369  7.98571192  6.7166407   5.61895512  4.75809715
  4.07286175  3.61639707  3.43175453  3.48358474  3.61065182  3.72111468
  3.83524704  3.98588312  4.2890389   4.53884829  5.09736225  5.83595443
  6.61611296  7.33092081  7.95748901  8.4983328   8.88660589  9.00429673]",Angles of attack along blade span
rotorse.ccblade.cl,output,,"[-2.28507779e-18  3.16860454e-02  4.68751562e-01  6.25853525e-01
  7.79599696e-01  9.11474001e-01  1.00179331e+00  1.11993287e+00
  1.14743059e+00  1.07394582e+00  1.00677290e+00  9.50831227e-01
  8.98700037e-01  8.63697517e-01  8.48878567e-01  8.53289082e-01
  8.64734064e-01  8.72781812e-01  8.79614936e-01  8.90533757e-01
  9.18048111e-01  9.41710033e-01  9.97800942e-01  1.07036954e+00
  1.15512731e+00  1.22896554e+00  1.30139607e+00  1.39343353e+00
  1.48233826e+00  1.55091332e+00]",Lift coefficients along blade span
rotorse.ccblade.cd,output,,"[0.5        0.49895139 0.38759053 0.26444347 0.13058567 0.04937039
 0.02738907 0.01738442 0.01308336 0.01247271 0.01141361 0.0103278
 0.00954489 0.00943832 0.00877519 0.00969972 0.00961132 0.00947927
 0.00932473 0.00916595 0.00897236 0.0088902  0.00886003 0.00885961
 0.00951291 0.00836044 0.00925276 0.01076015 0.01230468 0.01422481]",Drag coefficients along blade span
rotorse.ccblade.cl_n_opt,output,,"[-2.28507779e-18  3.16860454e-02  4.68751562e-01  6.25853525e-01
  7.79599696e-01  9.11474001e-01  1.00179331e+00  1.11993287e+00
  1.14743059e+00  1.07394582e+00  1.00677290e+00  9.50831227e-01
  8.98700037e-01  8.63697517e-01  8.48878567e-01  8.53289082e-01
  8.64734064e-01  8.72781812e-01  8.79614936e-01  8.90533757e-01
  9.11698644e-01  9.41710033e-01  9.97800942e-01  1.07036954e+00
  1.15512731e+00  1.22896554e+00  1.30139607e+00  1.39343353e+00
  1.48233826e+00  1.55091332e+00]",Lift coefficients along blade span
rotorse.ccblade.cd_n_opt,output,,"[0.5        0.49895139 0.38759053 0.26444347 0.13058567 0.04937039
 0.02738907 0.01738442 0.01308336 0.01247271 0.01141361 0.0103278
 0.00954489 0.00943832 0.00877519 0.00969972 0.00961132 0.00947927
 0.00932473 0.00916595 0.00901704 0.0088902  0.00886003 0.00885961
 0.00951291 0.00836044 0.00925276 0.01076015 0.01230468 0.01422481]",Drag coefficients along blade span
rotorse.ccblade.Px_b,output,N/m,"[  96.95329788  126.82152256  265.11119253  431.72213121  688.00740151
 1063.72234652 1539.21886799 2204.72047252 2820.88749368 3227.81434321
 3634.89108463 4020.35528471 4384.24907451 4702.73581491 5088.78254015
 5487.87371655 5897.1623173  6250.73938395 6541.6665763  6797.34588964
 7122.41482772 7308.5943152  7665.26761311 8015.1660141  8269.11800962
 8189.44352533 7795.50792175 7138.81190914 5995.34404697 4175.56792997]",Distributed loads in blade-aligned x-direction
rotorse.ccblade.Py_b,output,N/m,"[  39.32231136   72.18371222  -15.78695727  -85.79368239 -224.85568731
 -377.97293558 -479.89239219 -575.83647776 -621.51330671 -630.87505314
 -639.69398957 -647.71168114 -653.9792098  -656.42716033 -664.38090102
 -663.61868742 -669.3853926  -674.09337631 -677.35407711 -679.60431461
 -682.4456622  -684.17288481 -689.80419497 -694.5106345  -689.36337582
 -679.70427246 -634.48834679 -562.70377861 -447.17984635 -277.33895482]",Distributed loads in blade-aligned y-direction
rotorse.ccblade.Pz_b,output,N/m,"[0. 0. 0. 0. 0. 0. 0. 0. 0. 0. 0. 0. 0. 0. 0. 0. 0. 0. 0. 0. 0. 0. 0. 0.
 0. 0. 0. 0. 0. 0.]",Distributed loads in blade-aligned z-direction
rotorse.ccblade.Px_af,output,N/m,"[  77.65488171   96.99728574  257.8815425   438.85910016  721.92694918
 1118.51070389 1595.4647431  2255.81604248 2864.92226064 3270.56303467
 3676.87749635 4061.59257185 4424.65583257 4741.8627712  5125.66852495
 5521.09936453 5927.03901053 6277.78905365 6566.20729063 6819.23796683
 7139.88579108 7322.68487897 7671.57503969 8009.99845222 8250.13659386
 8157.37354709 7753.47792213 7090.28896549 5947.33437843 4139.03065662]",Distributed loads in airfoil x-direction
rotorse.ccblade.Py_af,output,N/m,"[   70.11351858   109.0216192     63.4845057     33.87100115
   -52.30434675  -152.65181229  -232.34389426  -321.98446167
  -368.65360827  -346.7076624   -319.7084207   -293.68829975
  -267.86100408  -247.70591578  -254.22803719  -273.14739263
  -307.9103246   -339.86662665  -370.31332382  -404.68100966
  -465.35572456  -511.79054671  -615.70595118  -751.76861493
  -888.13326904  -993.0961513  -1027.666936   -1003.53046907
  -879.39402296  -617.01673979]",Distributed loads in airfoil y-direction
rotorse.ccblade.Pz_af,output,N/m,"[0. 0. 0. 0. 0. 0. 0. 0. 0. 0. 0. 0. 0. 0. 0. 0. 0. 0. 0. 0. 0. 0. 0. 0.
 0. 0. 0. 0. 0. 0.]",Distributed loads in airfoil z-direction
rotorse.ccblade.LiftF,output,N/m,"[-2.13162821e-14  9.24839472e+00  2.04675241e+02  4.05456011e+02
  7.13873771e+02  1.12722706e+03  1.61169160e+03  2.27840496e+03
  2.88835600e+03  3.28866690e+03  3.69051367e+03  4.07195663e+03
  4.43250635e+03  4.74804472e+03  5.13169520e+03  5.52749488e+03
  5.93466504e+03  6.28661139e+03  6.57627174e+03  6.83087330e+03
  7.15469325e+03  7.34022081e+03  7.69593968e+03  8.04492369e+03
  8.29752162e+03  8.21741189e+03  7.82108861e+03  7.16074112e+03
  6.01179089e+03  4.18459214e+03]",Distributed lift force
rotorse.ccblade.DragF,output,N/m,"[104.62402277 145.63191302 169.23716511 171.31835228 119.57635202
  61.05674934  44.06371107  35.36707935  32.93393847  38.1942712
  41.83872025  44.22902973  47.07663531  51.88571291  53.04836244
  62.83350877  65.96243552  68.27875491  69.71457358  70.30773751
  69.92499204  69.29527578  68.33655589  66.5890808   68.33325562
  55.90162222  55.60691938  55.2955196   49.90301566  38.38061845]",Distributed drag force
rotorse.ccblade.L_n_opt,output,N/m,"[-2.13162821e-14  9.24839472e+00  2.04675241e+02  4.05456011e+02
  7.13873771e+02  1.12722706e+03  1.61169160e+03  2.27840496e+03
  2.88835600e+03  3.28866690e+03  3.69051367e+03  4.07195663e+03
  4.43250635e+03  4.74804472e+03  5.13169520e+03  5.52749488e+03
  5.93466504e+03  6.28661139e+03  6.57627174e+03  6.83087330e+03
  7.07996557e+03  7.34022081e+03  7.69593968e+03  8.04492369e+03
  8.29752162e+03  8.21741189e+03  7.82108861e+03  7.16074112e+03
  6.01179089e+03  4.18459214e+03]",Distributed lift force
rotorse.ccblade.D_n_opt,output,N/m,"[104.62402277 145.63191302 169.23716511 171.31835228 119.57635202
  61.05674934  44.06371107  35.36707935  32.93393847  38.1942712
  41.83872025  44.22902973  47.07663531  51.88571291  53.04836244
  62.83350877  65.96243552  68.27875491  69.71457358  70.30773751
  70.01331792  69.29527578  68.33655589  66.5890808   68.33325562
  55.90162222  55.60691938  55.2955196   49.90301566  38.38061845]",Distributed drag force
rotorse.re.precomp.z,output,m,"[  3.           6.44814717   9.89629433  13.3444415   16.79258866
  20.24073583  23.68888299  27.13703016  30.58517733  34.03332449
  37.48147166  40.92961882  44.37776599  47.82591316  51.27406032
  54.72220749  58.17035465  61.61850182  65.06664898  68.51479615
  72.99738747  75.41109048  78.85923765  82.30738481  85.75553198
  89.20367915  92.65182631  96.09997348  99.54812064 102.99626781]",locations of properties along beam
rotorse.re.Tw_iner,output,deg,"[ 32.07801864 -12.38481217  23.09160988  19.2358007   16.66736906
  13.93419231  10.83368887   8.08256555   6.55910585   6.49583837
   6.5473297    6.57835951   6.5860612    6.49439483   6.06802231
   5.47795803   4.83661032   4.28625949   3.80235297   3.31455792
   3.08426688   2.0644494    1.07647465  -0.14072731  -1.34409263
  -2.35890352  -3.19209099  -3.87618932  -4.47876833  -4.57177729]",Orientation of the section principal inertia axes with respect the blade reference plane
rotorse.re.x_tc,output,m,"[-6.97692885e-06 -1.89197585e-02  4.20011816e-03  6.87227062e-02
  6.59101329e-02  6.71688949e-02  7.05002232e-02  6.19338783e-02
  4.99926357e-02  3.85495845e-02  2.65560350e-02  1.66661368e-02
  9.74448560e-03  6.97592682e-03  8.23033828e-03  1.17060905e-02
  1.64122673e-02  2.10597872e-02  2.58138169e-02  3.01801772e-02
  2.85464988e-02  3.66081413e-02  3.88651802e-02  4.16233223e-02
  4.15614003e-02  4.15839332e-02  4.12114640e-02  3.91953299e-02
  3.41974871e-02  2.67688934e-02]",X-coordinate of the tension-center offset with respect to the XR-YR axes
rotorse.re.y_tc,output,m,"[-1.45834643e-04 -8.66850989e-03  6.19552967e-02 -1.23831780e-01
 -1.75835938e-01 -2.02193366e-01 -2.15894254e-01 -2.20712881e-01
 -2.08091768e-01 -1.83211292e-01 -1.49594234e-01 -1.09313704e-01
 -7.08900103e-02 -2.91591659e-02 -1.16263702e-02 -2.08194076e-02
 -2.21219247e-02 -4.14663509e-02 -6.03677662e-02 -7.46138451e-02
 -5.92515588e-02 -8.87479462e-02 -8.91951009e-02 -8.43818206e-02
 -7.68757697e-02 -6.26070138e-02 -4.39015480e-02 -2.31111915e-02
 -3.30705016e-04 -9.83902892e-03]",Chordwise offset of the section tension-center with respect to the XR-YR axes
rotorse.re.x_sc,output,m,"[-6.97692884e-06 -1.89238805e-02  4.21974065e-03  7.03520069e-02
  6.76488588e-02  6.87490487e-02  7.18225867e-02  6.28351315e-02
  5.05837416e-02  3.89490908e-02  2.68310858e-02  1.68577664e-02
  9.88248570e-03  7.11638868e-03  8.40916389e-03  1.19044539e-02
  1.65304427e-02  2.12623358e-02  2.60080354e-02  3.03208231e-02
  2.86171810e-02  3.67502778e-02  3.90052168e-02  4.17661320e-02
  4.16972049e-02  4.17111410e-02  4.13308601e-02  3.93067287e-02
  3.42982815e-02  2.67688934e-02]",X-coordinate of the shear-center offset with respect to the XR-YR axes
rotorse.re.y_sc,output,m,"[-1.45834643e-04 -9.17762153e-03  5.50541931e-02 -1.36230488e-01
 -1.94448200e-01 -2.24089827e-01 -2.36681609e-01 -2.37197014e-01
 -2.22489456e-01 -1.98266147e-01 -1.67423066e-01 -1.29682876e-01
 -9.28362142e-02 -5.08743432e-02 -3.15166174e-02 -3.60574779e-02
 -1.88407020e-02 -4.88876148e-02 -6.48120834e-02 -7.28846363e-02
 -5.82803758e-02 -8.76496831e-02 -8.83234386e-02 -8.37003457e-02
 -7.63482495e-02 -6.21906086e-02 -4.35489978e-02 -2.27862830e-02
  3.35738714e-05 -9.83902892e-03]","Chordwise offset of the section shear-center with respect to the reference frame, XR-YR"
rotorse.re.x_cg,output,m,"[-6.97692884e-06 -2.88336320e-03 -2.80320681e-03  1.21775988e-02
  1.57952508e-02  2.60322427e-02  3.63320817e-02  3.82810439e-02
  3.63067777e-02  3.21273641e-02  2.63783066e-02  2.13381530e-02
  1.79762872e-02  1.63769869e-02  1.70793492e-02  1.87289462e-02
  2.11676776e-02  2.31161308e-02  2.50916027e-02  2.68521991e-02
  2.15630292e-02  2.96452983e-02  3.07113257e-02  3.15450115e-02
  3.08774366e-02  3.05582385e-02  3.01864515e-02  2.87981444e-02
  2.49745473e-02  1.91221898e-02]",X-coordinate of the center-of-mass offset with respect to the XR-YR axes
rotorse.re.y_cg,output,m,"[-1.45834643e-04 -3.43220611e-03  3.87562432e-02 -4.17910192e-03
 -9.93106391e-04  2.83896849e-02  5.86304030e-02  8.78100912e-02
  1.27202993e-01  1.69160467e-01  2.09195476e-01  2.54527544e-01
  2.90494567e-01  3.44825443e-01  3.53362107e-01  3.21995619e-01
  3.09721224e-01  2.73731300e-01  2.34739357e-01  1.94699778e-01
  5.94010258e-02  1.20378454e-01  8.75691847e-02  5.93486103e-02
  3.34880063e-02  1.69476508e-02  8.60539446e-03  3.25907532e-03
  1.07501071e-03 -2.34159263e-02]",Chordwise offset of the section center of mass with respect to the XR-YR axes
rotorse.re.precomp.flap_iner,output,kg/m,"[5.52379497e+03 4.53843499e+03 2.98704490e+03 1.84092393e+03
 9.64302783e+02 5.47306103e+02 3.68112391e+02 2.52231469e+02
 1.84968823e+02 1.49768164e+02 1.27868029e+02 1.10145391e+02
 9.63735994e+01 8.07179584e+01 6.63114758e+01 5.17723434e+01
 3.97185875e+01 2.99847672e+01 2.21302441e+01 1.60484750e+01
 2.58459496e+01 7.55136231e+00 4.81982730e+00 2.92540935e+00
 1.61258469e+00 8.34600802e-01 3.99086598e-01 1.61982419e-01
 5.06910770e-02 8.82093686e-03]",Section flap inertia about the Y_G axis per unit length.
rotorse.re.precomp.edge_iner,output,kg/m,"[5.52402689e+03 4.44512660e+03 3.56856186e+03 2.78212363e+03
 2.12693396e+03 1.72254603e+03 1.46009951e+03 1.26452647e+03
 1.12829610e+03 1.03892886e+03 9.82698714e+02 9.27395356e+02
 8.76701920e+02 7.88157131e+02 6.86440265e+02 5.45467593e+02
 4.33707998e+02 3.31728983e+02 2.46299770e+02 1.78235850e+02
 1.66486139e+02 8.60523619e+01 5.71485333e+01 3.64525229e+01
 2.14275864e+01 1.20984171e+01 6.34097247e+00 2.84898377e+00
 1.04826303e+00 1.75752619e-01]",Section lag inertia about the X_G axis per unit length
rotorse.blade_mass,output,kg,[49737.88272227],mass of one blade
rotorse.blade_moment_of_inertia,output,kg*m**2,[64898388.88854694],mass moment of inertia of blade about hub
rotorse.mass_all_blades,output,kg,[149213.64816681],mass of all blades
rotorse.I_all_blades,output,kg*m**2,"[1.94695167e+08 9.73475833e+07 9.73475833e+07 0.00000000e+00
 0.00000000e+00 0.00000000e+00]","mass moments of inertia of all blades in hub c.s. order:Ixx, Iyy, Izz, Ixy, Ixz, Iyz"
rotorse.re.sc_ss_mats,output,,"[[0. 0. 0. 0. 0. 0. 0. 0. 0. 0.]
 [0. 0. 0. 0. 0. 0. 0. 0. 0. 0.]
 [0. 0. 0. 0. 0. 0. 0. 0. 0. 0.]
 [0. 0. 0. 0. 0. 0. 0. 0. 0. 0.]
 [0. 0. 0. 0. 0. 0. 0. 0. 0. 0.]
 [0. 0. 0. 0. 0. 0. 0. 0. 0. 0.]
 [0. 0. 0. 0. 0. 0. 0. 0. 0. 0.]
 [0. 0. 0. 0. 0. 0. 0. 0. 0. 0.]
 [0. 0. 0. 0. 0. 0. 0. 0. 0. 0.]
 [0. 0. 0. 0. 0. 0. 0. 0. 0. 0.]
 [0. 0. 0. 0. 0. 0. 0. 0. 0. 0.]
 [0. 0. 0. 0. 0. 0. 0. 0. 0. 0.]
 [0. 0. 0. 0. 0. 0. 0. 0. 0. 0.]
 [0. 0. 0. 0. 0. 0. 0. 0. 0. 0.]
 [0. 0. 0. 0. 0. 0. 0. 0. 0. 0.]
 [0. 0. 0. 0. 0. 0. 0. 0. 0. 0.]
 [0. 0. 0. 0. 0. 0. 0. 0. 0. 0.]
 [0. 0. 0. 0. 0. 0. 0. 0. 0. 0.]
 [0. 0. 0. 0. 0. 0. 0. 0. 0. 0.]
 [0. 0. 0. 0. 0. 0. 0. 0. 0. 0.]
 [0. 0. 0. 0. 0. 0. 0. 0. 0. 0.]
 [0. 0. 0. 0. 0. 0. 0. 0. 0. 0.]
 [0. 0. 0. 0. 0. 0. 0. 0. 0. 0.]
 [0. 0. 0. 0. 0. 0. 0. 0. 0. 0.]
 [0. 0. 0. 0. 0. 0. 0. 0. 0. 0.]
 [0. 0. 0. 0. 0. 0. 0. 0. 0. 0.]
 [0. 0. 0. 0. 0. 0. 0. 0. 0. 0.]
 [0. 0. 0. 0. 0. 0. 0. 0. 0. 0.]
 [0. 0. 0. 0. 0. 0. 0. 0. 0. 0.]
 [0. 0. 0. 0. 0. 0. 0. 0. 0. 0.]]","spar cap, suction side,  boolean of materials in each composite layer spanwise, passed as floats for differentiablity, used for Fatigue Analysis"
rotorse.re.sc_ps_mats,output,,"[[0. 0. 0. 0. 0. 0. 0. 0. 0. 0.]
 [0. 0. 0. 0. 0. 0. 0. 0. 0. 0.]
 [0. 0. 0. 0. 0. 0. 0. 0. 0. 0.]
 [0. 0. 0. 0. 0. 0. 0. 0. 0. 0.]
 [0. 0. 0. 0. 0. 0. 0. 0. 0. 0.]
 [0. 0. 0. 0. 0. 0. 0. 0. 0. 0.]
 [0. 0. 0. 0. 0. 0. 0. 0. 0. 0.]
 [0. 0. 0. 0. 0. 0. 0. 0. 0. 0.]
 [0. 0. 0. 0. 0. 0. 0. 0. 0. 0.]
 [0. 0. 0. 0. 0. 0. 0. 0. 0. 0.]
 [0. 0. 0. 0. 0. 0. 0. 0. 0. 0.]
 [0. 0. 0. 0. 0. 0. 0. 0. 0. 0.]
 [0. 0. 0. 0. 0. 0. 0. 0. 0. 0.]
 [0. 0. 0. 0. 0. 0. 0. 0. 0. 0.]
 [0. 0. 0. 0. 0. 0. 0. 0. 0. 0.]
 [0. 0. 0. 0. 0. 0. 0. 0. 0. 0.]
 [0. 0. 0. 0. 0. 0. 0. 0. 0. 0.]
 [0. 0. 0. 0. 0. 0. 0. 0. 0. 0.]
 [0. 0. 0. 0. 0. 0. 0. 0. 0. 0.]
 [0. 0. 0. 0. 0. 0. 0. 0. 0. 0.]
 [0. 0. 0. 0. 0. 0. 0. 0. 0. 0.]
 [0. 0. 0. 0. 0. 0. 0. 0. 0. 0.]
 [0. 0. 0. 0. 0. 0. 0. 0. 0. 0.]
 [0. 0. 0. 0. 0. 0. 0. 0. 0. 0.]
 [0. 0. 0. 0. 0. 0. 0. 0. 0. 0.]
 [0. 0. 0. 0. 0. 0. 0. 0. 0. 0.]
 [0. 0. 0. 0. 0. 0. 0. 0. 0. 0.]
 [0. 0. 0. 0. 0. 0. 0. 0. 0. 0.]
 [0. 0. 0. 0. 0. 0. 0. 0. 0. 0.]
 [0. 0. 0. 0. 0. 0. 0. 0. 0. 0.]]","spar cap, pressure side, boolean of materials in each composite layer spanwise, passed as floats for differentiablity, used for Fatigue Analysis"
rotorse.re.te_ss_mats,output,,"[[0. 0. 0. 0. 0. 0. 0. 0. 0. 0.]
 [0. 0. 0. 0. 0. 0. 0. 0. 0. 0.]
 [0. 0. 0. 0. 0. 0. 0. 0. 0. 0.]
 [0. 0. 0. 0. 0. 0. 0. 0. 0. 0.]
 [0. 0. 0. 0. 0. 0. 0. 0. 0. 0.]
 [0. 0. 0. 0. 0. 0. 0. 0. 0. 0.]
 [0. 0. 0. 0. 0. 0. 0. 0. 0. 0.]
 [0. 0. 0. 0. 0. 0. 0. 0. 0. 0.]
 [0. 0. 0. 0. 0. 0. 0. 0. 0. 0.]
 [0. 0. 0. 0. 0. 0. 0. 0. 0. 0.]
 [0. 0. 0. 0. 0. 0. 0. 0. 0. 0.]
 [0. 0. 0. 0. 0. 0. 0. 0. 0. 0.]
 [0. 0. 0. 0. 0. 0. 0. 0. 0. 0.]
 [0. 0. 0. 0. 0. 0. 0. 0. 0. 0.]
 [0. 0. 0. 0. 0. 0. 0. 0. 0. 0.]
 [0. 0. 0. 0. 0. 0. 0. 0. 0. 0.]
 [0. 0. 0. 0. 0. 0. 0. 0. 0. 0.]
 [0. 0. 0. 0. 0. 0. 0. 0. 0. 0.]
 [0. 0. 0. 0. 0. 0. 0. 0. 0. 0.]
 [0. 0. 0. 0. 0. 0. 0. 0. 0. 0.]
 [0. 0. 0. 0. 0. 0. 0. 0. 0. 0.]
 [0. 0. 0. 0. 0. 0. 0. 0. 0. 0.]
 [0. 0. 0. 0. 0. 0. 0. 0. 0. 0.]
 [0. 0. 0. 0. 0. 0. 0. 0. 0. 0.]
 [0. 0. 0. 0. 0. 0. 0. 0. 0. 0.]
 [0. 0. 0. 0. 0. 0. 0. 0. 0. 0.]
 [0. 0. 0. 0. 0. 0. 0. 0. 0. 0.]
 [0. 0. 0. 0. 0. 0. 0. 0. 0. 0.]
 [0. 0. 0. 0. 0. 0. 0. 0. 0. 0.]
 [0. 0. 0. 0. 0. 0. 0. 0. 0. 0.]]","trailing edge reinforcement, suction side,  boolean of materials in each composite layer spanwise, passed as floats for differentiablity, used for Fatigue Analysis"
rotorse.re.te_ps_mats,output,,"[[0. 0. 0. 0. 0. 0. 0. 0. 0. 0.]
 [0. 0. 0. 0. 0. 0. 0. 0. 0. 0.]
 [0. 0. 0. 0. 0. 0. 0. 0. 0. 0.]
 [0. 0. 0. 0. 0. 0. 0. 0. 0. 0.]
 [0. 0. 0. 0. 0. 0. 0. 0. 0. 0.]
 [0. 0. 0. 0. 0. 0. 0. 0. 0. 0.]
 [0. 0. 0. 0. 0. 0. 0. 0. 0. 0.]
 [0. 0. 0. 0. 0. 0. 0. 0. 0. 0.]
 [0. 0. 0. 0. 0. 0. 0. 0. 0. 0.]
 [0. 0. 0. 0. 0. 0. 0. 0. 0. 0.]
 [0. 0. 0. 0. 0. 0. 0. 0. 0. 0.]
 [0. 0. 0. 0. 0. 0. 0. 0. 0. 0.]
 [0. 0. 0. 0. 0. 0. 0. 0. 0. 0.]
 [0. 0. 0. 0. 0. 0. 0. 0. 0. 0.]
 [0. 0. 0. 0. 0. 0. 0. 0. 0. 0.]
 [0. 0. 0. 0. 0. 0. 0. 0. 0. 0.]
 [0. 0. 0. 0. 0. 0. 0. 0. 0. 0.]
 [0. 0. 0. 0. 0. 0. 0. 0. 0. 0.]
 [0. 0. 0. 0. 0. 0. 0. 0. 0. 0.]
 [0. 0. 0. 0. 0. 0. 0. 0. 0. 0.]
 [0. 0. 0. 0. 0. 0. 0. 0. 0. 0.]
 [0. 0. 0. 0. 0. 0. 0. 0. 0. 0.]
 [0. 0. 0. 0. 0. 0. 0. 0. 0. 0.]
 [0. 0. 0. 0. 0. 0. 0. 0. 0. 0.]
 [0. 0. 0. 0. 0. 0. 0. 0. 0. 0.]
 [0. 0. 0. 0. 0. 0. 0. 0. 0. 0.]
 [0. 0. 0. 0. 0. 0. 0. 0. 0. 0.]
 [0. 0. 0. 0. 0. 0. 0. 0. 0. 0.]
 [0. 0. 0. 0. 0. 0. 0. 0. 0. 0.]
 [0. 0. 0. 0. 0. 0. 0. 0. 0. 0.]]","trailing edge reinforcement, pressure side, boolean of materials in each composite layer spanwise, passed as floats for differentiablity, used for Fatigue Analysis"
rotorse.wt_class.V_mean,output,m/s,[7.5],
rotorse.wt_class.V_extreme1,output,m/s,[30.],
rotorse.wt_class.V_extreme50,output,m/s,[52.5],
towerse.constr_d_to_t,output,,"[ 96.91496253 108.45985024 122.38290531 137.89480143 156.31602724
 180.282286   212.42626375 255.07753082 302.31821512 316.59090065]",
towerse.constr_taper,output,,"[1.         1.         1.         1.         1.         1.
 1.         1.         0.98179869 0.93880853]",
towerse.slope,output,,"[1.         1.         1.         1.         1.         1.
 1.         1.         0.98179869 0.93880853]",
towerse.thickness_slope,output,,"[0.89355612 0.88623366 0.8875092  0.88215395 0.8670626  0.84868172
 0.83279097 0.83605997 0.91719931]",
towerse.member.ca_usr_grid_full,output,,"[0. 0. 0. 0. 0. 0. 0. 0. 0. 0. 0. 0. 0. 0. 0. 0. 0. 0. 0. 0. 0. 0. 0. 0.
 0. 0. 0. 0. 0. 0. 0.]",
towerse.member.cd_usr_grid_full,output,,"[0. 0. 0. 0. 0. 0. 0. 0. 0. 0. 0. 0. 0. 0. 0. 0. 0. 0. 0. 0. 0. 0. 0. 0.
 0. 0. 0. 0. 0. 0. 0.]",
towerse.member.nu_full,output,,"[0.26103405 0.26103405 0.26103405 0.26103405 0.26103405 0.26103405
 0.26103405 0.26103405 0.26103405 0.26103405 0.26103405 0.26103405
 0.26103405 0.26103405 0.26103405 0.26103405 0.26103405 0.26103405
 0.26103405 0.26103405 0.26103405 0.26103405 0.26103405 0.26103405
 0.26103405 0.26103405 0.26103405 0.26103405 0.26103405 0.26103405]",
towerse.member.nodes_r,output,m,"[3.         3.         3.         3.         3.         3.
 3.         3.         3.         3.         3.         3.
 3.         3.         3.         3.         3.         3.
 3.         3.         3.         3.         3.         3.
 3.         2.98179869 2.96359738 2.94539607 2.88531836 2.82524066
 2.76516296]",
towerse.member.center_of_buoyancy,output,m,[0. 0. 0.],
towerse.member.displacement,output,m**3,[0.],
towerse.member.buoyancy_force,output,N,[0.],
towerse.member.idx_cb,output,,[0.],
towerse.member.Awater,output,m**2,[0.],
towerse.member.Iwaterx,output,m**4,[0.],
towerse.member.Iwatery,output,m**4,[0.],
towerse.member.added_mass,output,kg,[0. 0. 0. 0. 0. 0.],
towerse.member.waterline_centroid,output,m,[0. 0.],
towerse.member.z_dim,output,m,"[  0.           4.56666667   9.13333333  13.7         18.26666667
  22.83333333  27.4         31.96666667  36.53333333  41.1
  45.66666667  50.23333333  54.8         59.36666667  63.93333333
  68.5         73.06666667  77.63333333  82.2         86.76666667
  91.33333333  95.9        100.46666667 105.03333333 109.6
 114.16666667 118.73333333 123.3        127.86666667 132.43333333
 137.        ]",
towerse.member.d_eff,output,m,"[6.         6.         6.         6.         6.         6.
 6.         6.         6.         6.         6.         6.
 6.         6.         6.         6.         6.         6.
 6.         6.         6.         6.         6.         6.
 6.         5.96359738 5.92719475 5.89079213 5.77063673 5.65048132
 5.53032592]",
towerse.tower_section_height,output,m,[13.7 13.7 13.7 13.7 13.7 13.7 13.7 13.7 13.7 13.7],
towerse.member.sigma_ult,output,Pa,"[4.5e+08 4.5e+08 4.5e+08 4.5e+08 4.5e+08 4.5e+08 4.5e+08 4.5e+08 4.5e+08
 4.5e+08]",
towerse.member.wohler_exp,output,,[3. 3. 3. 3. 3. 3. 3. 3. 3. 3.],
towerse.member.wohler_A,output,,"[3.55346484e+10 3.55346484e+10 3.55346484e+10 3.55346484e+10
 3.55346484e+10 3.55346484e+10 3.55346484e+10 3.55346484e+10
 3.55346484e+10 3.55346484e+10]",
towerse.member.ballast_density,output,kg/m**3,[],
towerse.member.ballast_unit_cost,output,USD/kg,[],
towerse.z_param,output,m,[  0.   13.7  27.4  41.1  54.8  68.5  82.2  95.9 109.6 123.3 137. ],
towerse.member.sec_loc,output,,"[0.         0.11111111 0.22222222 0.33333333 0.44444444 0.55555556
 0.66666667 0.77777778 0.88888889 1.        ]",normalized sectional location
towerse.member.str_tw,output,deg,[0. 0. 0. 0. 0. 0. 0. 0. 0. 0.],structural twist of section
towerse.member.tw_iner,output,deg,[0. 0. 0. 0. 0. 0. 0. 0. 0. 0.],inertial twist of section
towerse.member.mass_den,output,kg/m,"[9639.07703025 8622.61477518 7649.74157786 6795.5079111  5999.84470102
 5206.69361172 4422.55525651 3685.97686814 3055.5302826  2692.2359476 ]",sectional mass per unit length
towerse.member.foreaft_iner,output,kg*m,"[42489.95080603 38092.8587395  33865.87425039 30139.47858934
 26656.0659907  23171.6359823  19715.00747676 16457.35200697
 13411.73964167 10905.28025034]",sectional fore-aft intertia per unit length about the Y_G inertia axis
towerse.member.sideside_iner,output,kg*m,"[42489.95080603 38092.8587395  33865.87425039 30139.47858934
 26656.0659907  23171.6359823  19715.00747676 16457.35200697
 13411.73964167 10905.28025034]",sectional side-side intertia per unit length about the Y_G inertia axis
towerse.member.foreaft_stff,output,N*m**2,"[1.01821114e+12 9.12841091e+11 8.11547430e+11 7.22249667e+11
 6.38774646e+11 5.55275245e+11 4.72442067e+11 3.94376995e+11
 3.21393234e+11 2.61329505e+11]",sectional fore-aft bending stiffness per unit length about the Y_E elastic axis
towerse.member.sideside_stff,output,N*m**2,"[1.01821114e+12 9.12841091e+11 8.11547430e+11 7.22249667e+11
 6.38774646e+11 5.55275245e+11 4.72442067e+11 3.94376995e+11
 3.21393234e+11 2.61329505e+11]",sectional side-side bending stiffness per unit length about the Y_E elastic axis
towerse.member.tor_stff,output,N*m**2,"[8.07441433e+11 7.23882985e+11 6.43557112e+11 5.72743986e+11
 5.06548295e+11 4.40333269e+11 3.74646560e+11 3.12740957e+11
 2.54864834e+11 2.07234298e+11]",sectional torsional stiffness
towerse.member.axial_stff,output,N,"[2.30986749e+11 2.06628679e+11 1.83315159e+11 1.62844666e+11
 1.43777731e+11 1.24770995e+11 1.05980236e+11 8.83291845e+10
 7.32214302e+10 6.45155990e+10]",sectional axial stiffness
towerse.member.cg_offst,output,m,[0. 0. 0. 0. 0. 0. 0. 0. 0. 0.],offset from the sectional center of mass
towerse.member.sc_offst,output,m,[0. 0. 0. 0. 0. 0. 0. 0. 0. 0.],offset from the sectional shear center
towerse.member.tc_offst,output,m,[0. 0. 0. 0. 0. 0. 0. 0. 0. 0.],offset from the sectional tension center
towerse.member.axial_load2stress,output,m**2,"[[0.         0.         0.86585053 0.58926875 0.58926875 0.        ]
 [0.         0.         0.96791985 0.65728855 0.65728855 0.        ]
 [0.         0.         1.09101725 0.73932832 0.73932832 0.        ]
 [0.         0.         1.22816427 0.83073766 0.83073766 0.        ]
 [0.         0.         1.391036   0.93929839 0.93929839 0.        ]
 [0.         0.         1.60293665 1.0805452  1.0805452  0.        ]
 [0.         0.         1.88714431 1.26999698 1.26999698 0.        ]
 [0.         0.         2.26425729 1.52138692 1.52138692 0.        ]
 [0.         0.         2.73144077 1.84988215 1.84988215 0.        ]
 [0.         0.         3.10002547 2.1851949  2.1851949  0.        ]]",
towerse.member.shear_load2stress,output,m**2,"[[1.41927333 1.41927333 0.         0.         0.         0.29463437]
 [1.5874111  1.5874111  0.         0.         0.         0.32864428]
 [1.79017882 1.79017882 0.         0.         0.         0.36966416]
 [2.01608074 2.01608074 0.         0.         0.         0.41536883]
 [2.28434708 2.28434708 0.         0.         0.         0.4696492 ]
 [2.63336006 2.63336006 0.         0.         0.         0.5402726 ]
 [3.10145671 3.10145671 0.         0.         0.         0.63499849]
 [3.72255939 3.72255939 0.         0.         0.         0.76069346]
 [4.4918757  4.4918757  0.         0.         0.         0.92494108]
 [5.09835809 5.09835809 0.         0.         0.         1.09259745]]",
towerse.member.labor_hours,output,h,[1087.52950759],
towerse.tower_cost,output,USD,[2148240.64007646],
towerse.member.section_D,output,m,"[6.         6.         6.         6.         6.         6.
 6.         6.         6.         6.         6.         6.
 6.         6.         6.         6.         6.         6.
 6.         6.         6.         6.         6.         6.
 5.98179869 5.94539607 5.90899344 5.83071443 5.71055903 5.59040362]",
towerse.member.section_t,output,m,"[0.06624364 0.06624364 0.06624364 0.05919241 0.05919241 0.05919241
 0.05245831 0.05245831 0.05245831 0.04655723 0.04655723 0.04655723
 0.04107064 0.04107064 0.04107064 0.03561082 0.03561082 0.03561082
 0.03022225 0.03022225 0.03022225 0.02516882 0.02516882 0.02516882
 0.02104264 0.02104264 0.02104264 0.0193003  0.0193003  0.0193003 ]",
towerse.member.section_sigma_y,output,Pa,"[3.45e+08 3.45e+08 3.45e+08 3.45e+08 3.45e+08 3.45e+08 3.45e+08 3.45e+08
 3.45e+08 3.45e+08 3.45e+08 3.45e+08 3.45e+08 3.45e+08 3.45e+08 3.45e+08
 3.45e+08 3.45e+08 3.45e+08 3.45e+08 3.45e+08 3.45e+08 3.45e+08 3.45e+08
 3.45e+08 3.45e+08 3.45e+08 3.45e+08 3.45e+08 3.45e+08]",
towerse.height_constraint,output,m,[3.],
towerse.transition_piece_height,output,m,[0.],
towerse.z_start,output,m,[0.],
af_3d.cl_corrected,output,,"[[[[ 0.00000000e+00]
   [ 0.00000000e+00]
   [ 0.00000000e+00]
   [ 0.00000000e+00]
   [ 0.00000000e+00]]

  [[ 0.00000000e+00]
   [ 0.00000000e+00]
   [ 0.00000000e+00]
   [ 0.00000000e+00]
   [ 0.00000000e+00]]

  [[ 0.00000000e+00]
   [ 0.00000000e+00]
   [ 0.00000000e+00]
   [ 0.00000000e+00]
   [ 0.00000000e+00]]

  ...

  [[ 0.00000000e+00]
   [ 0.00000000e+00]
   [ 0.00000000e+00]
   [ 0.00000000e+00]
   [ 0.00000000e+00]]

  [[ 0.00000000e+00]
   [ 0.00000000e+00]
   [ 0.00000000e+00]
   [ 0.00000000e+00]
   [ 0.00000000e+00]]

  [[ 0.00000000e+00]
   [ 0.00000000e+00]
   [ 0.00000000e+00]
   [ 0.00000000e+00]
   [ 0.00000000e+00]]]


 [[[ 0.00000000e+00]
   [ 0.00000000e+00]
   [ 0.00000000e+00]
   [ 0.00000000e+00]
   [ 0.00000000e+00]]

  [[ 2.26137991e-03]
   [ 1.94775724e-03]
   [ 1.92094234e-03]
   [ 1.93109733e-03]
   [ 1.89340473e-03]]

  [[ 4.52275988e-03]
   [ 3.89551453e-03]
   [ 3.84188473e-03]
   [ 3.86219472e-03]
   [ 3.78680952e-03]]

  ...

  [[-4.52275988e-03]
   [-3.89551453e-03]
   [-3.84188473e-03]
   [-3.86219472e-03]
   [-3.78680952e-03]]

  [[-2.26137991e-03]
   [-1.94775724e-03]
   [-1.92094234e-03]
   [-1.93109733e-03]
   [-1.89340473e-03]]

  [[-7.53598903e-19]
   [-7.53598903e-19]
   [-7.53598903e-19]
   [-7.53598903e-19]
   [-7.53598903e-19]]]


 [[[ 0.00000000e+00]
   [ 0.00000000e+00]
   [ 0.00000000e+00]
   [ 0.00000000e+00]
   [ 0.00000000e+00]]

  [[ 2.24911443e-02]
   [ 2.00611592e-02]
   [ 1.98552462e-02]
   [ 1.99331949e-02]
   [ 1.96440645e-02]]

  [[ 4.49822890e-02]
   [ 4.01223189e-02]
   [ 3.97104929e-02]
   [ 3.98663903e-02]
   [ 3.92881293e-02]]

  ...

  [[-4.49822890e-02]
   [-4.01223189e-02]
   [-3.97104929e-02]
   [-3.98663903e-02]
   [-3.92881293e-02]]

  [[-2.24911443e-02]
   [-2.00611592e-02]
   [-1.98552462e-02]
   [-1.99331949e-02]
   [-1.96440645e-02]]

  [[-6.25425624e-18]
   [-6.25425624e-18]
   [-6.25425624e-18]
   [-6.25425624e-18]
   [-6.25425624e-18]]]


 ...


 [[[ 0.00000000e+00]
   [ 0.00000000e+00]
   [ 0.00000000e+00]
   [ 0.00000000e+00]
   [ 0.00000000e+00]]

  [[ 1.81891218e-01]
   [ 1.86009734e-01]
   [ 1.87437603e-01]
   [ 1.94392998e-01]
   [ 1.98011589e-01]]

  [[ 3.63782435e-01]
   [ 3.72019469e-01]
   [ 3.74875206e-01]
   [ 3.88785996e-01]
   [ 3.96023178e-01]]

  ...

  [[-3.63782435e-01]
   [-3.72019469e-01]
   [-3.74875206e-01]
   [-3.88785996e-01]
   [-3.96023178e-01]]

  [[-1.81891218e-01]
   [-1.86009734e-01]
   [-1.87437603e-01]
   [-1.94392998e-01]
   [-1.98011589e-01]]

  [[ 1.38777878e-17]
   [ 0.00000000e+00]
   [ 6.93889390e-18]
   [ 1.38777878e-17]
   [ 0.00000000e+00]]]


 [[[ 0.00000000e+00]
   [ 0.00000000e+00]
   [ 0.00000000e+00]
   [ 0.00000000e+00]
   [ 0.00000000e+00]]

  [[ 1.91313607e-01]
   [ 1.96662846e-01]
   [ 1.98266810e-01]
   [ 2.04863588e-01]
   [ 2.08470811e-01]]

  [[ 3.82627215e-01]
   [ 3.93325692e-01]
   [ 3.96533620e-01]
   [ 4.09727176e-01]
   [ 4.16941622e-01]]

  ...

  [[-3.82627215e-01]
   [-3.93325692e-01]
   [-3.96533620e-01]
   [-4.09727176e-01]
   [-4.16941622e-01]]

  [[-1.91313607e-01]
   [-1.96662846e-01]
   [-1.98266810e-01]
   [-2.04863588e-01]
   [-2.08470811e-01]]

  [[ 1.38777878e-17]
   [-1.38777878e-17]
   [ 0.00000000e+00]
   [ 1.38777878e-17]
   [ 0.00000000e+00]]]


 [[[ 0.00000000e+00]
   [ 0.00000000e+00]
   [ 0.00000000e+00]
   [ 0.00000000e+00]
   [ 0.00000000e+00]]

  [[ 2.02449660e-01]
   [ 2.09583515e-01]
   [ 2.11419915e-01]
   [ 2.17381080e-01]
   [ 2.21043270e-01]]

  [[ 4.04899320e-01]
   [ 4.19167029e-01]
   [ 4.22839830e-01]
   [ 4.34762160e-01]
   [ 4.42086540e-01]]

  ...

  [[-4.04899320e-01]
   [-4.19167029e-01]
   [-4.22839830e-01]
   [-4.34762160e-01]
   [-4.42086540e-01]]

  [[-2.02449660e-01]
   [-2.09583515e-01]
   [-2.11419915e-01]
   [-2.17381080e-01]
   [-2.21043270e-01]]

  [[-2.77555756e-17]
   [-1.38777878e-17]
   [ 1.38777878e-17]
   [ 0.00000000e+00]
   [-4.16333634e-17]]]]",Lift coefficient corrected with CCBlade.Polar.
af_3d.cd_corrected,output,,"[[[[0.5       ]
   [0.5       ]
   [0.5       ]
   [0.5       ]
   [0.5       ]]

  [[0.5       ]
   [0.5       ]
   [0.5       ]
   [0.5       ]
   [0.5       ]]

  [[0.5       ]
   [0.5       ]
   [0.5       ]
   [0.5       ]
   [0.5       ]]

  ...

  [[0.5       ]
   [0.5       ]
   [0.5       ]
   [0.5       ]
   [0.5       ]]

  [[0.5       ]
   [0.5       ]
   [0.5       ]
   [0.5       ]
   [0.5       ]]

  [[0.5       ]
   [0.5       ]
   [0.5       ]
   [0.5       ]
   [0.5       ]]]


 [[[0.48317224]
   [0.48317224]
   [0.48317224]
   [0.48317224]
   [0.48317224]]

  [[0.48317224]
   [0.48317224]
   [0.48317224]
   [0.48317224]
   [0.48317224]]

  [[0.48317224]
   [0.48317224]
   [0.48317224]
   [0.48317224]
   [0.48317224]]

  ...

  [[0.48317224]
   [0.48317224]
   [0.48317224]
   [0.48317224]
   [0.48317224]]

  [[0.48317224]
   [0.48317224]
   [0.48317224]
   [0.48317224]
   [0.48317224]]

  [[0.48317224]
   [0.48317224]
   [0.48317224]
   [0.48317224]
   [0.48317224]]]


 [[[0.34328947]
   [0.34328947]
   [0.34328947]
   [0.34328947]
   [0.34328947]]

  [[0.34328947]
   [0.34328947]
   [0.34328947]
   [0.34328947]
   [0.34328947]]

  [[0.34328947]
   [0.34328947]
   [0.34328947]
   [0.34328947]
   [0.34328947]]

  ...

  [[0.34328947]
   [0.34328947]
   [0.34328947]
   [0.34328947]
   [0.34328947]]

  [[0.34328947]
   [0.34328947]
   [0.34328947]
   [0.34328947]
   [0.34328947]]

  [[0.34328947]
   [0.34328947]
   [0.34328947]
   [0.34328947]
   [0.34328947]]]


 ...


 [[[0.001     ]
   [0.001     ]
   [0.001     ]
   [0.001     ]
   [0.001     ]]

  [[0.001     ]
   [0.001     ]
   [0.001     ]
   [0.001     ]
   [0.001     ]]

  [[0.001     ]
   [0.001     ]
   [0.001     ]
   [0.001     ]
   [0.001     ]]

  ...

  [[0.001     ]
   [0.001     ]
   [0.001     ]
   [0.001     ]
   [0.001     ]]

  [[0.001     ]
   [0.001     ]
   [0.001     ]
   [0.001     ]
   [0.001     ]]

  [[0.001     ]
   [0.001     ]
   [0.001     ]
   [0.001     ]
   [0.001     ]]]


 [[[0.001     ]
   [0.001     ]
   [0.001     ]
   [0.001     ]
   [0.001     ]]

  [[0.001     ]
   [0.001     ]
   [0.001     ]
   [0.001     ]
   [0.001     ]]

  [[0.001     ]
   [0.001     ]
   [0.001     ]
   [0.001     ]
   [0.001     ]]

  ...

  [[0.001     ]
   [0.001     ]
   [0.001     ]
   [0.001     ]
   [0.001     ]]

  [[0.001     ]
   [0.001     ]
   [0.001     ]
   [0.001     ]
   [0.001     ]]

  [[0.001     ]
   [0.001     ]
   [0.001     ]
   [0.001     ]
   [0.001     ]]]


 [[[0.001     ]
   [0.001     ]
   [0.001     ]
   [0.001     ]
   [0.001     ]]

  [[0.001     ]
   [0.001     ]
   [0.001     ]
   [0.001     ]
   [0.001     ]]

  [[0.001     ]
   [0.001     ]
   [0.001     ]
   [0.001     ]
   [0.001     ]]

  ...

  [[0.001     ]
   [0.001     ]
   [0.001     ]
   [0.001     ]
   [0.001     ]]

  [[0.001     ]
   [0.001     ]
   [0.001     ]
   [0.001     ]
   [0.001     ]]

  [[0.001     ]
   [0.001     ]
   [0.001     ]
   [0.001     ]
   [0.001     ]]]]",Drag coefficient corrected with CCBlade.Polar.
af_3d.cm_corrected,output,,"[[[[ 0.00000000e+00]
   [ 0.00000000e+00]
   [ 0.00000000e+00]
   [ 0.00000000e+00]
   [ 0.00000000e+00]]

  [[ 0.00000000e+00]
   [ 0.00000000e+00]
   [ 0.00000000e+00]
   [ 0.00000000e+00]
   [ 0.00000000e+00]]

  [[ 0.00000000e+00]
   [ 0.00000000e+00]
   [ 0.00000000e+00]
   [ 0.00000000e+00]
   [ 0.00000000e+00]]

  ...

  [[ 0.00000000e+00]
   [ 0.00000000e+00]
   [ 0.00000000e+00]
   [ 0.00000000e+00]
   [ 0.00000000e+00]]

  [[ 0.00000000e+00]
   [ 0.00000000e+00]
   [ 0.00000000e+00]
   [ 0.00000000e+00]
   [ 0.00000000e+00]]

  [[ 0.00000000e+00]
   [ 0.00000000e+00]
   [ 0.00000000e+00]
   [ 0.00000000e+00]
   [ 0.00000000e+00]]]


 [[[ 0.00000000e+00]
   [ 0.00000000e+00]
   [ 0.00000000e+00]
   [ 0.00000000e+00]
   [ 0.00000000e+00]]

  [[ 6.01446903e-03]
   [ 6.01446903e-03]
   [ 6.01446903e-03]
   [ 6.01446903e-03]
   [ 6.01446903e-03]]

  [[ 1.03917777e-02]
   [ 1.03917777e-02]
   [ 1.03917777e-02]
   [ 1.03917777e-02]
   [ 1.03917777e-02]]

  ...

  [[-1.50454748e-02]
   [-1.50454748e-02]
   [-1.50454748e-02]
   [-1.50454748e-02]
   [-1.50454748e-02]]

  [[-8.95340984e-03]
   [-8.95340984e-03]
   [-8.95340984e-03]
   [-8.95340984e-03]
   [-8.95340984e-03]]

  [[ 0.00000000e+00]
   [ 0.00000000e+00]
   [ 0.00000000e+00]
   [ 0.00000000e+00]
   [ 0.00000000e+00]]]


 [[[ 0.00000000e+00]
   [ 0.00000000e+00]
   [ 0.00000000e+00]
   [ 0.00000000e+00]
   [ 0.00000000e+00]]

  [[ 5.29945751e-02]
   [ 5.29945751e-02]
   [ 5.29945751e-02]
   [ 5.29945751e-02]
   [ 5.29945751e-02]]

  [[ 9.32521557e-02]
   [ 9.32521557e-02]
   [ 9.32521557e-02]
   [ 9.32521557e-02]
   [ 9.32521557e-02]]

  ...

  [[-1.32558809e-01]
   [-1.32558809e-01]
   [-1.32558809e-01]
   [-1.32558809e-01]
   [-1.32558809e-01]]

  [[-7.74099366e-02]
   [-7.74099366e-02]
   [-7.74099366e-02]
   [-7.74099366e-02]
   [-7.74099366e-02]]

  [[ 0.00000000e+00]
   [ 0.00000000e+00]
   [ 0.00000000e+00]
   [ 0.00000000e+00]
   [ 0.00000000e+00]]]


 ...


 [[[ 0.00000000e+00]
   [ 0.00000000e+00]
   [ 0.00000000e+00]
   [ 0.00000000e+00]
   [ 0.00000000e+00]]

  [[ 1.20000000e-01]
   [ 1.20000000e-01]
   [ 1.20000000e-01]
   [ 1.20000000e-01]
   [ 1.20000000e-01]]

  [[ 2.40000000e-01]
   [ 2.40000000e-01]
   [ 2.40000000e-01]
   [ 2.40000000e-01]
   [ 2.40000000e-01]]

  ...

  [[-3.00000000e-01]
   [-3.00000000e-01]
   [-3.00000000e-01]
   [-3.00000000e-01]
   [-3.00000000e-01]]

  [[-1.50000000e-01]
   [-1.50000000e-01]
   [-1.50000000e-01]
   [-1.50000000e-01]
   [-1.50000000e-01]]

  [[-1.38777878e-17]
   [-1.38777878e-17]
   [-1.38777878e-17]
   [-1.38777878e-17]
   [-1.38777878e-17]]]


 [[[ 0.00000000e+00]
   [ 0.00000000e+00]
   [ 0.00000000e+00]
   [ 0.00000000e+00]
   [ 0.00000000e+00]]

  [[ 1.20000000e-01]
   [ 1.20000000e-01]
   [ 1.20000000e-01]
   [ 1.20000000e-01]
   [ 1.20000000e-01]]

  [[ 2.40000000e-01]
   [ 2.40000000e-01]
   [ 2.40000000e-01]
   [ 2.40000000e-01]
   [ 2.40000000e-01]]

  ...

  [[-3.00000000e-01]
   [-3.00000000e-01]
   [-3.00000000e-01]
   [-3.00000000e-01]
   [-3.00000000e-01]]

  [[-1.50000000e-01]
   [-1.50000000e-01]
   [-1.50000000e-01]
   [-1.50000000e-01]
   [-1.50000000e-01]]

  [[-1.38777878e-17]
   [-1.38777878e-17]
   [-1.38777878e-17]
   [-1.38777878e-17]
   [-1.38777878e-17]]]


 [[[ 0.00000000e+00]
   [ 0.00000000e+00]
   [ 0.00000000e+00]
   [ 0.00000000e+00]
   [ 0.00000000e+00]]

  [[ 1.20000000e-01]
   [ 1.20000000e-01]
   [ 1.20000000e-01]
   [ 1.20000000e-01]
   [ 1.20000000e-01]]

  [[ 2.40000000e-01]
   [ 2.40000000e-01]
   [ 2.40000000e-01]
   [ 2.40000000e-01]
   [ 2.40000000e-01]]

  ...

  [[-3.00000000e-01]
   [-3.00000000e-01]
   [-3.00000000e-01]
   [-3.00000000e-01]
   [-3.00000000e-01]]

  [[-1.50000000e-01]
   [-1.50000000e-01]
   [-1.50000000e-01]
   [-1.50000000e-01]
   [-1.50000000e-01]]

  [[-1.38777878e-17]
   [-1.38777878e-17]
   [-1.38777878e-17]
   [-1.38777878e-17]
   [-1.38777878e-17]]]]",Moment coefficient corrected with CCblade.Polar.
airfoils.ac,output,,[0.5   0.316 0.316 0.282 0.266 0.265 0.228],1D array of the aerodynamic centers of each airfoil.
airfoils.r_thick,output,,[1.    0.5   0.36  0.301 0.241 0.211 0.18 ],1D array of the relative thicknesses of each airfoil.
airfoils.aoa,output,rad,"[-3.14159265 -3.08923278 -3.0368729  -2.98451302 -2.93215314 -2.87979327
 -2.82743339 -2.77507351 -2.72271363 -2.67035376 -2.61799388 -2.565634
 -2.51327412 -2.46091425 -2.40855437 -2.35619449 -2.30383461 -2.25147474
 -2.19911486 -2.14675498 -2.0943951  -2.04203522 -1.98967535 -1.93731547
 -1.88495559 -1.83259571 -1.78023584 -1.72787596 -1.67551608 -1.6231562
 -1.57079633 -1.51843645 -1.46607657 -1.41371669 -1.36135682 -1.30899694
 -1.25663706 -1.20427718 -1.15191731 -1.09955743 -1.04719755 -0.99483767
 -0.9424778  -0.89011792 -0.83775804 -0.78539816 -0.73303829 -0.68067841
 -0.62831853 -0.57595865 -0.52359878 -0.51302102 -0.50244327 -0.49186552
 -0.48128776 -0.47071001 -0.46013226 -0.4495545  -0.43897675 -0.428399
 -0.41782125 -0.40724349 -0.39666574 -0.38608799 -0.37551023 -0.36493248
 -0.35435473 -0.34377697 -0.33319922 -0.32262147 -0.31204371 -0.30146596
 -0.29088821 -0.28031046 -0.2697327  -0.25915495 -0.2485772  -0.23799944
 -0.22742169 -0.21684394 -0.20626618 -0.19568843 -0.18511068 -0.17453293
 -0.16395517 -0.15337742 -0.14279967 -0.13222191 -0.12164416 -0.11106641
 -0.10048865 -0.0899109  -0.07933315 -0.06875539 -0.05817764 -0.04759989
 -0.03702214 -0.02644438 -0.01586663 -0.00528888  0.00528888  0.01586663
  0.02644438  0.03702214  0.04759989  0.05817764  0.06875539  0.07933315
  0.0899109   0.10048865  0.11106641  0.12164416  0.13222191  0.14279967
  0.15337742  0.16395517  0.17453293  0.18511068  0.19568843  0.20626618
  0.21684394  0.22742169  0.23799944  0.2485772   0.25915495  0.2697327
  0.28031046  0.29088821  0.30146596  0.31204371  0.32262147  0.33319922
  0.34377697  0.35435473  0.36493248  0.37551023  0.38608799  0.39666574
  0.40724349  0.41782125  0.428399    0.43897675  0.4495545   0.46013226
  0.47071001  0.48128776  0.49186552  0.50244327  0.51302102  0.52359878
  0.57595865  0.62831853  0.68067841  0.73303829  0.78539816  0.83775804
  0.89011792  0.9424778   0.99483767  1.04719755  1.09955743  1.15191731
  1.20427718  1.25663706  1.30899694  1.36135682  1.41371669  1.46607657
  1.51843645  1.57079633  1.6231562   1.67551608  1.72787596  1.78023584
  1.83259571  1.88495559  1.93731547  1.98967535  2.04203522  2.0943951
  2.14675498  2.19911486  2.25147474  2.30383461  2.35619449  2.40855437
  2.46091425  2.51327412  2.565634    2.61799388  2.67035376  2.72271363
  2.77507351  2.82743339  2.87979327  2.93215314  2.98451302  3.0368729
  3.08923278  3.14159265]",1D array of the angles of attack used to define the polars of the airfoils. All airfoils defined in openmdao share this grid.
airfoils.Re,output,,[ 3000000.  5280000.  6000000.  9000000. 12000000.],1D array of the Reynolds numbers used to define the polars of the airfoils. All airfoils defined in openmdao share this grid.
airfoils.cl,output,,"[[[[ 0.00000000e+00]
   [ 0.00000000e+00]
   [ 0.00000000e+00]
   [ 0.00000000e+00]
   [ 0.00000000e+00]]

  [[ 0.00000000e+00]
   [ 0.00000000e+00]
   [ 0.00000000e+00]
   [ 0.00000000e+00]
   [ 0.00000000e+00]]

  [[ 0.00000000e+00]
   [ 0.00000000e+00]
   [ 0.00000000e+00]
   [ 0.00000000e+00]
   [ 0.00000000e+00]]

  ...

  [[ 0.00000000e+00]
   [ 0.00000000e+00]
   [ 0.00000000e+00]
   [ 0.00000000e+00]
   [ 0.00000000e+00]]

  [[ 0.00000000e+00]
   [ 0.00000000e+00]
   [ 0.00000000e+00]
   [ 0.00000000e+00]
   [ 0.00000000e+00]]

  [[ 0.00000000e+00]
   [ 0.00000000e+00]
   [ 0.00000000e+00]
   [ 0.00000000e+00]
   [ 0.00000000e+00]]]


 [[[ 0.00000000e+00]
   [ 0.00000000e+00]
   [ 0.00000000e+00]
   [ 0.00000000e+00]
   [ 0.00000000e+00]]

  [[ 1.22100448e-01]
   [ 1.22100448e-01]
   [ 1.22100448e-01]
   [ 1.22100448e-01]
   [ 1.22100448e-01]]

  [[ 2.44200897e-01]
   [ 2.44200897e-01]
   [ 2.44200897e-01]
   [ 2.44200897e-01]
   [ 2.44200897e-01]]

  ...

  [[-2.44200897e-01]
   [-2.44200897e-01]
   [-2.44200897e-01]
   [-2.44200897e-01]
   [-2.44200897e-01]]

  [[-1.22100448e-01]
   [-1.22100448e-01]
   [-1.22100448e-01]
   [-1.22100448e-01]
   [-1.22100448e-01]]

  [[-1.34424078e-17]
   [-1.34424078e-17]
   [-1.34424078e-17]
   [-1.34424078e-17]
   [-1.34424078e-17]]]


 [[[ 0.00000000e+00]
   [ 0.00000000e+00]
   [ 0.00000000e+00]
   [ 0.00000000e+00]
   [ 0.00000000e+00]]

  [[ 1.57528665e-01]
   [ 1.63580197e-01]
   [ 1.64098095e-01]
   [ 1.63901955e-01]
   [ 1.64630025e-01]]

  [[ 3.15057330e-01]
   [ 3.27160395e-01]
   [ 3.28196190e-01]
   [ 3.27803910e-01]
   [ 3.29260050e-01]]

  ...

  [[-3.15057330e-01]
   [-3.27160395e-01]
   [-3.28196190e-01]
   [-3.27803910e-01]
   [-3.29260050e-01]]

  [[-1.57528665e-01]
   [-1.63580197e-01]
   [-1.64098095e-01]
   [-1.63901955e-01]
   [-1.64630025e-01]]

  [[ 0.00000000e+00]
   [ 2.64361049e-18]
   [ 2.80518940e-18]
   [ 0.00000000e+00]
   [ 1.10725984e-17]]]


 ...


 [[[ 0.00000000e+00]
   [ 0.00000000e+00]
   [ 0.00000000e+00]
   [ 0.00000000e+00]
   [ 0.00000000e+00]]

  [[ 1.81712160e-01]
   [ 1.89787656e-01]
   [ 1.91505405e-01]
   [ 1.95913725e-01]
   [ 2.00357430e-01]]

  [[ 3.63424320e-01]
   [ 3.79575312e-01]
   [ 3.83010810e-01]
   [ 3.91827450e-01]
   [ 4.00714860e-01]]

  ...

  [[-3.63424320e-01]
   [-3.79575312e-01]
   [-3.83010810e-01]
   [-3.91827450e-01]
   [-4.00714860e-01]]

  [[-1.81712160e-01]
   [-1.89787656e-01]
   [-1.91505405e-01]
   [-1.95913725e-01]
   [-2.00357430e-01]]

  [[-1.10725984e-17]
   [-8.80138702e-19]
   [ 0.00000000e+00]
   [ 0.00000000e+00]
   [ 0.00000000e+00]]]


 [[[ 0.00000000e+00]
   [ 0.00000000e+00]
   [ 0.00000000e+00]
   [ 0.00000000e+00]
   [ 0.00000000e+00]]

  [[ 1.74256425e-01]
   [ 1.77577080e-01]
   [ 1.78876950e-01]
   [ 1.85995005e-01]
   [ 1.89664125e-01]]

  [[ 3.48512850e-01]
   [ 3.55154161e-01]
   [ 3.57753900e-01]
   [ 3.71990010e-01]
   [ 3.79328250e-01]]

  ...

  [[-3.48512850e-01]
   [-3.55154161e-01]
   [-3.57753900e-01]
   [-3.71990010e-01]
   [-3.79328250e-01]]

  [[-1.74256425e-01]
   [-1.77577080e-01]
   [-1.78876950e-01]
   [-1.85995005e-01]
   [-1.89664125e-01]]

  [[ 0.00000000e+00]
   [ 0.00000000e+00]
   [ 0.00000000e+00]
   [ 1.10725984e-17]
   [ 0.00000000e+00]]]


 [[[ 0.00000000e+00]
   [ 0.00000000e+00]
   [ 0.00000000e+00]
   [ 0.00000000e+00]
   [ 0.00000000e+00]]

  [[ 2.02449660e-01]
   [ 2.09583515e-01]
   [ 2.11419915e-01]
   [ 2.17381080e-01]
   [ 2.21043270e-01]]

  [[ 4.04899320e-01]
   [ 4.19167029e-01]
   [ 4.22839830e-01]
   [ 4.34762160e-01]
   [ 4.42086540e-01]]

  ...

  [[-4.04899320e-01]
   [-4.19167029e-01]
   [-4.22839830e-01]
   [-4.34762160e-01]
   [-4.42086540e-01]]

  [[-2.02449660e-01]
   [-2.09583515e-01]
   [-2.11419915e-01]
   [-2.17381080e-01]
   [-2.21043270e-01]]

  [[-2.80518940e-18]
   [-1.05413865e-18]
   [ 0.00000000e+00]
   [ 1.38777878e-17]
   [-1.38777878e-17]]]]","4D array with the lift coefficients of the airfoils. Dimension 0 is along the different airfoils defined in the yaml, dimension 1 is along the angles of attack, dimension 2 is along the Reynolds number, dimension 3 is along the number of tabs, which may describe multiple sets at the same station, for example in presence of a flap."
airfoils.cd,output,,"[[[[0.5  ]
   [0.5  ]
   [0.5  ]
   [0.5  ]
   [0.5  ]]

  [[0.5  ]
   [0.5  ]
   [0.5  ]
   [0.5  ]
   [0.5  ]]

  [[0.5  ]
   [0.5  ]
   [0.5  ]
   [0.5  ]
   [0.5  ]]

  ...

  [[0.5  ]
   [0.5  ]
   [0.5  ]
   [0.5  ]
   [0.5  ]]

  [[0.5  ]
   [0.5  ]
   [0.5  ]
   [0.5  ]
   [0.5  ]]

  [[0.5  ]
   [0.5  ]
   [0.5  ]
   [0.5  ]
   [0.5  ]]]


 [[[0.001]
   [0.001]
   [0.001]
   [0.001]
   [0.001]]

  [[0.001]
   [0.001]
   [0.001]
   [0.001]
   [0.001]]

  [[0.001]
   [0.001]
   [0.001]
   [0.001]
   [0.001]]

  ...

  [[0.001]
   [0.001]
   [0.001]
   [0.001]
   [0.001]]

  [[0.001]
   [0.001]
   [0.001]
   [0.001]
   [0.001]]

  [[0.001]
   [0.001]
   [0.001]
   [0.001]
   [0.001]]]


 [[[0.001]
   [0.001]
   [0.001]
   [0.001]
   [0.001]]

  [[0.001]
   [0.001]
   [0.001]
   [0.001]
   [0.001]]

  [[0.001]
   [0.001]
   [0.001]
   [0.001]
   [0.001]]

  ...

  [[0.001]
   [0.001]
   [0.001]
   [0.001]
   [0.001]]

  [[0.001]
   [0.001]
   [0.001]
   [0.001]
   [0.001]]

  [[0.001]
   [0.001]
   [0.001]
   [0.001]
   [0.001]]]


 ...


 [[[0.001]
   [0.001]
   [0.001]
   [0.001]
   [0.001]]

  [[0.001]
   [0.001]
   [0.001]
   [0.001]
   [0.001]]

  [[0.001]
   [0.001]
   [0.001]
   [0.001]
   [0.001]]

  ...

  [[0.001]
   [0.001]
   [0.001]
   [0.001]
   [0.001]]

  [[0.001]
   [0.001]
   [0.001]
   [0.001]
   [0.001]]

  [[0.001]
   [0.001]
   [0.001]
   [0.001]
   [0.001]]]


 [[[0.001]
   [0.001]
   [0.001]
   [0.001]
   [0.001]]

  [[0.001]
   [0.001]
   [0.001]
   [0.001]
   [0.001]]

  [[0.001]
   [0.001]
   [0.001]
   [0.001]
   [0.001]]

  ...

  [[0.001]
   [0.001]
   [0.001]
   [0.001]
   [0.001]]

  [[0.001]
   [0.001]
   [0.001]
   [0.001]
   [0.001]]

  [[0.001]
   [0.001]
   [0.001]
   [0.001]
   [0.001]]]


 [[[0.001]
   [0.001]
   [0.001]
   [0.001]
   [0.001]]

  [[0.001]
   [0.001]
   [0.001]
   [0.001]
   [0.001]]

  [[0.001]
   [0.001]
   [0.001]
   [0.001]
   [0.001]]

  ...

  [[0.001]
   [0.001]
   [0.001]
   [0.001]
   [0.001]]

  [[0.001]
   [0.001]
   [0.001]
   [0.001]
   [0.001]]

  [[0.001]
   [0.001]
   [0.001]
   [0.001]
   [0.001]]]]","4D array with the drag coefficients of the airfoils. Dimension 0 is along the different airfoils defined in the yaml, dimension 1 is along the angles of attack, dimension 2 is along the Reynolds number, dimension 3 is along the number of tabs, which may describe multiple sets at the same station, for example in presence of a flap."
airfoils.cm,output,,"[[[[ 0.00000000e+00]
   [ 0.00000000e+00]
   [ 0.00000000e+00]
   [ 0.00000000e+00]
   [ 0.00000000e+00]]

  [[ 0.00000000e+00]
   [ 0.00000000e+00]
   [ 0.00000000e+00]
   [ 0.00000000e+00]
   [ 0.00000000e+00]]

  [[ 0.00000000e+00]
   [ 0.00000000e+00]
   [ 0.00000000e+00]
   [ 0.00000000e+00]
   [ 0.00000000e+00]]

  ...

  [[ 0.00000000e+00]
   [ 0.00000000e+00]
   [ 0.00000000e+00]
   [ 0.00000000e+00]
   [ 0.00000000e+00]]

  [[ 0.00000000e+00]
   [ 0.00000000e+00]
   [ 0.00000000e+00]
   [ 0.00000000e+00]
   [ 0.00000000e+00]]

  [[ 0.00000000e+00]
   [ 0.00000000e+00]
   [ 0.00000000e+00]
   [ 0.00000000e+00]
   [ 0.00000000e+00]]]


 [[[ 0.00000000e+00]
   [ 0.00000000e+00]
   [ 0.00000000e+00]
   [ 0.00000000e+00]
   [ 0.00000000e+00]]

  [[ 1.43186712e-01]
   [ 1.43186712e-01]
   [ 1.43186712e-01]
   [ 1.43186712e-01]
   [ 1.43186712e-01]]

  [[ 2.67081814e-01]
   [ 2.67081814e-01]
   [ 2.67081814e-01]
   [ 2.67081814e-01]
   [ 2.67081814e-01]]

  ...

  [[-3.58076394e-01]
   [-3.58076394e-01]
   [-3.58076394e-01]
   [-3.58076394e-01]
   [-3.58076394e-01]]

  [[-1.95896639e-01]
   [-1.95896639e-01]
   [-1.95896639e-01]
   [-1.95896639e-01]
   [-1.95896639e-01]]

  [[ 0.00000000e+00]
   [ 0.00000000e+00]
   [ 0.00000000e+00]
   [ 0.00000000e+00]
   [ 0.00000000e+00]]]


 [[[ 0.00000000e+00]
   [ 0.00000000e+00]
   [ 0.00000000e+00]
   [ 0.00000000e+00]
   [ 0.00000000e+00]]

  [[ 1.20000000e-01]
   [ 1.20000000e-01]
   [ 1.20000000e-01]
   [ 1.20000000e-01]
   [ 1.20000000e-01]]

  [[ 2.40000000e-01]
   [ 2.40000000e-01]
   [ 2.40000000e-01]
   [ 2.40000000e-01]
   [ 2.40000000e-01]]

  ...

  [[-3.00000000e-01]
   [-3.00000000e-01]
   [-3.00000000e-01]
   [-3.00000000e-01]
   [-3.00000000e-01]]

  [[-1.50000000e-01]
   [-1.50000000e-01]
   [-1.50000000e-01]
   [-1.50000000e-01]
   [-1.50000000e-01]]

  [[-1.92606959e-18]
   [-1.92606959e-18]
   [-1.92606959e-18]
   [-1.92606959e-18]
   [-1.92606959e-18]]]


 ...


 [[[ 0.00000000e+00]
   [ 0.00000000e+00]
   [ 0.00000000e+00]
   [ 0.00000000e+00]
   [ 0.00000000e+00]]

  [[ 1.20000000e-01]
   [ 1.20000000e-01]
   [ 1.20000000e-01]
   [ 1.20000000e-01]
   [ 1.20000000e-01]]

  [[ 2.40000000e-01]
   [ 2.40000000e-01]
   [ 2.40000000e-01]
   [ 2.40000000e-01]
   [ 2.40000000e-01]]

  ...

  [[-3.00000000e-01]
   [-3.00000000e-01]
   [-3.00000000e-01]
   [-3.00000000e-01]
   [-3.00000000e-01]]

  [[-1.50000000e-01]
   [-1.50000000e-01]
   [-1.50000000e-01]
   [-1.50000000e-01]
   [-1.50000000e-01]]

  [[-1.92606959e-18]
   [-1.92606959e-18]
   [-1.92606959e-18]
   [-1.92606959e-18]
   [-1.92606959e-18]]]


 [[[ 0.00000000e+00]
   [ 0.00000000e+00]
   [ 0.00000000e+00]
   [ 0.00000000e+00]
   [ 0.00000000e+00]]

  [[ 1.20000000e-01]
   [ 1.20000000e-01]
   [ 1.20000000e-01]
   [ 1.20000000e-01]
   [ 1.20000000e-01]]

  [[ 2.40000000e-01]
   [ 2.40000000e-01]
   [ 2.40000000e-01]
   [ 2.40000000e-01]
   [ 2.40000000e-01]]

  ...

  [[-3.00000000e-01]
   [-3.00000000e-01]
   [-3.00000000e-01]
   [-3.00000000e-01]
   [-3.00000000e-01]]

  [[-1.50000000e-01]
   [-1.50000000e-01]
   [-1.50000000e-01]
   [-1.50000000e-01]
   [-1.50000000e-01]]

  [[-1.92606959e-18]
   [-1.92606959e-18]
   [-1.92606959e-18]
   [-1.92606959e-18]
   [-1.92606959e-18]]]


 [[[ 0.00000000e+00]
   [ 0.00000000e+00]
   [ 0.00000000e+00]
   [ 0.00000000e+00]
   [ 0.00000000e+00]]

  [[ 1.20000000e-01]
   [ 1.20000000e-01]
   [ 1.20000000e-01]
   [ 1.20000000e-01]
   [ 1.20000000e-01]]

  [[ 2.40000000e-01]
   [ 2.40000000e-01]
   [ 2.40000000e-01]
   [ 2.40000000e-01]
   [ 2.40000000e-01]]

  ...

  [[-3.00000000e-01]
   [-3.00000000e-01]
   [-3.00000000e-01]
   [-3.00000000e-01]
   [-3.00000000e-01]]

  [[-1.50000000e-01]
   [-1.50000000e-01]
   [-1.50000000e-01]
   [-1.50000000e-01]
   [-1.50000000e-01]]

  [[-1.92606959e-18]
   [-1.92606959e-18]
   [-1.92606959e-18]
   [-1.92606959e-18]
   [-1.92606959e-18]]]]","4D array with the moment coefficients of the airfoils. Dimension 0 is along the different airfoils defined in the yaml, dimension 1 is along the angles of attack, dimension 2 is along the Reynolds number, dimension 3 is along the number of tabs, which may describe multiple sets at the same station, for example in presence of a flap."
airfoils.coord_xy,output,,"[[[ 1.00000000e+00  0.00000000e+00]
  [ 9.99429684e-01 -2.22597407e-02]
  [ 9.98063018e-01 -4.44580349e-02]
  ...
  [ 9.98120489e-01  4.38394581e-02]
  [ 9.99443038e-01  2.19496514e-02]
  [ 1.00000000e+00 -3.99929253e-18]]

 [[ 1.00000000e+00 -9.70000080e-03]
  [ 9.72814821e-01 -1.34271661e-02]
  [ 9.46027311e-01 -1.93111175e-02]
  ...
  [ 9.53709610e-01  3.92185257e-02]
  [ 9.77051006e-01  2.52011977e-02]
  [ 1.00000000e+00  1.05000009e-02]]

 [[ 1.00000000e+00 -7.00000069e-04]
  [ 9.74085396e-01 -2.58383565e-03]
  [ 9.48123482e-01 -3.51119300e-03]
  ...
  [ 9.50802168e-01  2.72787770e-02]
  [ 9.75412980e-01  2.01917140e-02]
  [ 1.00000000e+00  1.29800013e-02]]

 ...

 [[ 1.00000000e+00  4.25000005e-03]
  [ 9.82343459e-01 -7.44795812e-04]
  [ 9.57832160e-01  2.09748789e-03]
  ...
  [ 9.52346202e-01  1.38691659e-02]
  [ 9.76159823e-01  9.05592971e-03]
  [ 1.00000000e+00  4.25000005e-03]]

 [[ 1.00000000e+00  9.40000193e-04]
  [ 9.76796386e-01  1.78959118e-03]
  [ 9.52789587e-01  3.69235436e-03]
  ...
  [ 9.52386679e-01  9.04801677e-03]
  [ 9.76167957e-01  4.91788955e-03]
  [ 1.00000000e+00  9.40000193e-04]]

 [[ 1.00000001e+00  0.00000000e+00]
  [ 9.76685172e-01  3.75162959e-03]
  [ 9.53182649e-01  5.77797312e-03]
  ...
  [ 9.52998468e-01  1.22858505e-02]
  [ 9.76506126e-01  6.21827841e-03]
  [ 1.00000001e+00  2.13114815e-20]]]",3D array of the x and y airfoil coordinates of the n_af airfoils.
airfoils.name,output,n/a,"['circular', 'SNL-FFA-W3-500', 'FFA-W3-360', 'FFA-W3-301', 'FFA-W3-241', 'FFA-W3-211', 'NACA63-618']",1D array of names of airfoils.
blade.compute_coord_xy_dim.coord_xy_dim,output,m,"[[[ 2.25000000e+00 -2.35261029e-15]
  [ 2.24743358e+00 -1.00168833e-01]
  [ 2.24128358e+00 -2.00061157e-01]
  ...
  [ 2.24154220e+00  1.97277562e-01]
  [ 2.24749367e+00  9.87734313e-02]
  [ 2.25000000e+00 -2.36822281e-15]]

 [[ 2.26653457e+00 -2.09482223e-03]
  [ 2.25961150e+00 -1.00159004e-01]
  [ 2.24937634e+00 -2.00314609e-01]
  ...
  [ 2.25197722e+00  1.98357067e-01]
  [ 2.26100026e+00  1.00320925e-01]
  [ 2.26653457e+00  1.37247743e-03]]

 [[ 2.34255457e+00 -1.76779614e-02]
  [ 2.29952894e+00 -9.75623303e-02]
  [ 2.25527561e+00 -1.94934552e-01]
  ...
  [ 2.27648519e+00  2.03707596e-01]
  [ 2.31141025e+00  1.10801383e-01]
  [ 2.34255457e+00  1.29991549e-02]]

 ...

 [[ 6.08030135e-01  3.20341427e-04]
  [ 5.83104348e-01  2.98144592e-03]
  [ 5.57537191e-01  4.95165937e-03]
  ...
  [ 5.57261644e-01  1.03229772e-02]
  [ 5.82624676e-01  5.29360597e-03]
  [ 6.08030135e-01  3.20341427e-04]]

 [[ 4.30939302e-01  5.99225592e-05]
  [ 4.12569959e-01  2.32451130e-03]
  [ 3.93859380e-01  3.91777916e-03]
  ...
  [ 3.93720270e-01  8.41838022e-03]
  [ 4.12324095e-01  4.24309009e-03]
  [ 4.30939302e-01  5.99225592e-05]]

 [[ 2.50000000e-01  8.81384494e-07]
  [ 2.38342582e-01  1.57346376e-03]
  [ 2.26591320e-01  2.61423076e-03]
  ...
  [ 2.26499230e-01  6.11683918e-03]
  [ 2.38253059e-01  3.08567359e-03]
  [ 2.50000000e-01  8.81384494e-07]]]",3D array of the dimensional x and y airfoil coordinates of the airfoils interpolated along span for n_span stations. The origin is placed at the pitch axis.
blade.compute_coord_xy_dim.coord_xy_dim_twisted,output,m,"[[[ 2.11428212  0.76961752]
  [ 2.14613347  0.67461293]
  [ 2.17452283  0.5786424 ]
  ...
  [ 2.03885525  0.95210248]
  [ 2.07814129  0.86157574]
  [ 2.11428212  0.76961752]]

 [[ 2.14764732  0.72442688]
  [ 2.17251845  0.62931674]
  [ 2.19492248  0.53116398]
  ...
  [ 2.0696142   0.90963948]
  [ 2.1095813   0.81966653]
  [ 2.14653607  0.72771128]]

 [[ 2.24257342  0.67730264]
  [ 2.22515309  0.5882563 ]
  [ 2.2117425   0.4821438 ]
  ...
  [ 2.11386684  0.86916546]
  [ 2.17475476  0.79078189]
  [ 2.23348264  0.70660184]]

 ...

 [[ 0.60688391 -0.03731848]
  [ 0.58217065 -0.03311952]
  [ 0.55677449 -0.02957043]
  ...
  [ 0.55683196 -0.02419236]
  [ 0.58183503 -0.0307821 ]
  [ 0.60688391 -0.03731848]]

 [[ 0.42981625 -0.03109144]
  [ 0.41165866 -0.02750492]
  [ 0.3931122  -0.02456329]
  ...
  [ 0.39329879 -0.02006441]
  [ 0.41155213 -0.02557359]
  [ 0.42981625 -0.03109144]]

 [[ 0.24916697 -0.02039168]
  [ 0.23767668 -0.01787344]
  [ 0.22604947 -0.01587758]
  ...
  [ 0.2262434  -0.01237914]
  [ 0.2377108  -0.01635896]
  [ 0.24916697 -0.02039168]]]",3D array of the dimensional x and y airfoil coordinates of the airfoils interpolated along span for n_span stations. The origin is placed at the pitch axis.
blade.compute_coord_xy_dim.wetted_area,output,m**2,[150.19370211],The wetted (painted) surface area of the blade
blade.compute_coord_xy_dim.projected_area,output,m**2,[151.29177473],The projected surface area of the blade
blade.compute_reynolds.Re,output,,"[ 7651196.00447834  7813132.86973493  8174692.26018     8727214.6807532
  9189191.56212061  9665893.71724684 10202526.2760865  10790151.28479297
 11420900.50550146 12088025.20007996 12785832.76100282 13367363.45930089
 13925164.15543122 14165958.59729226 14330398.4869631  14222504.04610143
 14033005.97347633 13782383.05466408 13443816.36004606 13011694.78113213
 12316472.17224656 11882617.94927213 11194696.79043032 10411497.71843628
  9517667.80610745  8489452.30142846  7325739.57018197  6024734.270383
  4580551.39541647  2998212.05865607]",
blade.fatigue.sparU_sigma_ult,output,Pa,[1.],
blade.fatigue.sparU_wohlerA,output,Pa,[1.],
blade.fatigue.sparU_wohlerexp,output,,[1.],
blade.fatigue.sparL_sigma_ult,output,Pa,[1.],
blade.fatigue.sparL_wohlerA,output,Pa,[1.],
blade.fatigue.sparL_wohlerexp,output,,[1.],
blade.fatigue.teU_sigma_ult,output,Pa,[1.],
blade.fatigue.teU_wohlerA,output,Pa,[1.],
blade.fatigue.teU_wohlerexp,output,,[1.],
blade.fatigue.teL_sigma_ult,output,Pa,[1.],
blade.fatigue.teL_wohlerA,output,Pa,[1.],
blade.fatigue.teL_wohlerexp,output,,[1.],
blade.high_level_blade_props.rotor_diameter,output,m,[205.99253562],Diameter of the rotor used in WISDEM. It is defined as two times the blade length plus the hub diameter.
blade.high_level_blade_props.r_blade,output,m,"[  3.           6.44814717   9.89629433  13.3444415   16.79258866
  20.24073583  23.68888299  27.13703016  30.58517733  34.03332449
  37.48147166  40.92961882  44.37776599  47.82591316  51.27406032
  54.72220749  58.17035465  61.61850182  65.06664898  68.51479615
  72.99738747  75.41109048  78.85923765  82.30738481  85.75553198
  89.20367915  92.65182631  96.09997348  99.54812064 102.99626781]",1D array of the dimensional spanwise grid defined along the rotor (hub radius to blade tip projected on the plane)
blade.high_level_blade_props.rotor_radius,output,m,[102.99626781],"Scalar of the rotor radius, defined ignoring prebend and sweep curvatures, and cone and uptilt angles."
blade.high_level_blade_props.blade_ref_axis,output,m,"[[ 0.00000000e+00  0.00000000e+00  0.00000000e+00]
 [ 1.45896086e-02  0.00000000e+00  3.44814717e+00]
 [ 5.22230768e-02  0.00000000e+00  6.89629433e+00]
 [ 1.08141891e-01  0.00000000e+00  1.03444415e+01]
 [ 1.74250500e-01  0.00000000e+00  1.37925887e+01]
 [ 2.41136773e-01  0.00000000e+00  1.72407358e+01]
 [ 3.00085581e-01  0.00000000e+00  2.06888830e+01]
 [ 3.42651213e-01  0.00000000e+00  2.41370302e+01]
 [ 3.59821072e-01  0.00000000e+00  2.75851773e+01]
 [ 3.47586472e-01  0.00000000e+00  3.10333245e+01]
 [ 3.14508104e-01  0.00000000e+00  3.44814717e+01]
 [ 2.66858145e-01  0.00000000e+00  3.79296188e+01]
 [ 2.10870490e-01  0.00000000e+00  4.13777660e+01]
 [ 1.40477297e-01  0.00000000e+00  4.48259132e+01]
 [ 3.80470534e-02  0.00000000e+00  4.82740603e+01]
 [-9.07529186e-02  0.00000000e+00  5.17222075e+01]
 [-2.35123811e-01  0.00000000e+00  5.51703547e+01]
 [-3.94137332e-01  0.00000000e+00  5.86185018e+01]
 [-5.85777112e-01  0.00000000e+00  6.20666490e+01]
 [-8.05291806e-01  0.00000000e+00  6.55147962e+01]
 [-1.11555530e+00  0.00000000e+00  6.99973875e+01]
 [-1.29121723e+00  0.00000000e+00  7.24110905e+01]
 [-1.56372970e+00  0.00000000e+00  7.58592376e+01]
 [-1.85903588e+00  0.00000000e+00  7.93073848e+01]
 [-2.17067421e+00  0.00000000e+00  8.27555320e+01]
 [-2.49837779e+00  0.00000000e+00  8.62036791e+01]
 [-2.84335536e+00  0.00000000e+00  8.96518263e+01]
 [-3.20952152e+00  0.00000000e+00  9.30999735e+01]
 [-3.59684443e+00  0.00000000e+00  9.65481206e+01]
 [-4.00000000e+00  0.00000000e+00  9.99962678e+01]]","2D array of the coordinates (x,y,z) of the blade reference axis scaled based on rotor diameter, defined along blade span. The coordinate system is the one of BeamDyn: it is placed at blade root with x pointing the suction side of the blade, y pointing the trailing edge and z along the blade span. A standard configuration will have negative x values (prebend), if swept positive y values, and positive z values."
blade.high_level_blade_props.prebend,output,m,"[ 0.          0.01458961  0.05222308  0.10814189  0.1742505   0.24113677
  0.30008558  0.34265121  0.35982107  0.34758647  0.3145081   0.26685814
  0.21087049  0.1404773   0.03804705 -0.09075292 -0.23512381 -0.39413733
 -0.58577711 -0.80529181 -1.1155553  -1.29121723 -1.5637297  -1.85903588
 -2.17067421 -2.49837779 -2.84335536 -3.20952152 -3.59684443 -4.        ]",Blade prebend at each section
blade.high_level_blade_props.prebendTip,output,m,[-4.],Blade prebend at tip
blade.high_level_blade_props.presweep,output,m,"[0. 0. 0. 0. 0. 0. 0. 0. 0. 0. 0. 0. 0. 0. 0. 0. 0. 0. 0. 0. 0. 0. 0. 0.
 0. 0. 0. 0. 0. 0.]",Blade presweep at each section
blade.high_level_blade_props.presweepTip,output,m,[0.],Blade presweep at tip
blade.high_level_blade_props.blade_length,output,m,[100.17549325],"Scalar of the 3D blade length computed along its axis, scaled based on the user defined rotor diameter."
blade.internal_structure_2d_fem.joint_position,output,,[0.7],Spanwise position of the segmentation joint.
blade.internal_structure_2d_fem.joint_mass,output,kg,[472.],Mass of the joint.
blade.internal_structure_2d_fem.joint_nonmaterial_cost,output,USD,[18600.],Cost of the joint.
blade.internal_structure_2d_fem.d_f,output,m,[0.03],Diameter of the fastener
blade.internal_structure_2d_fem.sigma_max,output,Pa,[6.75e+08],Max stress on bolt
blade.internal_structure_2d_fem.joint_bolt,output,n/a,M36,"Type of bolt: M30, M36, or M48"
blade.internal_structure_2d_fem.reinforcement_layer_ss,output,n/a,joint_reinf_ss,"Layer identifier for the reinforcement layer at the join where bolts are inserted, suction side"
blade.internal_structure_2d_fem.reinforcement_layer_ps,output,n/a,joint_reinf_ps,"Layer identifier for the reinforcement layer at the join where bolts are inserted, pressure side"
blade.internal_structure_2d_fem.web_rotation,output,rad,"[[-0.3491     -0.32625117 -0.30085553 -0.27319561 -0.24355395 -0.2057759
  -0.15761451 -0.11369865 -0.08888556 -0.08740227 -0.08747036 -0.08755246
  -0.08760935 -0.08649735 -0.08026523 -0.07090719 -0.06112253 -0.05334186
  -0.04683973 -0.04037517 -0.03044013 -0.02356245 -0.0096627   0.00714598
   0.02406408  0.03833817  0.05056212  0.06194147  0.07234987  0.08166095]
 [-0.3491     -0.32625117 -0.30085553 -0.27319561 -0.24355395 -0.2057759
  -0.15761451 -0.11369865 -0.08888556 -0.08740227 -0.08747036 -0.08755246
  -0.08760935 -0.08649735 -0.08026523 -0.07090719 -0.06112253 -0.05334186
  -0.04683973 -0.04037517 -0.03044013 -0.02356245 -0.0096627   0.00714598
   0.02406408  0.03833817  0.05056212  0.06194147  0.07234987  0.08166095]]","2D array of the rotation angle of the shear webs in respect to the chord line. The first dimension represents each shear web, the second dimension represents each entry along blade span. If the rotation is equal to negative twist +- a constant, then the web is built straight."
blade.internal_structure_2d_fem.web_start_nd,output,,"[[0.19443411 0.19789619 0.1995814  0.29869742 0.31098567 0.32448251
  0.33399992 0.34127527 0.34566252 0.34669277 0.34713247 0.35067402
  0.35439919 0.36569812 0.37274312 0.38232289 0.39148885 0.39896527
  0.40560235 0.41086001 0.41544218 0.4168685  0.41765577 0.4178254
  0.41762105 0.41607536 0.41231162 0.40526033 0.3917786  0.24523263]
 [0.19443411 0.19789619 0.1995814  0.24103292 0.25044234 0.26086146
  0.26853677 0.2740762  0.27663037 0.27598468 0.27477686 0.27596579
  0.27726755 0.28439744 0.28696237 0.29046479 0.29309095 0.2937625
  0.29314104 0.29067678 0.28457176 0.27993725 0.27169063 0.26196135
  0.25052713 0.23573882 0.21583323 0.18757385 0.14241967 0.24523263]]","2D array of the non-dimensional start point defined along the outer profile of a web. The TE suction side is 0, the TE pressure side is 1. The first dimension represents each web, the second dimension represents each entry along blade span."
blade.internal_structure_2d_fem.web_end_nd,output,,"[[0.69444351 0.69843353 0.70702196 0.62303187 0.62842173 0.63161008
  0.63612392 0.64039419 0.64243713 0.64265738 0.64287487 0.63990423
  0.63666324 0.6260501  0.62026719 0.61224547 0.6045373  0.59812347
  0.59230543 0.58775308 0.58404968 0.58314037 0.58330853 0.58418287
  0.58515575 0.58696589 0.59069424 0.59757143 0.61087894 0.75672069]
 [0.69444351 0.69843353 0.70702196 0.68025763 0.68810309 0.69451453
  0.70133692 0.7078914  0.71197499 0.71396795 0.71585303 0.71515734
  0.7142568  0.70752285 0.70604146 0.70386319 0.70248662 0.7027377
  0.70407455 0.7072081  0.71426697 0.71950425 0.72886409 0.73974775
  0.75193557 0.76675484 0.78613106 0.8134791  0.85758675 0.75672069]]","2D array of the non-dimensional end point defined along the outer profile of a web. The TE suction side is 0, the TE pressure side is 1. The first dimension represents each web, the second dimension represents each entry along blade span."
blade.internal_structure_2d_fem.web_offset_y_pa,output,m,"[[ 0.00000000e+00  0.00000000e+00  0.00000000e+00 -1.15000000e+00
  -1.14866374e+00 -1.14462435e+00 -1.13783587e+00 -1.12825239e+00
  -1.11582796e+00 -1.10051665e+00 -1.08227253e+00 -1.06104965e+00
  -1.03680208e+00 -1.00948389e+00 -9.79049142e-01 -9.45451897e-01
  -9.08646222e-01 -8.68586181e-01 -8.25225838e-01 -7.78519258e-01
  -7.12722539e-01 -6.74883645e-01 -6.17862740e-01 -5.57311856e-01
  -4.93185057e-01 -4.25436408e-01 -3.54019972e-01 -2.78889815e-01
  -2.00000000e-01  4.16333634e-17]
 [ 0.00000000e+00  0.00000000e+00  0.00000000e+00 -4.50000000e-01
  -4.46963200e-01 -4.38185600e-01 -4.24166400e-01 -4.05404800e-01
  -3.82400000e-01 -3.55651200e-01 -3.25657600e-01 -2.92918400e-01
  -2.57932800e-01 -2.21200000e-01 -1.83219200e-01 -1.44489600e-01
  -1.05510400e-01 -6.67808000e-02 -2.88000000e-02  7.93280000e-03
   5.29987456e-02  7.56576000e-02  1.05651200e-01  1.32400000e-01
   1.55404800e-01  1.74166400e-01  1.88185600e-01  1.96963200e-01
   2.00000000e-01  2.77555756e-17]]","2D array of the offset along the y axis to set the position of the shear webs. Positive values move the web towards the trailing edge, negative values towards the leading edge. The first dimension represents each shear web, the second dimension represents each entry along blade span."
blade.internal_structure_2d_fem.layer_rotation,output,rad,"[[ 0.          0.          0.          0.          0.          0.
   0.          0.          0.          0.          0.          0.
   0.          0.          0.          0.          0.          0.
   0.          0.          0.          0.          0.          0.
   0.          0.          0.          0.          0.          0.        ]
 [ 0.          0.          0.          0.          0.          0.
   0.          0.          0.          0.          0.          0.
   0.          0.          0.          0.          0.          0.
   0.          0.          0.          0.          0.          0.
   0.          0.          0.          0.          0.          0.        ]
 [-0.3491     -0.32625117 -0.30085553 -0.27319561 -0.24355395 -0.2057759
  -0.15761451 -0.11369865 -0.08888556 -0.08740227 -0.08747036 -0.08755246
  -0.08760935 -0.08649735 -0.08026523 -0.07090719 -0.06112253 -0.05334186
  -0.04683973 -0.04037517 -0.03044013 -0.02356245 -0.0096627   0.00714598
   0.02406408  0.03833817  0.05056212  0.06194147  0.07234987  0.08166095]
 [-0.3491     -0.32625117 -0.30085553 -0.27319561 -0.24355395 -0.2057759
  -0.15761451 -0.11369865 -0.08888556 -0.08740227 -0.08747036 -0.08755246
  -0.08760935 -0.08649735 -0.08026523 -0.07090719 -0.06112253 -0.05334186
  -0.04683973 -0.04037517 -0.03044013 -0.02356245 -0.0096627   0.00714598
   0.02406408  0.03833817  0.05056212  0.06194147  0.07234987  0.08166095]
 [-0.3491     -0.32625117 -0.30085553 -0.27319561 -0.24355395 -0.2057759
  -0.15761451 -0.11369865 -0.08888556 -0.08740227 -0.08747036 -0.08755246
  -0.08760935 -0.08649735 -0.08026523 -0.07090719 -0.06112253 -0.05334186
  -0.04683973 -0.04037517 -0.03044013 -0.02356245 -0.0096627   0.00714598
   0.02406408  0.03833817  0.05056212  0.06194147  0.07234987  0.08166095]
 [-0.3491     -0.32625117 -0.30085553 -0.27319561 -0.24355395 -0.2057759
  -0.15761451 -0.11369865 -0.08888556 -0.08740227 -0.08747036 -0.08755246
  -0.08760935 -0.08649735 -0.08026523 -0.07090719 -0.06112253 -0.05334186
  -0.04683973 -0.04037517 -0.03044013 -0.02356245 -0.0096627   0.00714598
   0.02406408  0.03833817  0.05056212  0.06194147  0.07234987  0.08166095]
 [ 0.          0.          0.          0.          0.          0.
   0.          0.          0.          0.          0.          0.
   0.          0.          0.          0.          0.          0.
   0.          0.          0.          0.          0.          0.
   0.          0.          0.          0.          0.          0.        ]
 [ 0.          0.          0.          0.          0.          0.
   0.          0.          0.          0.          0.          0.
   0.          0.          0.          0.          0.          0.
   0.          0.          0.          0.          0.          0.
   0.          0.          0.          0.          0.          0.        ]
 [ 0.          0.          0.          0.          0.          0.
   0.          0.          0.          0.          0.          0.
   0.          0.          0.          0.          0.          0.
   0.          0.          0.          0.          0.          0.
   0.          0.          0.          0.          0.          0.        ]
 [ 0.          0.          0.          0.          0.          0.
   0.          0.          0.          0.          0.          0.
   0.          0.          0.          0.          0.          0.
   0.          0.          0.          0.          0.          0.
   0.          0.          0.          0.          0.          0.        ]
 [ 0.          0.          0.          0.          0.          0.
   0.          0.          0.          0.          0.          0.
   0.          0.          0.          0.          0.          0.
   0.          0.          0.          0.          0.          0.
   0.          0.          0.          0.          0.          0.        ]
 [ 0.          0.          0.          0.          0.          0.
   0.          0.          0.          0.          0.          0.
   0.          0.          0.          0.          0.          0.
   0.          0.          0.          0.          0.          0.
   0.          0.          0.          0.          0.          0.        ]
 [ 0.          0.          0.          0.          0.          0.
   0.          0.          0.          0.          0.          0.
   0.          0.          0.          0.          0.          0.
   0.          0.          0.          0.          0.          0.
   0.          0.          0.          0.          0.          0.        ]
 [ 0.          0.          0.          0.          0.          0.
   0.          0.          0.          0.          0.          0.
   0.          0.          0.          0.          0.          0.
   0.          0.          0.          0.          0.          0.
   0.          0.          0.          0.          0.          0.        ]
 [ 0.          0.          0.          0.          0.          0.
   0.          0.          0.          0.          0.          0.
   0.          0.          0.          0.          0.          0.
   0.          0.          0.          0.          0.          0.
   0.          0.          0.          0.          0.          0.        ]
 [ 0.          0.          0.          0.          0.          0.
   0.          0.          0.          0.          0.          0.
   0.          0.          0.          0.          0.          0.
   0.          0.          0.          0.          0.          0.
   0.          0.          0.          0.          0.          0.        ]
 [ 0.          0.          0.          0.          0.          0.
   0.          0.          0.          0.          0.          0.
   0.          0.          0.          0.          0.          0.
   0.          0.          0.          0.          0.          0.
   0.          0.          0.          0.          0.          0.        ]
 [ 0.          0.          0.          0.          0.          0.
   0.          0.          0.          0.          0.          0.
   0.          0.          0.          0.          0.          0.
   0.          0.          0.          0.          0.          0.
   0.          0.          0.          0.          0.          0.        ]
 [ 0.          0.          0.          0.          0.          0.
   0.          0.          0.          0.          0.          0.
   0.          0.          0.          0.          0.          0.
   0.          0.          0.          0.          0.          0.
   0.          0.          0.          0.          0.          0.        ]
 [ 0.          0.          0.          0.          0.          0.
   0.          0.          0.          0.          0.          0.
   0.          0.          0.          0.          0.          0.
   0.          0.          0.          0.          0.          0.
   0.          0.          0.          0.          0.          0.        ]]","2D array of the rotation angle of a layer in respect to the chord line. The first dimension represents each layer, the second dimension represents each entry along blade span. If the rotation is equal to negative twist +- a constant, then the layer is built straight."
blade.internal_structure_2d_fem.layer_start_nd,output,,"[[0.         0.         0.         0.         0.         0.
  0.         0.         0.         0.         0.         0.
  0.         0.         0.         0.         0.         0.
  0.         0.         0.         0.         0.         0.
  0.         0.         0.         0.         0.         0.        ]
 [0.         0.         0.         0.         0.         0.
  0.         0.         0.         0.         0.         0.
  0.         0.         0.         0.         0.         0.
  0.         0.         0.         0.         0.         0.
  0.         0.         0.         0.         0.         0.        ]
 [0.16613836 0.16946286 0.16968068 0.23759495 0.2439899  0.25193115
  0.25766523 0.26174662 0.2633434  0.26210837 0.26061866 0.2616315
  0.26295985 0.26995749 0.2725209  0.27588271 0.27838647 0.27891556
  0.27802616 0.2750634  0.26774667 0.26207131 0.25166728 0.23859669
  0.22787547 0.21289915 0.19074836 0.15633559 0.10381686 0.08009451]
 [0.66614777 0.6700002  0.67712123 0.62072086 0.62727502 0.63245959
  0.63926867 0.64574535 0.64977998 0.65171232 0.65333451 0.65155042
  0.64924268 0.63950434 0.63444037 0.62711273 0.61986479 0.61356165
  0.60742732 0.60199085 0.59597957 0.59311662 0.58936694 0.58623052
  0.58444769 0.58188815 0.57826958 0.57270573 0.57374879 0.59684729]
 [0.19443411 0.19789619 0.1995814  0.20542464 0.21272282 0.2220171
  0.22991051 0.23619816 0.24018571 0.24176774 0.24321802 0.24714692
  0.25147187 0.26147185 0.26715623 0.27388979 0.28019577 0.28503635
  0.289098   0.2692474  0.15010342 0.26666678 0.29305679 0.29210644
  0.29106461 0.28898449 0.28527264 0.2791944  0.26861133 0.24523263]
 [0.69444351 0.69843353 0.70702196 0.71607859 0.72704187 0.73490281
  0.74127057 0.74679934 0.74912851 0.748806   0.74793476 0.74442439
  0.74042431 0.73076654 0.7260795  0.72058973 0.71546943 0.71150765
  0.70813245 0.68336649 0.561757   0.67870736 0.70762202 0.70993719
  0.71208585 0.71470344 0.71851623 0.72434806 0.73434916 0.75672069]
 [0.48905595 0.48893839 0.48796411 0.48706864 0.48668455 0.48576547
  0.48502104 0.48531088 0.48564258 0.4857924  0.48611936 0.48627169
  0.48627317 0.48579129 0.48506303 0.48383156 0.48238805 0.48077685
  0.47894774 0.47684624 0.47359139 0.47152324 0.46807164 0.4638829
  0.45854522 0.4511866  0.44595877 0.44467843 0.44324233 0.44179699]
 [0.         0.         0.         0.         0.         0.
  0.         0.         0.         0.         0.         0.
  0.         0.         0.         0.         0.         0.
  0.         0.         0.         0.         0.         0.
  0.         0.         0.         0.         0.         0.        ]
 [0.95925412 0.95895293 0.9565692  0.95388656 0.95056337 0.94780072
  0.9455854  0.94397287 0.94256868 0.94189525 0.94165198 0.94093289
  0.94012219 0.93775085 0.9348865  0.93047603 0.92519004 0.92487708
  0.92502404 0.92507998 0.92496879 0.92485823 0.92470421 0.92478851
  0.93005609 0.93027525 0.93045139 0.93065362 0.93081265 0.93112403]
 [0.04074588 0.04104707 0.0434308  0.04611344 0.04943663 0.05219928
  0.0544146  0.05602713 0.05743132 0.05810475 0.05834802 0.05906711
  0.05987781 0.06224915 0.0651135  0.06952397 0.07480996 0.07512292
  0.07497596 0.07492002 0.07503121 0.07514177 0.07529579 0.07521149
  0.06994391 0.06972475 0.06954861 0.06934638 0.06918735 0.06887597]
 [0.22272986 0.22632952 0.22948212 0.30080193 0.31138242 0.32272784
  0.33028459 0.33580147 0.33842316 0.33783338 0.33690305 0.33920465
  0.34192828 0.35209392 0.35827412 0.36697208 0.37551861 0.38277512
  0.38964944 0.39578046 0.40279588 0.40631466 0.41134025 0.41753853
  0.41993132 0.42260813 0.42604197 0.43129105 0.43340579 0.41037074]
 [0.51094271 0.51093158 0.51109232 0.51151394 0.51274861 0.51314609
  0.51310658 0.51395159 0.51467968 0.51507905 0.51562235 0.51627311
  0.5168142  0.51755755 0.51822809 0.51906037 0.51995391 0.52094453
  0.52211804 0.52353357 0.52582167 0.52730935 0.52982516 0.53308866
  0.53739617 0.54310325 0.54601304 0.54471542 0.54334969 0.54177825]
 [0.72273926 0.72686687 0.73692268 0.68392783 0.69466754 0.70325628
  0.71188804 0.71980021 0.72485974 0.72743733 0.7296189  0.72912358
  0.72821111 0.72164078 0.72019359 0.71820211 0.71699693 0.71742121
  0.7190506  0.72270791 0.73102878 0.73735997 0.74903991 0.76192904
  0.77438828 0.79040881 0.81299166 0.84716618 0.89494952 0.91659409]
 [0.         0.         0.         0.         0.         0.
  0.         0.         0.         0.         0.         0.
  0.         0.         0.         0.05       0.05       0.05
  0.05       0.05       0.05       0.05       0.05       0.05
  0.05       0.05       0.04       0.05       0.05       0.05      ]
 [0.         0.         0.         0.         0.         0.
  0.         0.         0.         0.         0.         0.
  0.         0.         0.         0.         0.         0.
  0.         0.         0.         0.         0.         0.
  0.         0.         0.         0.         0.         0.        ]
 [0.         0.         0.         0.         0.         0.
  0.         0.         0.         0.         0.         0.
  0.         0.         0.         0.         0.         0.
  0.         0.         0.         0.         0.         0.
  0.         0.         0.         0.         0.         0.        ]
 [0.         0.         0.         0.         0.         0.
  0.         0.         0.         0.         0.         0.
  0.         0.         0.         0.         0.         0.
  0.         0.         0.         0.         0.         0.
  0.         0.         0.         0.         0.         0.        ]
 [0.         0.         0.         0.         0.         0.
  0.         0.         0.         0.         0.         0.
  0.         0.         0.         0.         0.         0.
  0.         0.         0.         0.         0.         0.
  0.         0.         0.         0.         0.         0.        ]
 [0.         0.         0.         0.         0.         0.
  0.         0.         0.         0.         0.         0.
  0.         0.         0.         0.         0.         0.
  0.         0.         0.         0.         0.         0.
  0.         0.         0.         0.         0.         0.        ]
 [0.         0.         0.         0.         0.         0.
  0.         0.         0.         0.         0.         0.
  0.         0.         0.         0.         0.         0.
  0.         0.         0.         0.         0.         0.
  0.         0.         0.         0.         0.         0.        ]]","2D array of the non-dimensional start point defined along the outer profile of a layer. The TE suction side is 0, the TE pressure side is 1. The first dimension represents each layer, the second dimension represents each entry along blade span."
blade.internal_structure_2d_fem.layer_end_nd,output,,"[[1.         1.         1.         1.         1.         1.
  1.         1.         1.         1.         1.         1.
  1.         1.         1.         1.         1.         1.
  1.         1.         1.         1.         1.         1.
  1.         1.         1.         1.         1.         1.        ]
 [1.         1.         1.         1.         1.         1.
  1.         1.         1.         1.         1.         1.
  1.         1.         1.         1.         1.         1.
  1.         1.         1.         1.         1.         1.
  1.         1.         1.         1.         1.         1.        ]
 [0.22272986 0.22632952 0.22948212 0.30080193 0.31138242 0.32272784
  0.33028459 0.33580147 0.33842316 0.33783338 0.33690305 0.33920465
  0.34192828 0.35209392 0.35827412 0.36697208 0.37551861 0.38277512
  0.38964944 0.39578046 0.40279588 0.40631466 0.41134025 0.41753853
  0.41993132 0.42260813 0.42604197 0.43129105 0.43340579 0.41037074]
 [0.72273926 0.72686687 0.73692268 0.68392783 0.69466754 0.70325628
  0.71188804 0.71980021 0.72485974 0.72743733 0.7296189  0.72912358
  0.72821111 0.72164078 0.72019359 0.71820211 0.71699693 0.71742121
  0.7190506  0.72270791 0.73102878 0.73735997 0.74903991 0.76192904
  0.77438828 0.79040881 0.81299166 0.84716618 0.89494952 0.91659409]
 [0.19443411 0.19789619 0.1995814  0.20542464 0.21272282 0.2220171
  0.22991051 0.23619816 0.24018571 0.24176774 0.24321802 0.24714692
  0.25147187 0.26147185 0.26715623 0.27388979 0.28019577 0.28503635
  0.289098   0.31451629 0.43708299 0.32075803 0.29305679 0.29210644
  0.29106461 0.28898449 0.28527264 0.2791944  0.26861133 0.24523263]
 [0.69444351 0.69843353 0.70702196 0.71607859 0.72704187 0.73490281
  0.74127057 0.74679934 0.74912851 0.748806   0.74793476 0.74442439
  0.74042431 0.73076654 0.7260795  0.72058973 0.71546943 0.71150765
  0.70813245 0.72863539 0.84873656 0.73279862 0.70762202 0.70993719
  0.71208585 0.71470344 0.71851623 0.72434806 0.73434916 0.75672069]
 [0.51094271 0.51093158 0.51109232 0.51151394 0.51274861 0.51314609
  0.51310658 0.51395159 0.51467968 0.51507905 0.51562235 0.51627311
  0.5168142  0.51755755 0.51822809 0.51906037 0.51995391 0.52094453
  0.52211804 0.52353357 0.52582167 0.52730935 0.52982516 0.53308866
  0.53739617 0.54310325 0.54601304 0.54471542 0.54334969 0.54177825]
 [0.04074588 0.04104707 0.0434308  0.04611344 0.04943663 0.05219928
  0.0544146  0.05602713 0.05743132 0.05810475 0.05834802 0.05906711
  0.05987781 0.06224915 0.0651135  0.06952397 0.07480996 0.07512292
  0.07497596 0.07492002 0.07503121 0.07514177 0.07529579 0.07521149
  0.06994391 0.06972475 0.06954861 0.06934638 0.06918735 0.06887597]
 [1.         1.         1.         1.         1.         1.
  1.         1.         1.         1.         1.         1.
  1.         1.         1.         1.         1.         1.
  1.         1.         1.         1.         1.         1.
  1.         1.         1.         1.         1.         1.        ]
 [0.16613836 0.16946286 0.16968068 0.23759495 0.2439899  0.25193115
  0.25766523 0.26174662 0.2633434  0.26210837 0.26061866 0.2616315
  0.26295985 0.26995749 0.2725209  0.27588271 0.27838647 0.27891556
  0.27802616 0.2750634  0.26774667 0.26207131 0.25166728 0.23859669
  0.22787547 0.21289915 0.19074836 0.15633559 0.10381686 0.08009451]
 [0.48905595 0.48893839 0.48796411 0.48706864 0.48668455 0.48576547
  0.48502104 0.48531088 0.48564258 0.4857924  0.48611936 0.48627169
  0.48627317 0.48579129 0.48506303 0.48383156 0.48238805 0.48077685
  0.47894774 0.47684624 0.47359139 0.47152324 0.46807164 0.4638829
  0.45854522 0.4511866  0.44595877 0.44467843 0.44324233 0.44179699]
 [0.66614777 0.6700002  0.67712123 0.62072086 0.62727502 0.63245959
  0.63926867 0.64574535 0.64977998 0.65171232 0.65333451 0.65155042
  0.64924268 0.63950434 0.63444037 0.62711273 0.61986479 0.61356165
  0.60742732 0.60199085 0.59597957 0.59311662 0.58936694 0.58623052
  0.58444769 0.58188815 0.57826958 0.57270573 0.57374879 0.59684729]
 [0.95925412 0.95895293 0.9565692  0.95388656 0.95056337 0.94780072
  0.9455854  0.94397287 0.94256868 0.94189525 0.94165198 0.94093289
  0.94012219 0.93775085 0.9348865  0.93047603 0.92519004 0.92487708
  0.92502404 0.92507998 0.92496879 0.92485823 0.92470421 0.92478851
  0.93005609 0.93027525 0.93045139 0.93065362 0.93081265 0.93112403]
 [1.         1.         1.         1.         1.         1.
  1.         1.         1.         1.         1.         1.
  1.         1.         1.         0.95       0.95       0.95
  0.95       0.95       0.95       0.95       0.95       0.95
  0.95       0.95       0.95       0.95       0.95       0.95      ]
 [0.         0.         0.         0.         0.         0.
  0.         0.         0.         0.         0.         0.
  0.         0.         0.         0.         0.         0.
  0.         0.         0.         0.         0.         0.
  0.         0.         0.         0.         0.         0.        ]
 [0.         0.         0.         0.         0.         0.
  0.         0.         0.         0.         0.         0.
  0.         0.         0.         0.         0.         0.
  0.         0.         0.         0.         0.         0.
  0.         0.         0.         0.         0.         0.        ]
 [0.         0.         0.         0.         0.         0.
  0.         0.         0.         0.         0.         0.
  0.         0.         0.         0.         0.         0.
  0.         0.         0.         0.         0.         0.
  0.         0.         0.         0.         0.         0.        ]
 [0.         0.         0.         0.         0.         0.
  0.         0.         0.         0.         0.         0.
  0.         0.         0.         0.         0.         0.
  0.         0.         0.         0.         0.         0.
  0.         0.         0.         0.         0.         0.        ]
 [0.         0.         0.         0.         0.         0.
  0.         0.         0.         0.         0.         0.
  0.         0.         0.         0.         0.         0.
  0.         0.         0.         0.         0.         0.
  0.         0.         0.         0.         0.         0.        ]
 [0.         0.         0.         0.         0.         0.
  0.         0.         0.         0.         0.         0.
  0.         0.         0.         0.         0.         0.
  0.         0.         0.         0.         0.         0.
  0.         0.         0.         0.         0.         0.        ]]","2D array of the non-dimensional end point defined along the outer profile of a layer. The TE suction side is 0, the TE pressure side is 1. The first dimension represents each layer, the second dimension represents each entry along blade span."
blade.internal_structure_2d_fem.layer_offset_y_pa,output,m,"[[ 0.      0.      0.      0.      0.      0.      0.      0.      0.
   0.      0.      0.      0.      0.      0.      0.      0.      0.
   0.      0.      0.      0.      0.      0.      0.      0.      0.
   0.      0.      0.    ]
 [ 0.      0.      0.      0.      0.      0.      0.      0.      0.
   0.      0.      0.      0.      0.      0.      0.      0.      0.
   0.      0.      0.      0.      0.      0.      0.      0.      0.
   0.      0.      0.    ]
 [ 0.      0.      0.     -0.8    -0.768  -0.736  -0.704  -0.672  -0.64
  -0.608  -0.576  -0.544  -0.512  -0.48   -0.448  -0.416  -0.384  -0.352
  -0.32   -0.288  -0.2464 -0.224  -0.192  -0.16   -0.128  -0.096  -0.064
  -0.032   0.      0.    ]
 [ 0.      0.      0.     -0.8    -0.768  -0.736  -0.704  -0.672  -0.64
  -0.608  -0.576  -0.544  -0.512  -0.48   -0.448  -0.416  -0.384  -0.352
  -0.32   -0.288  -0.2464 -0.224  -0.192  -0.16   -0.128  -0.096  -0.064
  -0.032   0.      0.    ]
 [ 0.      0.      0.      0.      0.      0.      0.      0.      0.
   0.      0.      0.      0.      0.      0.      0.      0.      0.
   0.      0.      0.      0.      0.      0.      0.      0.      0.
   0.      0.      0.    ]
 [ 0.      0.      0.      0.      0.      0.      0.      0.      0.
   0.      0.      0.      0.      0.      0.      0.      0.      0.
   0.      0.      0.      0.      0.      0.      0.      0.      0.
   0.      0.      0.    ]
 [ 0.      0.      0.      0.      0.      0.      0.      0.      0.
   0.      0.      0.      0.      0.      0.      0.      0.      0.
   0.      0.      0.      0.      0.      0.      0.      0.      0.
   0.      0.      0.    ]
 [ 0.      0.      0.      0.      0.      0.      0.      0.      0.
   0.      0.      0.      0.      0.      0.      0.      0.      0.
   0.      0.      0.      0.      0.      0.      0.      0.      0.
   0.      0.      0.    ]
 [ 0.      0.      0.      0.      0.      0.      0.      0.      0.
   0.      0.      0.      0.      0.      0.      0.      0.      0.
   0.      0.      0.      0.      0.      0.      0.      0.      0.
   0.      0.      0.    ]
 [ 0.      0.      0.      0.      0.      0.      0.      0.      0.
   0.      0.      0.      0.      0.      0.      0.      0.      0.
   0.      0.      0.      0.      0.      0.      0.      0.      0.
   0.      0.      0.    ]
 [ 0.      0.      0.      0.      0.      0.      0.      0.      0.
   0.      0.      0.      0.      0.      0.      0.      0.      0.
   0.      0.      0.      0.      0.      0.      0.      0.      0.
   0.      0.      0.    ]
 [ 0.      0.      0.      0.      0.      0.      0.      0.      0.
   0.      0.      0.      0.      0.      0.      0.      0.      0.
   0.      0.      0.      0.      0.      0.      0.      0.      0.
   0.      0.      0.    ]
 [ 0.      0.      0.      0.      0.      0.      0.      0.      0.
   0.      0.      0.      0.      0.      0.      0.      0.      0.
   0.      0.      0.      0.      0.      0.      0.      0.      0.
   0.      0.      0.    ]
 [ 0.      0.      0.      0.      0.      0.      0.      0.      0.
   0.      0.      0.      0.      0.      0.      0.      0.      0.
   0.      0.      0.      0.      0.      0.      0.      0.      0.
   0.      0.      0.    ]
 [ 0.      0.      0.      0.      0.      0.      0.      0.      0.
   0.      0.      0.      0.      0.      0.      0.      0.      0.
   0.      0.      0.      0.      0.      0.      0.      0.      0.
   0.      0.      0.    ]
 [ 0.      0.      0.      0.      0.      0.      0.      0.      0.
   0.      0.      0.      0.      0.      0.      0.      0.      0.
   0.      0.      0.      0.      0.      0.      0.      0.      0.
   0.      0.      0.    ]
 [ 0.      0.      0.      0.      0.      0.      0.      0.      0.
   0.      0.      0.      0.      0.      0.      0.      0.      0.
   0.      0.      0.      0.      0.      0.      0.      0.      0.
   0.      0.      0.    ]
 [ 0.      0.      0.      0.      0.      0.      0.      0.      0.
   0.      0.      0.      0.      0.      0.      0.      0.      0.
   0.      0.      0.      0.      0.      0.      0.      0.      0.
   0.      0.      0.    ]
 [ 0.      0.      0.      0.      0.      0.      0.      0.      0.
   0.      0.      0.      0.      0.      0.      0.      0.      0.
   0.      0.      0.      0.      0.      0.      0.      0.      0.
   0.      0.      0.    ]
 [ 0.      0.      0.      0.      0.      0.      0.      0.      0.
   0.      0.      0.      0.      0.      0.      0.      0.      0.
   0.      0.      0.      0.      0.      0.      0.      0.      0.
   0.      0.      0.    ]]","2D array of the offset along the y axis to set the position of a layer. Positive values move the layer towards the trailing edge, negative values towards the leading edge. The first dimension represents each layer, the second dimension represents each entry along blade span."
blade.internal_structure_2d_fem.layer_width,output,m,"[[0.00000000e+00 0.00000000e+00 0.00000000e+00 0.00000000e+00
  0.00000000e+00 0.00000000e+00 0.00000000e+00 0.00000000e+00
  0.00000000e+00 0.00000000e+00 0.00000000e+00 0.00000000e+00
  0.00000000e+00 0.00000000e+00 0.00000000e+00 0.00000000e+00
  0.00000000e+00 0.00000000e+00 0.00000000e+00 0.00000000e+00
  0.00000000e+00 0.00000000e+00 0.00000000e+00 0.00000000e+00
  0.00000000e+00 0.00000000e+00 0.00000000e+00 0.00000000e+00
  0.00000000e+00 0.00000000e+00]
 [0.00000000e+00 0.00000000e+00 0.00000000e+00 0.00000000e+00
  0.00000000e+00 0.00000000e+00 0.00000000e+00 0.00000000e+00
  0.00000000e+00 0.00000000e+00 0.00000000e+00 0.00000000e+00
  0.00000000e+00 0.00000000e+00 0.00000000e+00 0.00000000e+00
  0.00000000e+00 0.00000000e+00 0.00000000e+00 0.00000000e+00
  0.00000000e+00 0.00000000e+00 0.00000000e+00 0.00000000e+00
  0.00000000e+00 0.00000000e+00 0.00000000e+00 0.00000000e+00
  0.00000000e+00 0.00000000e+00]
 [8.00000000e-01 8.00000000e-01 8.00000000e-01 8.00000000e-01
  8.00000000e-01 8.00000000e-01 8.00000000e-01 8.00000000e-01
  8.00000000e-01 8.00000000e-01 8.00000000e-01 8.00000000e-01
  8.00000000e-01 8.00000000e-01 8.00000000e-01 8.00000000e-01
  8.00000000e-01 8.00000000e-01 8.00000000e-01 8.00000000e-01
  8.00000000e-01 8.00000000e-01 8.00000000e-01 8.00000000e-01
  7.53600000e-01 7.05900000e-01 6.58700000e-01 6.11000000e-01
  5.38300000e-01 3.41900000e-01]
 [8.00000000e-01 8.00000000e-01 8.00000000e-01 8.00000000e-01
  8.00000000e-01 8.00000000e-01 8.00000000e-01 8.00000000e-01
  8.00000000e-01 8.00000000e-01 8.00000000e-01 8.00000000e-01
  8.00000000e-01 8.00000000e-01 8.00000000e-01 8.00000000e-01
  8.00000000e-01 8.00000000e-01 8.00000000e-01 8.00000000e-01
  8.00000000e-01 8.00000000e-01 8.00000000e-01 7.85500000e-01
  7.45300000e-01 7.01900000e-01 6.57100000e-01 6.09900000e-01
  5.24600000e-01 3.31000000e-01]
 [0.00000000e+00 0.00000000e+00 0.00000000e+00 0.00000000e+00
  0.00000000e+00 0.00000000e+00 0.00000000e+00 0.00000000e+00
  0.00000000e+00 0.00000000e+00 0.00000000e+00 0.00000000e+00
  0.00000000e+00 0.00000000e+00 0.00000000e+00 0.00000000e+00
  0.00000000e+00 0.00000000e+00 0.00000000e+00 3.00000000e-01
  1.70000000e+00 3.00000000e-01 1.38777878e-17 0.00000000e+00
  0.00000000e+00 0.00000000e+00 0.00000000e+00 0.00000000e+00
  0.00000000e+00 0.00000000e+00]
 [0.00000000e+00 0.00000000e+00 0.00000000e+00 0.00000000e+00
  0.00000000e+00 0.00000000e+00 0.00000000e+00 0.00000000e+00
  0.00000000e+00 0.00000000e+00 0.00000000e+00 0.00000000e+00
  0.00000000e+00 0.00000000e+00 0.00000000e+00 0.00000000e+00
  0.00000000e+00 0.00000000e+00 0.00000000e+00 3.00000000e-01
  1.70000000e+00 3.00000000e-01 1.38777878e-17 0.00000000e+00
  0.00000000e+00 0.00000000e+00 0.00000000e+00 0.00000000e+00
  0.00000000e+00 0.00000000e+00]
 [3.09400000e-01 3.09400000e-01 3.09400000e-01 3.09400000e-01
  3.09400000e-01 3.09400000e-01 3.09400000e-01 3.09400000e-01
  3.09400000e-01 3.09400000e-01 3.09400000e-01 3.09400000e-01
  3.09400000e-01 3.09400000e-01 3.09400000e-01 3.09400000e-01
  3.09400000e-01 3.09400000e-01 3.09400000e-01 3.09400000e-01
  3.09400000e-01 3.09400000e-01 3.09400000e-01 3.09400000e-01
  3.09400000e-01 3.09400000e-01 2.80100000e-01 2.22300000e-01
  1.63500000e-01 1.03500000e-01]
 [5.76000000e-01 5.77450000e-01 5.81000000e-01 5.83650000e-01
  5.86850000e-01 5.89850000e-01 5.99450000e-01 6.05250000e-01
  6.11950000e-01 6.13850000e-01 6.11900000e-01 6.09150000e-01
  6.06600000e-01 6.06300000e-01 6.07450000e-01 6.10600000e-01
  6.16150000e-01 5.78650000e-01 5.37350000e-01 4.96500000e-01
  4.44467378e-01 4.16750000e-01 3.77250000e-01 3.36250000e-01
  2.74450000e-01 2.34700000e-01 1.94700000e-01 1.54100000e-01
  1.13000000e-01 7.13000000e-02]
 [5.76000000e-01 5.77450000e-01 5.81000000e-01 5.83650000e-01
  5.86850000e-01 5.89850000e-01 5.99450000e-01 6.05250000e-01
  6.11950000e-01 6.13850000e-01 6.11900000e-01 6.09150000e-01
  6.06600000e-01 6.06300000e-01 6.07450000e-01 6.10600000e-01
  6.16150000e-01 5.78650000e-01 5.37350000e-01 4.96500000e-01
  4.44467378e-01 4.16750000e-01 3.77250000e-01 3.36250000e-01
  2.74450000e-01 2.34700000e-01 1.94700000e-01 1.54100000e-01
  1.13000000e-01 7.13000000e-02]
 [0.00000000e+00 0.00000000e+00 0.00000000e+00 0.00000000e+00
  0.00000000e+00 0.00000000e+00 0.00000000e+00 0.00000000e+00
  0.00000000e+00 0.00000000e+00 0.00000000e+00 0.00000000e+00
  0.00000000e+00 0.00000000e+00 0.00000000e+00 0.00000000e+00
  0.00000000e+00 0.00000000e+00 0.00000000e+00 0.00000000e+00
  0.00000000e+00 0.00000000e+00 0.00000000e+00 0.00000000e+00
  0.00000000e+00 0.00000000e+00 0.00000000e+00 0.00000000e+00
  0.00000000e+00 0.00000000e+00]
 [0.00000000e+00 0.00000000e+00 0.00000000e+00 0.00000000e+00
  0.00000000e+00 0.00000000e+00 0.00000000e+00 0.00000000e+00
  0.00000000e+00 0.00000000e+00 0.00000000e+00 0.00000000e+00
  0.00000000e+00 0.00000000e+00 0.00000000e+00 0.00000000e+00
  0.00000000e+00 0.00000000e+00 0.00000000e+00 0.00000000e+00
  0.00000000e+00 0.00000000e+00 0.00000000e+00 0.00000000e+00
  0.00000000e+00 0.00000000e+00 0.00000000e+00 0.00000000e+00
  0.00000000e+00 0.00000000e+00]
 [0.00000000e+00 0.00000000e+00 0.00000000e+00 0.00000000e+00
  0.00000000e+00 0.00000000e+00 0.00000000e+00 0.00000000e+00
  0.00000000e+00 0.00000000e+00 0.00000000e+00 0.00000000e+00
  0.00000000e+00 0.00000000e+00 0.00000000e+00 0.00000000e+00
  0.00000000e+00 0.00000000e+00 0.00000000e+00 0.00000000e+00
  0.00000000e+00 0.00000000e+00 0.00000000e+00 0.00000000e+00
  0.00000000e+00 0.00000000e+00 0.00000000e+00 0.00000000e+00
  0.00000000e+00 0.00000000e+00]
 [0.00000000e+00 0.00000000e+00 0.00000000e+00 0.00000000e+00
  0.00000000e+00 0.00000000e+00 0.00000000e+00 0.00000000e+00
  0.00000000e+00 0.00000000e+00 0.00000000e+00 0.00000000e+00
  0.00000000e+00 0.00000000e+00 0.00000000e+00 0.00000000e+00
  0.00000000e+00 0.00000000e+00 0.00000000e+00 0.00000000e+00
  0.00000000e+00 0.00000000e+00 0.00000000e+00 0.00000000e+00
  0.00000000e+00 0.00000000e+00 0.00000000e+00 0.00000000e+00
  0.00000000e+00 0.00000000e+00]
 [0.00000000e+00 0.00000000e+00 0.00000000e+00 0.00000000e+00
  0.00000000e+00 0.00000000e+00 0.00000000e+00 0.00000000e+00
  0.00000000e+00 0.00000000e+00 0.00000000e+00 0.00000000e+00
  0.00000000e+00 0.00000000e+00 0.00000000e+00 0.00000000e+00
  0.00000000e+00 0.00000000e+00 0.00000000e+00 0.00000000e+00
  0.00000000e+00 0.00000000e+00 0.00000000e+00 0.00000000e+00
  0.00000000e+00 0.00000000e+00 0.00000000e+00 0.00000000e+00
  0.00000000e+00 0.00000000e+00]
 [0.00000000e+00 0.00000000e+00 0.00000000e+00 0.00000000e+00
  0.00000000e+00 0.00000000e+00 0.00000000e+00 0.00000000e+00
  0.00000000e+00 0.00000000e+00 0.00000000e+00 0.00000000e+00
  0.00000000e+00 0.00000000e+00 0.00000000e+00 0.00000000e+00
  0.00000000e+00 0.00000000e+00 0.00000000e+00 0.00000000e+00
  0.00000000e+00 0.00000000e+00 0.00000000e+00 0.00000000e+00
  0.00000000e+00 0.00000000e+00 0.00000000e+00 0.00000000e+00
  0.00000000e+00 0.00000000e+00]
 [0.00000000e+00 0.00000000e+00 0.00000000e+00 0.00000000e+00
  0.00000000e+00 0.00000000e+00 0.00000000e+00 0.00000000e+00
  0.00000000e+00 0.00000000e+00 0.00000000e+00 0.00000000e+00
  0.00000000e+00 0.00000000e+00 0.00000000e+00 0.00000000e+00
  0.00000000e+00 0.00000000e+00 0.00000000e+00 0.00000000e+00
  0.00000000e+00 0.00000000e+00 0.00000000e+00 0.00000000e+00
  0.00000000e+00 0.00000000e+00 0.00000000e+00 0.00000000e+00
  0.00000000e+00 0.00000000e+00]
 [0.00000000e+00 0.00000000e+00 0.00000000e+00 0.00000000e+00
  0.00000000e+00 0.00000000e+00 0.00000000e+00 0.00000000e+00
  0.00000000e+00 0.00000000e+00 0.00000000e+00 0.00000000e+00
  0.00000000e+00 0.00000000e+00 0.00000000e+00 0.00000000e+00
  0.00000000e+00 0.00000000e+00 0.00000000e+00 0.00000000e+00
  0.00000000e+00 0.00000000e+00 0.00000000e+00 0.00000000e+00
  0.00000000e+00 0.00000000e+00 0.00000000e+00 0.00000000e+00
  0.00000000e+00 0.00000000e+00]
 [0.00000000e+00 0.00000000e+00 0.00000000e+00 0.00000000e+00
  0.00000000e+00 0.00000000e+00 0.00000000e+00 0.00000000e+00
  0.00000000e+00 0.00000000e+00 0.00000000e+00 0.00000000e+00
  0.00000000e+00 0.00000000e+00 0.00000000e+00 0.00000000e+00
  0.00000000e+00 0.00000000e+00 0.00000000e+00 0.00000000e+00
  0.00000000e+00 0.00000000e+00 0.00000000e+00 0.00000000e+00
  0.00000000e+00 0.00000000e+00 0.00000000e+00 0.00000000e+00
  0.00000000e+00 0.00000000e+00]
 [0.00000000e+00 0.00000000e+00 0.00000000e+00 0.00000000e+00
  0.00000000e+00 0.00000000e+00 0.00000000e+00 0.00000000e+00
  0.00000000e+00 0.00000000e+00 0.00000000e+00 0.00000000e+00
  0.00000000e+00 0.00000000e+00 0.00000000e+00 0.00000000e+00
  0.00000000e+00 0.00000000e+00 0.00000000e+00 0.00000000e+00
  0.00000000e+00 0.00000000e+00 0.00000000e+00 0.00000000e+00
  0.00000000e+00 0.00000000e+00 0.00000000e+00 0.00000000e+00
  0.00000000e+00 0.00000000e+00]
 [0.00000000e+00 0.00000000e+00 0.00000000e+00 0.00000000e+00
  0.00000000e+00 0.00000000e+00 0.00000000e+00 0.00000000e+00
  0.00000000e+00 0.00000000e+00 0.00000000e+00 0.00000000e+00
  0.00000000e+00 0.00000000e+00 0.00000000e+00 0.00000000e+00
  0.00000000e+00 0.00000000e+00 0.00000000e+00 0.00000000e+00
  0.00000000e+00 0.00000000e+00 0.00000000e+00 0.00000000e+00
  0.00000000e+00 0.00000000e+00 0.00000000e+00 0.00000000e+00
  0.00000000e+00 0.00000000e+00]]","2D array of the width along the outer profile of a layer. The first dimension represents each layer, the second dimension represents each entry along blade span."
blade.interp_airfoils.r_thick_interp,output,,"[1.         0.9904762  0.90583552 0.76920637 0.62433185 0.51495506
 0.45652477 0.40898037 0.37373472 0.35299758 0.33854388 0.32716954
 0.31781339 0.30941425 0.30091105 0.29250549 0.28490061 0.27785301
 0.27111927 0.26445597 0.25549867 0.250367   0.2424545  0.23345852
 0.22353126 0.21373557 0.20477992 0.19617537 0.18790426 0.18      ]",1D array of the relative thicknesses of the blade defined along span.
blade.interp_airfoils.ac_interp,output,,"[0.5        0.49575018 0.45884901 0.40205541 0.34747208 0.31720171
 0.316      0.316      0.316      0.31553758 0.31111337 0.30358636
 0.29491462 0.28705623 0.28196904 0.2789807  0.27622217 0.27372193
 0.27150848 0.26961032 0.26766091 0.26687382 0.26609246 0.26570208
 0.26548576 0.2651602  0.26287948 0.25487265 0.24264125 0.228     ]",1D array of the aerodynamic center of the blade defined along span.
blade.interp_airfoils.cl_interp,output,,"[[[[ 0.00000000e+00]
   [ 0.00000000e+00]
   [ 0.00000000e+00]
   [ 0.00000000e+00]
   [ 0.00000000e+00]]

  [[ 0.00000000e+00]
   [ 0.00000000e+00]
   [ 0.00000000e+00]
   [ 0.00000000e+00]
   [ 0.00000000e+00]]

  [[ 0.00000000e+00]
   [ 0.00000000e+00]
   [ 0.00000000e+00]
   [ 0.00000000e+00]
   [ 0.00000000e+00]]

  ...

  [[ 0.00000000e+00]
   [ 0.00000000e+00]
   [ 0.00000000e+00]
   [ 0.00000000e+00]
   [ 0.00000000e+00]]

  [[ 0.00000000e+00]
   [ 0.00000000e+00]
   [ 0.00000000e+00]
   [ 0.00000000e+00]
   [ 0.00000000e+00]]

  [[ 0.00000000e+00]
   [ 0.00000000e+00]
   [ 0.00000000e+00]
   [ 0.00000000e+00]
   [ 0.00000000e+00]]]


 [[[ 0.00000000e+00]
   [ 0.00000000e+00]
   [ 0.00000000e+00]
   [ 0.00000000e+00]
   [ 0.00000000e+00]]

  [[ 2.26137991e-03]
   [ 1.94775724e-03]
   [ 1.92094234e-03]
   [ 1.93109733e-03]
   [ 1.89340473e-03]]

  [[ 4.52275988e-03]
   [ 3.89551453e-03]
   [ 3.84188473e-03]
   [ 3.86219472e-03]
   [ 3.78680952e-03]]

  ...

  [[-4.52275988e-03]
   [-3.89551453e-03]
   [-3.84188473e-03]
   [-3.86219472e-03]
   [-3.78680952e-03]]

  [[-2.26137991e-03]
   [-1.94775724e-03]
   [-1.92094234e-03]
   [-1.93109733e-03]
   [-1.89340473e-03]]

  [[-7.53598903e-19]
   [-7.53598903e-19]
   [-7.53598903e-19]
   [-7.53598903e-19]
   [-7.53598903e-19]]]


 [[[ 0.00000000e+00]
   [ 0.00000000e+00]
   [ 0.00000000e+00]
   [ 0.00000000e+00]
   [ 0.00000000e+00]]

  [[ 2.24911443e-02]
   [ 2.00611592e-02]
   [ 1.98552462e-02]
   [ 1.99331949e-02]
   [ 1.96440645e-02]]

  [[ 4.49822890e-02]
   [ 4.01223189e-02]
   [ 3.97104929e-02]
   [ 3.98663903e-02]
   [ 3.92881293e-02]]

  ...

  [[-4.49822890e-02]
   [-4.01223189e-02]
   [-3.97104929e-02]
   [-3.98663903e-02]
   [-3.92881293e-02]]

  [[-2.24911443e-02]
   [-2.00611592e-02]
   [-1.98552462e-02]
   [-1.99331949e-02]
   [-1.96440645e-02]]

  [[-6.25425624e-18]
   [-6.25425624e-18]
   [-6.25425624e-18]
   [-6.25425624e-18]
   [-6.25425624e-18]]]


 ...


 [[[ 0.00000000e+00]
   [ 0.00000000e+00]
   [ 0.00000000e+00]
   [ 0.00000000e+00]
   [ 0.00000000e+00]]

  [[ 1.81891218e-01]
   [ 1.86009734e-01]
   [ 1.87437603e-01]
   [ 1.94392998e-01]
   [ 1.98011589e-01]]

  [[ 3.63782435e-01]
   [ 3.72019469e-01]
   [ 3.74875206e-01]
   [ 3.88785996e-01]
   [ 3.96023178e-01]]

  ...

  [[-3.63782435e-01]
   [-3.72019469e-01]
   [-3.74875206e-01]
   [-3.88785996e-01]
   [-3.96023178e-01]]

  [[-1.81891218e-01]
   [-1.86009734e-01]
   [-1.87437603e-01]
   [-1.94392998e-01]
   [-1.98011589e-01]]

  [[-3.06780898e-19]
   [-2.47779670e-19]
   [ 0.00000000e+00]
   [ 1.29721666e-17]
   [-3.98810863e-18]]]


 [[[ 0.00000000e+00]
   [ 0.00000000e+00]
   [ 0.00000000e+00]
   [ 0.00000000e+00]
   [ 0.00000000e+00]]

  [[ 1.91313607e-01]
   [ 1.96662846e-01]
   [ 1.98266810e-01]
   [ 2.04863588e-01]
   [ 2.08470811e-01]]

  [[ 3.82627215e-01]
   [ 3.93325692e-01]
   [ 3.96533620e-01]
   [ 4.09727176e-01]
   [ 4.16941622e-01]]

  ...

  [[-3.82627215e-01]
   [-3.93325692e-01]
   [-3.96533620e-01]
   [-4.09727176e-01]
   [-4.16941622e-01]]

  [[-1.91313607e-01]
   [-1.96662846e-01]
   [-1.98266810e-01]
   [-2.04863588e-01]
   [-2.08470811e-01]]

  [[-1.16003931e-18]
   [-5.93069651e-19]
   [ 0.00000000e+00]
   [ 1.36426336e-17]
   [-8.66895539e-18]]]


 [[[ 0.00000000e+00]
   [ 0.00000000e+00]
   [ 0.00000000e+00]
   [ 0.00000000e+00]
   [ 0.00000000e+00]]

  [[ 2.02449660e-01]
   [ 2.09583515e-01]
   [ 2.11419915e-01]
   [ 2.17381080e-01]
   [ 2.21043270e-01]]

  [[ 4.04899320e-01]
   [ 4.19167029e-01]
   [ 4.22839830e-01]
   [ 4.34762160e-01]
   [ 4.42086540e-01]]

  ...

  [[-4.04899320e-01]
   [-4.19167029e-01]
   [-4.22839830e-01]
   [-4.34762160e-01]
   [-4.42086540e-01]]

  [[-2.02449660e-01]
   [-2.09583515e-01]
   [-2.11419915e-01]
   [-2.17381080e-01]
   [-2.21043270e-01]]

  [[-2.80518940e-18]
   [-1.05413865e-18]
   [ 0.00000000e+00]
   [ 1.38777878e-17]
   [-1.38777878e-17]]]]","4D array with the lift coefficients of the airfoils. Dimension 0 is along the blade span for n_span stations, dimension 1 is along the angles of attack, dimension 2 is along the Reynolds number, dimension 3 is along the number of tabs, which may describe multiple sets at the same station, for example in presence of a flap."
blade.interp_airfoils.cd_interp,output,,"[[[[0.5       ]
   [0.5       ]
   [0.5       ]
   [0.5       ]
   [0.5       ]]

  [[0.5       ]
   [0.5       ]
   [0.5       ]
   [0.5       ]
   [0.5       ]]

  [[0.5       ]
   [0.5       ]
   [0.5       ]
   [0.5       ]
   [0.5       ]]

  ...

  [[0.5       ]
   [0.5       ]
   [0.5       ]
   [0.5       ]
   [0.5       ]]

  [[0.5       ]
   [0.5       ]
   [0.5       ]
   [0.5       ]
   [0.5       ]]

  [[0.5       ]
   [0.5       ]
   [0.5       ]
   [0.5       ]
   [0.5       ]]]


 [[[0.48317224]
   [0.48317224]
   [0.48317224]
   [0.48317224]
   [0.48317224]]

  [[0.48317224]
   [0.48317224]
   [0.48317224]
   [0.48317224]
   [0.48317224]]

  [[0.48317224]
   [0.48317224]
   [0.48317224]
   [0.48317224]
   [0.48317224]]

  ...

  [[0.48317224]
   [0.48317224]
   [0.48317224]
   [0.48317224]
   [0.48317224]]

  [[0.48317224]
   [0.48317224]
   [0.48317224]
   [0.48317224]
   [0.48317224]]

  [[0.48317224]
   [0.48317224]
   [0.48317224]
   [0.48317224]
   [0.48317224]]]


 [[[0.34328947]
   [0.34328947]
   [0.34328947]
   [0.34328947]
   [0.34328947]]

  [[0.34328947]
   [0.34328947]
   [0.34328947]
   [0.34328947]
   [0.34328947]]

  [[0.34328947]
   [0.34328947]
   [0.34328947]
   [0.34328947]
   [0.34328947]]

  ...

  [[0.34328947]
   [0.34328947]
   [0.34328947]
   [0.34328947]
   [0.34328947]]

  [[0.34328947]
   [0.34328947]
   [0.34328947]
   [0.34328947]
   [0.34328947]]

  [[0.34328947]
   [0.34328947]
   [0.34328947]
   [0.34328947]
   [0.34328947]]]


 ...


 [[[0.001     ]
   [0.001     ]
   [0.001     ]
   [0.001     ]
   [0.001     ]]

  [[0.001     ]
   [0.001     ]
   [0.001     ]
   [0.001     ]
   [0.001     ]]

  [[0.001     ]
   [0.001     ]
   [0.001     ]
   [0.001     ]
   [0.001     ]]

  ...

  [[0.001     ]
   [0.001     ]
   [0.001     ]
   [0.001     ]
   [0.001     ]]

  [[0.001     ]
   [0.001     ]
   [0.001     ]
   [0.001     ]
   [0.001     ]]

  [[0.001     ]
   [0.001     ]
   [0.001     ]
   [0.001     ]
   [0.001     ]]]


 [[[0.001     ]
   [0.001     ]
   [0.001     ]
   [0.001     ]
   [0.001     ]]

  [[0.001     ]
   [0.001     ]
   [0.001     ]
   [0.001     ]
   [0.001     ]]

  [[0.001     ]
   [0.001     ]
   [0.001     ]
   [0.001     ]
   [0.001     ]]

  ...

  [[0.001     ]
   [0.001     ]
   [0.001     ]
   [0.001     ]
   [0.001     ]]

  [[0.001     ]
   [0.001     ]
   [0.001     ]
   [0.001     ]
   [0.001     ]]

  [[0.001     ]
   [0.001     ]
   [0.001     ]
   [0.001     ]
   [0.001     ]]]


 [[[0.001     ]
   [0.001     ]
   [0.001     ]
   [0.001     ]
   [0.001     ]]

  [[0.001     ]
   [0.001     ]
   [0.001     ]
   [0.001     ]
   [0.001     ]]

  [[0.001     ]
   [0.001     ]
   [0.001     ]
   [0.001     ]
   [0.001     ]]

  ...

  [[0.001     ]
   [0.001     ]
   [0.001     ]
   [0.001     ]
   [0.001     ]]

  [[0.001     ]
   [0.001     ]
   [0.001     ]
   [0.001     ]
   [0.001     ]]

  [[0.001     ]
   [0.001     ]
   [0.001     ]
   [0.001     ]
   [0.001     ]]]]","4D array with the drag coefficients of the airfoils. Dimension 0 is along the blade span for n_span stations, dimension 1 is along the angles of attack, dimension 2 is along the Reynolds number, dimension 3 is along the number of tabs, which may describe multiple sets at the same station, for example in presence of a flap."
blade.interp_airfoils.cm_interp,output,,"[[[[ 0.00000000e+00]
   [ 0.00000000e+00]
   [ 0.00000000e+00]
   [ 0.00000000e+00]
   [ 0.00000000e+00]]

  [[ 0.00000000e+00]
   [ 0.00000000e+00]
   [ 0.00000000e+00]
   [ 0.00000000e+00]
   [ 0.00000000e+00]]

  [[ 0.00000000e+00]
   [ 0.00000000e+00]
   [ 0.00000000e+00]
   [ 0.00000000e+00]
   [ 0.00000000e+00]]

  ...

  [[ 0.00000000e+00]
   [ 0.00000000e+00]
   [ 0.00000000e+00]
   [ 0.00000000e+00]
   [ 0.00000000e+00]]

  [[ 0.00000000e+00]
   [ 0.00000000e+00]
   [ 0.00000000e+00]
   [ 0.00000000e+00]
   [ 0.00000000e+00]]

  [[ 0.00000000e+00]
   [ 0.00000000e+00]
   [ 0.00000000e+00]
   [ 0.00000000e+00]
   [ 0.00000000e+00]]]


 [[[ 0.00000000e+00]
   [ 0.00000000e+00]
   [ 0.00000000e+00]
   [ 0.00000000e+00]
   [ 0.00000000e+00]]

  [[ 6.01446903e-03]
   [ 6.01446903e-03]
   [ 6.01446903e-03]
   [ 6.01446903e-03]
   [ 6.01446903e-03]]

  [[ 1.03917777e-02]
   [ 1.03917777e-02]
   [ 1.03917777e-02]
   [ 1.03917777e-02]
   [ 1.03917777e-02]]

  ...

  [[-1.50454748e-02]
   [-1.50454748e-02]
   [-1.50454748e-02]
   [-1.50454748e-02]
   [-1.50454748e-02]]

  [[-8.95340984e-03]
   [-8.95340984e-03]
   [-8.95340984e-03]
   [-8.95340984e-03]
   [-8.95340984e-03]]

  [[ 0.00000000e+00]
   [ 0.00000000e+00]
   [ 0.00000000e+00]
   [ 0.00000000e+00]
   [ 0.00000000e+00]]]


 [[[ 0.00000000e+00]
   [ 0.00000000e+00]
   [ 0.00000000e+00]
   [ 0.00000000e+00]
   [ 0.00000000e+00]]

  [[ 5.29945751e-02]
   [ 5.29945751e-02]
   [ 5.29945751e-02]
   [ 5.29945751e-02]
   [ 5.29945751e-02]]

  [[ 9.32521557e-02]
   [ 9.32521557e-02]
   [ 9.32521557e-02]
   [ 9.32521557e-02]
   [ 9.32521557e-02]]

  ...

  [[-1.32558809e-01]
   [-1.32558809e-01]
   [-1.32558809e-01]
   [-1.32558809e-01]
   [-1.32558809e-01]]

  [[-7.74099366e-02]
   [-7.74099366e-02]
   [-7.74099366e-02]
   [-7.74099366e-02]
   [-7.74099366e-02]]

  [[ 0.00000000e+00]
   [ 0.00000000e+00]
   [ 0.00000000e+00]
   [ 0.00000000e+00]
   [ 0.00000000e+00]]]


 ...


 [[[ 0.00000000e+00]
   [ 0.00000000e+00]
   [ 0.00000000e+00]
   [ 0.00000000e+00]
   [ 0.00000000e+00]]

  [[ 1.20000000e-01]
   [ 1.20000000e-01]
   [ 1.20000000e-01]
   [ 1.20000000e-01]
   [ 1.20000000e-01]]

  [[ 2.40000000e-01]
   [ 2.40000000e-01]
   [ 2.40000000e-01]
   [ 2.40000000e-01]
   [ 2.40000000e-01]]

  ...

  [[-3.00000000e-01]
   [-3.00000000e-01]
   [-3.00000000e-01]
   [-3.00000000e-01]
   [-3.00000000e-01]]

  [[-1.50000000e-01]
   [-1.50000000e-01]
   [-1.50000000e-01]
   [-1.50000000e-01]
   [-1.50000000e-01]]

  [[-1.92606959e-18]
   [-1.92606959e-18]
   [-1.92606959e-18]
   [-1.92606959e-18]
   [-1.92606959e-18]]]


 [[[ 0.00000000e+00]
   [ 0.00000000e+00]
   [ 0.00000000e+00]
   [ 0.00000000e+00]
   [ 0.00000000e+00]]

  [[ 1.20000000e-01]
   [ 1.20000000e-01]
   [ 1.20000000e-01]
   [ 1.20000000e-01]
   [ 1.20000000e-01]]

  [[ 2.40000000e-01]
   [ 2.40000000e-01]
   [ 2.40000000e-01]
   [ 2.40000000e-01]
   [ 2.40000000e-01]]

  ...

  [[-3.00000000e-01]
   [-3.00000000e-01]
   [-3.00000000e-01]
   [-3.00000000e-01]
   [-3.00000000e-01]]

  [[-1.50000000e-01]
   [-1.50000000e-01]
   [-1.50000000e-01]
   [-1.50000000e-01]
   [-1.50000000e-01]]

  [[-1.92606959e-18]
   [-1.92606959e-18]
   [-1.92606959e-18]
   [-1.92606959e-18]
   [-1.92606959e-18]]]


 [[[ 0.00000000e+00]
   [ 0.00000000e+00]
   [ 0.00000000e+00]
   [ 0.00000000e+00]
   [ 0.00000000e+00]]

  [[ 1.20000000e-01]
   [ 1.20000000e-01]
   [ 1.20000000e-01]
   [ 1.20000000e-01]
   [ 1.20000000e-01]]

  [[ 2.40000000e-01]
   [ 2.40000000e-01]
   [ 2.40000000e-01]
   [ 2.40000000e-01]
   [ 2.40000000e-01]]

  ...

  [[-3.00000000e-01]
   [-3.00000000e-01]
   [-3.00000000e-01]
   [-3.00000000e-01]
   [-3.00000000e-01]]

  [[-1.50000000e-01]
   [-1.50000000e-01]
   [-1.50000000e-01]
   [-1.50000000e-01]
   [-1.50000000e-01]]

  [[-1.92606959e-18]
   [-1.92606959e-18]
   [-1.92606959e-18]
   [-1.92606959e-18]
   [-1.92606959e-18]]]]","4D array with the moment coefficients of the airfoils. Dimension 0 is along the blade span for n_span stations, dimension 1 is along the angles of attack, dimension 2 is along the Reynolds number, dimension 3 is along the number of tabs, which may describe multiple sets at the same station, for example in presence of a flap."
blade.interp_airfoils.coord_xy_interp,output,,"[[[ 1.00000000e+00 -5.22802288e-16]
  [ 9.99429684e-01 -2.22597407e-02]
  [ 9.98063018e-01 -4.44580349e-02]
  ...
  [ 9.98120489e-01  4.38394581e-02]
  [ 9.99443038e-01  2.19496514e-02]
  [ 1.00000000e+00 -5.26271735e-16]]

 [[ 1.00000000e+00 -4.63811846e-04]
  [ 9.98467173e-01 -2.21760738e-02]
  [ 9.96201019e-01 -4.43513952e-02]
  ...
  [ 9.96776877e-01  4.39179785e-02]
  [ 9.98774657e-01  2.22119245e-02]
  [ 1.00000000e+00  3.03878429e-04]]

 [[ 1.00000000e+00 -3.84926541e-03]
  [ 9.90631439e-01 -2.12435866e-02]
  [ 9.80995553e-01 -4.24457781e-02]
  ...
  [ 9.85613808e-01  4.43560536e-02]
  [ 9.93218520e-01  2.41263074e-02]
  [ 1.00000000e+00  2.83048459e-03]]

 ...

 [[ 1.00000000e+00  2.99243424e-04]
  [ 9.76715850e-01  2.78508494e-03]
  [ 9.52832571e-01  4.62553820e-03]
  ...
  [ 9.52575171e-01  9.64309571e-03]
  [ 9.76267770e-01  4.94496385e-03]
  [ 1.00000000e+00  2.99243424e-04]]

 [[ 1.00000000e+00  7.60311480e-05]
  [ 9.76692547e-01  2.94939444e-03]
  [ 9.52952126e-01  4.97097005e-03]
  ...
  [ 9.52775619e-01  1.06814382e-02]
  [ 9.76380589e-01  5.38373218e-03]
  [ 1.00000000e+00  7.60311480e-05]]

 [[ 1.00000000e+00  1.76276899e-06]
  [ 9.76685164e-01  3.14692752e-03]
  [ 9.53182640e-01  5.22846152e-03]
  ...
  [ 9.52998460e-01  1.22336784e-02]
  [ 9.76506117e-01  6.17134718e-03]
  [ 1.00000000e+00  1.76276899e-06]]]",3D array of the non-dimensional x and y airfoil coordinates of the airfoils interpolated along span for n_span stations. The leading edge is place at x=0 and y=0.
blade.opt_var.s_opt_twist,output,,"[0.         0.03448276 0.06896552 0.10344828 0.13793103 0.17241379
 0.20689655 0.24137931 0.27586207 0.31034483 0.34482759 0.37931034
 0.4137931  0.44827586 0.48275862 0.51724138 0.55172414 0.5862069
 0.62068966 0.65517241 0.68965517 0.72413793 0.75862069 0.79310345
 0.82758621 0.86206897 0.89655172 0.93103448 0.96551724 1.        ]",
blade.opt_var.s_opt_chord,output,,"[0.         0.03448276 0.06896552 0.10344828 0.13793103 0.17241379
 0.20689655 0.24137931 0.27586207 0.31034483 0.34482759 0.37931034
 0.4137931  0.44827586 0.48275862 0.51724138 0.55172414 0.5862069
 0.62068966 0.65517241 0.68965517 0.72413793 0.75862069 0.79310345
 0.82758621 0.86206897 0.89655172 0.93103448 0.96551724 1.        ]",
blade.opt_var.twist_opt,output,rad,"[ 0.3491      0.32625117  0.30085553  0.27319561  0.24355395  0.2057759
  0.15761451  0.11369865  0.08888556  0.08740227  0.08747036  0.08755246
  0.08760935  0.08649735  0.08026523  0.07090719  0.06112253  0.05334186
  0.04683973  0.04037517  0.03298558  0.02356245  0.0096627  -0.00714598
 -0.02406408 -0.03833817 -0.05056212 -0.06194147 -0.07234987 -0.08166095]",
blade.opt_var.chord_opt,output,m,"[4.5        4.51653455 4.59255455 4.72026865 4.75       4.75
 4.75       4.75       4.75       4.75       4.75       4.7
 4.64       4.48       4.30815493 4.07109567 3.83078655 3.59377787
 3.3535724  3.10972681 2.86394905 2.61780457 2.37255549 2.12536608
 1.87360817 1.6133977  1.34551447 1.07050448 0.78813172 0.5       ]",
blade.opt_var.af_position,output,,"[0.         0.02       0.18       0.29632121 0.4824137  0.76458948
 0.87235063 1.        ]",
blade.opt_var.s_opt_layer_0,output,,"[0.         0.03448276 0.06896552 0.10344828 0.13793103 0.17241379
 0.20689655 0.24137931 0.27586207 0.31034483 0.34482759 0.37931034
 0.4137931  0.44827586 0.48275862 0.51724138 0.55172414 0.5862069
 0.62068966 0.65517241 0.68965517 0.72413793 0.75862069 0.79310345
 0.82758621 0.86206897 0.89655172 0.93103448 0.96551724 1.        ]",
blade.opt_var.layer_0_opt,output,m,"[0.001 0.001 0.001 0.001 0.001 0.001 0.001 0.001 0.001 0.001 0.001 0.001
 0.001 0.001 0.001 0.001 0.001 0.001 0.001 0.001 0.001 0.001 0.001 0.001
 0.001 0.001 0.001 0.001 0.001 0.001]",
blade.opt_var.s_opt_layer_1,output,,"[0.         0.03448276 0.06896552 0.10344828 0.13793103 0.17241379
 0.20689655 0.24137931 0.27586207 0.31034483 0.34482759 0.37931034
 0.4137931  0.44827586 0.48275862 0.51724138 0.55172414 0.5862069
 0.62068966 0.65517241 0.68965517 0.72413793 0.75862069 0.79310345
 0.82758621 0.86206897 0.89655172 0.93103448 0.96551724 1.        ]",
blade.opt_var.layer_1_opt,output,m,"[0.041      0.033      0.026      0.02       0.015      0.011
 0.00828454 0.00651243 0.00536208 0.00470248 0.00440263 0.00433155
 0.00435823 0.00435168 0.00430703 0.0042194  0.00408392 0.00389572
 0.00364992 0.00334165 0.00298133 0.00257936 0.00214615 0.00169212
 0.00122768 0.001      0.001      0.001      0.001      0.001     ]",
blade.opt_var.s_opt_layer_2,output,,"[0.         0.03448276 0.06896552 0.10344828 0.13793103 0.17241379
 0.20689655 0.24137931 0.27586207 0.31034483 0.34482759 0.37931034
 0.4137931  0.44827586 0.48275862 0.51724138 0.55172414 0.5862069
 0.62068966 0.65517241 0.68965517 0.72413793 0.75862069 0.79310345
 0.82758621 0.86206897 0.89655172 0.93103448 0.96551724 1.        ]",
blade.opt_var.layer_2_opt,output,m,"[0.         0.01036386 0.01802123 0.02536166 0.03206819 0.03782389
 0.04231181 0.045215   0.04621651 0.04569527 0.04403017 0.04160014
 0.03878408 0.03596091 0.03350953 0.03135807 0.02943466 0.02766741
 0.02598444 0.02431388 0.02258386 0.02080428 0.01898505 0.01713608
 0.0152673  0.0133886  0.0115099  0.0096312  0.0077525  0.00587381]",
blade.opt_var.s_opt_layer_3,output,,"[0.         0.03448276 0.06896552 0.10344828 0.13793103 0.17241379
 0.20689655 0.24137931 0.27586207 0.31034483 0.34482759 0.37931034
 0.4137931  0.44827586 0.48275862 0.51724138 0.55172414 0.5862069
 0.62068966 0.65517241 0.68965517 0.72413793 0.75862069 0.79310345
 0.82758621 0.86206897 0.89655172 0.93103448 0.96551724 1.        ]",
blade.opt_var.layer_3_opt,output,m,"[0.         0.01247806 0.01761157 0.02274509 0.02766418 0.03215441
 0.03600136 0.0389906  0.04090771 0.04153826 0.04110173 0.03981761
 0.0379054  0.03558457 0.03307463 0.03059505 0.02815655 0.02576987
 0.02344572 0.02119482 0.01902789 0.01695567 0.01496235 0.01303217
 0.01114933 0.00929806 0.00746257 0.00562708 0.00379159 0.00195611]",
blade.opt_var.s_opt_layer_4,output,,"[0.         0.03448276 0.06896552 0.10344828 0.13793103 0.17241379
 0.20689655 0.24137931 0.27586207 0.31034483 0.34482759 0.37931034
 0.4137931  0.44827586 0.48275862 0.51724138 0.55172414 0.5862069
 0.62068966 0.65517241 0.68965517 0.72413793 0.75862069 0.79310345
 0.82758621 0.86206897 0.89655172 0.93103448 0.96551724 1.        ]",
blade.opt_var.layer_4_opt,output,m,"[ 0.00000000e+00  0.00000000e+00  0.00000000e+00  0.00000000e+00
  0.00000000e+00  0.00000000e+00  0.00000000e+00  0.00000000e+00
  0.00000000e+00  0.00000000e+00  0.00000000e+00  0.00000000e+00
  0.00000000e+00  0.00000000e+00  0.00000000e+00  0.00000000e+00
  0.00000000e+00  0.00000000e+00  0.00000000e+00  1.00000000e-03
  4.34756148e-02  1.00000000e-03 -8.13151629e-20  0.00000000e+00
  0.00000000e+00  0.00000000e+00  0.00000000e+00  0.00000000e+00
  0.00000000e+00  0.00000000e+00]",
blade.opt_var.s_opt_layer_5,output,,"[0.         0.03448276 0.06896552 0.10344828 0.13793103 0.17241379
 0.20689655 0.24137931 0.27586207 0.31034483 0.34482759 0.37931034
 0.4137931  0.44827586 0.48275862 0.51724138 0.55172414 0.5862069
 0.62068966 0.65517241 0.68965517 0.72413793 0.75862069 0.79310345
 0.82758621 0.86206897 0.89655172 0.93103448 0.96551724 1.        ]",
blade.opt_var.layer_5_opt,output,m,"[ 0.00000000e+00  0.00000000e+00  0.00000000e+00  0.00000000e+00
  0.00000000e+00  0.00000000e+00  0.00000000e+00  0.00000000e+00
  0.00000000e+00  0.00000000e+00  0.00000000e+00  0.00000000e+00
  0.00000000e+00  0.00000000e+00  0.00000000e+00  0.00000000e+00
  0.00000000e+00  0.00000000e+00  0.00000000e+00  1.00000000e-03
  4.34756148e-02  1.00000000e-03 -8.13151629e-20  0.00000000e+00
  0.00000000e+00  0.00000000e+00  0.00000000e+00  0.00000000e+00
  0.00000000e+00  0.00000000e+00]",
blade.opt_var.s_opt_layer_6,output,,"[0.         0.03448276 0.06896552 0.10344828 0.13793103 0.17241379
 0.20689655 0.24137931 0.27586207 0.31034483 0.34482759 0.37931034
 0.4137931  0.44827586 0.48275862 0.51724138 0.55172414 0.5862069
 0.62068966 0.65517241 0.68965517 0.72413793 0.75862069 0.79310345
 0.82758621 0.86206897 0.89655172 0.93103448 0.96551724 1.        ]",
blade.opt_var.layer_6_opt,output,m,"[0.         0.         0.00665003 0.00814812 0.00964621 0.0111443
 0.01260256 0.01398116 0.01524026 0.01634003 0.01724065 0.01790228
 0.01832761 0.01851932 0.01848012 0.01821267 0.01771968 0.01700382
 0.01610578 0.01506624 0.01392586 0.01272533 0.01150532 0.01030652
 0.00912537 0.00795837 0.00680196 0.00565261 0.0045068  0.003361  ]",
blade.opt_var.s_opt_layer_7,output,,"[0.         0.03448276 0.06896552 0.10344828 0.13793103 0.17241379
 0.20689655 0.24137931 0.27586207 0.31034483 0.34482759 0.37931034
 0.4137931  0.44827586 0.48275862 0.51724138 0.55172414 0.5862069
 0.62068966 0.65517241 0.68965517 0.72413793 0.75862069 0.79310345
 0.82758621 0.86206897 0.89655172 0.93103448 0.96551724 1.        ]",
blade.opt_var.layer_7_opt,output,m,"[ 0.00000000e+00  0.00000000e+00  2.33432275e-02  2.51480648e-02
  2.69529021e-02  2.87577394e-02  3.05625767e-02  3.23674140e-02
  3.39953792e-02  3.52696003e-02  3.60132052e-02  3.60493218e-02
  3.52010780e-02  3.32916017e-02  3.05938669e-02  2.73808473e-02
  2.39255169e-02  2.05008494e-02  1.73798187e-02  1.48353987e-02
  1.27714875e-02  1.10919834e-02  9.70078471e-03  8.50178952e-03
  7.39889612e-03  6.29600271e-03  5.19310930e-03  4.09021589e-03
  2.98732248e-03 -2.16840434e-19]",
blade.opt_var.s_opt_layer_8,output,,"[0.         0.03448276 0.06896552 0.10344828 0.13793103 0.17241379
 0.20689655 0.24137931 0.27586207 0.31034483 0.34482759 0.37931034
 0.4137931  0.44827586 0.48275862 0.51724138 0.55172414 0.5862069
 0.62068966 0.65517241 0.68965517 0.72413793 0.75862069 0.79310345
 0.82758621 0.86206897 0.89655172 0.93103448 0.96551724 1.        ]",
blade.opt_var.layer_8_opt,output,m,"[ 0.00000000e+00  0.00000000e+00  2.33432275e-02  2.51480648e-02
  2.69529021e-02  2.87577394e-02  3.05625767e-02  3.23674140e-02
  3.39953792e-02  3.52696003e-02  3.60132052e-02  3.60493218e-02
  3.52010780e-02  3.32916017e-02  3.05938669e-02  2.73808473e-02
  2.39255169e-02  2.05008494e-02  1.73798187e-02  1.48353987e-02
  1.27714875e-02  1.10919834e-02  9.70078471e-03  8.50178952e-03
  7.39889612e-03  6.29600271e-03  5.19310930e-03  4.09021589e-03
  2.98732248e-03 -2.16840434e-19]",
blade.opt_var.s_opt_layer_9,output,,"[0.         0.03448276 0.06896552 0.10344828 0.13793103 0.17241379
 0.20689655 0.24137931 0.27586207 0.31034483 0.34482759 0.37931034
 0.4137931  0.44827586 0.48275862 0.51724138 0.55172414 0.5862069
 0.62068966 0.65517241 0.68965517 0.72413793 0.75862069 0.79310345
 0.82758621 0.86206897 0.89655172 0.93103448 0.96551724 1.        ]",
blade.opt_var.layer_9_opt,output,m,"[0.         0.         0.01864022 0.02290439 0.02716855 0.03128208
 0.03509432 0.03845464 0.04121238 0.04321692 0.0443176  0.04463178
 0.04427681 0.04337004 0.04202882 0.04037051 0.03851246 0.03646388
 0.03423398 0.03183196 0.02926705 0.02654845 0.02368537 0.02070189
 0.01762209 0.01447005 0.01126986 0.00804558 0.00482131 0.00159703]",
blade.opt_var.s_opt_layer_10,output,,"[0.         0.03448276 0.06896552 0.10344828 0.13793103 0.17241379
 0.20689655 0.24137931 0.27586207 0.31034483 0.34482759 0.37931034
 0.4137931  0.44827586 0.48275862 0.51724138 0.55172414 0.5862069
 0.62068966 0.65517241 0.68965517 0.72413793 0.75862069 0.79310345
 0.82758621 0.86206897 0.89655172 0.93103448 0.96551724 1.        ]",
blade.opt_var.layer_10_opt,output,m,"[0.         0.         0.01067832 0.01302775 0.01537718 0.0177266
 0.02007603 0.02234366 0.02444771 0.02630638 0.02783787 0.0289604
 0.02959217 0.02979168 0.02961743 0.02912793 0.02838168 0.02743718
 0.02635293 0.02511064 0.02369203 0.0220788  0.02025266 0.01819533
 0.01588852 0.0133738  0.01069276 0.00788698 0.00499804 0.00206752]",
blade.opt_var.s_opt_layer_11,output,,"[0.         0.03448276 0.06896552 0.10344828 0.13793103 0.17241379
 0.20689655 0.24137931 0.27586207 0.31034483 0.34482759 0.37931034
 0.4137931  0.44827586 0.48275862 0.51724138 0.55172414 0.5862069
 0.62068966 0.65517241 0.68965517 0.72413793 0.75862069 0.79310345
 0.82758621 0.86206897 0.89655172 0.93103448 0.96551724 1.        ]",
blade.opt_var.layer_11_opt,output,m,"[0.         0.         0.01171413 0.01476495 0.01781576 0.02086658
 0.02391739 0.02696821 0.03001902 0.03295299 0.03565325 0.03800297
 0.03988528 0.04118335 0.04178032 0.04172736 0.04107568 0.03987644
 0.03818083 0.03604003 0.03350522 0.03064208 0.02751627 0.02419345
 0.02073929 0.01721947 0.01369965 0.01017983 0.00666001 0.00314019]",
blade.opt_var.s_opt_layer_12,output,,"[0.         0.03448276 0.06896552 0.10344828 0.13793103 0.17241379
 0.20689655 0.24137931 0.27586207 0.31034483 0.34482759 0.37931034
 0.4137931  0.44827586 0.48275862 0.51724138 0.55172414 0.5862069
 0.62068966 0.65517241 0.68965517 0.72413793 0.75862069 0.79310345
 0.82758621 0.86206897 0.89655172 0.93103448 0.96551724 1.        ]",
blade.opt_var.layer_12_opt,output,m,"[0.         0.         0.03598738 0.04397734 0.05196731 0.05963021
 0.066639   0.07266661 0.07738598 0.08047006 0.08159179 0.08099669
 0.07893026 0.07563804 0.07136553 0.06635826 0.06086173 0.05503573
 0.04904003 0.04303439 0.03717859 0.03163241 0.02655561 0.02186997
 0.01749725 0.01335922 0.00937765 0.00547432 0.00157099 0.001     ]",
blade.opt_var.s_opt_layer_13,output,,"[0.         0.03448276 0.06896552 0.10344828 0.13793103 0.17241379
 0.20689655 0.24137931 0.27586207 0.31034483 0.34482759 0.37931034
 0.4137931  0.44827586 0.48275862 0.51724138 0.55172414 0.5862069
 0.62068966 0.65517241 0.68965517 0.72413793 0.75862069 0.79310345
 0.82758621 0.86206897 0.89655172 0.93103448 0.96551724 1.        ]",
blade.opt_var.layer_13_opt,output,m,"[0.041      0.033      0.026      0.02       0.01531562 0.01261405
 0.01008929 0.00782972 0.00592376 0.00445981 0.00352627 0.00301625
 0.00282289 0.00283929 0.0029586  0.00307391 0.00307837 0.00299303
 0.00283898 0.00263728 0.00240901 0.00217523 0.00195702 0.00175179
 0.00155694 0.00136987 0.00118799 0.00100871 0.001      0.001     ]",
blade.opt_var.s_opt_layer_14,output,,"[0.         0.03448276 0.06896552 0.10344828 0.13793103 0.17241379
 0.20689655 0.24137931 0.27586207 0.31034483 0.34482759 0.37931034
 0.4137931  0.44827586 0.48275862 0.51724138 0.55172414 0.5862069
 0.62068966 0.65517241 0.68965517 0.72413793 0.75862069 0.79310345
 0.82758621 0.86206897 0.89655172 0.93103448 0.96551724 1.        ]",
blade.opt_var.layer_14_opt,output,m,"[0.00000000e+00 0.00000000e+00 0.00000000e+00 2.16422907e-03
 2.21016153e-03 2.25609398e-03 2.30202643e-03 2.34795888e-03
 2.38578561e-03 2.40740088e-03 2.40469897e-03 2.36957416e-03
 2.29392070e-03 2.16963289e-03 2.01292217e-03 1.84000000e-03
 1.66707783e-03 1.51036711e-03 1.38607930e-03 1.31042584e-03
 1.27530103e-03 1.27259912e-03 1.29421439e-03 1.33204112e-03
 1.37797357e-03 1.42390602e-03 1.46983847e-03 1.51577093e-03
 1.56170338e-03 1.08420217e-19]",
blade.opt_var.s_opt_layer_15,output,,"[0.         0.03448276 0.06896552 0.10344828 0.13793103 0.17241379
 0.20689655 0.24137931 0.27586207 0.31034483 0.34482759 0.37931034
 0.4137931  0.44827586 0.48275862 0.51724138 0.55172414 0.5862069
 0.62068966 0.65517241 0.68965517 0.72413793 0.75862069 0.79310345
 0.82758621 0.86206897 0.89655172 0.93103448 0.96551724 1.        ]",
blade.opt_var.layer_15_opt,output,m,"[0.00000000e+00 0.00000000e+00 0.00000000e+00 3.74890612e-02
 3.61172335e-02 3.47454058e-02 3.33630956e-02 3.19598202e-02
 3.05250972e-02 2.90484440e-02 2.75193780e-02 2.59274168e-02
 2.43374498e-02 2.28143666e-02 2.14230569e-02 2.02284101e-02
 1.92953159e-02 1.86886639e-02 1.83467902e-02 1.82080313e-02
 2.00000000e-02 2.00000000e-02 2.00000000e-02 2.00000000e-02
 2.00000000e-02 2.00000000e-02 2.00000000e-02 2.00000000e-02
 2.00000000e-02 5.20417043e-18]",
blade.opt_var.s_opt_layer_16,output,,"[0.         0.03448276 0.06896552 0.10344828 0.13793103 0.17241379
 0.20689655 0.24137931 0.27586207 0.31034483 0.34482759 0.37931034
 0.4137931  0.44827586 0.48275862 0.51724138 0.55172414 0.5862069
 0.62068966 0.65517241 0.68965517 0.72413793 0.75862069 0.79310345
 0.82758621 0.86206897 0.89655172 0.93103448 0.96551724 1.        ]",
blade.opt_var.layer_16_opt,output,m,"[0.00000000e+00 0.00000000e+00 0.00000000e+00 2.07236417e-03
 2.11829662e-03 2.16422907e-03 2.21016153e-03 2.25609398e-03
 2.30202643e-03 2.34795888e-03 2.38578561e-03 2.40740088e-03
 2.40469897e-03 2.36957416e-03 2.29392070e-03 2.16963289e-03
 2.01292217e-03 1.84000000e-03 1.66707783e-03 1.51036711e-03
 1.38607930e-03 1.31042584e-03 1.27530103e-03 1.27259912e-03
 1.29421439e-03 1.33204112e-03 1.37797357e-03 1.42390602e-03
 1.46983847e-03 1.08420217e-19]",
blade.opt_var.s_opt_layer_17,output,,"[0.         0.03448276 0.06896552 0.10344828 0.13793103 0.17241379
 0.20689655 0.24137931 0.27586207 0.31034483 0.34482759 0.37931034
 0.4137931  0.44827586 0.48275862 0.51724138 0.55172414 0.5862069
 0.62068966 0.65517241 0.68965517 0.72413793 0.75862069 0.79310345
 0.82758621 0.86206897 0.89655172 0.93103448 0.96551724 1.        ]",
blade.opt_var.layer_17_opt,output,m,"[0.00000000e+00 0.00000000e+00 0.00000000e+00 2.51759997e-03
 2.44512991e-03 2.37265986e-03 2.30018980e-03 2.22771975e-03
 2.15449048e-03 2.07974278e-03 2.00271744e-03 1.92265525e-03
 1.83879698e-03 1.75038343e-03 1.66146746e-03 1.57610193e-03
 1.49833970e-03 1.43223365e-03 1.38183663e-03 1.35120150e-03
 1.33703462e-03 1.33604234e-03 1.34493101e-03 1.36040697e-03
 1.37917659e-03 1.39794620e-03 1.41671582e-03 1.43548543e-03
 1.45425505e-03 2.16840434e-19]",
blade.opt_var.s_opt_layer_18,output,,"[0.         0.03448276 0.06896552 0.10344828 0.13793103 0.17241379
 0.20689655 0.24137931 0.27586207 0.31034483 0.34482759 0.37931034
 0.4137931  0.44827586 0.48275862 0.51724138 0.55172414 0.5862069
 0.62068966 0.65517241 0.68965517 0.72413793 0.75862069 0.79310345
 0.82758621 0.86206897 0.89655172 0.93103448 0.96551724 1.        ]",
blade.opt_var.layer_18_opt,output,m,"[0.00000000e+00 0.00000000e+00 0.00000000e+00 3.77066146e-02
 3.63461220e-02 3.49856293e-02 3.36139152e-02 3.22197581e-02
 3.07919366e-02 2.93192293e-02 2.77904146e-02 2.61942712e-02
 2.45955568e-02 2.30590296e-02 2.16494473e-02 2.04315680e-02
 2.00000000e-02 2.00000000e-02 2.00000000e-02 2.00000000e-02
 2.00000000e-02 2.00000000e-02 2.00000000e-02 2.00000000e-02
 2.00000000e-02 2.00000000e-02 2.00000000e-02 2.00000000e-02
 2.00000000e-02 5.20417043e-18]",
blade.opt_var.s_opt_layer_19,output,,"[0.         0.03448276 0.06896552 0.10344828 0.13793103 0.17241379
 0.20689655 0.24137931 0.27586207 0.31034483 0.34482759 0.37931034
 0.4137931  0.44827586 0.48275862 0.51724138 0.55172414 0.5862069
 0.62068966 0.65517241 0.68965517 0.72413793 0.75862069 0.79310345
 0.82758621 0.86206897 0.89655172 0.93103448 0.96551724 1.        ]",
blade.opt_var.layer_19_opt,output,m,"[0.00000000e+00 0.00000000e+00 0.00000000e+00 2.66254008e-03
 2.59007002e-03 2.51759997e-03 2.44512991e-03 2.37265986e-03
 2.30018980e-03 2.22771975e-03 2.15449048e-03 2.07974278e-03
 2.00271744e-03 1.92265525e-03 1.83879698e-03 1.75038343e-03
 1.66146746e-03 1.57610193e-03 1.49833970e-03 1.43223365e-03
 1.38183663e-03 1.35120150e-03 1.33703462e-03 1.33604234e-03
 1.34493101e-03 1.36040697e-03 1.37917659e-03 1.39794620e-03
 1.41671582e-03 3.25260652e-19]",
blade.outer_shape_bem.af_position,output,,"[0.         0.02       0.18       0.29632121 0.4824137  0.76458948
 0.87235063 1.        ]",1D array of the non dimensional positions of the airfoils af_used defined along blade span.
blade.outer_shape_bem.s,output,,"[0.         0.03448276 0.06896552 0.10344828 0.13793103 0.17241379
 0.20689655 0.24137931 0.27586207 0.31034483 0.34482759 0.37931034
 0.4137931  0.44827586 0.48275862 0.51724138 0.55172414 0.5862069
 0.62068966 0.65517241 0.7        0.72413793 0.75862069 0.79310345
 0.82758621 0.86206897 0.89655172 0.93103448 0.96551724 1.        ]","1D array of the non-dimensional spanwise grid defined along blade axis (0-blade root, 1-blade tip)"
blade.outer_shape_bem.chord,output,m,"[4.5        4.51653455 4.59255455 4.72026865 4.75       4.75
 4.75       4.75       4.75       4.75       4.75       4.7
 4.64       4.48       4.30815493 4.07109567 3.83078655 3.59377787
 3.3535724  3.10972681 2.79010443 2.61780457 2.37255549 2.12536608
 1.87360817 1.6133977  1.34551447 1.07050448 0.78813172 0.5       ]",1D array of the chord values defined along blade span.
blade.outer_shape_bem.twist,output,rad,"[ 0.3491      0.32625117  0.30085553  0.27319561  0.24355395  0.2057759
  0.15761451  0.11369865  0.08888556  0.08740227  0.08747036  0.08755246
  0.08760935  0.08649735  0.08026523  0.07090719  0.06112253  0.05334186
  0.04683973  0.04037517  0.03044013  0.02356245  0.0096627  -0.00714598
 -0.02406408 -0.03833817 -0.05056212 -0.06194147 -0.07234987 -0.08166095]",1D array of the twist values defined along blade span. The twist is defined positive for negative rotations around the z axis (the same as in BeamDyn).
blade.outer_shape_bem.pitch_axis,output,,"[0.5        0.49816955 0.48992341 0.47666778 0.47368421 0.47368421
 0.47368421 0.47368421 0.47368421 0.47368421 0.47368421 0.46808511
 0.4612069  0.44196429 0.43251806 0.42095775 0.41010371 0.40195138
 0.39522149 0.39116278 0.39008436 0.39134099 0.39523274 0.40007425
 0.40504215 0.41113787 0.41946139 0.43201533 0.45321411 0.5       ]","1D array of the chordwise position of the pitch axis (0-LE, 1-TE), defined along blade span."
blade.outer_shape_bem.r_thick_yaml_interp,output,,"[0. 0. 0. 0. 0. 0. 0. 0. 0. 0. 0. 0. 0. 0. 0. 0. 0. 0. 0. 0. 0. 0. 0. 0.
 0. 0. 0. 0. 0. 0.]",1D array of the relative thickness values defined along blade span.
blade.outer_shape_bem.ref_axis,output,m,"[[ 0.00000000e+00  0.00000000e+00  0.00000000e+00]
 [ 1.45896086e-02  0.00000000e+00  3.44814717e+00]
 [ 5.22230768e-02  0.00000000e+00  6.89629433e+00]
 [ 1.08141891e-01  0.00000000e+00  1.03444415e+01]
 [ 1.74250500e-01  0.00000000e+00  1.37925887e+01]
 [ 2.41136773e-01  0.00000000e+00  1.72407358e+01]
 [ 3.00085581e-01  0.00000000e+00  2.06888830e+01]
 [ 3.42651213e-01  0.00000000e+00  2.41370302e+01]
 [ 3.59821072e-01  0.00000000e+00  2.75851773e+01]
 [ 3.47586472e-01  0.00000000e+00  3.10333245e+01]
 [ 3.14508104e-01  0.00000000e+00  3.44814717e+01]
 [ 2.66858145e-01  0.00000000e+00  3.79296188e+01]
 [ 2.10870490e-01  0.00000000e+00  4.13777660e+01]
 [ 1.40477297e-01  0.00000000e+00  4.48259132e+01]
 [ 3.80470534e-02  0.00000000e+00  4.82740603e+01]
 [-9.07529186e-02  0.00000000e+00  5.17222075e+01]
 [-2.35123811e-01  0.00000000e+00  5.51703547e+01]
 [-3.94137332e-01  0.00000000e+00  5.86185018e+01]
 [-5.85777112e-01  0.00000000e+00  6.20666490e+01]
 [-8.05291806e-01  0.00000000e+00  6.55147962e+01]
 [-1.11555530e+00  0.00000000e+00  6.99973875e+01]
 [-1.29121723e+00  0.00000000e+00  7.24110905e+01]
 [-1.56372970e+00  0.00000000e+00  7.58592376e+01]
 [-1.85903588e+00  0.00000000e+00  7.93073848e+01]
 [-2.17067421e+00  0.00000000e+00  8.27555320e+01]
 [-2.49837779e+00  0.00000000e+00  8.62036791e+01]
 [-2.84335536e+00  0.00000000e+00  8.96518263e+01]
 [-3.20952152e+00  0.00000000e+00  9.30999735e+01]
 [-3.59684443e+00  0.00000000e+00  9.65481206e+01]
 [-4.00000000e+00  0.00000000e+00  9.99962678e+01]]","2D array of the coordinates (x,y,z) of the blade reference axis, defined along blade span. The coordinate system is the one of BeamDyn: it is placed at blade root with x pointing the suction side of the blade, y pointing the trailing edge and z along the blade span. A standard configuration will have negative x values (prebend), if swept positive y values, and positive z values."
blade.pa.twist_param,output,rad,"[ 0.3491      0.32625117  0.30085553  0.27319561  0.24355395  0.2057759
  0.15761451  0.11369865  0.08888556  0.08740227  0.08747036  0.08755246
  0.08760935  0.08649735  0.08026523  0.07090719  0.06112253  0.05334186
  0.04683973  0.04037517  0.03044013  0.02356245  0.0096627  -0.00714598
 -0.02406408 -0.03833817 -0.05056212 -0.06194147 -0.07234987 -0.08166095]",1D array of the twist values defined along blade span. The twist is the result of the parameterization.
blade.pa.chord_param,output,m,"[4.5        4.51653455 4.59255455 4.72026865 4.75       4.75
 4.75       4.75       4.75       4.75       4.75       4.7
 4.64       4.48       4.30815493 4.07109567 3.83078655 3.59377787
 3.3535724  3.10972681 2.79010443 2.61780457 2.37255549 2.12536608
 1.87360817 1.6133977  1.34551447 1.07050448 0.78813172 0.5       ]",1D array of the chord values defined along blade span. The chord is the result of the parameterization.
blade.pa.max_chord_constr,output,,"[0.94736842 0.95084938 0.96685359 0.99374077 1.         1.
 1.         1.         1.         1.         1.         0.98947368
 0.97684211 0.94315789 0.90697999 0.85707277 0.80648138 0.75658481
 0.70601524 0.65467933 0.60293621 0.55111675 0.49948537 0.44744549
 0.39444383 0.33966267 0.2832662  0.22536936 0.16592247 0.10526316]",1D array of the ratio between chord values and maximum chord along blade span.
blade.ps.layer_thickness_param,output,m,"[[ 1.00000000e-03  1.00000000e-03  1.00000000e-03  1.00000000e-03
   1.00000000e-03  1.00000000e-03  1.00000000e-03  1.00000000e-03
   1.00000000e-03  1.00000000e-03  1.00000000e-03  1.00000000e-03
   1.00000000e-03  1.00000000e-03  1.00000000e-03  1.00000000e-03
   1.00000000e-03  1.00000000e-03  1.00000000e-03  1.00000000e-03
   1.00000000e-03  1.00000000e-03  1.00000000e-03  1.00000000e-03
   1.00000000e-03  1.00000000e-03  1.00000000e-03  1.00000000e-03
   1.00000000e-03  1.00000000e-03]
 [ 4.10000000e-02  3.30000000e-02  2.60000000e-02  2.00000000e-02
   1.50000000e-02  1.10000000e-02  8.28454072e-03  6.51243402e-03
   5.36207752e-03  4.70247504e-03  4.40263040e-03  4.33154742e-03
   4.35822991e-03  4.35168169e-03  4.30702965e-03  4.21940069e-03
   4.08392168e-03  3.89571952e-03  3.64992111e-03  3.34165333e-03
   2.86491152e-03  2.57935592e-03  2.14614940e-03  1.69211977e-03
   1.22767857e-03  1.00000000e-03  1.00000000e-03  1.00000000e-03
   1.00000000e-03  1.00000000e-03]
 [ 0.00000000e+00  1.03638639e-02  1.80212345e-02  2.53616596e-02
   3.20681938e-02  3.78238917e-02  4.23118077e-02  4.52149966e-02
   4.62165127e-02  4.56952678e-02  4.40301733e-02  4.16001409e-02
   3.87840821e-02  3.59609085e-02  3.35095318e-02  3.13580743e-02
   2.94346583e-02  2.76674064e-02  2.59844408e-02  2.43138839e-02
   2.20549123e-02  2.08042751e-02  1.89850461e-02  1.71360827e-02
   1.52672963e-02  1.33885984e-02  1.15099005e-02  9.63120264e-03
   7.75250477e-03  5.87380689e-03]
 [ 0.00000000e+00  1.24780597e-02  1.76115740e-02  2.27450883e-02
   2.76641755e-02  3.21544085e-02  3.60013601e-02  3.89906033e-02
   4.09077110e-02  4.15382560e-02  4.11017265e-02  3.98176106e-02
   3.79053964e-02  3.55845720e-02  3.30746256e-02  3.05950453e-02
   2.81565527e-02  2.57698696e-02  2.34457177e-02  2.11948185e-02
   1.83968865e-02  1.69556653e-02  1.49623503e-02  1.30321660e-02
   1.11493299e-02  9.29805909e-03  7.46257101e-03  5.62708293e-03
   3.79159485e-03  1.95610677e-03]
 [ 0.00000000e+00  0.00000000e+00  0.00000000e+00  0.00000000e+00
   0.00000000e+00  0.00000000e+00  0.00000000e+00  0.00000000e+00
   0.00000000e+00  0.00000000e+00  0.00000000e+00  0.00000000e+00
   0.00000000e+00  0.00000000e+00  0.00000000e+00  0.00000000e+00
   0.00000000e+00  0.00000000e+00  0.00000000e+00  1.00000000e-03
   3.44239839e-02  1.00000000e-03 -8.13151629e-20  0.00000000e+00
   0.00000000e+00  0.00000000e+00  0.00000000e+00  0.00000000e+00
   0.00000000e+00  0.00000000e+00]
 [ 0.00000000e+00  0.00000000e+00  0.00000000e+00  0.00000000e+00
   0.00000000e+00  0.00000000e+00  0.00000000e+00  0.00000000e+00
   0.00000000e+00  0.00000000e+00  0.00000000e+00  0.00000000e+00
   0.00000000e+00  0.00000000e+00  0.00000000e+00  0.00000000e+00
   0.00000000e+00  0.00000000e+00  0.00000000e+00  1.00000000e-03
   3.44239839e-02  1.00000000e-03 -8.13151629e-20  0.00000000e+00
   0.00000000e+00  0.00000000e+00  0.00000000e+00  0.00000000e+00
   0.00000000e+00  0.00000000e+00]
 [ 0.00000000e+00  0.00000000e+00  6.65003373e-03  8.14812366e-03
   9.64621359e-03  1.11443035e-02  1.26025620e-02  1.39811575e-02
   1.52402586e-02  1.63400338e-02  1.72406517e-02  1.79022807e-02
   1.83276090e-02  1.85193246e-02  1.84801155e-02  1.82126698e-02
   1.77196757e-02  1.70038210e-02  1.61057826e-02  1.50662370e-02
   1.35708454e-02  1.27253309e-02  1.15053236e-02  1.03065158e-02
   9.12537420e-03  7.95836553e-03  6.80195656e-03  5.65261407e-03
   4.50680481e-03  3.36099555e-03]
 [ 0.00000000e+00  0.00000000e+00  2.33432275e-02  2.51480648e-02
   2.69529021e-02  2.87577394e-02  3.05625767e-02  3.23674140e-02
   3.39953792e-02  3.52696003e-02  3.60132052e-02  3.60493218e-02
   3.52010780e-02  3.32916017e-02  3.05938669e-02  2.73808473e-02
   2.39255169e-02  2.05008494e-02  1.73798187e-02  1.48353987e-02
   1.22323494e-02  1.10919834e-02  9.70078471e-03  8.50178952e-03
   7.39889612e-03  6.29600271e-03  5.19310930e-03  4.09021589e-03
   2.98732248e-03 -6.50521303e-19]
 [ 0.00000000e+00  0.00000000e+00  2.33432275e-02  2.51480648e-02
   2.69529021e-02  2.87577394e-02  3.05625767e-02  3.23674140e-02
   3.39953792e-02  3.52696003e-02  3.60132052e-02  3.60493218e-02
   3.52010780e-02  3.32916017e-02  3.05938669e-02  2.73808473e-02
   2.39255169e-02  2.05008494e-02  1.73798187e-02  1.48353987e-02
   1.22323494e-02  1.10919834e-02  9.70078471e-03  8.50178952e-03
   7.39889612e-03  6.29600271e-03  5.19310930e-03  4.09021589e-03
   2.98732248e-03 -6.50521303e-19]
 [ 0.00000000e+00  0.00000000e+00  1.86402175e-02  2.29043857e-02
   2.71685539e-02  3.12820798e-02  3.50943212e-02  3.84546359e-02
   4.12123815e-02  4.32169158e-02  4.43175966e-02  4.46317757e-02
   4.42768050e-02  4.33700364e-02  4.20288217e-02  4.03705128e-02
   3.85124616e-02  3.64638788e-02  3.42339751e-02  3.18319613e-02
   2.84675254e-02  2.65484460e-02  2.36853660e-02  2.07018877e-02
   1.76220907e-02  1.44700547e-02  1.12698594e-02  8.04558436e-03
   4.82130936e-03  1.59703436e-03]
 [ 0.00000000e+00  0.00000000e+00  1.06783227e-02  1.30277497e-02
   1.53771767e-02  1.77266036e-02  2.00760306e-02  2.23436643e-02
   2.44477114e-02  2.63063787e-02  2.78378729e-02  2.89604006e-02
   2.95921686e-02  2.97916789e-02  2.96174332e-02  2.91279335e-02
   2.83816816e-02  2.74371794e-02  2.63529289e-02  2.51106409e-02
   2.32295708e-02  2.20787956e-02  2.02526601e-02  1.81953304e-02
   1.58885175e-02  1.33738018e-02  1.06927639e-02  7.88698432e-03
   4.99804368e-03  2.06752250e-03]
 [ 0.00000000e+00  0.00000000e+00  1.17141324e-02  1.47649473e-02
   1.78157623e-02  2.08665773e-02  2.39173922e-02  2.69682072e-02
   3.00190222e-02  3.29529872e-02  3.56532524e-02  3.80029677e-02
   3.98852833e-02  4.11833493e-02  4.17803156e-02  4.17273646e-02
   4.10756783e-02  3.98764390e-02  3.81808288e-02  3.60400301e-02
   3.26797937e-02  3.06420809e-02  2.75162660e-02  2.41934479e-02
   2.07392943e-02  1.72194730e-02  1.36996517e-02  1.01798304e-02
   6.66000904e-03  3.14018771e-03]
 [ 0.00000000e+00  0.00000000e+00  3.59873815e-02  4.39773438e-02
   5.19673061e-02  5.96302097e-02  6.66389959e-02  7.26666060e-02
   7.73859813e-02  8.04700630e-02  8.15917924e-02  8.09966867e-02
   7.89302631e-02  7.56380387e-02  7.13655306e-02  6.63582560e-02
   6.08617321e-02  5.50357312e-02  4.90400260e-02  4.30343888e-02
   3.54771595e-02  3.16324086e-02  2.65556105e-02  2.18699671e-02
   1.74972473e-02  1.33592202e-02  9.37765500e-03  5.47432071e-03
   1.57098642e-03  1.00000000e-03]
 [ 4.10000000e-02  3.30000000e-02  2.60000000e-02  2.00000000e-02
   1.53156219e-02  1.26140524e-02  1.00892854e-02  7.82972209e-03
   5.92376367e-03  4.45981139e-03  3.52626648e-03  3.01625067e-03
   2.82288569e-03  2.83929329e-03  2.95859519e-03  3.07391313e-03
   3.07836885e-03  2.99303427e-03  2.83898133e-03  2.63728196e-03
   2.33877707e-03  2.17523163e-03  1.95702453e-03  1.75179189e-03
   1.55693882e-03  1.36987043e-03  1.18799183e-03  1.00870812e-03
   1.00000000e-03  1.00000000e-03]
 [ 0.00000000e+00  0.00000000e+00  0.00000000e+00  2.16422907e-03
   2.21016153e-03  2.25609398e-03  2.30202643e-03  2.34795888e-03
   2.38578561e-03  2.40740088e-03  2.40469897e-03  2.36957416e-03
   2.29392070e-03  2.16963289e-03  2.01292217e-03  1.84000000e-03
   1.66707783e-03  1.51036711e-03  1.38607930e-03  1.31042584e-03
   1.27397979e-03  1.27259912e-03  1.29421439e-03  1.33204112e-03
   1.37797357e-03  1.42390602e-03  1.46983847e-03  1.51577093e-03
   1.56170338e-03  1.08420217e-19]
 [ 0.00000000e+00  0.00000000e+00  0.00000000e+00  3.74890612e-02
   3.61172335e-02  3.47454058e-02  3.33630956e-02  3.19598202e-02
   3.05250972e-02  2.90484440e-02  2.75193780e-02  2.59274168e-02
   2.43374498e-02  2.28143666e-02  2.14230569e-02  2.02284101e-02
   1.92953159e-02  1.86886639e-02  1.83467902e-02  1.82080313e-02
   2.00000000e-02  2.00000000e-02  2.00000000e-02  2.00000000e-02
   2.00000000e-02  2.00000000e-02  2.00000000e-02  2.00000000e-02
   2.00000000e-02  6.93889390e-18]
 [ 0.00000000e+00  0.00000000e+00  0.00000000e+00  2.07236417e-03
   2.11829662e-03  2.16422907e-03  2.21016153e-03  2.25609398e-03
   2.30202643e-03  2.34795888e-03  2.38578561e-03  2.40740088e-03
   2.40469897e-03  2.36957416e-03  2.29392070e-03  2.16963289e-03
   2.01292217e-03  1.84000000e-03  1.66707783e-03  1.51036711e-03
   1.35893442e-03  1.31042584e-03  1.27530103e-03  1.27259912e-03
   1.29421439e-03  1.33204112e-03  1.37797357e-03  1.42390602e-03
   1.46983847e-03  1.08420217e-19]
 [ 0.00000000e+00  0.00000000e+00  0.00000000e+00  2.51759997e-03
   2.44512991e-03  2.37265986e-03  2.30018980e-03  2.22771975e-03
   2.15449048e-03  2.07974278e-03  2.00271744e-03  1.92265525e-03
   1.83879698e-03  1.75038343e-03  1.66146746e-03  1.57610193e-03
   1.49833970e-03  1.43223365e-03  1.38183663e-03  1.35120150e-03
   1.33654766e-03  1.33604234e-03  1.34493101e-03  1.36040697e-03
   1.37917659e-03  1.39794620e-03  1.41671582e-03  1.43548543e-03
   1.45425505e-03  2.16840434e-19]
 [ 0.00000000e+00  0.00000000e+00  0.00000000e+00  3.77066146e-02
   3.63461220e-02  3.49856293e-02  3.36139152e-02  3.22197581e-02
   3.07919366e-02  2.93192293e-02  2.77904146e-02  2.61942712e-02
   2.45955568e-02  2.30590296e-02  2.16494473e-02  2.04315680e-02
   2.00000000e-02  2.00000000e-02  2.00000000e-02  2.00000000e-02
   2.00000000e-02  2.00000000e-02  2.00000000e-02  2.00000000e-02
   2.00000000e-02  2.00000000e-02  2.00000000e-02  2.00000000e-02
   2.00000000e-02  6.93889390e-18]
 [ 0.00000000e+00  0.00000000e+00  0.00000000e+00  2.66254008e-03
   2.59007002e-03  2.51759997e-03  2.44512991e-03  2.37265986e-03
   2.30018980e-03  2.22771975e-03  2.15449048e-03  2.07974278e-03
   2.00271744e-03  1.92265525e-03  1.83879698e-03  1.75038343e-03
   1.66146746e-03  1.57610193e-03  1.49833970e-03  1.43223365e-03
   1.37083839e-03  1.35120150e-03  1.33703462e-03  1.33604234e-03
   1.34493101e-03  1.36040697e-03  1.37917659e-03  1.39794620e-03
   1.41671582e-03  6.50521303e-19]]","2D array of the thickness of the layers of the blade structure after the parametrization. The first dimension represents each layer, the second dimension represents each entry along blade span."
bos.plant_turbine_spacing,output,,[7.],Distance between turbines in rotor diameters
bos.plant_row_spacing,output,,[7.],Distance between turbine rows in rotor diameters
bos.commissioning_pct,output,,[0.01],
bos.decommissioning_pct,output,,[0.15],
bos.distance_to_substation,output,km,[50.],
bos.distance_to_interconnection,output,km,[8.],
bos.interconnect_voltage,output,kV,[130.],
configuration.rated_power,output,W,[5000000.],Electrical rated power of the generator.
configuration.lifetime,output,year,[25.],Turbine design lifetime.
configuration.rotor_diameter_user,output,m,[205.99253562],Diameter of the rotor specified by the user. It is defined as two times the blade length plus the hub diameter.
configuration.hub_height_user,output,m,[140.],Height of the hub center over the ground (land-based) or the mean sea level (offshore) specified by the user.
configuration.ws_class,output,n/a,III,"IEC wind turbine class. I - offshore, II coastal, III - land-based, IV - low wind speed site."
configuration.turb_class,output,n/a,A,"IEC wind turbine category. A - high turbulence intensity (land-based), B - mid turbulence, C - low turbulence (offshore)."
configuration.gearbox_type,output,n/a,constant_eff,"Gearbox configuration (geared, direct-drive, etc.)."
configuration.rotor_orientation,output,n/a,upwind,"Rotor orientation, either upwind or downwind."
configuration.upwind,output,n/a,True,Convenient boolean for upwind (True) or downwind (False).
configuration.n_blades,output,n/a,3,Number of blades of the rotor.
control.V_in,output,m/s,[4.],Cut in wind speed. This is the wind speed where region II begins.
control.V_out,output,m/s,[25.],Cut out wind speed. This is the wind speed where region III ends.
control.minOmega,output,rad/s,[0.],Minimum allowed rotor speed.
control.maxOmega,output,rad/s,[2.],Maximum allowed rotor speed.
control.max_TS,output,m/s,[85.],Maximum allowed blade tip speed.
control.max_pitch_rate,output,rad/s,[0.03488889],Maximum allowed blade pitch rate
control.max_torque_rate,output,N*m/s,[4500000.],Maximum allowed generator torque rate
control.rated_TSR,output,,[10.5],Constant tip speed ratio in region II.
control.rated_pitch,output,rad,[0.],Constant pitch angle in region II.
costs.offset_tcc_per_kW,output,USD/kW,[0.],Offset to turbine capital cost
costs.bos_per_kW,output,USD/kW,[441.],Balance of station/plant capital cost
costs.opex_per_kW,output,USD/kW/year,[43.],Average annual operational expenditures of the turbine
costs.wake_loss_factor,output,,[0.15],The losses in AEP due to waked conditions
costs.fixed_charge_rate,output,,[0.0578],Fixed charge rate for coe calculation
costs.labor_rate,output,USD/h,[58.8],
costs.painting_rate,output,USD/m**2,[30.],
costs.blade_mass_cost_coeff,output,USD/kg,[14.6],
costs.hub_mass_cost_coeff,output,USD/kg,[3.9],
costs.pitch_system_mass_cost_coeff,output,USD/kg,[22.1],
costs.spinner_mass_cost_coeff,output,USD/kg,[11.1],
costs.lss_mass_cost_coeff,output,USD/kg,[11.9],
costs.bearing_mass_cost_coeff,output,USD/kg,[4.5],
costs.gearbox_torque_cost,output,USD/kN/m,[50.],
costs.hss_mass_cost_coeff,output,USD/kg,[6.8],
costs.generator_mass_cost_coeff,output,USD/kg,[12.4],
costs.bedplate_mass_cost_coeff,output,USD/kg,[2.9],
costs.yaw_mass_cost_coeff,output,USD/kg,[8.3],
costs.converter_mass_cost_coeff,output,USD/kg,[18.8],
costs.transformer_mass_cost_coeff,output,USD/kg,[18.8],
costs.hvac_mass_cost_coeff,output,USD/kg,[124.],
costs.cover_mass_cost_coeff,output,USD/kg,[5.7],
costs.elec_connec_machine_rating_cost_coeff,output,USD/kW,[41.85],
costs.platforms_mass_cost_coeff,output,USD/kg,[17.1],
costs.tower_mass_cost_coeff,output,USD/kg,[2.9],
costs.controls_machine_rating_cost_coeff,output,USD/kW,[21.15],
costs.crane_cost,output,USD,[12000.],
costs.electricity_price,output,USD/kW/h,[0.04],
costs.reserve_margin_price,output,USD/kW/year,[120.],
costs.capacity_credit,output,,[1.],
costs.benchmark_price,output,USD/kW/h,[0.071],
costs.turbine_number,output,n/a,120,Number of turbines at plant
env.rho_air,output,kg/m**3,[1.225],Density of air
env.mu_air,output,kg/m/s,[1.81e-05],Dynamic viscosity of air
env.shear_exp,output,,[0.2],Shear exponent of the wind.
env.speed_sound_air,output,m/s,[340.],Speed of sound in air.
env.weibull_k,output,,[2.],Shape parameter of the Weibull probability density function of the wind.
env.rho_water,output,kg/m**3,[1025.],Density of ocean water
env.mu_water,output,kg/m/s,[0.0013351],Dynamic viscosity of ocean water
env.water_depth,output,m,[0.],Water depth for analysis.  Values > 0 mean offshore
env.Hsig_wave,output,m,[0.],Significant wave height
env.Tsig_wave,output,s,[0.],Significant wave period
env.G_soil,output,N/m**2,[1.4e+08],Shear stress of soil
env.nu_soil,output,,[0.4],Poisson ratio of soil
generator.generator_radius_user,output,m,[0.],
generator.generator_mass_user,output,kg,[0.],
generator.generator_efficiency_user,output,,"[[0.         0.95      ]
 [0.05263158 0.95      ]
 [0.10526316 0.95      ]
 [0.15789474 0.95      ]
 [0.21052632 0.95      ]
 [0.26315789 0.95      ]
 [0.31578947 0.95      ]
 [0.36842105 0.95      ]
 [0.42105263 0.95      ]
 [0.47368421 0.95      ]
 [0.52631579 0.95      ]
 [0.57894737 0.95      ]
 [0.63157895 0.95      ]
 [0.68421053 0.95      ]
 [0.73684211 0.95      ]
 [0.78947368 0.95      ]
 [0.84210526 0.95      ]
 [0.89473684 0.95      ]
 [0.94736842 0.95      ]
 [1.         0.95      ]]",
high_level_tower_props.tower_ref_axis,output,m,"[[  0.    0.    0. ]
 [  0.    0.   13.7]
 [  0.    0.   27.4]
 [  0.    0.   41.1]
 [  0.    0.   54.8]
 [  0.    0.   68.5]
 [  0.    0.   82.2]
 [  0.    0.   95.9]
 [  0.    0.  109.6]
 [  0.    0.  123.3]
 [  0.    0.  137. ]]","2D array of the coordinates (x,y,z) of the tower reference axis. The coordinate system is the global coordinate system of OpenFAST: it is placed at tower base with x pointing downwind, y pointing on the side and z pointing vertically upwards. A standard tower configuration will have zero x and y values and positive z values."
high_level_tower_props.hub_height,output,m,[140.],"Height of the hub in the global reference system, i.e. distance rotor center to ground."
hub.radius,output,m,[3.],Radius of the hub. It defines the distance of the blade root from the rotor center along the coned line.
hub.cone,output,rad,[0.03490659],Cone angle of the rotor. It defines the angle between the rotor plane and the blade pitch axis. A standard machine has positive values.
hub.flange_t2shell_t,output,,[4.],
hub.flange_OD2hub_D,output,,[0.5],
hub.flange_ID2flange_OD,output,,[0.8],
hub.hub_stress_concentration,output,,[2.5],
hub.clearance_hub_spinner,output,m,[0.75],
hub.spin_hole_incr,output,,[1.2],
hub.pitch_system_scaling_factor,output,,[0.54],
hub.hub_in2out_circ,output,,[1.2],
hub.n_front_brackets,output,n/a,3,
hub.n_rear_brackets,output,n/a,3,
hub.hub_material,output,n/a,steel,
hub.spinner_material,output,n/a,glass_biax,
materials.ply_t,output,m,[0.    0.    0.005 0.005 0.001 0.001 0.    0.    0.    0.   ],1D array of the ply thicknesses of the materials. Non-composite materials are kept at 0.
materials.fvf,output,,"[0.         0.         0.57       0.69230769 0.57       0.57
 0.         0.         0.         0.        ]",1D array of the non-dimensional fiber volume fraction of the composite materials. Non-composite materials are kept at 0.
materials.fwf,output,,"[0.         0.         0.74506827 0.77884615 0.74506827 0.74506827
 0.         0.         0.         0.        ]",1D array of the non-dimensional fiber weight- fraction of the composite materials. Non-composite materials are kept at 0.
materials.E,output,Pa,"[[3.44000e+09 3.44000e+09 3.44000e+09]
 [4.56000e+06 4.56000e+06 4.56000e+06]
 [4.37000e+10 1.65000e+10 1.54500e+10]
 [1.57599e+11 9.10000e+09 9.10000e+09]
 [1.10231e+10 1.10231e+10 1.60477e+10]
 [2.82114e+10 1.62388e+10 1.58355e+10]
 [1.42500e+08 1.42500e+08 1.42500e+08]
 [1.00000e+06 1.00000e+06 1.00000e+06]
 [2.00000e+11 2.00000e+11 2.00000e+11]
 [2.10000e+11 2.10000e+11 2.10000e+11]]","2D array of the Youngs moduli of the materials. Each row represents a material, the three columns represent E11, E22 and E33."
materials.G,output,Pa,"[[1.32300e+09 1.32300e+09 1.32300e+09]
 [1.45000e+06 1.45000e+06 1.45000e+06]
 [3.26500e+09 3.49500e+09 3.48000e+09]
 [4.13100e+09 4.13100e+09 2.68900e+09]
 [1.32314e+10 3.48748e+09 3.48748e+09]
 [8.24822e+09 3.49124e+09 3.49124e+09]
 [5.40000e+10 5.40000e+10 5.40000e+10]
 [3.12500e+05 3.12500e+05 3.12500e+05]
 [7.93000e+10 7.93000e+10 7.93000e+10]
 [8.39000e+10 8.39000e+10 8.39000e+10]]","2D array of the shear moduli of the materials. Each row represents a material, the three columns represent G12, G13 and G23."
materials.nu,output,,"[[0.3      0.3      0.3     ]
 [0.3      0.3      0.3     ]
 [0.262    0.264    0.35    ]
 [0.3133   0.3133   0.47066 ]
 [0.688074 0.117173 0.117173]
 [0.497511 0.18091  0.27481 ]
 [0.3194   0.3194   0.3194  ]
 [0.3      0.3      0.3     ]
 [0.3      0.3      0.3     ]
 [0.283    0.283    0.283   ]]","2D array of the Poisson ratio of the materials. Each row represents a material, the three columns represent nu12, nu13 and nu23."
materials.Xt,output,Pa,"[[0.0000e+00 0.0000e+00 0.0000e+00]
 [6.1510e+07 6.1510e+07 6.1510e+07]
 [6.4023e+08 3.8100e+07 0.0000e+00]
 [1.2852e+09 3.8100e+07 0.0000e+00]
 [4.6210e+07 4.6210e+07 4.6210e+07]
 [4.3563e+08 7.6440e+07 0.0000e+00]
 [2.0830e+06 2.0830e+06 2.0830e+06]
 [0.0000e+00 0.0000e+00 0.0000e+00]
 [4.5000e+08 4.5000e+08 4.5000e+08]
 [1.7900e+09 1.7900e+09 1.7900e+09]]","2D array of the Ultimate Tensile Strength (UTS) of the materials. Each row represents a material, the three columns represent Xt12, Xt13 and Xt23."
materials.Xc,output,Pa,"[[0.0000e+00 0.0000e+00 0.0000e+00]
 [6.5360e+07 6.5360e+07 6.5360e+07]
 [3.7069e+08 8.2180e+07 0.0000e+00]
 [8.7821e+08 8.2180e+07 0.0000e+00]
 [7.0690e+07 7.0690e+07 7.0690e+07]
 [3.4310e+08 1.7471e+08 0.0000e+00]
 [1.5630e+06 1.5630e+06 1.5630e+06]
 [0.0000e+00 0.0000e+00 0.0000e+00]
 [4.5000e+08 4.5000e+08 4.5000e+08]
 [1.7900e+09 1.7900e+09 1.7900e+09]]","2D array of the Ultimate Compressive Strength (UCS) of the materials. Each row represents a material, the three columns represent Xc12, Xc13 and Xc23."
materials.S,output,Pa,"[[0.0000e+00 0.0000e+00 0.0000e+00]
 [3.6610e+07 3.6610e+07 3.6610e+07]
 [3.0170e+07 1.8970e+07 6.2100e+06]
 [3.0170e+07 1.8970e+07 6.2100e+06]
 [1.2446e+08 1.8970e+07 6.2100e+06]
 [8.5060e+07 1.8970e+07 6.2100e+06]
 [1.2500e+06 1.2500e+06 1.2500e+06]
 [0.0000e+00 0.0000e+00 0.0000e+00]
 [0.0000e+00 0.0000e+00 0.0000e+00]
 [0.0000e+00 0.0000e+00 0.0000e+00]]","2D array of the Ultimate Shear Strength (USS) of the materials. Each row represents a material, the three columns represent S12, S13 and S23."
materials.sigma_y,output,Pa,"[0.00e+00 0.00e+00 0.00e+00 0.00e+00 0.00e+00 0.00e+00 0.00e+00 0.00e+00
 3.45e+08 1.65e+09]",Yield stress of the material (in the principle direction for composites).
materials.wohler_exp,output,,[ 1.   1.  10.  16.1 10.  10.   1.   1.   3.   1. ],Exponent of S-N Wohler fatigue curve in the form of S = A*N^-(1/m).
materials.wohler_intercept,output,,"[0.00000000e+00 6.53600000e+07 6.40230000e+08 1.28520000e+09
 7.06900000e+07 4.35630000e+08 2.08300000e+06 0.00000000e+00
 3.55346484e+10 1.79000000e+09]","Stress-intercept (A) of S-N Wohler fatigue curve in the form of S = A*N^-(1/m), taken as ultimate stress unless otherwise specified."
materials.unit_cost,output,USD/kg,[ 7.23  7.23  1.87 20.08  3.    2.86 13.    3.63  0.7   2.  ],1D array of the unit costs of the materials.
materials.waste,output,,[0.25 0.25 0.05 0.05 0.15 0.15 0.2  0.   0.   0.  ],1D array of the non-dimensional waste fraction of the materials.
materials.roll_mass,output,kg,"[  0.       0.       0.       0.     181.4368 181.4368   0.       0.
   0.       0.    ]",1D array of the roll mass of the composite fabrics. Non-composite materials are kept at 0.
materials.orth,output,n/a,[0. 0. 1. 1. 1. 1. 0. 0. 0. 0.],1D array of flags to set whether a material is isotropic (0) or orthtropic (1). Each entry represents a material.
nacelle.uptilt,output,rad,[0.06981317],Nacelle uptilt angle. A standard machine has positive values.
nacelle.distance_tt_hub,output,m,[3.],Vertical distance from tower top plane to hub flange
nacelle.overhang,output,m,[7.],Horizontal distance from tower top edge to hub flange
nacelle.gearbox_efficiency,output,,[0.95],Efficiency of the gearbox. Set to 1.0 for direct-drive
nacelle.gearbox_mass_user,output,kg,[0.],User override of gearbox mass.
nacelle.gearbox_torque_density,output,N*m/kg,[200.],Torque density of the gearbox.
nacelle.gearbox_radius_user,output,m,[0.],User override of gearbox radius (only used if gearbox_mass_user is > 0).
nacelle.gearbox_length_user,output,m,[0.],User override of gearbox length (only used if gearbox_mass_user is > 0).
nacelle.gear_ratio,output,,[96.76],Total gear ratio of drivetrain (use 1.0 for direct)
nacelle.distance_hub_mb,output,m,[1.912],Distance from hub flange to first main bearing along shaft
nacelle.distance_mb_mb,output,m,[0.368],Distance from first to second main bearing along shaft
nacelle.L_generator,output,m,[2.],Generator length along shaft
nacelle.lss_diameter,output,m,[0.577 0.577],Diameter of low speed shaft
nacelle.lss_wall_thickness,output,m,[0.288 0.288],Thickness of low speed shaft
nacelle.damping_ratio,output,,[0.005],Damping ratio for the drivetrain system
nacelle.brake_mass_user,output,kg,[0.],Override regular regression-based calculation of brake mass with this value
nacelle.hvac_mass_coeff,output,kg/kW/m,[0.08],Regression-based scaling coefficient on machine rating to get HVAC system mass
nacelle.converter_mass_user,output,kg,[0.],Override regular regression-based calculation of converter mass with this value
nacelle.transformer_mass_user,output,kg,[0.],Override regular regression-based calculation of transformer mass with this value
nacelle.hss_length,output,m,[1.5],Length of high speed shaft
nacelle.hss_diameter,output,m,[0.288 0.288],Diameter of high speed shaft
nacelle.hss_wall_thickness,output,m,[0.144 0.144],Wall thickness of high speed shaft
nacelle.bedplate_flange_width,output,m,[1.],Bedplate I-beam flange width
nacelle.bedplate_flange_thickness,output,m,[0.05],Bedplate I-beam flange thickness
nacelle.bedplate_web_thickness,output,m,[0.05],Bedplate I-beam web thickness
nacelle.mb1Type,output,n/a,CARB,Type of main bearing: CARB / CRB / SRB / TRB
nacelle.mb2Type,output,n/a,SRB,Type of main bearing: CARB / CRB / SRB / TRB
nacelle.uptower,output,n/a,True,If power electronics are located uptower (True) or at tower base (False)
nacelle.lss_material,output,n/a,steel,Material name identifier for the low speed shaft
nacelle.hss_material,output,n/a,steel,Material name identifier for the high speed shaft
nacelle.bedplate_material,output,n/a,steel,Material name identifier for the bedplate
nacelle.gear_configuration,output,n/a,eep,3-letter string of Es or Ps to denote epicyclic or parallel gear configuration
nacelle.planet_numbers,output,n/a,"[3, 3, 1]",Number of planets for epicyclic stages (use 0 for parallel)
tower.ref_axis,output,m,"[[  0.    0.    0. ]
 [  0.    0.   13.7]
 [  0.    0.   27.4]
 [  0.    0.   41.1]
 [  0.    0.   54.8]
 [  0.    0.   68.5]
 [  0.    0.   82.2]
 [  0.    0.   95.9]
 [  0.    0.  109.6]
 [  0.    0.  123.3]
 [  0.    0.  137. ]]","2D array of the coordinates (x,y,z) of the tower reference axis. The coordinate system is the global coordinate system of OpenFAST: it is placed at tower base with x pointing downwind, y pointing on the side and z pointing vertically upwards. A standard tower configuration will have zero x and y values and positive z values."
tower.diameter,output,m,"[6.         6.         6.         6.         6.         6.
 6.         6.         6.         5.89079213 5.53032592]",1D array of the outer diameter values defined along the tower axis.
tower.cd,output,,[1. 1. 1. 1. 1. 1. 1. 1. 1. 1. 1.],1D array of the drag coefficients defined along the tower height.
tower.layer_thickness,output,m,"[[0.06515525 0.05866464 0.05197538 0.04607753 0.04094533 0.03582223
  0.03074005 0.02575014 0.02129438 0.01803766 0.01803766]]","2D array of the thickness of the layers of the tower structure. The first dimension represents each layer, the second dimension represents each piecewise-constant entry of the tower sections."
tower.outfitting_factor,output,,[1.07],Multiplier that accounts for secondary structure mass inside of tower
tower.layer_name,output,n/a,['tower_wall'],1D array of the names of the layers modeled in the tower structure.
tower.layer_mat,output,n/a,['steel'],1D array of the names of the materials of each layer modeled in the tower structure.
tower_grid.s,output,,[0.  0.1 0.2 0.3 0.4 0.5 0.6 0.7 0.8 0.9 1. ],"1D array of the non-dimensional grid defined along the tower axis (0-tower base, 1-tower top)"
tower_grid.height,output,m,[137.],Scalar of the tower height computed along the z axis.
tower_grid.length,output,m,[137.],Scalar of the tower length computed along its curved axis. A standard straight tower will be as high as long.
tower_grid.foundation_height,output,m,[0.],Foundation height in respect to the ground level.
drivese.bear1.mb_max_defl_ang,output,rad,[0.00872665],
drivese.bear1.mb_mass,output,kg,[1480.55356999],
drivese.bear1.mb_I,output,kg*m**2,[134.02030141  70.60698288  70.60698288],
drivese.bear2.mb_max_defl_ang,output,rad,[0.078],
drivese.bear2.mb_mass,output,kg,[1349.62411874],
drivese.bear2.mb_I,output,kg*m**2,[118.75932276  61.52201828  61.52201828],
drivese.mb1_deflection,output,m,[0.00016011],
drivese.mb2_deflection,output,m,[0.00010151],
drivese.stator_deflection,output,m,[0.000543],
drivese.mb1_angle,output,rad,[0.00021034],
drivese.mb2_angle,output,rad,[0.00021149],
drivese.stator_angle,output,rad,[0.00020971],
drivese.base_F,output,N,"[[ 2058190.5975299 ]
 [   54461.1024133 ]
 [-1938198.32685409]]",
drivese.base_M,output,N*m,"[[15940974.25112372]
 [ 7380180.34451438]
 [ 1111500.75247237]]",
drivese.bedplate_axial_stress,output,Pa,"[[5.74188552e+04]
 [8.54449213e+05]
 [3.92759446e+05]
 [1.43789742e+06]
 [3.36904959e+06]
 [3.22144922e+07]
 [3.09830733e+07]
 [5.94266724e+06]
 [5.49123340e+06]
 [5.24753077e+04]
 [3.72321260e+00]
 [5.74165812e+04]
 [3.48738039e+05]
 [1.19550447e+06]
 [2.24064244e+06]
 [5.02245591e+06]
 [3.79964950e+07]
 [3.74319594e+07]
 [5.88981918e+06]
 [5.47361597e+06]
 [5.24746104e+04]
 [2.24145252e+00]]",
drivese.bedplate_shear_stress,output,Pa,"[[2.89704001e+05]
 [5.53514115e+05]
 [7.70044189e+05]
 [9.87319522e+05]
 [1.43800590e+06]
 [7.84627954e+06]
 [7.81605894e+06]
 [6.72915656e+06]
 [6.67585166e+06]
 [2.76943317e+05]
 [1.31235704e+01]
 [2.89692560e+05]
 [5.95368659e+06]
 [6.17036311e+06]
 [6.38763778e+06]
 [6.83770381e+06]
 [6.07044043e+06]
 [6.04037176e+06]
 [6.72915716e+06]
 [6.67585403e+06]
 [2.76947737e+05]
 [6.29286285e+00]]",
drivese.bedplate_bending_stress,output,Pa,"[[0.]
 [0.]
 [0.]
 [0.]
 [0.]
 [0.]
 [0.]
 [0.]
 [0.]
 [0.]
 [0.]
 [0.]
 [0.]
 [0.]
 [0.]
 [0.]
 [0.]
 [0.]
 [0.]
 [0.]
 [0.]
 [0.]]",
drivese.constr_bedplate_vonmises,output,,"[[2.56920086e-03]
 [6.53276353e-03]
 [7.07281651e-03]
 [1.13656185e-02]
 [2.13131204e-02]
 [1.77859222e-01]
 [1.71998054e-01]
 [6.65516896e-02]
 [6.51159506e-02]
 [2.45466848e-03]
 [1.17170909e-07]
 [2.56909940e-03]
 [5.24871302e-02]
 [5.47053333e-02]
 [5.74232064e-02]
 [6.54396265e-02]
 [2.00550277e-01]
 [1.97712525e-01]
 [6.64300115e-02]
 [6.50775747e-02]
 [2.45470680e-03]
 [5.66058451e-08]]",
drivese.constr_mb1_defl,output,,[0.02410302],
drivese.constr_mb2_defl,output,,[0.00271143],
drivese.constr_stator_deflection,output,,[9.5295873],
drivese.constr_stator_angle,output,,[0.36803686],
drivese.drivetrain_spring_constant,output,N*m/rad,[3.62183459e+08],
drivese.drivetrain_damping_coefficient,output,N*m*s/rad,[2657493.94906767],
drivese.stage_ratios,output,,[0. 0. 0.],
drivese.D_gearbox,output,m,[2.47191043],
drivese.generator_efficiency,output,,"[0.95 0.95 0.95 0.95 0.95 0.95 0.95 0.95 0.95 0.95 0.95 0.95 0.95 0.95
 0.95 0.95 0.95 0.95 0.95 0.95]",
drivese.hss_axial_stress,output,Pa,"[[6.86152124e+05]
 [1.38711357e-02]]",
drivese.hss_shear_stress,output,Pa,"[[87487726.1575812 ]
 [84593641.06658697]]",
drivese.hss_bending_stress,output,Pa,"[[0.]
 [0.]]",
drivese.constr_hss_vonmises,output,,"[[0.77085063]
 [0.74534333]]",
drivese.hub_system_cost,output,USD,[10965.22938237],
drivese.constr_hub_diameter,output,m,[-0.23538291],
drivese.spinner.spinner_diameter,output,m,[7.5],
drivese.L_lss,output,m,[2.38],
drivese.constr_length,output,m,[2.17556703],
drivese.torq_deflection,output,m,[0.00049668],
drivese.torq_angle,output,rad,[1.51178081e-06],
drivese.lss_axial_stress,output,Pa,"[[1.83470227e+06]
 [4.15194171e+08]
 [4.12013140e+08]
 [4.53325414e+08]]",
drivese.lss_shear_stress,output,Pa,"[[1.02069156e+09]
 [1.02072313e+09]
 [1.02075471e+09]
 [1.02081756e+09]]",
drivese.constr_lss_vonmises,output,,"[[8.99318254]
 [9.2381334 ]
 [9.23471828]
 [9.28520683]]",
drivese.lss_axial_load2stress,output,m**2,[ 3.82436907  0.          0.          0.         53.02402191 53.02402191],
drivese.lss_shear_load2stress,output,m**2,[ 0.          4.29987073  4.29987073 26.51201095  0.          0.        ],
drivese.constr_shaft_deflection,output,,[8.71665905],
drivese.constr_shaft_angle,output,,[0.00265318],
drivese.hub_E,output,Pa,[2.e+11],
drivese.hub_G,output,Pa,[7.93e+10],
drivese.hub_rho,output,kg/m**3,[7800.],
drivese.hub_Xy,output,Pa,[3.45e+08],
drivese.hub_wohler_exp,output,,[3.],
drivese.hub_wohler_A,output,,[3.55346484e+10],
drivese.hub_mat_cost,output,USD/kg,[0.7],
drivese.spinner_rho,output,kg/m**3,[1940.],
drivese.spinner_Xt,output,Pa,[46210000.],
drivese.spinner_mat_cost,output,USD/kg,[3.],
drivese.lss_Xt,output,Pa,[4.5e+08],
drivese.lss_wohler_exp,output,,[3.],
drivese.lss_wohler_A,output,,[3.55346484e+10],
drivese.lss_cost,output,USD/kg,[0.7],
drivese.hss_Xt,output,Pa,[4.5e+08],
drivese.hss_wohler_exp,output,,[3.],
drivese.hss_wohler_A,output,,[3.55346484e+10],
drivese.hss_cost,output,USD/kg,[0.7],
drivese.bedplate_mat_cost,output,USD/kg,[0.7],
drivese.cover_length,output,m,[9.84284162],
drivese.cover_height,output,m,[4.08096352],
drivese.cover_width,output,m,[3.39887684],
drivese.mean_bearing_mass,output,kg,[1415.08884437],
drivese.total_bedplate_mass,output,kg,[28022.72936555],
drivese.above_yaw_mass,output,kg,[160973.13266734],
drivese.above_yaw_cm,output,m,[-0.04703895 -0.19515593  1.36442226],
drivese.nacelle_I,output,kg*m**2,"[ 9.55872858e+05  1.40690093e+06  1.97184645e+06  1.34572655e+03
 -4.35522449e+04  9.49975845e+03]",
drivese.above_yaw_I,output,kg*m**2,"[ 9.28557133e+05  1.38010101e+06  1.97126701e+06  1.47772210e+03
 -4.44750848e+04  5.67106598e+03]",
drivese.above_yaw_I_TT,output,kg*m**2,"[ 1.23436326e+06  1.68013252e+06  1.97775399e+06  2.04636308e-12
 -3.41436696e+04  4.85342019e+04]",
drivese.rotor_mass,output,kg,[184698.96292772],
drivese.rna_mass,output,kg,[363390.32221602],
drivese.rna_cm,output,m,[-6.33730578 -0.08644936  2.1465042 ],
drivese.rna_I_TT,output,kg*m**2,"[1.97449075e+08 1.29456244e+08 1.28530657e+08 1.45286803e+01
 1.49528889e+05 4.81127798e+04]",
drivese.hss_rpm,output,rpm,"[  9.676       49.30061045  88.92522091 128.54983136 168.17444181
 207.79905226 247.42366272 287.04827317 326.67288362 366.29749407
 405.92210453 445.54671498 485.17132543 524.79593589 564.42054634
 604.04515679 643.66976724 683.2943777  722.91898815 762.5435986 ]",
rotorse.rc_in.sect_perimeter,output,m,"[14.13639991 14.067995   13.37760306 12.65683147 11.87075318 11.29996378
 11.01634508 10.8028031  10.65533525 10.56454047 10.48707403 10.31284639
 10.13063124  9.73989212  9.32909514  8.78258257  8.23620319  7.70270953
  7.16696369  6.62706686  5.92376668]",Perimeter of the section along the blade span
rotorse.rc_in.layer_volume,output,m**3,"[0.71414744 7.96811048 1.80648472 1.66325688 0.13258918 0.13258918
 0.29862668 1.07142784 1.07142784 4.59362663 2.07591487 2.31092941
 8.97862931 7.77091223 0.20796411 2.80514418 0.21088612 0.20216897
 2.89300481 0.21663554]","Volumes of each layer used in the blade, ignoring the scrap factor"
rotorse.rc_in.mat_volume,output,m**3,"[ 0.71414744  0.          2.44148236  3.4697416   0.83765474 16.00420106
 23.65724921  0.          0.          0.        ]","Volumes of each material used in the blade, ignoring the scrap factor. For laminates, this is the wet volume"
rotorse.rc_in.mat_mass,output,kg,"[  881.97209068   200.26255571  4736.47577421  5551.58655518
  1625.05019092 31048.15006336  3075.44239696     0.
     0.             0.        ]","Masses of each material used in the blade, ignoring the scrap factor. For laminates, this is the wet mass."
rotorse.rc_in.mat_cost,output,USD,"[ 6376.65821564  1447.89827781  6599.22590332 86822.54327175
  3632.32000146 66160.35552717 39980.7511605  39075.74542545
     0.             0.        ]","Costs of each material used in the blade, ignoring the scrap factor. For laminates, this is the cost of the dry fabric."
rotorse.rc_in.mat_cost_scrap,output,USD,"[ 7970.82276955  1447.89827781  6929.18719848 91163.67043534
  4177.16800168 76084.40885625 47976.90139259 39075.74542545
     0.             0.        ]","Same as mat_cost, now including the scrap factor."
rotorse.rc_in.total_labor_hours,output,h,[1855.69703459],Total amount of labor hours per blade.
rotorse.rc_in.total_skin_mold_gating_ct,output,h,[23.9999],Total amount of gating cycle time per blade. This is the cycle time required in the main mold that cannot be parallelized unless the number of molds is increased.
rotorse.rc_in.total_non_gating_ct,output,h,[205.87416393],Total amount of non-gating cycle time per blade. This cycle time can happen in parallel.
rotorse.rc_in.total_metallic_parts_cost,output,USD,[6482.0816564],"Cost of the metallic parts (bolts, nuts, lightining protection system), excluding the blade joint."
rotorse.rc_in.total_consumable_cost_w_waste,output,USD,[9160.00796628],Cost of the consumables including the waste.
rotorse.rc_in.total_blade_mat_cost_w_waste,output,USD,[290467.89197984],Total blade material costs including the waste per blade.
rotorse.rc_in.total_cost_labor,output,USD,[109792.74725941],Total labor costs per blade.
rotorse.rc_in.total_cost_utility,output,USD,[2051.81970305],Total utility costs per blade.
rotorse.rc_in.blade_variable_cost,output,USD,[402312.4589423],"Total blade variable costs per blade (material, labor, utility)."
rotorse.rc_in.total_cost_equipment,output,USD,[10667.54622717],Total equipment cost per blade.
rotorse.rc_in.total_cost_tooling,output,USD,[21232.44840565],Total tooling cost per blade.
rotorse.rc_in.total_cost_building,output,USD,[1174.20885573],Total builting cost per blade.
rotorse.rc_in.total_maintenance_cost,output,USD,[9073.26086265],Total maintenance cost per blade.
rotorse.rc_in.total_labor_overhead,output,USD,[32937.82417782],Total labor overhead cost per blade.
rotorse.rc_in.cost_capital,output,USD,[20826.4591439],Cost of capital per blade.
rotorse.rc_in.blade_fixed_cost,output,USD,[95911.74767292],"Total blade fixed cost per blade (equipment, tooling, building, maintenance, labor, capital)."
rotorse.rc_in.total_blade_cost,output,USD,[498224.20661522],Total blade cost (variable and fixed)
rotorse.rc_out.sect_perimeter,output,m,"[5.92376668 5.54618293 5.01024056 4.47072636 3.92385851 3.36609329
 2.79948094 2.22217811 1.63324664 1.03519409]",Perimeter of the section along the blade span
rotorse.rc_out.layer_volume,output,m**3,"[0.10615492 0.17884151 0.30681048 0.22236179 0.07163332 0.07163332
 0.07227528 0.06161732 0.06161732 0.32600776 0.08415456 0.12637239
 0.35475023 0.15922508 0.01265794 0.18586824 0.01230427 0.01267019
 0.18541547 0.01254956]","Volumes of each layer used in the blade, ignoring the scrap factor"
rotorse.rc_out.mat_volume,output,m**3,"[0.10615492 0.         0.19550992 0.52917227 0.05018196 0.48133323
 1.26256865 0.         0.         0.        ]","Volumes of each material used in the blade, ignoring the scrap factor. For laminates, this is the wet volume"
rotorse.rc_out.mat_mass,output,kg,"[131.10132321  95.20678878 379.28924815 846.67563393  97.35300749
 933.78646091 164.13392451   0.           0.           0.        ]","Masses of each material used in the blade, ignoring the scrap factor. For laminates, this is the wet mass."
rotorse.rc_out.mat_cost,output,USD,"[  947.86256683   688.34508289   528.45523772 13241.35562573
   217.6039105   1989.80113515  2133.74101861  1984.91524035
     0.             0.        ]","Costs of each material used in the blade, ignoring the scrap factor. For laminates, this is the cost of the dry fabric."
rotorse.rc_out.mat_cost_scrap,output,USD,"[ 1184.82820853   688.34508289   554.87799961 13903.42340701
   250.24449707  2288.27130543  2560.48922233  1984.91524035
     0.             0.        ]","Same as mat_cost, now including the scrap factor."
rotorse.rc_out.total_labor_hours,output,h,[346.76022703],Total amount of labor hours per blade.
rotorse.rc_out.total_skin_mold_gating_ct,output,h,[23.9999],Total amount of gating cycle time per blade. This is the cycle time required in the main mold that cannot be parallelized unless the number of molds is increased.
rotorse.rc_out.total_non_gating_ct,output,h,[69.1442219],Total amount of non-gating cycle time per blade. This cycle time can happen in parallel.
rotorse.rc_out.total_metallic_parts_cost,output,USD,[3428.76681457],"Cost of the metallic parts (bolts, nuts, lightining protection system), excluding the blade joint."
rotorse.rc_out.total_consumable_cost_w_waste,output,USD,[2900.32802337],Cost of the consumables including the waste.
rotorse.rc_out.total_blade_mat_cost_w_waste,output,USD,[29744.48980117],Total blade material costs including the waste per blade.
rotorse.rc_out.total_cost_labor,output,USD,[20429.36943099],Total labor costs per blade.
rotorse.rc_out.total_cost_utility,output,USD,[162.83387181],Total utility costs per blade.
rotorse.rc_out.blade_variable_cost,output,USD,[50336.69310397],"Total blade variable costs per blade (material, labor, utility)."
rotorse.rc_out.total_cost_equipment,output,USD,[1499.4097432],Total equipment cost per blade.
rotorse.rc_out.total_cost_tooling,output,USD,[2507.42397883],Total tooling cost per blade.
rotorse.rc_out.total_cost_building,output,USD,[179.35787973],Total builting cost per blade.
rotorse.rc_out.total_maintenance_cost,output,USD,[1216.18118956],Total maintenance cost per blade.
rotorse.rc_out.total_labor_overhead,output,USD,[6128.8108293],Total labor overhead cost per blade.
rotorse.rc_out.cost_capital,output,USD,[2774.79214656],Cost of capital per blade.
rotorse.rc_out.blade_fixed_cost,output,USD,[14305.97576718],"Total blade fixed cost per blade (equipment, tooling, building, maintenance, labor, capital)."
rotorse.rc_out.total_blade_cost,output,USD,[64642.66887114],Total blade cost (variable and fixed)
rotorse.rp.AEP,output,kW*h,[24386946.30525747],annual energy production
rotorse.rp.cdf.F,output,m/s,"[0.20020685 0.209702   0.21932723 0.22907501 0.23893779 0.24890799
 0.25897806 0.26914044 0.27938758 0.28971197 0.30010612 0.3105626
 0.32107402 0.33163306 0.34223247 0.35286505 0.36352373 0.37420149
 0.38489144 0.39558676 0.40628078 0.41696693 0.42763876 0.43828996
 0.44891435 0.4595059  0.47005871 0.48056704 0.4910253  0.50142806
 0.51177006 0.52204619 0.53225151 0.54238125 0.55243083 0.56239582
 0.57227198 0.58205524 0.59174171 0.60132768 0.61080961 0.62018417
 0.62944816 0.63859861 0.64763269 0.65654776 0.66534137 0.67401122
 0.68255519 0.69097135 0.69925792 0.70741329 0.71543601 0.7233248
 0.73107854 0.73869625 0.74617713 0.75352049 0.76072582 0.76779275
 0.77472102 0.78151053 0.7881613  0.79467349 0.80104736 0.80728332
 0.81338185 0.81934359 0.82516925 0.83085965 0.83641573 0.84183848
 0.84712902 0.85228853 0.85731828 0.86221962 0.86699395 0.87164277
 0.87616762 0.88057011 0.88485189 0.88901468 0.89306024 0.89699037
 0.90080692 0.90451177 0.90810682 0.91159401 0.91497532 0.91825273
 0.92142824 0.92450388 0.92748168 0.93036368 0.93315194 0.93584852
 0.93845545 0.94097481 0.94340863 0.94575898 0.94802787 0.95021734
 0.95232939 0.95436604 0.95632926 0.95822101 0.96004324 0.96179787
 0.96348681 0.96511193 0.96667509 0.96817811 0.96962278 0.97101089
 0.97234416 0.97362432 0.97485305 0.97603198 0.97716275 0.97824694
 0.9792861  0.98028175 0.98123538 0.98214844 0.98302236 0.98385851
 0.98465825 0.9854229  0.98615375 0.98685205 0.98751901 0.98815582
 0.98876363 0.98934357 0.98989672 0.99042413 0.99092684 0.99140582
 0.99186205 0.99229646 0.99270995 0.99310338 0.99347762 0.99383346
 0.9941717  0.9944931  0.9947984  0.9950883  0.99536348 0.99562461
 0.99587231 0.99610721 0.99632987 0.99654088 0.99674077 0.99693006
 0.99710926 0.99727884 0.99743927 0.99759099 0.99773443 0.99786999
 0.99799806 0.99811902 0.99823321 0.99834099 0.99844268 0.99853859
 0.99862903 0.99871426 0.99879457 0.99887022 0.99894144 0.99900849
 0.99907158 0.99913092 0.99918672 0.99923918 0.99928848 0.99933478
 0.99937827 0.9994191  0.99945741 0.99949335 0.99952706 0.99955867
 0.99958829 0.99961604 0.99964203 0.99966637 0.99968915 0.99971046
 0.9997304  0.99974904 0.99976646 0.99978275 0.99979796 0.99981216
 0.99982542 0.99983779]",magnitude of wind speed at each z location
rotorse.rp.gust.V_gust,output,m/s,[18.77557317],gust wind speed
rotorse.rp.powercurve.pitch,output,deg,"[ 0.          0.          0.          0.          0.          0.75651111
  0.86643452  1.7031187   2.66028454  3.21029004  4.58413608  7.02153258
  9.33765831 11.63745032 13.95478009 16.29612067 18.65131331 20.99926059
 23.31211088 25.55839713]",rotor pitch schedule
rotorse.rp.powercurve.P_aero,output,W,"[ 588903.37581948 1308002.1162892  2202146.17823413 3092588.35122253
 3789013.68004681 4081268.71165826 4139447.3150047  4499129.78262358
 5138492.523866   5540166.20498791 5540167.85519597 5540167.62434052
 5540166.25875428 5540171.62134843 5540169.21694435 5540166.09292196
 5540167.131103   5540179.66326482 5540181.96063629 5540180.86733716]",rotor mechanical power
rotorse.rp.powercurve.T,output,N,"[243830.59497788 415106.97326328 587552.32025562 736897.46589425
 843777.37865998 841686.23286813 843390.61489569 843422.90930054
 843423.88646747 843425.03797428 766854.93012259 650762.29620147
 561950.77894132 491732.62903639 436239.93255809 393010.76682923
 359960.67943681 335057.64438008 316540.29528153 302889.27465649]",rotor aerodynamic thrust
rotorse.rp.powercurve.Q,output,N*m,"[1444163.09069473 2460655.42218119 3484460.01359267 4371077.38840979
 5005502.23402589 5235045.77229758 5278964.65636007 5515157.19630934
 6226418.26023067 6713134.61355327 6713136.61314471 6713136.33341235
 6713134.67870311 6713141.17666996 6713138.26320354 6713134.47776063
 6713135.73574619 6713150.92122731 6713153.7050001  6713152.38022681]",rotor aerodynamic torque
rotorse.rp.powercurve.M,output,N*m,"[ 5567552.38330486  9476251.66907362 13410129.6857051  16816842.20123453
 19255032.49132413 19195956.92625061 19233632.1882374  19226534.67574147
 19047283.25915369 18905198.63237221 16995884.12197199 13970372.09747692
 11494224.79347032  9377846.29430393  7550492.81327872  5978589.14772533
  4636690.01372283  3494646.12692899  2523559.36563857  1694566.6470647 ]",blade root moment
rotorse.rp.powercurve.Cp,output,,"[0.4084326  0.40953901 0.41027394 0.41065869 0.41081888 0.4050707
 0.40375815 0.38974128 0.36192869 0.3426439  0.29634103 0.21484563
 0.1517008  0.10601906 0.07421833 0.05247872 0.03768579 0.02757863
 0.02060731 0.01573839]",rotor electrical power coefficient
rotorse.rp.powercurve.Cp_aero,output,,"[0.4525569  0.45378283 0.45459716 0.45502348 0.45520097 0.4488318
 0.44737745 0.43184629 0.40102902 0.37966083 0.32835571 0.2380561
 0.16808953 0.11747264 0.08223638 0.05814817 0.0417571  0.03055804
 0.02283359 0.01743866]",rotor aerodynamic power coefficient
rotorse.rp.powercurve.Ct_aero,output,,"[0.74950983 0.75091275 0.75191711 0.75246198 0.75268904 0.70785703
 0.70111021 0.64781184 0.56434193 0.51748551 0.4271011  0.29250258
 0.20028414 0.1380197  0.09653595 0.06902657 0.05069865 0.03832278
 0.02981253 0.02383488]",rotor aerodynamic thrust coefficient
rotorse.rp.powercurve.Cq_aero,output,,"[0.0431855  0.04330248 0.04338019 0.04342087 0.04343781 0.04283003
 0.04269125 0.04120918 0.04052913 0.0400691  0.0363727  0.02935387
 0.02327588 0.01833033 0.01445179 0.01147017 0.00919813 0.00746958
 0.00615076 0.00513911]",rotor aerodynamic torque coefficient
rotorse.rp.powercurve.Cm_aero,output,,"[0.16648917 0.16676257 0.16695097 0.16705308 0.16709541 0.15704989
 0.15554332 0.14366039 0.12398296 0.11284063 0.09208604 0.06108686
 0.03985295 0.02560635 0.01625442 0.01021511 0.00635305 0.00388842
 0.00231215 0.00129724]",rotor aerodynamic moment coefficient
rotorse.rp.powercurve.ax_induct_rotor,output,,"[0.26439172 0.26517234 0.2657486  0.26609563 0.26626717 0.24355241
 0.24035746 0.21676997 0.18356169 0.16637773 0.13586384 0.09413824
 0.06699085 0.04870891 0.03614395 0.02733302 0.02103842 0.01647552
 0.01313046 0.01066183]",rotor aerodynamic induction
rotorse.rp.powercurve.V_R25,output,m/s,[8.0952381],region 2.5 transition wind speed
rotorse.rp.powercurve.rated_V,output,m/s,[8.95320865],rated wind speed
rotorse.rp.powercurve.rated_Omega,output,rpm,[7.88077303],rotor rotation speed at rated
rotorse.rp.powercurve.rated_pitch,output,deg,[3.21029004],pitch setting at rated
rotorse.rp.powercurve.rated_T,output,N,[843425.03797428],rotor aerodynamic thrust at rated
rotorse.rp.powercurve.rated_Q,output,N*m,[6713134.61355327],rotor aerodynamic torque at rated
rotorse.rp.powercurve.rated_mech,output,W,[5540166.20498791],Mechanical shaft power at rated
rotorse.rp.powercurve.ax_induct_regII,output,,"[0.10715225 0.05356129 0.06841293 0.08565354 0.10287506 0.13969905
 0.17883105 0.23878279 0.28619985 0.29479648 0.30119288 0.30475048
 0.30443873 0.29833962 0.29953613 0.30131752 0.30350139 0.30041946
 0.29269243 0.28353395 0.27305708 0.26909308 0.26956493 0.27095212
 0.2690715  0.25653892 0.24187739 0.23314925 0.2410716  0.29254443]",rotor axial induction at cut-in wind speed along blade span
rotorse.rp.powercurve.tang_induct_regII,output,,"[-0.10715225 -0.0467055   0.00478899  0.01443219  0.01998288  0.02469585
  0.02376111  0.02332325  0.02104042  0.01735637  0.01458013  0.01240001
  0.01060246  0.0090517   0.00795953  0.00697846  0.00622976  0.00554947
  0.00493171  0.00439393  0.00382125  0.00356851  0.0032958   0.00306564
  0.00282375  0.00258146  0.0023068   0.00208095  0.0019716   0.00208251]",rotor tangential induction at cut-in wind speed along blade span
rotorse.rp.powercurve.aoa_regII,output,deg,"[47.92155649 38.02399184 25.71319894 18.3271136  13.74024925 10.87010917
  9.86612405  9.04041134  8.03061814  6.7771216   5.6917855   4.81364354
  4.11466691  3.64868462  3.4598671   3.50984499  3.63468461  3.74218967
  3.85349176  4.0009442   4.30010667  4.54772354  5.10265441  5.83708296
  6.61923842  7.33728521  7.9595411   8.50067576  8.88992639  9.00497335]",angle of attack distribution along blade span at cut-in wind speed
rotorse.rp.powercurve.L_D,output,,"[-4.57015557e-18  6.41936188e-02  1.23653476e+00  2.56726991e+00
  5.87154864e+00  1.85242174e+01  3.57253119e+01  6.18903359e+01
  8.28557392e+01  7.98972612e+01  8.18989745e+01  8.56364189e+01
  8.74256554e+01  8.58578902e+01  9.12487335e+01  8.42149897e+01
  8.64439254e+01  8.87399516e+01  9.11276452e+01  9.40443954e+01
  9.92990275e+01  1.02993218e+02  1.10018098e+02  1.19102503e+02
  1.21071552e+02  1.43535608e+02  1.40661470e+02  1.29021812e+02
  1.20321725e+02  1.09052613e+02]",Lift over drag distribution along blade span at cut-in wind speed
rotorse.rp.powercurve.Cp_regII,output,,[0.45378283],power coefficient at cut-in wind speed
rotorse.rp.powercurve.Ct_regII,output,,[0.75091275],thrust coefficient at cut-in wind speed
rotorse.rp.powercurve.cl_regII,output,,"[-2.28507779e-18  3.20256939e-02  4.77800411e-01  6.61935120e-01
  7.60535032e-01  9.11851226e-01  9.99137585e-01  1.11565270e+00
  1.14166845e+00  1.06642508e+00  9.97920756e-01  9.44074532e-01
  8.93507275e-01  8.59383338e-01  8.44969928e-01  8.49432404e-01
  8.61003679e-01  8.69221187e-01  8.76165860e-01  8.87310176e-01
  9.15258410e-01  9.39273001e-01  9.96189016e-01  1.06998700e+00
  1.15389235e+00  1.22589762e+00  1.30016523e+00  1.39173578e+00
  1.47970854e+00  1.55045563e+00]",lift coefficient distribution along blade span at cut-in wind speed
rotorse.rp.powercurve.cd_regII,output,,"[0.5        0.49889217 0.38640273 0.2578362  0.12952887 0.04922482
 0.02796722 0.01802628 0.01377899 0.01334745 0.01218478 0.01102422
 0.0102202  0.01000937 0.00926007 0.01008648 0.00996026 0.00979515
 0.00961471 0.00943501 0.00921719 0.00911976 0.00905477 0.00898375
 0.00953066 0.00854072 0.00924322 0.01078683 0.01229793 0.0142175 ]",drag coefficient distribution along blade span at cut-in wind speed
rotorse.rp.powercurve.rated_efficiency,output,,[0.9025],Efficiency at rated conditions
rotorse.rp.powercurve.V_spline,output,m/s,"[ 4.          4.10552764  4.21105528  4.31658291  4.42211055  4.52763819
  4.63316583  4.73869347  4.84422111  4.94974874  5.05527638  5.16080402
  5.26633166  5.3718593   5.47738693  5.58291457  5.68844221  5.79396985
  5.89949749  6.00502513  6.11055276  6.2160804   6.32160804  6.42713568
  6.53266332  6.63819095  6.74371859  6.84924623  6.95477387  7.06030151
  7.16582915  7.27135678  7.37688442  7.48241206  7.5879397   7.69346734
  7.79899497  7.90452261  8.01005025  8.11557789  8.22110553  8.32663317
  8.4321608   8.53768844  8.64321608  8.74874372  8.85427136  8.95979899
  9.06532663  9.17085427  9.27638191  9.38190955  9.48743719  9.59296482
  9.69849246  9.8040201   9.90954774 10.01507538 10.12060302 10.22613065
 10.33165829 10.43718593 10.54271357 10.64824121 10.75376884 10.85929648
 10.96482412 11.07035176 11.1758794  11.28140704 11.38693467 11.49246231
 11.59798995 11.70351759 11.80904523 11.91457286 12.0201005  12.12562814
 12.23115578 12.33668342 12.44221106 12.54773869 12.65326633 12.75879397
 12.86432161 12.96984925 13.07537688 13.18090452 13.28643216 13.3919598
 13.49748744 13.60301508 13.70854271 13.81407035 13.91959799 14.02512563
 14.13065327 14.2361809  14.34170854 14.44723618 14.55276382 14.65829146
 14.7638191  14.86934673 14.97487437 15.08040201 15.18592965 15.29145729
 15.39698492 15.50251256 15.6080402  15.71356784 15.81909548 15.92462312
 16.03015075 16.13567839 16.24120603 16.34673367 16.45226131 16.55778894
 16.66331658 16.76884422 16.87437186 16.9798995  17.08542714 17.19095477
 17.29648241 17.40201005 17.50753769 17.61306533 17.71859296 17.8241206
 17.92964824 18.03517588 18.14070352 18.24623116 18.35175879 18.45728643
 18.56281407 18.66834171 18.77386935 18.87939698 18.98492462 19.09045226
 19.1959799  19.30150754 19.40703518 19.51256281 19.61809045 19.72361809
 19.82914573 19.93467337 20.04020101 20.14572864 20.25125628 20.35678392
 20.46231156 20.5678392  20.67336683 20.77889447 20.88442211 20.98994975
 21.09547739 21.20100503 21.30653266 21.4120603  21.51758794 21.62311558
 21.72864322 21.83417085 21.93969849 22.04522613 22.15075377 22.25628141
 22.36180905 22.46733668 22.57286432 22.67839196 22.7839196  22.88944724
 22.99497487 23.10050251 23.20603015 23.31155779 23.41708543 23.52261307
 23.6281407  23.73366834 23.83919598 23.94472362 24.05025126 24.15577889
 24.26130653 24.36683417 24.47236181 24.57788945 24.68341709 24.78894472
 24.89447236 25.        ]",wind vector
rotorse.rp.powercurve.P_spline,output,W,"[ 531485.29667708  573077.75054124  618095.93860867  666348.50922525
  717644.11073682  771791.39148924  828598.99982837  887875.58410007
  949429.79265019 1013070.27382459 1078605.67596913 1145844.64742967
 1215011.74045238 1288418.29357898 1366165.93045156 1447912.66460255
 1533316.50956438 1622035.47886949 1713727.58605031 1808050.84463928
 1904663.26816884 2003272.80287914 2105997.4625425  2213720.39108938
 2325904.52980888 2442012.81999009 2561508.20292209 2683853.61989399
 2808615.24081838 2940888.03730686 3080096.03809894 3221141.78445681
 3358927.81764268 3488960.99581172 3613523.9947174  3737771.16962991
 3852105.48922645 3960860.472155   4068669.92828972 4177057.03562077
 4284849.57898585 4391816.8371101  4497728.08871865 4602352.61253665
 4715221.62851197 4847668.26837707 4957673.19171577 5000000.04503486
 5000000.66848114 5000001.11246509 5000001.38338797 5000001.48765108
 5000001.48729827 5000001.48009415 5000001.46809961 5000001.45177123
 5000001.4315656  5000001.40793928 5000001.38134887 5000001.35225093
 5000001.32110206 5000001.28835883 5000001.24353493 5000001.16622932
 5000001.06231673 5000000.93859974 5000000.80188096 5000000.65896297
 5000000.51664835 5000000.38173971 5000000.26103962 5000000.16135069
 5000000.08947549 5000000.05221663 5000000.07292453 5000000.21818047
 5000000.47632624 5000000.8267372  5000001.24878875 5000001.72185624
 5000002.22531507 5000002.7385406  5000003.24090823 5000003.71179332
 5000004.13057124 5000004.47661739 5000004.72930713 5000004.86801585
 5000004.88472029 5000004.85422461 5000004.79497547 5000004.70997437
 5000004.60222284 5000004.47472241 5000004.33047461 5000004.17248095
 5000004.00374296 5000003.82726217 5000003.6460401  5000003.46307827
 5000003.28137822 5000003.10394146 5000002.93376951 5000002.77386391
 5000002.61994479 5000002.44860769 5000002.26093657 5000002.06048328
 5000001.85079963 5000001.63543746 5000001.4179486  5000001.20188487
 5000000.9907981  5000000.78824013 5000000.59776278 5000000.42291787
 5000000.26725725 5000000.13433274 5000000.02769617 4999999.95089936
 4999999.90749415 4999999.89921176 4999999.90448152 4999999.91596344
 4999999.93350459 4999999.95695201 4999999.98615278 5000000.02095394
 5000000.06120258 5000000.10674573 5000000.15743047 5000000.21310385
 5000000.27361294 5000000.33880479 5000000.40852646 5000000.48262502
 5000000.56094753 5000000.64334104 5000000.72965262 5000000.81972932
 5000000.95948379 5000001.22800543 5000001.61317908 5000002.10076022
 5000002.67650431 5000003.32616684 5000004.03550327 5000004.79026906
 5000005.5762197  5000006.37911064 5000007.18469737 5000007.97873536
 5000008.74698006 5000009.47518696 5000010.14911152 5000010.75450921
 5000011.27713552 5000011.70274589 5000012.01709581 5000012.21655637
 5000012.38886159 5000012.55630493 5000012.71843001 5000012.87478042
 5000013.02489979 5000013.16833172 5000013.30461981 5000013.43330767
 5000013.55393893 5000013.66605717 5000013.76920602 5000013.86292908
 5000013.94676996 5000014.02027226 5000014.08297961 5000014.1344356
 5000014.17418384 5000014.20176795 5000014.21673153 5000014.21934338
 5000014.21745953 5000014.21302015 5000014.2056188  5000014.19484904
 5000014.18030442 5000014.1615785  5000014.13826485 5000014.10995701
 5000014.07624855 5000014.03673302 5000013.99100398 5000013.938655
 5000013.87927961 5000013.8124714  5000013.7378239  5000013.65493069
 5000013.56338531 5000013.46278133 5000013.3527123  5000013.23277179]",rotor electrical power
rotorse.rp.powercurve.Omega_spline,output,rpm,"[3.89402903 3.99676095 4.09949287 4.20222479 4.30495671 4.40768864
 4.51042056 4.61315248 4.7158844  4.81861632 4.92134824 5.02408017
 5.12681209 5.22954401 5.33227593 5.43500785 5.53773977 5.64047169
 5.74320362 5.84593554 5.94866746 6.05139938 6.1541313  6.25686322
 6.35959515 6.46232707 6.56505899 6.66779091 6.77052283 6.87325475
 6.97598668 7.0787186  7.18145052 7.28418244 7.38691436 7.48965262
 7.60886137 7.72628051 7.79241133 7.8208103  7.84431582 7.86241752
 7.874605   7.88036787 7.88077303 7.88077303 7.88077303 7.88077303
 7.88077303 7.88077303 7.88077303 7.88077303 7.88077303 7.88077303
 7.88077303 7.88077303 7.88077303 7.88077303 7.88077303 7.88077303
 7.88077303 7.88077303 7.88077303 7.88077303 7.88077303 7.88077303
 7.88077303 7.88077303 7.88077303 7.88077303 7.88077303 7.88077303
 7.88077303 7.88077303 7.88077303 7.88077303 7.88077303 7.88077303
 7.88077303 7.88077303 7.88077303 7.88077303 7.88077303 7.88077303
 7.88077303 7.88077303 7.88077303 7.88077303 7.88077303 7.88077303
 7.88077303 7.88077303 7.88077303 7.88077303 7.88077303 7.88077303
 7.88077303 7.88077303 7.88077303 7.88077303 7.88077303 7.88077303
 7.88077303 7.88077303 7.88077303 7.88077303 7.88077303 7.88077303
 7.88077303 7.88077303 7.88077303 7.88077303 7.88077303 7.88077303
 7.88077303 7.88077303 7.88077303 7.88077303 7.88077303 7.88077303
 7.88077303 7.88077303 7.88077303 7.88077303 7.88077303 7.88077303
 7.88077303 7.88077303 7.88077303 7.88077303 7.88077303 7.88077303
 7.88077303 7.88077303 7.88077303 7.88077303 7.88077303 7.88077303
 7.88077303 7.88077303 7.88077303 7.88077303 7.88077303 7.88077303
 7.88077303 7.88077303 7.88077303 7.88077303 7.88077303 7.88077303
 7.88077303 7.88077303 7.88077303 7.88077303 7.88077303 7.88077303
 7.88077303 7.88077303 7.88077303 7.88077303 7.88077303 7.88077303
 7.88077303 7.88077303 7.88077303 7.88077303 7.88077303 7.88077303
 7.88077303 7.88077303 7.88077303 7.88077303 7.88077303 7.88077303
 7.88077303 7.88077303 7.88077303 7.88077303 7.88077303 7.88077303
 7.88077303 7.88077303 7.88077303 7.88077303 7.88077303 7.88077303
 7.88077303 7.88077303 7.88077303 7.88077303 7.88077303 7.88077303
 7.88077303 7.88077303 7.88077303 7.88077303 7.88077303 7.88077303
 7.88077303 7.88077303]",omega
rotorse.rs.aero_gust.loads_r,output,m,"[  3.           6.44814717   9.89629433  13.3444415   16.79258866
  20.24073583  23.68888299  27.13703016  30.58517733  34.03332449
  37.48147166  40.92961882  44.37776599  47.82591316  51.27406032
  54.72220749  58.17035465  61.61850182  65.06664898  68.51479615
  72.99738747  75.41109048  78.85923765  82.30738481  85.75553198
  89.20367915  92.65182631  96.09997348  99.54812064 102.99626781]",
rotorse.rs.aero_gust.loads_Px,output,N/m,"[  399.97331192   485.77386057   721.05780118  1145.57459239
  1754.87685832  2328.43907069  2855.37968512  3465.44593369
  4142.82560117  4956.85992311  5892.95538595  7137.43656242
  8701.90562487  9887.10559785 10694.74540243 11212.99775493
 11617.53998936 11882.82194642 12002.56949035 12001.54572923
 11858.51123394 11766.52275217 11681.39562114 11522.87387543
 11078.59669016 10339.57712084  9354.37270045  8081.53451065
  6447.55192177  4307.77971493]",
rotorse.rs.aero_gust.loads_Py,output,N/m,"[   69.9429408    108.46969378  -104.59737827  -572.88251373
 -1224.83693634 -1615.13036267 -1773.3089722  -1902.31893948
 -2091.69420984 -2436.88847804 -2805.31162378 -3289.89629087
 -3845.43067237 -4143.44215302 -4228.06555564 -4200.72389116
 -4140.58747368 -4043.13017135 -3909.93630501 -3751.19404337
 -3521.00763573 -3399.07101693 -3243.5262761  -3076.5350522
 -2851.34664664 -2566.95171755 -2239.85522599 -1861.80354433
 -1419.75374675  -904.47411486]",
rotorse.rs.aero_gust.loads_Pz,output,N/m,"[0. 0. 0. 0. 0. 0. 0. 0. 0. 0. 0. 0. 0. 0. 0. 0. 0. 0. 0. 0. 0. 0. 0. 0.
 0. 0. 0. 0. 0. 0.]",
rotorse.rs.aero_hub_loads.P,output,W,[31683878.45141955],Rotor aerodynamic power
rotorse.rs.aero_hub_loads.Mb,output,N/m,[44228890.62668906],Aerodynamic blade root flapwise moment
rotorse.rs.aero_hub_loads.Fhub,output,N,[2064483.66894987   54461.11677296   18121.83738102],Aerodynamic forces at hub center in the hub c.s.
rotorse.rs.aero_hub_loads.Mhub,output,N*m,[38392014.47284081  7208793.041712    1961316.77038051],Aerodynamic moments at hub center in the hub c.s.
rotorse.rs.aero_hub_loads.CP,output,,[0.23543328],Rotor aerodynamic power coefficient
rotorse.rs.aero_hub_loads.CMb,output,,[0.06002903],Aerodynamic blade root flapwise moment coefficient
rotorse.rs.aero_hub_loads.CFhub,output,,[0.28802764 0.00759817 0.00252828],Aerodynamic force coefficients at hub center in the hub c.s.
rotorse.rs.aero_hub_loads.CMhub,output,,[0.05210701 0.00978403 0.00266197],Aerodynamic moment coefficients at hub center in the hub c.s.
rotorse.rs.bjs.t_reinf_joint,output,m,[0.],Required reinforcement layer thickness at joint. [float]
rotorse.rs.bjs.w_reinf_joint,output,m,[0.],Required reinforcement layer width at joint. [float]
rotorse.rs.bjs.w_reinf_ratio_joint,output,,[1.],Ratio of joint-required to nominal reinforcement layer  width
rotorse.rs.bjs.t_reinf_ratio_joint,output,,[1.4376719],Ratio of joint-required to nominal reinforcement layer  thickness
rotorse.rs.bjs.L_transition_joint,output,m,[0.12053128],Required length to accommodate reinforcement layer  size increase at joint. [float]
rotorse.rs.bjs.n_joint_bolt,output,,[36.71294888],Required number of bolts for joint. [float]
rotorse.rs.bjs.joint_mass,output,kg,[415.75922074],Mass of bolts + inserts minus mass of reinforcement layer  cutouts at joint. [float]
rotorse.rs.bjs.joint_material_cost,output,USD,[1792.09489602],"cost of joint metallic parts (bolts, washers, and inserts)"
rotorse.rs.bjs.joint_total_cost,output,USD,[20392.09489602],Total cost of the bolted joint (metallic parts and nonmaterial costs)
rotorse.rs.brs.d_r,output,m,[5.46920929],Root fastener circle diameter
rotorse.rs.brs.ratio,output,,[1.22669268],Ratio of recommended diameter over actual diameter. It can be constrained to be smaller than 1
rotorse.rs.constr.constr_max_strainU_spar,output,,"[1.99056714e-01 1.81410337e-01 7.21899328e-02 9.64299362e-02
 6.14643979e-03 2.80608368e-02 5.19701084e-02 7.03754399e-02
 9.50622043e-02 1.16404161e-01 1.24896028e-01 1.26963407e-01
 1.25443207e-01 1.16257962e-01 1.06146216e-01 9.65948251e-02
 8.39811906e-02 7.15332075e-02 5.80070307e-02 4.38684876e-02
 3.47523792e-02 1.31533079e-02 3.81903275e-03 2.65399000e-02
 4.50063409e-02 6.66997564e-02 8.64726736e-02 9.44963214e-02
 7.36643483e-02 9.51644066e-05]",constraint for maximum strain in spar cap suction side
rotorse.rs.constr.constr_max_strainL_spar,output,,"[1.99056714e-01 1.81410337e-01 7.21899328e-02 9.64299362e-02
 6.14643979e-03 2.80608368e-02 5.19701084e-02 7.03754399e-02
 9.50622043e-02 1.16404161e-01 1.24896028e-01 1.26963407e-01
 1.25443207e-01 1.16257962e-01 1.06146216e-01 9.65948251e-02
 8.39811906e-02 7.15332075e-02 5.80070307e-02 4.38684876e-02
 3.47523792e-02 1.31533079e-02 3.81903275e-03 2.65399000e-02
 4.50063409e-02 6.66997564e-02 8.64726736e-02 9.44963214e-02
 7.36643483e-02 9.51644066e-05]",constraint for maximum strain in spar cap pressure side
rotorse.rs.constr.constr_max_strainU_te,output,,"[1.99056714e-01 1.81410337e-01 7.21899328e-02 9.64299362e-02
 6.14643979e-03 2.80608368e-02 5.19701084e-02 7.03754399e-02
 9.50622043e-02 1.16404161e-01 1.24896028e-01 1.26963407e-01
 1.25443207e-01 1.16257962e-01 1.06146216e-01 9.65948251e-02
 8.39811906e-02 7.15332075e-02 5.80070307e-02 4.38684876e-02
 3.47523792e-02 1.31533079e-02 3.81903275e-03 2.65399000e-02
 4.50063409e-02 6.66997564e-02 8.64726736e-02 9.44963214e-02
 7.36643483e-02 9.51644066e-05]",constraint for maximum strain in trailing edge suction side
rotorse.rs.constr.constr_max_strainL_te,output,,"[1.99056714e-01 1.81410337e-01 7.21899328e-02 9.64299362e-02
 6.14643979e-03 2.80608368e-02 5.19701084e-02 7.03754399e-02
 9.50622043e-02 1.16404161e-01 1.24896028e-01 1.26963407e-01
 1.25443207e-01 1.16257962e-01 1.06146216e-01 9.65948251e-02
 8.39811906e-02 7.15332075e-02 5.80070307e-02 4.38684876e-02
 3.47523792e-02 1.31533079e-02 3.81903275e-03 2.65399000e-02
 4.50063409e-02 6.66997564e-02 8.64726736e-02 9.44963214e-02
 7.36643483e-02 9.51644066e-05]",constraint for maximum strain in trailing edge pressure side
rotorse.rs.constr.constr_flap_f_margin,output,,[-0.16466098 -1.07465066 -2.43877118 -4.10244817 -6.44361798],constraint on flap blade frequency such that ratio of 3P/f is above or below gamma with constraint <= 0
rotorse.rs.constr.constr_edge_f_margin,output,,[ -0.42159326  -2.12009016  -4.64700294  -8.22896654 -12.39640144],constraint on edge blade frequency such that ratio of 3P/f is above or below gamma with constraint <= 0
rotorse.rs.curvature.s,output,m,"[  3.           6.44817803   9.89653056  13.34513111  16.79391195
  20.24270777  23.69135879  27.13976867  30.58795858  34.03612746
  37.48443328  40.93290967  44.38151134  47.83037696  51.28004518
  54.73059707  58.18176525  61.63357697  65.08704547  68.54217291
  73.03548887  75.45557551  78.91447446  82.37524383  85.83744505
  89.30112929  92.76649052  96.23402516  99.70385771 103.17549325]",cumulative path length along blade
rotorse.rs.curvature.blades_cg_hubcc,output,m,[0.88933157],cg of all blades relative to hub along shaft axis. Distance is should be interpreted as negative for upwind and positive for downwind turbines
rotorse.rs.frame.root_F,output,N,[-835582.43579517 -211118.81168329  463448.71726245],Blade root forces in blade c.s.
rotorse.rs.frame.root_M,output,N*m,[ 11279255.52607767 -48525084.32477351        -0.        ],Blade root moment in blade c.s.
rotorse.rs.frame.flap_mode_shapes,output,,"[[-6.02762200e-03  1.77290194e+00 -1.17114543e+00  2.45032302e-01
   1.59238816e-01]
 [-1.78665152e-01 -1.08520690e+00  1.09125528e+00 -3.94715322e-01
   1.56733209e+00]
 [ 6.42101408e-01 -2.01604335e+00  1.56378247e+01 -3.80025441e+01
   2.47386614e+01]
 [ 9.15189449e+00 -9.02986552e+01  2.78932069e+02 -3.42393669e+02
   1.45608360e+02]
 [ 3.08179644e+01 -2.27523481e+02  5.87136824e+02 -6.36524360e+02
   2.47093053e+02]]","6-degree polynomial coefficients of mode shapes in the flap direction (x^2..x^6, no linear or constant term)"
rotorse.rs.frame.edge_mode_shapes,output,,"[[ 3.90758714e-01  3.58151490e+00 -7.48873211e+00  6.64992407e+00
  -2.13346557e+00]
 [-1.13781183e+00  1.63581903e+00 -2.28371411e+00  3.78661222e+00
  -1.00090530e+00]
 [-2.32606661e-01  1.58110066e+01 -5.30854283e+01  5.44265814e+01
  -1.59195531e+01]
 [-3.80303128e+00  4.75580283e+00  4.08896554e+01 -9.51116025e+01
   5.42691755e+01]
 [ 2.48317592e+01 -1.89328659e+02  5.00271572e+02 -5.52613708e+02
   2.17839036e+02]]","6-degree polynomial coefficients of mode shapes in the edge direction (x^2..x^6, no linear or constant term)"
rotorse.rs.frame.tors_mode_shapes,output,,"[[ 14.32182754 -52.52587034  90.60385882 -75.69205045  24.29223444]
 [  0.           0.           0.           0.           0.        ]
 [  0.           0.           0.           0.           0.        ]
 [  0.           0.           0.           0.           0.        ]
 [  0.           0.           0.           0.           0.        ]]","6-degree polynomial coefficients of mode shapes in the torsional direction (x^2..x^6, no linear or constant term)"
rotorse.rs.frame.all_mode_shapes,output,,"[[-6.02762200e-03  1.77290194e+00 -1.17114543e+00  2.45032302e-01
   1.59238816e-01]
 [ 3.90758714e-01  3.58151490e+00 -7.48873211e+00  6.64992407e+00
  -2.13346557e+00]
 [-1.78665152e-01 -1.08520690e+00  1.09125528e+00 -3.94715322e-01
   1.56733209e+00]
 [-1.13781183e+00  1.63581903e+00 -2.28371411e+00  3.78661222e+00
  -1.00090530e+00]
 [ 6.42101408e-01 -2.01604335e+00  1.56378247e+01 -3.80025441e+01
   2.47386614e+01]
 [-2.32606661e-01  1.58110066e+01 -5.30854283e+01  5.44265814e+01
  -1.59195531e+01]
 [ 9.15189449e+00 -9.02986552e+01  2.78932069e+02 -3.42393669e+02
   1.45608360e+02]
 [-3.80303128e+00  4.75580283e+00  4.08896554e+01 -9.51116025e+01
   5.42691755e+01]
 [ 3.08179644e+01 -2.27523481e+02  5.87136824e+02 -6.36524360e+02
   2.47093053e+02]
 [ 2.48317592e+01 -1.89328659e+02  5.00271572e+02 -5.52613708e+02
   2.17839036e+02]]","6-degree polynomial coefficients of mode shapes in the edge direction (x^2..x^6, no linear or constant term)"
rotorse.rs.frame.flap_mode_freqs,output,Hz,[0.62077737 1.63187701 3.14756648 4.99609647 7.59739626],Frequencies associated with mode shapes in the flap direction
rotorse.rs.frame.edge_mode_freqs,output,Hz,[ 0.90625768  2.79347646  5.60115732  9.58111688 14.2116001 ],Frequencies associated with mode shapes in the edge direction
rotorse.rs.frame.tors_mode_freqs,output,Hz,[22.73373429  0.          0.          0.          0.        ],Frequencies associated with mode shapes in the torsional direction
rotorse.rs.frame.freqs,output,Hz,"[ 0.62077737  0.90625768  1.63187701  2.79347646  3.14756648  4.99609647
  5.60115732  7.59739626  9.58111688 10.76444536]","ration of 2nd and 1st natural frequencies, should be ratio of edgewise to flapwise"
rotorse.rs.frame.freq_distance,output,,[1.45987551],"ration of 2nd and 1st natural frequencies, should be ratio of edgewise to flapwise"
rotorse.rs.frame.dx,output,m,"[-0.00000000e+00  3.70023521e-03  1.49616555e-02  3.51778165e-02
  6.74877470e-02  1.16745258e-01  1.88584550e-01  2.87896331e-01
  4.18914880e-01  5.85193230e-01  7.88832716e-01  1.03089349e+00
  1.31214845e+00  1.63349920e+00  1.99646766e+00  2.40348970e+00
  2.85796919e+00  3.36395702e+00  3.92575716e+00  4.54796328e+00
  5.44908406e+00  5.97550689e+00  6.79063730e+00  7.69060518e+00
  8.68485107e+00  9.78573158e+00  1.10064566e+01  1.23564191e+01
  1.38329002e+01  1.53909303e+01]",deflection of blade section in airfoil x-direction
rotorse.rs.frame.dy,output,m,"[ 0.00000000e+00 -1.01860698e-03 -4.26391142e-03 -1.04943116e-02
 -2.08802767e-02 -3.68622816e-02 -5.96300177e-02 -8.94690618e-02
 -1.26116210e-01 -1.69338552e-01 -2.19097531e-01 -2.75402679e-01
 -3.38216396e-01 -4.07493721e-01 -4.83191717e-01 -5.65245309e-01
 -6.53575834e-01 -7.48096220e-01 -8.48737493e-01 -9.55461860e-01
 -1.10270375e+00 -1.18547924e+00 -1.30800101e+00 -1.43490518e+00
 -1.56469145e+00 -1.69546625e+00 -1.82499873e+00 -1.95086846e+00
 -2.07076338e+00 -2.18530702e+00]",deflection of blade section in airfoil y-direction
rotorse.rs.frame.dz,output,m,"[-0.00000000e+00 -5.43217668e-05 -1.20551368e-04 -1.97697682e-04
 -2.86922915e-04 -3.84118709e-04 -4.84514847e-04 -5.85468947e-04
 -6.85938726e-04 -7.85458133e-04 -8.83662082e-04 -9.80217002e-04
 -1.07483379e-03 -1.16730857e-03 -1.25737533e-03 -1.34488958e-03
 -1.42972125e-03 -1.51167766e-03 -1.59081525e-03 -1.66679106e-03
 -1.74014425e-03 -1.76987735e-03 -1.81712076e-03 -1.85868252e-03
 -1.89523566e-03 -1.92711532e-03 -1.95372438e-03 -1.97429790e-03
 -1.98816940e-03 -1.99391147e-03]",deflection of blade section in airfoil z-direction
rotorse.rs.frame.EI11,output,N*m**2,"[7.98077480e+10 6.43076377e+10 4.98986757e+10 3.66676869e+10
 2.41486828e+10 1.68760566e+10 1.35129358e+10 1.07832008e+10
 8.81890124e+09 7.61008509e+09 6.69668215e+09 5.83447930e+09
 5.07827245e+09 4.25834708e+09 3.49283549e+09 2.75164234e+09
 2.14161222e+09 1.64747412e+09 1.24511508e+09 9.22358433e+08
 8.30479970e+08 4.62669739e+08 3.09100452e+08 1.93976962e+08
 1.09486047e+08 5.68353210e+07 2.65217064e+07 1.03128475e+07
 2.88672938e+06 4.05745096e+05]",stiffness w.r.t principal axis 1
rotorse.rs.frame.EI22,output,N*m**2,"[7.98110996e+10 7.71005247e+10 6.08672689e+10 4.75161498e+10
 3.74567066e+10 3.12609637e+10 2.73246168e+10 2.43801286e+10
 2.24419786e+10 2.11901838e+10 2.03242941e+10 1.94098137e+10
 1.84048577e+10 1.68325338e+10 1.46807764e+10 1.17602319e+10
 9.40398950e+09 7.12601731e+09 5.23933407e+09 3.76854614e+09
 3.15170601e+09 1.83673131e+09 1.24659959e+09 8.25359781e+08
 4.97709011e+08 2.93722926e+08 1.64142039e+08 8.32115732e+07
 3.51260243e+07 5.89641911e+06]",stiffness w.r.t principal axis 2
rotorse.rs.frame.alpha,output,deg,"[12.07607196 70.03856877 50.61244597 25.2740571  15.98182112 10.39481079
  7.53255577  5.1311713   3.89563085  3.71513271  3.61453237  3.46094973
  3.30143273  3.06258813  2.75290045  2.48698782  2.17385565  1.8929847
  1.62422442  1.3423387   1.21776889  0.67720608  0.23889769 -0.28412133
 -0.68357928 -0.89390965 -0.92956919 -0.83938375 -1.1367657  -1.43321375]",Angle between blade c.s. and principal axes
rotorse.rs.frame.M1,output,N*m,"[-3.37728312e+07 -3.17222406e+07 -1.83046290e+07 -3.06708934e+07
 -3.51487039e+07 -3.42910302e+07 -3.22319654e+07 -2.97195701e+07
 -2.70523434e+07 -2.44374416e+07 -2.19347570e+07 -1.95301615e+07
 -1.72356483e+07 -1.50667719e+07 -1.30342372e+07 -1.11468204e+07
 -9.41128413e+06 -7.83237170e+06 -6.41200161e+06 -5.14840436e+06
 -3.74305482e+06 -3.07876766e+06 -2.25002385e+06 -1.56315291e+06
 -1.01548584e+06 -6.00602034e+05 -3.07294731e+05 -1.21173651e+05
 -2.54178529e+04  4.76986202e+00]",distribution along blade span of bending moment w.r.t principal axis 1
rotorse.rs.frame.M2,output,N*m,"[ 3.66238028e+07  3.44856438e+07  3.99172745e+07  2.72020681e+07
  1.47267008e+07  8.22628786e+06  3.92165708e+06  9.37597665e+05
 -8.65463265e+05 -1.33837939e+06 -1.20544868e+06 -1.05366699e+06
 -9.19785271e+05 -8.15593599e+05 -7.74937345e+05 -7.72240258e+05
 -7.62974149e+05 -7.23523045e+05 -6.52957442e+05 -5.70751524e+05
 -4.48542969e+05 -4.08184577e+05 -3.36276790e+05 -2.67950164e+05
 -1.97841216e+05 -1.28771617e+05 -7.02561787e+04 -2.90349416e+04
 -6.49757611e+03  1.12036760e-01]",distribution along blade span of bending moment w.r.t principal axis 2
rotorse.rs.frame.F2,output,N,"[596265.25218044 594621.77343994 375182.59462975 649062.3020422
 782652.05512143 810747.26351652 812557.92139816 801815.28082459
 783852.46910984 763244.82397642 740512.18954821 713690.14514161
 681563.68003766 644234.35497863 602983.06094405 559172.35145706
 513813.73810716 467502.55530613 420863.04327041 374325.21503229
 310280.55609187 278584.305821   234870.67262845 191143.98078564
 149091.28831641 109908.81243819  74384.31338751  43320.51057774
  17739.58139629   -813.61833069]",distribution along blade span of force w.r.t principal axis 2
rotorse.rs.frame.F3,output,N,"[4.63448717e+05 5.10982708e+05 5.36109525e+05 5.45540157e+05
 5.44292181e+05 5.35957950e+05 5.22850129e+05 5.06228260e+05
 4.86839000e+05 4.65001177e+05 4.40730744e+05 4.13998940e+05
 3.84866301e+05 3.53730828e+05 3.21235318e+05 2.88395046e+05
 2.56056595e+05 2.24803366e+05 1.95338015e+05 1.67956682e+05
 1.15753855e+05 8.93863197e+04 6.94197404e+04 5.21227182e+04
 3.75786568e+04 2.57005848e+04 1.61098762e+04 8.65461985e+03
 3.24701337e+03 1.14141585e-10]",axial resultant along blade span
rotorse.rs.strains.strainU_spar,output,,"[ 7.96226857e-04 -7.25641348e-04  2.88759731e-04  3.85719745e-04
  2.45857591e-05 -1.12243347e-04 -2.07880434e-04 -2.81501760e-04
 -3.80248817e-04 -4.65616643e-04 -4.99584114e-04 -5.07853629e-04
 -5.01772830e-04 -4.65031848e-04 -4.24584865e-04 -3.86379301e-04
 -3.35924762e-04 -2.86132830e-04 -2.32028123e-04 -1.75473950e-04
 -1.28070187e-04 -5.26132316e-05  1.52761310e-05  1.06159600e-04
  1.80025363e-04  2.66799026e-04  3.45890694e-04  3.77985286e-04
  2.94657393e-04 -3.80657626e-07]","strain in spar cap on upper surface at location xu,yu_strain with loads P_strain"
rotorse.rs.strains.strainL_spar,output,,"[ 7.96226857e-04 -7.25641348e-04  2.88759731e-04  3.85719745e-04
  2.45857591e-05 -1.12243347e-04 -2.07880434e-04 -2.81501760e-04
 -3.80248817e-04 -4.65616643e-04 -4.99584114e-04 -5.07853629e-04
 -5.01772830e-04 -4.65031848e-04 -4.24584865e-04 -3.86379301e-04
 -3.35924762e-04 -2.86132830e-04 -2.32028123e-04 -1.75473950e-04
 -1.28070187e-04 -5.26132316e-05  1.52761310e-05  1.06159600e-04
  1.80025363e-04  2.66799026e-04  3.45890694e-04  3.77985286e-04
  2.94657393e-04 -3.80657626e-07]","strain in spar cap on lower surface at location xl,yl_strain with loads P_strain"
rotorse.rs.strains.strainU_te,output,,"[ 7.96226857e-04 -7.25641348e-04  2.88759731e-04  3.85719745e-04
  2.45857591e-05 -1.12243347e-04 -2.07880434e-04 -2.81501760e-04
 -3.80248817e-04 -4.65616643e-04 -4.99584114e-04 -5.07853629e-04
 -5.01772830e-04 -4.65031848e-04 -4.24584865e-04 -3.86379301e-04
 -3.35924762e-04 -2.86132830e-04 -2.32028123e-04 -1.75473950e-04
 -1.28070187e-04 -5.26132316e-05  1.52761310e-05  1.06159600e-04
  1.80025363e-04  2.66799026e-04  3.45890694e-04  3.77985286e-04
  2.94657393e-04 -3.80657626e-07]","strain in trailing-edge panels on upper surface at location xu,yu_te with loads P_te"
rotorse.rs.strains.strainL_te,output,,"[ 7.96226857e-04 -7.25641348e-04  2.88759731e-04  3.85719745e-04
  2.45857591e-05 -1.12243347e-04 -2.07880434e-04 -2.81501760e-04
 -3.80248817e-04 -4.65616643e-04 -4.99584114e-04 -5.07853629e-04
 -5.01772830e-04 -4.65031848e-04 -4.24584865e-04 -3.86379301e-04
 -3.35924762e-04 -2.86132830e-04 -2.32028123e-04 -1.75473950e-04
 -1.28070187e-04 -5.26132316e-05  1.52761310e-05  1.06159600e-04
  1.80025363e-04  2.66799026e-04  3.45890694e-04  3.77985286e-04
  2.94657393e-04 -3.80657626e-07]","strain in trailing-edge panels on lower surface at location xl,yl_te with loads P_te"
rotorse.rs.strains.axial_root_sparU_load2stress,output,m**2,"[ 0.00000000e+00  0.00000000e+00 -8.52281546e-01  7.86786828e-01
  9.19968655e-06  0.00000000e+00]",Linear conversion factors between loads [Fx-z; Mx-z] and axial stress in the upper spar cap at blade root
rotorse.rs.strains.axial_root_sparL_load2stress,output,m**2,"[ 0.00000000e+00  0.00000000e+00 -8.52281546e-01  7.86786828e-01
  9.19968655e-06  0.00000000e+00]",Linear conversion factors between loads [Fx-z; Mx-z] and axial stress in the lower spar cap at blade root
rotorse.rs.strains.axial_maxc_teU_load2stress,output,m**2,[ 0.          0.         -1.03426835  1.17460082  0.11088276  0.        ],Linear conversion factors between loads [Fx-z; Mx-z] and axial stress in the upper trailing edge at blade max chord
rotorse.rs.strains.axial_maxc_teL_load2stress,output,m**2,[ 0.          0.         -1.03426835  1.17460082  0.11088276  0.        ],Linear conversion factors between loads [Fx-z; Mx-z] and axial stress in the lower trailing edge at blade max chord
rotorse.rs.tip_pos.tip_deflection,output,m,[14.87370252],deflection at tip in yaw x-direction
rotorse.rs.tot_loads_gust.Px_af,output,N/m,"[ 1269.64460835  1330.15525553  1581.3419442   2071.21157464
  2703.98842251  3252.20290967  3715.36290141  4281.70048656
  4972.15253043  5867.45085485  6894.59530308  8240.35196845
  9918.81015492 11203.02034304 12080.42787278 12591.02066193
 12964.19838317 13196.48055263 13282.60376911 13221.0357792
 14045.77837984 12787.72584377 12587.22707551 12300.37028235
 11704.42981053 10836.58726074  9741.13311928  8361.93010162
  6631.64054915  4381.64246612]",total distributed loads in airfoil x-direction
rotorse.rs.tot_loads_gust.Py_af,output,N/m,"[  620.59506404   651.71134611   477.97425751   102.25355935
  -446.72566859  -800.6606725  -1008.49475856 -1196.26495315
 -1388.22182527 -1614.77033049 -1838.22012741 -2132.73280895
 -2450.83185848 -2578.24748755 -2610.86497871 -2627.88541959
 -2643.38815376 -2618.32558324 -2559.49597333 -2490.15223848
 -2316.63388957 -2389.90324967 -2422.45552351 -2478.44204754
 -2478.53212497 -2375.61297315 -2186.62352676 -1911.26687983
 -1528.17909244 -1017.10096303]",total distributed loads in airfoil y-direction
rotorse.rs.tot_loads_gust.Pz_af,output,N/m,"[-17576.8664126   -9993.88504441  -4580.21791262   -889.75456249
   1613.60782437   3220.42794034   4382.39392836   5258.65267867
   5987.54137119   6678.87291757   7398.50726996   8106.52144653
   8791.0438525    9268.21052749   9579.89404166   9468.18036532
   9288.82675298   8838.72819525   8251.81821463   7629.95223768
  15661.41491139   6186.7951381    5394.25687332   4638.39415876
   3797.47856942   3092.06234672   2470.75782819   1853.45354899
   1283.07640145    600.26227057]",total distributed loads in airfoil z-direction
rotorse.split.blade_length_inner,output,m,[70.12284527],Length of inner blade portion
rotorse.split.s_inner,output,,"[0.         0.04926108 0.09852217 0.14778325 0.19704433 0.24630542
 0.2955665  0.34482759 0.39408867 0.44334975 0.49261084 0.54187192
 0.591133   0.64039409 0.68965517 0.73891626 0.78817734 0.83743842
 0.88669951 0.93596059 1.        ]",Inner blade nondimensional span location
rotorse.split.chord_inner,output,m,"[4.5        4.51653455 4.59255455 4.72026865 4.75       4.75
 4.75       4.75       4.75       4.75       4.75       4.7
 4.64       4.48       4.30815493 4.07109567 3.83078655 3.59377787
 3.3535724  3.10972681 2.79010443]",Inner blade chord distribution
rotorse.split.coord_xy_interp_inner,output,,"[[[ 1.00000000e+00 -5.22802288e-16]
  [ 9.99429684e-01 -2.22597407e-02]
  [ 9.98063018e-01 -4.44580349e-02]
  ...
  [ 9.98120489e-01  4.38394581e-02]
  [ 9.99443038e-01  2.19496514e-02]
  [ 1.00000000e+00 -5.26271735e-16]]

 [[ 1.00000000e+00 -4.63811846e-04]
  [ 9.98467173e-01 -2.21760738e-02]
  [ 9.96201019e-01 -4.43513952e-02]
  ...
  [ 9.96776877e-01  4.39179785e-02]
  [ 9.98774657e-01  2.22119245e-02]
  [ 1.00000000e+00  3.03878429e-04]]

 [[ 1.00000000e+00 -3.84926541e-03]
  [ 9.90631439e-01 -2.12435866e-02]
  [ 9.80995553e-01 -4.24457781e-02]
  ...
  [ 9.85613808e-01  4.43560536e-02]
  [ 9.93218520e-01  2.41263074e-02]
  [ 1.00000000e+00  2.83048459e-03]]

 ...

 [[ 1.00000000e+00 -2.46260310e-03]
  [ 9.78938056e-01 -5.76963289e-04]
  [ 9.54288397e-01  1.19753987e-03]
  ...
  [ 9.52128888e-01  1.73475440e-02]
  [ 9.76059052e-01  1.20792142e-02]
  [ 1.00000000e+00  6.85491322e-03]]

 [[ 1.00000000e+00 -2.72690256e-04]
  [ 9.80063869e-01  7.15954847e-04]
  [ 9.55470003e-01  1.86879457e-03]
  ...
  [ 9.52197935e-01  1.66394787e-02]
  [ 9.76093200e-01  1.14596333e-02]
  [ 1.00000000e+00  6.31813343e-03]]

 [[ 1.00000000e+00  2.29180864e-03]
  [ 9.81362427e-01  2.41480801e-03]
  [ 9.56820273e-01  2.87220682e-03]
  ...
  [ 9.52274818e-01  1.56425947e-02]
  [ 9.76130200e-01  1.05873203e-02]
  [ 1.00000000e+00  5.56536480e-03]]]",Inner blade 3D array of the non-dimensional x and y airfoil coordinates of the airfoils interpolated along span for n_span stations.
rotorse.split.web_start_nd_inner,output,,"[[0.19443411 0.19789619 0.1995814  0.29869742 0.31098567 0.32448251
  0.33399992 0.34127527 0.34566252 0.34669277 0.34713247 0.35067402
  0.35439919 0.36569812 0.37274312 0.38232289 0.39148885 0.39896527
  0.40560235 0.41086001 0.41544218]
 [0.19443411 0.19789619 0.1995814  0.24103292 0.25044234 0.26086146
  0.26853677 0.2740762  0.27663037 0.27598468 0.27477686 0.27596579
  0.27726755 0.28439744 0.28696237 0.29046479 0.29309095 0.2937625
  0.29314104 0.29067678 0.28457176]]","Inner blade 2D array of the non-dimensional start point defined along the outer profile of a web. The TE suction side is 0, the TE pressure side is 1. The first dimension represents each web, the second dimension represents each entry along blade span."
rotorse.split.web_end_nd_inner,output,,"[[0.69444351 0.69843353 0.70702196 0.62303187 0.62842173 0.63161008
  0.63612392 0.64039419 0.64243713 0.64265738 0.64287487 0.63990423
  0.63666324 0.6260501  0.62026719 0.61224547 0.6045373  0.59812347
  0.59230543 0.58775308 0.58404968]
 [0.69444351 0.69843353 0.70702196 0.68025763 0.68810309 0.69451453
  0.70133692 0.7078914  0.71197499 0.71396795 0.71585303 0.71515734
  0.7142568  0.70752285 0.70604146 0.70386319 0.70248662 0.7027377
  0.70407455 0.7072081  0.71426697]]","Inner blade 2D array of the non-dimensional end point defined along the outer profile of a web. The TE suction side is 0, the TE pressure side is 1. The first dimension represents each web, the second dimension represents each entry along blade span."
rotorse.split.layer_thickness_inner,output,m,"[[0.001      0.001      0.001      0.001      0.001      0.001
  0.001      0.001      0.001      0.001      0.001      0.001
  0.001      0.001      0.001      0.001      0.001      0.001
  0.001      0.001      0.001     ]
 [0.041      0.033      0.026      0.02       0.015      0.011
  0.00828454 0.00651243 0.00536208 0.00470248 0.00440263 0.00433155
  0.00435823 0.00435168 0.00430703 0.0042194  0.00408392 0.00389572
  0.00364992 0.00334165 0.00286491]
 [0.         0.01036386 0.01802123 0.02536166 0.03206819 0.03782389
  0.04231181 0.045215   0.04621651 0.04569527 0.04403017 0.04160014
  0.03878408 0.03596091 0.03350953 0.03135807 0.02943466 0.02766741
  0.02598444 0.02431388 0.02205491]
 [0.         0.01247806 0.01761157 0.02274509 0.02766418 0.03215441
  0.03600136 0.0389906  0.04090771 0.04153826 0.04110173 0.03981761
  0.0379054  0.03558457 0.03307463 0.03059505 0.02815655 0.02576987
  0.02344572 0.02119482 0.01839689]
 [0.         0.         0.         0.         0.         0.
  0.         0.         0.         0.         0.         0.
  0.         0.         0.         0.         0.         0.
  0.         0.001      0.03442398]
 [0.         0.         0.         0.         0.         0.
  0.         0.         0.         0.         0.         0.
  0.         0.         0.         0.         0.         0.
  0.         0.001      0.03442398]
 [0.         0.         0.00665003 0.00814812 0.00964621 0.0111443
  0.01260256 0.01398116 0.01524026 0.01634003 0.01724065 0.01790228
  0.01832761 0.01851932 0.01848012 0.01821267 0.01771968 0.01700382
  0.01610578 0.01506624 0.01357085]
 [0.         0.         0.02334323 0.02514806 0.0269529  0.02875774
  0.03056258 0.03236741 0.03399538 0.0352696  0.03601321 0.03604932
  0.03520108 0.0332916  0.03059387 0.02738085 0.02392552 0.02050085
  0.01737982 0.0148354  0.01223235]
 [0.         0.         0.02334323 0.02514806 0.0269529  0.02875774
  0.03056258 0.03236741 0.03399538 0.0352696  0.03601321 0.03604932
  0.03520108 0.0332916  0.03059387 0.02738085 0.02392552 0.02050085
  0.01737982 0.0148354  0.01223235]
 [0.         0.         0.01864022 0.02290439 0.02716855 0.03128208
  0.03509432 0.03845464 0.04121238 0.04321692 0.0443176  0.04463178
  0.04427681 0.04337004 0.04202882 0.04037051 0.03851246 0.03646388
  0.03423398 0.03183196 0.02846753]
 [0.         0.         0.01067832 0.01302775 0.01537718 0.0177266
  0.02007603 0.02234366 0.02444771 0.02630638 0.02783787 0.0289604
  0.02959217 0.02979168 0.02961743 0.02912793 0.02838168 0.02743718
  0.02635293 0.02511064 0.02322957]
 [0.         0.         0.01171413 0.01476495 0.01781576 0.02086658
  0.02391739 0.02696821 0.03001902 0.03295299 0.03565325 0.03800297
  0.03988528 0.04118335 0.04178032 0.04172736 0.04107568 0.03987644
  0.03818083 0.03604003 0.03267979]
 [0.         0.         0.03598738 0.04397734 0.05196731 0.05963021
  0.066639   0.07266661 0.07738598 0.08047006 0.08159179 0.08099669
  0.07893026 0.07563804 0.07136553 0.06635826 0.06086173 0.05503573
  0.04904003 0.04303439 0.03547716]
 [0.041      0.033      0.026      0.02       0.01531562 0.01261405
  0.01008929 0.00782972 0.00592376 0.00445981 0.00352627 0.00301625
  0.00282289 0.00283929 0.0029586  0.00307391 0.00307837 0.00299303
  0.00283898 0.00263728 0.00233878]
 [0.         0.         0.         0.00216423 0.00221016 0.00225609
  0.00230203 0.00234796 0.00238579 0.0024074  0.0024047  0.00236957
  0.00229392 0.00216963 0.00201292 0.00184    0.00166708 0.00151037
  0.00138608 0.00131043 0.00127398]
 [0.         0.         0.         0.03748906 0.03611723 0.03474541
  0.0333631  0.03195982 0.0305251  0.02904844 0.02751938 0.02592742
  0.02433745 0.02281437 0.02142306 0.02022841 0.01929532 0.01868866
  0.01834679 0.01820803 0.02      ]
 [0.         0.         0.         0.00207236 0.0021183  0.00216423
  0.00221016 0.00225609 0.00230203 0.00234796 0.00238579 0.0024074
  0.0024047  0.00236957 0.00229392 0.00216963 0.00201292 0.00184
  0.00166708 0.00151037 0.00135893]
 [0.         0.         0.         0.0025176  0.00244513 0.00237266
  0.00230019 0.00222772 0.00215449 0.00207974 0.00200272 0.00192266
  0.0018388  0.00175038 0.00166147 0.0015761  0.00149834 0.00143223
  0.00138184 0.0013512  0.00133655]
 [0.         0.         0.         0.03770661 0.03634612 0.03498563
  0.03361392 0.03221976 0.03079194 0.02931923 0.02779041 0.02619427
  0.02459556 0.02305903 0.02164945 0.02043157 0.02       0.02
  0.02       0.02       0.02      ]
 [0.         0.         0.         0.00266254 0.00259007 0.0025176
  0.00244513 0.00237266 0.00230019 0.00222772 0.00215449 0.00207974
  0.00200272 0.00192266 0.0018388  0.00175038 0.00166147 0.0015761
  0.00149834 0.00143223 0.00137084]]","Inner blade 2D array of the thickness of the layers of the blade structure. The first dimension represents each layer, the second dimension represents each entry along blade span."
rotorse.split.layer_start_nd_inner,output,,"[[0.         0.         0.         0.         0.         0.
  0.         0.         0.         0.         0.         0.
  0.         0.         0.         0.         0.         0.
  0.         0.         0.        ]
 [0.         0.         0.         0.         0.         0.
  0.         0.         0.         0.         0.         0.
  0.         0.         0.         0.         0.         0.
  0.         0.         0.        ]
 [0.16613836 0.16946286 0.16968068 0.23759495 0.2439899  0.25193115
  0.25766523 0.26174662 0.2633434  0.26210837 0.26061866 0.2616315
  0.26295985 0.26995749 0.2725209  0.27588271 0.27838647 0.27891556
  0.27802616 0.2750634  0.26774667]
 [0.66614777 0.6700002  0.67712123 0.62072086 0.62727502 0.63245959
  0.63926867 0.64574535 0.64977998 0.65171232 0.65333451 0.65155042
  0.64924268 0.63950434 0.63444037 0.62711273 0.61986479 0.61356165
  0.60742732 0.60199085 0.59597957]
 [0.19443411 0.19789619 0.1995814  0.20542464 0.21272282 0.2220171
  0.22991051 0.23619816 0.24018571 0.24176774 0.24321802 0.24714692
  0.25147187 0.26147185 0.26715623 0.27388979 0.28019577 0.28503635
  0.289098   0.2692474  0.15010342]
 [0.69444351 0.69843353 0.70702196 0.71607859 0.72704187 0.73490281
  0.74127057 0.74679934 0.74912851 0.748806   0.74793476 0.74442439
  0.74042431 0.73076654 0.7260795  0.72058973 0.71546943 0.71150765
  0.70813245 0.68336649 0.561757  ]
 [0.48905595 0.48893839 0.48796411 0.48706864 0.48668455 0.48576547
  0.48502104 0.48531088 0.48564258 0.4857924  0.48611936 0.48627169
  0.48627317 0.48579129 0.48506303 0.48383156 0.48238805 0.48077685
  0.47894774 0.47684624 0.47359139]
 [0.         0.         0.         0.         0.         0.
  0.         0.         0.         0.         0.         0.
  0.         0.         0.         0.         0.         0.
  0.         0.         0.        ]
 [0.95925412 0.95895293 0.9565692  0.95388656 0.95056337 0.94780072
  0.9455854  0.94397287 0.94256868 0.94189525 0.94165198 0.94093289
  0.94012219 0.93775085 0.9348865  0.93047603 0.92519004 0.92487708
  0.92502404 0.92507998 0.92496879]
 [0.04074588 0.04104707 0.0434308  0.04611344 0.04943663 0.05219928
  0.0544146  0.05602713 0.05743132 0.05810475 0.05834802 0.05906711
  0.05987781 0.06224915 0.0651135  0.06952397 0.07480996 0.07512292
  0.07497596 0.07492002 0.07503121]
 [0.22272986 0.22632952 0.22948212 0.30080193 0.31138242 0.32272784
  0.33028459 0.33580147 0.33842316 0.33783338 0.33690305 0.33920465
  0.34192828 0.35209392 0.35827412 0.36697208 0.37551861 0.38277512
  0.38964944 0.39578046 0.40279588]
 [0.51094271 0.51093158 0.51109232 0.51151394 0.51274861 0.51314609
  0.51310658 0.51395159 0.51467968 0.51507905 0.51562235 0.51627311
  0.5168142  0.51755755 0.51822809 0.51906037 0.51995391 0.52094453
  0.52211804 0.52353357 0.52582167]
 [0.72273926 0.72686687 0.73692268 0.68392783 0.69466754 0.70325628
  0.71188804 0.71980021 0.72485974 0.72743733 0.7296189  0.72912358
  0.72821111 0.72164078 0.72019359 0.71820211 0.71699693 0.71742121
  0.7190506  0.72270791 0.73102878]
 [0.         0.         0.         0.         0.         0.
  0.         0.         0.         0.         0.         0.
  0.         0.         0.         0.05       0.05       0.05
  0.05       0.05       0.05      ]
 [0.         0.         0.         0.         0.         0.
  0.         0.         0.         0.         0.         0.
  0.         0.         0.         0.         0.         0.
  0.         0.         0.        ]
 [0.         0.         0.         0.         0.         0.
  0.         0.         0.         0.         0.         0.
  0.         0.         0.         0.         0.         0.
  0.         0.         0.        ]
 [0.         0.         0.         0.         0.         0.
  0.         0.         0.         0.         0.         0.
  0.         0.         0.         0.         0.         0.
  0.         0.         0.        ]
 [0.         0.         0.         0.         0.         0.
  0.         0.         0.         0.         0.         0.
  0.         0.         0.         0.         0.         0.
  0.         0.         0.        ]
 [0.         0.         0.         0.         0.         0.
  0.         0.         0.         0.         0.         0.
  0.         0.         0.         0.         0.         0.
  0.         0.         0.        ]
 [0.         0.         0.         0.         0.         0.
  0.         0.         0.         0.         0.         0.
  0.         0.         0.         0.         0.         0.
  0.         0.         0.        ]]","Inner blade 2D array of the non-dimensional start point defined along the outer profile of a layer. The TE suction side is 0, the TE pressure side is 1. The first dimension represents each layer, the second dimension represents each entry along blade span."
rotorse.split.layer_end_nd_inner,output,,"[[1.         1.         1.         1.         1.         1.
  1.         1.         1.         1.         1.         1.
  1.         1.         1.         1.         1.         1.
  1.         1.         1.        ]
 [1.         1.         1.         1.         1.         1.
  1.         1.         1.         1.         1.         1.
  1.         1.         1.         1.         1.         1.
  1.         1.         1.        ]
 [0.22272986 0.22632952 0.22948212 0.30080193 0.31138242 0.32272784
  0.33028459 0.33580147 0.33842316 0.33783338 0.33690305 0.33920465
  0.34192828 0.35209392 0.35827412 0.36697208 0.37551861 0.38277512
  0.38964944 0.39578046 0.40279588]
 [0.72273926 0.72686687 0.73692268 0.68392783 0.69466754 0.70325628
  0.71188804 0.71980021 0.72485974 0.72743733 0.7296189  0.72912358
  0.72821111 0.72164078 0.72019359 0.71820211 0.71699693 0.71742121
  0.7190506  0.72270791 0.73102878]
 [0.19443411 0.19789619 0.1995814  0.20542464 0.21272282 0.2220171
  0.22991051 0.23619816 0.24018571 0.24176774 0.24321802 0.24714692
  0.25147187 0.26147185 0.26715623 0.27388979 0.28019577 0.28503635
  0.289098   0.31451629 0.43708299]
 [0.69444351 0.69843353 0.70702196 0.71607859 0.72704187 0.73490281
  0.74127057 0.74679934 0.74912851 0.748806   0.74793476 0.74442439
  0.74042431 0.73076654 0.7260795  0.72058973 0.71546943 0.71150765
  0.70813245 0.72863539 0.84873656]
 [0.51094271 0.51093158 0.51109232 0.51151394 0.51274861 0.51314609
  0.51310658 0.51395159 0.51467968 0.51507905 0.51562235 0.51627311
  0.5168142  0.51755755 0.51822809 0.51906037 0.51995391 0.52094453
  0.52211804 0.52353357 0.52582167]
 [0.04074588 0.04104707 0.0434308  0.04611344 0.04943663 0.05219928
  0.0544146  0.05602713 0.05743132 0.05810475 0.05834802 0.05906711
  0.05987781 0.06224915 0.0651135  0.06952397 0.07480996 0.07512292
  0.07497596 0.07492002 0.07503121]
 [1.         1.         1.         1.         1.         1.
  1.         1.         1.         1.         1.         1.
  1.         1.         1.         1.         1.         1.
  1.         1.         1.        ]
 [0.16613836 0.16946286 0.16968068 0.23759495 0.2439899  0.25193115
  0.25766523 0.26174662 0.2633434  0.26210837 0.26061866 0.2616315
  0.26295985 0.26995749 0.2725209  0.27588271 0.27838647 0.27891556
  0.27802616 0.2750634  0.26774667]
 [0.48905595 0.48893839 0.48796411 0.48706864 0.48668455 0.48576547
  0.48502104 0.48531088 0.48564258 0.4857924  0.48611936 0.48627169
  0.48627317 0.48579129 0.48506303 0.48383156 0.48238805 0.48077685
  0.47894774 0.47684624 0.47359139]
 [0.66614777 0.6700002  0.67712123 0.62072086 0.62727502 0.63245959
  0.63926867 0.64574535 0.64977998 0.65171232 0.65333451 0.65155042
  0.64924268 0.63950434 0.63444037 0.62711273 0.61986479 0.61356165
  0.60742732 0.60199085 0.59597957]
 [0.95925412 0.95895293 0.9565692  0.95388656 0.95056337 0.94780072
  0.9455854  0.94397287 0.94256868 0.94189525 0.94165198 0.94093289
  0.94012219 0.93775085 0.9348865  0.93047603 0.92519004 0.92487708
  0.92502404 0.92507998 0.92496879]
 [1.         1.         1.         1.         1.         1.
  1.         1.         1.         1.         1.         1.
  1.         1.         1.         0.95       0.95       0.95
  0.95       0.95       0.95      ]
 [0.         0.         0.         0.         0.         0.
  0.         0.         0.         0.         0.         0.
  0.         0.         0.         0.         0.         0.
  0.         0.         0.        ]
 [0.         0.         0.         0.         0.         0.
  0.         0.         0.         0.         0.         0.
  0.         0.         0.         0.         0.         0.
  0.         0.         0.        ]
 [0.         0.         0.         0.         0.         0.
  0.         0.         0.         0.         0.         0.
  0.         0.         0.         0.         0.         0.
  0.         0.         0.        ]
 [0.         0.         0.         0.         0.         0.
  0.         0.         0.         0.         0.         0.
  0.         0.         0.         0.         0.         0.
  0.         0.         0.        ]
 [0.         0.         0.         0.         0.         0.
  0.         0.         0.         0.         0.         0.
  0.         0.         0.         0.         0.         0.
  0.         0.         0.        ]
 [0.         0.         0.         0.         0.         0.
  0.         0.         0.         0.         0.         0.
  0.         0.         0.         0.         0.         0.
  0.         0.         0.        ]]","Inner blade 2D array of the non-dimensional end point defined along the outer profile of a layer. The TE suction side is 0, the TE pressure side is 1. The first dimension represents each layer, the second dimension represents each entry along blade span."
rotorse.split.blade_length_outer,output,m,[30.05264797],Length of outer blade portion
rotorse.split.s_outer,output,,"[0.         0.08045977 0.1954023  0.31034483 0.42528736 0.54022989
 0.65517241 0.77011494 0.88505747 1.        ]",Outer blade nondimensional span location
rotorse.split.chord_outer,output,m,"[2.79010443 2.61780457 2.37255549 2.12536608 1.87360817 1.6133977
 1.34551447 1.07050448 0.78813172 0.5       ]",Outer blade chord distribution
rotorse.split.coord_xy_interp_outer,output,,"[[[1.00000000e+00 2.29180864e-03]
  [9.81362427e-01 2.41480801e-03]
  [9.56820273e-01 2.87220682e-03]
  ...
  [9.52274818e-01 1.56425947e-02]
  [9.76130200e-01 1.05873203e-02]
  [1.00000000e+00 5.56536480e-03]]

 [[1.00000000e+00 3.37948426e-03]
  [9.81907667e-01 3.41070179e-03]
  [9.57383654e-01 3.55340084e-03]
  ...
  [9.52308532e-01 1.50382979e-02]
  [9.76145533e-01 1.00604661e-02]
  [1.00000000e+00 5.11552050e-03]]

 [[1.00000000e+00 4.23111514e-03]
  [9.82331973e-01 4.21406208e-03]
  [9.57820373e-01 4.20422714e-03]
  ...
  [9.52342585e-01 1.40441932e-02]
  [9.76158891e-01 9.19923406e-03]
  [1.00000000e+00 4.39165819e-03]]

 ...

 [[1.00000000e+00 2.99243424e-04]
  [9.76715850e-01 2.78508494e-03]
  [9.52832571e-01 4.62553820e-03]
  ...
  [9.52575171e-01 9.64309571e-03]
  [9.76267770e-01 4.94496385e-03]
  [1.00000000e+00 2.99243424e-04]]

 [[1.00000000e+00 7.60311480e-05]
  [9.76692547e-01 2.94939444e-03]
  [9.52952126e-01 4.97097005e-03]
  ...
  [9.52775619e-01 1.06814382e-02]
  [9.76380589e-01 5.38373218e-03]
  [1.00000000e+00 7.60311480e-05]]

 [[1.00000000e+00 1.76276899e-06]
  [9.76685164e-01 3.14692752e-03]
  [9.53182640e-01 5.22846152e-03]
  ...
  [9.52998460e-01 1.22336784e-02]
  [9.76506117e-01 6.17134718e-03]
  [1.00000000e+00 1.76276899e-06]]]",Outer blade 3D array of the non-dimensional x and y airfoil coordinates of the airfoils interpolated along span for n_span stations.
rotorse.split.web_start_nd_outer,output,,"[[0.41544218 0.4168685  0.41765577 0.4178254  0.41762105 0.41607536
  0.41231162 0.40526033 0.3917786  0.24523263]
 [0.28457176 0.27993725 0.27169063 0.26196135 0.25052713 0.23573882
  0.21583323 0.18757385 0.14241967 0.24523263]]","Outer blade 2D array of the non-dimensional start point defined along the outer profile of a web. The TE suction side is 0, the TE pressure side is 1. The first dimension represents each web, the second dimension represents each entry along blade span."
rotorse.split.web_end_nd_outer,output,,"[[0.58404968 0.58314037 0.58330853 0.58418287 0.58515575 0.58696589
  0.59069424 0.59757143 0.61087894 0.75672069]
 [0.71426697 0.71950425 0.72886409 0.73974775 0.75193557 0.76675484
  0.78613106 0.8134791  0.85758675 0.75672069]]","Outer blade 2D array of the non-dimensional end point defined along the outer profile of a web. The TE suction side is 0, the TE pressure side is 1. The first dimension represents each web, the second dimension represents each entry along blade span."
rotorse.split.layer_thickness_outer,output,m,"[[ 1.00000000e-03  1.00000000e-03  1.00000000e-03  1.00000000e-03
   1.00000000e-03  1.00000000e-03  1.00000000e-03  1.00000000e-03
   1.00000000e-03  1.00000000e-03]
 [ 2.86491152e-03  2.57935592e-03  2.14614940e-03  1.69211977e-03
   1.22767857e-03  1.00000000e-03  1.00000000e-03  1.00000000e-03
   1.00000000e-03  1.00000000e-03]
 [ 2.20549123e-02  2.08042751e-02  1.89850461e-02  1.71360827e-02
   1.52672963e-02  1.33885984e-02  1.15099005e-02  9.63120264e-03
   7.75250477e-03  5.87380689e-03]
 [ 1.83968865e-02  1.69556653e-02  1.49623503e-02  1.30321660e-02
   1.11493299e-02  9.29805909e-03  7.46257101e-03  5.62708293e-03
   3.79159485e-03  1.95610677e-03]
 [ 3.44239839e-02  1.00000000e-03 -8.13151629e-20  0.00000000e+00
   0.00000000e+00  0.00000000e+00  0.00000000e+00  0.00000000e+00
   0.00000000e+00  0.00000000e+00]
 [ 3.44239839e-02  1.00000000e-03 -8.13151629e-20  0.00000000e+00
   0.00000000e+00  0.00000000e+00  0.00000000e+00  0.00000000e+00
   0.00000000e+00  0.00000000e+00]
 [ 1.35708454e-02  1.27253309e-02  1.15053236e-02  1.03065158e-02
   9.12537420e-03  7.95836553e-03  6.80195656e-03  5.65261407e-03
   4.50680481e-03  3.36099555e-03]
 [ 1.22323494e-02  1.10919834e-02  9.70078471e-03  8.50178952e-03
   7.39889612e-03  6.29600271e-03  5.19310930e-03  4.09021589e-03
   2.98732248e-03 -6.50521303e-19]
 [ 1.22323494e-02  1.10919834e-02  9.70078471e-03  8.50178952e-03
   7.39889612e-03  6.29600271e-03  5.19310930e-03  4.09021589e-03
   2.98732248e-03 -6.50521303e-19]
 [ 2.84675254e-02  2.65484460e-02  2.36853660e-02  2.07018877e-02
   1.76220907e-02  1.44700547e-02  1.12698594e-02  8.04558436e-03
   4.82130936e-03  1.59703436e-03]
 [ 2.32295708e-02  2.20787956e-02  2.02526601e-02  1.81953304e-02
   1.58885175e-02  1.33738018e-02  1.06927639e-02  7.88698432e-03
   4.99804368e-03  2.06752250e-03]
 [ 3.26797937e-02  3.06420809e-02  2.75162660e-02  2.41934479e-02
   2.07392943e-02  1.72194730e-02  1.36996517e-02  1.01798304e-02
   6.66000904e-03  3.14018771e-03]
 [ 3.54771595e-02  3.16324086e-02  2.65556105e-02  2.18699671e-02
   1.74972473e-02  1.33592202e-02  9.37765500e-03  5.47432071e-03
   1.57098642e-03  1.00000000e-03]
 [ 2.33877707e-03  2.17523163e-03  1.95702453e-03  1.75179189e-03
   1.55693882e-03  1.36987043e-03  1.18799183e-03  1.00870812e-03
   1.00000000e-03  1.00000000e-03]
 [ 1.27397979e-03  1.27259912e-03  1.29421439e-03  1.33204112e-03
   1.37797357e-03  1.42390602e-03  1.46983847e-03  1.51577093e-03
   1.56170338e-03  1.08420217e-19]
 [ 2.00000000e-02  2.00000000e-02  2.00000000e-02  2.00000000e-02
   2.00000000e-02  2.00000000e-02  2.00000000e-02  2.00000000e-02
   2.00000000e-02  6.93889390e-18]
 [ 1.35893442e-03  1.31042584e-03  1.27530103e-03  1.27259912e-03
   1.29421439e-03  1.33204112e-03  1.37797357e-03  1.42390602e-03
   1.46983847e-03  1.08420217e-19]
 [ 1.33654766e-03  1.33604234e-03  1.34493101e-03  1.36040697e-03
   1.37917659e-03  1.39794620e-03  1.41671582e-03  1.43548543e-03
   1.45425505e-03  2.16840434e-19]
 [ 2.00000000e-02  2.00000000e-02  2.00000000e-02  2.00000000e-02
   2.00000000e-02  2.00000000e-02  2.00000000e-02  2.00000000e-02
   2.00000000e-02  6.93889390e-18]
 [ 1.37083839e-03  1.35120150e-03  1.33703462e-03  1.33604234e-03
   1.34493101e-03  1.36040697e-03  1.37917659e-03  1.39794620e-03
   1.41671582e-03  6.50521303e-19]]","Outer blade 2D array of the thickness of the layers of the blade structure. The first dimension represents each layer, the second dimension represents each entry along blade span."
rotorse.split.layer_start_nd_outer,output,,"[[0.         0.         0.         0.         0.         0.
  0.         0.         0.         0.        ]
 [0.         0.         0.         0.         0.         0.
  0.         0.         0.         0.        ]
 [0.26774667 0.26207131 0.25166728 0.23859669 0.22787547 0.21289915
  0.19074836 0.15633559 0.10381686 0.08009451]
 [0.59597957 0.59311662 0.58936694 0.58623052 0.58444769 0.58188815
  0.57826958 0.57270573 0.57374879 0.59684729]
 [0.15010342 0.26666678 0.29305679 0.29210644 0.29106461 0.28898449
  0.28527264 0.2791944  0.26861133 0.24523263]
 [0.561757   0.67870736 0.70762202 0.70993719 0.71208585 0.71470344
  0.71851623 0.72434806 0.73434916 0.75672069]
 [0.47359139 0.47152324 0.46807164 0.4638829  0.45854522 0.4511866
  0.44595877 0.44467843 0.44324233 0.44179699]
 [0.         0.         0.         0.         0.         0.
  0.         0.         0.         0.        ]
 [0.92496879 0.92485823 0.92470421 0.92478851 0.93005609 0.93027525
  0.93045139 0.93065362 0.93081265 0.93112403]
 [0.07503121 0.07514177 0.07529579 0.07521149 0.06994391 0.06972475
  0.06954861 0.06934638 0.06918735 0.06887597]
 [0.40279588 0.40631466 0.41134025 0.41753853 0.41993132 0.42260813
  0.42604197 0.43129105 0.43340579 0.41037074]
 [0.52582167 0.52730935 0.52982516 0.53308866 0.53739617 0.54310325
  0.54601304 0.54471542 0.54334969 0.54177825]
 [0.73102878 0.73735997 0.74903991 0.76192904 0.77438828 0.79040881
  0.81299166 0.84716618 0.89494952 0.91659409]
 [0.05       0.05       0.05       0.05       0.05       0.05
  0.04       0.05       0.05       0.05      ]
 [0.         0.         0.         0.         0.         0.
  0.         0.         0.         0.        ]
 [0.         0.         0.         0.         0.         0.
  0.         0.         0.         0.        ]
 [0.         0.         0.         0.         0.         0.
  0.         0.         0.         0.        ]
 [0.         0.         0.         0.         0.         0.
  0.         0.         0.         0.        ]
 [0.         0.         0.         0.         0.         0.
  0.         0.         0.         0.        ]
 [0.         0.         0.         0.         0.         0.
  0.         0.         0.         0.        ]]","Outer blade 2D array of the non-dimensional start point defined along the outer profile of a layer. The TE suction side is 0, the TE pressure side is 1. The first dimension represents each layer, the second dimension represents each entry along blade span."
rotorse.split.layer_end_nd_outer,output,,"[[1.         1.         1.         1.         1.         1.
  1.         1.         1.         1.        ]
 [1.         1.         1.         1.         1.         1.
  1.         1.         1.         1.        ]
 [0.40279588 0.40631466 0.41134025 0.41753853 0.41993132 0.42260813
  0.42604197 0.43129105 0.43340579 0.41037074]
 [0.73102878 0.73735997 0.74903991 0.76192904 0.77438828 0.79040881
  0.81299166 0.84716618 0.89494952 0.91659409]
 [0.43708299 0.32075803 0.29305679 0.29210644 0.29106461 0.28898449
  0.28527264 0.2791944  0.26861133 0.24523263]
 [0.84873656 0.73279862 0.70762202 0.70993719 0.71208585 0.71470344
  0.71851623 0.72434806 0.73434916 0.75672069]
 [0.52582167 0.52730935 0.52982516 0.53308866 0.53739617 0.54310325
  0.54601304 0.54471542 0.54334969 0.54177825]
 [0.07503121 0.07514177 0.07529579 0.07521149 0.06994391 0.06972475
  0.06954861 0.06934638 0.06918735 0.06887597]
 [1.         1.         1.         1.         1.         1.
  1.         1.         1.         1.        ]
 [0.26774667 0.26207131 0.25166728 0.23859669 0.22787547 0.21289915
  0.19074836 0.15633559 0.10381686 0.08009451]
 [0.47359139 0.47152324 0.46807164 0.4638829  0.45854522 0.4511866
  0.44595877 0.44467843 0.44324233 0.44179699]
 [0.59597957 0.59311662 0.58936694 0.58623052 0.58444769 0.58188815
  0.57826958 0.57270573 0.57374879 0.59684729]
 [0.92496879 0.92485823 0.92470421 0.92478851 0.93005609 0.93027525
  0.93045139 0.93065362 0.93081265 0.93112403]
 [0.95       0.95       0.95       0.95       0.95       0.95
  0.95       0.95       0.95       0.95      ]
 [0.         0.         0.         0.         0.         0.
  0.         0.         0.         0.        ]
 [0.         0.         0.         0.         0.         0.
  0.         0.         0.         0.        ]
 [0.         0.         0.         0.         0.         0.
  0.         0.         0.         0.        ]
 [0.         0.         0.         0.         0.         0.
  0.         0.         0.         0.        ]
 [0.         0.         0.         0.         0.         0.
  0.         0.         0.         0.        ]
 [0.         0.         0.         0.         0.         0.
  0.         0.         0.         0.        ]]","Outer blade 2D array of the non-dimensional end point defined along the outer profile of a layer. The TE suction side is 0, the TE pressure side is 1. The first dimension represents each layer, the second dimension represents each entry along blade span."
rotorse.stall_check.no_stall_constraint,output,,"[0.         0.         0.         0.         0.         0.
 0.         0.80626394 0.76369157 0.67931336 0.58594255 0.50629773
 0.44843241 0.40653769 0.39197097 0.39479765 0.40233607 0.40926573
 0.41677801 0.42681568 0.44698962 0.46350767 0.50013934 0.55271084
 0.61524694 0.66779022 0.71096451 0.75158551 0.7863201  0.80647002]","Constraint, ratio between angle of attack plus a margin and stall angle"
rotorse.stall_check.stall_angle_along_span,output,deg,"[1.00000000e-06 5.43088786e+01 4.33830942e+01 3.53406176e+01
 2.85478926e+01 1.91830705e+01 1.61684360e+01 1.49314621e+01
 1.44415713e+01 1.43901333e+01 1.48309312e+01 1.54295215e+01
 1.58618219e+01 1.63502005e+01 1.64761060e+01 1.64847313e+01
 1.64861498e+01 1.64696852e+01 1.64398786e+01 1.63987234e+01
 1.63278842e+01 1.62802306e+01 1.61973712e+01 1.59855216e+01
 1.56319779e+01 1.54772757e+01 1.54126247e+01 1.52996082e+01
 1.51187977e+01 1.48837046e+01]",Stall angle along blade span
rotorse.total_bc.total_blade_cost,output,USD,[583258.97038238],"Total blade cost (variable and fixed). For segmented blades, this is the total of inner+outer+joint"
