variables,type,units,values,description
floatingse.Hsig_wave,input,m,6.0,
floatingse.survival_heel,input,rad,0.17453292519943295,
floatingse.transition_node,input,m,"[0.0, 0.0, 10.0]",
floatingse.transition_piece_mass,input,kg,0.0,
floatingse.mooring_fairlead_joints,input,m,"[[0.0, 0.0, 0.0], [0.0, 0.0, 0.0], [0.0, 0.0, 0.0]]",
floatingse.yaw,input,deg,0.0,
floatingse.rho_water,input,kg/m**3,1025.0,
floatingse.z0,input,m,0.0,
floatingse.water_depth,input,m,-320.0,
floatingse.Uc,input,m/s,0.0,mean current speed
floatingse.Tsig_wave,input,s,10.0,
floatingse.beta_wave,input,deg,0.0,
floatingse.mu_water,input,kg/m/s,0.0013351,
floatingse.env.Uref,input,m/s,0.0,
floatingse.shearExp,input,,0.11,
floatingse.beta_wind,input,deg,0.0,
floatingse.rho_air,input,kg/m**3,1.225,
floatingse.mu_air,input,kg/m/s,1.81e-05,
floatingse.rna_mass,input,kg,285598.8,
floatingse.rna_I,input,kg*m**2,"[114930678.0, 22035403.0, 18759742.5, 0.0, 503710.467, 0.0]",
floatingse.rna_cg,input,m,"[-1.13197635, 0.0, 0.50875268]",
floatingse.transition_piece_cost,input,USD,0.0,
floatingse.member0.s_in,input,,"[0.0, 0.38462, 0.4, 0.8308, 0.8923, 1.0]",
floatingse.member0.s_const1,input,,0.0,
floatingse.member0.s_const2,input,,0.0,
floatingse.E_mat,input,Pa,"[[3440000000.0, 3440000000.0, 3440000000.0], [41800000000.0, 14000000000.0, 2630000000.0], [27700000000.0, 13650000000.0, 7200000000.0], [13600000000.0, 13300000000.0, 11800000000.0], [200000000000.0, 200000000000.0, 200000000000.0], [205000000000.0, 205000000000.0, 205000000000.0], [118000000000.0, 118000000000.0, 118000000000.0], [98460000.0, 98460000.0, 98460000.0], [114500000000.0, 8390000000.0, 5990000000.0], [1000000.0, 1000000.0, 1000000.0], [1.0, 1.0, 1.0], [4560000.0, 4560000.0, 4560000.0]]",
floatingse.member0.E_user,input,Pa,0.0,
floatingse.G_mat,input,Pa,"[[1323000000.0, 1323000000.0, 1323000000.0], [2630000000.0, 2630000000.0, 2630000000.0], [7200000000.0, 7200000000.0, 7200000000.0], [11800000000.0, 11800000000.0, 11800000000.0], [79300000000.0, 79300000000.0, 79300000000.0], [80000000000.0, 80000000000.0, 80000000000.0], [47600000000.0, 47600000000.0, 47600000000.0], [98460000.0, 98460000.0, 98460000.0], [5990000000.0, 5990000000.0, 5990000000.0], [384615.3846153846, 384615.3846153846, 384615.3846153846], [1.0, 1.0, 1.0], [1520000.0, 1520000.0, 1520000.0]]",
floatingse.sigma_y_mat,input,Pa,"[0.0, 0.0, 0.0, 0.0, 345000000.0, 485000000.0, 265000000.0, 0.0, 0.0, 0.0, 0.0, 0.0]",
floatingse.sigma_ult_mat,input,Pa,"[[74000000.0, 74000000.0, 74000000.0], [1060000000.0, 66300000.0, 26600000.0], [54500000.0, 54500000.0, 26600000.0], [54470000.0, 54470000.0, 26600000.0], [450000000.0, 450000000.0, 450000000.0], [814000000.0, 814000000.0, 814000000.0], [310000000.0, 310000000.0, 310000000.0], [6040000.0, 6040000.0, 6040000.0], [2236000000.0, 0.0, 0.0], [61510000.0, 61510000.0, 61510000.0], [0.0, 0.0, 0.0], [690000.0, 690000.0, 690000.0]]",
floatingse.wohler_exp_mat,input,,"[1.0, 10.0, 10.0, 10.0, 3.0, 3.0, 3.0, 1.0, 16.1, 1.0, 1.0, 1.0]",
floatingse.wohler_A_mat,input,,"[87000000.0, 1060000000.0, 197000000.0, 197000000.0, 35534648443.719765, 35534648443.719765, 310000000.0, 6040000.0, 2236000000.0, 65360000.0, 0.0, 690000.0]",
floatingse.rho_mat,input,kg/m**3,"[1235.0, 1920.0, 1850.0, 1780.0, 7800.0, 7850.0, 7200.0, 200.0, 1220.0, 1150.0, 5000.0, 1100.0]",
floatingse.unit_cost_mat,input,USD/kg,"[7.23, 1.87, 2.86, 3.0, 0.7, 0.9, 0.5, 13.0, 30.0, 3.63, 1.0, 9.0]",
floatingse.member0.outfitting_factor_in,input,,1.0,
floatingse.member0.layer_materials,input,n/a,steel,
floatingse.member0.ballast_materials,input,n/a,"['slurry', 'seawater']",
floatingse.material_names,input,n/a,"['Gelcoat', 'glassUD', 'glassTri', 'glassDB', 'steel', 'steel_drive', 'cast_iron', 'FOAM', 'CarbonUD', 'resin', 'slurry', 'adhesive']",
floatingse.labor_cost_rate,input,USD/min,0.98,
floatingse.painting_cost_rate,input,USD/m**2,30.0,
floatingse.member0.grid_axial_joints,input,,0.38462,
floatingse.member0.bulkhead_grid,input,,"[0.0, 0.1, 0.5, 0.8308, 1.0]",
floatingse.member0.bulkhead_thickness,input,m,"[0.1, 0.05, 0.05, 0.05, 0.05]",
floatingse.member0.ring_stiffener_web_height,input,m,0.0,
floatingse.member0.ring_stiffener_web_thickness,input,m,0.0,
floatingse.member0.ring_stiffener_flange_width,input,m,0.0,
floatingse.member0.ring_stiffener_flange_thickness,input,m,0.0,
floatingse.member0.ring_stiffener_spacing,input,,0.0,
floatingse.member0.axial_stiffener_web_height,input,m,0.0,
floatingse.member0.axial_stiffener_web_thickness,input,m,0.0,
floatingse.member0.axial_stiffener_flange_width,input,m,0.0,
floatingse.member0.axial_stiffener_flange_thickness,input,m,0.0,
floatingse.member0.axial_stiffener_spacing,input,rad,0.0,
floatingse.member0.ballast_grid,input,,"[[0.0, 0.4], [0.4, 1.0]]",
floatingse.member0.ballast_volume,input,m**3,"[900.0, 0.0]",
floatingse.member0:mass_user,input,kg,0.0,
floatingse.member1.s_in,input,,"[0.0, 1.0]",
floatingse.member1.s_const1,input,,0.0,
floatingse.member1.s_const2,input,,0.0,
floatingse.member1.E_user,input,Pa,0.0,
floatingse.member1.outfitting_factor_in,input,,1.0,
floatingse.member1.layer_materials,input,n/a,steel,
floatingse.member1.ballast_materials,input,n/a,[],
floatingse.member1.grid_axial_joints,input,,[],
floatingse.member1.bulkhead_grid,input,,"[0.0, 1.0]",
floatingse.member1.bulkhead_thickness,input,m,"[0.02, 0.02]",
floatingse.member1.ring_stiffener_web_height,input,m,0.0,
floatingse.member1.ring_stiffener_web_thickness,input,m,0.0,
floatingse.member1.ring_stiffener_flange_width,input,m,0.0,
floatingse.member1.ring_stiffener_flange_thickness,input,m,0.0,
floatingse.member1.ring_stiffener_spacing,input,,0.0,
floatingse.member1.axial_stiffener_web_height,input,m,0.0,
floatingse.member1.axial_stiffener_web_thickness,input,m,0.0,
floatingse.member1.axial_stiffener_flange_width,input,m,0.0,
floatingse.member1.axial_stiffener_flange_thickness,input,m,0.0,
floatingse.member1.axial_stiffener_spacing,input,rad,0.0,
floatingse.member1.ballast_grid,input,,[],
floatingse.member1.ballast_volume,input,m**3,[],
floatingse.member1:mass_user,input,kg,0.0,
floatingse.member2.s_in,input,,"[0.0, 1.0]",
floatingse.member2.s_const1,input,,0.0,
floatingse.member2.s_const2,input,,0.0,
floatingse.member2.E_user,input,Pa,0.0,
floatingse.member2.outfitting_factor_in,input,,1.0,
floatingse.member2.layer_materials,input,n/a,steel,
floatingse.member2.ballast_materials,input,n/a,[],
floatingse.member2.grid_axial_joints,input,,[],
floatingse.member2.bulkhead_grid,input,,"[0.0, 1.0]",
floatingse.member2.bulkhead_thickness,input,m,"[0.02, 0.02]",
floatingse.member2.ring_stiffener_web_height,input,m,0.0,
floatingse.member2.ring_stiffener_web_thickness,input,m,0.0,
floatingse.member2.ring_stiffener_flange_width,input,m,0.0,
floatingse.member2.ring_stiffener_flange_thickness,input,m,0.0,
floatingse.member2.ring_stiffener_spacing,input,,0.0,
floatingse.member2.axial_stiffener_web_height,input,m,0.0,
floatingse.member2.axial_stiffener_web_thickness,input,m,0.0,
floatingse.member2.axial_stiffener_flange_width,input,m,0.0,
floatingse.member2.axial_stiffener_flange_thickness,input,m,0.0,
floatingse.member2.axial_stiffener_spacing,input,rad,0.0,
floatingse.member2.ballast_grid,input,,[],
floatingse.member2.ballast_volume,input,m**3,[],
floatingse.member2:mass_user,input,kg,0.0,
floatingse.member3.s_in,input,,"[0.0, 1.0]",
floatingse.member3.s_const1,input,,0.0,
floatingse.member3.s_const2,input,,0.0,
floatingse.member3.E_user,input,Pa,0.0,
floatingse.member3.outfitting_factor_in,input,,1.0,
floatingse.member3.layer_materials,input,n/a,steel,
floatingse.member3.ballast_materials,input,n/a,[],
floatingse.member3.grid_axial_joints,input,,[],
floatingse.member3.bulkhead_grid,input,,"[0.0, 1.0]",
floatingse.member3.bulkhead_thickness,input,m,"[0.02, 0.02]",
floatingse.member3.ring_stiffener_web_height,input,m,0.0,
floatingse.member3.ring_stiffener_web_thickness,input,m,0.0,
floatingse.member3.ring_stiffener_flange_width,input,m,0.0,
floatingse.member3.ring_stiffener_flange_thickness,input,m,0.0,
floatingse.member3.ring_stiffener_spacing,input,,0.0,
floatingse.member3.axial_stiffener_web_height,input,m,0.0,
floatingse.member3.axial_stiffener_web_thickness,input,m,0.0,
floatingse.member3.axial_stiffener_flange_width,input,m,0.0,
floatingse.member3.axial_stiffener_flange_thickness,input,m,0.0,
floatingse.member3.axial_stiffener_spacing,input,rad,0.0,
floatingse.member3.ballast_grid,input,,[],
floatingse.member3.ballast_volume,input,m**3,[],
floatingse.member3:mass_user,input,kg,0.0,
floatingse.anchor_mass,input,kg,0.0,
floatingse.anchor_cost,input,USD,0.0,
floatingse.anchor_max_vertical_load,input,N,1e+30,
floatingse.anchor_max_lateral_load,input,N,1e+30,
floatingse.line_mass_density_coeff,input,kg/m**3,0.0,
floatingse.line_stiffness_coeff,input,N/m**2,0.0,
floatingse.line_breaking_load_coeff,input,N/m**2,0.0,
floatingse.line_cost_rate_coeff,input,USD/m**3,0.0,
floatingse.max_surge_fraction,input,,0.1,
floatingse.operational_heel,input,rad,0.17453292519943295,
tcc.main_bearing_mass,input,kg,0.0,
tcc.bearing_mass_cost_coeff,input,USD/kg,4.5,
tcc.bedplate_mass,input,kg,0.0,
tcc.bedplate_mass_cost_coeff,input,USD/kg,2.9,
tcc.blade_mass,input,kg,0.0,
tcc.blade_mass_cost_coeff,input,USD/kg,14.6,
tcc.blade_cost_external,input,USD,0.0,
tcc.brake_mass,input,kg,0.0,
tcc.brake_mass_cost_coeff,input,USD/kg,3.6254,
tcc.machine_rating,input,kW,5000.0,
tcc.controls_machine_rating_cost_coeff,input,USD/kW,21.15,
tcc.converter_mass,input,kg,0.0,
tcc.converter_mass_cost_coeff,input,USD/kg,18.8,
tcc.cover_mass,input,kg,0.0,
tcc.cover_mass_cost_coeff,input,USD/kg,5.7,
tcc.elec_connec_machine_rating_cost_coeff,input,USD/kW,41.85,
tcc.gearbox_mass,input,kg,0.0,
tcc.gearbox_torque_density,input,N*m/kg,200.0,"In 2024, modern 5-7MW gearboxes are able to reach 200 Nm/kg"
tcc.gearbox_torque_cost,input,USD/kN/m,50.0,"In 2024, modern 5-7MW gearboxes cost approx $50/kNm"
tcc.generator_mass,input,kg,0.0,
tcc.generator_mass_cost_coeff,input,USD/kg,12.4,
tcc.generator_cost_external,input,USD,0.0,
tcc.hss_mass,input,kg,0.0,
tcc.hss_mass_cost_coeff,input,USD/kg,6.8,
tcc.hub_mass,input,kg,0.0,
tcc.pitch_system_mass,input,kg,0.0,
tcc.spinner_mass,input,kg,0.0,
tcc.hub_assemblyCostMultiplier,input,,0.0,
tcc.hub_overheadCostMultiplier,input,,0.0,
tcc.hub_profitMultiplier,input,,0.0,
tcc.hub_transportMultiplier,input,,0.0,
tcc.hub_mass_cost_coeff,input,USD/kg,3.9,
tcc.hvac_mass,input,kg,0.0,
tcc.hvac_mass_cost_coeff,input,USD/kg,124.0,
tcc.lss_mass,input,kg,0.0,
tcc.lss_mass_cost_coeff,input,USD/kg,11.9,
tcc.yaw_mass,input,kg,0.0,
tcc.platforms_mass,input,kg,0.0,
tcc.transformer_mass,input,kg,0.0,
tcc.nacelle_assemblyCostMultiplier,input,,0.0,
tcc.nacelle_overheadCostMultiplier,input,,0.0,
tcc.nacelle_profitMultiplier,input,,0.0,
tcc.nacelle_transportMultiplier,input,,0.0,
tcc.main_bearing_number,input,n/a,2,
tcc.pitch_system_mass_cost_coeff,input,USD/kg,22.1,
tcc.platforms_mass_cost_coeff,input,USD/kg,17.1,
tcc.crane_cost,input,USD,12000.0,
tcc.crane,input,n/a,False,
tcc.blade_number,input,n/a,3,
tcc.spinner_mass_cost_coeff,input,USD/kg,11.1,
tcc.tower_assemblyCostMultiplier,input,,0.0,
tcc.tower_overheadCostMultiplier,input,,0.0,
tcc.tower_profitMultiplier,input,,0.0,
tcc.tower_transportMultiplier,input,,0.0,
tcc.tower_mass_cost_coeff,input,USD/kg,2.9,
tcc.transformer_mass_cost_coeff,input,USD/kg,18.8,
tcc.turbine_assemblyCostMultiplier,input,,0.0,
tcc.turbine_overheadCostMultiplier,input,,0.0,
tcc.turbine_profitMultiplier,input,,0.0,
tcc.turbine_transportMultiplier,input,,0.0,
tcc.yaw_mass_cost_coeff,input,USD/kg,8.3,
towerse.env.distLoads.waveLoads_Px,input,N/m,"[0.0, 0.0, 0.0, 0.0, 0.0, 0.0, 0.0, 0.0, 0.0, 0.0, 0.0, 0.0, 0.0, 0.0, 0.0, 0.0, 0.0, 0.0, 0.0, 0.0, 0.0, 0.0, 0.0, 0.0, 0.0, 0.0, 0.0, 0.0, 0.0, 0.0, 0.0]",
towerse.env.distLoads.waveLoads_Py,input,N/m,"[0.0, 0.0, 0.0, 0.0, 0.0, 0.0, 0.0, 0.0, 0.0, 0.0, 0.0, 0.0, 0.0, 0.0, 0.0, 0.0, 0.0, 0.0, 0.0, 0.0, 0.0, 0.0, 0.0, 0.0, 0.0, 0.0, 0.0, 0.0, 0.0, 0.0, 0.0]",
towerse.env.distLoads.waveLoads_Pz,input,N/m,"[0.0, 0.0, 0.0, 0.0, 0.0, 0.0, 0.0, 0.0, 0.0, 0.0, 0.0, 0.0, 0.0, 0.0, 0.0, 0.0, 0.0, 0.0, 0.0, 0.0, 0.0, 0.0, 0.0, 0.0, 0.0, 0.0, 0.0, 0.0, 0.0, 0.0, 0.0]",
towerse.env.distLoads.waveLoads_qdyn,input,N/m**2,"[0.0, 0.0, 0.0, 0.0, 0.0, 0.0, 0.0, 0.0, 0.0, 0.0, 0.0, 0.0, 0.0, 0.0, 0.0, 0.0, 0.0, 0.0, 0.0, 0.0, 0.0, 0.0, 0.0, 0.0, 0.0, 0.0, 0.0, 0.0, 0.0, 0.0, 0.0]",
towerse.env.distLoads.waveLoads_z,input,m,"[0.0, 0.0, 0.0, 0.0, 0.0, 0.0, 0.0, 0.0, 0.0, 0.0, 0.0, 0.0, 0.0, 0.0, 0.0, 0.0, 0.0, 0.0, 0.0, 0.0, 0.0, 0.0, 0.0, 0.0, 0.0, 0.0, 0.0, 0.0, 0.0, 0.0, 0.0]",
towerse.env.distLoads.waveLoads_beta,input,deg,0.0,
towerse.yaw,input,deg,0.0,
towerse.env.Uref,input,m/s,11.73732,
towerse.z0,input,m,0.0,
towerse.shearExp,input,,0.11,
towerse.beta_wind,input,deg,0.0,
towerse.rho_air,input,kg/m**3,1.225,
towerse.mu_air,input,kg/m/s,1.81e-05,
towerse.cd_usr,input,,"[-1.0, -1.0, -1.0, -1.0, -1.0, -1.0, -1.0, -1.0, -1.0, -1.0, -1.0, -1.0, -1.0, -1.0, -1.0, -1.0, -1.0, -1.0, -1.0, -1.0, -1.0, -1.0, -1.0, -1.0, -1.0, -1.0, -1.0, -1.0, -1.0, -1.0, -1.0]",
towerse.s_all,input,,"[0.0, 0.0, 0.0, 0.0, 0.0, 0.0, 0.0, 0.0, 0.0, 0.0, 0.0, 0.0, 0.0, 0.0, 0.0, 0.0, 0.0, 0.0, 0.0, 0.0, 0.0, 0.0, 0.0, 0.0, 0.0, 0.0, 0.0, 0.0, 0.0, 0.0, 0.0]",
towerse.rna_mass,input,kg,285598.8,
towerse.rna_I,input,kg*m**2,"[114930678.0, 22035403.0, 18759742.5, 0.0, 503710.467, 0.0]",
towerse.rna_cg,input,m,"[-1.13197635, 0.0, 0.50875268]",
towerse.tower.rna_F,input,N,"[[1284744.19620519], [0.0], [-2914124.84400512]]",
towerse.tower.rna_M,input,N*m,"[[3963732.76208099], [-2275104.79420872], [-346781.68192839]]",
towerse.member.ca_usr_grid,input,,"[0.0, 0.0, 0.0, 0.0, 0.0, 0.0, 0.0, 0.0, 0.0, 0.0, 0.0]",
towerse.member.cd_usr_grid,input,,"[0.0, 0.0, 0.0, 0.0, 0.0, 0.0, 0.0, 0.0, 0.0, 0.0, 0.0]",
towerse.rho_water,input,kg/m**3,0.0,
towerse.member.s_ghost1,input,,0.0,
towerse.member.s_ghost2,input,,1.0,
towerse.member.s_const1,input,,0.0,
towerse.member.s_const2,input,,0.0,
towerse.tower_layer_thickness,input,m,"[[0.027, 0.0262, 0.0254, 0.0246, 0.0238, 0.023, 0.0222, 0.0214, 0.0206, 0.0198, 0.019000000000000003]]",
towerse.tower_outer_diameter_in,input,m,"[6.5, 6.24, 5.97, 5.71, 5.45, 5.18, 4.92, 4.66, 4.4, 4.13, 3.8699999999999997]",
towerse.E_mat,input,Pa,"[[3440000000.0, 3440000000.0, 3440000000.0], [41800000000.0, 14000000000.0, 2630000000.0], [27700000000.0, 13650000000.0, 7200000000.0], [13600000000.0, 13300000000.0, 11800000000.0], [200000000000.0, 200000000000.0, 200000000000.0], [205000000000.0, 205000000000.0, 205000000000.0], [118000000000.0, 118000000000.0, 118000000000.0], [98460000.0, 98460000.0, 98460000.0], [114500000000.0, 8390000000.0, 5990000000.0], [1000000.0, 1000000.0, 1000000.0], [1.0, 1.0, 1.0], [4560000.0, 4560000.0, 4560000.0]]",
towerse.E_user,input,Pa,0.0,
towerse.G_mat,input,Pa,"[[1323000000.0, 1323000000.0, 1323000000.0], [2630000000.0, 2630000000.0, 2630000000.0], [7200000000.0, 7200000000.0, 7200000000.0], [11800000000.0, 11800000000.0, 11800000000.0], [79300000000.0, 79300000000.0, 79300000000.0], [80000000000.0, 80000000000.0, 80000000000.0], [47600000000.0, 47600000000.0, 47600000000.0], [98460000.0, 98460000.0, 98460000.0], [5990000000.0, 5990000000.0, 5990000000.0], [384615.3846153846, 384615.3846153846, 384615.3846153846], [1.0, 1.0, 1.0], [1520000.0, 1520000.0, 1520000.0]]",
towerse.sigma_y_mat,input,Pa,"[0.0, 0.0, 0.0, 0.0, 345000000.0, 485000000.0, 265000000.0, 0.0, 0.0, 0.0, 0.0, 0.0]",
towerse.sigma_ult_mat,input,Pa,"[[74000000.0, 74000000.0, 74000000.0], [1060000000.0, 66300000.0, 26600000.0], [54500000.0, 54500000.0, 26600000.0], [54470000.0, 54470000.0, 26600000.0], [450000000.0, 450000000.0, 450000000.0], [814000000.0, 814000000.0, 814000000.0], [310000000.0, 310000000.0, 310000000.0], [6040000.0, 6040000.0, 6040000.0], [2236000000.0, 0.0, 0.0], [61510000.0, 61510000.0, 61510000.0], [0.0, 0.0, 0.0], [690000.0, 690000.0, 690000.0]]",
towerse.wohler_exp_mat,input,,"[1.0, 10.0, 10.0, 10.0, 3.0, 3.0, 3.0, 1.0, 16.1, 1.0, 1.0, 1.0]",
towerse.wohler_A_mat,input,,"[87000000.0, 1060000000.0, 197000000.0, 197000000.0, 35534648443.719765, 35534648443.719765, 310000000.0, 6040000.0, 2236000000.0, 65360000.0, 0.0, 690000.0]",
towerse.rho_mat,input,kg/m**3,"[1235.0, 1920.0, 1850.0, 1780.0, 7800.0, 7850.0, 7200.0, 200.0, 1220.0, 1150.0, 5000.0, 1100.0]",
towerse.unit_cost_mat,input,USD/kg,"[7.23, 1.87, 2.86, 3.0, 0.7, 0.9, 0.5, 13.0, 30.0, 3.63, 1.0, 9.0]",
towerse.outfitting_factor_in,input,,1.083,
towerse.tower_layer_materials,input,n/a,steel,
towerse.member.ballast_materials,input,n/a,[],
towerse.material_names,input,n/a,"['Gelcoat', 'glassUD', 'glassTri', 'glassDB', 'steel', 'steel_drive', 'cast_iron', 'FOAM', 'CarbonUD', 'resin', 'slurry', 'adhesive']",
towerse.labor_cost_rate,input,USD/min,0.98,
towerse.painting_cost_rate,input,USD/m**2,30.0,
towerse.tower_mass_user,input,kg,0.0,
floating.member_spar:s,input,,"[0.0, 0.38462, 0.4, 0.8308, 0.8923, 1.0]",
floating.member_spar:grid_axial_joints,input,,0.38462,
floating.member_fairlead_leg1:s,input,,"[0.0, 1.0]",
floating.member_fairlead_leg1:grid_axial_joints,input,,[],
floating.member_fairlead_leg2:s,input,,"[0.0, 1.0]",
floating.member_fairlead_leg2:grid_axial_joints,input,,[],
floating.member_fairlead_leg3:s,input,,"[0.0, 1.0]",
floating.member_fairlead_leg3:grid_axial_joints,input,,[],
floating.memgrid0.s_in,input,,"[0.0, 0.8308, 0.8923, 1.0]",
floating.memgrid0.s_grid,input,,"[0.0, 0.38462, 0.4, 0.8308, 0.8923, 1.0]",
floating.memgrid0.outer_diameter_in,input,m,"[9.4, 9.4, 6.5, 6.5]",
floating.memgrid0.ca_usr_geom,input,,"[-1.0, -1.0, -1.0, -1.0]",
floating.memgrid0.cd_usr_geom,input,,"[-1.0, -1.0, -1.0, -1.0]",
floating.memgrid0.layer_thickness_in,input,m,"[[0.08, 0.08, 0.08, 0.08]]",
floating.memgrid1.s_in,input,,"[0.0, 1.0]",
floating.memgrid1.s_grid,input,,"[0.0, 1.0]",
floating.memgrid1.outer_diameter_in,input,m,"[1.0, 1.0]",
floating.memgrid1.ca_usr_geom,input,,"[-1.0, -1.0]",
floating.memgrid1.cd_usr_geom,input,,"[-1.0, -1.0]",
floating.memgrid1.layer_thickness_in,input,m,"[[0.1, 0.1]]",
floating.memgrid2.s_in,input,,"[0.0, 1.0]",
floating.memgrid2.s_grid,input,,"[0.0, 1.0]",
floating.memgrid2.outer_diameter_in,input,m,"[1.0, 1.0]",
floating.memgrid2.ca_usr_geom,input,,"[-1.0, -1.0]",
floating.memgrid2.cd_usr_geom,input,,"[-1.0, -1.0]",
floating.memgrid2.layer_thickness_in,input,m,"[[0.1, 0.1]]",
floating.memgrid3.s_in,input,,"[0.0, 1.0]",
floating.memgrid3.s_grid,input,,"[0.0, 1.0]",
floating.memgrid3.outer_diameter_in,input,m,"[1.0, 1.0]",
floating.memgrid3.ca_usr_geom,input,,"[-1.0, -1.0]",
floating.memgrid3.cd_usr_geom,input,,"[-1.0, -1.0]",
floating.memgrid3.layer_thickness_in,input,m,"[[0.1, 0.1]]",
floating.location_in,output,m,"[[0.0, 0.0, -40.0], [0.0, 0.0, -15.0], [5.2, 0.0, -70.0], [5.2, 2.0943951023931953, -70.0], [5.2, 4.1887902047863905, -70.0], [853.87, 0.0, -320.0], [853.87, 2.0943951023931953, -320.0], [853.87, 4.1887902047863905, -320.0]]",
floating.jointdv_0,output,m,-40.0,
floating.jointdv_1,output,m,-15.0,
high_level_tower_props.tower_ref_axis_user,input,m,"[[0.0, 0.0, 10.0], [0.0, 0.0, 17.76], [0.0, 0.0, 25.52], [0.0, 0.0, 33.28], [0.0, 0.0, 41.04], [0.0, 0.0, 48.8], [0.0, 0.0, 56.56], [0.0, 0.0, 64.32], [0.0, 0.0, 72.08], [0.0, 0.0, 79.84], [0.0, 0.0, 87.6]]","2D array of the coordinates (x,y,z) of the tower reference axis. The coordinate system is the global coordinate system of OpenFAST: it is placed at tower base with x pointing downwind, y pointing on the side and z pointing vertically upwards. A standard tower configuration will have zero x and y values and positive z values."
high_level_tower_props.distance_tt_hub,input,m,0.0,Vertical distance from tower top to hub center.
high_level_tower_props.hub_height_user,input,m,90.0,Height of the hub specified by the user.
high_level_tower_props.rotor_diameter,input,m,0.0,Diameter of the rotor used in WISDEM. It is defined as two times the blade length plus the hub diameter.
materials.rho_fiber,output,kg/m**3,"[0.0, 2600.0, 2600.0, 2600.0, 0.0, 0.0, 0.0, 0.0, 1800.0, 0.0, 0.0, 0.0]",1D array of the density of the fibers of the materials.
materials.rho,output,kg/m**3,"[1235.0, 1920.0, 1850.0, 1780.0, 7800.0, 7850.0, 7200.0, 200.0, 1220.0, 1150.0, 5000.0, 1100.0]","1D array of the density of the materials. For composites, this is the density of the laminate."
materials.rho_area_dry,output,kg/m**2,"[0.0, 1.858, 1.112, 1.112, 0.0, 0.0, 0.0, 0.0, 1.0, 0.0, 0.0, 0.0]",1D array of the dry aerial density of the composite fabrics. Non-composite materials are kept at 0.
materials.ply_t_from_yaml,output,m,"[0.00051, 0.0, 0.0, 0.0, 0.0, 0.0, 0.0, 0.0025, 0.0, 0.0, 0.0, 0.0]",1D array of the ply thicknesses of the materials. Non-composite materials are kept at 0.
materials.fvf_from_yaml,output,,"[0.0, 0.0, 0.0, 0.0, 0.0, 0.0, 0.0, 0.0, 0.0, 0.0, 0.0, 0.0]",1D array of the non-dimensional fiber volume fraction of the composite materials. Non-composite materials are kept at 0.
materials.fwf_from_yaml,output,,"[0.0, 0.0, 0.0, 0.0, 0.0, 0.0, 0.0, 0.0, 0.0, 0.0, 0.0, 0.0]",1D array of the non-dimensional fiber weight- fraction of the composite materials. Non-composite materials are kept at 0.
materials.name,output,n/a,"['Gelcoat', 'glassUD', 'glassTri', 'glassDB', 'steel', 'steel_drive', 'cast_iron', 'FOAM', 'CarbonUD', 'resin', 'slurry', 'adhesive']",1D array of names of materials.
materials.component_id,output,n/a,"[0.0, 5.0, 2.0, 3.0, -1.0, -1.0, -1.0, 1.0, 4.0, -1.0, -1.0, -1.0]","1D array of flags to set whether a material is used in a blade: 0 - coating, 1 - sandwich filler , 2 - shell skin, 3 - shear webs, 4 - spar caps, 5 - TE/LE reinf."
mooring.nodes_location,output,m,"[[853.87, 0.0, -320.0], [-426.93499999999983, 739.4731115294187, -320.0], [-426.9350000000004, -739.4731115294185, -320.0], [5.2, 0.0, -70.0], [-2.5999999999999988, 4.503332099679081, -70.0], [-2.6000000000000023, -4.50333209967908, -70.0]]",
mooring.nodes_joint_name,output,n/a,"['anchor1', 'anchor2', 'anchor3', 'fairlead1', 'fairlead2', 'fairlead3']",
mooring.unstretched_length_in,output,m,902.2,
mooring.line_diameter_in,output,m,0.09,
mooring.line_mass_density_coeff,output,kg/m**3,"[0.0, 0.0, 0.0]",
mooring.line_stiffness_coeff,output,N/m**2,"[0.0, 0.0, 0.0]",
mooring.line_breaking_load_coeff,output,N/m**2,"[0.0, 0.0, 0.0]",
mooring.line_cost_rate_coeff,output,USD/m**3,"[0.0, 0.0, 0.0]",
mooring.line_transverse_added_mass_coeff,output,kg/m**3,"[123.4567901234568, 123.4567901234568, 123.4567901234568]",
mooring.line_tangential_added_mass_coeff,output,kg/m**3,"[0.0, 0.0, 0.0]",
mooring.line_transverse_drag_coeff,output,N/m**2,"[197.5308641975309, 197.5308641975309, 197.5308641975309]",
mooring.line_tangential_drag_coeff,output,N/m**2,"[12.34567901234568, 12.34567901234568, 12.34567901234568]",
floatingse.variable_ballast_mass,output,kg,-4490205.880401104,
floatingse.fairlead_radius,intermediate,m,5.2,
floatingse.fairlead,intermediate,m,70.0,
floatingse.member0:nodes_xyz,intermediate,m,"[[0.0, 0.0, -40.0], [0.0, 0.0, -39.9], [0.0, 0.0, -37.525], [0.0, 0.0, -37.475], [0.0, 0.0, -35.19225], [0.0, 0.0, -30.3845], [0.0, 0.0, -30.19225], [0.0, 0.0, -30.0], [0.0, 0.0, -27.525], [0.0, 0.0, -27.475], [0.0, 0.0, -24.615000000000002], [0.0, 0.0, -19.255], [0.0, 0.0, -19.23], [0.0, 0.0, -19.205000000000002], [0.0, 0.0, -18.46125], [0.0, 0.0, -17.6925], [0.0, 0.0, -16.346249999999998], [0.0, 0.0, -15.05], [0.0, 0.0, -15.0], [-9999.0, -9999.0, -9999.0], [-9999.0, -9999.0, -9999.0], [-9999.0, -9999.0, -9999.0], [-9999.0, -9999.0, -9999.0], [-9999.0, -9999.0, -9999.0], [-9999.0, -9999.0, -9999.0], [-9999.0, -9999.0, -9999.0], [-9999.0, -9999.0, -9999.0], [-9999.0, -9999.0, -9999.0], [-9999.0, -9999.0, -9999.0], [-9999.0, -9999.0, -9999.0], [-9999.0, -9999.0, -9999.0], [-9999.0, -9999.0, -9999.0], [-9999.0, -9999.0, -9999.0], [-9999.0, -9999.0, -9999.0], [-9999.0, -9999.0, -9999.0], [-9999.0, -9999.0, -9999.0], [-9999.0, -9999.0, -9999.0], [-9999.0, -9999.0, -9999.0], [-9999.0, -9999.0, -9999.0], [-9999.0, -9999.0, -9999.0], [-9999.0, -9999.0, -9999.0], [-9999.0, -9999.0, -9999.0], [-9999.0, -9999.0, -9999.0], [-9999.0, -9999.0, -9999.0], [-9999.0, -9999.0, -9999.0], [-9999.0, -9999.0, -9999.0], [-9999.0, -9999.0, -9999.0], [-9999.0, -9999.0, -9999.0], [-9999.0, -9999.0, -9999.0], [-9999.0, -9999.0, -9999.0], [-9999.0, -9999.0, -9999.0], [-9999.0, -9999.0, -9999.0], [-9999.0, -9999.0, -9999.0], [-9999.0, -9999.0, -9999.0], [-9999.0, -9999.0, -9999.0], [-9999.0, -9999.0, -9999.0], [-9999.0, -9999.0, -9999.0], [-9999.0, -9999.0, -9999.0], [-9999.0, -9999.0, -9999.0], [-9999.0, -9999.0, -9999.0], [-9999.0, -9999.0, -9999.0], [-9999.0, -9999.0, -9999.0], [-9999.0, -9999.0, -9999.0], [-9999.0, -9999.0, -9999.0], [-9999.0, -9999.0, -9999.0], [-9999.0, -9999.0, -9999.0], [-9999.0, -9999.0, -9999.0], [-9999.0, -9999.0, -9999.0], [-9999.0, -9999.0, -9999.0], [-9999.0, -9999.0, -9999.0], [-9999.0, -9999.0, -9999.0], [-9999.0, -9999.0, -9999.0], [-9999.0, -9999.0, -9999.0], [-9999.0, -9999.0, -9999.0], [-9999.0, -9999.0, -9999.0], [-9999.0, -9999.0, -9999.0], [-9999.0, -9999.0, -9999.0], [-9999.0, -9999.0, -9999.0], [-9999.0, -9999.0, -9999.0], [-9999.0, -9999.0, -9999.0], [-9999.0, -9999.0, -9999.0], [-9999.0, -9999.0, -9999.0], [-9999.0, -9999.0, -9999.0], [-9999.0, -9999.0, -9999.0], [-9999.0, -9999.0, -9999.0], [-9999.0, -9999.0, -9999.0], [-9999.0, -9999.0, -9999.0], [-9999.0, -9999.0, -9999.0], [-9999.0, -9999.0, -9999.0], [-9999.0, -9999.0, -9999.0], [-9999.0, -9999.0, -9999.0], [-9999.0, -9999.0, -9999.0], [-9999.0, -9999.0, -9999.0], [-9999.0, -9999.0, -9999.0], [-9999.0, -9999.0, -9999.0], [-9999.0, -9999.0, -9999.0], [-9999.0, -9999.0, -9999.0], [-9999.0, -9999.0, -9999.0], [-9999.0, -9999.0, -9999.0], [-9999.0, -9999.0, -9999.0], [-9999.0, -9999.0, -9999.0], [-9999.0, -9999.0, -9999.0], [-9999.0, -9999.0, -9999.0], [-9999.0, -9999.0, -9999.0], [-9999.0, -9999.0, -9999.0], [-9999.0, -9999.0, -9999.0], [-9999.0, -9999.0, -9999.0], [-9999.0, -9999.0, -9999.0], [-9999.0, -9999.0, -9999.0], [-9999.0, -9999.0, -9999.0], [-9999.0, -9999.0, -9999.0], [-9999.0, -9999.0, -9999.0], [-9999.0, -9999.0, -9999.0], [-9999.0, -9999.0, -9999.0], [-9999.0, -9999.0, -9999.0], [-9999.0, -9999.0, -9999.0], [-9999.0, -9999.0, -9999.0], [-9999.0, -9999.0, -9999.0], [-9999.0, -9999.0, -9999.0], [-9999.0, -9999.0, -9999.0], [-9999.0, -9999.0, -9999.0], [-9999.0, -9999.0, -9999.0], [-9999.0, -9999.0, -9999.0], [-9999.0, -9999.0, -9999.0], [-9999.0, -9999.0, -9999.0], [-9999.0, -9999.0, -9999.0], [-9999.0, -9999.0, -9999.0], [-9999.0, -9999.0, -9999.0], [-9999.0, -9999.0, -9999.0], [-9999.0, -9999.0, -9999.0], [-9999.0, -9999.0, -9999.0], [-9999.0, -9999.0, -9999.0], [-9999.0, -9999.0, -9999.0], [-9999.0, -9999.0, -9999.0], [-9999.0, -9999.0, -9999.0], [-9999.0, -9999.0, -9999.0], [-9999.0, -9999.0, -9999.0], [-9999.0, -9999.0, -9999.0], [-9999.0, -9999.0, -9999.0], [-9999.0, -9999.0, -9999.0], [-9999.0, -9999.0, -9999.0], [-9999.0, -9999.0, -9999.0], [-9999.0, -9999.0, -9999.0], [-9999.0, -9999.0, -9999.0], [-9999.0, -9999.0, -9999.0], [-9999.0, -9999.0, -9999.0], [-9999.0, -9999.0, -9999.0], [-9999.0, -9999.0, -9999.0], [-9999.0, -9999.0, -9999.0], [-9999.0, -9999.0, -9999.0], [-9999.0, -9999.0, -9999.0], [-9999.0, -9999.0, -9999.0], [-9999.0, -9999.0, -9999.0], [-9999.0, -9999.0, -9999.0], [-9999.0, -9999.0, -9999.0], [-9999.0, -9999.0, -9999.0], [-9999.0, -9999.0, -9999.0], [-9999.0, -9999.0, -9999.0], [-9999.0, -9999.0, -9999.0], [-9999.0, -9999.0, -9999.0], [-9999.0, -9999.0, -9999.0], [-9999.0, -9999.0, -9999.0], [-9999.0, -9999.0, -9999.0], [-9999.0, -9999.0, -9999.0], [-9999.0, -9999.0, -9999.0], [-9999.0, -9999.0, -9999.0], [-9999.0, -9999.0, -9999.0], [-9999.0, -9999.0, -9999.0], [-9999.0, -9999.0, -9999.0], [-9999.0, -9999.0, -9999.0], [-9999.0, -9999.0, -9999.0], [-9999.0, -9999.0, -9999.0], [-9999.0, -9999.0, -9999.0], [-9999.0, -9999.0, -9999.0], [-9999.0, -9999.0, -9999.0], [-9999.0, -9999.0, -9999.0], [-9999.0, -9999.0, -9999.0], [-9999.0, -9999.0, -9999.0], [-9999.0, -9999.0, -9999.0], [-9999.0, -9999.0, -9999.0], [-9999.0, -9999.0, -9999.0], [-9999.0, -9999.0, -9999.0], [-9999.0, -9999.0, -9999.0], [-9999.0, -9999.0, -9999.0], [-9999.0, -9999.0, -9999.0], [-9999.0, -9999.0, -9999.0], [-9999.0, -9999.0, -9999.0], [-9999.0, -9999.0, -9999.0], [-9999.0, -9999.0, -9999.0], [-9999.0, -9999.0, -9999.0], [-9999.0, -9999.0, -9999.0], [-9999.0, -9999.0, -9999.0], [-9999.0, -9999.0, -9999.0], [-9999.0, -9999.0, -9999.0], [-9999.0, -9999.0, -9999.0], [-9999.0, -9999.0, -9999.0], [-9999.0, -9999.0, -9999.0], [-9999.0, -9999.0, -9999.0], [-9999.0, -9999.0, -9999.0], [-9999.0, -9999.0, -9999.0]]",
floatingse.member0:constr_ballast_capacity,intermediate,,"[1.3421735797933492, 0.0]",
floatingse.member1:nodes_xyz,intermediate,m,"[[5.2, 0.0, -70.0], [5.197397092751254, 0.0, -69.98017010151679], [2.6, 0.0, -50.19225], [0.6142861107040343, 0.0, -35.06435604203763], [0.6116832034552884, 0.0, -35.04452614355442], [0.0, 0.0, -30.384500000000003], [-9999.0, -9999.0, -9999.0], [-9999.0, -9999.0, -9999.0], [-9999.0, -9999.0, -9999.0], [-9999.0, -9999.0, -9999.0], [-9999.0, -9999.0, -9999.0], [-9999.0, -9999.0, -9999.0], [-9999.0, -9999.0, -9999.0], [-9999.0, -9999.0, -9999.0], [-9999.0, -9999.0, -9999.0], [-9999.0, -9999.0, -9999.0], [-9999.0, -9999.0, -9999.0], [-9999.0, -9999.0, -9999.0], [-9999.0, -9999.0, -9999.0], [-9999.0, -9999.0, -9999.0], [-9999.0, -9999.0, -9999.0], [-9999.0, -9999.0, -9999.0], [-9999.0, -9999.0, -9999.0], [-9999.0, -9999.0, -9999.0], [-9999.0, -9999.0, -9999.0], [-9999.0, -9999.0, -9999.0], [-9999.0, -9999.0, -9999.0], [-9999.0, -9999.0, -9999.0], [-9999.0, -9999.0, -9999.0], [-9999.0, -9999.0, -9999.0], [-9999.0, -9999.0, -9999.0], [-9999.0, -9999.0, -9999.0], [-9999.0, -9999.0, -9999.0], [-9999.0, -9999.0, -9999.0], [-9999.0, -9999.0, -9999.0], [-9999.0, -9999.0, -9999.0], [-9999.0, -9999.0, -9999.0], [-9999.0, -9999.0, -9999.0], [-9999.0, -9999.0, -9999.0], [-9999.0, -9999.0, -9999.0], [-9999.0, -9999.0, -9999.0], [-9999.0, -9999.0, -9999.0], [-9999.0, -9999.0, -9999.0], [-9999.0, -9999.0, -9999.0], [-9999.0, -9999.0, -9999.0], [-9999.0, -9999.0, -9999.0], [-9999.0, -9999.0, -9999.0], [-9999.0, -9999.0, -9999.0], [-9999.0, -9999.0, -9999.0], [-9999.0, -9999.0, -9999.0], [-9999.0, -9999.0, -9999.0], [-9999.0, -9999.0, -9999.0], [-9999.0, -9999.0, -9999.0], [-9999.0, -9999.0, -9999.0], [-9999.0, -9999.0, -9999.0], [-9999.0, -9999.0, -9999.0], [-9999.0, -9999.0, -9999.0], [-9999.0, -9999.0, -9999.0], [-9999.0, -9999.0, -9999.0], [-9999.0, -9999.0, -9999.0], [-9999.0, -9999.0, -9999.0], [-9999.0, -9999.0, -9999.0], [-9999.0, -9999.0, -9999.0], [-9999.0, -9999.0, -9999.0], [-9999.0, -9999.0, -9999.0], [-9999.0, -9999.0, -9999.0], [-9999.0, -9999.0, -9999.0], [-9999.0, -9999.0, -9999.0], [-9999.0, -9999.0, -9999.0], [-9999.0, -9999.0, -9999.0], [-9999.0, -9999.0, -9999.0], [-9999.0, -9999.0, -9999.0], [-9999.0, -9999.0, -9999.0], [-9999.0, -9999.0, -9999.0], [-9999.0, -9999.0, -9999.0], [-9999.0, -9999.0, -9999.0], [-9999.0, -9999.0, -9999.0], [-9999.0, -9999.0, -9999.0], [-9999.0, -9999.0, -9999.0], [-9999.0, -9999.0, -9999.0], [-9999.0, -9999.0, -9999.0], [-9999.0, -9999.0, -9999.0], [-9999.0, -9999.0, -9999.0], [-9999.0, -9999.0, -9999.0], [-9999.0, -9999.0, -9999.0], [-9999.0, -9999.0, -9999.0], [-9999.0, -9999.0, -9999.0], [-9999.0, -9999.0, -9999.0], [-9999.0, -9999.0, -9999.0], [-9999.0, -9999.0, -9999.0], [-9999.0, -9999.0, -9999.0], [-9999.0, -9999.0, -9999.0], [-9999.0, -9999.0, -9999.0], [-9999.0, -9999.0, -9999.0], [-9999.0, -9999.0, -9999.0], [-9999.0, -9999.0, -9999.0], [-9999.0, -9999.0, -9999.0], [-9999.0, -9999.0, -9999.0], [-9999.0, -9999.0, -9999.0], [-9999.0, -9999.0, -9999.0], [-9999.0, -9999.0, -9999.0], [-9999.0, -9999.0, -9999.0], [-9999.0, -9999.0, -9999.0], [-9999.0, -9999.0, -9999.0], [-9999.0, -9999.0, -9999.0], [-9999.0, -9999.0, -9999.0], [-9999.0, -9999.0, -9999.0], [-9999.0, -9999.0, -9999.0], [-9999.0, -9999.0, -9999.0], [-9999.0, -9999.0, -9999.0], [-9999.0, -9999.0, -9999.0], [-9999.0, -9999.0, -9999.0], [-9999.0, -9999.0, -9999.0], [-9999.0, -9999.0, -9999.0], [-9999.0, -9999.0, -9999.0], [-9999.0, -9999.0, -9999.0], [-9999.0, -9999.0, -9999.0], [-9999.0, -9999.0, -9999.0], [-9999.0, -9999.0, -9999.0], [-9999.0, -9999.0, -9999.0], [-9999.0, -9999.0, -9999.0], [-9999.0, -9999.0, -9999.0], [-9999.0, -9999.0, -9999.0], [-9999.0, -9999.0, -9999.0], [-9999.0, -9999.0, -9999.0], [-9999.0, -9999.0, -9999.0], [-9999.0, -9999.0, -9999.0], [-9999.0, -9999.0, -9999.0], [-9999.0, -9999.0, -9999.0], [-9999.0, -9999.0, -9999.0], [-9999.0, -9999.0, -9999.0], [-9999.0, -9999.0, -9999.0], [-9999.0, -9999.0, -9999.0], [-9999.0, -9999.0, -9999.0], [-9999.0, -9999.0, -9999.0], [-9999.0, -9999.0, -9999.0], [-9999.0, -9999.0, -9999.0], [-9999.0, -9999.0, -9999.0], [-9999.0, -9999.0, -9999.0], [-9999.0, -9999.0, -9999.0], [-9999.0, -9999.0, -9999.0], [-9999.0, -9999.0, -9999.0], [-9999.0, -9999.0, -9999.0], [-9999.0, -9999.0, -9999.0], [-9999.0, -9999.0, -9999.0], [-9999.0, -9999.0, -9999.0], [-9999.0, -9999.0, -9999.0], [-9999.0, -9999.0, -9999.0], [-9999.0, -9999.0, -9999.0], [-9999.0, -9999.0, -9999.0], [-9999.0, -9999.0, -9999.0], [-9999.0, -9999.0, -9999.0], [-9999.0, -9999.0, -9999.0], [-9999.0, -9999.0, -9999.0], [-9999.0, -9999.0, -9999.0], [-9999.0, -9999.0, -9999.0], [-9999.0, -9999.0, -9999.0], [-9999.0, -9999.0, -9999.0], [-9999.0, -9999.0, -9999.0], [-9999.0, -9999.0, -9999.0], [-9999.0, -9999.0, -9999.0], [-9999.0, -9999.0, -9999.0], [-9999.0, -9999.0, -9999.0], [-9999.0, -9999.0, -9999.0], [-9999.0, -9999.0, -9999.0], [-9999.0, -9999.0, -9999.0], [-9999.0, -9999.0, -9999.0], [-9999.0, -9999.0, -9999.0], [-9999.0, -9999.0, -9999.0], [-9999.0, -9999.0, -9999.0], [-9999.0, -9999.0, -9999.0], [-9999.0, -9999.0, -9999.0], [-9999.0, -9999.0, -9999.0], [-9999.0, -9999.0, -9999.0], [-9999.0, -9999.0, -9999.0], [-9999.0, -9999.0, -9999.0], [-9999.0, -9999.0, -9999.0], [-9999.0, -9999.0, -9999.0], [-9999.0, -9999.0, -9999.0], [-9999.0, -9999.0, -9999.0], [-9999.0, -9999.0, -9999.0], [-9999.0, -9999.0, -9999.0], [-9999.0, -9999.0, -9999.0], [-9999.0, -9999.0, -9999.0], [-9999.0, -9999.0, -9999.0], [-9999.0, -9999.0, -9999.0], [-9999.0, -9999.0, -9999.0], [-9999.0, -9999.0, -9999.0], [-9999.0, -9999.0, -9999.0], [-9999.0, -9999.0, -9999.0], [-9999.0, -9999.0, -9999.0], [-9999.0, -9999.0, -9999.0], [-9999.0, -9999.0, -9999.0], [-9999.0, -9999.0, -9999.0], [-9999.0, -9999.0, -9999.0], [-9999.0, -9999.0, -9999.0], [-9999.0, -9999.0, -9999.0], [-9999.0, -9999.0, -9999.0], [-9999.0, -9999.0, -9999.0], [-9999.0, -9999.0, -9999.0]]",
floatingse.member1:constr_ballast_capacity,intermediate,,[],
floatingse.member2:nodes_xyz,intermediate,m,"[[-2.5999999999999988, 4.503332099679081, -70.0], [-2.598698546375626, 4.501077915877973, -69.98017010151679], [-1.2999999999999994, 2.2516660498395407, -50.19225], [-0.30714305535201714, 0.5319873770616339, -35.06435604203763], [-0.3058416017276442, 0.5297331932605251, -35.04452614355442], [0.0, 0.0, -30.384500000000003], [-9999.0, -9999.0, -9999.0], [-9999.0, -9999.0, -9999.0], [-9999.0, -9999.0, -9999.0], [-9999.0, -9999.0, -9999.0], [-9999.0, -9999.0, -9999.0], [-9999.0, -9999.0, -9999.0], [-9999.0, -9999.0, -9999.0], [-9999.0, -9999.0, -9999.0], [-9999.0, -9999.0, -9999.0], [-9999.0, -9999.0, -9999.0], [-9999.0, -9999.0, -9999.0], [-9999.0, -9999.0, -9999.0], [-9999.0, -9999.0, -9999.0], [-9999.0, -9999.0, -9999.0], [-9999.0, -9999.0, -9999.0], [-9999.0, -9999.0, -9999.0], [-9999.0, -9999.0, -9999.0], [-9999.0, -9999.0, -9999.0], [-9999.0, -9999.0, -9999.0], [-9999.0, -9999.0, -9999.0], [-9999.0, -9999.0, -9999.0], [-9999.0, -9999.0, -9999.0], [-9999.0, -9999.0, -9999.0], [-9999.0, -9999.0, -9999.0], [-9999.0, -9999.0, -9999.0], [-9999.0, -9999.0, -9999.0], [-9999.0, -9999.0, -9999.0], [-9999.0, -9999.0, -9999.0], [-9999.0, -9999.0, -9999.0], [-9999.0, -9999.0, -9999.0], [-9999.0, -9999.0, -9999.0], [-9999.0, -9999.0, -9999.0], [-9999.0, -9999.0, -9999.0], [-9999.0, -9999.0, -9999.0], [-9999.0, -9999.0, -9999.0], [-9999.0, -9999.0, -9999.0], [-9999.0, -9999.0, -9999.0], [-9999.0, -9999.0, -9999.0], [-9999.0, -9999.0, -9999.0], [-9999.0, -9999.0, -9999.0], [-9999.0, -9999.0, -9999.0], [-9999.0, -9999.0, -9999.0], [-9999.0, -9999.0, -9999.0], [-9999.0, -9999.0, -9999.0], [-9999.0, -9999.0, -9999.0], [-9999.0, -9999.0, -9999.0], [-9999.0, -9999.0, -9999.0], [-9999.0, -9999.0, -9999.0], [-9999.0, -9999.0, -9999.0], [-9999.0, -9999.0, -9999.0], [-9999.0, -9999.0, -9999.0], [-9999.0, -9999.0, -9999.0], [-9999.0, -9999.0, -9999.0], [-9999.0, -9999.0, -9999.0], [-9999.0, -9999.0, -9999.0], [-9999.0, -9999.0, -9999.0], [-9999.0, -9999.0, -9999.0], [-9999.0, -9999.0, -9999.0], [-9999.0, -9999.0, -9999.0], [-9999.0, -9999.0, -9999.0], [-9999.0, -9999.0, -9999.0], [-9999.0, -9999.0, -9999.0], [-9999.0, -9999.0, -9999.0], [-9999.0, -9999.0, -9999.0], [-9999.0, -9999.0, -9999.0], [-9999.0, -9999.0, -9999.0], [-9999.0, -9999.0, -9999.0], [-9999.0, -9999.0, -9999.0], [-9999.0, -9999.0, -9999.0], [-9999.0, -9999.0, -9999.0], [-9999.0, -9999.0, -9999.0], [-9999.0, -9999.0, -9999.0], [-9999.0, -9999.0, -9999.0], [-9999.0, -9999.0, -9999.0], [-9999.0, -9999.0, -9999.0], [-9999.0, -9999.0, -9999.0], [-9999.0, -9999.0, -9999.0], [-9999.0, -9999.0, -9999.0], [-9999.0, -9999.0, -9999.0], [-9999.0, -9999.0, -9999.0], [-9999.0, -9999.0, -9999.0], [-9999.0, -9999.0, -9999.0], [-9999.0, -9999.0, -9999.0], [-9999.0, -9999.0, -9999.0], [-9999.0, -9999.0, -9999.0], [-9999.0, -9999.0, -9999.0], [-9999.0, -9999.0, -9999.0], [-9999.0, -9999.0, -9999.0], [-9999.0, -9999.0, -9999.0], [-9999.0, -9999.0, -9999.0], [-9999.0, -9999.0, -9999.0], [-9999.0, -9999.0, -9999.0], [-9999.0, -9999.0, -9999.0], [-9999.0, -9999.0, -9999.0], [-9999.0, -9999.0, -9999.0], [-9999.0, -9999.0, -9999.0], [-9999.0, -9999.0, -9999.0], [-9999.0, -9999.0, -9999.0], [-9999.0, -9999.0, -9999.0], [-9999.0, -9999.0, -9999.0], [-9999.0, -9999.0, -9999.0], [-9999.0, -9999.0, -9999.0], [-9999.0, -9999.0, -9999.0], [-9999.0, -9999.0, -9999.0], [-9999.0, -9999.0, -9999.0], [-9999.0, -9999.0, -9999.0], [-9999.0, -9999.0, -9999.0], [-9999.0, -9999.0, -9999.0], [-9999.0, -9999.0, -9999.0], [-9999.0, -9999.0, -9999.0], [-9999.0, -9999.0, -9999.0], [-9999.0, -9999.0, -9999.0], [-9999.0, -9999.0, -9999.0], [-9999.0, -9999.0, -9999.0], [-9999.0, -9999.0, -9999.0], [-9999.0, -9999.0, -9999.0], [-9999.0, -9999.0, -9999.0], [-9999.0, -9999.0, -9999.0], [-9999.0, -9999.0, -9999.0], [-9999.0, -9999.0, -9999.0], [-9999.0, -9999.0, -9999.0], [-9999.0, -9999.0, -9999.0], [-9999.0, -9999.0, -9999.0], [-9999.0, -9999.0, -9999.0], [-9999.0, -9999.0, -9999.0], [-9999.0, -9999.0, -9999.0], [-9999.0, -9999.0, -9999.0], [-9999.0, -9999.0, -9999.0], [-9999.0, -9999.0, -9999.0], [-9999.0, -9999.0, -9999.0], [-9999.0, -9999.0, -9999.0], [-9999.0, -9999.0, -9999.0], [-9999.0, -9999.0, -9999.0], [-9999.0, -9999.0, -9999.0], [-9999.0, -9999.0, -9999.0], [-9999.0, -9999.0, -9999.0], [-9999.0, -9999.0, -9999.0], [-9999.0, -9999.0, -9999.0], [-9999.0, -9999.0, -9999.0], [-9999.0, -9999.0, -9999.0], [-9999.0, -9999.0, -9999.0], [-9999.0, -9999.0, -9999.0], [-9999.0, -9999.0, -9999.0], [-9999.0, -9999.0, -9999.0], [-9999.0, -9999.0, -9999.0], [-9999.0, -9999.0, -9999.0], [-9999.0, -9999.0, -9999.0], [-9999.0, -9999.0, -9999.0], [-9999.0, -9999.0, -9999.0], [-9999.0, -9999.0, -9999.0], [-9999.0, -9999.0, -9999.0], [-9999.0, -9999.0, -9999.0], [-9999.0, -9999.0, -9999.0], [-9999.0, -9999.0, -9999.0], [-9999.0, -9999.0, -9999.0], [-9999.0, -9999.0, -9999.0], [-9999.0, -9999.0, -9999.0], [-9999.0, -9999.0, -9999.0], [-9999.0, -9999.0, -9999.0], [-9999.0, -9999.0, -9999.0], [-9999.0, -9999.0, -9999.0], [-9999.0, -9999.0, -9999.0], [-9999.0, -9999.0, -9999.0], [-9999.0, -9999.0, -9999.0], [-9999.0, -9999.0, -9999.0], [-9999.0, -9999.0, -9999.0], [-9999.0, -9999.0, -9999.0], [-9999.0, -9999.0, -9999.0], [-9999.0, -9999.0, -9999.0], [-9999.0, -9999.0, -9999.0], [-9999.0, -9999.0, -9999.0], [-9999.0, -9999.0, -9999.0], [-9999.0, -9999.0, -9999.0], [-9999.0, -9999.0, -9999.0], [-9999.0, -9999.0, -9999.0], [-9999.0, -9999.0, -9999.0], [-9999.0, -9999.0, -9999.0], [-9999.0, -9999.0, -9999.0], [-9999.0, -9999.0, -9999.0], [-9999.0, -9999.0, -9999.0], [-9999.0, -9999.0, -9999.0], [-9999.0, -9999.0, -9999.0], [-9999.0, -9999.0, -9999.0], [-9999.0, -9999.0, -9999.0], [-9999.0, -9999.0, -9999.0], [-9999.0, -9999.0, -9999.0], [-9999.0, -9999.0, -9999.0], [-9999.0, -9999.0, -9999.0], [-9999.0, -9999.0, -9999.0], [-9999.0, -9999.0, -9999.0], [-9999.0, -9999.0, -9999.0], [-9999.0, -9999.0, -9999.0], [-9999.0, -9999.0, -9999.0], [-9999.0, -9999.0, -9999.0]]",
floatingse.member2:constr_ballast_capacity,intermediate,,[],
floatingse.member3:nodes_xyz,intermediate,m,"[[-2.6000000000000023, -4.50333209967908, -70.0], [-2.5986985463756294, -4.501077915877972, -69.98017010151679], [-1.3000000000000012, -2.25166604983954, -50.19225], [-0.3071430553520176, -0.5319873770616339, -35.06435604203763], [-0.30584160172764463, -0.5297331932605251, -35.04452614355442], [0.0, 0.0, -30.384500000000003], [-9999.0, -9999.0, -9999.0], [-9999.0, -9999.0, -9999.0], [-9999.0, -9999.0, -9999.0], [-9999.0, -9999.0, -9999.0], [-9999.0, -9999.0, -9999.0], [-9999.0, -9999.0, -9999.0], [-9999.0, -9999.0, -9999.0], [-9999.0, -9999.0, -9999.0], [-9999.0, -9999.0, -9999.0], [-9999.0, -9999.0, -9999.0], [-9999.0, -9999.0, -9999.0], [-9999.0, -9999.0, -9999.0], [-9999.0, -9999.0, -9999.0], [-9999.0, -9999.0, -9999.0], [-9999.0, -9999.0, -9999.0], [-9999.0, -9999.0, -9999.0], [-9999.0, -9999.0, -9999.0], [-9999.0, -9999.0, -9999.0], [-9999.0, -9999.0, -9999.0], [-9999.0, -9999.0, -9999.0], [-9999.0, -9999.0, -9999.0], [-9999.0, -9999.0, -9999.0], [-9999.0, -9999.0, -9999.0], [-9999.0, -9999.0, -9999.0], [-9999.0, -9999.0, -9999.0], [-9999.0, -9999.0, -9999.0], [-9999.0, -9999.0, -9999.0], [-9999.0, -9999.0, -9999.0], [-9999.0, -9999.0, -9999.0], [-9999.0, -9999.0, -9999.0], [-9999.0, -9999.0, -9999.0], [-9999.0, -9999.0, -9999.0], [-9999.0, -9999.0, -9999.0], [-9999.0, -9999.0, -9999.0], [-9999.0, -9999.0, -9999.0], [-9999.0, -9999.0, -9999.0], [-9999.0, -9999.0, -9999.0], [-9999.0, -9999.0, -9999.0], [-9999.0, -9999.0, -9999.0], [-9999.0, -9999.0, -9999.0], [-9999.0, -9999.0, -9999.0], [-9999.0, -9999.0, -9999.0], [-9999.0, -9999.0, -9999.0], [-9999.0, -9999.0, -9999.0], [-9999.0, -9999.0, -9999.0], [-9999.0, -9999.0, -9999.0], [-9999.0, -9999.0, -9999.0], [-9999.0, -9999.0, -9999.0], [-9999.0, -9999.0, -9999.0], [-9999.0, -9999.0, -9999.0], [-9999.0, -9999.0, -9999.0], [-9999.0, -9999.0, -9999.0], [-9999.0, -9999.0, -9999.0], [-9999.0, -9999.0, -9999.0], [-9999.0, -9999.0, -9999.0], [-9999.0, -9999.0, -9999.0], [-9999.0, -9999.0, -9999.0], [-9999.0, -9999.0, -9999.0], [-9999.0, -9999.0, -9999.0], [-9999.0, -9999.0, -9999.0], [-9999.0, -9999.0, -9999.0], [-9999.0, -9999.0, -9999.0], [-9999.0, -9999.0, -9999.0], [-9999.0, -9999.0, -9999.0], [-9999.0, -9999.0, -9999.0], [-9999.0, -9999.0, -9999.0], [-9999.0, -9999.0, -9999.0], [-9999.0, -9999.0, -9999.0], [-9999.0, -9999.0, -9999.0], [-9999.0, -9999.0, -9999.0], [-9999.0, -9999.0, -9999.0], [-9999.0, -9999.0, -9999.0], [-9999.0, -9999.0, -9999.0], [-9999.0, -9999.0, -9999.0], [-9999.0, -9999.0, -9999.0], [-9999.0, -9999.0, -9999.0], [-9999.0, -9999.0, -9999.0], [-9999.0, -9999.0, -9999.0], [-9999.0, -9999.0, -9999.0], [-9999.0, -9999.0, -9999.0], [-9999.0, -9999.0, -9999.0], [-9999.0, -9999.0, -9999.0], [-9999.0, -9999.0, -9999.0], [-9999.0, -9999.0, -9999.0], [-9999.0, -9999.0, -9999.0], [-9999.0, -9999.0, -9999.0], [-9999.0, -9999.0, -9999.0], [-9999.0, -9999.0, -9999.0], [-9999.0, -9999.0, -9999.0], [-9999.0, -9999.0, -9999.0], [-9999.0, -9999.0, -9999.0], [-9999.0, -9999.0, -9999.0], [-9999.0, -9999.0, -9999.0], [-9999.0, -9999.0, -9999.0], [-9999.0, -9999.0, -9999.0], [-9999.0, -9999.0, -9999.0], [-9999.0, -9999.0, -9999.0], [-9999.0, -9999.0, -9999.0], [-9999.0, -9999.0, -9999.0], [-9999.0, -9999.0, -9999.0], [-9999.0, -9999.0, -9999.0], [-9999.0, -9999.0, -9999.0], [-9999.0, -9999.0, -9999.0], [-9999.0, -9999.0, -9999.0], [-9999.0, -9999.0, -9999.0], [-9999.0, -9999.0, -9999.0], [-9999.0, -9999.0, -9999.0], [-9999.0, -9999.0, -9999.0], [-9999.0, -9999.0, -9999.0], [-9999.0, -9999.0, -9999.0], [-9999.0, -9999.0, -9999.0], [-9999.0, -9999.0, -9999.0], [-9999.0, -9999.0, -9999.0], [-9999.0, -9999.0, -9999.0], [-9999.0, -9999.0, -9999.0], [-9999.0, -9999.0, -9999.0], [-9999.0, -9999.0, -9999.0], [-9999.0, -9999.0, -9999.0], [-9999.0, -9999.0, -9999.0], [-9999.0, -9999.0, -9999.0], [-9999.0, -9999.0, -9999.0], [-9999.0, -9999.0, -9999.0], [-9999.0, -9999.0, -9999.0], [-9999.0, -9999.0, -9999.0], [-9999.0, -9999.0, -9999.0], [-9999.0, -9999.0, -9999.0], [-9999.0, -9999.0, -9999.0], [-9999.0, -9999.0, -9999.0], [-9999.0, -9999.0, -9999.0], [-9999.0, -9999.0, -9999.0], [-9999.0, -9999.0, -9999.0], [-9999.0, -9999.0, -9999.0], [-9999.0, -9999.0, -9999.0], [-9999.0, -9999.0, -9999.0], [-9999.0, -9999.0, -9999.0], [-9999.0, -9999.0, -9999.0], [-9999.0, -9999.0, -9999.0], [-9999.0, -9999.0, -9999.0], [-9999.0, -9999.0, -9999.0], [-9999.0, -9999.0, -9999.0], [-9999.0, -9999.0, -9999.0], [-9999.0, -9999.0, -9999.0], [-9999.0, -9999.0, -9999.0], [-9999.0, -9999.0, -9999.0], [-9999.0, -9999.0, -9999.0], [-9999.0, -9999.0, -9999.0], [-9999.0, -9999.0, -9999.0], [-9999.0, -9999.0, -9999.0], [-9999.0, -9999.0, -9999.0], [-9999.0, -9999.0, -9999.0], [-9999.0, -9999.0, -9999.0], [-9999.0, -9999.0, -9999.0], [-9999.0, -9999.0, -9999.0], [-9999.0, -9999.0, -9999.0], [-9999.0, -9999.0, -9999.0], [-9999.0, -9999.0, -9999.0], [-9999.0, -9999.0, -9999.0], [-9999.0, -9999.0, -9999.0], [-9999.0, -9999.0, -9999.0], [-9999.0, -9999.0, -9999.0], [-9999.0, -9999.0, -9999.0], [-9999.0, -9999.0, -9999.0], [-9999.0, -9999.0, -9999.0], [-9999.0, -9999.0, -9999.0], [-9999.0, -9999.0, -9999.0], [-9999.0, -9999.0, -9999.0], [-9999.0, -9999.0, -9999.0], [-9999.0, -9999.0, -9999.0], [-9999.0, -9999.0, -9999.0], [-9999.0, -9999.0, -9999.0], [-9999.0, -9999.0, -9999.0], [-9999.0, -9999.0, -9999.0], [-9999.0, -9999.0, -9999.0], [-9999.0, -9999.0, -9999.0], [-9999.0, -9999.0, -9999.0], [-9999.0, -9999.0, -9999.0], [-9999.0, -9999.0, -9999.0], [-9999.0, -9999.0, -9999.0], [-9999.0, -9999.0, -9999.0], [-9999.0, -9999.0, -9999.0], [-9999.0, -9999.0, -9999.0], [-9999.0, -9999.0, -9999.0], [-9999.0, -9999.0, -9999.0], [-9999.0, -9999.0, -9999.0], [-9999.0, -9999.0, -9999.0], [-9999.0, -9999.0, -9999.0], [-9999.0, -9999.0, -9999.0], [-9999.0, -9999.0, -9999.0], [-9999.0, -9999.0, -9999.0], [-9999.0, -9999.0, -9999.0], [-9999.0, -9999.0, -9999.0], [-9999.0, -9999.0, -9999.0], [-9999.0, -9999.0, -9999.0], [-9999.0, -9999.0, -9999.0]]",
floatingse.member3:constr_ballast_capacity,intermediate,,[],
floatingse.platform_Iwaterx,output,m**4,0.0,
floatingse.platform_Iwatery,output,m**4,0.0,
floatingse.platform_displacement,output,m**3,1690.9721961283392,
floatingse.platform_center_of_buoyancy,output,m,"[0.0, 8.403955279536393e-18, -29.53445834403644]",
floatingse.system_center_of_mass,output,m,"[-0.23684551338445886, 4.264337582534568e-17, -12.553208400649156]",
floatingse.turbine_F,intermediate,N,"[[1284744.1962049836], [3.888271749019623e-08], [-5440942.027415699]]",
floatingse.turbine_M,intermediate,N*m,"[[4105423.8104034476], [102556223.82821275], [-346781.6819283862]]",
floatingse.max_surge_restoring_force,output,N,2801224.9737491608,
floatingse.operational_heel_restoring_force,output,N,"[1285926.886612135, 9.080395102500916e-09, -3715068.1313155326, 6.109476089477539e-07, -134831763.1398106, -1.0989606380462646e-07]",
floatingse.survival_heel_restoring_force,output,N,"[1285926.886612135, 9.080395102500916e-09, -3715068.1313155326, 6.109476089477539e-07, -134831763.1398106, -1.0989606380462646e-07]",
floatingse.platform_mass,output,kg,823675.9831346041,
floatingse.platform_hull_center_of_mass,output,m,"[-2.738471724074877e-18, 1.0953886896299509e-17, -35.094231744926866]",
floatingse.platform_added_mass,output,kg,"[1733246.5010315478, 1733246.5010315478, 142403.93333333335, 112437520.5717595, 112437520.57175949, 718958.0888407903]",
floatingse.platform_nodes,output,m,"[[-2.6, -4.5033321, -70.0], [-2.6, 4.5033321, -70.0], [-2.59869855, -4.50107792, -69.9801701], [-2.59869855, 4.50107792, -69.9801701], [-1.3, -2.25166605, -50.19225], [-1.3, 2.25166605, -50.19225], [-0.30714306, -0.53198738, -35.06435604], [-0.30714306, 0.53198738, -35.06435604], [-0.3058416, -0.52973319, -35.04452614], [-0.3058416, 0.52973319, -35.04452614], [0.0, 0.0, -40.0], [0.0, 0.0, -39.9], [0.0, 0.0, -37.525], [0.0, 0.0, -37.475], [0.0, 0.0, -35.19225], [0.0, 0.0, -30.3845], [0.0, 0.0, -30.19225], [0.0, 0.0, -30.0], [0.0, 0.0, -27.525], [0.0, 0.0, -27.475], [0.0, 0.0, -24.615], [0.0, 0.0, -19.255], [0.0, 0.0, -19.23], [0.0, 0.0, -19.205], [0.0, 0.0, -18.46125], [0.0, 0.0, -17.6925], [0.0, 0.0, -16.34625], [0.0, 0.0, -15.05], [0.0, 0.0, -15.0], [0.6116832, 0.0, -35.04452614], [0.61428611, 0.0, -35.06435604], [2.6, 0.0, -50.19225], [5.19739709, 0.0, -69.9801701], [5.2, 0.0, -70.0], [-9999.0, -9999.0, -9999.0], [-9999.0, -9999.0, -9999.0], [-9999.0, -9999.0, -9999.0], [-9999.0, -9999.0, -9999.0], [-9999.0, -9999.0, -9999.0], [-9999.0, -9999.0, -9999.0], [-9999.0, -9999.0, -9999.0], [-9999.0, -9999.0, -9999.0], [-9999.0, -9999.0, -9999.0], [-9999.0, -9999.0, -9999.0], [-9999.0, -9999.0, -9999.0], [-9999.0, -9999.0, -9999.0], [-9999.0, -9999.0, -9999.0], [-9999.0, -9999.0, -9999.0], [-9999.0, -9999.0, -9999.0], [-9999.0, -9999.0, -9999.0], [-9999.0, -9999.0, -9999.0], [-9999.0, -9999.0, -9999.0], [-9999.0, -9999.0, -9999.0], [-9999.0, -9999.0, -9999.0], [-9999.0, -9999.0, -9999.0], [-9999.0, -9999.0, -9999.0], [-9999.0, -9999.0, -9999.0], [-9999.0, -9999.0, -9999.0], [-9999.0, -9999.0, -9999.0], [-9999.0, -9999.0, -9999.0], [-9999.0, -9999.0, -9999.0], [-9999.0, -9999.0, -9999.0], [-9999.0, -9999.0, -9999.0], [-9999.0, -9999.0, -9999.0], [-9999.0, -9999.0, -9999.0], [-9999.0, -9999.0, -9999.0], [-9999.0, -9999.0, -9999.0], [-9999.0, -9999.0, -9999.0], [-9999.0, -9999.0, -9999.0], [-9999.0, -9999.0, -9999.0], [-9999.0, -9999.0, -9999.0], [-9999.0, -9999.0, -9999.0], [-9999.0, -9999.0, -9999.0], [-9999.0, -9999.0, -9999.0], [-9999.0, -9999.0, -9999.0], [-9999.0, -9999.0, -9999.0], [-9999.0, -9999.0, -9999.0], [-9999.0, -9999.0, -9999.0], [-9999.0, -9999.0, -9999.0], [-9999.0, -9999.0, -9999.0], [-9999.0, -9999.0, -9999.0], [-9999.0, -9999.0, -9999.0], [-9999.0, -9999.0, -9999.0], [-9999.0, -9999.0, -9999.0], [-9999.0, -9999.0, -9999.0], [-9999.0, -9999.0, -9999.0], [-9999.0, -9999.0, -9999.0], [-9999.0, -9999.0, -9999.0], [-9999.0, -9999.0, -9999.0], [-9999.0, -9999.0, -9999.0], [-9999.0, -9999.0, -9999.0], [-9999.0, -9999.0, -9999.0], [-9999.0, -9999.0, -9999.0], [-9999.0, -9999.0, -9999.0], [-9999.0, -9999.0, -9999.0], [-9999.0, -9999.0, -9999.0], [-9999.0, -9999.0, -9999.0], [-9999.0, -9999.0, -9999.0], [-9999.0, -9999.0, -9999.0], [-9999.0, -9999.0, -9999.0], [-9999.0, -9999.0, -9999.0], [-9999.0, -9999.0, -9999.0], [-9999.0, -9999.0, -9999.0], [-9999.0, -9999.0, -9999.0], [-9999.0, -9999.0, -9999.0], [-9999.0, -9999.0, -9999.0], [-9999.0, -9999.0, -9999.0], [-9999.0, -9999.0, -9999.0], [-9999.0, -9999.0, -9999.0], [-9999.0, -9999.0, -9999.0], [-9999.0, -9999.0, -9999.0], [-9999.0, -9999.0, -9999.0], [-9999.0, -9999.0, -9999.0], [-9999.0, -9999.0, -9999.0], [-9999.0, -9999.0, -9999.0], [-9999.0, -9999.0, -9999.0], [-9999.0, -9999.0, -9999.0], [-9999.0, -9999.0, -9999.0], [-9999.0, -9999.0, -9999.0], [-9999.0, -9999.0, -9999.0], [-9999.0, -9999.0, -9999.0], [-9999.0, -9999.0, -9999.0], [-9999.0, -9999.0, -9999.0], [-9999.0, -9999.0, -9999.0], [-9999.0, -9999.0, -9999.0], [-9999.0, -9999.0, -9999.0], [-9999.0, -9999.0, -9999.0], [-9999.0, -9999.0, -9999.0], [-9999.0, -9999.0, -9999.0], [-9999.0, -9999.0, -9999.0], [-9999.0, -9999.0, -9999.0], [-9999.0, -9999.0, -9999.0], [-9999.0, -9999.0, -9999.0], [-9999.0, -9999.0, -9999.0], [-9999.0, -9999.0, -9999.0], [-9999.0, -9999.0, -9999.0], [-9999.0, -9999.0, -9999.0], [-9999.0, -9999.0, -9999.0], [-9999.0, -9999.0, -9999.0], [-9999.0, -9999.0, -9999.0], [-9999.0, -9999.0, -9999.0], [-9999.0, -9999.0, -9999.0], [-9999.0, -9999.0, -9999.0], [-9999.0, -9999.0, -9999.0], [-9999.0, -9999.0, -9999.0], [-9999.0, -9999.0, -9999.0], [-9999.0, -9999.0, -9999.0], [-9999.0, -9999.0, -9999.0], [-9999.0, -9999.0, -9999.0], [-9999.0, -9999.0, -9999.0], [-9999.0, -9999.0, -9999.0], [-9999.0, -9999.0, -9999.0], [-9999.0, -9999.0, -9999.0], [-9999.0, -9999.0, -9999.0], [-9999.0, -9999.0, -9999.0], [-9999.0, -9999.0, -9999.0], [-9999.0, -9999.0, -9999.0], [-9999.0, -9999.0, -9999.0], [-9999.0, -9999.0, -9999.0], [-9999.0, -9999.0, -9999.0], [-9999.0, -9999.0, -9999.0], [-9999.0, -9999.0, -9999.0], [-9999.0, -9999.0, -9999.0], [-9999.0, -9999.0, -9999.0], [-9999.0, -9999.0, -9999.0], [-9999.0, -9999.0, -9999.0], [-9999.0, -9999.0, -9999.0], [-9999.0, -9999.0, -9999.0], [-9999.0, -9999.0, -9999.0], [-9999.0, -9999.0, -9999.0], [-9999.0, -9999.0, -9999.0], [-9999.0, -9999.0, -9999.0], [-9999.0, -9999.0, -9999.0], [-9999.0, -9999.0, -9999.0], [-9999.0, -9999.0, -9999.0], [-9999.0, -9999.0, -9999.0], [-9999.0, -9999.0, -9999.0], [-9999.0, -9999.0, -9999.0], [-9999.0, -9999.0, -9999.0], [-9999.0, -9999.0, -9999.0], [-9999.0, -9999.0, -9999.0], [-9999.0, -9999.0, -9999.0], [-9999.0, -9999.0, -9999.0], [-9999.0, -9999.0, -9999.0], [-9999.0, -9999.0, -9999.0], [-9999.0, -9999.0, -9999.0], [-9999.0, -9999.0, -9999.0], [-9999.0, -9999.0, -9999.0], [-9999.0, -9999.0, -9999.0], [-9999.0, -9999.0, -9999.0], [-9999.0, -9999.0, -9999.0], [-9999.0, -9999.0, -9999.0], [-9999.0, -9999.0, -9999.0], [-9999.0, -9999.0, -9999.0], [-9999.0, -9999.0, -9999.0], [-9999.0, -9999.0, -9999.0], [-9999.0, -9999.0, -9999.0], [-9999.0, -9999.0, -9999.0], [-9999.0, -9999.0, -9999.0], [-9999.0, -9999.0, -9999.0], [-9999.0, -9999.0, -9999.0], [-9999.0, -9999.0, -9999.0], [-9999.0, -9999.0, -9999.0], [-9999.0, -9999.0, -9999.0], [-9999.0, -9999.0, -9999.0], [-9999.0, -9999.0, -9999.0], [-9999.0, -9999.0, -9999.0], [-9999.0, -9999.0, -9999.0], [-9999.0, -9999.0, -9999.0], [-9999.0, -9999.0, -9999.0], [-9999.0, -9999.0, -9999.0], [-9999.0, -9999.0, -9999.0], [-9999.0, -9999.0, -9999.0], [-9999.0, -9999.0, -9999.0], [-9999.0, -9999.0, -9999.0], [-9999.0, -9999.0, -9999.0], [-9999.0, -9999.0, -9999.0], [-9999.0, -9999.0, -9999.0], [-9999.0, -9999.0, -9999.0], [-9999.0, -9999.0, -9999.0], [-9999.0, -9999.0, -9999.0], [-9999.0, -9999.0, -9999.0], [-9999.0, -9999.0, -9999.0], [-9999.0, -9999.0, -9999.0], [-9999.0, -9999.0, -9999.0], [-9999.0, -9999.0, -9999.0], [-9999.0, -9999.0, -9999.0], [-9999.0, -9999.0, -9999.0], [-9999.0, -9999.0, -9999.0], [-9999.0, -9999.0, -9999.0], [-9999.0, -9999.0, -9999.0], [-9999.0, -9999.0, -9999.0], [-9999.0, -9999.0, -9999.0], [-9999.0, -9999.0, -9999.0], [-9999.0, -9999.0, -9999.0], [-9999.0, -9999.0, -9999.0], [-9999.0, -9999.0, -9999.0], [-9999.0, -9999.0, -9999.0], [-9999.0, -9999.0, -9999.0], [-9999.0, -9999.0, -9999.0], [-9999.0, -9999.0, -9999.0], [-9999.0, -9999.0, -9999.0], [-9999.0, -9999.0, -9999.0], [-9999.0, -9999.0, -9999.0], [-9999.0, -9999.0, -9999.0], [-9999.0, -9999.0, -9999.0], [-9999.0, -9999.0, -9999.0], [-9999.0, -9999.0, -9999.0], [-9999.0, -9999.0, -9999.0], [-9999.0, -9999.0, -9999.0], [-9999.0, -9999.0, -9999.0], [-9999.0, -9999.0, -9999.0], [-9999.0, -9999.0, -9999.0], [-9999.0, -9999.0, -9999.0], [-9999.0, -9999.0, -9999.0], [-9999.0, -9999.0, -9999.0], [-9999.0, -9999.0, -9999.0], [-9999.0, -9999.0, -9999.0], [-9999.0, -9999.0, -9999.0], [-9999.0, -9999.0, -9999.0], [-9999.0, -9999.0, -9999.0], [-9999.0, -9999.0, -9999.0], [-9999.0, -9999.0, -9999.0], [-9999.0, -9999.0, -9999.0], [-9999.0, -9999.0, -9999.0], [-9999.0, -9999.0, -9999.0], [-9999.0, -9999.0, -9999.0], [-9999.0, -9999.0, -9999.0], [-9999.0, -9999.0, -9999.0], [-9999.0, -9999.0, -9999.0], [-9999.0, -9999.0, -9999.0], [-9999.0, -9999.0, -9999.0], [-9999.0, -9999.0, -9999.0], [-9999.0, -9999.0, -9999.0], [-9999.0, -9999.0, -9999.0], [-9999.0, -9999.0, -9999.0], [-9999.0, -9999.0, -9999.0], [-9999.0, -9999.0, -9999.0], [-9999.0, -9999.0, -9999.0], [-9999.0, -9999.0, -9999.0], [-9999.0, -9999.0, -9999.0], [-9999.0, -9999.0, -9999.0], [-9999.0, -9999.0, -9999.0], [-9999.0, -9999.0, -9999.0], [-9999.0, -9999.0, -9999.0], [-9999.0, -9999.0, -9999.0], [-9999.0, -9999.0, -9999.0], [-9999.0, -9999.0, -9999.0], [-9999.0, -9999.0, -9999.0], [-9999.0, -9999.0, -9999.0], [-9999.0, -9999.0, -9999.0], [-9999.0, -9999.0, -9999.0], [-9999.0, -9999.0, -9999.0], [-9999.0, -9999.0, -9999.0], [-9999.0, -9999.0, -9999.0], [-9999.0, -9999.0, -9999.0], [-9999.0, -9999.0, -9999.0], [-9999.0, -9999.0, -9999.0], [-9999.0, -9999.0, -9999.0], [-9999.0, -9999.0, -9999.0], [-9999.0, -9999.0, -9999.0], [-9999.0, -9999.0, -9999.0], [-9999.0, -9999.0, -9999.0], [-9999.0, -9999.0, -9999.0], [-9999.0, -9999.0, -9999.0], [-9999.0, -9999.0, -9999.0], [-9999.0, -9999.0, -9999.0], [-9999.0, -9999.0, -9999.0], [-9999.0, -9999.0, -9999.0], [-9999.0, -9999.0, -9999.0], [-9999.0, -9999.0, -9999.0], [-9999.0, -9999.0, -9999.0], [-9999.0, -9999.0, -9999.0], [-9999.0, -9999.0, -9999.0], [-9999.0, -9999.0, -9999.0], [-9999.0, -9999.0, -9999.0], [-9999.0, -9999.0, -9999.0], [-9999.0, -9999.0, -9999.0], [-9999.0, -9999.0, -9999.0], [-9999.0, -9999.0, -9999.0], [-9999.0, -9999.0, -9999.0], [-9999.0, -9999.0, -9999.0], [-9999.0, -9999.0, -9999.0], [-9999.0, -9999.0, -9999.0], [-9999.0, -9999.0, -9999.0], [-9999.0, -9999.0, -9999.0], [-9999.0, -9999.0, -9999.0], [-9999.0, -9999.0, -9999.0], [-9999.0, -9999.0, -9999.0], [-9999.0, -9999.0, -9999.0], [-9999.0, -9999.0, -9999.0], [-9999.0, -9999.0, -9999.0], [-9999.0, -9999.0, -9999.0], [-9999.0, -9999.0, -9999.0], [-9999.0, -9999.0, -9999.0], [-9999.0, -9999.0, -9999.0], [-9999.0, -9999.0, -9999.0], [-9999.0, -9999.0, -9999.0], [-9999.0, -9999.0, -9999.0], [-9999.0, -9999.0, -9999.0], [-9999.0, -9999.0, -9999.0], [-9999.0, -9999.0, -9999.0], [-9999.0, -9999.0, -9999.0], [-9999.0, -9999.0, -9999.0], [-9999.0, -9999.0, -9999.0], [-9999.0, -9999.0, -9999.0], [-9999.0, -9999.0, -9999.0], [-9999.0, -9999.0, -9999.0], [-9999.0, -9999.0, -9999.0], [-9999.0, -9999.0, -9999.0], [-9999.0, -9999.0, -9999.0], [-9999.0, -9999.0, -9999.0], [-9999.0, -9999.0, -9999.0], [-9999.0, -9999.0, -9999.0], [-9999.0, -9999.0, -9999.0], [-9999.0, -9999.0, -9999.0], [-9999.0, -9999.0, -9999.0], [-9999.0, -9999.0, -9999.0], [-9999.0, -9999.0, -9999.0], [-9999.0, -9999.0, -9999.0], [-9999.0, -9999.0, -9999.0], [-9999.0, -9999.0, -9999.0], [-9999.0, -9999.0, -9999.0], [-9999.0, -9999.0, -9999.0], [-9999.0, -9999.0, -9999.0], [-9999.0, -9999.0, -9999.0], [-9999.0, -9999.0, -9999.0], [-9999.0, -9999.0, -9999.0], [-9999.0, -9999.0, -9999.0], [-9999.0, -9999.0, -9999.0], [-9999.0, -9999.0, -9999.0], [-9999.0, -9999.0, -9999.0], [-9999.0, -9999.0, -9999.0], [-9999.0, -9999.0, -9999.0], [-9999.0, -9999.0, -9999.0], [-9999.0, -9999.0, -9999.0], [-9999.0, -9999.0, -9999.0], [-9999.0, -9999.0, -9999.0], [-9999.0, -9999.0, -9999.0], [-9999.0, -9999.0, -9999.0], [-9999.0, -9999.0, -9999.0], [-9999.0, -9999.0, -9999.0], [-9999.0, -9999.0, -9999.0], [-9999.0, -9999.0, -9999.0], [-9999.0, -9999.0, -9999.0], [-9999.0, -9999.0, -9999.0], [-9999.0, -9999.0, -9999.0], [-9999.0, -9999.0, -9999.0], [-9999.0, -9999.0, -9999.0], [-9999.0, -9999.0, -9999.0], [-9999.0, -9999.0, -9999.0], [-9999.0, -9999.0, -9999.0], [-9999.0, -9999.0, -9999.0], [-9999.0, -9999.0, -9999.0], [-9999.0, -9999.0, -9999.0], [-9999.0, -9999.0, -9999.0], [-9999.0, -9999.0, -9999.0], [-9999.0, -9999.0, -9999.0], [-9999.0, -9999.0, -9999.0], [-9999.0, -9999.0, -9999.0], [-9999.0, -9999.0, -9999.0], [-9999.0, -9999.0, -9999.0], [-9999.0, -9999.0, -9999.0], [-9999.0, -9999.0, -9999.0], [-9999.0, -9999.0, -9999.0], [-9999.0, -9999.0, -9999.0], [-9999.0, -9999.0, -9999.0], [-9999.0, -9999.0, -9999.0], [-9999.0, -9999.0, -9999.0], [-9999.0, -9999.0, -9999.0], [-9999.0, -9999.0, -9999.0], [-9999.0, -9999.0, -9999.0], [-9999.0, -9999.0, -9999.0], [-9999.0, -9999.0, -9999.0], [-9999.0, -9999.0, -9999.0], [-9999.0, -9999.0, -9999.0], [-9999.0, -9999.0, -9999.0], [-9999.0, -9999.0, -9999.0], [-9999.0, -9999.0, -9999.0], [-9999.0, -9999.0, -9999.0], [-9999.0, -9999.0, -9999.0], [-9999.0, -9999.0, -9999.0], [-9999.0, -9999.0, -9999.0], [-9999.0, -9999.0, -9999.0], [-9999.0, -9999.0, -9999.0], [-9999.0, -9999.0, -9999.0], [-9999.0, -9999.0, -9999.0], [-9999.0, -9999.0, -9999.0], [-9999.0, -9999.0, -9999.0], [-9999.0, -9999.0, -9999.0], [-9999.0, -9999.0, -9999.0], [-9999.0, -9999.0, -9999.0], [-9999.0, -9999.0, -9999.0], [-9999.0, -9999.0, -9999.0], [-9999.0, -9999.0, -9999.0], [-9999.0, -9999.0, -9999.0], [-9999.0, -9999.0, -9999.0], [-9999.0, -9999.0, -9999.0], [-9999.0, -9999.0, -9999.0], [-9999.0, -9999.0, -9999.0], [-9999.0, -9999.0, -9999.0], [-9999.0, -9999.0, -9999.0], [-9999.0, -9999.0, -9999.0], [-9999.0, -9999.0, -9999.0], [-9999.0, -9999.0, -9999.0], [-9999.0, -9999.0, -9999.0], [-9999.0, -9999.0, -9999.0], [-9999.0, -9999.0, -9999.0], [-9999.0, -9999.0, -9999.0], [-9999.0, -9999.0, -9999.0], [-9999.0, -9999.0, -9999.0], [-9999.0, -9999.0, -9999.0], [-9999.0, -9999.0, -9999.0], [-9999.0, -9999.0, -9999.0], [-9999.0, -9999.0, -9999.0], [-9999.0, -9999.0, -9999.0], [-9999.0, -9999.0, -9999.0], [-9999.0, -9999.0, -9999.0], [-9999.0, -9999.0, -9999.0], [-9999.0, -9999.0, -9999.0], [-9999.0, -9999.0, -9999.0], [-9999.0, -9999.0, -9999.0], [-9999.0, -9999.0, -9999.0], [-9999.0, -9999.0, -9999.0], [-9999.0, -9999.0, -9999.0], [-9999.0, -9999.0, -9999.0], [-9999.0, -9999.0, -9999.0], [-9999.0, -9999.0, -9999.0], [-9999.0, -9999.0, -9999.0], [-9999.0, -9999.0, -9999.0], [-9999.0, -9999.0, -9999.0], [-9999.0, -9999.0, -9999.0], [-9999.0, -9999.0, -9999.0], [-9999.0, -9999.0, -9999.0], [-9999.0, -9999.0, -9999.0], [-9999.0, -9999.0, -9999.0], [-9999.0, -9999.0, -9999.0], [-9999.0, -9999.0, -9999.0], [-9999.0, -9999.0, -9999.0], [-9999.0, -9999.0, -9999.0], [-9999.0, -9999.0, -9999.0], [-9999.0, -9999.0, -9999.0], [-9999.0, -9999.0, -9999.0], [-9999.0, -9999.0, -9999.0], [-9999.0, -9999.0, -9999.0], [-9999.0, -9999.0, -9999.0], [-9999.0, -9999.0, -9999.0], [-9999.0, -9999.0, -9999.0], [-9999.0, -9999.0, -9999.0], [-9999.0, -9999.0, -9999.0], [-9999.0, -9999.0, -9999.0], [-9999.0, -9999.0, -9999.0], [-9999.0, -9999.0, -9999.0], [-9999.0, -9999.0, -9999.0], [-9999.0, -9999.0, -9999.0], [-9999.0, -9999.0, -9999.0], [-9999.0, -9999.0, -9999.0], [-9999.0, -9999.0, -9999.0], [-9999.0, -9999.0, -9999.0], [-9999.0, -9999.0, -9999.0]]",
floatingse.platform_Fnode,output,N,"[[0.0, 0.0, 0.0], [0.0, 0.0, 0.0], [0.0, 0.0, 278320.3419026925], [0.0, 0.0, 278320.3419026925], [0.0, 0.0, 0.0], [0.0, 0.0, 0.0], [0.0, 0.0, 0.0], [0.0, 0.0, 0.0], [0.0, 0.0, 0.0], [0.0, 0.0, 0.0], [0.0, 0.0, 0.0], [0.0, 0.0, 0.0], [0.0, 0.0, 0.0], [0.0, 0.0, 0.0], [0.0, 0.0, 16161826.13475262], [0.0, 0.0, 0.0], [0.0, 0.0, 0.0], [0.0, 0.0, 0.0], [0.0, 0.0, 0.0], [0.0, 0.0, 0.0], [0.0, 0.0, 0.0], [0.0, 0.0, 0.0], [0.0, 0.0, 0.0], [0.0, 0.0, 0.0], [0.0, 0.0, 0.0], [0.0, 0.0, 0.0], [0.0, 0.0, 0.0], [0.0, 0.0, 0.0], [-5.256349686533213e-05, 2.1187588572502136e-08, -3611272.519607671], [0.0, 0.0, 0.0], [0.0, 0.0, 0.0], [0.0, 0.0, 0.0], [0.0, 0.0, 278320.3419026925], [0.0, 0.0, 0.0], [-9999.0, -9999.0, -9999.0], [-9999.0, -9999.0, -9999.0], [-9999.0, -9999.0, -9999.0], [-9999.0, -9999.0, -9999.0], [-9999.0, -9999.0, -9999.0], [-9999.0, -9999.0, -9999.0], [-9999.0, -9999.0, -9999.0], [-9999.0, -9999.0, -9999.0], [-9999.0, -9999.0, -9999.0], [-9999.0, -9999.0, -9999.0], [-9999.0, -9999.0, -9999.0], [-9999.0, -9999.0, -9999.0], [-9999.0, -9999.0, -9999.0], [-9999.0, -9999.0, -9999.0], [-9999.0, -9999.0, -9999.0], [-9999.0, -9999.0, -9999.0], [-9999.0, -9999.0, -9999.0], [-9999.0, -9999.0, -9999.0], [-9999.0, -9999.0, -9999.0], [-9999.0, -9999.0, -9999.0], [-9999.0, -9999.0, -9999.0], [-9999.0, -9999.0, -9999.0], [-9999.0, -9999.0, -9999.0], [-9999.0, -9999.0, -9999.0], [-9999.0, -9999.0, -9999.0], [-9999.0, -9999.0, -9999.0], [-9999.0, -9999.0, -9999.0], [-9999.0, -9999.0, -9999.0], [-9999.0, -9999.0, -9999.0], [-9999.0, -9999.0, -9999.0], [-9999.0, -9999.0, -9999.0], [-9999.0, -9999.0, -9999.0], [-9999.0, -9999.0, -9999.0], [-9999.0, -9999.0, -9999.0], [-9999.0, -9999.0, -9999.0], [-9999.0, -9999.0, -9999.0], [-9999.0, -9999.0, -9999.0], [-9999.0, -9999.0, -9999.0], [-9999.0, -9999.0, -9999.0], [-9999.0, -9999.0, -9999.0], [-9999.0, -9999.0, -9999.0], [-9999.0, -9999.0, -9999.0], [-9999.0, -9999.0, -9999.0], [-9999.0, -9999.0, -9999.0], [-9999.0, -9999.0, -9999.0], [-9999.0, -9999.0, -9999.0], [-9999.0, -9999.0, -9999.0], [-9999.0, -9999.0, -9999.0], [-9999.0, -9999.0, -9999.0], [-9999.0, -9999.0, -9999.0], [-9999.0, -9999.0, -9999.0], [-9999.0, -9999.0, -9999.0], [-9999.0, -9999.0, -9999.0], [-9999.0, -9999.0, -9999.0], [-9999.0, -9999.0, -9999.0], [-9999.0, -9999.0, -9999.0], [-9999.0, -9999.0, -9999.0], [-9999.0, -9999.0, -9999.0], [-9999.0, -9999.0, -9999.0], [-9999.0, -9999.0, -9999.0], [-9999.0, -9999.0, -9999.0], [-9999.0, -9999.0, -9999.0], [-9999.0, -9999.0, -9999.0], [-9999.0, -9999.0, -9999.0], [-9999.0, -9999.0, -9999.0], [-9999.0, -9999.0, -9999.0], [-9999.0, -9999.0, -9999.0], [-9999.0, -9999.0, -9999.0], [-9999.0, -9999.0, -9999.0], [-9999.0, -9999.0, -9999.0], [-9999.0, -9999.0, -9999.0], [-9999.0, -9999.0, -9999.0], [-9999.0, -9999.0, -9999.0], [-9999.0, -9999.0, -9999.0], [-9999.0, -9999.0, -9999.0], [-9999.0, -9999.0, -9999.0], [-9999.0, -9999.0, -9999.0], [-9999.0, -9999.0, -9999.0], [-9999.0, -9999.0, -9999.0], [-9999.0, -9999.0, -9999.0], [-9999.0, -9999.0, -9999.0], [-9999.0, -9999.0, -9999.0], [-9999.0, -9999.0, -9999.0], [-9999.0, -9999.0, -9999.0], [-9999.0, -9999.0, -9999.0], [-9999.0, -9999.0, -9999.0], [-9999.0, -9999.0, -9999.0], [-9999.0, -9999.0, -9999.0], [-9999.0, -9999.0, -9999.0], [-9999.0, -9999.0, -9999.0], [-9999.0, -9999.0, -9999.0], [-9999.0, -9999.0, -9999.0], [-9999.0, -9999.0, -9999.0], [-9999.0, -9999.0, -9999.0], [-9999.0, -9999.0, -9999.0], [-9999.0, -9999.0, -9999.0], [-9999.0, -9999.0, -9999.0], [-9999.0, -9999.0, -9999.0], [-9999.0, -9999.0, -9999.0], [-9999.0, -9999.0, -9999.0], [-9999.0, -9999.0, -9999.0], [-9999.0, -9999.0, -9999.0], [-9999.0, -9999.0, -9999.0], [-9999.0, -9999.0, -9999.0], [-9999.0, -9999.0, -9999.0], [-9999.0, -9999.0, -9999.0], [-9999.0, -9999.0, -9999.0], [-9999.0, -9999.0, -9999.0], [-9999.0, -9999.0, -9999.0], [-9999.0, -9999.0, -9999.0], [-9999.0, -9999.0, -9999.0], [-9999.0, -9999.0, -9999.0], [-9999.0, -9999.0, -9999.0], [-9999.0, -9999.0, -9999.0], [-9999.0, -9999.0, -9999.0], [-9999.0, -9999.0, -9999.0], [-9999.0, -9999.0, -9999.0], [-9999.0, -9999.0, -9999.0], [-9999.0, -9999.0, -9999.0], [-9999.0, -9999.0, -9999.0], [-9999.0, -9999.0, -9999.0], [-9999.0, -9999.0, -9999.0], [-9999.0, -9999.0, -9999.0], [-9999.0, -9999.0, -9999.0], [-9999.0, -9999.0, -9999.0], [-9999.0, -9999.0, -9999.0], [-9999.0, -9999.0, -9999.0], [-9999.0, -9999.0, -9999.0], [-9999.0, -9999.0, -9999.0], [-9999.0, -9999.0, -9999.0], [-9999.0, -9999.0, -9999.0], [-9999.0, -9999.0, -9999.0], [-9999.0, -9999.0, -9999.0], [-9999.0, -9999.0, -9999.0], [-9999.0, -9999.0, -9999.0], [-9999.0, -9999.0, -9999.0], [-9999.0, -9999.0, -9999.0], [-9999.0, -9999.0, -9999.0], [-9999.0, -9999.0, -9999.0], [-9999.0, -9999.0, -9999.0], [-9999.0, -9999.0, -9999.0], [-9999.0, -9999.0, -9999.0], [-9999.0, -9999.0, -9999.0], [-9999.0, -9999.0, -9999.0], [-9999.0, -9999.0, -9999.0], [-9999.0, -9999.0, -9999.0], [-9999.0, -9999.0, -9999.0], [-9999.0, -9999.0, -9999.0], [-9999.0, -9999.0, -9999.0], [-9999.0, -9999.0, -9999.0], [-9999.0, -9999.0, -9999.0], [-9999.0, -9999.0, -9999.0], [-9999.0, -9999.0, -9999.0], [-9999.0, -9999.0, -9999.0], [-9999.0, -9999.0, -9999.0], [-9999.0, -9999.0, -9999.0], [-9999.0, -9999.0, -9999.0], [-9999.0, -9999.0, -9999.0], [-9999.0, -9999.0, -9999.0], [-9999.0, -9999.0, -9999.0], [-9999.0, -9999.0, -9999.0], [-9999.0, -9999.0, -9999.0], [-9999.0, -9999.0, -9999.0], [-9999.0, -9999.0, -9999.0], [-9999.0, -9999.0, -9999.0], [-9999.0, -9999.0, -9999.0], [-9999.0, -9999.0, -9999.0], [-9999.0, -9999.0, -9999.0], [-9999.0, -9999.0, -9999.0], [-9999.0, -9999.0, -9999.0], [-9999.0, -9999.0, -9999.0], [-9999.0, -9999.0, -9999.0], [-9999.0, -9999.0, -9999.0], [-9999.0, -9999.0, -9999.0], [-9999.0, -9999.0, -9999.0], [-9999.0, -9999.0, -9999.0], [-9999.0, -9999.0, -9999.0], [-9999.0, -9999.0, -9999.0], [-9999.0, -9999.0, -9999.0], [-9999.0, -9999.0, -9999.0], [-9999.0, -9999.0, -9999.0], [-9999.0, -9999.0, -9999.0], [-9999.0, -9999.0, -9999.0], [-9999.0, -9999.0, -9999.0], [-9999.0, -9999.0, -9999.0], [-9999.0, -9999.0, -9999.0], [-9999.0, -9999.0, -9999.0], [-9999.0, -9999.0, -9999.0], [-9999.0, -9999.0, -9999.0], [-9999.0, -9999.0, -9999.0], [-9999.0, -9999.0, -9999.0], [-9999.0, -9999.0, -9999.0], [-9999.0, -9999.0, -9999.0], [-9999.0, -9999.0, -9999.0], [-9999.0, -9999.0, -9999.0], [-9999.0, -9999.0, -9999.0], [-9999.0, -9999.0, -9999.0], [-9999.0, -9999.0, -9999.0], [-9999.0, -9999.0, -9999.0], [-9999.0, -9999.0, -9999.0], [-9999.0, -9999.0, -9999.0], [-9999.0, -9999.0, -9999.0], [-9999.0, -9999.0, -9999.0], [-9999.0, -9999.0, -9999.0], [-9999.0, -9999.0, -9999.0], [-9999.0, -9999.0, -9999.0], [-9999.0, -9999.0, -9999.0], [-9999.0, -9999.0, -9999.0], [-9999.0, -9999.0, -9999.0], [-9999.0, -9999.0, -9999.0], [-9999.0, -9999.0, -9999.0], [-9999.0, -9999.0, -9999.0], [-9999.0, -9999.0, -9999.0], [-9999.0, -9999.0, -9999.0], [-9999.0, -9999.0, -9999.0], [-9999.0, -9999.0, -9999.0], [-9999.0, -9999.0, -9999.0], [-9999.0, -9999.0, -9999.0], [-9999.0, -9999.0, -9999.0], [-9999.0, -9999.0, -9999.0], [-9999.0, -9999.0, -9999.0], [-9999.0, -9999.0, -9999.0], [-9999.0, -9999.0, -9999.0], [-9999.0, -9999.0, -9999.0], [-9999.0, -9999.0, -9999.0], [-9999.0, -9999.0, -9999.0], [-9999.0, -9999.0, -9999.0], [-9999.0, -9999.0, -9999.0], [-9999.0, -9999.0, -9999.0], [-9999.0, -9999.0, -9999.0], [-9999.0, -9999.0, -9999.0], [-9999.0, -9999.0, -9999.0], [-9999.0, -9999.0, -9999.0], [-9999.0, -9999.0, -9999.0], [-9999.0, -9999.0, -9999.0], [-9999.0, -9999.0, -9999.0], [-9999.0, -9999.0, -9999.0], [-9999.0, -9999.0, -9999.0], [-9999.0, -9999.0, -9999.0], [-9999.0, -9999.0, -9999.0], [-9999.0, -9999.0, -9999.0], [-9999.0, -9999.0, -9999.0], [-9999.0, -9999.0, -9999.0], [-9999.0, -9999.0, -9999.0], [-9999.0, -9999.0, -9999.0], [-9999.0, -9999.0, -9999.0], [-9999.0, -9999.0, -9999.0], [-9999.0, -9999.0, -9999.0], [-9999.0, -9999.0, -9999.0], [-9999.0, -9999.0, -9999.0], [-9999.0, -9999.0, -9999.0], [-9999.0, -9999.0, -9999.0], [-9999.0, -9999.0, -9999.0], [-9999.0, -9999.0, -9999.0], [-9999.0, -9999.0, -9999.0], [-9999.0, -9999.0, -9999.0], [-9999.0, -9999.0, -9999.0], [-9999.0, -9999.0, -9999.0], [-9999.0, -9999.0, -9999.0], [-9999.0, -9999.0, -9999.0], [-9999.0, -9999.0, -9999.0], [-9999.0, -9999.0, -9999.0], [-9999.0, -9999.0, -9999.0], [-9999.0, -9999.0, -9999.0], [-9999.0, -9999.0, -9999.0], [-9999.0, -9999.0, -9999.0], [-9999.0, -9999.0, -9999.0], [-9999.0, -9999.0, -9999.0], [-9999.0, -9999.0, -9999.0], [-9999.0, -9999.0, -9999.0], [-9999.0, -9999.0, -9999.0], [-9999.0, -9999.0, -9999.0], [-9999.0, -9999.0, -9999.0], [-9999.0, -9999.0, -9999.0], [-9999.0, -9999.0, -9999.0], [-9999.0, -9999.0, -9999.0], [-9999.0, -9999.0, -9999.0], [-9999.0, -9999.0, -9999.0], [-9999.0, -9999.0, -9999.0], [-9999.0, -9999.0, -9999.0], [-9999.0, -9999.0, -9999.0], [-9999.0, -9999.0, -9999.0], [-9999.0, -9999.0, -9999.0], [-9999.0, -9999.0, -9999.0], [-9999.0, -9999.0, -9999.0], [-9999.0, -9999.0, -9999.0], [-9999.0, -9999.0, -9999.0], [-9999.0, -9999.0, -9999.0], [-9999.0, -9999.0, -9999.0], [-9999.0, -9999.0, -9999.0], [-9999.0, -9999.0, -9999.0], [-9999.0, -9999.0, -9999.0], [-9999.0, -9999.0, -9999.0], [-9999.0, -9999.0, -9999.0], [-9999.0, -9999.0, -9999.0], [-9999.0, -9999.0, -9999.0], [-9999.0, -9999.0, -9999.0], [-9999.0, -9999.0, -9999.0], [-9999.0, -9999.0, -9999.0], [-9999.0, -9999.0, -9999.0], [-9999.0, -9999.0, -9999.0], [-9999.0, -9999.0, -9999.0], [-9999.0, -9999.0, -9999.0], [-9999.0, -9999.0, -9999.0], [-9999.0, -9999.0, -9999.0], [-9999.0, -9999.0, -9999.0], [-9999.0, -9999.0, -9999.0], [-9999.0, -9999.0, -9999.0], [-9999.0, -9999.0, -9999.0], [-9999.0, -9999.0, -9999.0], [-9999.0, -9999.0, -9999.0], [-9999.0, -9999.0, -9999.0], [-9999.0, -9999.0, -9999.0], [-9999.0, -9999.0, -9999.0], [-9999.0, -9999.0, -9999.0], [-9999.0, -9999.0, -9999.0], [-9999.0, -9999.0, -9999.0], [-9999.0, -9999.0, -9999.0], [-9999.0, -9999.0, -9999.0], [-9999.0, -9999.0, -9999.0], [-9999.0, -9999.0, -9999.0], [-9999.0, -9999.0, -9999.0], [-9999.0, -9999.0, -9999.0], [-9999.0, -9999.0, -9999.0], [-9999.0, -9999.0, -9999.0], [-9999.0, -9999.0, -9999.0], [-9999.0, -9999.0, -9999.0], [-9999.0, -9999.0, -9999.0], [-9999.0, -9999.0, -9999.0], [-9999.0, -9999.0, -9999.0], [-9999.0, -9999.0, -9999.0], [-9999.0, -9999.0, -9999.0], [-9999.0, -9999.0, -9999.0], [-9999.0, -9999.0, -9999.0], [-9999.0, -9999.0, -9999.0], [-9999.0, -9999.0, -9999.0], [-9999.0, -9999.0, -9999.0], [-9999.0, -9999.0, -9999.0], [-9999.0, -9999.0, -9999.0], [-9999.0, -9999.0, -9999.0], [-9999.0, -9999.0, -9999.0], [-9999.0, -9999.0, -9999.0], [-9999.0, -9999.0, -9999.0], [-9999.0, -9999.0, -9999.0], [-9999.0, -9999.0, -9999.0], [-9999.0, -9999.0, -9999.0], [-9999.0, -9999.0, -9999.0], [-9999.0, -9999.0, -9999.0], [-9999.0, -9999.0, -9999.0], [-9999.0, -9999.0, -9999.0], [-9999.0, -9999.0, -9999.0], [-9999.0, -9999.0, -9999.0], [-9999.0, -9999.0, -9999.0], [-9999.0, -9999.0, -9999.0], [-9999.0, -9999.0, -9999.0], [-9999.0, -9999.0, -9999.0], [-9999.0, -9999.0, -9999.0], [-9999.0, -9999.0, -9999.0], [-9999.0, -9999.0, -9999.0], [-9999.0, -9999.0, -9999.0], [-9999.0, -9999.0, -9999.0], [-9999.0, -9999.0, -9999.0], [-9999.0, -9999.0, -9999.0], [-9999.0, -9999.0, -9999.0], [-9999.0, -9999.0, -9999.0], [-9999.0, -9999.0, -9999.0], [-9999.0, -9999.0, -9999.0], [-9999.0, -9999.0, -9999.0], [-9999.0, -9999.0, -9999.0], [-9999.0, -9999.0, -9999.0], [-9999.0, -9999.0, -9999.0], [-9999.0, -9999.0, -9999.0], [-9999.0, -9999.0, -9999.0], [-9999.0, -9999.0, -9999.0], [-9999.0, -9999.0, -9999.0], [-9999.0, -9999.0, -9999.0], [-9999.0, -9999.0, -9999.0], [-9999.0, -9999.0, -9999.0], [-9999.0, -9999.0, -9999.0], [-9999.0, -9999.0, -9999.0], [-9999.0, -9999.0, -9999.0], [-9999.0, -9999.0, -9999.0], [-9999.0, -9999.0, -9999.0], [-9999.0, -9999.0, -9999.0], [-9999.0, -9999.0, -9999.0], [-9999.0, -9999.0, -9999.0], [-9999.0, -9999.0, -9999.0], [-9999.0, -9999.0, -9999.0], [-9999.0, -9999.0, -9999.0], [-9999.0, -9999.0, -9999.0], [-9999.0, -9999.0, -9999.0], [-9999.0, -9999.0, -9999.0], [-9999.0, -9999.0, -9999.0], [-9999.0, -9999.0, -9999.0], [-9999.0, -9999.0, -9999.0], [-9999.0, -9999.0, -9999.0], [-9999.0, -9999.0, -9999.0], [-9999.0, -9999.0, -9999.0], [-9999.0, -9999.0, -9999.0], [-9999.0, -9999.0, -9999.0], [-9999.0, -9999.0, -9999.0], [-9999.0, -9999.0, -9999.0], [-9999.0, -9999.0, -9999.0], [-9999.0, -9999.0, -9999.0], [-9999.0, -9999.0, -9999.0], [-9999.0, -9999.0, -9999.0], [-9999.0, -9999.0, -9999.0], [-9999.0, -9999.0, -9999.0], [-9999.0, -9999.0, -9999.0], [-9999.0, -9999.0, -9999.0], [-9999.0, -9999.0, -9999.0], [-9999.0, -9999.0, -9999.0], [-9999.0, -9999.0, -9999.0], [-9999.0, -9999.0, -9999.0], [-9999.0, -9999.0, -9999.0], [-9999.0, -9999.0, -9999.0], [-9999.0, -9999.0, -9999.0], [-9999.0, -9999.0, -9999.0], [-9999.0, -9999.0, -9999.0], [-9999.0, -9999.0, -9999.0], [-9999.0, -9999.0, -9999.0], [-9999.0, -9999.0, -9999.0], [-9999.0, -9999.0, -9999.0], [-9999.0, -9999.0, -9999.0], [-9999.0, -9999.0, -9999.0], [-9999.0, -9999.0, -9999.0], [-9999.0, -9999.0, -9999.0], [-9999.0, -9999.0, -9999.0], [-9999.0, -9999.0, -9999.0], [-9999.0, -9999.0, -9999.0], [-9999.0, -9999.0, -9999.0], [-9999.0, -9999.0, -9999.0], [-9999.0, -9999.0, -9999.0], [-9999.0, -9999.0, -9999.0], [-9999.0, -9999.0, -9999.0], [-9999.0, -9999.0, -9999.0], [-9999.0, -9999.0, -9999.0], [-9999.0, -9999.0, -9999.0], [-9999.0, -9999.0, -9999.0], [-9999.0, -9999.0, -9999.0], [-9999.0, -9999.0, -9999.0], [-9999.0, -9999.0, -9999.0], [-9999.0, -9999.0, -9999.0], [-9999.0, -9999.0, -9999.0], [-9999.0, -9999.0, -9999.0], [-9999.0, -9999.0, -9999.0], [-9999.0, -9999.0, -9999.0], [-9999.0, -9999.0, -9999.0], [-9999.0, -9999.0, -9999.0], [-9999.0, -9999.0, -9999.0], [-9999.0, -9999.0, -9999.0], [-9999.0, -9999.0, -9999.0], [-9999.0, -9999.0, -9999.0], [-9999.0, -9999.0, -9999.0], [-9999.0, -9999.0, -9999.0], [-9999.0, -9999.0, -9999.0], [-9999.0, -9999.0, -9999.0], [-9999.0, -9999.0, -9999.0], [-9999.0, -9999.0, -9999.0], [-9999.0, -9999.0, -9999.0], [-9999.0, -9999.0, -9999.0], [-9999.0, -9999.0, -9999.0], [-9999.0, -9999.0, -9999.0], [-9999.0, -9999.0, -9999.0], [-9999.0, -9999.0, -9999.0], [-9999.0, -9999.0, -9999.0]]",
floatingse.platform_Rnode,output,m,"[0.5, 0.5, 0.5, 0.5, 0.5, 0.5, 0.5, 0.5, 0.5, 0.5, 4.7, 4.7, 4.7, 4.7, 4.7, 4.7, 4.7, 4.7, 4.7, 4.7, 4.7, 4.7, 4.7, 4.676422764227643, 3.9749999999999988, 3.25, 3.25, 3.25, 3.25, 0.5, 0.5, 0.5, 0.5, 0.5, -9999.0, -9999.0, -9999.0, -9999.0, -9999.0, -9999.0, -9999.0, -9999.0, -9999.0, -9999.0, -9999.0, -9999.0, -9999.0, -9999.0, -9999.0, -9999.0, -9999.0, -9999.0, -9999.0, -9999.0, -9999.0, -9999.0, -9999.0, -9999.0, -9999.0, -9999.0, -9999.0, -9999.0, -9999.0, -9999.0, -9999.0, -9999.0, -9999.0, -9999.0, -9999.0, -9999.0, -9999.0, -9999.0, -9999.0, -9999.0, -9999.0, -9999.0, -9999.0, -9999.0, -9999.0, -9999.0, -9999.0, -9999.0, -9999.0, -9999.0, -9999.0, -9999.0, -9999.0, -9999.0, -9999.0, -9999.0, -9999.0, -9999.0, -9999.0, -9999.0, -9999.0, -9999.0, -9999.0, -9999.0, -9999.0, -9999.0, -9999.0, -9999.0, -9999.0, -9999.0, -9999.0, -9999.0, -9999.0, -9999.0, -9999.0, -9999.0, -9999.0, -9999.0, -9999.0, -9999.0, -9999.0, -9999.0, -9999.0, -9999.0, -9999.0, -9999.0, -9999.0, -9999.0, -9999.0, -9999.0, -9999.0, -9999.0, -9999.0, -9999.0, -9999.0, -9999.0, -9999.0, -9999.0, -9999.0, -9999.0, -9999.0, -9999.0, -9999.0, -9999.0, -9999.0, -9999.0, -9999.0, -9999.0, -9999.0, -9999.0, -9999.0, -9999.0, -9999.0, -9999.0, -9999.0, -9999.0, -9999.0, -9999.0, -9999.0, -9999.0, -9999.0, -9999.0, -9999.0, -9999.0, -9999.0, -9999.0, -9999.0, -9999.0, -9999.0, -9999.0, -9999.0, -9999.0, -9999.0, -9999.0, -9999.0, -9999.0, -9999.0, -9999.0, -9999.0, -9999.0, -9999.0, -9999.0, -9999.0, -9999.0, -9999.0, -9999.0, -9999.0, -9999.0, -9999.0, -9999.0, -9999.0, -9999.0, -9999.0, -9999.0, -9999.0, -9999.0, -9999.0, -9999.0, -9999.0, -9999.0, -9999.0, -9999.0, -9999.0, -9999.0, -9999.0, -9999.0, -9999.0, -9999.0, -9999.0, -9999.0, -9999.0, -9999.0, -9999.0, -9999.0, -9999.0, -9999.0, -9999.0, -9999.0, -9999.0, -9999.0, -9999.0, -9999.0, -9999.0, -9999.0, -9999.0, -9999.0, -9999.0, -9999.0, -9999.0, -9999.0, -9999.0, -9999.0, -9999.0, -9999.0, -9999.0, -9999.0, -9999.0, -9999.0, -9999.0, -9999.0, -9999.0, -9999.0, -9999.0, -9999.0, -9999.0, -9999.0, -9999.0, -9999.0, -9999.0, -9999.0, -9999.0, -9999.0, -9999.0, -9999.0, -9999.0, -9999.0, -9999.0, -9999.0, -9999.0, -9999.0, -9999.0, -9999.0, -9999.0, -9999.0, -9999.0, -9999.0, -9999.0, -9999.0, -9999.0, -9999.0, -9999.0, -9999.0, -9999.0, -9999.0, -9999.0, -9999.0, -9999.0, -9999.0, -9999.0, -9999.0, -9999.0, -9999.0, -9999.0, -9999.0, -9999.0, -9999.0, -9999.0, -9999.0, -9999.0, -9999.0, -9999.0, -9999.0, -9999.0, -9999.0, -9999.0, -9999.0, -9999.0, -9999.0, -9999.0, -9999.0, -9999.0, -9999.0, -9999.0, -9999.0, -9999.0, -9999.0, -9999.0, -9999.0, -9999.0, -9999.0, -9999.0, -9999.0, -9999.0, -9999.0, -9999.0, -9999.0, -9999.0, -9999.0, -9999.0, -9999.0, -9999.0, -9999.0, -9999.0, -9999.0, -9999.0, -9999.0, -9999.0, -9999.0, -9999.0, -9999.0, -9999.0, -9999.0, -9999.0, -9999.0, -9999.0, -9999.0, -9999.0, -9999.0, -9999.0, -9999.0, -9999.0, -9999.0, -9999.0, -9999.0, -9999.0, -9999.0, -9999.0, -9999.0, -9999.0, -9999.0, -9999.0, -9999.0, -9999.0, -9999.0, -9999.0, -9999.0, -9999.0, -9999.0, -9999.0, -9999.0, -9999.0, -9999.0, -9999.0, -9999.0, -9999.0, -9999.0, -9999.0, -9999.0, -9999.0, -9999.0, -9999.0, -9999.0, -9999.0, -9999.0, -9999.0, -9999.0, -9999.0, -9999.0, -9999.0, -9999.0, -9999.0, -9999.0, -9999.0, -9999.0, -9999.0, -9999.0, -9999.0, -9999.0, -9999.0, -9999.0, -9999.0, -9999.0, -9999.0, -9999.0, -9999.0, -9999.0, -9999.0, -9999.0, -9999.0, -9999.0, -9999.0, -9999.0, -9999.0, -9999.0, -9999.0, -9999.0, -9999.0, -9999.0, -9999.0, -9999.0, -9999.0, -9999.0, -9999.0, -9999.0, -9999.0, -9999.0, -9999.0, -9999.0, -9999.0, -9999.0, -9999.0, -9999.0, -9999.0, -9999.0, -9999.0, -9999.0, -9999.0, -9999.0, -9999.0, -9999.0, -9999.0, -9999.0, -9999.0, -9999.0, -9999.0, -9999.0, -9999.0, -9999.0, -9999.0, -9999.0, -9999.0, -9999.0, -9999.0, -9999.0, -9999.0, -9999.0, -9999.0, -9999.0, -9999.0, -9999.0, -9999.0, -9999.0, -9999.0, -9999.0, -9999.0, -9999.0, -9999.0, -9999.0, -9999.0, -9999.0, -9999.0, -9999.0, -9999.0, -9999.0, -9999.0, -9999.0, -9999.0, -9999.0, -9999.0, -9999.0, -9999.0, -9999.0, -9999.0, -9999.0, -9999.0, -9999.0, -9999.0, -9999.0, -9999.0, -9999.0, -9999.0, -9999.0, -9999.0, -9999.0, -9999.0, -9999.0, -9999.0, -9999.0, -9999.0, -9999.0, -9999.0, -9999.0, -9999.0, -9999.0, -9999.0, -9999.0, -9999.0, -9999.0, -9999.0, -9999.0, -9999.0, -9999.0, -9999.0, -9999.0, -9999.0, -9999.0]",
floatingse.platform_elem_n1,output,,"[10.0, 11.0, 12.0, 13.0, 14.0, 15.0, 16.0, 17.0, 18.0, 19.0, 20.0, 21.0, 22.0, 23.0, 24.0, 25.0, 26.0, 27.0, 33.0, 32.0, 31.0, 30.0, 29.0, 1.0, 3.0, 5.0, 7.0, 9.0, 0.0, 2.0, 4.0, 6.0, 8.0, -9999.0, -9999.0, -9999.0, -9999.0, -9999.0, -9999.0, -9999.0, -9999.0, -9999.0, -9999.0, -9999.0, -9999.0, -9999.0, -9999.0, -9999.0, -9999.0, -9999.0, -9999.0, -9999.0, -9999.0, -9999.0, -9999.0, -9999.0, -9999.0, -9999.0, -9999.0, -9999.0, -9999.0, -9999.0, -9999.0, -9999.0, -9999.0, -9999.0, -9999.0, -9999.0, -9999.0, -9999.0, -9999.0, -9999.0, -9999.0, -9999.0, -9999.0, -9999.0, -9999.0, -9999.0, -9999.0, -9999.0, -9999.0, -9999.0, -9999.0, -9999.0, -9999.0, -9999.0, -9999.0, -9999.0, -9999.0, -9999.0, -9999.0, -9999.0, -9999.0, -9999.0, -9999.0, -9999.0, -9999.0, -9999.0, -9999.0, -9999.0, -9999.0, -9999.0, -9999.0, -9999.0, -9999.0, -9999.0, -9999.0, -9999.0, -9999.0, -9999.0, -9999.0, -9999.0, -9999.0, -9999.0, -9999.0, -9999.0, -9999.0, -9999.0, -9999.0, -9999.0, -9999.0, -9999.0, -9999.0, -9999.0, -9999.0, -9999.0, -9999.0, -9999.0, -9999.0, -9999.0, -9999.0, -9999.0, -9999.0, -9999.0, -9999.0, -9999.0, -9999.0, -9999.0, -9999.0, -9999.0, -9999.0, -9999.0, -9999.0, -9999.0, -9999.0, -9999.0, -9999.0, -9999.0, -9999.0, -9999.0, -9999.0, -9999.0, -9999.0, -9999.0, -9999.0, -9999.0, -9999.0, -9999.0, -9999.0, -9999.0, -9999.0, -9999.0, -9999.0, -9999.0, -9999.0, -9999.0, -9999.0, -9999.0, -9999.0, -9999.0, -9999.0, -9999.0, -9999.0, -9999.0, -9999.0, -9999.0, -9999.0, -9999.0, -9999.0, -9999.0, -9999.0, -9999.0, -9999.0, -9999.0, -9999.0, -9999.0, -9999.0, -9999.0, -9999.0, -9999.0, -9999.0, -9999.0, -9999.0, -9999.0, -9999.0, -9999.0, -9999.0, -9999.0, -9999.0, -9999.0, -9999.0, -9999.0, -9999.0, -9999.0, -9999.0, -9999.0, -9999.0, -9999.0, -9999.0, -9999.0, -9999.0, -9999.0, -9999.0, -9999.0, -9999.0, -9999.0, -9999.0, -9999.0, -9999.0, -9999.0, -9999.0, -9999.0, -9999.0, -9999.0, -9999.0, -9999.0, -9999.0, -9999.0, -9999.0, -9999.0, -9999.0, -9999.0, -9999.0, -9999.0, -9999.0, -9999.0, -9999.0, -9999.0, -9999.0, -9999.0, -9999.0, -9999.0, -9999.0, -9999.0, -9999.0, -9999.0, -9999.0, -9999.0, -9999.0, -9999.0, -9999.0, -9999.0, -9999.0, -9999.0, -9999.0, -9999.0, -9999.0, -9999.0, -9999.0, -9999.0, -9999.0, -9999.0, -9999.0, -9999.0, -9999.0, -9999.0, -9999.0, -9999.0, -9999.0, -9999.0, -9999.0, -9999.0, -9999.0, -9999.0, -9999.0, -9999.0, -9999.0, -9999.0, -9999.0, -9999.0, -9999.0, -9999.0, -9999.0, -9999.0, -9999.0, -9999.0, -9999.0, -9999.0, -9999.0, -9999.0, -9999.0, -9999.0, -9999.0, -9999.0, -9999.0, -9999.0, -9999.0, -9999.0, -9999.0, -9999.0, -9999.0, -9999.0, -9999.0, -9999.0, -9999.0, -9999.0, -9999.0, -9999.0, -9999.0, -9999.0, -9999.0, -9999.0, -9999.0, -9999.0, -9999.0, -9999.0, -9999.0, -9999.0, -9999.0, -9999.0, -9999.0, -9999.0, -9999.0, -9999.0, -9999.0, -9999.0, -9999.0, -9999.0, -9999.0, -9999.0, -9999.0, -9999.0, -9999.0, -9999.0, -9999.0, -9999.0, -9999.0, -9999.0, -9999.0, -9999.0, -9999.0, -9999.0, -9999.0, -9999.0, -9999.0, -9999.0, -9999.0, -9999.0, -9999.0, -9999.0, -9999.0, -9999.0, -9999.0, -9999.0, -9999.0, -9999.0, -9999.0, -9999.0, -9999.0, -9999.0, -9999.0, -9999.0, -9999.0, -9999.0, -9999.0, -9999.0, -9999.0, -9999.0, -9999.0, -9999.0, -9999.0, -9999.0, -9999.0, -9999.0, -9999.0, -9999.0, -9999.0, -9999.0, -9999.0, -9999.0, -9999.0, -9999.0, -9999.0, -9999.0, -9999.0, -9999.0, -9999.0, -9999.0, -9999.0, -9999.0, -9999.0, -9999.0, -9999.0, -9999.0, -9999.0, -9999.0, -9999.0, -9999.0, -9999.0, -9999.0, -9999.0, -9999.0, -9999.0, -9999.0, -9999.0, -9999.0, -9999.0, -9999.0, -9999.0, -9999.0, -9999.0, -9999.0, -9999.0, -9999.0, -9999.0, -9999.0, -9999.0, -9999.0, -9999.0, -9999.0, -9999.0, -9999.0, -9999.0, -9999.0, -9999.0, -9999.0, -9999.0, -9999.0, -9999.0, -9999.0, -9999.0, -9999.0, -9999.0, -9999.0, -9999.0, -9999.0, -9999.0, -9999.0, -9999.0, -9999.0, -9999.0, -9999.0, -9999.0, -9999.0, -9999.0, -9999.0, -9999.0, -9999.0, -9999.0, -9999.0, -9999.0, -9999.0, -9999.0, -9999.0, -9999.0, -9999.0, -9999.0, -9999.0, -9999.0, -9999.0, -9999.0, -9999.0, -9999.0, -9999.0, -9999.0, -9999.0, -9999.0, -9999.0, -9999.0, -9999.0, -9999.0, -9999.0, -9999.0, -9999.0, -9999.0, -9999.0, -9999.0, -9999.0, -9999.0, -9999.0, -9999.0, -9999.0, -9999.0, -9999.0, -9999.0, -9999.0, -9999.0, -9999.0, -9999.0, -9999.0, -9999.0, -9999.0, -9999.0, -9999.0, -9999.0, -9999.0, -9999.0, -9999.0, -9999.0, -9999.0]",
floatingse.platform_elem_n2,output,,"[11.0, 12.0, 13.0, 14.0, 15.0, 16.0, 17.0, 18.0, 19.0, 20.0, 21.0, 22.0, 23.0, 24.0, 25.0, 26.0, 27.0, 28.0, 32.0, 31.0, 30.0, 29.0, 15.0, 3.0, 5.0, 7.0, 9.0, 15.0, 2.0, 4.0, 6.0, 8.0, 15.0, -9999.0, -9999.0, -9999.0, -9999.0, -9999.0, -9999.0, -9999.0, -9999.0, -9999.0, -9999.0, -9999.0, -9999.0, -9999.0, -9999.0, -9999.0, -9999.0, -9999.0, -9999.0, -9999.0, -9999.0, -9999.0, -9999.0, -9999.0, -9999.0, -9999.0, -9999.0, -9999.0, -9999.0, -9999.0, -9999.0, -9999.0, -9999.0, -9999.0, -9999.0, -9999.0, -9999.0, -9999.0, -9999.0, -9999.0, -9999.0, -9999.0, -9999.0, -9999.0, -9999.0, -9999.0, -9999.0, -9999.0, -9999.0, -9999.0, -9999.0, -9999.0, -9999.0, -9999.0, -9999.0, -9999.0, -9999.0, -9999.0, -9999.0, -9999.0, -9999.0, -9999.0, -9999.0, -9999.0, -9999.0, -9999.0, -9999.0, -9999.0, -9999.0, -9999.0, -9999.0, -9999.0, -9999.0, -9999.0, -9999.0, -9999.0, -9999.0, -9999.0, -9999.0, -9999.0, -9999.0, -9999.0, -9999.0, -9999.0, -9999.0, -9999.0, -9999.0, -9999.0, -9999.0, -9999.0, -9999.0, -9999.0, -9999.0, -9999.0, -9999.0, -9999.0, -9999.0, -9999.0, -9999.0, -9999.0, -9999.0, -9999.0, -9999.0, -9999.0, -9999.0, -9999.0, -9999.0, -9999.0, -9999.0, -9999.0, -9999.0, -9999.0, -9999.0, -9999.0, -9999.0, -9999.0, -9999.0, -9999.0, -9999.0, -9999.0, -9999.0, -9999.0, -9999.0, -9999.0, -9999.0, -9999.0, -9999.0, -9999.0, -9999.0, -9999.0, -9999.0, -9999.0, -9999.0, -9999.0, -9999.0, -9999.0, -9999.0, -9999.0, -9999.0, -9999.0, -9999.0, -9999.0, -9999.0, -9999.0, -9999.0, -9999.0, -9999.0, -9999.0, -9999.0, -9999.0, -9999.0, -9999.0, -9999.0, -9999.0, -9999.0, -9999.0, -9999.0, -9999.0, -9999.0, -9999.0, -9999.0, -9999.0, -9999.0, -9999.0, -9999.0, -9999.0, -9999.0, -9999.0, -9999.0, -9999.0, -9999.0, -9999.0, -9999.0, -9999.0, -9999.0, -9999.0, -9999.0, -9999.0, -9999.0, -9999.0, -9999.0, -9999.0, -9999.0, -9999.0, -9999.0, -9999.0, -9999.0, -9999.0, -9999.0, -9999.0, -9999.0, -9999.0, -9999.0, -9999.0, -9999.0, -9999.0, -9999.0, -9999.0, -9999.0, -9999.0, -9999.0, -9999.0, -9999.0, -9999.0, -9999.0, -9999.0, -9999.0, -9999.0, -9999.0, -9999.0, -9999.0, -9999.0, -9999.0, -9999.0, -9999.0, -9999.0, -9999.0, -9999.0, -9999.0, -9999.0, -9999.0, -9999.0, -9999.0, -9999.0, -9999.0, -9999.0, -9999.0, -9999.0, -9999.0, -9999.0, -9999.0, -9999.0, -9999.0, -9999.0, -9999.0, -9999.0, -9999.0, -9999.0, -9999.0, -9999.0, -9999.0, -9999.0, -9999.0, -9999.0, -9999.0, -9999.0, -9999.0, -9999.0, -9999.0, -9999.0, -9999.0, -9999.0, -9999.0, -9999.0, -9999.0, -9999.0, -9999.0, -9999.0, -9999.0, -9999.0, -9999.0, -9999.0, -9999.0, -9999.0, -9999.0, -9999.0, -9999.0, -9999.0, -9999.0, -9999.0, -9999.0, -9999.0, -9999.0, -9999.0, -9999.0, -9999.0, -9999.0, -9999.0, -9999.0, -9999.0, -9999.0, -9999.0, -9999.0, -9999.0, -9999.0, -9999.0, -9999.0, -9999.0, -9999.0, -9999.0, -9999.0, -9999.0, -9999.0, -9999.0, -9999.0, -9999.0, -9999.0, -9999.0, -9999.0, -9999.0, -9999.0, -9999.0, -9999.0, -9999.0, -9999.0, -9999.0, -9999.0, -9999.0, -9999.0, -9999.0, -9999.0, -9999.0, -9999.0, -9999.0, -9999.0, -9999.0, -9999.0, -9999.0, -9999.0, -9999.0, -9999.0, -9999.0, -9999.0, -9999.0, -9999.0, -9999.0, -9999.0, -9999.0, -9999.0, -9999.0, -9999.0, -9999.0, -9999.0, -9999.0, -9999.0, -9999.0, -9999.0, -9999.0, -9999.0, -9999.0, -9999.0, -9999.0, -9999.0, -9999.0, -9999.0, -9999.0, -9999.0, -9999.0, -9999.0, -9999.0, -9999.0, -9999.0, -9999.0, -9999.0, -9999.0, -9999.0, -9999.0, -9999.0, -9999.0, -9999.0, -9999.0, -9999.0, -9999.0, -9999.0, -9999.0, -9999.0, -9999.0, -9999.0, -9999.0, -9999.0, -9999.0, -9999.0, -9999.0, -9999.0, -9999.0, -9999.0, -9999.0, -9999.0, -9999.0, -9999.0, -9999.0, -9999.0, -9999.0, -9999.0, -9999.0, -9999.0, -9999.0, -9999.0, -9999.0, -9999.0, -9999.0, -9999.0, -9999.0, -9999.0, -9999.0, -9999.0, -9999.0, -9999.0, -9999.0, -9999.0, -9999.0, -9999.0, -9999.0, -9999.0, -9999.0, -9999.0, -9999.0, -9999.0, -9999.0, -9999.0, -9999.0, -9999.0, -9999.0, -9999.0, -9999.0, -9999.0, -9999.0, -9999.0, -9999.0, -9999.0, -9999.0, -9999.0, -9999.0, -9999.0, -9999.0, -9999.0, -9999.0, -9999.0, -9999.0, -9999.0, -9999.0, -9999.0, -9999.0, -9999.0, -9999.0, -9999.0, -9999.0, -9999.0, -9999.0, -9999.0, -9999.0, -9999.0, -9999.0, -9999.0, -9999.0, -9999.0, -9999.0, -9999.0, -9999.0, -9999.0, -9999.0, -9999.0, -9999.0, -9999.0, -9999.0, -9999.0, -9999.0, -9999.0, -9999.0, -9999.0, -9999.0, -9999.0, -9999.0, -9999.0, -9999.0, -9999.0, -9999.0, -9999.0]",
floatingse.platform_elem_t,output,m,"[4.7, 0.08, 4.7, 0.08, 0.08, 0.08, 0.08, 0.08, 4.7, 0.08, 0.08, 4.7, 4.7, 0.08, 0.08, 0.08, 0.08, 3.25, 0.5, 0.1, 0.1, 0.5, 0.01, 0.5, 0.1, 0.1, 0.5, 0.01, 0.5, 0.1, 0.1, 0.5, 0.01, -9999.0, -9999.0, -9999.0, -9999.0, -9999.0, -9999.0, -9999.0, -9999.0, -9999.0, -9999.0, -9999.0, -9999.0, -9999.0, -9999.0, -9999.0, -9999.0, -9999.0, -9999.0, -9999.0, -9999.0, -9999.0, -9999.0, -9999.0, -9999.0, -9999.0, -9999.0, -9999.0, -9999.0, -9999.0, -9999.0, -9999.0, -9999.0, -9999.0, -9999.0, -9999.0, -9999.0, -9999.0, -9999.0, -9999.0, -9999.0, -9999.0, -9999.0, -9999.0, -9999.0, -9999.0, -9999.0, -9999.0, -9999.0, -9999.0, -9999.0, -9999.0, -9999.0, -9999.0, -9999.0, -9999.0, -9999.0, -9999.0, -9999.0, -9999.0, -9999.0, -9999.0, -9999.0, -9999.0, -9999.0, -9999.0, -9999.0, -9999.0, -9999.0, -9999.0, -9999.0, -9999.0, -9999.0, -9999.0, -9999.0, -9999.0, -9999.0, -9999.0, -9999.0, -9999.0, -9999.0, -9999.0, -9999.0, -9999.0, -9999.0, -9999.0, -9999.0, -9999.0, -9999.0, -9999.0, -9999.0, -9999.0, -9999.0, -9999.0, -9999.0, -9999.0, -9999.0, -9999.0, -9999.0, -9999.0, -9999.0, -9999.0, -9999.0, -9999.0, -9999.0, -9999.0, -9999.0, -9999.0, -9999.0, -9999.0, -9999.0, -9999.0, -9999.0, -9999.0, -9999.0, -9999.0, -9999.0, -9999.0, -9999.0, -9999.0, -9999.0, -9999.0, -9999.0, -9999.0, -9999.0, -9999.0, -9999.0, -9999.0, -9999.0, -9999.0, -9999.0, -9999.0, -9999.0, -9999.0, -9999.0, -9999.0, -9999.0, -9999.0, -9999.0, -9999.0, -9999.0, -9999.0, -9999.0, -9999.0, -9999.0, -9999.0, -9999.0, -9999.0, -9999.0, -9999.0, -9999.0, -9999.0, -9999.0, -9999.0, -9999.0, -9999.0, -9999.0, -9999.0, -9999.0, -9999.0, -9999.0, -9999.0, -9999.0, -9999.0, -9999.0, -9999.0, -9999.0, -9999.0, -9999.0, -9999.0, -9999.0, -9999.0, -9999.0, -9999.0, -9999.0, -9999.0, -9999.0, -9999.0, -9999.0, -9999.0, -9999.0, -9999.0, -9999.0, -9999.0, -9999.0, -9999.0, -9999.0, -9999.0, -9999.0, -9999.0, -9999.0, -9999.0, -9999.0, -9999.0, -9999.0, -9999.0, -9999.0, -9999.0, -9999.0, -9999.0, -9999.0, -9999.0, -9999.0, -9999.0, -9999.0, -9999.0, -9999.0, -9999.0, -9999.0, -9999.0, -9999.0, -9999.0, -9999.0, -9999.0, -9999.0, -9999.0, -9999.0, -9999.0, -9999.0, -9999.0, -9999.0, -9999.0, -9999.0, -9999.0, -9999.0, -9999.0, -9999.0, -9999.0, -9999.0, -9999.0, -9999.0, -9999.0, -9999.0, -9999.0, -9999.0, -9999.0, -9999.0, -9999.0, -9999.0, -9999.0, -9999.0, -9999.0, -9999.0, -9999.0, -9999.0, -9999.0, -9999.0, -9999.0, -9999.0, -9999.0, -9999.0, -9999.0, -9999.0, -9999.0, -9999.0, -9999.0, -9999.0, -9999.0, -9999.0, -9999.0, -9999.0, -9999.0, -9999.0, -9999.0, -9999.0, -9999.0, -9999.0, -9999.0, -9999.0, -9999.0, -9999.0, -9999.0, -9999.0, -9999.0, -9999.0, -9999.0, -9999.0, -9999.0, -9999.0, -9999.0, -9999.0, -9999.0, -9999.0, -9999.0, -9999.0, -9999.0, -9999.0, -9999.0, -9999.0, -9999.0, -9999.0, -9999.0, -9999.0, -9999.0, -9999.0, -9999.0, -9999.0, -9999.0, -9999.0, -9999.0, -9999.0, -9999.0, -9999.0, -9999.0, -9999.0, -9999.0, -9999.0, -9999.0, -9999.0, -9999.0, -9999.0, -9999.0, -9999.0, -9999.0, -9999.0, -9999.0, -9999.0, -9999.0, -9999.0, -9999.0, -9999.0, -9999.0, -9999.0, -9999.0, -9999.0, -9999.0, -9999.0, -9999.0, -9999.0, -9999.0, -9999.0, -9999.0, -9999.0, -9999.0, -9999.0, -9999.0, -9999.0, -9999.0, -9999.0, -9999.0, -9999.0, -9999.0, -9999.0, -9999.0, -9999.0, -9999.0, -9999.0, -9999.0, -9999.0, -9999.0, -9999.0, -9999.0, -9999.0, -9999.0, -9999.0, -9999.0, -9999.0, -9999.0, -9999.0, -9999.0, -9999.0, -9999.0, -9999.0, -9999.0, -9999.0, -9999.0, -9999.0, -9999.0, -9999.0, -9999.0, -9999.0, -9999.0, -9999.0, -9999.0, -9999.0, -9999.0, -9999.0, -9999.0, -9999.0, -9999.0, -9999.0, -9999.0, -9999.0, -9999.0, -9999.0, -9999.0, -9999.0, -9999.0, -9999.0, -9999.0, -9999.0, -9999.0, -9999.0, -9999.0, -9999.0, -9999.0, -9999.0, -9999.0, -9999.0, -9999.0, -9999.0, -9999.0, -9999.0, -9999.0, -9999.0, -9999.0, -9999.0, -9999.0, -9999.0, -9999.0, -9999.0, -9999.0, -9999.0, -9999.0, -9999.0, -9999.0, -9999.0, -9999.0, -9999.0, -9999.0, -9999.0, -9999.0, -9999.0, -9999.0, -9999.0, -9999.0, -9999.0, -9999.0, -9999.0, -9999.0, -9999.0, -9999.0, -9999.0, -9999.0, -9999.0, -9999.0, -9999.0, -9999.0, -9999.0, -9999.0, -9999.0, -9999.0, -9999.0, -9999.0, -9999.0, -9999.0, -9999.0, -9999.0, -9999.0, -9999.0, -9999.0, -9999.0, -9999.0, -9999.0, -9999.0, -9999.0, -9999.0, -9999.0, -9999.0, -9999.0, -9999.0, -9999.0, -9999.0, -9999.0, -9999.0, -9999.0, -9999.0, -9999.0]",
floatingse.platform_elem_L,output,m,"[0.10000000000000142, 2.375, 0.04999999999999716, 2.28275, 4.807750000000002, 0.1922499999999978, 0.19225000000000136, 2.4750000000000014, 0.04999999999999716, 2.860000000000003, 5.359999999999999, 0.02499999999999858, 0.02500000000000213, 0.7437499999999986, 0.7687500000000007, 1.3462499999999977, 1.2962500000000006, 0.05000000000000071, 0.020000001861957245, 19.957661524515448, 15.257661528489333, 0.02000000186195017, 4.699999996026124, 0.02000000083962724, 19.957661525555864, 15.257661527782155, 0.02000000261744009, 4.6999999959959, 0.02000000083962724, 19.957661525555864, 15.257661527782155, 0.02000000261744009, 4.6999999959959, -9999.0, -9999.0, -9999.0, -9999.0, -9999.0, -9999.0, -9999.0, -9999.0, -9999.0, -9999.0, -9999.0, -9999.0, -9999.0, -9999.0, -9999.0, -9999.0, -9999.0, -9999.0, -9999.0, -9999.0, -9999.0, -9999.0, -9999.0, -9999.0, -9999.0, -9999.0, -9999.0, -9999.0, -9999.0, -9999.0, -9999.0, -9999.0, -9999.0, -9999.0, -9999.0, -9999.0, -9999.0, -9999.0, -9999.0, -9999.0, -9999.0, -9999.0, -9999.0, -9999.0, -9999.0, -9999.0, -9999.0, -9999.0, -9999.0, -9999.0, -9999.0, -9999.0, -9999.0, -9999.0, -9999.0, -9999.0, -9999.0, -9999.0, -9999.0, -9999.0, -9999.0, -9999.0, -9999.0, -9999.0, -9999.0, -9999.0, -9999.0, -9999.0, -9999.0, -9999.0, -9999.0, -9999.0, -9999.0, -9999.0, -9999.0, -9999.0, -9999.0, -9999.0, -9999.0, -9999.0, -9999.0, -9999.0, -9999.0, -9999.0, -9999.0, -9999.0, -9999.0, -9999.0, -9999.0, -9999.0, -9999.0, -9999.0, -9999.0, -9999.0, -9999.0, -9999.0, -9999.0, -9999.0, -9999.0, -9999.0, -9999.0, -9999.0, -9999.0, -9999.0, -9999.0, -9999.0, -9999.0, -9999.0, -9999.0, -9999.0, -9999.0, -9999.0, -9999.0, -9999.0, -9999.0, -9999.0, -9999.0, -9999.0, -9999.0, -9999.0, -9999.0, -9999.0, -9999.0, -9999.0, -9999.0, -9999.0, -9999.0, -9999.0, -9999.0, -9999.0, -9999.0, -9999.0, -9999.0, -9999.0, -9999.0, -9999.0, -9999.0, -9999.0, -9999.0, -9999.0, -9999.0, -9999.0, -9999.0, -9999.0, -9999.0, -9999.0, -9999.0, -9999.0, -9999.0, -9999.0, -9999.0, -9999.0, -9999.0, -9999.0, -9999.0, -9999.0, -9999.0, -9999.0, -9999.0, -9999.0, -9999.0, -9999.0, -9999.0, -9999.0, -9999.0, -9999.0, -9999.0, -9999.0, -9999.0, -9999.0, -9999.0, -9999.0, -9999.0, -9999.0, -9999.0, -9999.0, -9999.0, -9999.0, -9999.0, -9999.0, -9999.0, -9999.0, -9999.0, -9999.0, -9999.0, -9999.0, -9999.0, -9999.0, -9999.0, -9999.0, -9999.0, -9999.0, -9999.0, -9999.0, -9999.0, -9999.0, -9999.0, -9999.0, -9999.0, -9999.0, -9999.0, -9999.0, -9999.0, -9999.0, -9999.0, -9999.0, -9999.0, -9999.0, -9999.0, -9999.0, -9999.0, -9999.0, -9999.0, -9999.0, -9999.0, -9999.0, -9999.0, -9999.0, -9999.0, -9999.0, -9999.0, -9999.0, -9999.0, -9999.0, -9999.0, -9999.0, -9999.0, -9999.0, -9999.0, -9999.0, -9999.0, -9999.0, -9999.0, -9999.0, -9999.0, -9999.0, -9999.0, -9999.0, -9999.0, -9999.0, -9999.0, -9999.0, -9999.0, -9999.0, -9999.0, -9999.0, -9999.0, -9999.0, -9999.0, -9999.0, -9999.0, -9999.0, -9999.0, -9999.0, -9999.0, -9999.0, -9999.0, -9999.0, -9999.0, -9999.0, -9999.0, -9999.0, -9999.0, -9999.0, -9999.0, -9999.0, -9999.0, -9999.0, -9999.0, -9999.0, -9999.0, -9999.0, -9999.0, -9999.0, -9999.0, -9999.0, -9999.0, -9999.0, -9999.0, -9999.0, -9999.0, -9999.0, -9999.0, -9999.0, -9999.0, -9999.0, -9999.0, -9999.0, -9999.0, -9999.0, -9999.0, -9999.0, -9999.0, -9999.0, -9999.0, -9999.0, -9999.0, -9999.0, -9999.0, -9999.0, -9999.0, -9999.0, -9999.0, -9999.0, -9999.0, -9999.0, -9999.0, -9999.0, -9999.0, -9999.0, -9999.0, -9999.0, -9999.0, -9999.0, -9999.0, -9999.0, -9999.0, -9999.0, -9999.0, -9999.0, -9999.0, -9999.0, -9999.0, -9999.0, -9999.0, -9999.0, -9999.0, -9999.0, -9999.0, -9999.0, -9999.0, -9999.0, -9999.0, -9999.0, -9999.0, -9999.0, -9999.0, -9999.0, -9999.0, -9999.0, -9999.0, -9999.0, -9999.0, -9999.0, -9999.0, -9999.0, -9999.0, -9999.0, -9999.0, -9999.0, -9999.0, -9999.0, -9999.0, -9999.0, -9999.0, -9999.0, -9999.0, -9999.0, -9999.0, -9999.0, -9999.0, -9999.0, -9999.0, -9999.0, -9999.0, -9999.0, -9999.0, -9999.0, -9999.0, -9999.0, -9999.0, -9999.0, -9999.0, -9999.0, -9999.0, -9999.0, -9999.0, -9999.0, -9999.0, -9999.0, -9999.0, -9999.0, -9999.0, -9999.0, -9999.0, -9999.0, -9999.0, -9999.0, -9999.0, -9999.0, -9999.0, -9999.0, -9999.0, -9999.0, -9999.0, -9999.0, -9999.0, -9999.0, -9999.0, -9999.0, -9999.0, -9999.0, -9999.0, -9999.0, -9999.0, -9999.0, -9999.0, -9999.0, -9999.0, -9999.0, -9999.0, -9999.0, -9999.0, -9999.0, -9999.0, -9999.0, -9999.0, -9999.0, -9999.0, -9999.0, -9999.0, -9999.0, -9999.0, -9999.0, -9999.0, -9999.0, -9999.0, -9999.0, -9999.0, -9999.0, -9999.0, -9999.0, -9999.0, -9999.0, -9999.0, -9999.0, -9999.0, -9999.0, -9999.0, -9999.0, -9999.0, -9999.0, -9999.0, -9999.0, -9999.0, -9999.0, -9999.0, -9999.0, -9999.0, -9999.0, -9999.0, -9999.0, -9999.0, -9999.0, -9999.0, -9999.0, -9999.0, -9999.0, -9999.0, -9999.0, -9999.0, -9999.0, -9999.0, -9999.0, -9999.0, -9999.0, -9999.0]",
floatingse.platform_elem_A,output,m**2,"[69.39778171779854, 2.3423714825165596, 69.39778171779854, 2.3423714825165596, 2.3423714825165596, 2.3423714825165596, 2.3423714825165596, 2.3423714825165596, 69.39778171779854, 2.3423714825165596, 2.3423714825165596, 69.39778171779854, 69.39778171779854, 2.160159108608341, 1.795734360791926, 1.6135219868837187, 1.6135219868837187, 33.18307240354219, 0.7853981633974483, 0.2827433388230813, 0.2827433388230813, 0.7853981633974483, 0.01, 0.7853981633974483, 0.2827433388230813, 0.2827433388230813, 0.7853981633974483, 0.01, 0.7853981633974483, 0.2827433388230813, 0.2827433388230813, 0.7853981633974483, 0.01, -9999.0, -9999.0, -9999.0, -9999.0, -9999.0, -9999.0, -9999.0, -9999.0, -9999.0, -9999.0, -9999.0, -9999.0, -9999.0, -9999.0, -9999.0, -9999.0, -9999.0, -9999.0, -9999.0, -9999.0, -9999.0, -9999.0, -9999.0, -9999.0, -9999.0, -9999.0, -9999.0, -9999.0, -9999.0, -9999.0, -9999.0, -9999.0, -9999.0, -9999.0, -9999.0, -9999.0, -9999.0, -9999.0, -9999.0, -9999.0, -9999.0, -9999.0, -9999.0, -9999.0, -9999.0, -9999.0, -9999.0, -9999.0, -9999.0, -9999.0, -9999.0, -9999.0, -9999.0, -9999.0, -9999.0, -9999.0, -9999.0, -9999.0, -9999.0, -9999.0, -9999.0, -9999.0, -9999.0, -9999.0, -9999.0, -9999.0, -9999.0, -9999.0, -9999.0, -9999.0, -9999.0, -9999.0, -9999.0, -9999.0, -9999.0, -9999.0, -9999.0, -9999.0, -9999.0, -9999.0, -9999.0, -9999.0, -9999.0, -9999.0, -9999.0, -9999.0, -9999.0, -9999.0, -9999.0, -9999.0, -9999.0, -9999.0, -9999.0, -9999.0, -9999.0, -9999.0, -9999.0, -9999.0, -9999.0, -9999.0, -9999.0, -9999.0, -9999.0, -9999.0, -9999.0, -9999.0, -9999.0, -9999.0, -9999.0, -9999.0, -9999.0, -9999.0, -9999.0, -9999.0, -9999.0, -9999.0, -9999.0, -9999.0, -9999.0, -9999.0, -9999.0, -9999.0, -9999.0, -9999.0, -9999.0, -9999.0, -9999.0, -9999.0, -9999.0, -9999.0, -9999.0, -9999.0, -9999.0, -9999.0, -9999.0, -9999.0, -9999.0, -9999.0, -9999.0, -9999.0, -9999.0, -9999.0, -9999.0, -9999.0, -9999.0, -9999.0, -9999.0, -9999.0, -9999.0, -9999.0, -9999.0, -9999.0, -9999.0, -9999.0, -9999.0, -9999.0, -9999.0, -9999.0, -9999.0, -9999.0, -9999.0, -9999.0, -9999.0, -9999.0, -9999.0, -9999.0, -9999.0, -9999.0, -9999.0, -9999.0, -9999.0, -9999.0, -9999.0, -9999.0, -9999.0, -9999.0, -9999.0, -9999.0, -9999.0, -9999.0, -9999.0, -9999.0, -9999.0, -9999.0, -9999.0, -9999.0, -9999.0, -9999.0, -9999.0, -9999.0, -9999.0, -9999.0, -9999.0, -9999.0, -9999.0, -9999.0, -9999.0, -9999.0, -9999.0, -9999.0, -9999.0, -9999.0, -9999.0, -9999.0, -9999.0, -9999.0, -9999.0, -9999.0, -9999.0, -9999.0, -9999.0, -9999.0, -9999.0, -9999.0, -9999.0, -9999.0, -9999.0, -9999.0, -9999.0, -9999.0, -9999.0, -9999.0, -9999.0, -9999.0, -9999.0, -9999.0, -9999.0, -9999.0, -9999.0, -9999.0, -9999.0, -9999.0, -9999.0, -9999.0, -9999.0, -9999.0, -9999.0, -9999.0, -9999.0, -9999.0, -9999.0, -9999.0, -9999.0, -9999.0, -9999.0, -9999.0, -9999.0, -9999.0, -9999.0, -9999.0, -9999.0, -9999.0, -9999.0, -9999.0, -9999.0, -9999.0, -9999.0, -9999.0, -9999.0, -9999.0, -9999.0, -9999.0, -9999.0, -9999.0, -9999.0, -9999.0, -9999.0, -9999.0, -9999.0, -9999.0, -9999.0, -9999.0, -9999.0, -9999.0, -9999.0, -9999.0, -9999.0, -9999.0, -9999.0, -9999.0, -9999.0, -9999.0, -9999.0, -9999.0, -9999.0, -9999.0, -9999.0, -9999.0, -9999.0, -9999.0, -9999.0, -9999.0, -9999.0, -9999.0, -9999.0, -9999.0, -9999.0, -9999.0, -9999.0, -9999.0, -9999.0, -9999.0, -9999.0, -9999.0, -9999.0, -9999.0, -9999.0, -9999.0, -9999.0, -9999.0, -9999.0, -9999.0, -9999.0, -9999.0, -9999.0, -9999.0, -9999.0, -9999.0, -9999.0, -9999.0, -9999.0, -9999.0, -9999.0, -9999.0, -9999.0, -9999.0, -9999.0, -9999.0, -9999.0, -9999.0, -9999.0, -9999.0, -9999.0, -9999.0, -9999.0, -9999.0, -9999.0, -9999.0, -9999.0, -9999.0, -9999.0, -9999.0, -9999.0, -9999.0, -9999.0, -9999.0, -9999.0, -9999.0, -9999.0, -9999.0, -9999.0, -9999.0, -9999.0, -9999.0, -9999.0, -9999.0, -9999.0, -9999.0, -9999.0, -9999.0, -9999.0, -9999.0, -9999.0, -9999.0, -9999.0, -9999.0, -9999.0, -9999.0, -9999.0, -9999.0, -9999.0, -9999.0, -9999.0, -9999.0, -9999.0, -9999.0, -9999.0, -9999.0, -9999.0, -9999.0, -9999.0, -9999.0, -9999.0, -9999.0, -9999.0, -9999.0, -9999.0, -9999.0, -9999.0, -9999.0, -9999.0, -9999.0, -9999.0, -9999.0, -9999.0, -9999.0, -9999.0, -9999.0, -9999.0, -9999.0, -9999.0, -9999.0, -9999.0, -9999.0, -9999.0, -9999.0, -9999.0, -9999.0, -9999.0, -9999.0, -9999.0, -9999.0, -9999.0, -9999.0, -9999.0, -9999.0, -9999.0, -9999.0, -9999.0, -9999.0, -9999.0, -9999.0, -9999.0, -9999.0, -9999.0, -9999.0, -9999.0, -9999.0, -9999.0, -9999.0, -9999.0, -9999.0, -9999.0, -9999.0, -9999.0, -9999.0, -9999.0, -9999.0, -9999.0, -9999.0, -9999.0, -9999.0, -9999.0, -9999.0, -9999.0, -9999.0, -9999.0, -9999.0, -9999.0, -9999.0, -9999.0, -9999.0, -9999.0, -9999.0, -9999.0, -9999.0, -9999.0, -9999.0, -9999.0, -9999.0, -9999.0, -9999.0, -9999.0, -9999.0, -9999.0, -9999.0, -9999.0]",
floatingse.platform_elem_Asx,output,m**2,"[61.728892729543674, 1.4277767276183688, 61.728892729543674, 1.4277767276183688, 1.4277767276183688, 1.4277767276183688, 1.4277767276183688, 1.4277767276183688, 61.728892729543674, 1.4277767276183688, 1.4277767276183688, 61.728892729543674, 61.728892729543674, 1.317152665926515, 1.095912822027277, 0.9852988397114465, 0.9852988397114465, 29.516135330729064, 0.698606753390037, 0.18261539511206404, 0.18261539511206404, 0.698606753390037, 0.01, 0.698606753390037, 0.18261539511206404, 0.18261539511206404, 0.698606753390037, 0.01, 0.698606753390037, 0.18261539511206404, 0.18261539511206404, 0.698606753390037, 0.01, -9999.0, -9999.0, -9999.0, -9999.0, -9999.0, -9999.0, -9999.0, -9999.0, -9999.0, -9999.0, -9999.0, -9999.0, -9999.0, -9999.0, -9999.0, -9999.0, -9999.0, -9999.0, -9999.0, -9999.0, -9999.0, -9999.0, -9999.0, -9999.0, -9999.0, -9999.0, -9999.0, -9999.0, -9999.0, -9999.0, -9999.0, -9999.0, -9999.0, -9999.0, -9999.0, -9999.0, -9999.0, -9999.0, -9999.0, -9999.0, -9999.0, -9999.0, -9999.0, -9999.0, -9999.0, -9999.0, -9999.0, -9999.0, -9999.0, -9999.0, -9999.0, -9999.0, -9999.0, -9999.0, -9999.0, -9999.0, -9999.0, -9999.0, -9999.0, -9999.0, -9999.0, -9999.0, -9999.0, -9999.0, -9999.0, -9999.0, -9999.0, -9999.0, -9999.0, -9999.0, -9999.0, -9999.0, -9999.0, -9999.0, -9999.0, -9999.0, -9999.0, -9999.0, -9999.0, -9999.0, -9999.0, -9999.0, -9999.0, -9999.0, -9999.0, -9999.0, -9999.0, -9999.0, -9999.0, -9999.0, -9999.0, -9999.0, -9999.0, -9999.0, -9999.0, -9999.0, -9999.0, -9999.0, -9999.0, -9999.0, -9999.0, -9999.0, -9999.0, -9999.0, -9999.0, -9999.0, -9999.0, -9999.0, -9999.0, -9999.0, -9999.0, -9999.0, -9999.0, -9999.0, -9999.0, -9999.0, -9999.0, -9999.0, -9999.0, -9999.0, -9999.0, -9999.0, -9999.0, -9999.0, -9999.0, -9999.0, -9999.0, -9999.0, -9999.0, -9999.0, -9999.0, -9999.0, -9999.0, -9999.0, -9999.0, -9999.0, -9999.0, -9999.0, -9999.0, -9999.0, -9999.0, -9999.0, -9999.0, -9999.0, -9999.0, -9999.0, -9999.0, -9999.0, -9999.0, -9999.0, -9999.0, -9999.0, -9999.0, -9999.0, -9999.0, -9999.0, -9999.0, -9999.0, -9999.0, -9999.0, -9999.0, -9999.0, -9999.0, -9999.0, -9999.0, -9999.0, -9999.0, -9999.0, -9999.0, -9999.0, -9999.0, -9999.0, -9999.0, -9999.0, -9999.0, -9999.0, -9999.0, -9999.0, -9999.0, -9999.0, -9999.0, -9999.0, -9999.0, -9999.0, -9999.0, -9999.0, -9999.0, -9999.0, -9999.0, -9999.0, -9999.0, -9999.0, -9999.0, -9999.0, -9999.0, -9999.0, -9999.0, -9999.0, -9999.0, -9999.0, -9999.0, -9999.0, -9999.0, -9999.0, -9999.0, -9999.0, -9999.0, -9999.0, -9999.0, -9999.0, -9999.0, -9999.0, -9999.0, -9999.0, -9999.0, -9999.0, -9999.0, -9999.0, -9999.0, -9999.0, -9999.0, -9999.0, -9999.0, -9999.0, -9999.0, -9999.0, -9999.0, -9999.0, -9999.0, -9999.0, -9999.0, -9999.0, -9999.0, -9999.0, -9999.0, -9999.0, -9999.0, -9999.0, -9999.0, -9999.0, -9999.0, -9999.0, -9999.0, -9999.0, -9999.0, -9999.0, -9999.0, -9999.0, -9999.0, -9999.0, -9999.0, -9999.0, -9999.0, -9999.0, -9999.0, -9999.0, -9999.0, -9999.0, -9999.0, -9999.0, -9999.0, -9999.0, -9999.0, -9999.0, -9999.0, -9999.0, -9999.0, -9999.0, -9999.0, -9999.0, -9999.0, -9999.0, -9999.0, -9999.0, -9999.0, -9999.0, -9999.0, -9999.0, -9999.0, -9999.0, -9999.0, -9999.0, -9999.0, -9999.0, -9999.0, -9999.0, -9999.0, -9999.0, -9999.0, -9999.0, -9999.0, -9999.0, -9999.0, -9999.0, -9999.0, -9999.0, -9999.0, -9999.0, -9999.0, -9999.0, -9999.0, -9999.0, -9999.0, -9999.0, -9999.0, -9999.0, -9999.0, -9999.0, -9999.0, -9999.0, -9999.0, -9999.0, -9999.0, -9999.0, -9999.0, -9999.0, -9999.0, -9999.0, -9999.0, -9999.0, -9999.0, -9999.0, -9999.0, -9999.0, -9999.0, -9999.0, -9999.0, -9999.0, -9999.0, -9999.0, -9999.0, -9999.0, -9999.0, -9999.0, -9999.0, -9999.0, -9999.0, -9999.0, -9999.0, -9999.0, -9999.0, -9999.0, -9999.0, -9999.0, -9999.0, -9999.0, -9999.0, -9999.0, -9999.0, -9999.0, -9999.0, -9999.0, -9999.0, -9999.0, -9999.0, -9999.0, -9999.0, -9999.0, -9999.0, -9999.0, -9999.0, -9999.0, -9999.0, -9999.0, -9999.0, -9999.0, -9999.0, -9999.0, -9999.0, -9999.0, -9999.0, -9999.0, -9999.0, -9999.0, -9999.0, -9999.0, -9999.0, -9999.0, -9999.0, -9999.0, -9999.0, -9999.0, -9999.0, -9999.0, -9999.0, -9999.0, -9999.0, -9999.0, -9999.0, -9999.0, -9999.0, -9999.0, -9999.0, -9999.0, -9999.0, -9999.0, -9999.0, -9999.0, -9999.0, -9999.0, -9999.0, -9999.0, -9999.0, -9999.0, -9999.0, -9999.0, -9999.0, -9999.0, -9999.0, -9999.0, -9999.0, -9999.0, -9999.0, -9999.0, -9999.0, -9999.0, -9999.0, -9999.0, -9999.0, -9999.0, -9999.0, -9999.0, -9999.0, -9999.0, -9999.0, -9999.0, -9999.0, -9999.0, -9999.0, -9999.0, -9999.0, -9999.0, -9999.0, -9999.0, -9999.0, -9999.0, -9999.0, -9999.0, -9999.0, -9999.0, -9999.0, -9999.0, -9999.0, -9999.0, -9999.0, -9999.0, -9999.0, -9999.0, -9999.0, -9999.0, -9999.0, -9999.0, -9999.0, -9999.0, -9999.0, -9999.0, -9999.0, -9999.0, -9999.0, -9999.0, -9999.0, -9999.0, -9999.0, -9999.0, -9999.0, -9999.0, -9999.0]",
floatingse.platform_elem_Asy,output,m**2,"[61.728892729543674, 1.4277767276183688, 61.728892729543674, 1.4277767276183688, 1.4277767276183688, 1.4277767276183688, 1.4277767276183688, 1.4277767276183688, 61.728892729543674, 1.4277767276183688, 1.4277767276183688, 61.728892729543674, 61.728892729543674, 1.317152665926515, 1.095912822027277, 0.9852988397114465, 0.9852988397114465, 29.516135330729064, 0.698606753390037, 0.18261539511206404, 0.18261539511206404, 0.698606753390037, 0.01, 0.698606753390037, 0.18261539511206404, 0.18261539511206404, 0.698606753390037, 0.01, 0.698606753390037, 0.18261539511206404, 0.18261539511206404, 0.698606753390037, 0.01, -9999.0, -9999.0, -9999.0, -9999.0, -9999.0, -9999.0, -9999.0, -9999.0, -9999.0, -9999.0, -9999.0, -9999.0, -9999.0, -9999.0, -9999.0, -9999.0, -9999.0, -9999.0, -9999.0, -9999.0, -9999.0, -9999.0, -9999.0, -9999.0, -9999.0, -9999.0, -9999.0, -9999.0, -9999.0, -9999.0, -9999.0, -9999.0, -9999.0, -9999.0, -9999.0, -9999.0, -9999.0, -9999.0, -9999.0, -9999.0, -9999.0, -9999.0, -9999.0, -9999.0, -9999.0, -9999.0, -9999.0, -9999.0, -9999.0, -9999.0, -9999.0, -9999.0, -9999.0, -9999.0, -9999.0, -9999.0, -9999.0, -9999.0, -9999.0, -9999.0, -9999.0, -9999.0, -9999.0, -9999.0, -9999.0, -9999.0, -9999.0, -9999.0, -9999.0, -9999.0, -9999.0, -9999.0, -9999.0, -9999.0, -9999.0, -9999.0, -9999.0, -9999.0, -9999.0, -9999.0, -9999.0, -9999.0, -9999.0, -9999.0, -9999.0, -9999.0, -9999.0, -9999.0, -9999.0, -9999.0, -9999.0, -9999.0, -9999.0, -9999.0, -9999.0, -9999.0, -9999.0, -9999.0, -9999.0, -9999.0, -9999.0, -9999.0, -9999.0, -9999.0, -9999.0, -9999.0, -9999.0, -9999.0, -9999.0, -9999.0, -9999.0, -9999.0, -9999.0, -9999.0, -9999.0, -9999.0, -9999.0, -9999.0, -9999.0, -9999.0, -9999.0, -9999.0, -9999.0, -9999.0, -9999.0, -9999.0, -9999.0, -9999.0, -9999.0, -9999.0, -9999.0, -9999.0, -9999.0, -9999.0, -9999.0, -9999.0, -9999.0, -9999.0, -9999.0, -9999.0, -9999.0, -9999.0, -9999.0, -9999.0, -9999.0, -9999.0, -9999.0, -9999.0, -9999.0, -9999.0, -9999.0, -9999.0, -9999.0, -9999.0, -9999.0, -9999.0, -9999.0, -9999.0, -9999.0, -9999.0, -9999.0, -9999.0, -9999.0, -9999.0, -9999.0, -9999.0, -9999.0, -9999.0, -9999.0, -9999.0, -9999.0, -9999.0, -9999.0, -9999.0, -9999.0, -9999.0, -9999.0, -9999.0, -9999.0, -9999.0, -9999.0, -9999.0, -9999.0, -9999.0, -9999.0, -9999.0, -9999.0, -9999.0, -9999.0, -9999.0, -9999.0, -9999.0, -9999.0, -9999.0, -9999.0, -9999.0, -9999.0, -9999.0, -9999.0, -9999.0, -9999.0, -9999.0, -9999.0, -9999.0, -9999.0, -9999.0, -9999.0, -9999.0, -9999.0, -9999.0, -9999.0, -9999.0, -9999.0, -9999.0, -9999.0, -9999.0, -9999.0, -9999.0, -9999.0, -9999.0, -9999.0, -9999.0, -9999.0, -9999.0, -9999.0, -9999.0, -9999.0, -9999.0, -9999.0, -9999.0, -9999.0, -9999.0, -9999.0, -9999.0, -9999.0, -9999.0, -9999.0, -9999.0, -9999.0, -9999.0, -9999.0, -9999.0, -9999.0, -9999.0, -9999.0, -9999.0, -9999.0, -9999.0, -9999.0, -9999.0, -9999.0, -9999.0, -9999.0, -9999.0, -9999.0, -9999.0, -9999.0, -9999.0, -9999.0, -9999.0, -9999.0, -9999.0, -9999.0, -9999.0, -9999.0, -9999.0, -9999.0, -9999.0, -9999.0, -9999.0, -9999.0, -9999.0, -9999.0, -9999.0, -9999.0, -9999.0, -9999.0, -9999.0, -9999.0, -9999.0, -9999.0, -9999.0, -9999.0, -9999.0, -9999.0, -9999.0, -9999.0, -9999.0, -9999.0, -9999.0, -9999.0, -9999.0, -9999.0, -9999.0, -9999.0, -9999.0, -9999.0, -9999.0, -9999.0, -9999.0, -9999.0, -9999.0, -9999.0, -9999.0, -9999.0, -9999.0, -9999.0, -9999.0, -9999.0, -9999.0, -9999.0, -9999.0, -9999.0, -9999.0, -9999.0, -9999.0, -9999.0, -9999.0, -9999.0, -9999.0, -9999.0, -9999.0, -9999.0, -9999.0, -9999.0, -9999.0, -9999.0, -9999.0, -9999.0, -9999.0, -9999.0, -9999.0, -9999.0, -9999.0, -9999.0, -9999.0, -9999.0, -9999.0, -9999.0, -9999.0, -9999.0, -9999.0, -9999.0, -9999.0, -9999.0, -9999.0, -9999.0, -9999.0, -9999.0, -9999.0, -9999.0, -9999.0, -9999.0, -9999.0, -9999.0, -9999.0, -9999.0, -9999.0, -9999.0, -9999.0, -9999.0, -9999.0, -9999.0, -9999.0, -9999.0, -9999.0, -9999.0, -9999.0, -9999.0, -9999.0, -9999.0, -9999.0, -9999.0, -9999.0, -9999.0, -9999.0, -9999.0, -9999.0, -9999.0, -9999.0, -9999.0, -9999.0, -9999.0, -9999.0, -9999.0, -9999.0, -9999.0, -9999.0, -9999.0, -9999.0, -9999.0, -9999.0, -9999.0, -9999.0, -9999.0, -9999.0, -9999.0, -9999.0, -9999.0, -9999.0, -9999.0, -9999.0, -9999.0, -9999.0, -9999.0, -9999.0, -9999.0, -9999.0, -9999.0, -9999.0, -9999.0, -9999.0, -9999.0, -9999.0, -9999.0, -9999.0, -9999.0, -9999.0, -9999.0, -9999.0, -9999.0, -9999.0, -9999.0, -9999.0, -9999.0, -9999.0, -9999.0, -9999.0, -9999.0, -9999.0, -9999.0, -9999.0, -9999.0, -9999.0, -9999.0, -9999.0, -9999.0, -9999.0, -9999.0, -9999.0, -9999.0, -9999.0, -9999.0, -9999.0, -9999.0, -9999.0, -9999.0, -9999.0, -9999.0, -9999.0, -9999.0, -9999.0, -9999.0, -9999.0, -9999.0, -9999.0, -9999.0, -9999.0, -9999.0, -9999.0, -9999.0, -9999.0, -9999.0, -9999.0, -9999.0, -9999.0, -9999.0]",
floatingse.platform_elem_Ixx,output,kg*m**2,"[383.24924953654244, 25.434874980054236, 383.24924953654244, 25.434874980054236, 25.434874980054236, 25.434874980054236, 25.434874980054236, 25.434874980054236, 383.24924953654244, 25.434874980054236, 25.434874980054236, 383.24924953654244, 383.24924953654244, 19.94918412645069, 11.460696555757096, 8.31423677011377, 8.31423677011377, 87.6240505656036, 0.04908738521234052, 0.028981192229365838, 0.028981192229365838, 0.04908738521234052, 0.01, 0.04908738521234052, 0.028981192229365838, 0.028981192229365838, 0.04908738521234052, 0.01, 0.04908738521234052, 0.028981192229365838, 0.028981192229365838, 0.04908738521234052, 0.01, -9999.0, -9999.0, -9999.0, -9999.0, -9999.0, -9999.0, -9999.0, -9999.0, -9999.0, -9999.0, -9999.0, -9999.0, -9999.0, -9999.0, -9999.0, -9999.0, -9999.0, -9999.0, -9999.0, -9999.0, -9999.0, -9999.0, -9999.0, -9999.0, -9999.0, -9999.0, -9999.0, -9999.0, -9999.0, -9999.0, -9999.0, -9999.0, -9999.0, -9999.0, -9999.0, -9999.0, -9999.0, -9999.0, -9999.0, -9999.0, -9999.0, -9999.0, -9999.0, -9999.0, -9999.0, -9999.0, -9999.0, -9999.0, -9999.0, -9999.0, -9999.0, -9999.0, -9999.0, -9999.0, -9999.0, -9999.0, -9999.0, -9999.0, -9999.0, -9999.0, -9999.0, -9999.0, -9999.0, -9999.0, -9999.0, -9999.0, -9999.0, -9999.0, -9999.0, -9999.0, -9999.0, -9999.0, -9999.0, -9999.0, -9999.0, -9999.0, -9999.0, -9999.0, -9999.0, -9999.0, -9999.0, -9999.0, -9999.0, -9999.0, -9999.0, -9999.0, -9999.0, -9999.0, -9999.0, -9999.0, -9999.0, -9999.0, -9999.0, -9999.0, -9999.0, -9999.0, -9999.0, -9999.0, -9999.0, -9999.0, -9999.0, -9999.0, -9999.0, -9999.0, -9999.0, -9999.0, -9999.0, -9999.0, -9999.0, -9999.0, -9999.0, -9999.0, -9999.0, -9999.0, -9999.0, -9999.0, -9999.0, -9999.0, -9999.0, -9999.0, -9999.0, -9999.0, -9999.0, -9999.0, -9999.0, -9999.0, -9999.0, -9999.0, -9999.0, -9999.0, -9999.0, -9999.0, -9999.0, -9999.0, -9999.0, -9999.0, -9999.0, -9999.0, -9999.0, -9999.0, -9999.0, -9999.0, -9999.0, -9999.0, -9999.0, -9999.0, -9999.0, -9999.0, -9999.0, -9999.0, -9999.0, -9999.0, -9999.0, -9999.0, -9999.0, -9999.0, -9999.0, -9999.0, -9999.0, -9999.0, -9999.0, -9999.0, -9999.0, -9999.0, -9999.0, -9999.0, -9999.0, -9999.0, -9999.0, -9999.0, -9999.0, -9999.0, -9999.0, -9999.0, -9999.0, -9999.0, -9999.0, -9999.0, -9999.0, -9999.0, -9999.0, -9999.0, -9999.0, -9999.0, -9999.0, -9999.0, -9999.0, -9999.0, -9999.0, -9999.0, -9999.0, -9999.0, -9999.0, -9999.0, -9999.0, -9999.0, -9999.0, -9999.0, -9999.0, -9999.0, -9999.0, -9999.0, -9999.0, -9999.0, -9999.0, -9999.0, -9999.0, -9999.0, -9999.0, -9999.0, -9999.0, -9999.0, -9999.0, -9999.0, -9999.0, -9999.0, -9999.0, -9999.0, -9999.0, -9999.0, -9999.0, -9999.0, -9999.0, -9999.0, -9999.0, -9999.0, -9999.0, -9999.0, -9999.0, -9999.0, -9999.0, -9999.0, -9999.0, -9999.0, -9999.0, -9999.0, -9999.0, -9999.0, -9999.0, -9999.0, -9999.0, -9999.0, -9999.0, -9999.0, -9999.0, -9999.0, -9999.0, -9999.0, -9999.0, -9999.0, -9999.0, -9999.0, -9999.0, -9999.0, -9999.0, -9999.0, -9999.0, -9999.0, -9999.0, -9999.0, -9999.0, -9999.0, -9999.0, -9999.0, -9999.0, -9999.0, -9999.0, -9999.0, -9999.0, -9999.0, -9999.0, -9999.0, -9999.0, -9999.0, -9999.0, -9999.0, -9999.0, -9999.0, -9999.0, -9999.0, -9999.0, -9999.0, -9999.0, -9999.0, -9999.0, -9999.0, -9999.0, -9999.0, -9999.0, -9999.0, -9999.0, -9999.0, -9999.0, -9999.0, -9999.0, -9999.0, -9999.0, -9999.0, -9999.0, -9999.0, -9999.0, -9999.0, -9999.0, -9999.0, -9999.0, -9999.0, -9999.0, -9999.0, -9999.0, -9999.0, -9999.0, -9999.0, -9999.0, -9999.0, -9999.0, -9999.0, -9999.0, -9999.0, -9999.0, -9999.0, -9999.0, -9999.0, -9999.0, -9999.0, -9999.0, -9999.0, -9999.0, -9999.0, -9999.0, -9999.0, -9999.0, -9999.0, -9999.0, -9999.0, -9999.0, -9999.0, -9999.0, -9999.0, -9999.0, -9999.0, -9999.0, -9999.0, -9999.0, -9999.0, -9999.0, -9999.0, -9999.0, -9999.0, -9999.0, -9999.0, -9999.0, -9999.0, -9999.0, -9999.0, -9999.0, -9999.0, -9999.0, -9999.0, -9999.0, -9999.0, -9999.0, -9999.0, -9999.0, -9999.0, -9999.0, -9999.0, -9999.0, -9999.0, -9999.0, -9999.0, -9999.0, -9999.0, -9999.0, -9999.0, -9999.0, -9999.0, -9999.0, -9999.0, -9999.0, -9999.0, -9999.0, -9999.0, -9999.0, -9999.0, -9999.0, -9999.0, -9999.0, -9999.0, -9999.0, -9999.0, -9999.0, -9999.0, -9999.0, -9999.0, -9999.0, -9999.0, -9999.0, -9999.0, -9999.0, -9999.0, -9999.0, -9999.0, -9999.0, -9999.0, -9999.0, -9999.0, -9999.0, -9999.0, -9999.0, -9999.0, -9999.0, -9999.0, -9999.0, -9999.0, -9999.0, -9999.0, -9999.0, -9999.0, -9999.0, -9999.0, -9999.0, -9999.0, -9999.0, -9999.0, -9999.0, -9999.0, -9999.0, -9999.0, -9999.0, -9999.0, -9999.0, -9999.0, -9999.0, -9999.0, -9999.0, -9999.0, -9999.0, -9999.0, -9999.0, -9999.0, -9999.0, -9999.0, -9999.0, -9999.0, -9999.0, -9999.0, -9999.0, -9999.0, -9999.0, -9999.0, -9999.0, -9999.0, -9999.0, -9999.0, -9999.0, -9999.0, -9999.0, -9999.0, -9999.0, -9999.0, -9999.0, -9999.0, -9999.0, -9999.0, -9999.0, -9999.0, -9999.0]",
floatingse.platform_elem_Iyy,output,kg*m**2,"[383.24924953654244, 25.434874980054236, 383.24924953654244, 25.434874980054236, 25.434874980054236, 25.434874980054236, 25.434874980054236, 25.434874980054236, 383.24924953654244, 25.434874980054236, 25.434874980054236, 383.24924953654244, 383.24924953654244, 19.94918412645069, 11.460696555757096, 8.31423677011377, 8.31423677011377, 87.6240505656036, 0.04908738521234052, 0.028981192229365838, 0.028981192229365838, 0.04908738521234052, 0.01, 0.04908738521234052, 0.028981192229365838, 0.028981192229365838, 0.04908738521234052, 0.01, 0.04908738521234052, 0.028981192229365838, 0.028981192229365838, 0.04908738521234052, 0.01, -9999.0, -9999.0, -9999.0, -9999.0, -9999.0, -9999.0, -9999.0, -9999.0, -9999.0, -9999.0, -9999.0, -9999.0, -9999.0, -9999.0, -9999.0, -9999.0, -9999.0, -9999.0, -9999.0, -9999.0, -9999.0, -9999.0, -9999.0, -9999.0, -9999.0, -9999.0, -9999.0, -9999.0, -9999.0, -9999.0, -9999.0, -9999.0, -9999.0, -9999.0, -9999.0, -9999.0, -9999.0, -9999.0, -9999.0, -9999.0, -9999.0, -9999.0, -9999.0, -9999.0, -9999.0, -9999.0, -9999.0, -9999.0, -9999.0, -9999.0, -9999.0, -9999.0, -9999.0, -9999.0, -9999.0, -9999.0, -9999.0, -9999.0, -9999.0, -9999.0, -9999.0, -9999.0, -9999.0, -9999.0, -9999.0, -9999.0, -9999.0, -9999.0, -9999.0, -9999.0, -9999.0, -9999.0, -9999.0, -9999.0, -9999.0, -9999.0, -9999.0, -9999.0, -9999.0, -9999.0, -9999.0, -9999.0, -9999.0, -9999.0, -9999.0, -9999.0, -9999.0, -9999.0, -9999.0, -9999.0, -9999.0, -9999.0, -9999.0, -9999.0, -9999.0, -9999.0, -9999.0, -9999.0, -9999.0, -9999.0, -9999.0, -9999.0, -9999.0, -9999.0, -9999.0, -9999.0, -9999.0, -9999.0, -9999.0, -9999.0, -9999.0, -9999.0, -9999.0, -9999.0, -9999.0, -9999.0, -9999.0, -9999.0, -9999.0, -9999.0, -9999.0, -9999.0, -9999.0, -9999.0, -9999.0, -9999.0, -9999.0, -9999.0, -9999.0, -9999.0, -9999.0, -9999.0, -9999.0, -9999.0, -9999.0, -9999.0, -9999.0, -9999.0, -9999.0, -9999.0, -9999.0, -9999.0, -9999.0, -9999.0, -9999.0, -9999.0, -9999.0, -9999.0, -9999.0, -9999.0, -9999.0, -9999.0, -9999.0, -9999.0, -9999.0, -9999.0, -9999.0, -9999.0, -9999.0, -9999.0, -9999.0, -9999.0, -9999.0, -9999.0, -9999.0, -9999.0, -9999.0, -9999.0, -9999.0, -9999.0, -9999.0, -9999.0, -9999.0, -9999.0, -9999.0, -9999.0, -9999.0, -9999.0, -9999.0, -9999.0, -9999.0, -9999.0, -9999.0, -9999.0, -9999.0, -9999.0, -9999.0, -9999.0, -9999.0, -9999.0, -9999.0, -9999.0, -9999.0, -9999.0, -9999.0, -9999.0, -9999.0, -9999.0, -9999.0, -9999.0, -9999.0, -9999.0, -9999.0, -9999.0, -9999.0, -9999.0, -9999.0, -9999.0, -9999.0, -9999.0, -9999.0, -9999.0, -9999.0, -9999.0, -9999.0, -9999.0, -9999.0, -9999.0, -9999.0, -9999.0, -9999.0, -9999.0, -9999.0, -9999.0, -9999.0, -9999.0, -9999.0, -9999.0, -9999.0, -9999.0, -9999.0, -9999.0, -9999.0, -9999.0, -9999.0, -9999.0, -9999.0, -9999.0, -9999.0, -9999.0, -9999.0, -9999.0, -9999.0, -9999.0, -9999.0, -9999.0, -9999.0, -9999.0, -9999.0, -9999.0, -9999.0, -9999.0, -9999.0, -9999.0, -9999.0, -9999.0, -9999.0, -9999.0, -9999.0, -9999.0, -9999.0, -9999.0, -9999.0, -9999.0, -9999.0, -9999.0, -9999.0, -9999.0, -9999.0, -9999.0, -9999.0, -9999.0, -9999.0, -9999.0, -9999.0, -9999.0, -9999.0, -9999.0, -9999.0, -9999.0, -9999.0, -9999.0, -9999.0, -9999.0, -9999.0, -9999.0, -9999.0, -9999.0, -9999.0, -9999.0, -9999.0, -9999.0, -9999.0, -9999.0, -9999.0, -9999.0, -9999.0, -9999.0, -9999.0, -9999.0, -9999.0, -9999.0, -9999.0, -9999.0, -9999.0, -9999.0, -9999.0, -9999.0, -9999.0, -9999.0, -9999.0, -9999.0, -9999.0, -9999.0, -9999.0, -9999.0, -9999.0, -9999.0, -9999.0, -9999.0, -9999.0, -9999.0, -9999.0, -9999.0, -9999.0, -9999.0, -9999.0, -9999.0, -9999.0, -9999.0, -9999.0, -9999.0, -9999.0, -9999.0, -9999.0, -9999.0, -9999.0, -9999.0, -9999.0, -9999.0, -9999.0, -9999.0, -9999.0, -9999.0, -9999.0, -9999.0, -9999.0, -9999.0, -9999.0, -9999.0, -9999.0, -9999.0, -9999.0, -9999.0, -9999.0, -9999.0, -9999.0, -9999.0, -9999.0, -9999.0, -9999.0, -9999.0, -9999.0, -9999.0, -9999.0, -9999.0, -9999.0, -9999.0, -9999.0, -9999.0, -9999.0, -9999.0, -9999.0, -9999.0, -9999.0, -9999.0, -9999.0, -9999.0, -9999.0, -9999.0, -9999.0, -9999.0, -9999.0, -9999.0, -9999.0, -9999.0, -9999.0, -9999.0, -9999.0, -9999.0, -9999.0, -9999.0, -9999.0, -9999.0, -9999.0, -9999.0, -9999.0, -9999.0, -9999.0, -9999.0, -9999.0, -9999.0, -9999.0, -9999.0, -9999.0, -9999.0, -9999.0, -9999.0, -9999.0, -9999.0, -9999.0, -9999.0, -9999.0, -9999.0, -9999.0, -9999.0, -9999.0, -9999.0, -9999.0, -9999.0, -9999.0, -9999.0, -9999.0, -9999.0, -9999.0, -9999.0, -9999.0, -9999.0, -9999.0, -9999.0, -9999.0, -9999.0, -9999.0, -9999.0, -9999.0, -9999.0, -9999.0, -9999.0, -9999.0, -9999.0, -9999.0, -9999.0, -9999.0, -9999.0, -9999.0, -9999.0, -9999.0, -9999.0, -9999.0, -9999.0, -9999.0, -9999.0, -9999.0, -9999.0, -9999.0, -9999.0, -9999.0, -9999.0, -9999.0, -9999.0, -9999.0, -9999.0, -9999.0, -9999.0, -9999.0, -9999.0, -9999.0]",
floatingse.platform_elem_J0,output,kg*m**2,"[766.4984990730849, 50.86974996010847, 766.4984990730849, 50.86974996010847, 50.86974996010847, 50.86974996010847, 50.86974996010847, 50.86974996010847, 766.4984990730849, 50.86974996010847, 50.86974996010847, 766.4984990730849, 766.4984990730849, 39.89836825290138, 22.921393111514192, 16.62847354022754, 16.62847354022754, 175.2481011312072, 0.09817477042468103, 0.057962384458731676, 0.057962384458731676, 0.09817477042468103, 0.01, 0.09817477042468103, 0.057962384458731676, 0.057962384458731676, 0.09817477042468103, 0.01, 0.09817477042468103, 0.057962384458731676, 0.057962384458731676, 0.09817477042468103, 0.01, -9999.0, -9999.0, -9999.0, -9999.0, -9999.0, -9999.0, -9999.0, -9999.0, -9999.0, -9999.0, -9999.0, -9999.0, -9999.0, -9999.0, -9999.0, -9999.0, -9999.0, -9999.0, -9999.0, -9999.0, -9999.0, -9999.0, -9999.0, -9999.0, -9999.0, -9999.0, -9999.0, -9999.0, -9999.0, -9999.0, -9999.0, -9999.0, -9999.0, -9999.0, -9999.0, -9999.0, -9999.0, -9999.0, -9999.0, -9999.0, -9999.0, -9999.0, -9999.0, -9999.0, -9999.0, -9999.0, -9999.0, -9999.0, -9999.0, -9999.0, -9999.0, -9999.0, -9999.0, -9999.0, -9999.0, -9999.0, -9999.0, -9999.0, -9999.0, -9999.0, -9999.0, -9999.0, -9999.0, -9999.0, -9999.0, -9999.0, -9999.0, -9999.0, -9999.0, -9999.0, -9999.0, -9999.0, -9999.0, -9999.0, -9999.0, -9999.0, -9999.0, -9999.0, -9999.0, -9999.0, -9999.0, -9999.0, -9999.0, -9999.0, -9999.0, -9999.0, -9999.0, -9999.0, -9999.0, -9999.0, -9999.0, -9999.0, -9999.0, -9999.0, -9999.0, -9999.0, -9999.0, -9999.0, -9999.0, -9999.0, -9999.0, -9999.0, -9999.0, -9999.0, -9999.0, -9999.0, -9999.0, -9999.0, -9999.0, -9999.0, -9999.0, -9999.0, -9999.0, -9999.0, -9999.0, -9999.0, -9999.0, -9999.0, -9999.0, -9999.0, -9999.0, -9999.0, -9999.0, -9999.0, -9999.0, -9999.0, -9999.0, -9999.0, -9999.0, -9999.0, -9999.0, -9999.0, -9999.0, -9999.0, -9999.0, -9999.0, -9999.0, -9999.0, -9999.0, -9999.0, -9999.0, -9999.0, -9999.0, -9999.0, -9999.0, -9999.0, -9999.0, -9999.0, -9999.0, -9999.0, -9999.0, -9999.0, -9999.0, -9999.0, -9999.0, -9999.0, -9999.0, -9999.0, -9999.0, -9999.0, -9999.0, -9999.0, -9999.0, -9999.0, -9999.0, -9999.0, -9999.0, -9999.0, -9999.0, -9999.0, -9999.0, -9999.0, -9999.0, -9999.0, -9999.0, -9999.0, -9999.0, -9999.0, -9999.0, -9999.0, -9999.0, -9999.0, -9999.0, -9999.0, -9999.0, -9999.0, -9999.0, -9999.0, -9999.0, -9999.0, -9999.0, -9999.0, -9999.0, -9999.0, -9999.0, -9999.0, -9999.0, -9999.0, -9999.0, -9999.0, -9999.0, -9999.0, -9999.0, -9999.0, -9999.0, -9999.0, -9999.0, -9999.0, -9999.0, -9999.0, -9999.0, -9999.0, -9999.0, -9999.0, -9999.0, -9999.0, -9999.0, -9999.0, -9999.0, -9999.0, -9999.0, -9999.0, -9999.0, -9999.0, -9999.0, -9999.0, -9999.0, -9999.0, -9999.0, -9999.0, -9999.0, -9999.0, -9999.0, -9999.0, -9999.0, -9999.0, -9999.0, -9999.0, -9999.0, -9999.0, -9999.0, -9999.0, -9999.0, -9999.0, -9999.0, -9999.0, -9999.0, -9999.0, -9999.0, -9999.0, -9999.0, -9999.0, -9999.0, -9999.0, -9999.0, -9999.0, -9999.0, -9999.0, -9999.0, -9999.0, -9999.0, -9999.0, -9999.0, -9999.0, -9999.0, -9999.0, -9999.0, -9999.0, -9999.0, -9999.0, -9999.0, -9999.0, -9999.0, -9999.0, -9999.0, -9999.0, -9999.0, -9999.0, -9999.0, -9999.0, -9999.0, -9999.0, -9999.0, -9999.0, -9999.0, -9999.0, -9999.0, -9999.0, -9999.0, -9999.0, -9999.0, -9999.0, -9999.0, -9999.0, -9999.0, -9999.0, -9999.0, -9999.0, -9999.0, -9999.0, -9999.0, -9999.0, -9999.0, -9999.0, -9999.0, -9999.0, -9999.0, -9999.0, -9999.0, -9999.0, -9999.0, -9999.0, -9999.0, -9999.0, -9999.0, -9999.0, -9999.0, -9999.0, -9999.0, -9999.0, -9999.0, -9999.0, -9999.0, -9999.0, -9999.0, -9999.0, -9999.0, -9999.0, -9999.0, -9999.0, -9999.0, -9999.0, -9999.0, -9999.0, -9999.0, -9999.0, -9999.0, -9999.0, -9999.0, -9999.0, -9999.0, -9999.0, -9999.0, -9999.0, -9999.0, -9999.0, -9999.0, -9999.0, -9999.0, -9999.0, -9999.0, -9999.0, -9999.0, -9999.0, -9999.0, -9999.0, -9999.0, -9999.0, -9999.0, -9999.0, -9999.0, -9999.0, -9999.0, -9999.0, -9999.0, -9999.0, -9999.0, -9999.0, -9999.0, -9999.0, -9999.0, -9999.0, -9999.0, -9999.0, -9999.0, -9999.0, -9999.0, -9999.0, -9999.0, -9999.0, -9999.0, -9999.0, -9999.0, -9999.0, -9999.0, -9999.0, -9999.0, -9999.0, -9999.0, -9999.0, -9999.0, -9999.0, -9999.0, -9999.0, -9999.0, -9999.0, -9999.0, -9999.0, -9999.0, -9999.0, -9999.0, -9999.0, -9999.0, -9999.0, -9999.0, -9999.0, -9999.0, -9999.0, -9999.0, -9999.0, -9999.0, -9999.0, -9999.0, -9999.0, -9999.0, -9999.0, -9999.0, -9999.0, -9999.0, -9999.0, -9999.0, -9999.0, -9999.0, -9999.0, -9999.0, -9999.0, -9999.0, -9999.0, -9999.0, -9999.0, -9999.0, -9999.0, -9999.0, -9999.0, -9999.0, -9999.0, -9999.0, -9999.0, -9999.0, -9999.0, -9999.0, -9999.0, -9999.0, -9999.0, -9999.0, -9999.0, -9999.0, -9999.0, -9999.0, -9999.0, -9999.0, -9999.0, -9999.0, -9999.0, -9999.0, -9999.0, -9999.0, -9999.0, -9999.0, -9999.0, -9999.0, -9999.0, -9999.0, -9999.0, -9999.0, -9999.0, -9999.0]",
floatingse.platform_elem_rho,output,kg/m**3,"[14284.357120086273, 199912.99461199733, 14284.357120086273, 199912.99461199733, 199912.99461199733, 199912.99461199733, 199912.99461199733, 7800.0, 7800.0, 7800.0, 7800.0, 7800.0, 7800.0, 7800.0, 7800.0, 7800.0, 7800.0, 7800.0, 7800.0, 7800.0, 7800.0, 7800.0, 0.01, 7800.0, 7800.0, 7800.0, 7800.0, 0.01, 7800.0, 7800.0, 7800.0, 7800.0, 0.01, -9999.0, -9999.0, -9999.0, -9999.0, -9999.0, -9999.0, -9999.0, -9999.0, -9999.0, -9999.0, -9999.0, -9999.0, -9999.0, -9999.0, -9999.0, -9999.0, -9999.0, -9999.0, -9999.0, -9999.0, -9999.0, -9999.0, -9999.0, -9999.0, -9999.0, -9999.0, -9999.0, -9999.0, -9999.0, -9999.0, -9999.0, -9999.0, -9999.0, -9999.0, -9999.0, -9999.0, -9999.0, -9999.0, -9999.0, -9999.0, -9999.0, -9999.0, -9999.0, -9999.0, -9999.0, -9999.0, -9999.0, -9999.0, -9999.0, -9999.0, -9999.0, -9999.0, -9999.0, -9999.0, -9999.0, -9999.0, -9999.0, -9999.0, -9999.0, -9999.0, -9999.0, -9999.0, -9999.0, -9999.0, -9999.0, -9999.0, -9999.0, -9999.0, -9999.0, -9999.0, -9999.0, -9999.0, -9999.0, -9999.0, -9999.0, -9999.0, -9999.0, -9999.0, -9999.0, -9999.0, -9999.0, -9999.0, -9999.0, -9999.0, -9999.0, -9999.0, -9999.0, -9999.0, -9999.0, -9999.0, -9999.0, -9999.0, -9999.0, -9999.0, -9999.0, -9999.0, -9999.0, -9999.0, -9999.0, -9999.0, -9999.0, -9999.0, -9999.0, -9999.0, -9999.0, -9999.0, -9999.0, -9999.0, -9999.0, -9999.0, -9999.0, -9999.0, -9999.0, -9999.0, -9999.0, -9999.0, -9999.0, -9999.0, -9999.0, -9999.0, -9999.0, -9999.0, -9999.0, -9999.0, -9999.0, -9999.0, -9999.0, -9999.0, -9999.0, -9999.0, -9999.0, -9999.0, -9999.0, -9999.0, -9999.0, -9999.0, -9999.0, -9999.0, -9999.0, -9999.0, -9999.0, -9999.0, -9999.0, -9999.0, -9999.0, -9999.0, -9999.0, -9999.0, -9999.0, -9999.0, -9999.0, -9999.0, -9999.0, -9999.0, -9999.0, -9999.0, -9999.0, -9999.0, -9999.0, -9999.0, -9999.0, -9999.0, -9999.0, -9999.0, -9999.0, -9999.0, -9999.0, -9999.0, -9999.0, -9999.0, -9999.0, -9999.0, -9999.0, -9999.0, -9999.0, -9999.0, -9999.0, -9999.0, -9999.0, -9999.0, -9999.0, -9999.0, -9999.0, -9999.0, -9999.0, -9999.0, -9999.0, -9999.0, -9999.0, -9999.0, -9999.0, -9999.0, -9999.0, -9999.0, -9999.0, -9999.0, -9999.0, -9999.0, -9999.0, -9999.0, -9999.0, -9999.0, -9999.0, -9999.0, -9999.0, -9999.0, -9999.0, -9999.0, -9999.0, -9999.0, -9999.0, -9999.0, -9999.0, -9999.0, -9999.0, -9999.0, -9999.0, -9999.0, -9999.0, -9999.0, -9999.0, -9999.0, -9999.0, -9999.0, -9999.0, -9999.0, -9999.0, -9999.0, -9999.0, -9999.0, -9999.0, -9999.0, -9999.0, -9999.0, -9999.0, -9999.0, -9999.0, -9999.0, -9999.0, -9999.0, -9999.0, -9999.0, -9999.0, -9999.0, -9999.0, -9999.0, -9999.0, -9999.0, -9999.0, -9999.0, -9999.0, -9999.0, -9999.0, -9999.0, -9999.0, -9999.0, -9999.0, -9999.0, -9999.0, -9999.0, -9999.0, -9999.0, -9999.0, -9999.0, -9999.0, -9999.0, -9999.0, -9999.0, -9999.0, -9999.0, -9999.0, -9999.0, -9999.0, -9999.0, -9999.0, -9999.0, -9999.0, -9999.0, -9999.0, -9999.0, -9999.0, -9999.0, -9999.0, -9999.0, -9999.0, -9999.0, -9999.0, -9999.0, -9999.0, -9999.0, -9999.0, -9999.0, -9999.0, -9999.0, -9999.0, -9999.0, -9999.0, -9999.0, -9999.0, -9999.0, -9999.0, -9999.0, -9999.0, -9999.0, -9999.0, -9999.0, -9999.0, -9999.0, -9999.0, -9999.0, -9999.0, -9999.0, -9999.0, -9999.0, -9999.0, -9999.0, -9999.0, -9999.0, -9999.0, -9999.0, -9999.0, -9999.0, -9999.0, -9999.0, -9999.0, -9999.0, -9999.0, -9999.0, -9999.0, -9999.0, -9999.0, -9999.0, -9999.0, -9999.0, -9999.0, -9999.0, -9999.0, -9999.0, -9999.0, -9999.0, -9999.0, -9999.0, -9999.0, -9999.0, -9999.0, -9999.0, -9999.0, -9999.0, -9999.0, -9999.0, -9999.0, -9999.0, -9999.0, -9999.0, -9999.0, -9999.0, -9999.0, -9999.0, -9999.0, -9999.0, -9999.0, -9999.0, -9999.0, -9999.0, -9999.0, -9999.0, -9999.0, -9999.0, -9999.0, -9999.0, -9999.0, -9999.0, -9999.0, -9999.0, -9999.0, -9999.0, -9999.0, -9999.0, -9999.0, -9999.0, -9999.0, -9999.0, -9999.0, -9999.0, -9999.0, -9999.0, -9999.0, -9999.0, -9999.0, -9999.0, -9999.0, -9999.0, -9999.0, -9999.0, -9999.0, -9999.0, -9999.0, -9999.0, -9999.0, -9999.0, -9999.0, -9999.0, -9999.0, -9999.0, -9999.0, -9999.0, -9999.0, -9999.0, -9999.0, -9999.0, -9999.0, -9999.0, -9999.0, -9999.0, -9999.0, -9999.0, -9999.0, -9999.0, -9999.0, -9999.0, -9999.0, -9999.0, -9999.0, -9999.0, -9999.0, -9999.0, -9999.0, -9999.0, -9999.0, -9999.0, -9999.0, -9999.0, -9999.0, -9999.0, -9999.0, -9999.0, -9999.0, -9999.0, -9999.0, -9999.0, -9999.0, -9999.0, -9999.0, -9999.0, -9999.0, -9999.0, -9999.0, -9999.0, -9999.0, -9999.0, -9999.0, -9999.0, -9999.0, -9999.0, -9999.0, -9999.0, -9999.0, -9999.0, -9999.0, -9999.0, -9999.0, -9999.0, -9999.0, -9999.0, -9999.0, -9999.0, -9999.0]",
floatingse.platform_elem_E,output,Pa,"[200000000000.0, 200000000000.0, 200000000000.0, 200000000000.0, 200000000000.0, 200000000000.0, 200000000000.0, 200000000000.0, 200000000000.0, 200000000000.0, 200000000000.0, 200000000000.0, 200000000000.0, 200000000000.0, 200000000000.0, 200000000000.0, 200000000000.0, 200000000000.0, 200000000000.0, 200000000000.0, 200000000000.0, 200000000000.0, 20000000000000.0, 200000000000.0, 200000000000.0, 200000000000.0, 200000000000.0, 20000000000000.0, 200000000000.0, 200000000000.0, 200000000000.0, 200000000000.0, 20000000000000.0, -9999.0, -9999.0, -9999.0, -9999.0, -9999.0, -9999.0, -9999.0, -9999.0, -9999.0, -9999.0, -9999.0, -9999.0, -9999.0, -9999.0, -9999.0, -9999.0, -9999.0, -9999.0, -9999.0, -9999.0, -9999.0, -9999.0, -9999.0, -9999.0, -9999.0, -9999.0, -9999.0, -9999.0, -9999.0, -9999.0, -9999.0, -9999.0, -9999.0, -9999.0, -9999.0, -9999.0, -9999.0, -9999.0, -9999.0, -9999.0, -9999.0, -9999.0, -9999.0, -9999.0, -9999.0, -9999.0, -9999.0, -9999.0, -9999.0, -9999.0, -9999.0, -9999.0, -9999.0, -9999.0, -9999.0, -9999.0, -9999.0, -9999.0, -9999.0, -9999.0, -9999.0, -9999.0, -9999.0, -9999.0, -9999.0, -9999.0, -9999.0, -9999.0, -9999.0, -9999.0, -9999.0, -9999.0, -9999.0, -9999.0, -9999.0, -9999.0, -9999.0, -9999.0, -9999.0, -9999.0, -9999.0, -9999.0, -9999.0, -9999.0, -9999.0, -9999.0, -9999.0, -9999.0, -9999.0, -9999.0, -9999.0, -9999.0, -9999.0, -9999.0, -9999.0, -9999.0, -9999.0, -9999.0, -9999.0, -9999.0, -9999.0, -9999.0, -9999.0, -9999.0, -9999.0, -9999.0, -9999.0, -9999.0, -9999.0, -9999.0, -9999.0, -9999.0, -9999.0, -9999.0, -9999.0, -9999.0, -9999.0, -9999.0, -9999.0, -9999.0, -9999.0, -9999.0, -9999.0, -9999.0, -9999.0, -9999.0, -9999.0, -9999.0, -9999.0, -9999.0, -9999.0, -9999.0, -9999.0, -9999.0, -9999.0, -9999.0, -9999.0, -9999.0, -9999.0, -9999.0, -9999.0, -9999.0, -9999.0, -9999.0, -9999.0, -9999.0, -9999.0, -9999.0, -9999.0, -9999.0, -9999.0, -9999.0, -9999.0, -9999.0, -9999.0, -9999.0, -9999.0, -9999.0, -9999.0, -9999.0, -9999.0, -9999.0, -9999.0, -9999.0, -9999.0, -9999.0, -9999.0, -9999.0, -9999.0, -9999.0, -9999.0, -9999.0, -9999.0, -9999.0, -9999.0, -9999.0, -9999.0, -9999.0, -9999.0, -9999.0, -9999.0, -9999.0, -9999.0, -9999.0, -9999.0, -9999.0, -9999.0, -9999.0, -9999.0, -9999.0, -9999.0, -9999.0, -9999.0, -9999.0, -9999.0, -9999.0, -9999.0, -9999.0, -9999.0, -9999.0, -9999.0, -9999.0, -9999.0, -9999.0, -9999.0, -9999.0, -9999.0, -9999.0, -9999.0, -9999.0, -9999.0, -9999.0, -9999.0, -9999.0, -9999.0, -9999.0, -9999.0, -9999.0, -9999.0, -9999.0, -9999.0, -9999.0, -9999.0, -9999.0, -9999.0, -9999.0, -9999.0, -9999.0, -9999.0, -9999.0, -9999.0, -9999.0, -9999.0, -9999.0, -9999.0, -9999.0, -9999.0, -9999.0, -9999.0, -9999.0, -9999.0, -9999.0, -9999.0, -9999.0, -9999.0, -9999.0, -9999.0, -9999.0, -9999.0, -9999.0, -9999.0, -9999.0, -9999.0, -9999.0, -9999.0, -9999.0, -9999.0, -9999.0, -9999.0, -9999.0, -9999.0, -9999.0, -9999.0, -9999.0, -9999.0, -9999.0, -9999.0, -9999.0, -9999.0, -9999.0, -9999.0, -9999.0, -9999.0, -9999.0, -9999.0, -9999.0, -9999.0, -9999.0, -9999.0, -9999.0, -9999.0, -9999.0, -9999.0, -9999.0, -9999.0, -9999.0, -9999.0, -9999.0, -9999.0, -9999.0, -9999.0, -9999.0, -9999.0, -9999.0, -9999.0, -9999.0, -9999.0, -9999.0, -9999.0, -9999.0, -9999.0, -9999.0, -9999.0, -9999.0, -9999.0, -9999.0, -9999.0, -9999.0, -9999.0, -9999.0, -9999.0, -9999.0, -9999.0, -9999.0, -9999.0, -9999.0, -9999.0, -9999.0, -9999.0, -9999.0, -9999.0, -9999.0, -9999.0, -9999.0, -9999.0, -9999.0, -9999.0, -9999.0, -9999.0, -9999.0, -9999.0, -9999.0, -9999.0, -9999.0, -9999.0, -9999.0, -9999.0, -9999.0, -9999.0, -9999.0, -9999.0, -9999.0, -9999.0, -9999.0, -9999.0, -9999.0, -9999.0, -9999.0, -9999.0, -9999.0, -9999.0, -9999.0, -9999.0, -9999.0, -9999.0, -9999.0, -9999.0, -9999.0, -9999.0, -9999.0, -9999.0, -9999.0, -9999.0, -9999.0, -9999.0, -9999.0, -9999.0, -9999.0, -9999.0, -9999.0, -9999.0, -9999.0, -9999.0, -9999.0, -9999.0, -9999.0, -9999.0, -9999.0, -9999.0, -9999.0, -9999.0, -9999.0, -9999.0, -9999.0, -9999.0, -9999.0, -9999.0, -9999.0, -9999.0, -9999.0, -9999.0, -9999.0, -9999.0, -9999.0, -9999.0, -9999.0, -9999.0, -9999.0, -9999.0, -9999.0, -9999.0, -9999.0, -9999.0, -9999.0, -9999.0, -9999.0, -9999.0, -9999.0, -9999.0, -9999.0, -9999.0, -9999.0, -9999.0, -9999.0, -9999.0, -9999.0, -9999.0, -9999.0, -9999.0, -9999.0, -9999.0, -9999.0, -9999.0, -9999.0, -9999.0, -9999.0, -9999.0, -9999.0, -9999.0, -9999.0, -9999.0, -9999.0, -9999.0, -9999.0, -9999.0, -9999.0, -9999.0, -9999.0, -9999.0, -9999.0, -9999.0, -9999.0, -9999.0, -9999.0, -9999.0, -9999.0, -9999.0, -9999.0, -9999.0, -9999.0, -9999.0, -9999.0, -9999.0, -9999.0, -9999.0, -9999.0, -9999.0, -9999.0, -9999.0, -9999.0, -9999.0, -9999.0, -9999.0, -9999.0, -9999.0, -9999.0, -9999.0]",
floatingse.platform_elem_G,output,Pa,"[79300000000.0, 79300000000.0, 79300000000.0, 79300000000.0, 79300000000.0, 79300000000.0, 79300000000.0, 79300000000.0, 79300000000.0, 79300000000.0, 79300000000.0, 79300000000.0, 79300000000.0, 79300000000.0, 79300000000.0, 79300000000.0, 79300000000.0, 79300000000.0, 79300000000.0, 79300000000.0, 79300000000.0, 79300000000.0, 7930000000000.0, 79300000000.0, 79300000000.0, 79300000000.0, 79300000000.0, 7930000000000.0, 79300000000.0, 79300000000.0, 79300000000.0, 79300000000.0, 7930000000000.0, -9999.0, -9999.0, -9999.0, -9999.0, -9999.0, -9999.0, -9999.0, -9999.0, -9999.0, -9999.0, -9999.0, -9999.0, -9999.0, -9999.0, -9999.0, -9999.0, -9999.0, -9999.0, -9999.0, -9999.0, -9999.0, -9999.0, -9999.0, -9999.0, -9999.0, -9999.0, -9999.0, -9999.0, -9999.0, -9999.0, -9999.0, -9999.0, -9999.0, -9999.0, -9999.0, -9999.0, -9999.0, -9999.0, -9999.0, -9999.0, -9999.0, -9999.0, -9999.0, -9999.0, -9999.0, -9999.0, -9999.0, -9999.0, -9999.0, -9999.0, -9999.0, -9999.0, -9999.0, -9999.0, -9999.0, -9999.0, -9999.0, -9999.0, -9999.0, -9999.0, -9999.0, -9999.0, -9999.0, -9999.0, -9999.0, -9999.0, -9999.0, -9999.0, -9999.0, -9999.0, -9999.0, -9999.0, -9999.0, -9999.0, -9999.0, -9999.0, -9999.0, -9999.0, -9999.0, -9999.0, -9999.0, -9999.0, -9999.0, -9999.0, -9999.0, -9999.0, -9999.0, -9999.0, -9999.0, -9999.0, -9999.0, -9999.0, -9999.0, -9999.0, -9999.0, -9999.0, -9999.0, -9999.0, -9999.0, -9999.0, -9999.0, -9999.0, -9999.0, -9999.0, -9999.0, -9999.0, -9999.0, -9999.0, -9999.0, -9999.0, -9999.0, -9999.0, -9999.0, -9999.0, -9999.0, -9999.0, -9999.0, -9999.0, -9999.0, -9999.0, -9999.0, -9999.0, -9999.0, -9999.0, -9999.0, -9999.0, -9999.0, -9999.0, -9999.0, -9999.0, -9999.0, -9999.0, -9999.0, -9999.0, -9999.0, -9999.0, -9999.0, -9999.0, -9999.0, -9999.0, -9999.0, -9999.0, -9999.0, -9999.0, -9999.0, -9999.0, -9999.0, -9999.0, -9999.0, -9999.0, -9999.0, -9999.0, -9999.0, -9999.0, -9999.0, -9999.0, -9999.0, -9999.0, -9999.0, -9999.0, -9999.0, -9999.0, -9999.0, -9999.0, -9999.0, -9999.0, -9999.0, -9999.0, -9999.0, -9999.0, -9999.0, -9999.0, -9999.0, -9999.0, -9999.0, -9999.0, -9999.0, -9999.0, -9999.0, -9999.0, -9999.0, -9999.0, -9999.0, -9999.0, -9999.0, -9999.0, -9999.0, -9999.0, -9999.0, -9999.0, -9999.0, -9999.0, -9999.0, -9999.0, -9999.0, -9999.0, -9999.0, -9999.0, -9999.0, -9999.0, -9999.0, -9999.0, -9999.0, -9999.0, -9999.0, -9999.0, -9999.0, -9999.0, -9999.0, -9999.0, -9999.0, -9999.0, -9999.0, -9999.0, -9999.0, -9999.0, -9999.0, -9999.0, -9999.0, -9999.0, -9999.0, -9999.0, -9999.0, -9999.0, -9999.0, -9999.0, -9999.0, -9999.0, -9999.0, -9999.0, -9999.0, -9999.0, -9999.0, -9999.0, -9999.0, -9999.0, -9999.0, -9999.0, -9999.0, -9999.0, -9999.0, -9999.0, -9999.0, -9999.0, -9999.0, -9999.0, -9999.0, -9999.0, -9999.0, -9999.0, -9999.0, -9999.0, -9999.0, -9999.0, -9999.0, -9999.0, -9999.0, -9999.0, -9999.0, -9999.0, -9999.0, -9999.0, -9999.0, -9999.0, -9999.0, -9999.0, -9999.0, -9999.0, -9999.0, -9999.0, -9999.0, -9999.0, -9999.0, -9999.0, -9999.0, -9999.0, -9999.0, -9999.0, -9999.0, -9999.0, -9999.0, -9999.0, -9999.0, -9999.0, -9999.0, -9999.0, -9999.0, -9999.0, -9999.0, -9999.0, -9999.0, -9999.0, -9999.0, -9999.0, -9999.0, -9999.0, -9999.0, -9999.0, -9999.0, -9999.0, -9999.0, -9999.0, -9999.0, -9999.0, -9999.0, -9999.0, -9999.0, -9999.0, -9999.0, -9999.0, -9999.0, -9999.0, -9999.0, -9999.0, -9999.0, -9999.0, -9999.0, -9999.0, -9999.0, -9999.0, -9999.0, -9999.0, -9999.0, -9999.0, -9999.0, -9999.0, -9999.0, -9999.0, -9999.0, -9999.0, -9999.0, -9999.0, -9999.0, -9999.0, -9999.0, -9999.0, -9999.0, -9999.0, -9999.0, -9999.0, -9999.0, -9999.0, -9999.0, -9999.0, -9999.0, -9999.0, -9999.0, -9999.0, -9999.0, -9999.0, -9999.0, -9999.0, -9999.0, -9999.0, -9999.0, -9999.0, -9999.0, -9999.0, -9999.0, -9999.0, -9999.0, -9999.0, -9999.0, -9999.0, -9999.0, -9999.0, -9999.0, -9999.0, -9999.0, -9999.0, -9999.0, -9999.0, -9999.0, -9999.0, -9999.0, -9999.0, -9999.0, -9999.0, -9999.0, -9999.0, -9999.0, -9999.0, -9999.0, -9999.0, -9999.0, -9999.0, -9999.0, -9999.0, -9999.0, -9999.0, -9999.0, -9999.0, -9999.0, -9999.0, -9999.0, -9999.0, -9999.0, -9999.0, -9999.0, -9999.0, -9999.0, -9999.0, -9999.0, -9999.0, -9999.0, -9999.0, -9999.0, -9999.0, -9999.0, -9999.0, -9999.0, -9999.0, -9999.0, -9999.0, -9999.0, -9999.0, -9999.0, -9999.0, -9999.0, -9999.0, -9999.0, -9999.0, -9999.0, -9999.0, -9999.0, -9999.0, -9999.0, -9999.0, -9999.0, -9999.0, -9999.0, -9999.0, -9999.0, -9999.0, -9999.0, -9999.0, -9999.0, -9999.0, -9999.0, -9999.0, -9999.0, -9999.0, -9999.0, -9999.0, -9999.0, -9999.0, -9999.0, -9999.0, -9999.0, -9999.0, -9999.0, -9999.0, -9999.0, -9999.0, -9999.0, -9999.0, -9999.0, -9999.0, -9999.0, -9999.0, -9999.0, -9999.0, -9999.0, -9999.0, -9999.0, -9999.0, -9999.0]",
floatingse.platform_elem_TorsC,output,m**3,"[0.0, 10.823351055342227, 0.0, 10.823351055342227, 10.823351055342227, 10.823351055342227, 10.823351055342227, 10.823351055342227, 0.0, 10.823351055342227, 10.823351055342227, 0.0, 0.0, 9.198471066951328, 6.345022314606005, 5.116453396993089, 5.116453396993089, 0.0, 0.0, 0.11592476891746335, 0.11592476891746335, 0.0, 0.11592476891746335, 0.0, 0.11592476891746335, 0.11592476891746335, 0.0, 0.11592476891746335, 0.0, 0.11592476891746335, 0.11592476891746335, 0.0, 0.11592476891746335, -9999.0, -9999.0, -9999.0, -9999.0, -9999.0, -9999.0, -9999.0, -9999.0, -9999.0, -9999.0, -9999.0, -9999.0, -9999.0, -9999.0, -9999.0, -9999.0, -9999.0, -9999.0, -9999.0, -9999.0, -9999.0, -9999.0, -9999.0, -9999.0, -9999.0, -9999.0, -9999.0, -9999.0, -9999.0, -9999.0, -9999.0, -9999.0, -9999.0, -9999.0, -9999.0, -9999.0, -9999.0, -9999.0, -9999.0, -9999.0, -9999.0, -9999.0, -9999.0, -9999.0, -9999.0, -9999.0, -9999.0, -9999.0, -9999.0, -9999.0, -9999.0, -9999.0, -9999.0, -9999.0, -9999.0, -9999.0, -9999.0, -9999.0, -9999.0, -9999.0, -9999.0, -9999.0, -9999.0, -9999.0, -9999.0, -9999.0, -9999.0, -9999.0, -9999.0, -9999.0, -9999.0, -9999.0, -9999.0, -9999.0, -9999.0, -9999.0, -9999.0, -9999.0, -9999.0, -9999.0, -9999.0, -9999.0, -9999.0, -9999.0, -9999.0, -9999.0, -9999.0, -9999.0, -9999.0, -9999.0, -9999.0, -9999.0, -9999.0, -9999.0, -9999.0, -9999.0, -9999.0, -9999.0, -9999.0, -9999.0, -9999.0, -9999.0, -9999.0, -9999.0, -9999.0, -9999.0, -9999.0, -9999.0, -9999.0, -9999.0, -9999.0, -9999.0, -9999.0, -9999.0, -9999.0, -9999.0, -9999.0, -9999.0, -9999.0, -9999.0, -9999.0, -9999.0, -9999.0, -9999.0, -9999.0, -9999.0, -9999.0, -9999.0, -9999.0, -9999.0, -9999.0, -9999.0, -9999.0, -9999.0, -9999.0, -9999.0, -9999.0, -9999.0, -9999.0, -9999.0, -9999.0, -9999.0, -9999.0, -9999.0, -9999.0, -9999.0, -9999.0, -9999.0, -9999.0, -9999.0, -9999.0, -9999.0, -9999.0, -9999.0, -9999.0, -9999.0, -9999.0, -9999.0, -9999.0, -9999.0, -9999.0, -9999.0, -9999.0, -9999.0, -9999.0, -9999.0, -9999.0, -9999.0, -9999.0, -9999.0, -9999.0, -9999.0, -9999.0, -9999.0, -9999.0, -9999.0, -9999.0, -9999.0, -9999.0, -9999.0, -9999.0, -9999.0, -9999.0, -9999.0, -9999.0, -9999.0, -9999.0, -9999.0, -9999.0, -9999.0, -9999.0, -9999.0, -9999.0, -9999.0, -9999.0, -9999.0, -9999.0, -9999.0, -9999.0, -9999.0, -9999.0, -9999.0, -9999.0, -9999.0, -9999.0, -9999.0, -9999.0, -9999.0, -9999.0, -9999.0, -9999.0, -9999.0, -9999.0, -9999.0, -9999.0, -9999.0, -9999.0, -9999.0, -9999.0, -9999.0, -9999.0, -9999.0, -9999.0, -9999.0, -9999.0, -9999.0, -9999.0, -9999.0, -9999.0, -9999.0, -9999.0, -9999.0, -9999.0, -9999.0, -9999.0, -9999.0, -9999.0, -9999.0, -9999.0, -9999.0, -9999.0, -9999.0, -9999.0, -9999.0, -9999.0, -9999.0, -9999.0, -9999.0, -9999.0, -9999.0, -9999.0, -9999.0, -9999.0, -9999.0, -9999.0, -9999.0, -9999.0, -9999.0, -9999.0, -9999.0, -9999.0, -9999.0, -9999.0, -9999.0, -9999.0, -9999.0, -9999.0, -9999.0, -9999.0, -9999.0, -9999.0, -9999.0, -9999.0, -9999.0, -9999.0, -9999.0, -9999.0, -9999.0, -9999.0, -9999.0, -9999.0, -9999.0, -9999.0, -9999.0, -9999.0, -9999.0, -9999.0, -9999.0, -9999.0, -9999.0, -9999.0, -9999.0, -9999.0, -9999.0, -9999.0, -9999.0, -9999.0, -9999.0, -9999.0, -9999.0, -9999.0, -9999.0, -9999.0, -9999.0, -9999.0, -9999.0, -9999.0, -9999.0, -9999.0, -9999.0, -9999.0, -9999.0, -9999.0, -9999.0, -9999.0, -9999.0, -9999.0, -9999.0, -9999.0, -9999.0, -9999.0, -9999.0, -9999.0, -9999.0, -9999.0, -9999.0, -9999.0, -9999.0, -9999.0, -9999.0, -9999.0, -9999.0, -9999.0, -9999.0, -9999.0, -9999.0, -9999.0, -9999.0, -9999.0, -9999.0, -9999.0, -9999.0, -9999.0, -9999.0, -9999.0, -9999.0, -9999.0, -9999.0, -9999.0, -9999.0, -9999.0, -9999.0, -9999.0, -9999.0, -9999.0, -9999.0, -9999.0, -9999.0, -9999.0, -9999.0, -9999.0, -9999.0, -9999.0, -9999.0, -9999.0, -9999.0, -9999.0, -9999.0, -9999.0, -9999.0, -9999.0, -9999.0, -9999.0, -9999.0, -9999.0, -9999.0, -9999.0, -9999.0, -9999.0, -9999.0, -9999.0, -9999.0, -9999.0, -9999.0, -9999.0, -9999.0, -9999.0, -9999.0, -9999.0, -9999.0, -9999.0, -9999.0, -9999.0, -9999.0, -9999.0, -9999.0, -9999.0, -9999.0, -9999.0, -9999.0, -9999.0, -9999.0, -9999.0, -9999.0, -9999.0, -9999.0, -9999.0, -9999.0, -9999.0, -9999.0, -9999.0, -9999.0, -9999.0, -9999.0, -9999.0, -9999.0, -9999.0, -9999.0, -9999.0, -9999.0, -9999.0, -9999.0, -9999.0, -9999.0, -9999.0, -9999.0, -9999.0, -9999.0, -9999.0, -9999.0, -9999.0, -9999.0, -9999.0, -9999.0, -9999.0, -9999.0, -9999.0, -9999.0, -9999.0, -9999.0, -9999.0, -9999.0, -9999.0, -9999.0, -9999.0, -9999.0, -9999.0, -9999.0, -9999.0, -9999.0, -9999.0, -9999.0, -9999.0, -9999.0, -9999.0, -9999.0, -9999.0, -9999.0, -9999.0, -9999.0, -9999.0, -9999.0, -9999.0, -9999.0, -9999.0, -9999.0, -9999.0]",
floatingse.platform_elem_Px1,output,N/m,"[[0.0], [0.0], [0.0], [0.0], [0.0], [0.0], [0.0], [0.0], [0.0], [0.0], [0.0], [0.0], [0.0], [0.0], [0.0], [0.0], [0.0], [0.0], [-8.42878816669783], [-8.441716430180076], [-21.34261176530536], [-40.15289157526558], [-40.17754840721515], [4.2143940833489], [4.220858215090023], [10.671305882652643], [20.07644578763272], [20.088774203607507], [4.2143940833489], [4.220858215090023], [10.671305882652643], [20.07644578763272], [20.088774203607507], [-9999.0], [-9999.0], [-9999.0], [-9999.0], [-9999.0], [-9999.0], [-9999.0], [-9999.0], [-9999.0], [-9999.0], [-9999.0], [-9999.0], [-9999.0], [-9999.0], [-9999.0], [-9999.0], [-9999.0], [-9999.0], [-9999.0], [-9999.0], [-9999.0], [-9999.0], [-9999.0], [-9999.0], [-9999.0], [-9999.0], [-9999.0], [-9999.0], [-9999.0], [-9999.0], [-9999.0], [-9999.0], [-9999.0], [-9999.0], [-9999.0], [-9999.0], [-9999.0], [-9999.0], [-9999.0], [-9999.0], [-9999.0], [-9999.0], [-9999.0], [-9999.0], [-9999.0], [-9999.0], [-9999.0], [-9999.0], [-9999.0], [-9999.0], [-9999.0], [-9999.0], [-9999.0], [-9999.0], [-9999.0], [-9999.0], [-9999.0], [-9999.0], [-9999.0], [-9999.0], [-9999.0], [-9999.0], [-9999.0], [-9999.0], [-9999.0], [-9999.0], [-9999.0], [-9999.0], [-9999.0], [-9999.0], [-9999.0], [-9999.0], [-9999.0], [-9999.0], [-9999.0], [-9999.0], [-9999.0], [-9999.0], [-9999.0], [-9999.0], [-9999.0], [-9999.0], [-9999.0], [-9999.0], [-9999.0], [-9999.0], [-9999.0], [-9999.0], [-9999.0], [-9999.0], [-9999.0], [-9999.0], [-9999.0], [-9999.0], [-9999.0], [-9999.0], [-9999.0], [-9999.0], [-9999.0], [-9999.0], [-9999.0], [-9999.0], [-9999.0], [-9999.0], [-9999.0], [-9999.0], [-9999.0], [-9999.0], [-9999.0], [-9999.0], [-9999.0], [-9999.0], [-9999.0], [-9999.0], [-9999.0], [-9999.0], [-9999.0], [-9999.0], [-9999.0], [-9999.0], [-9999.0], [-9999.0], [-9999.0], [-9999.0], [-9999.0], [-9999.0], [-9999.0], [-9999.0], [-9999.0], [-9999.0], [-9999.0], [-9999.0], [-9999.0], [-9999.0], [-9999.0], [-9999.0], [-9999.0], [-9999.0], [-9999.0], [-9999.0], [-9999.0], [-9999.0], [-9999.0], [-9999.0], [-9999.0], [-9999.0], [-9999.0], [-9999.0], [-9999.0], [-9999.0], [-9999.0], [-9999.0], [-9999.0], [-9999.0], [-9999.0], [-9999.0], [-9999.0], [-9999.0], [-9999.0], [-9999.0], [-9999.0], [-9999.0], [-9999.0], [-9999.0], [-9999.0], [-9999.0], [-9999.0], [-9999.0], [-9999.0], [-9999.0], [-9999.0], [-9999.0], [-9999.0], [-9999.0], [-9999.0], [-9999.0], [-9999.0], [-9999.0], [-9999.0], [-9999.0], [-9999.0], [-9999.0], [-9999.0], [-9999.0], [-9999.0], [-9999.0], [-9999.0], [-9999.0], [-9999.0], [-9999.0], [-9999.0], [-9999.0], [-9999.0], [-9999.0], [-9999.0], [-9999.0], [-9999.0], [-9999.0], [-9999.0], [-9999.0], [-9999.0], [-9999.0], [-9999.0], [-9999.0], [-9999.0], [-9999.0], [-9999.0], [-9999.0], [-9999.0], [-9999.0], [-9999.0], [-9999.0], [-9999.0], [-9999.0], [-9999.0], [-9999.0], [-9999.0], [-9999.0], [-9999.0], [-9999.0], [-9999.0], [-9999.0], [-9999.0], [-9999.0], [-9999.0], [-9999.0], [-9999.0], [-9999.0], [-9999.0], [-9999.0], [-9999.0], [-9999.0], [-9999.0], [-9999.0], [-9999.0], [-9999.0], [-9999.0], [-9999.0], [-9999.0], [-9999.0], [-9999.0], [-9999.0], [-9999.0], [-9999.0], [-9999.0], [-9999.0], [-9999.0], [-9999.0], [-9999.0], [-9999.0], [-9999.0], [-9999.0], [-9999.0], [-9999.0], [-9999.0], [-9999.0], [-9999.0], [-9999.0], [-9999.0], [-9999.0], [-9999.0], [-9999.0], [-9999.0], [-9999.0], [-9999.0], [-9999.0], [-9999.0], [-9999.0], [-9999.0], [-9999.0], [-9999.0], [-9999.0], [-9999.0], [-9999.0], [-9999.0], [-9999.0], [-9999.0], [-9999.0], [-9999.0], [-9999.0], [-9999.0], [-9999.0], [-9999.0], [-9999.0], [-9999.0], [-9999.0], [-9999.0], [-9999.0], [-9999.0], [-9999.0], [-9999.0], [-9999.0], [-9999.0], [-9999.0], [-9999.0], [-9999.0], [-9999.0], [-9999.0], [-9999.0], [-9999.0], [-9999.0], [-9999.0], [-9999.0], [-9999.0], [-9999.0], [-9999.0], [-9999.0], [-9999.0], [-9999.0], [-9999.0], [-9999.0], [-9999.0], [-9999.0], [-9999.0], [-9999.0], [-9999.0], [-9999.0], [-9999.0], [-9999.0], [-9999.0], [-9999.0], [-9999.0], [-9999.0], [-9999.0], [-9999.0], [-9999.0], [-9999.0], [-9999.0], [-9999.0], [-9999.0], [-9999.0], [-9999.0], [-9999.0], [-9999.0], [-9999.0], [-9999.0], [-9999.0], [-9999.0], [-9999.0], [-9999.0], [-9999.0], [-9999.0], [-9999.0], [-9999.0], [-9999.0], [-9999.0], [-9999.0], [-9999.0], [-9999.0], [-9999.0], [-9999.0], [-9999.0], [-9999.0], [-9999.0], [-9999.0], [-9999.0], [-9999.0], [-9999.0], [-9999.0], [-9999.0], [-9999.0], [-9999.0], [-9999.0], [-9999.0], [-9999.0], [-9999.0], [-9999.0], [-9999.0], [-9999.0], [-9999.0], [-9999.0], [-9999.0], [-9999.0], [-9999.0], [-9999.0], [-9999.0], [-9999.0], [-9999.0], [-9999.0], [-9999.0], [-9999.0], [-9999.0], [-9999.0], [-9999.0], [-9999.0], [-9999.0], [-9999.0], [-9999.0], [-9999.0], [-9999.0], [-9999.0], [-9999.0], [-9999.0], [-9999.0], [-9999.0], [-9999.0], [-9999.0], [-9999.0], [-9999.0], [-9999.0], [-9999.0], [-9999.0], [-9999.0], [-9999.0], [-9999.0], [-9999.0], [-9999.0], [-9999.0], [-9999.0], [-9999.0], [-9999.0], [-9999.0], [-9999.0], [-9999.0], [-9999.0], [-9999.0], [-9999.0], [-9999.0], [-9999.0], [-9999.0], [-9999.0], [-9999.0], [-9999.0], [-9999.0], [-9999.0], [-9999.0], [-9999.0], [-9999.0], [-9999.0], [-9999.0], [-9999.0], [-9999.0], [-9999.0], [-9999.0], [-9999.0], [-9999.0], [-9999.0], [-9999.0], [-9999.0], [-9999.0], [-9999.0], [-9999.0], [-9999.0], [-9999.0], [-9999.0], [-9999.0], [-9999.0], [-9999.0], [-9999.0], [-9999.0], [-9999.0], [-9999.0], [-9999.0], [-9999.0], [-9999.0], [-9999.0], [-9999.0], [-9999.0], [-9999.0], [-9999.0], [-9999.0], [-9999.0], [-9999.0], [-9999.0], [-9999.0], [-9999.0], [-9999.0]]",
floatingse.platform_elem_Px2,output,N/m,"[[0.0], [0.0], [0.0], [0.0], [0.0], [0.0], [0.0], [0.0], [0.0], [0.0], [0.0], [0.0], [0.0], [0.0], [0.0], [0.0], [0.0], [0.0], [-8.441716430180076], [-21.34261176530536], [-40.15289157526558], [-40.17754840721515], [-45.97190391536251], [4.220858215090023], [10.671305882652643], [20.07644578763272], [20.088774203607507], [22.985951957681177], [4.220858215090023], [10.671305882652643], [20.07644578763272], [20.088774203607507], [22.985951957681177], [-9999.0], [-9999.0], [-9999.0], [-9999.0], [-9999.0], [-9999.0], [-9999.0], [-9999.0], [-9999.0], [-9999.0], [-9999.0], [-9999.0], [-9999.0], [-9999.0], [-9999.0], [-9999.0], [-9999.0], [-9999.0], [-9999.0], [-9999.0], [-9999.0], [-9999.0], [-9999.0], [-9999.0], [-9999.0], [-9999.0], [-9999.0], [-9999.0], [-9999.0], [-9999.0], [-9999.0], [-9999.0], [-9999.0], [-9999.0], [-9999.0], [-9999.0], [-9999.0], [-9999.0], [-9999.0], [-9999.0], [-9999.0], [-9999.0], [-9999.0], [-9999.0], [-9999.0], [-9999.0], [-9999.0], [-9999.0], [-9999.0], [-9999.0], [-9999.0], [-9999.0], [-9999.0], [-9999.0], [-9999.0], [-9999.0], [-9999.0], [-9999.0], [-9999.0], [-9999.0], [-9999.0], [-9999.0], [-9999.0], [-9999.0], [-9999.0], [-9999.0], [-9999.0], [-9999.0], [-9999.0], [-9999.0], [-9999.0], [-9999.0], [-9999.0], [-9999.0], [-9999.0], [-9999.0], [-9999.0], [-9999.0], [-9999.0], [-9999.0], [-9999.0], [-9999.0], [-9999.0], [-9999.0], [-9999.0], [-9999.0], [-9999.0], [-9999.0], [-9999.0], [-9999.0], [-9999.0], [-9999.0], [-9999.0], [-9999.0], [-9999.0], [-9999.0], [-9999.0], [-9999.0], [-9999.0], [-9999.0], [-9999.0], [-9999.0], [-9999.0], [-9999.0], [-9999.0], [-9999.0], [-9999.0], [-9999.0], [-9999.0], [-9999.0], [-9999.0], [-9999.0], [-9999.0], [-9999.0], [-9999.0], [-9999.0], [-9999.0], [-9999.0], [-9999.0], [-9999.0], [-9999.0], [-9999.0], [-9999.0], [-9999.0], [-9999.0], [-9999.0], [-9999.0], [-9999.0], [-9999.0], [-9999.0], [-9999.0], [-9999.0], [-9999.0], [-9999.0], [-9999.0], [-9999.0], [-9999.0], [-9999.0], [-9999.0], [-9999.0], [-9999.0], [-9999.0], [-9999.0], [-9999.0], [-9999.0], [-9999.0], [-9999.0], [-9999.0], [-9999.0], [-9999.0], [-9999.0], [-9999.0], [-9999.0], [-9999.0], [-9999.0], [-9999.0], [-9999.0], [-9999.0], [-9999.0], [-9999.0], [-9999.0], [-9999.0], [-9999.0], [-9999.0], [-9999.0], [-9999.0], [-9999.0], [-9999.0], [-9999.0], [-9999.0], [-9999.0], [-9999.0], [-9999.0], [-9999.0], [-9999.0], [-9999.0], [-9999.0], [-9999.0], [-9999.0], [-9999.0], [-9999.0], [-9999.0], [-9999.0], [-9999.0], [-9999.0], [-9999.0], [-9999.0], [-9999.0], [-9999.0], [-9999.0], [-9999.0], [-9999.0], [-9999.0], [-9999.0], [-9999.0], [-9999.0], [-9999.0], [-9999.0], [-9999.0], [-9999.0], [-9999.0], [-9999.0], [-9999.0], [-9999.0], [-9999.0], [-9999.0], [-9999.0], [-9999.0], [-9999.0], [-9999.0], [-9999.0], [-9999.0], [-9999.0], [-9999.0], [-9999.0], [-9999.0], [-9999.0], [-9999.0], [-9999.0], [-9999.0], [-9999.0], [-9999.0], [-9999.0], [-9999.0], [-9999.0], [-9999.0], [-9999.0], [-9999.0], [-9999.0], [-9999.0], [-9999.0], [-9999.0], [-9999.0], [-9999.0], [-9999.0], [-9999.0], [-9999.0], [-9999.0], [-9999.0], [-9999.0], [-9999.0], [-9999.0], [-9999.0], [-9999.0], [-9999.0], [-9999.0], [-9999.0], [-9999.0], [-9999.0], [-9999.0], [-9999.0], [-9999.0], [-9999.0], [-9999.0], [-9999.0], [-9999.0], [-9999.0], [-9999.0], [-9999.0], [-9999.0], [-9999.0], [-9999.0], [-9999.0], [-9999.0], [-9999.0], [-9999.0], [-9999.0], [-9999.0], [-9999.0], [-9999.0], [-9999.0], [-9999.0], [-9999.0], [-9999.0], [-9999.0], [-9999.0], [-9999.0], [-9999.0], [-9999.0], [-9999.0], [-9999.0], [-9999.0], [-9999.0], [-9999.0], [-9999.0], [-9999.0], [-9999.0], [-9999.0], [-9999.0], [-9999.0], [-9999.0], [-9999.0], [-9999.0], [-9999.0], [-9999.0], [-9999.0], [-9999.0], [-9999.0], [-9999.0], [-9999.0], [-9999.0], [-9999.0], [-9999.0], [-9999.0], [-9999.0], [-9999.0], [-9999.0], [-9999.0], [-9999.0], [-9999.0], [-9999.0], [-9999.0], [-9999.0], [-9999.0], [-9999.0], [-9999.0], [-9999.0], [-9999.0], [-9999.0], [-9999.0], [-9999.0], [-9999.0], [-9999.0], [-9999.0], [-9999.0], [-9999.0], [-9999.0], [-9999.0], [-9999.0], [-9999.0], [-9999.0], [-9999.0], [-9999.0], [-9999.0], [-9999.0], [-9999.0], [-9999.0], [-9999.0], [-9999.0], [-9999.0], [-9999.0], [-9999.0], [-9999.0], [-9999.0], [-9999.0], [-9999.0], [-9999.0], [-9999.0], [-9999.0], [-9999.0], [-9999.0], [-9999.0], [-9999.0], [-9999.0], [-9999.0], [-9999.0], [-9999.0], [-9999.0], [-9999.0], [-9999.0], [-9999.0], [-9999.0], [-9999.0], [-9999.0], [-9999.0], [-9999.0], [-9999.0], [-9999.0], [-9999.0], [-9999.0], [-9999.0], [-9999.0], [-9999.0], [-9999.0], [-9999.0], [-9999.0], [-9999.0], [-9999.0], [-9999.0], [-9999.0], [-9999.0], [-9999.0], [-9999.0], [-9999.0], [-9999.0], [-9999.0], [-9999.0], [-9999.0], [-9999.0], [-9999.0], [-9999.0], [-9999.0], [-9999.0], [-9999.0], [-9999.0], [-9999.0], [-9999.0], [-9999.0], [-9999.0], [-9999.0], [-9999.0], [-9999.0], [-9999.0], [-9999.0], [-9999.0], [-9999.0], [-9999.0], [-9999.0], [-9999.0], [-9999.0], [-9999.0], [-9999.0], [-9999.0], [-9999.0], [-9999.0], [-9999.0], [-9999.0], [-9999.0], [-9999.0], [-9999.0], [-9999.0], [-9999.0], [-9999.0], [-9999.0], [-9999.0], [-9999.0], [-9999.0], [-9999.0], [-9999.0], [-9999.0], [-9999.0], [-9999.0], [-9999.0], [-9999.0], [-9999.0], [-9999.0], [-9999.0], [-9999.0], [-9999.0], [-9999.0], [-9999.0], [-9999.0], [-9999.0], [-9999.0], [-9999.0], [-9999.0], [-9999.0], [-9999.0], [-9999.0], [-9999.0], [-9999.0], [-9999.0], [-9999.0], [-9999.0], [-9999.0], [-9999.0], [-9999.0], [-9999.0], [-9999.0], [-9999.0], [-9999.0], [-9999.0], [-9999.0], [-9999.0], [-9999.0], [-9999.0], [-9999.0]]",
floatingse.platform_elem_Py1,output,N/m,"[[0.0], [0.0], [0.0], [0.0], [0.0], [0.0], [0.0], [0.0], [0.0], [0.0], [0.0], [0.0], [0.0], [0.0], [0.0], [0.0], [0.0], [0.0], [0.0], [0.0], [0.0], [0.0], [0.0], [7.299544675477972], [7.310740880080417], [18.48324397186305], [34.7734241395821], [34.794777582427265], [-7.2995446754779705], [-7.310740880080415], [-18.483243971863047], [-34.77342413958209], [-34.79477758242726], [-9999.0], [-9999.0], [-9999.0], [-9999.0], [-9999.0], [-9999.0], [-9999.0], [-9999.0], [-9999.0], [-9999.0], [-9999.0], [-9999.0], [-9999.0], [-9999.0], [-9999.0], [-9999.0], [-9999.0], [-9999.0], [-9999.0], [-9999.0], [-9999.0], [-9999.0], [-9999.0], [-9999.0], [-9999.0], [-9999.0], [-9999.0], [-9999.0], [-9999.0], [-9999.0], [-9999.0], [-9999.0], [-9999.0], [-9999.0], [-9999.0], [-9999.0], [-9999.0], [-9999.0], [-9999.0], [-9999.0], [-9999.0], [-9999.0], [-9999.0], [-9999.0], [-9999.0], [-9999.0], [-9999.0], [-9999.0], [-9999.0], [-9999.0], [-9999.0], [-9999.0], [-9999.0], [-9999.0], [-9999.0], [-9999.0], [-9999.0], [-9999.0], [-9999.0], [-9999.0], [-9999.0], [-9999.0], [-9999.0], [-9999.0], [-9999.0], [-9999.0], [-9999.0], [-9999.0], [-9999.0], [-9999.0], [-9999.0], [-9999.0], [-9999.0], [-9999.0], [-9999.0], [-9999.0], [-9999.0], [-9999.0], [-9999.0], [-9999.0], [-9999.0], [-9999.0], [-9999.0], [-9999.0], [-9999.0], [-9999.0], [-9999.0], [-9999.0], [-9999.0], [-9999.0], [-9999.0], [-9999.0], [-9999.0], [-9999.0], [-9999.0], [-9999.0], [-9999.0], [-9999.0], [-9999.0], [-9999.0], [-9999.0], [-9999.0], [-9999.0], [-9999.0], [-9999.0], [-9999.0], [-9999.0], [-9999.0], [-9999.0], [-9999.0], [-9999.0], [-9999.0], [-9999.0], [-9999.0], [-9999.0], [-9999.0], [-9999.0], [-9999.0], [-9999.0], [-9999.0], [-9999.0], [-9999.0], [-9999.0], [-9999.0], [-9999.0], [-9999.0], [-9999.0], [-9999.0], [-9999.0], [-9999.0], [-9999.0], [-9999.0], [-9999.0], [-9999.0], [-9999.0], [-9999.0], [-9999.0], [-9999.0], [-9999.0], [-9999.0], [-9999.0], [-9999.0], [-9999.0], [-9999.0], [-9999.0], [-9999.0], [-9999.0], [-9999.0], [-9999.0], [-9999.0], [-9999.0], [-9999.0], [-9999.0], [-9999.0], [-9999.0], [-9999.0], [-9999.0], [-9999.0], [-9999.0], [-9999.0], [-9999.0], [-9999.0], [-9999.0], [-9999.0], [-9999.0], [-9999.0], [-9999.0], [-9999.0], [-9999.0], [-9999.0], [-9999.0], [-9999.0], [-9999.0], [-9999.0], [-9999.0], [-9999.0], [-9999.0], [-9999.0], [-9999.0], [-9999.0], [-9999.0], [-9999.0], [-9999.0], [-9999.0], [-9999.0], [-9999.0], [-9999.0], [-9999.0], [-9999.0], [-9999.0], [-9999.0], [-9999.0], [-9999.0], [-9999.0], [-9999.0], [-9999.0], [-9999.0], [-9999.0], [-9999.0], [-9999.0], [-9999.0], [-9999.0], [-9999.0], [-9999.0], [-9999.0], [-9999.0], [-9999.0], [-9999.0], [-9999.0], [-9999.0], [-9999.0], [-9999.0], [-9999.0], [-9999.0], [-9999.0], [-9999.0], [-9999.0], [-9999.0], [-9999.0], [-9999.0], [-9999.0], [-9999.0], [-9999.0], [-9999.0], [-9999.0], [-9999.0], [-9999.0], [-9999.0], [-9999.0], [-9999.0], [-9999.0], [-9999.0], [-9999.0], [-9999.0], [-9999.0], [-9999.0], [-9999.0], [-9999.0], [-9999.0], [-9999.0], [-9999.0], [-9999.0], [-9999.0], [-9999.0], [-9999.0], [-9999.0], [-9999.0], [-9999.0], [-9999.0], [-9999.0], [-9999.0], [-9999.0], [-9999.0], [-9999.0], [-9999.0], [-9999.0], [-9999.0], [-9999.0], [-9999.0], [-9999.0], [-9999.0], [-9999.0], [-9999.0], [-9999.0], [-9999.0], [-9999.0], [-9999.0], [-9999.0], [-9999.0], [-9999.0], [-9999.0], [-9999.0], [-9999.0], [-9999.0], [-9999.0], [-9999.0], [-9999.0], [-9999.0], [-9999.0], [-9999.0], [-9999.0], [-9999.0], [-9999.0], [-9999.0], [-9999.0], [-9999.0], [-9999.0], [-9999.0], [-9999.0], [-9999.0], [-9999.0], [-9999.0], [-9999.0], [-9999.0], [-9999.0], [-9999.0], [-9999.0], [-9999.0], [-9999.0], [-9999.0], [-9999.0], [-9999.0], [-9999.0], [-9999.0], [-9999.0], [-9999.0], [-9999.0], [-9999.0], [-9999.0], [-9999.0], [-9999.0], [-9999.0], [-9999.0], [-9999.0], [-9999.0], [-9999.0], [-9999.0], [-9999.0], [-9999.0], [-9999.0], [-9999.0], [-9999.0], [-9999.0], [-9999.0], [-9999.0], [-9999.0], [-9999.0], [-9999.0], [-9999.0], [-9999.0], [-9999.0], [-9999.0], [-9999.0], [-9999.0], [-9999.0], [-9999.0], [-9999.0], [-9999.0], [-9999.0], [-9999.0], [-9999.0], [-9999.0], [-9999.0], [-9999.0], [-9999.0], [-9999.0], [-9999.0], [-9999.0], [-9999.0], [-9999.0], [-9999.0], [-9999.0], [-9999.0], [-9999.0], [-9999.0], [-9999.0], [-9999.0], [-9999.0], [-9999.0], [-9999.0], [-9999.0], [-9999.0], [-9999.0], [-9999.0], [-9999.0], [-9999.0], [-9999.0], [-9999.0], [-9999.0], [-9999.0], [-9999.0], [-9999.0], [-9999.0], [-9999.0], [-9999.0], [-9999.0], [-9999.0], [-9999.0], [-9999.0], [-9999.0], [-9999.0], [-9999.0], [-9999.0], [-9999.0], [-9999.0], [-9999.0], [-9999.0], [-9999.0], [-9999.0], [-9999.0], [-9999.0], [-9999.0], [-9999.0], [-9999.0], [-9999.0], [-9999.0], [-9999.0], [-9999.0], [-9999.0], [-9999.0], [-9999.0], [-9999.0], [-9999.0], [-9999.0], [-9999.0], [-9999.0], [-9999.0], [-9999.0], [-9999.0], [-9999.0], [-9999.0], [-9999.0], [-9999.0], [-9999.0], [-9999.0], [-9999.0], [-9999.0], [-9999.0], [-9999.0], [-9999.0], [-9999.0], [-9999.0], [-9999.0], [-9999.0], [-9999.0], [-9999.0], [-9999.0], [-9999.0], [-9999.0], [-9999.0], [-9999.0], [-9999.0], [-9999.0], [-9999.0], [-9999.0], [-9999.0], [-9999.0], [-9999.0], [-9999.0], [-9999.0], [-9999.0], [-9999.0], [-9999.0], [-9999.0], [-9999.0], [-9999.0], [-9999.0], [-9999.0], [-9999.0], [-9999.0], [-9999.0], [-9999.0], [-9999.0], [-9999.0], [-9999.0], [-9999.0], [-9999.0], [-9999.0], [-9999.0], [-9999.0], [-9999.0], [-9999.0], [-9999.0], [-9999.0], [-9999.0], [-9999.0], [-9999.0]]",
floatingse.platform_elem_Py2,output,N/m,"[[0.0], [0.0], [0.0], [0.0], [0.0], [0.0], [0.0], [0.0], [0.0], [0.0], [0.0], [0.0], [0.0], [0.0], [0.0], [0.0], [0.0], [0.0], [0.0], [0.0], [0.0], [0.0], [0.0], [7.310740880080417], [18.48324397186305], [34.7734241395821], [34.794777582427265], [39.81283665104117], [-7.310740880080415], [-18.483243971863047], [-34.77342413958209], [-34.79477758242726], [-39.81283665104116], [-9999.0], [-9999.0], [-9999.0], [-9999.0], [-9999.0], [-9999.0], [-9999.0], [-9999.0], [-9999.0], [-9999.0], [-9999.0], [-9999.0], [-9999.0], [-9999.0], [-9999.0], [-9999.0], [-9999.0], [-9999.0], [-9999.0], [-9999.0], [-9999.0], [-9999.0], [-9999.0], [-9999.0], [-9999.0], [-9999.0], [-9999.0], [-9999.0], [-9999.0], [-9999.0], [-9999.0], [-9999.0], [-9999.0], [-9999.0], [-9999.0], [-9999.0], [-9999.0], [-9999.0], [-9999.0], [-9999.0], [-9999.0], [-9999.0], [-9999.0], [-9999.0], [-9999.0], [-9999.0], [-9999.0], [-9999.0], [-9999.0], [-9999.0], [-9999.0], [-9999.0], [-9999.0], [-9999.0], [-9999.0], [-9999.0], [-9999.0], [-9999.0], [-9999.0], [-9999.0], [-9999.0], [-9999.0], [-9999.0], [-9999.0], [-9999.0], [-9999.0], [-9999.0], [-9999.0], [-9999.0], [-9999.0], [-9999.0], [-9999.0], [-9999.0], [-9999.0], [-9999.0], [-9999.0], [-9999.0], [-9999.0], [-9999.0], [-9999.0], [-9999.0], [-9999.0], [-9999.0], [-9999.0], [-9999.0], [-9999.0], [-9999.0], [-9999.0], [-9999.0], [-9999.0], [-9999.0], [-9999.0], [-9999.0], [-9999.0], [-9999.0], [-9999.0], [-9999.0], [-9999.0], [-9999.0], [-9999.0], [-9999.0], [-9999.0], [-9999.0], [-9999.0], [-9999.0], [-9999.0], [-9999.0], [-9999.0], [-9999.0], [-9999.0], [-9999.0], [-9999.0], [-9999.0], [-9999.0], [-9999.0], [-9999.0], [-9999.0], [-9999.0], [-9999.0], [-9999.0], [-9999.0], [-9999.0], [-9999.0], [-9999.0], [-9999.0], [-9999.0], [-9999.0], [-9999.0], [-9999.0], [-9999.0], [-9999.0], [-9999.0], [-9999.0], [-9999.0], [-9999.0], [-9999.0], [-9999.0], [-9999.0], [-9999.0], [-9999.0], [-9999.0], [-9999.0], [-9999.0], [-9999.0], [-9999.0], [-9999.0], [-9999.0], [-9999.0], [-9999.0], [-9999.0], [-9999.0], [-9999.0], [-9999.0], [-9999.0], [-9999.0], [-9999.0], [-9999.0], [-9999.0], [-9999.0], [-9999.0], [-9999.0], [-9999.0], [-9999.0], [-9999.0], [-9999.0], [-9999.0], [-9999.0], [-9999.0], [-9999.0], [-9999.0], [-9999.0], [-9999.0], [-9999.0], [-9999.0], [-9999.0], [-9999.0], [-9999.0], [-9999.0], [-9999.0], [-9999.0], [-9999.0], [-9999.0], [-9999.0], [-9999.0], [-9999.0], [-9999.0], [-9999.0], [-9999.0], [-9999.0], [-9999.0], [-9999.0], [-9999.0], [-9999.0], [-9999.0], [-9999.0], [-9999.0], [-9999.0], [-9999.0], [-9999.0], [-9999.0], [-9999.0], [-9999.0], [-9999.0], [-9999.0], [-9999.0], [-9999.0], [-9999.0], [-9999.0], [-9999.0], [-9999.0], [-9999.0], [-9999.0], [-9999.0], [-9999.0], [-9999.0], [-9999.0], [-9999.0], [-9999.0], [-9999.0], [-9999.0], [-9999.0], [-9999.0], [-9999.0], [-9999.0], [-9999.0], [-9999.0], [-9999.0], [-9999.0], [-9999.0], [-9999.0], [-9999.0], [-9999.0], [-9999.0], [-9999.0], [-9999.0], [-9999.0], [-9999.0], [-9999.0], [-9999.0], [-9999.0], [-9999.0], [-9999.0], [-9999.0], [-9999.0], [-9999.0], [-9999.0], [-9999.0], [-9999.0], [-9999.0], [-9999.0], [-9999.0], [-9999.0], [-9999.0], [-9999.0], [-9999.0], [-9999.0], [-9999.0], [-9999.0], [-9999.0], [-9999.0], [-9999.0], [-9999.0], [-9999.0], [-9999.0], [-9999.0], [-9999.0], [-9999.0], [-9999.0], [-9999.0], [-9999.0], [-9999.0], [-9999.0], [-9999.0], [-9999.0], [-9999.0], [-9999.0], [-9999.0], [-9999.0], [-9999.0], [-9999.0], [-9999.0], [-9999.0], [-9999.0], [-9999.0], [-9999.0], [-9999.0], [-9999.0], [-9999.0], [-9999.0], [-9999.0], [-9999.0], [-9999.0], [-9999.0], [-9999.0], [-9999.0], [-9999.0], [-9999.0], [-9999.0], [-9999.0], [-9999.0], [-9999.0], [-9999.0], [-9999.0], [-9999.0], [-9999.0], [-9999.0], [-9999.0], [-9999.0], [-9999.0], [-9999.0], [-9999.0], [-9999.0], [-9999.0], [-9999.0], [-9999.0], [-9999.0], [-9999.0], [-9999.0], [-9999.0], [-9999.0], [-9999.0], [-9999.0], [-9999.0], [-9999.0], [-9999.0], [-9999.0], [-9999.0], [-9999.0], [-9999.0], [-9999.0], [-9999.0], [-9999.0], [-9999.0], [-9999.0], [-9999.0], [-9999.0], [-9999.0], [-9999.0], [-9999.0], [-9999.0], [-9999.0], [-9999.0], [-9999.0], [-9999.0], [-9999.0], [-9999.0], [-9999.0], [-9999.0], [-9999.0], [-9999.0], [-9999.0], [-9999.0], [-9999.0], [-9999.0], [-9999.0], [-9999.0], [-9999.0], [-9999.0], [-9999.0], [-9999.0], [-9999.0], [-9999.0], [-9999.0], [-9999.0], [-9999.0], [-9999.0], [-9999.0], [-9999.0], [-9999.0], [-9999.0], [-9999.0], [-9999.0], [-9999.0], [-9999.0], [-9999.0], [-9999.0], [-9999.0], [-9999.0], [-9999.0], [-9999.0], [-9999.0], [-9999.0], [-9999.0], [-9999.0], [-9999.0], [-9999.0], [-9999.0], [-9999.0], [-9999.0], [-9999.0], [-9999.0], [-9999.0], [-9999.0], [-9999.0], [-9999.0], [-9999.0], [-9999.0], [-9999.0], [-9999.0], [-9999.0], [-9999.0], [-9999.0], [-9999.0], [-9999.0], [-9999.0], [-9999.0], [-9999.0], [-9999.0], [-9999.0], [-9999.0], [-9999.0], [-9999.0], [-9999.0], [-9999.0], [-9999.0], [-9999.0], [-9999.0], [-9999.0], [-9999.0], [-9999.0], [-9999.0], [-9999.0], [-9999.0], [-9999.0], [-9999.0], [-9999.0], [-9999.0], [-9999.0], [-9999.0], [-9999.0], [-9999.0], [-9999.0], [-9999.0], [-9999.0], [-9999.0], [-9999.0], [-9999.0], [-9999.0], [-9999.0], [-9999.0], [-9999.0], [-9999.0], [-9999.0], [-9999.0], [-9999.0], [-9999.0], [-9999.0], [-9999.0], [-9999.0], [-9999.0], [-9999.0], [-9999.0], [-9999.0], [-9999.0], [-9999.0], [-9999.0], [-9999.0], [-9999.0], [-9999.0], [-9999.0], [-9999.0], [-9999.0], [-9999.0], [-9999.0], [-9999.0], [-9999.0], [-9999.0]]",
floatingse.platform_elem_Pz1,output,N/m,"[[-17236.45979757961], [-17316.027945916972], [-19205.771468929324], [-19245.555543098006], [-21061.89744926914], [-25785.421904289633], [-25995.924546858776], [-26208.164951908137], [-29296.258682526193], [-29358.64441445787], [-32927.10828094985], [-41383.034958582204], [-41422.47491510101], [-41082.51004417545], [-30968.555134139948], [-21731.859963455816], [-23075.384210274784], [-24452.797487906733], [-64.21358800342638], [-64.31208023842272], [-162.59581469008708], [-305.8993992692174], [-306.08724402423627], [-64.21358800342638], [-64.31208023842272], [-162.59581469008708], [-305.8993992692174], [-306.08724402423627], [-64.21358800342638], [-64.31208023842272], [-162.59581469008708], [-305.8993992692174], [-306.08724402423627], [-9999.0], [-9999.0], [-9999.0], [-9999.0], [-9999.0], [-9999.0], [-9999.0], [-9999.0], [-9999.0], [-9999.0], [-9999.0], [-9999.0], [-9999.0], [-9999.0], [-9999.0], [-9999.0], [-9999.0], [-9999.0], [-9999.0], [-9999.0], [-9999.0], [-9999.0], [-9999.0], [-9999.0], [-9999.0], [-9999.0], [-9999.0], [-9999.0], [-9999.0], [-9999.0], [-9999.0], [-9999.0], [-9999.0], [-9999.0], [-9999.0], [-9999.0], [-9999.0], [-9999.0], [-9999.0], [-9999.0], [-9999.0], [-9999.0], [-9999.0], [-9999.0], [-9999.0], [-9999.0], [-9999.0], [-9999.0], [-9999.0], [-9999.0], [-9999.0], [-9999.0], [-9999.0], [-9999.0], [-9999.0], [-9999.0], [-9999.0], [-9999.0], [-9999.0], [-9999.0], [-9999.0], [-9999.0], [-9999.0], [-9999.0], [-9999.0], [-9999.0], [-9999.0], [-9999.0], [-9999.0], [-9999.0], [-9999.0], [-9999.0], [-9999.0], [-9999.0], [-9999.0], [-9999.0], [-9999.0], [-9999.0], [-9999.0], [-9999.0], [-9999.0], [-9999.0], [-9999.0], [-9999.0], [-9999.0], [-9999.0], [-9999.0], [-9999.0], [-9999.0], [-9999.0], [-9999.0], [-9999.0], [-9999.0], [-9999.0], [-9999.0], [-9999.0], [-9999.0], [-9999.0], [-9999.0], [-9999.0], [-9999.0], [-9999.0], [-9999.0], [-9999.0], [-9999.0], [-9999.0], [-9999.0], [-9999.0], [-9999.0], [-9999.0], [-9999.0], [-9999.0], [-9999.0], [-9999.0], [-9999.0], [-9999.0], [-9999.0], [-9999.0], [-9999.0], [-9999.0], [-9999.0], [-9999.0], [-9999.0], [-9999.0], [-9999.0], [-9999.0], [-9999.0], [-9999.0], [-9999.0], [-9999.0], [-9999.0], [-9999.0], [-9999.0], [-9999.0], [-9999.0], [-9999.0], [-9999.0], [-9999.0], [-9999.0], [-9999.0], [-9999.0], [-9999.0], [-9999.0], [-9999.0], [-9999.0], [-9999.0], [-9999.0], [-9999.0], [-9999.0], [-9999.0], [-9999.0], [-9999.0], [-9999.0], [-9999.0], [-9999.0], [-9999.0], [-9999.0], [-9999.0], [-9999.0], [-9999.0], [-9999.0], [-9999.0], [-9999.0], [-9999.0], [-9999.0], [-9999.0], [-9999.0], [-9999.0], [-9999.0], [-9999.0], [-9999.0], [-9999.0], [-9999.0], [-9999.0], [-9999.0], [-9999.0], [-9999.0], [-9999.0], [-9999.0], [-9999.0], [-9999.0], [-9999.0], [-9999.0], [-9999.0], [-9999.0], [-9999.0], [-9999.0], [-9999.0], [-9999.0], [-9999.0], [-9999.0], [-9999.0], [-9999.0], [-9999.0], [-9999.0], [-9999.0], [-9999.0], [-9999.0], [-9999.0], [-9999.0], [-9999.0], [-9999.0], [-9999.0], [-9999.0], [-9999.0], [-9999.0], [-9999.0], [-9999.0], [-9999.0], [-9999.0], [-9999.0], [-9999.0], [-9999.0], [-9999.0], [-9999.0], [-9999.0], [-9999.0], [-9999.0], [-9999.0], [-9999.0], [-9999.0], [-9999.0], [-9999.0], [-9999.0], [-9999.0], [-9999.0], [-9999.0], [-9999.0], [-9999.0], [-9999.0], [-9999.0], [-9999.0], [-9999.0], [-9999.0], [-9999.0], [-9999.0], [-9999.0], [-9999.0], [-9999.0], [-9999.0], [-9999.0], [-9999.0], [-9999.0], [-9999.0], [-9999.0], [-9999.0], [-9999.0], [-9999.0], [-9999.0], [-9999.0], [-9999.0], [-9999.0], [-9999.0], [-9999.0], [-9999.0], [-9999.0], [-9999.0], [-9999.0], [-9999.0], [-9999.0], [-9999.0], [-9999.0], [-9999.0], [-9999.0], [-9999.0], [-9999.0], [-9999.0], [-9999.0], [-9999.0], [-9999.0], [-9999.0], [-9999.0], [-9999.0], [-9999.0], [-9999.0], [-9999.0], [-9999.0], [-9999.0], [-9999.0], [-9999.0], [-9999.0], [-9999.0], [-9999.0], [-9999.0], [-9999.0], [-9999.0], [-9999.0], [-9999.0], [-9999.0], [-9999.0], [-9999.0], [-9999.0], [-9999.0], [-9999.0], [-9999.0], [-9999.0], [-9999.0], [-9999.0], [-9999.0], [-9999.0], [-9999.0], [-9999.0], [-9999.0], [-9999.0], [-9999.0], [-9999.0], [-9999.0], [-9999.0], [-9999.0], [-9999.0], [-9999.0], [-9999.0], [-9999.0], [-9999.0], [-9999.0], [-9999.0], [-9999.0], [-9999.0], [-9999.0], [-9999.0], [-9999.0], [-9999.0], [-9999.0], [-9999.0], [-9999.0], [-9999.0], [-9999.0], [-9999.0], [-9999.0], [-9999.0], [-9999.0], [-9999.0], [-9999.0], [-9999.0], [-9999.0], [-9999.0], [-9999.0], [-9999.0], [-9999.0], [-9999.0], [-9999.0], [-9999.0], [-9999.0], [-9999.0], [-9999.0], [-9999.0], [-9999.0], [-9999.0], [-9999.0], [-9999.0], [-9999.0], [-9999.0], [-9999.0], [-9999.0], [-9999.0], [-9999.0], [-9999.0], [-9999.0], [-9999.0], [-9999.0], [-9999.0], [-9999.0], [-9999.0], [-9999.0], [-9999.0], [-9999.0], [-9999.0], [-9999.0], [-9999.0], [-9999.0], [-9999.0], [-9999.0], [-9999.0], [-9999.0], [-9999.0], [-9999.0], [-9999.0], [-9999.0], [-9999.0], [-9999.0], [-9999.0], [-9999.0], [-9999.0], [-9999.0], [-9999.0], [-9999.0], [-9999.0], [-9999.0], [-9999.0], [-9999.0], [-9999.0], [-9999.0], [-9999.0], [-9999.0], [-9999.0], [-9999.0], [-9999.0], [-9999.0], [-9999.0], [-9999.0], [-9999.0], [-9999.0], [-9999.0], [-9999.0], [-9999.0], [-9999.0], [-9999.0], [-9999.0], [-9999.0], [-9999.0], [-9999.0], [-9999.0], [-9999.0], [-9999.0], [-9999.0], [-9999.0], [-9999.0], [-9999.0], [-9999.0], [-9999.0], [-9999.0], [-9999.0], [-9999.0], [-9999.0], [-9999.0], [-9999.0], [-9999.0], [-9999.0], [-9999.0], [-9999.0], [-9999.0], [-9999.0], [-9999.0], [-9999.0], [-9999.0], [-9999.0], [-9999.0], [-9999.0], [-9999.0], [-9999.0], [-9999.0], [-9999.0], [-9999.0], [-9999.0], [-9999.0], [-9999.0], [-9999.0], [-9999.0], [-9999.0], [-9999.0], [-9999.0], [-9999.0], [-9999.0], [-9999.0], [-9999.0], [-9999.0], [-9999.0], [-9999.0], [-9999.0], [-9999.0], [-9999.0], [-9999.0], [-9999.0], [-9999.0], [-9999.0], [-9999.0], [-9999.0]]",
floatingse.platform_elem_Pz2,output,N/m,"[[-17316.027945916972], [-19205.771468929324], [-19245.555543098006], [-21061.89744926914], [-25785.421904289633], [-25995.924546858776], [-26208.164951908137], [-29296.258682526193], [-29358.64441445787], [-32927.10828094985], [-41383.034958582204], [-41422.47491510101], [-41082.51004417545], [-30968.555134139948], [-21731.859963455816], [-23075.384210274784], [-24452.797487906733], [-24505.928183283086], [-64.31208023842272], [-162.59581469008708], [-305.8993992692174], [-306.08724402423627], [-350.23076145366156], [-64.31208023842272], [-162.59581469008708], [-305.8993992692174], [-306.08724402423627], [-350.23076145366156], [-64.31208023842272], [-162.59581469008708], [-305.8993992692174], [-306.08724402423627], [-350.23076145366156], [-9999.0], [-9999.0], [-9999.0], [-9999.0], [-9999.0], [-9999.0], [-9999.0], [-9999.0], [-9999.0], [-9999.0], [-9999.0], [-9999.0], [-9999.0], [-9999.0], [-9999.0], [-9999.0], [-9999.0], [-9999.0], [-9999.0], [-9999.0], [-9999.0], [-9999.0], [-9999.0], [-9999.0], [-9999.0], [-9999.0], [-9999.0], [-9999.0], [-9999.0], [-9999.0], [-9999.0], [-9999.0], [-9999.0], [-9999.0], [-9999.0], [-9999.0], [-9999.0], [-9999.0], [-9999.0], [-9999.0], [-9999.0], [-9999.0], [-9999.0], [-9999.0], [-9999.0], [-9999.0], [-9999.0], [-9999.0], [-9999.0], [-9999.0], [-9999.0], [-9999.0], [-9999.0], [-9999.0], [-9999.0], [-9999.0], [-9999.0], [-9999.0], [-9999.0], [-9999.0], [-9999.0], [-9999.0], [-9999.0], [-9999.0], [-9999.0], [-9999.0], [-9999.0], [-9999.0], [-9999.0], [-9999.0], [-9999.0], [-9999.0], [-9999.0], [-9999.0], [-9999.0], [-9999.0], [-9999.0], [-9999.0], [-9999.0], [-9999.0], [-9999.0], [-9999.0], [-9999.0], [-9999.0], [-9999.0], [-9999.0], [-9999.0], [-9999.0], [-9999.0], [-9999.0], [-9999.0], [-9999.0], [-9999.0], [-9999.0], [-9999.0], [-9999.0], [-9999.0], [-9999.0], [-9999.0], [-9999.0], [-9999.0], [-9999.0], [-9999.0], [-9999.0], [-9999.0], [-9999.0], [-9999.0], [-9999.0], [-9999.0], [-9999.0], [-9999.0], [-9999.0], [-9999.0], [-9999.0], [-9999.0], [-9999.0], [-9999.0], [-9999.0], [-9999.0], [-9999.0], [-9999.0], [-9999.0], [-9999.0], [-9999.0], [-9999.0], [-9999.0], [-9999.0], [-9999.0], [-9999.0], [-9999.0], [-9999.0], [-9999.0], [-9999.0], [-9999.0], [-9999.0], [-9999.0], [-9999.0], [-9999.0], [-9999.0], [-9999.0], [-9999.0], [-9999.0], [-9999.0], [-9999.0], [-9999.0], [-9999.0], [-9999.0], [-9999.0], [-9999.0], [-9999.0], [-9999.0], [-9999.0], [-9999.0], [-9999.0], [-9999.0], [-9999.0], [-9999.0], [-9999.0], [-9999.0], [-9999.0], [-9999.0], [-9999.0], [-9999.0], [-9999.0], [-9999.0], [-9999.0], [-9999.0], [-9999.0], [-9999.0], [-9999.0], [-9999.0], [-9999.0], [-9999.0], [-9999.0], [-9999.0], [-9999.0], [-9999.0], [-9999.0], [-9999.0], [-9999.0], [-9999.0], [-9999.0], [-9999.0], [-9999.0], [-9999.0], [-9999.0], [-9999.0], [-9999.0], [-9999.0], [-9999.0], [-9999.0], [-9999.0], [-9999.0], [-9999.0], [-9999.0], [-9999.0], [-9999.0], [-9999.0], [-9999.0], [-9999.0], [-9999.0], [-9999.0], [-9999.0], [-9999.0], [-9999.0], [-9999.0], [-9999.0], [-9999.0], [-9999.0], [-9999.0], [-9999.0], [-9999.0], [-9999.0], [-9999.0], [-9999.0], [-9999.0], [-9999.0], [-9999.0], [-9999.0], [-9999.0], [-9999.0], [-9999.0], [-9999.0], [-9999.0], [-9999.0], [-9999.0], [-9999.0], [-9999.0], [-9999.0], [-9999.0], [-9999.0], [-9999.0], [-9999.0], [-9999.0], [-9999.0], [-9999.0], [-9999.0], [-9999.0], [-9999.0], [-9999.0], [-9999.0], [-9999.0], [-9999.0], [-9999.0], [-9999.0], [-9999.0], [-9999.0], [-9999.0], [-9999.0], [-9999.0], [-9999.0], [-9999.0], [-9999.0], [-9999.0], [-9999.0], [-9999.0], [-9999.0], [-9999.0], [-9999.0], [-9999.0], [-9999.0], [-9999.0], [-9999.0], [-9999.0], [-9999.0], [-9999.0], [-9999.0], [-9999.0], [-9999.0], [-9999.0], [-9999.0], [-9999.0], [-9999.0], [-9999.0], [-9999.0], [-9999.0], [-9999.0], [-9999.0], [-9999.0], [-9999.0], [-9999.0], [-9999.0], [-9999.0], [-9999.0], [-9999.0], [-9999.0], [-9999.0], [-9999.0], [-9999.0], [-9999.0], [-9999.0], [-9999.0], [-9999.0], [-9999.0], [-9999.0], [-9999.0], [-9999.0], [-9999.0], [-9999.0], [-9999.0], [-9999.0], [-9999.0], [-9999.0], [-9999.0], [-9999.0], [-9999.0], [-9999.0], [-9999.0], [-9999.0], [-9999.0], [-9999.0], [-9999.0], [-9999.0], [-9999.0], [-9999.0], [-9999.0], [-9999.0], [-9999.0], [-9999.0], [-9999.0], [-9999.0], [-9999.0], [-9999.0], [-9999.0], [-9999.0], [-9999.0], [-9999.0], [-9999.0], [-9999.0], [-9999.0], [-9999.0], [-9999.0], [-9999.0], [-9999.0], [-9999.0], [-9999.0], [-9999.0], [-9999.0], [-9999.0], [-9999.0], [-9999.0], [-9999.0], [-9999.0], [-9999.0], [-9999.0], [-9999.0], [-9999.0], [-9999.0], [-9999.0], [-9999.0], [-9999.0], [-9999.0], [-9999.0], [-9999.0], [-9999.0], [-9999.0], [-9999.0], [-9999.0], [-9999.0], [-9999.0], [-9999.0], [-9999.0], [-9999.0], [-9999.0], [-9999.0], [-9999.0], [-9999.0], [-9999.0], [-9999.0], [-9999.0], [-9999.0], [-9999.0], [-9999.0], [-9999.0], [-9999.0], [-9999.0], [-9999.0], [-9999.0], [-9999.0], [-9999.0], [-9999.0], [-9999.0], [-9999.0], [-9999.0], [-9999.0], [-9999.0], [-9999.0], [-9999.0], [-9999.0], [-9999.0], [-9999.0], [-9999.0], [-9999.0], [-9999.0], [-9999.0], [-9999.0], [-9999.0], [-9999.0], [-9999.0], [-9999.0], [-9999.0], [-9999.0], [-9999.0], [-9999.0], [-9999.0], [-9999.0], [-9999.0], [-9999.0], [-9999.0], [-9999.0], [-9999.0], [-9999.0], [-9999.0], [-9999.0], [-9999.0], [-9999.0], [-9999.0], [-9999.0], [-9999.0], [-9999.0], [-9999.0], [-9999.0], [-9999.0], [-9999.0], [-9999.0], [-9999.0], [-9999.0], [-9999.0], [-9999.0], [-9999.0], [-9999.0], [-9999.0], [-9999.0], [-9999.0], [-9999.0], [-9999.0], [-9999.0], [-9999.0], [-9999.0], [-9999.0], [-9999.0], [-9999.0], [-9999.0], [-9999.0], [-9999.0], [-9999.0], [-9999.0], [-9999.0], [-9999.0], [-9999.0], [-9999.0], [-9999.0], [-9999.0], [-9999.0], [-9999.0], [-9999.0], [-9999.0], [-9999.0], [-9999.0], [-9999.0], [-9999.0], [-9999.0], [-9999.0], [-9999.0], [-9999.0], [-9999.0], [-9999.0]]",
floatingse.transition_piece_I,output,kg*m**2,"[0.0, 0.0, 0.0, 0.0, 0.0, 0.0]",
floatingse.mooring_neutral_load,output,N,"[[-820236.5168224659, -1420691.321359836, -1203757.5065396205], [1640473.0335923806, 0.0, -1203757.5065284213], [-820236.5168224782, 1420691.3213598572, -1203757.5065396293]]",
floatingse.mooring_stiffness,output,N/m,"[[89759.95736360783, 0.004091631853953004, 2.984112488338724, -0.4924313322408125, -6245938.109156857, -0.0], [-0.0, 89759.96359223383, -0.0005680893082171679, 6245845.400657316, 0.07231618510559201, 0.0002106325700879097], [-0.020591840147972107, 0.0017469818703830242, 26521.731328810565, 0.0225993525236845, 8251.49452104466, -0.0], [-0.0, 6135693.048619404, -0.03913611173629761, 692772444.8877549, 4.933154806494713, 0.05287572741508484], [-6135692.619526759, -0.28187207877635956, -205.61912760138512, 36.69444549828768, 692779641.102286, -3.725290298461914e-08], [-0.0, -0.056171585897573095, 2.3283064365386963e-09, -3240599.3384018866, -0.5075198970735073, 25728243.04642261]]",
floatingse.variable_center_of_mass,output,m,"[-0.0, -0.0, -29.99999996587053]",
floatingse.variable_I,output,kg*m**2,"[0.0, 0.0, 0.0, 0.0, 0.0, 0.0]",
floatingse.member0:Px,intermediate,N/m,"[[0.0], [0.0], [0.0], [0.0], [0.0], [0.0], [0.0], [0.0], [0.0], [0.0], [0.0], [0.0], [0.0], [0.0], [0.0], [0.0], [0.0], [0.0], [0.0], [-9999.0], [-9999.0], [-9999.0], [-9999.0], [-9999.0], [-9999.0], [-9999.0], [-9999.0], [-9999.0], [-9999.0], [-9999.0], [-9999.0], [-9999.0], [-9999.0], [-9999.0], [-9999.0], [-9999.0], [-9999.0], [-9999.0], [-9999.0], [-9999.0], [-9999.0], [-9999.0], [-9999.0], [-9999.0], [-9999.0], [-9999.0], [-9999.0], [-9999.0], [-9999.0], [-9999.0], [-9999.0], [-9999.0], [-9999.0], [-9999.0], [-9999.0], [-9999.0], [-9999.0], [-9999.0], [-9999.0], [-9999.0], [-9999.0], [-9999.0], [-9999.0], [-9999.0], [-9999.0], [-9999.0], [-9999.0], [-9999.0], [-9999.0], [-9999.0], [-9999.0], [-9999.0], [-9999.0], [-9999.0], [-9999.0], [-9999.0], [-9999.0], [-9999.0], [-9999.0], [-9999.0], [-9999.0], [-9999.0], [-9999.0], [-9999.0], [-9999.0], [-9999.0], [-9999.0], [-9999.0], [-9999.0], [-9999.0], [-9999.0], [-9999.0], [-9999.0], [-9999.0], [-9999.0], [-9999.0], [-9999.0], [-9999.0], [-9999.0], [-9999.0], [-9999.0], [-9999.0], [-9999.0], [-9999.0], [-9999.0], [-9999.0], [-9999.0], [-9999.0], [-9999.0], [-9999.0], [-9999.0], [-9999.0], [-9999.0], [-9999.0], [-9999.0], [-9999.0], [-9999.0], [-9999.0], [-9999.0], [-9999.0], [-9999.0], [-9999.0], [-9999.0], [-9999.0], [-9999.0], [-9999.0], [-9999.0], [-9999.0], [-9999.0], [-9999.0], [-9999.0], [-9999.0], [-9999.0], [-9999.0], [-9999.0], [-9999.0], [-9999.0], [-9999.0], [-9999.0], [-9999.0], [-9999.0], [-9999.0], [-9999.0], [-9999.0], [-9999.0], [-9999.0], [-9999.0], [-9999.0], [-9999.0], [-9999.0], [-9999.0], [-9999.0], [-9999.0], [-9999.0], [-9999.0], [-9999.0], [-9999.0], [-9999.0], [-9999.0], [-9999.0], [-9999.0], [-9999.0], [-9999.0], [-9999.0], [-9999.0], [-9999.0], [-9999.0], [-9999.0], [-9999.0], [-9999.0], [-9999.0], [-9999.0], [-9999.0], [-9999.0], [-9999.0], [-9999.0], [-9999.0], [-9999.0], [-9999.0], [-9999.0], [-9999.0], [-9999.0], [-9999.0], [-9999.0], [-9999.0], [-9999.0], [-9999.0], [-9999.0], [-9999.0], [-9999.0], [-9999.0], [-9999.0], [-9999.0], [-9999.0], [-9999.0], [-9999.0], [-9999.0], [-9999.0], [-9999.0], [-9999.0]]",
floatingse.member0:Py,intermediate,N/m,"[[0.0], [0.0], [0.0], [0.0], [0.0], [0.0], [0.0], [0.0], [0.0], [0.0], [0.0], [0.0], [0.0], [0.0], [0.0], [0.0], [0.0], [0.0], [0.0], [-9999.0], [-9999.0], [-9999.0], [-9999.0], [-9999.0], [-9999.0], [-9999.0], [-9999.0], [-9999.0], [-9999.0], [-9999.0], [-9999.0], [-9999.0], [-9999.0], [-9999.0], [-9999.0], [-9999.0], [-9999.0], [-9999.0], [-9999.0], [-9999.0], [-9999.0], [-9999.0], [-9999.0], [-9999.0], [-9999.0], [-9999.0], [-9999.0], [-9999.0], [-9999.0], [-9999.0], [-9999.0], [-9999.0], [-9999.0], [-9999.0], [-9999.0], [-9999.0], [-9999.0], [-9999.0], [-9999.0], [-9999.0], [-9999.0], [-9999.0], [-9999.0], [-9999.0], [-9999.0], [-9999.0], [-9999.0], [-9999.0], [-9999.0], [-9999.0], [-9999.0], [-9999.0], [-9999.0], [-9999.0], [-9999.0], [-9999.0], [-9999.0], [-9999.0], [-9999.0], [-9999.0], [-9999.0], [-9999.0], [-9999.0], [-9999.0], [-9999.0], [-9999.0], [-9999.0], [-9999.0], [-9999.0], [-9999.0], [-9999.0], [-9999.0], [-9999.0], [-9999.0], [-9999.0], [-9999.0], [-9999.0], [-9999.0], [-9999.0], [-9999.0], [-9999.0], [-9999.0], [-9999.0], [-9999.0], [-9999.0], [-9999.0], [-9999.0], [-9999.0], [-9999.0], [-9999.0], [-9999.0], [-9999.0], [-9999.0], [-9999.0], [-9999.0], [-9999.0], [-9999.0], [-9999.0], [-9999.0], [-9999.0], [-9999.0], [-9999.0], [-9999.0], [-9999.0], [-9999.0], [-9999.0], [-9999.0], [-9999.0], [-9999.0], [-9999.0], [-9999.0], [-9999.0], [-9999.0], [-9999.0], [-9999.0], [-9999.0], [-9999.0], [-9999.0], [-9999.0], [-9999.0], [-9999.0], [-9999.0], [-9999.0], [-9999.0], [-9999.0], [-9999.0], [-9999.0], [-9999.0], [-9999.0], [-9999.0], [-9999.0], [-9999.0], [-9999.0], [-9999.0], [-9999.0], [-9999.0], [-9999.0], [-9999.0], [-9999.0], [-9999.0], [-9999.0], [-9999.0], [-9999.0], [-9999.0], [-9999.0], [-9999.0], [-9999.0], [-9999.0], [-9999.0], [-9999.0], [-9999.0], [-9999.0], [-9999.0], [-9999.0], [-9999.0], [-9999.0], [-9999.0], [-9999.0], [-9999.0], [-9999.0], [-9999.0], [-9999.0], [-9999.0], [-9999.0], [-9999.0], [-9999.0], [-9999.0], [-9999.0], [-9999.0], [-9999.0], [-9999.0], [-9999.0], [-9999.0], [-9999.0], [-9999.0], [-9999.0], [-9999.0], [-9999.0], [-9999.0], [-9999.0]]",
floatingse.member0:Pz,intermediate,N/m,"[[-17236.45979757961], [-17316.027945916972], [-19205.771468929324], [-19245.555543098006], [-21061.89744926914], [-25785.421904289633], [-25995.924546858776], [-26208.164951908137], [-29296.258682526193], [-29358.64441445787], [-32927.10828094985], [-41383.034958582204], [-41422.47491510101], [-41082.51004417545], [-30968.555134139948], [-21731.859963455816], [-23075.384210274784], [-24452.797487906733], [-24505.928183283086], [-9999.0], [-9999.0], [-9999.0], [-9999.0], [-9999.0], [-9999.0], [-9999.0], [-9999.0], [-9999.0], [-9999.0], [-9999.0], [-9999.0], [-9999.0], [-9999.0], [-9999.0], [-9999.0], [-9999.0], [-9999.0], [-9999.0], [-9999.0], [-9999.0], [-9999.0], [-9999.0], [-9999.0], [-9999.0], [-9999.0], [-9999.0], [-9999.0], [-9999.0], [-9999.0], [-9999.0], [-9999.0], [-9999.0], [-9999.0], [-9999.0], [-9999.0], [-9999.0], [-9999.0], [-9999.0], [-9999.0], [-9999.0], [-9999.0], [-9999.0], [-9999.0], [-9999.0], [-9999.0], [-9999.0], [-9999.0], [-9999.0], [-9999.0], [-9999.0], [-9999.0], [-9999.0], [-9999.0], [-9999.0], [-9999.0], [-9999.0], [-9999.0], [-9999.0], [-9999.0], [-9999.0], [-9999.0], [-9999.0], [-9999.0], [-9999.0], [-9999.0], [-9999.0], [-9999.0], [-9999.0], [-9999.0], [-9999.0], [-9999.0], [-9999.0], [-9999.0], [-9999.0], [-9999.0], [-9999.0], [-9999.0], [-9999.0], [-9999.0], [-9999.0], [-9999.0], [-9999.0], [-9999.0], [-9999.0], [-9999.0], [-9999.0], [-9999.0], [-9999.0], [-9999.0], [-9999.0], [-9999.0], [-9999.0], [-9999.0], [-9999.0], [-9999.0], [-9999.0], [-9999.0], [-9999.0], [-9999.0], [-9999.0], [-9999.0], [-9999.0], [-9999.0], [-9999.0], [-9999.0], [-9999.0], [-9999.0], [-9999.0], [-9999.0], [-9999.0], [-9999.0], [-9999.0], [-9999.0], [-9999.0], [-9999.0], [-9999.0], [-9999.0], [-9999.0], [-9999.0], [-9999.0], [-9999.0], [-9999.0], [-9999.0], [-9999.0], [-9999.0], [-9999.0], [-9999.0], [-9999.0], [-9999.0], [-9999.0], [-9999.0], [-9999.0], [-9999.0], [-9999.0], [-9999.0], [-9999.0], [-9999.0], [-9999.0], [-9999.0], [-9999.0], [-9999.0], [-9999.0], [-9999.0], [-9999.0], [-9999.0], [-9999.0], [-9999.0], [-9999.0], [-9999.0], [-9999.0], [-9999.0], [-9999.0], [-9999.0], [-9999.0], [-9999.0], [-9999.0], [-9999.0], [-9999.0], [-9999.0], [-9999.0], [-9999.0], [-9999.0], [-9999.0], [-9999.0], [-9999.0], [-9999.0], [-9999.0], [-9999.0], [-9999.0], [-9999.0], [-9999.0], [-9999.0], [-9999.0], [-9999.0], [-9999.0], [-9999.0], [-9999.0], [-9999.0], [-9999.0], [-9999.0]]",
floatingse.member0:qdyn,intermediate,Pa,"[[408157.79108170676], [407180.12149873324], [383960.4689031127], [383471.6341116259], [361153.8817062984], [314441.00893441844], [312580.01714324765], [310719.59941970796], [286885.48454429384], [286403.9872740835], [258862.3434180494], [207819.23786711384], [207581.16368077553], [207344.8927814143], [200315.83352541763], [193065.81869904578], [180407.96132774622], [168269.92485722314], [167801.72672914126], [-9999.0], [-9999.0], [-9999.0], [-9999.0], [-9999.0], [-9999.0], [-9999.0], [-9999.0], [-9999.0], [-9999.0], [-9999.0], [-9999.0], [-9999.0], [-9999.0], [-9999.0], [-9999.0], [-9999.0], [-9999.0], [-9999.0], [-9999.0], [-9999.0], [-9999.0], [-9999.0], [-9999.0], [-9999.0], [-9999.0], [-9999.0], [-9999.0], [-9999.0], [-9999.0], [-9999.0], [-9999.0], [-9999.0], [-9999.0], [-9999.0], [-9999.0], [-9999.0], [-9999.0], [-9999.0], [-9999.0], [-9999.0], [-9999.0], [-9999.0], [-9999.0], [-9999.0], [-9999.0], [-9999.0], [-9999.0], [-9999.0], [-9999.0], [-9999.0], [-9999.0], [-9999.0], [-9999.0], [-9999.0], [-9999.0], [-9999.0], [-9999.0], [-9999.0], [-9999.0], [-9999.0], [-9999.0], [-9999.0], [-9999.0], [-9999.0], [-9999.0], [-9999.0], [-9999.0], [-9999.0], [-9999.0], [-9999.0], [-9999.0], [-9999.0], [-9999.0], [-9999.0], [-9999.0], [-9999.0], [-9999.0], [-9999.0], [-9999.0], [-9999.0], [-9999.0], [-9999.0], [-9999.0], [-9999.0], [-9999.0], [-9999.0], [-9999.0], [-9999.0], [-9999.0], [-9999.0], [-9999.0], [-9999.0], [-9999.0], [-9999.0], [-9999.0], [-9999.0], [-9999.0], [-9999.0], [-9999.0], [-9999.0], [-9999.0], [-9999.0], [-9999.0], [-9999.0], [-9999.0], [-9999.0], [-9999.0], [-9999.0], [-9999.0], [-9999.0], [-9999.0], [-9999.0], [-9999.0], [-9999.0], [-9999.0], [-9999.0], [-9999.0], [-9999.0], [-9999.0], [-9999.0], [-9999.0], [-9999.0], [-9999.0], [-9999.0], [-9999.0], [-9999.0], [-9999.0], [-9999.0], [-9999.0], [-9999.0], [-9999.0], [-9999.0], [-9999.0], [-9999.0], [-9999.0], [-9999.0], [-9999.0], [-9999.0], [-9999.0], [-9999.0], [-9999.0], [-9999.0], [-9999.0], [-9999.0], [-9999.0], [-9999.0], [-9999.0], [-9999.0], [-9999.0], [-9999.0], [-9999.0], [-9999.0], [-9999.0], [-9999.0], [-9999.0], [-9999.0], [-9999.0], [-9999.0], [-9999.0], [-9999.0], [-9999.0], [-9999.0], [-9999.0], [-9999.0], [-9999.0], [-9999.0], [-9999.0], [-9999.0], [-9999.0], [-9999.0], [-9999.0], [-9999.0], [-9999.0], [-9999.0], [-9999.0], [-9999.0], [-9999.0], [-9999.0], [-9999.0], [-9999.0]]",
floatingse.member1:Px,intermediate,N/m,"[[-8.42878816669783], [-8.441716430180076], [-21.34261176530536], [-40.15289157526558], [-40.17754840721515], [-45.97190391536251], [-9999.0], [-9999.0], [-9999.0], [-9999.0], [-9999.0], [-9999.0], [-9999.0], [-9999.0], [-9999.0], [-9999.0], [-9999.0], [-9999.0], [-9999.0], [-9999.0], [-9999.0], [-9999.0], [-9999.0], [-9999.0], [-9999.0], [-9999.0], [-9999.0], [-9999.0], [-9999.0], [-9999.0], [-9999.0], [-9999.0], [-9999.0], [-9999.0], [-9999.0], [-9999.0], [-9999.0], [-9999.0], [-9999.0], [-9999.0], [-9999.0], [-9999.0], [-9999.0], [-9999.0], [-9999.0], [-9999.0], [-9999.0], [-9999.0], [-9999.0], [-9999.0], [-9999.0], [-9999.0], [-9999.0], [-9999.0], [-9999.0], [-9999.0], [-9999.0], [-9999.0], [-9999.0], [-9999.0], [-9999.0], [-9999.0], [-9999.0], [-9999.0], [-9999.0], [-9999.0], [-9999.0], [-9999.0], [-9999.0], [-9999.0], [-9999.0], [-9999.0], [-9999.0], [-9999.0], [-9999.0], [-9999.0], [-9999.0], [-9999.0], [-9999.0], [-9999.0], [-9999.0], [-9999.0], [-9999.0], [-9999.0], [-9999.0], [-9999.0], [-9999.0], [-9999.0], [-9999.0], [-9999.0], [-9999.0], [-9999.0], [-9999.0], [-9999.0], [-9999.0], [-9999.0], [-9999.0], [-9999.0], [-9999.0], [-9999.0], [-9999.0], [-9999.0], [-9999.0], [-9999.0], [-9999.0], [-9999.0], [-9999.0], [-9999.0], [-9999.0], [-9999.0], [-9999.0], [-9999.0], [-9999.0], [-9999.0], [-9999.0], [-9999.0], [-9999.0], [-9999.0], [-9999.0], [-9999.0], [-9999.0], [-9999.0], [-9999.0], [-9999.0], [-9999.0], [-9999.0], [-9999.0], [-9999.0], [-9999.0], [-9999.0], [-9999.0], [-9999.0], [-9999.0], [-9999.0], [-9999.0], [-9999.0], [-9999.0], [-9999.0], [-9999.0], [-9999.0], [-9999.0], [-9999.0], [-9999.0], [-9999.0], [-9999.0], [-9999.0], [-9999.0], [-9999.0], [-9999.0], [-9999.0], [-9999.0], [-9999.0], [-9999.0], [-9999.0], [-9999.0], [-9999.0], [-9999.0], [-9999.0], [-9999.0], [-9999.0], [-9999.0], [-9999.0], [-9999.0], [-9999.0], [-9999.0], [-9999.0], [-9999.0], [-9999.0], [-9999.0], [-9999.0], [-9999.0], [-9999.0], [-9999.0], [-9999.0], [-9999.0], [-9999.0], [-9999.0], [-9999.0], [-9999.0], [-9999.0], [-9999.0], [-9999.0], [-9999.0], [-9999.0], [-9999.0], [-9999.0], [-9999.0], [-9999.0], [-9999.0], [-9999.0], [-9999.0], [-9999.0], [-9999.0], [-9999.0], [-9999.0], [-9999.0], [-9999.0], [-9999.0], [-9999.0], [-9999.0]]",
floatingse.member1:Py,intermediate,N/m,"[[0.0], [0.0], [0.0], [0.0], [0.0], [0.0], [-9999.0], [-9999.0], [-9999.0], [-9999.0], [-9999.0], [-9999.0], [-9999.0], [-9999.0], [-9999.0], [-9999.0], [-9999.0], [-9999.0], [-9999.0], [-9999.0], [-9999.0], [-9999.0], [-9999.0], [-9999.0], [-9999.0], [-9999.0], [-9999.0], [-9999.0], [-9999.0], [-9999.0], [-9999.0], [-9999.0], [-9999.0], [-9999.0], [-9999.0], [-9999.0], [-9999.0], [-9999.0], [-9999.0], [-9999.0], [-9999.0], [-9999.0], [-9999.0], [-9999.0], [-9999.0], [-9999.0], [-9999.0], [-9999.0], [-9999.0], [-9999.0], [-9999.0], [-9999.0], [-9999.0], [-9999.0], [-9999.0], [-9999.0], [-9999.0], [-9999.0], [-9999.0], [-9999.0], [-9999.0], [-9999.0], [-9999.0], [-9999.0], [-9999.0], [-9999.0], [-9999.0], [-9999.0], [-9999.0], [-9999.0], [-9999.0], [-9999.0], [-9999.0], [-9999.0], [-9999.0], [-9999.0], [-9999.0], [-9999.0], [-9999.0], [-9999.0], [-9999.0], [-9999.0], [-9999.0], [-9999.0], [-9999.0], [-9999.0], [-9999.0], [-9999.0], [-9999.0], [-9999.0], [-9999.0], [-9999.0], [-9999.0], [-9999.0], [-9999.0], [-9999.0], [-9999.0], [-9999.0], [-9999.0], [-9999.0], [-9999.0], [-9999.0], [-9999.0], [-9999.0], [-9999.0], [-9999.0], [-9999.0], [-9999.0], [-9999.0], [-9999.0], [-9999.0], [-9999.0], [-9999.0], [-9999.0], [-9999.0], [-9999.0], [-9999.0], [-9999.0], [-9999.0], [-9999.0], [-9999.0], [-9999.0], [-9999.0], [-9999.0], [-9999.0], [-9999.0], [-9999.0], [-9999.0], [-9999.0], [-9999.0], [-9999.0], [-9999.0], [-9999.0], [-9999.0], [-9999.0], [-9999.0], [-9999.0], [-9999.0], [-9999.0], [-9999.0], [-9999.0], [-9999.0], [-9999.0], [-9999.0], [-9999.0], [-9999.0], [-9999.0], [-9999.0], [-9999.0], [-9999.0], [-9999.0], [-9999.0], [-9999.0], [-9999.0], [-9999.0], [-9999.0], [-9999.0], [-9999.0], [-9999.0], [-9999.0], [-9999.0], [-9999.0], [-9999.0], [-9999.0], [-9999.0], [-9999.0], [-9999.0], [-9999.0], [-9999.0], [-9999.0], [-9999.0], [-9999.0], [-9999.0], [-9999.0], [-9999.0], [-9999.0], [-9999.0], [-9999.0], [-9999.0], [-9999.0], [-9999.0], [-9999.0], [-9999.0], [-9999.0], [-9999.0], [-9999.0], [-9999.0], [-9999.0], [-9999.0], [-9999.0], [-9999.0], [-9999.0], [-9999.0], [-9999.0], [-9999.0], [-9999.0], [-9999.0], [-9999.0], [-9999.0], [-9999.0]]",
floatingse.member1:Pz,intermediate,N/m,"[[-64.21358800342638], [-64.31208023842272], [-162.59581469008708], [-305.8993992692174], [-306.08724402423627], [-350.23076145366156], [-9999.0], [-9999.0], [-9999.0], [-9999.0], [-9999.0], [-9999.0], [-9999.0], [-9999.0], [-9999.0], [-9999.0], [-9999.0], [-9999.0], [-9999.0], [-9999.0], [-9999.0], [-9999.0], [-9999.0], [-9999.0], [-9999.0], [-9999.0], [-9999.0], [-9999.0], [-9999.0], [-9999.0], [-9999.0], [-9999.0], [-9999.0], [-9999.0], [-9999.0], [-9999.0], [-9999.0], [-9999.0], [-9999.0], [-9999.0], [-9999.0], [-9999.0], [-9999.0], [-9999.0], [-9999.0], [-9999.0], [-9999.0], [-9999.0], [-9999.0], [-9999.0], [-9999.0], [-9999.0], [-9999.0], [-9999.0], [-9999.0], [-9999.0], [-9999.0], [-9999.0], [-9999.0], [-9999.0], [-9999.0], [-9999.0], [-9999.0], [-9999.0], [-9999.0], [-9999.0], [-9999.0], [-9999.0], [-9999.0], [-9999.0], [-9999.0], [-9999.0], [-9999.0], [-9999.0], [-9999.0], [-9999.0], [-9999.0], [-9999.0], [-9999.0], [-9999.0], [-9999.0], [-9999.0], [-9999.0], [-9999.0], [-9999.0], [-9999.0], [-9999.0], [-9999.0], [-9999.0], [-9999.0], [-9999.0], [-9999.0], [-9999.0], [-9999.0], [-9999.0], [-9999.0], [-9999.0], [-9999.0], [-9999.0], [-9999.0], [-9999.0], [-9999.0], [-9999.0], [-9999.0], [-9999.0], [-9999.0], [-9999.0], [-9999.0], [-9999.0], [-9999.0], [-9999.0], [-9999.0], [-9999.0], [-9999.0], [-9999.0], [-9999.0], [-9999.0], [-9999.0], [-9999.0], [-9999.0], [-9999.0], [-9999.0], [-9999.0], [-9999.0], [-9999.0], [-9999.0], [-9999.0], [-9999.0], [-9999.0], [-9999.0], [-9999.0], [-9999.0], [-9999.0], [-9999.0], [-9999.0], [-9999.0], [-9999.0], [-9999.0], [-9999.0], [-9999.0], [-9999.0], [-9999.0], [-9999.0], [-9999.0], [-9999.0], [-9999.0], [-9999.0], [-9999.0], [-9999.0], [-9999.0], [-9999.0], [-9999.0], [-9999.0], [-9999.0], [-9999.0], [-9999.0], [-9999.0], [-9999.0], [-9999.0], [-9999.0], [-9999.0], [-9999.0], [-9999.0], [-9999.0], [-9999.0], [-9999.0], [-9999.0], [-9999.0], [-9999.0], [-9999.0], [-9999.0], [-9999.0], [-9999.0], [-9999.0], [-9999.0], [-9999.0], [-9999.0], [-9999.0], [-9999.0], [-9999.0], [-9999.0], [-9999.0], [-9999.0], [-9999.0], [-9999.0], [-9999.0], [-9999.0], [-9999.0], [-9999.0], [-9999.0], [-9999.0], [-9999.0], [-9999.0], [-9999.0], [-9999.0], [-9999.0], [-9999.0], [-9999.0], [-9999.0], [-9999.0]]",
floatingse.member1:qdyn,intermediate,Pa,"[[705411.535622967], [705214.4403383441], [508536.3913908086], [360298.7387785523], [360104.4263639585], [314441.00893441844], [-9999.0], [-9999.0], [-9999.0], [-9999.0], [-9999.0], [-9999.0], [-9999.0], [-9999.0], [-9999.0], [-9999.0], [-9999.0], [-9999.0], [-9999.0], [-9999.0], [-9999.0], [-9999.0], [-9999.0], [-9999.0], [-9999.0], [-9999.0], [-9999.0], [-9999.0], [-9999.0], [-9999.0], [-9999.0], [-9999.0], [-9999.0], [-9999.0], [-9999.0], [-9999.0], [-9999.0], [-9999.0], [-9999.0], [-9999.0], [-9999.0], [-9999.0], [-9999.0], [-9999.0], [-9999.0], [-9999.0], [-9999.0], [-9999.0], [-9999.0], [-9999.0], [-9999.0], [-9999.0], [-9999.0], [-9999.0], [-9999.0], [-9999.0], [-9999.0], [-9999.0], [-9999.0], [-9999.0], [-9999.0], [-9999.0], [-9999.0], [-9999.0], [-9999.0], [-9999.0], [-9999.0], [-9999.0], [-9999.0], [-9999.0], [-9999.0], [-9999.0], [-9999.0], [-9999.0], [-9999.0], [-9999.0], [-9999.0], [-9999.0], [-9999.0], [-9999.0], [-9999.0], [-9999.0], [-9999.0], [-9999.0], [-9999.0], [-9999.0], [-9999.0], [-9999.0], [-9999.0], [-9999.0], [-9999.0], [-9999.0], [-9999.0], [-9999.0], [-9999.0], [-9999.0], [-9999.0], [-9999.0], [-9999.0], [-9999.0], [-9999.0], [-9999.0], [-9999.0], [-9999.0], [-9999.0], [-9999.0], [-9999.0], [-9999.0], [-9999.0], [-9999.0], [-9999.0], [-9999.0], [-9999.0], [-9999.0], [-9999.0], [-9999.0], [-9999.0], [-9999.0], [-9999.0], [-9999.0], [-9999.0], [-9999.0], [-9999.0], [-9999.0], [-9999.0], [-9999.0], [-9999.0], [-9999.0], [-9999.0], [-9999.0], [-9999.0], [-9999.0], [-9999.0], [-9999.0], [-9999.0], [-9999.0], [-9999.0], [-9999.0], [-9999.0], [-9999.0], [-9999.0], [-9999.0], [-9999.0], [-9999.0], [-9999.0], [-9999.0], [-9999.0], [-9999.0], [-9999.0], [-9999.0], [-9999.0], [-9999.0], [-9999.0], [-9999.0], [-9999.0], [-9999.0], [-9999.0], [-9999.0], [-9999.0], [-9999.0], [-9999.0], [-9999.0], [-9999.0], [-9999.0], [-9999.0], [-9999.0], [-9999.0], [-9999.0], [-9999.0], [-9999.0], [-9999.0], [-9999.0], [-9999.0], [-9999.0], [-9999.0], [-9999.0], [-9999.0], [-9999.0], [-9999.0], [-9999.0], [-9999.0], [-9999.0], [-9999.0], [-9999.0], [-9999.0], [-9999.0], [-9999.0], [-9999.0], [-9999.0], [-9999.0], [-9999.0], [-9999.0], [-9999.0], [-9999.0], [-9999.0], [-9999.0], [-9999.0], [-9999.0], [-9999.0], [-9999.0]]",
floatingse.member2:Px,intermediate,N/m,"[[4.2143940833489], [4.220858215090023], [10.671305882652643], [20.07644578763272], [20.088774203607507], [22.985951957681177], [-9999.0], [-9999.0], [-9999.0], [-9999.0], [-9999.0], [-9999.0], [-9999.0], [-9999.0], [-9999.0], [-9999.0], [-9999.0], [-9999.0], [-9999.0], [-9999.0], [-9999.0], [-9999.0], [-9999.0], [-9999.0], [-9999.0], [-9999.0], [-9999.0], [-9999.0], [-9999.0], [-9999.0], [-9999.0], [-9999.0], [-9999.0], [-9999.0], [-9999.0], [-9999.0], [-9999.0], [-9999.0], [-9999.0], [-9999.0], [-9999.0], [-9999.0], [-9999.0], [-9999.0], [-9999.0], [-9999.0], [-9999.0], [-9999.0], [-9999.0], [-9999.0], [-9999.0], [-9999.0], [-9999.0], [-9999.0], [-9999.0], [-9999.0], [-9999.0], [-9999.0], [-9999.0], [-9999.0], [-9999.0], [-9999.0], [-9999.0], [-9999.0], [-9999.0], [-9999.0], [-9999.0], [-9999.0], [-9999.0], [-9999.0], [-9999.0], [-9999.0], [-9999.0], [-9999.0], [-9999.0], [-9999.0], [-9999.0], [-9999.0], [-9999.0], [-9999.0], [-9999.0], [-9999.0], [-9999.0], [-9999.0], [-9999.0], [-9999.0], [-9999.0], [-9999.0], [-9999.0], [-9999.0], [-9999.0], [-9999.0], [-9999.0], [-9999.0], [-9999.0], [-9999.0], [-9999.0], [-9999.0], [-9999.0], [-9999.0], [-9999.0], [-9999.0], [-9999.0], [-9999.0], [-9999.0], [-9999.0], [-9999.0], [-9999.0], [-9999.0], [-9999.0], [-9999.0], [-9999.0], [-9999.0], [-9999.0], [-9999.0], [-9999.0], [-9999.0], [-9999.0], [-9999.0], [-9999.0], [-9999.0], [-9999.0], [-9999.0], [-9999.0], [-9999.0], [-9999.0], [-9999.0], [-9999.0], [-9999.0], [-9999.0], [-9999.0], [-9999.0], [-9999.0], [-9999.0], [-9999.0], [-9999.0], [-9999.0], [-9999.0], [-9999.0], [-9999.0], [-9999.0], [-9999.0], [-9999.0], [-9999.0], [-9999.0], [-9999.0], [-9999.0], [-9999.0], [-9999.0], [-9999.0], [-9999.0], [-9999.0], [-9999.0], [-9999.0], [-9999.0], [-9999.0], [-9999.0], [-9999.0], [-9999.0], [-9999.0], [-9999.0], [-9999.0], [-9999.0], [-9999.0], [-9999.0], [-9999.0], [-9999.0], [-9999.0], [-9999.0], [-9999.0], [-9999.0], [-9999.0], [-9999.0], [-9999.0], [-9999.0], [-9999.0], [-9999.0], [-9999.0], [-9999.0], [-9999.0], [-9999.0], [-9999.0], [-9999.0], [-9999.0], [-9999.0], [-9999.0], [-9999.0], [-9999.0], [-9999.0], [-9999.0], [-9999.0], [-9999.0], [-9999.0], [-9999.0], [-9999.0], [-9999.0], [-9999.0], [-9999.0], [-9999.0], [-9999.0]]",
floatingse.member2:Py,intermediate,N/m,"[[7.299544675477972], [7.310740880080417], [18.48324397186305], [34.7734241395821], [34.794777582427265], [39.81283665104117], [-9999.0], [-9999.0], [-9999.0], [-9999.0], [-9999.0], [-9999.0], [-9999.0], [-9999.0], [-9999.0], [-9999.0], [-9999.0], [-9999.0], [-9999.0], [-9999.0], [-9999.0], [-9999.0], [-9999.0], [-9999.0], [-9999.0], [-9999.0], [-9999.0], [-9999.0], [-9999.0], [-9999.0], [-9999.0], [-9999.0], [-9999.0], [-9999.0], [-9999.0], [-9999.0], [-9999.0], [-9999.0], [-9999.0], [-9999.0], [-9999.0], [-9999.0], [-9999.0], [-9999.0], [-9999.0], [-9999.0], [-9999.0], [-9999.0], [-9999.0], [-9999.0], [-9999.0], [-9999.0], [-9999.0], [-9999.0], [-9999.0], [-9999.0], [-9999.0], [-9999.0], [-9999.0], [-9999.0], [-9999.0], [-9999.0], [-9999.0], [-9999.0], [-9999.0], [-9999.0], [-9999.0], [-9999.0], [-9999.0], [-9999.0], [-9999.0], [-9999.0], [-9999.0], [-9999.0], [-9999.0], [-9999.0], [-9999.0], [-9999.0], [-9999.0], [-9999.0], [-9999.0], [-9999.0], [-9999.0], [-9999.0], [-9999.0], [-9999.0], [-9999.0], [-9999.0], [-9999.0], [-9999.0], [-9999.0], [-9999.0], [-9999.0], [-9999.0], [-9999.0], [-9999.0], [-9999.0], [-9999.0], [-9999.0], [-9999.0], [-9999.0], [-9999.0], [-9999.0], [-9999.0], [-9999.0], [-9999.0], [-9999.0], [-9999.0], [-9999.0], [-9999.0], [-9999.0], [-9999.0], [-9999.0], [-9999.0], [-9999.0], [-9999.0], [-9999.0], [-9999.0], [-9999.0], [-9999.0], [-9999.0], [-9999.0], [-9999.0], [-9999.0], [-9999.0], [-9999.0], [-9999.0], [-9999.0], [-9999.0], [-9999.0], [-9999.0], [-9999.0], [-9999.0], [-9999.0], [-9999.0], [-9999.0], [-9999.0], [-9999.0], [-9999.0], [-9999.0], [-9999.0], [-9999.0], [-9999.0], [-9999.0], [-9999.0], [-9999.0], [-9999.0], [-9999.0], [-9999.0], [-9999.0], [-9999.0], [-9999.0], [-9999.0], [-9999.0], [-9999.0], [-9999.0], [-9999.0], [-9999.0], [-9999.0], [-9999.0], [-9999.0], [-9999.0], [-9999.0], [-9999.0], [-9999.0], [-9999.0], [-9999.0], [-9999.0], [-9999.0], [-9999.0], [-9999.0], [-9999.0], [-9999.0], [-9999.0], [-9999.0], [-9999.0], [-9999.0], [-9999.0], [-9999.0], [-9999.0], [-9999.0], [-9999.0], [-9999.0], [-9999.0], [-9999.0], [-9999.0], [-9999.0], [-9999.0], [-9999.0], [-9999.0], [-9999.0], [-9999.0], [-9999.0], [-9999.0], [-9999.0], [-9999.0], [-9999.0], [-9999.0], [-9999.0], [-9999.0]]",
floatingse.member2:Pz,intermediate,N/m,"[[-64.21358800342638], [-64.31208023842272], [-162.59581469008708], [-305.8993992692174], [-306.08724402423627], [-350.23076145366156], [-9999.0], [-9999.0], [-9999.0], [-9999.0], [-9999.0], [-9999.0], [-9999.0], [-9999.0], [-9999.0], [-9999.0], [-9999.0], [-9999.0], [-9999.0], [-9999.0], [-9999.0], [-9999.0], [-9999.0], [-9999.0], [-9999.0], [-9999.0], [-9999.0], [-9999.0], [-9999.0], [-9999.0], [-9999.0], [-9999.0], [-9999.0], [-9999.0], [-9999.0], [-9999.0], [-9999.0], [-9999.0], [-9999.0], [-9999.0], [-9999.0], [-9999.0], [-9999.0], [-9999.0], [-9999.0], [-9999.0], [-9999.0], [-9999.0], [-9999.0], [-9999.0], [-9999.0], [-9999.0], [-9999.0], [-9999.0], [-9999.0], [-9999.0], [-9999.0], [-9999.0], [-9999.0], [-9999.0], [-9999.0], [-9999.0], [-9999.0], [-9999.0], [-9999.0], [-9999.0], [-9999.0], [-9999.0], [-9999.0], [-9999.0], [-9999.0], [-9999.0], [-9999.0], [-9999.0], [-9999.0], [-9999.0], [-9999.0], [-9999.0], [-9999.0], [-9999.0], [-9999.0], [-9999.0], [-9999.0], [-9999.0], [-9999.0], [-9999.0], [-9999.0], [-9999.0], [-9999.0], [-9999.0], [-9999.0], [-9999.0], [-9999.0], [-9999.0], [-9999.0], [-9999.0], [-9999.0], [-9999.0], [-9999.0], [-9999.0], [-9999.0], [-9999.0], [-9999.0], [-9999.0], [-9999.0], [-9999.0], [-9999.0], [-9999.0], [-9999.0], [-9999.0], [-9999.0], [-9999.0], [-9999.0], [-9999.0], [-9999.0], [-9999.0], [-9999.0], [-9999.0], [-9999.0], [-9999.0], [-9999.0], [-9999.0], [-9999.0], [-9999.0], [-9999.0], [-9999.0], [-9999.0], [-9999.0], [-9999.0], [-9999.0], [-9999.0], [-9999.0], [-9999.0], [-9999.0], [-9999.0], [-9999.0], [-9999.0], [-9999.0], [-9999.0], [-9999.0], [-9999.0], [-9999.0], [-9999.0], [-9999.0], [-9999.0], [-9999.0], [-9999.0], [-9999.0], [-9999.0], [-9999.0], [-9999.0], [-9999.0], [-9999.0], [-9999.0], [-9999.0], [-9999.0], [-9999.0], [-9999.0], [-9999.0], [-9999.0], [-9999.0], [-9999.0], [-9999.0], [-9999.0], [-9999.0], [-9999.0], [-9999.0], [-9999.0], [-9999.0], [-9999.0], [-9999.0], [-9999.0], [-9999.0], [-9999.0], [-9999.0], [-9999.0], [-9999.0], [-9999.0], [-9999.0], [-9999.0], [-9999.0], [-9999.0], [-9999.0], [-9999.0], [-9999.0], [-9999.0], [-9999.0], [-9999.0], [-9999.0], [-9999.0], [-9999.0], [-9999.0], [-9999.0], [-9999.0], [-9999.0], [-9999.0], [-9999.0], [-9999.0], [-9999.0], [-9999.0]]",
floatingse.member2:qdyn,intermediate,Pa,"[[705411.535622967], [705214.4403383441], [508536.3913908086], [360298.7387785523], [360104.4263639585], [314441.00893441844], [-9999.0], [-9999.0], [-9999.0], [-9999.0], [-9999.0], [-9999.0], [-9999.0], [-9999.0], [-9999.0], [-9999.0], [-9999.0], [-9999.0], [-9999.0], [-9999.0], [-9999.0], [-9999.0], [-9999.0], [-9999.0], [-9999.0], [-9999.0], [-9999.0], [-9999.0], [-9999.0], [-9999.0], [-9999.0], [-9999.0], [-9999.0], [-9999.0], [-9999.0], [-9999.0], [-9999.0], [-9999.0], [-9999.0], [-9999.0], [-9999.0], [-9999.0], [-9999.0], [-9999.0], [-9999.0], [-9999.0], [-9999.0], [-9999.0], [-9999.0], [-9999.0], [-9999.0], [-9999.0], [-9999.0], [-9999.0], [-9999.0], [-9999.0], [-9999.0], [-9999.0], [-9999.0], [-9999.0], [-9999.0], [-9999.0], [-9999.0], [-9999.0], [-9999.0], [-9999.0], [-9999.0], [-9999.0], [-9999.0], [-9999.0], [-9999.0], [-9999.0], [-9999.0], [-9999.0], [-9999.0], [-9999.0], [-9999.0], [-9999.0], [-9999.0], [-9999.0], [-9999.0], [-9999.0], [-9999.0], [-9999.0], [-9999.0], [-9999.0], [-9999.0], [-9999.0], [-9999.0], [-9999.0], [-9999.0], [-9999.0], [-9999.0], [-9999.0], [-9999.0], [-9999.0], [-9999.0], [-9999.0], [-9999.0], [-9999.0], [-9999.0], [-9999.0], [-9999.0], [-9999.0], [-9999.0], [-9999.0], [-9999.0], [-9999.0], [-9999.0], [-9999.0], [-9999.0], [-9999.0], [-9999.0], [-9999.0], [-9999.0], [-9999.0], [-9999.0], [-9999.0], [-9999.0], [-9999.0], [-9999.0], [-9999.0], [-9999.0], [-9999.0], [-9999.0], [-9999.0], [-9999.0], [-9999.0], [-9999.0], [-9999.0], [-9999.0], [-9999.0], [-9999.0], [-9999.0], [-9999.0], [-9999.0], [-9999.0], [-9999.0], [-9999.0], [-9999.0], [-9999.0], [-9999.0], [-9999.0], [-9999.0], [-9999.0], [-9999.0], [-9999.0], [-9999.0], [-9999.0], [-9999.0], [-9999.0], [-9999.0], [-9999.0], [-9999.0], [-9999.0], [-9999.0], [-9999.0], [-9999.0], [-9999.0], [-9999.0], [-9999.0], [-9999.0], [-9999.0], [-9999.0], [-9999.0], [-9999.0], [-9999.0], [-9999.0], [-9999.0], [-9999.0], [-9999.0], [-9999.0], [-9999.0], [-9999.0], [-9999.0], [-9999.0], [-9999.0], [-9999.0], [-9999.0], [-9999.0], [-9999.0], [-9999.0], [-9999.0], [-9999.0], [-9999.0], [-9999.0], [-9999.0], [-9999.0], [-9999.0], [-9999.0], [-9999.0], [-9999.0], [-9999.0], [-9999.0], [-9999.0], [-9999.0], [-9999.0], [-9999.0], [-9999.0], [-9999.0]]",
floatingse.member3:Px,intermediate,N/m,"[[4.2143940833489], [4.220858215090023], [10.671305882652643], [20.07644578763272], [20.088774203607507], [22.985951957681177], [-9999.0], [-9999.0], [-9999.0], [-9999.0], [-9999.0], [-9999.0], [-9999.0], [-9999.0], [-9999.0], [-9999.0], [-9999.0], [-9999.0], [-9999.0], [-9999.0], [-9999.0], [-9999.0], [-9999.0], [-9999.0], [-9999.0], [-9999.0], [-9999.0], [-9999.0], [-9999.0], [-9999.0], [-9999.0], [-9999.0], [-9999.0], [-9999.0], [-9999.0], [-9999.0], [-9999.0], [-9999.0], [-9999.0], [-9999.0], [-9999.0], [-9999.0], [-9999.0], [-9999.0], [-9999.0], [-9999.0], [-9999.0], [-9999.0], [-9999.0], [-9999.0], [-9999.0], [-9999.0], [-9999.0], [-9999.0], [-9999.0], [-9999.0], [-9999.0], [-9999.0], [-9999.0], [-9999.0], [-9999.0], [-9999.0], [-9999.0], [-9999.0], [-9999.0], [-9999.0], [-9999.0], [-9999.0], [-9999.0], [-9999.0], [-9999.0], [-9999.0], [-9999.0], [-9999.0], [-9999.0], [-9999.0], [-9999.0], [-9999.0], [-9999.0], [-9999.0], [-9999.0], [-9999.0], [-9999.0], [-9999.0], [-9999.0], [-9999.0], [-9999.0], [-9999.0], [-9999.0], [-9999.0], [-9999.0], [-9999.0], [-9999.0], [-9999.0], [-9999.0], [-9999.0], [-9999.0], [-9999.0], [-9999.0], [-9999.0], [-9999.0], [-9999.0], [-9999.0], [-9999.0], [-9999.0], [-9999.0], [-9999.0], [-9999.0], [-9999.0], [-9999.0], [-9999.0], [-9999.0], [-9999.0], [-9999.0], [-9999.0], [-9999.0], [-9999.0], [-9999.0], [-9999.0], [-9999.0], [-9999.0], [-9999.0], [-9999.0], [-9999.0], [-9999.0], [-9999.0], [-9999.0], [-9999.0], [-9999.0], [-9999.0], [-9999.0], [-9999.0], [-9999.0], [-9999.0], [-9999.0], [-9999.0], [-9999.0], [-9999.0], [-9999.0], [-9999.0], [-9999.0], [-9999.0], [-9999.0], [-9999.0], [-9999.0], [-9999.0], [-9999.0], [-9999.0], [-9999.0], [-9999.0], [-9999.0], [-9999.0], [-9999.0], [-9999.0], [-9999.0], [-9999.0], [-9999.0], [-9999.0], [-9999.0], [-9999.0], [-9999.0], [-9999.0], [-9999.0], [-9999.0], [-9999.0], [-9999.0], [-9999.0], [-9999.0], [-9999.0], [-9999.0], [-9999.0], [-9999.0], [-9999.0], [-9999.0], [-9999.0], [-9999.0], [-9999.0], [-9999.0], [-9999.0], [-9999.0], [-9999.0], [-9999.0], [-9999.0], [-9999.0], [-9999.0], [-9999.0], [-9999.0], [-9999.0], [-9999.0], [-9999.0], [-9999.0], [-9999.0], [-9999.0], [-9999.0], [-9999.0], [-9999.0], [-9999.0], [-9999.0], [-9999.0], [-9999.0]]",
floatingse.member3:Py,intermediate,N/m,"[[-7.2995446754779705], [-7.310740880080415], [-18.483243971863047], [-34.77342413958209], [-34.79477758242726], [-39.81283665104116], [-9999.0], [-9999.0], [-9999.0], [-9999.0], [-9999.0], [-9999.0], [-9999.0], [-9999.0], [-9999.0], [-9999.0], [-9999.0], [-9999.0], [-9999.0], [-9999.0], [-9999.0], [-9999.0], [-9999.0], [-9999.0], [-9999.0], [-9999.0], [-9999.0], [-9999.0], [-9999.0], [-9999.0], [-9999.0], [-9999.0], [-9999.0], [-9999.0], [-9999.0], [-9999.0], [-9999.0], [-9999.0], [-9999.0], [-9999.0], [-9999.0], [-9999.0], [-9999.0], [-9999.0], [-9999.0], [-9999.0], [-9999.0], [-9999.0], [-9999.0], [-9999.0], [-9999.0], [-9999.0], [-9999.0], [-9999.0], [-9999.0], [-9999.0], [-9999.0], [-9999.0], [-9999.0], [-9999.0], [-9999.0], [-9999.0], [-9999.0], [-9999.0], [-9999.0], [-9999.0], [-9999.0], [-9999.0], [-9999.0], [-9999.0], [-9999.0], [-9999.0], [-9999.0], [-9999.0], [-9999.0], [-9999.0], [-9999.0], [-9999.0], [-9999.0], [-9999.0], [-9999.0], [-9999.0], [-9999.0], [-9999.0], [-9999.0], [-9999.0], [-9999.0], [-9999.0], [-9999.0], [-9999.0], [-9999.0], [-9999.0], [-9999.0], [-9999.0], [-9999.0], [-9999.0], [-9999.0], [-9999.0], [-9999.0], [-9999.0], [-9999.0], [-9999.0], [-9999.0], [-9999.0], [-9999.0], [-9999.0], [-9999.0], [-9999.0], [-9999.0], [-9999.0], [-9999.0], [-9999.0], [-9999.0], [-9999.0], [-9999.0], [-9999.0], [-9999.0], [-9999.0], [-9999.0], [-9999.0], [-9999.0], [-9999.0], [-9999.0], [-9999.0], [-9999.0], [-9999.0], [-9999.0], [-9999.0], [-9999.0], [-9999.0], [-9999.0], [-9999.0], [-9999.0], [-9999.0], [-9999.0], [-9999.0], [-9999.0], [-9999.0], [-9999.0], [-9999.0], [-9999.0], [-9999.0], [-9999.0], [-9999.0], [-9999.0], [-9999.0], [-9999.0], [-9999.0], [-9999.0], [-9999.0], [-9999.0], [-9999.0], [-9999.0], [-9999.0], [-9999.0], [-9999.0], [-9999.0], [-9999.0], [-9999.0], [-9999.0], [-9999.0], [-9999.0], [-9999.0], [-9999.0], [-9999.0], [-9999.0], [-9999.0], [-9999.0], [-9999.0], [-9999.0], [-9999.0], [-9999.0], [-9999.0], [-9999.0], [-9999.0], [-9999.0], [-9999.0], [-9999.0], [-9999.0], [-9999.0], [-9999.0], [-9999.0], [-9999.0], [-9999.0], [-9999.0], [-9999.0], [-9999.0], [-9999.0], [-9999.0], [-9999.0], [-9999.0], [-9999.0], [-9999.0], [-9999.0], [-9999.0], [-9999.0], [-9999.0], [-9999.0], [-9999.0], [-9999.0]]",
floatingse.member3:Pz,intermediate,N/m,"[[-64.21358800342638], [-64.31208023842272], [-162.59581469008708], [-305.8993992692174], [-306.08724402423627], [-350.23076145366156], [-9999.0], [-9999.0], [-9999.0], [-9999.0], [-9999.0], [-9999.0], [-9999.0], [-9999.0], [-9999.0], [-9999.0], [-9999.0], [-9999.0], [-9999.0], [-9999.0], [-9999.0], [-9999.0], [-9999.0], [-9999.0], [-9999.0], [-9999.0], [-9999.0], [-9999.0], [-9999.0], [-9999.0], [-9999.0], [-9999.0], [-9999.0], [-9999.0], [-9999.0], [-9999.0], [-9999.0], [-9999.0], [-9999.0], [-9999.0], [-9999.0], [-9999.0], [-9999.0], [-9999.0], [-9999.0], [-9999.0], [-9999.0], [-9999.0], [-9999.0], [-9999.0], [-9999.0], [-9999.0], [-9999.0], [-9999.0], [-9999.0], [-9999.0], [-9999.0], [-9999.0], [-9999.0], [-9999.0], [-9999.0], [-9999.0], [-9999.0], [-9999.0], [-9999.0], [-9999.0], [-9999.0], [-9999.0], [-9999.0], [-9999.0], [-9999.0], [-9999.0], [-9999.0], [-9999.0], [-9999.0], [-9999.0], [-9999.0], [-9999.0], [-9999.0], [-9999.0], [-9999.0], [-9999.0], [-9999.0], [-9999.0], [-9999.0], [-9999.0], [-9999.0], [-9999.0], [-9999.0], [-9999.0], [-9999.0], [-9999.0], [-9999.0], [-9999.0], [-9999.0], [-9999.0], [-9999.0], [-9999.0], [-9999.0], [-9999.0], [-9999.0], [-9999.0], [-9999.0], [-9999.0], [-9999.0], [-9999.0], [-9999.0], [-9999.0], [-9999.0], [-9999.0], [-9999.0], [-9999.0], [-9999.0], [-9999.0], [-9999.0], [-9999.0], [-9999.0], [-9999.0], [-9999.0], [-9999.0], [-9999.0], [-9999.0], [-9999.0], [-9999.0], [-9999.0], [-9999.0], [-9999.0], [-9999.0], [-9999.0], [-9999.0], [-9999.0], [-9999.0], [-9999.0], [-9999.0], [-9999.0], [-9999.0], [-9999.0], [-9999.0], [-9999.0], [-9999.0], [-9999.0], [-9999.0], [-9999.0], [-9999.0], [-9999.0], [-9999.0], [-9999.0], [-9999.0], [-9999.0], [-9999.0], [-9999.0], [-9999.0], [-9999.0], [-9999.0], [-9999.0], [-9999.0], [-9999.0], [-9999.0], [-9999.0], [-9999.0], [-9999.0], [-9999.0], [-9999.0], [-9999.0], [-9999.0], [-9999.0], [-9999.0], [-9999.0], [-9999.0], [-9999.0], [-9999.0], [-9999.0], [-9999.0], [-9999.0], [-9999.0], [-9999.0], [-9999.0], [-9999.0], [-9999.0], [-9999.0], [-9999.0], [-9999.0], [-9999.0], [-9999.0], [-9999.0], [-9999.0], [-9999.0], [-9999.0], [-9999.0], [-9999.0], [-9999.0], [-9999.0], [-9999.0], [-9999.0], [-9999.0], [-9999.0], [-9999.0], [-9999.0], [-9999.0], [-9999.0]]",
floatingse.member3:qdyn,intermediate,Pa,"[[705411.535622967], [705214.4403383441], [508536.3913908086], [360298.7387785523], [360104.4263639585], [314441.00893441844], [-9999.0], [-9999.0], [-9999.0], [-9999.0], [-9999.0], [-9999.0], [-9999.0], [-9999.0], [-9999.0], [-9999.0], [-9999.0], [-9999.0], [-9999.0], [-9999.0], [-9999.0], [-9999.0], [-9999.0], [-9999.0], [-9999.0], [-9999.0], [-9999.0], [-9999.0], [-9999.0], [-9999.0], [-9999.0], [-9999.0], [-9999.0], [-9999.0], [-9999.0], [-9999.0], [-9999.0], [-9999.0], [-9999.0], [-9999.0], [-9999.0], [-9999.0], [-9999.0], [-9999.0], [-9999.0], [-9999.0], [-9999.0], [-9999.0], [-9999.0], [-9999.0], [-9999.0], [-9999.0], [-9999.0], [-9999.0], [-9999.0], [-9999.0], [-9999.0], [-9999.0], [-9999.0], [-9999.0], [-9999.0], [-9999.0], [-9999.0], [-9999.0], [-9999.0], [-9999.0], [-9999.0], [-9999.0], [-9999.0], [-9999.0], [-9999.0], [-9999.0], [-9999.0], [-9999.0], [-9999.0], [-9999.0], [-9999.0], [-9999.0], [-9999.0], [-9999.0], [-9999.0], [-9999.0], [-9999.0], [-9999.0], [-9999.0], [-9999.0], [-9999.0], [-9999.0], [-9999.0], [-9999.0], [-9999.0], [-9999.0], [-9999.0], [-9999.0], [-9999.0], [-9999.0], [-9999.0], [-9999.0], [-9999.0], [-9999.0], [-9999.0], [-9999.0], [-9999.0], [-9999.0], [-9999.0], [-9999.0], [-9999.0], [-9999.0], [-9999.0], [-9999.0], [-9999.0], [-9999.0], [-9999.0], [-9999.0], [-9999.0], [-9999.0], [-9999.0], [-9999.0], [-9999.0], [-9999.0], [-9999.0], [-9999.0], [-9999.0], [-9999.0], [-9999.0], [-9999.0], [-9999.0], [-9999.0], [-9999.0], [-9999.0], [-9999.0], [-9999.0], [-9999.0], [-9999.0], [-9999.0], [-9999.0], [-9999.0], [-9999.0], [-9999.0], [-9999.0], [-9999.0], [-9999.0], [-9999.0], [-9999.0], [-9999.0], [-9999.0], [-9999.0], [-9999.0], [-9999.0], [-9999.0], [-9999.0], [-9999.0], [-9999.0], [-9999.0], [-9999.0], [-9999.0], [-9999.0], [-9999.0], [-9999.0], [-9999.0], [-9999.0], [-9999.0], [-9999.0], [-9999.0], [-9999.0], [-9999.0], [-9999.0], [-9999.0], [-9999.0], [-9999.0], [-9999.0], [-9999.0], [-9999.0], [-9999.0], [-9999.0], [-9999.0], [-9999.0], [-9999.0], [-9999.0], [-9999.0], [-9999.0], [-9999.0], [-9999.0], [-9999.0], [-9999.0], [-9999.0], [-9999.0], [-9999.0], [-9999.0], [-9999.0], [-9999.0], [-9999.0], [-9999.0], [-9999.0], [-9999.0], [-9999.0], [-9999.0], [-9999.0], [-9999.0], [-9999.0]]",
floatingse.memload0.env.distLoads.windLoads_Px,intermediate,N/m,"[0.0, 0.0, 0.0, 0.0, 0.0, 0.0, 0.0, 0.0, 0.0, 0.0, 0.0]",
floatingse.memload0.env.distLoads.windLoads_Py,intermediate,N/m,"[0.0, 0.0, 0.0, 0.0, 0.0, 0.0, 0.0, 0.0, 0.0, 0.0, 0.0]",
floatingse.memload0.env.distLoads.windLoads_Pz,intermediate,N/m,"[0.0, 0.0, 0.0, 0.0, 0.0, 0.0, 0.0, 0.0, 0.0, 0.0, 0.0]",
floatingse.memload0.env.distLoads.windLoads_qdyn,intermediate,N/m**2,"[0.0, 0.0, 0.0, 0.0, 0.0, 0.0, 0.0, 0.0, 0.0, 0.0, 0.0]",
floatingse.memload0.env.distLoads.windLoads_z,intermediate,m,"[-40.0, -35.19225, -30.3845, -30.19225, -30.0, -24.615000000000002, -19.23, -18.46125, -17.6925, -16.346249999999998, -15.0]",
floatingse.memload0.env.distLoads.windLoads_beta,intermediate,deg,0.0,
floatingse.memload0.env.distLoads.waveLoads_Px,intermediate,N/m,"[17236.45979757961, 21061.89744926914, 25785.421904289633, 25995.924546858776, 26208.164951908137, 32927.10828094985, 41422.47491510101, 30968.555134139948, 21731.859963455816, 23075.384210274784, 24505.928183283086]",
floatingse.memload0.env.distLoads.waveLoads_Py,intermediate,N/m,"[0.0, 0.0, 0.0, 0.0, 0.0, 0.0, 0.0, 0.0, 0.0, 0.0, 0.0]",
floatingse.memload0.env.distLoads.waveLoads_Pz,intermediate,N/m,"[0.0, 0.0, 0.0, 0.0, 0.0, 0.0, 0.0, 0.0, 0.0, 0.0, 0.0]",
floatingse.memload0.env.distLoads.waveLoads_qdyn,intermediate,N/m**2,"[408157.79108170676, 361153.8817062984, 314441.00893441844, 312580.01714324765, 310719.59941970796, 258862.3434180494, 207581.16368077553, 200315.83352541763, 193065.81869904578, 180407.96132774622, 167801.72672914126]",
floatingse.memload0.env.distLoads.waveLoads_z,intermediate,m,"[-40.0, -35.19225, -30.3845, -30.19225, -30.0, -24.615000000000002, -19.23, -18.46125, -17.6925, -16.346249999999998, -15.0]",
floatingse.memload0.env.distLoads.waveLoads_beta,intermediate,deg,0.0,
floatingse.memload0.z_global,intermediate,m,"[-40.0, -35.19225, -30.3845, -30.19225, -30.0, -24.615000000000002, -19.23, -18.46125, -17.6925, -16.346249999999998, -15.0]",
floatingse.memload0.env.waveLoads.U,intermediate,m/s,"[0.3766572772572952, 0.4570928562614514, 0.5547055423172194, 0.5590154087111501, 0.5633587612466846, 0.6997383673854117, 0.8691331642948982, 0.8964520120345568, 0.9246295537840276, 0.9761249852247852, 1.0304883538287963]",
floatingse.memload0.env.waveLoads.A,intermediate,m/s**2,"[0.2366607470305305, 0.2871999118478702, 0.3485317713298637, 0.3512397402500889, 0.3539687491336061, 0.439658582882585, 0.5460924727880205, 0.5632574110607105, 0.5809618826919819, 0.6133174165135261, 0.6474749283996771]",
floatingse.memload0.env.waveLoads.p,intermediate,N/m**2,"[408085.08234564494, 361046.8030931852, 314283.3135870962, 312419.8618018197, 310556.94570909784, 258611.4061043689, 207194.02504642092, 199903.9750928537, 192627.6620455337, 179919.64108452143, 167257.49977736064]",
floatingse.memload0.outer_diameter_full,intermediate,m,"[9.4, 9.4, 9.4, 9.4, 9.4, 9.4, 9.4, 7.9499999999999975, 6.5, 6.5, 6.5]",
floatingse.memload0.ca_usr,intermediate,,"[-1.0, -1.0, -1.0, -1.0, -1.0, -1.0, -1.0, -1.0, -1.0, -1.0, -1.0]",
floatingse.memload0.cd_usr,intermediate,,"[-1.0, -1.0, -1.0, -1.0, -1.0, -1.0, -1.0, -1.0, -1.0, -1.0, -1.0]",
floatingse.wind_reference_height,intermediate,m,90.0,
floatingse.memload0.env.windLoads.U,intermediate,m/s,"[0.0, 0.0, 0.0, 0.0, 0.0, 0.0, 0.0, 0.0, 0.0, 0.0, 0.0]",
floatingse.member0:joint1,intermediate,m,"[0.0, 0.0, -40.0]",
floatingse.member0:joint2,intermediate,m,"[0.0, 0.0, -15.0]",
floatingse.memload0.s_full,intermediate,m,"[0.0, 0.19231, 0.38462, 0.39231000000000005, 0.4, 0.6154, 0.8308, 0.86155, 0.8923, 0.94615, 1.0]",
floatingse.memload0.s_all,intermediate,,"[0.0, 0.004, 0.099, 0.101, 0.19231, 0.38462, 0.39231000000000005, 0.4, 0.499, 0.501, 0.6154, 0.8298, 0.8308, 0.8318, 0.86155, 0.8923, 0.94615, 0.998, 1.0, -9999.0, -9999.0, -9999.0, -9999.0, -9999.0, -9999.0, -9999.0, -9999.0, -9999.0, -9999.0, -9999.0, -9999.0, -9999.0, -9999.0, -9999.0, -9999.0, -9999.0, -9999.0, -9999.0, -9999.0, -9999.0, -9999.0, -9999.0, -9999.0, -9999.0, -9999.0, -9999.0, -9999.0, -9999.0, -9999.0, -9999.0, -9999.0, -9999.0, -9999.0, -9999.0, -9999.0, -9999.0, -9999.0, -9999.0, -9999.0, -9999.0, -9999.0, -9999.0, -9999.0, -9999.0, -9999.0, -9999.0, -9999.0, -9999.0, -9999.0, -9999.0, -9999.0, -9999.0, -9999.0, -9999.0, -9999.0, -9999.0, -9999.0, -9999.0, -9999.0, -9999.0, -9999.0, -9999.0, -9999.0, -9999.0, -9999.0, -9999.0, -9999.0, -9999.0, -9999.0, -9999.0, -9999.0, -9999.0, -9999.0, -9999.0, -9999.0, -9999.0, -9999.0, -9999.0, -9999.0, -9999.0, -9999.0, -9999.0, -9999.0, -9999.0, -9999.0, -9999.0, -9999.0, -9999.0, -9999.0, -9999.0, -9999.0, -9999.0, -9999.0, -9999.0, -9999.0, -9999.0, -9999.0, -9999.0, -9999.0, -9999.0, -9999.0, -9999.0, -9999.0, -9999.0, -9999.0, -9999.0, -9999.0, -9999.0, -9999.0, -9999.0, -9999.0, -9999.0, -9999.0, -9999.0, -9999.0, -9999.0, -9999.0, -9999.0, -9999.0, -9999.0, -9999.0, -9999.0, -9999.0, -9999.0, -9999.0, -9999.0, -9999.0, -9999.0, -9999.0, -9999.0, -9999.0, -9999.0, -9999.0, -9999.0, -9999.0, -9999.0, -9999.0, -9999.0, -9999.0, -9999.0, -9999.0, -9999.0, -9999.0, -9999.0, -9999.0, -9999.0, -9999.0, -9999.0, -9999.0, -9999.0, -9999.0, -9999.0, -9999.0, -9999.0, -9999.0, -9999.0, -9999.0, -9999.0, -9999.0, -9999.0, -9999.0, -9999.0, -9999.0, -9999.0, -9999.0, -9999.0, -9999.0, -9999.0, -9999.0, -9999.0, -9999.0, -9999.0, -9999.0, -9999.0, -9999.0, -9999.0, -9999.0, -9999.0, -9999.0, -9999.0]",
floatingse.memload0.g2e.Px_global,intermediate,N/m,"[17236.45979757961, 21061.89744926914, 25785.421904289633, 25995.924546858776, 26208.164951908137, 32927.10828094985, 41422.47491510101, 30968.555134139948, 21731.859963455816, 23075.384210274784, 24505.928183283086]",
floatingse.memload0.g2e.Py_global,intermediate,N/m,"[0.0, 0.0, 0.0, 0.0, 0.0, 0.0, 0.0, 0.0, 0.0, 0.0, 0.0]",
floatingse.memload0.g2e.Pz_global,intermediate,N/m,"[0.0, 0.0, 0.0, 0.0, 0.0, 0.0, 0.0, 0.0, 0.0, 0.0, 0.0]",
floatingse.memload0.g2e.qdyn_global,intermediate,Pa,"[408157.79108170676, 361153.8817062984, 314441.00893441844, 312580.01714324765, 310719.59941970796, 258862.3434180494, 207581.16368077553, 200315.83352541763, 193065.81869904578, 180407.96132774622, 167801.72672914126]",
floatingse.memload0.lc:Px,intermediate,N/m,"[0.0, 0.0, 0.0, 0.0, 0.0, 0.0, 0.0, 0.0, 0.0, 0.0, 0.0, 0.0, 0.0, 0.0, 0.0, 0.0, 0.0, 0.0, 0.0, -9999.0, -9999.0, -9999.0, -9999.0, -9999.0, -9999.0, -9999.0, -9999.0, -9999.0, -9999.0, -9999.0, -9999.0, -9999.0, -9999.0, -9999.0, -9999.0, -9999.0, -9999.0, -9999.0, -9999.0, -9999.0, -9999.0, -9999.0, -9999.0, -9999.0, -9999.0, -9999.0, -9999.0, -9999.0, -9999.0, -9999.0, -9999.0, -9999.0, -9999.0, -9999.0, -9999.0, -9999.0, -9999.0, -9999.0, -9999.0, -9999.0, -9999.0, -9999.0, -9999.0, -9999.0, -9999.0, -9999.0, -9999.0, -9999.0, -9999.0, -9999.0, -9999.0, -9999.0, -9999.0, -9999.0, -9999.0, -9999.0, -9999.0, -9999.0, -9999.0, -9999.0, -9999.0, -9999.0, -9999.0, -9999.0, -9999.0, -9999.0, -9999.0, -9999.0, -9999.0, -9999.0, -9999.0, -9999.0, -9999.0, -9999.0, -9999.0, -9999.0, -9999.0, -9999.0, -9999.0, -9999.0, -9999.0, -9999.0, -9999.0, -9999.0, -9999.0, -9999.0, -9999.0, -9999.0, -9999.0, -9999.0, -9999.0, -9999.0, -9999.0, -9999.0, -9999.0, -9999.0, -9999.0, -9999.0, -9999.0, -9999.0, -9999.0, -9999.0, -9999.0, -9999.0, -9999.0, -9999.0, -9999.0, -9999.0, -9999.0, -9999.0, -9999.0, -9999.0, -9999.0, -9999.0, -9999.0, -9999.0, -9999.0, -9999.0, -9999.0, -9999.0, -9999.0, -9999.0, -9999.0, -9999.0, -9999.0, -9999.0, -9999.0, -9999.0, -9999.0, -9999.0, -9999.0, -9999.0, -9999.0, -9999.0, -9999.0, -9999.0, -9999.0, -9999.0, -9999.0, -9999.0, -9999.0, -9999.0, -9999.0, -9999.0, -9999.0, -9999.0, -9999.0, -9999.0, -9999.0, -9999.0, -9999.0, -9999.0, -9999.0, -9999.0, -9999.0, -9999.0, -9999.0, -9999.0, -9999.0, -9999.0, -9999.0, -9999.0, -9999.0, -9999.0, -9999.0, -9999.0, -9999.0, -9999.0, -9999.0, -9999.0, -9999.0, -9999.0, -9999.0, -9999.0, -9999.0, -9999.0, -9999.0, -9999.0, -9999.0, -9999.0]",
floatingse.memload0.lc:Py,intermediate,N/m,"[0.0, 0.0, 0.0, 0.0, 0.0, 0.0, 0.0, 0.0, 0.0, 0.0, 0.0, 0.0, 0.0, 0.0, 0.0, 0.0, 0.0, 0.0, 0.0, -9999.0, -9999.0, -9999.0, -9999.0, -9999.0, -9999.0, -9999.0, -9999.0, -9999.0, -9999.0, -9999.0, -9999.0, -9999.0, -9999.0, -9999.0, -9999.0, -9999.0, -9999.0, -9999.0, -9999.0, -9999.0, -9999.0, -9999.0, -9999.0, -9999.0, -9999.0, -9999.0, -9999.0, -9999.0, -9999.0, -9999.0, -9999.0, -9999.0, -9999.0, -9999.0, -9999.0, -9999.0, -9999.0, -9999.0, -9999.0, -9999.0, -9999.0, -9999.0, -9999.0, -9999.0, -9999.0, -9999.0, -9999.0, -9999.0, -9999.0, -9999.0, -9999.0, -9999.0, -9999.0, -9999.0, -9999.0, -9999.0, -9999.0, -9999.0, -9999.0, -9999.0, -9999.0, -9999.0, -9999.0, -9999.0, -9999.0, -9999.0, -9999.0, -9999.0, -9999.0, -9999.0, -9999.0, -9999.0, -9999.0, -9999.0, -9999.0, -9999.0, -9999.0, -9999.0, -9999.0, -9999.0, -9999.0, -9999.0, -9999.0, -9999.0, -9999.0, -9999.0, -9999.0, -9999.0, -9999.0, -9999.0, -9999.0, -9999.0, -9999.0, -9999.0, -9999.0, -9999.0, -9999.0, -9999.0, -9999.0, -9999.0, -9999.0, -9999.0, -9999.0, -9999.0, -9999.0, -9999.0, -9999.0, -9999.0, -9999.0, -9999.0, -9999.0, -9999.0, -9999.0, -9999.0, -9999.0, -9999.0, -9999.0, -9999.0, -9999.0, -9999.0, -9999.0, -9999.0, -9999.0, -9999.0, -9999.0, -9999.0, -9999.0, -9999.0, -9999.0, -9999.0, -9999.0, -9999.0, -9999.0, -9999.0, -9999.0, -9999.0, -9999.0, -9999.0, -9999.0, -9999.0, -9999.0, -9999.0, -9999.0, -9999.0, -9999.0, -9999.0, -9999.0, -9999.0, -9999.0, -9999.0, -9999.0, -9999.0, -9999.0, -9999.0, -9999.0, -9999.0, -9999.0, -9999.0, -9999.0, -9999.0, -9999.0, -9999.0, -9999.0, -9999.0, -9999.0, -9999.0, -9999.0, -9999.0, -9999.0, -9999.0, -9999.0, -9999.0, -9999.0, -9999.0, -9999.0, -9999.0, -9999.0, -9999.0, -9999.0, -9999.0]",
floatingse.memload0.lc:Pz,intermediate,N/m,"[-17236.45979757961, -17316.027945916972, -19205.771468929324, -19245.555543098006, -21061.89744926914, -25785.421904289633, -25995.924546858776, -26208.164951908137, -29296.258682526193, -29358.64441445787, -32927.10828094985, -41383.034958582204, -41422.47491510101, -41082.51004417545, -30968.555134139948, -21731.859963455816, -23075.384210274784, -24452.797487906733, -24505.928183283086, -9999.0, -9999.0, -9999.0, -9999.0, -9999.0, -9999.0, -9999.0, -9999.0, -9999.0, -9999.0, -9999.0, -9999.0, -9999.0, -9999.0, -9999.0, -9999.0, -9999.0, -9999.0, -9999.0, -9999.0, -9999.0, -9999.0, -9999.0, -9999.0, -9999.0, -9999.0, -9999.0, -9999.0, -9999.0, -9999.0, -9999.0, -9999.0, -9999.0, -9999.0, -9999.0, -9999.0, -9999.0, -9999.0, -9999.0, -9999.0, -9999.0, -9999.0, -9999.0, -9999.0, -9999.0, -9999.0, -9999.0, -9999.0, -9999.0, -9999.0, -9999.0, -9999.0, -9999.0, -9999.0, -9999.0, -9999.0, -9999.0, -9999.0, -9999.0, -9999.0, -9999.0, -9999.0, -9999.0, -9999.0, -9999.0, -9999.0, -9999.0, -9999.0, -9999.0, -9999.0, -9999.0, -9999.0, -9999.0, -9999.0, -9999.0, -9999.0, -9999.0, -9999.0, -9999.0, -9999.0, -9999.0, -9999.0, -9999.0, -9999.0, -9999.0, -9999.0, -9999.0, -9999.0, -9999.0, -9999.0, -9999.0, -9999.0, -9999.0, -9999.0, -9999.0, -9999.0, -9999.0, -9999.0, -9999.0, -9999.0, -9999.0, -9999.0, -9999.0, -9999.0, -9999.0, -9999.0, -9999.0, -9999.0, -9999.0, -9999.0, -9999.0, -9999.0, -9999.0, -9999.0, -9999.0, -9999.0, -9999.0, -9999.0, -9999.0, -9999.0, -9999.0, -9999.0, -9999.0, -9999.0, -9999.0, -9999.0, -9999.0, -9999.0, -9999.0, -9999.0, -9999.0, -9999.0, -9999.0, -9999.0, -9999.0, -9999.0, -9999.0, -9999.0, -9999.0, -9999.0, -9999.0, -9999.0, -9999.0, -9999.0, -9999.0, -9999.0, -9999.0, -9999.0, -9999.0, -9999.0, -9999.0, -9999.0, -9999.0, -9999.0, -9999.0, -9999.0, -9999.0, -9999.0, -9999.0, -9999.0, -9999.0, -9999.0, -9999.0, -9999.0, -9999.0, -9999.0, -9999.0, -9999.0, -9999.0, -9999.0, -9999.0, -9999.0, -9999.0, -9999.0, -9999.0, -9999.0, -9999.0, -9999.0, -9999.0, -9999.0, -9999.0]",
floatingse.memload0.lc:qdyn,intermediate,Pa,"[408157.79108170676, 407180.12149873324, 383960.4689031127, 383471.6341116259, 361153.8817062984, 314441.00893441844, 312580.01714324765, 310719.59941970796, 286885.48454429384, 286403.9872740835, 258862.3434180494, 207819.23786711384, 207581.16368077553, 207344.8927814143, 200315.83352541763, 193065.81869904578, 180407.96132774622, 168269.92485722314, 167801.72672914126, -9999.0, -9999.0, -9999.0, -9999.0, -9999.0, -9999.0, -9999.0, -9999.0, -9999.0, -9999.0, -9999.0, -9999.0, -9999.0, -9999.0, -9999.0, -9999.0, -9999.0, -9999.0, -9999.0, -9999.0, -9999.0, -9999.0, -9999.0, -9999.0, -9999.0, -9999.0, -9999.0, -9999.0, -9999.0, -9999.0, -9999.0, -9999.0, -9999.0, -9999.0, -9999.0, -9999.0, -9999.0, -9999.0, -9999.0, -9999.0, -9999.0, -9999.0, -9999.0, -9999.0, -9999.0, -9999.0, -9999.0, -9999.0, -9999.0, -9999.0, -9999.0, -9999.0, -9999.0, -9999.0, -9999.0, -9999.0, -9999.0, -9999.0, -9999.0, -9999.0, -9999.0, -9999.0, -9999.0, -9999.0, -9999.0, -9999.0, -9999.0, -9999.0, -9999.0, -9999.0, -9999.0, -9999.0, -9999.0, -9999.0, -9999.0, -9999.0, -9999.0, -9999.0, -9999.0, -9999.0, -9999.0, -9999.0, -9999.0, -9999.0, -9999.0, -9999.0, -9999.0, -9999.0, -9999.0, -9999.0, -9999.0, -9999.0, -9999.0, -9999.0, -9999.0, -9999.0, -9999.0, -9999.0, -9999.0, -9999.0, -9999.0, -9999.0, -9999.0, -9999.0, -9999.0, -9999.0, -9999.0, -9999.0, -9999.0, -9999.0, -9999.0, -9999.0, -9999.0, -9999.0, -9999.0, -9999.0, -9999.0, -9999.0, -9999.0, -9999.0, -9999.0, -9999.0, -9999.0, -9999.0, -9999.0, -9999.0, -9999.0, -9999.0, -9999.0, -9999.0, -9999.0, -9999.0, -9999.0, -9999.0, -9999.0, -9999.0, -9999.0, -9999.0, -9999.0, -9999.0, -9999.0, -9999.0, -9999.0, -9999.0, -9999.0, -9999.0, -9999.0, -9999.0, -9999.0, -9999.0, -9999.0, -9999.0, -9999.0, -9999.0, -9999.0, -9999.0, -9999.0, -9999.0, -9999.0, -9999.0, -9999.0, -9999.0, -9999.0, -9999.0, -9999.0, -9999.0, -9999.0, -9999.0, -9999.0, -9999.0, -9999.0, -9999.0, -9999.0, -9999.0, -9999.0, -9999.0, -9999.0, -9999.0, -9999.0, -9999.0, -9999.0]",
floatingse.memload1.env.distLoads.windLoads_Px,intermediate,N/m,"[0.0, 0.0, 0.0]",
floatingse.memload1.env.distLoads.windLoads_Py,intermediate,N/m,"[0.0, 0.0, 0.0]",
floatingse.memload1.env.distLoads.windLoads_Pz,intermediate,N/m,"[0.0, 0.0, 0.0]",
floatingse.memload1.env.distLoads.windLoads_qdyn,intermediate,N/m**2,"[0.0, 0.0, 0.0]",
floatingse.memload1.env.distLoads.windLoads_z,intermediate,m,"[-70.0, -50.19225, -30.384500000000003]",
floatingse.memload1.env.distLoads.windLoads_beta,intermediate,deg,0.0,
floatingse.memload1.env.distLoads.waveLoads_Px,intermediate,N/m,"[64.76441425839386, 163.99056689851915, 353.2350523631749]",
floatingse.memload1.env.distLoads.waveLoads_Py,intermediate,N/m,"[0.0, 0.0, 0.0]",
floatingse.memload1.env.distLoads.waveLoads_Pz,intermediate,N/m,"[0.0, 0.0, 0.0]",
floatingse.memload1.env.distLoads.waveLoads_qdyn,intermediate,N/m**2,"[705411.535622967, 508536.3913908086, 314441.00893441844]",
floatingse.memload1.env.distLoads.waveLoads_z,intermediate,m,"[-70.0, -50.19225, -30.384500000000003]",
floatingse.memload1.env.distLoads.waveLoads_beta,intermediate,deg,0.0,
floatingse.memload1.z_global,intermediate,m,"[-70.0, -50.19225, -30.384500000000003]",
floatingse.memload1.env.waveLoads.U,intermediate,m/s,"[0.11257197694567823, 0.2498885740675337, 0.5547055423172194]",
floatingse.memload1.env.waveLoads.A,intermediate,m/s**2,"[0.07073105915452446, 0.15700962170131855, 0.3485317713298637]",
floatingse.memload1.env.waveLoads.p,intermediate,N/m**2,"[705405.0409923454, 508504.3886873408, 314283.3135870962]",
floatingse.memload1.outer_diameter_full,intermediate,m,"[1.0, 1.0, 1.0]",
floatingse.memload1.ca_usr,intermediate,,"[-1.0, -1.0, -1.0]",
floatingse.memload1.cd_usr,intermediate,,"[-1.0, -1.0, -1.0]",
floatingse.memload1.env.windLoads.U,intermediate,m/s,"[0.0, 0.0, 0.0]",
floatingse.member1:joint1,intermediate,m,"[5.2, 0.0, -70.0]",
floatingse.member1:joint2,intermediate,m,"[0.0, 0.0, -30.3845]",
floatingse.memload1.s_full,intermediate,m,"[0.0, 0.5, 1.0]",
floatingse.memload1.s_all,intermediate,,"[0.0, 0.0005005590862972902, 0.5, 0.8818680556338395, 0.8823686147201368, 1.0, -9999.0, -9999.0, -9999.0, -9999.0, -9999.0, -9999.0, -9999.0, -9999.0, -9999.0, -9999.0, -9999.0, -9999.0, -9999.0, -9999.0, -9999.0, -9999.0, -9999.0, -9999.0, -9999.0, -9999.0, -9999.0, -9999.0, -9999.0, -9999.0, -9999.0, -9999.0, -9999.0, -9999.0, -9999.0, -9999.0, -9999.0, -9999.0, -9999.0, -9999.0, -9999.0, -9999.0, -9999.0, -9999.0, -9999.0, -9999.0, -9999.0, -9999.0, -9999.0, -9999.0, -9999.0, -9999.0, -9999.0, -9999.0, -9999.0, -9999.0, -9999.0, -9999.0, -9999.0, -9999.0, -9999.0, -9999.0, -9999.0, -9999.0, -9999.0, -9999.0, -9999.0, -9999.0, -9999.0, -9999.0, -9999.0, -9999.0, -9999.0, -9999.0, -9999.0, -9999.0, -9999.0, -9999.0, -9999.0, -9999.0, -9999.0, -9999.0, -9999.0, -9999.0, -9999.0, -9999.0, -9999.0, -9999.0, -9999.0, -9999.0, -9999.0, -9999.0, -9999.0, -9999.0, -9999.0, -9999.0, -9999.0, -9999.0, -9999.0, -9999.0, -9999.0, -9999.0, -9999.0, -9999.0, -9999.0, -9999.0, -9999.0, -9999.0, -9999.0, -9999.0, -9999.0, -9999.0, -9999.0, -9999.0, -9999.0, -9999.0, -9999.0, -9999.0, -9999.0, -9999.0, -9999.0, -9999.0, -9999.0, -9999.0, -9999.0, -9999.0, -9999.0, -9999.0, -9999.0, -9999.0, -9999.0, -9999.0, -9999.0, -9999.0, -9999.0, -9999.0, -9999.0, -9999.0, -9999.0, -9999.0, -9999.0, -9999.0, -9999.0, -9999.0, -9999.0, -9999.0, -9999.0, -9999.0, -9999.0, -9999.0, -9999.0, -9999.0, -9999.0, -9999.0, -9999.0, -9999.0, -9999.0, -9999.0, -9999.0, -9999.0, -9999.0, -9999.0, -9999.0, -9999.0, -9999.0, -9999.0, -9999.0, -9999.0, -9999.0, -9999.0, -9999.0, -9999.0, -9999.0, -9999.0, -9999.0, -9999.0, -9999.0, -9999.0, -9999.0, -9999.0, -9999.0, -9999.0, -9999.0, -9999.0, -9999.0, -9999.0, -9999.0, -9999.0, -9999.0, -9999.0, -9999.0, -9999.0, -9999.0, -9999.0, -9999.0, -9999.0, -9999.0, -9999.0, -9999.0, -9999.0]",
floatingse.memload1.g2e.Px_global,intermediate,N/m,"[64.76441425839386, 163.99056689851915, 353.2350523631749]",
floatingse.memload1.g2e.Py_global,intermediate,N/m,"[0.0, 0.0, 0.0]",
floatingse.memload1.g2e.Pz_global,intermediate,N/m,"[0.0, 0.0, 0.0]",
floatingse.memload1.g2e.qdyn_global,intermediate,Pa,"[705411.535622967, 508536.3913908086, 314441.00893441844]",
floatingse.memload1.lc:Px,intermediate,N/m,"[-8.42878816669783, -8.441716430180076, -21.34261176530536, -40.15289157526558, -40.17754840721515, -45.97190391536251, -9999.0, -9999.0, -9999.0, -9999.0, -9999.0, -9999.0, -9999.0, -9999.0, -9999.0, -9999.0, -9999.0, -9999.0, -9999.0, -9999.0, -9999.0, -9999.0, -9999.0, -9999.0, -9999.0, -9999.0, -9999.0, -9999.0, -9999.0, -9999.0, -9999.0, -9999.0, -9999.0, -9999.0, -9999.0, -9999.0, -9999.0, -9999.0, -9999.0, -9999.0, -9999.0, -9999.0, -9999.0, -9999.0, -9999.0, -9999.0, -9999.0, -9999.0, -9999.0, -9999.0, -9999.0, -9999.0, -9999.0, -9999.0, -9999.0, -9999.0, -9999.0, -9999.0, -9999.0, -9999.0, -9999.0, -9999.0, -9999.0, -9999.0, -9999.0, -9999.0, -9999.0, -9999.0, -9999.0, -9999.0, -9999.0, -9999.0, -9999.0, -9999.0, -9999.0, -9999.0, -9999.0, -9999.0, -9999.0, -9999.0, -9999.0, -9999.0, -9999.0, -9999.0, -9999.0, -9999.0, -9999.0, -9999.0, -9999.0, -9999.0, -9999.0, -9999.0, -9999.0, -9999.0, -9999.0, -9999.0, -9999.0, -9999.0, -9999.0, -9999.0, -9999.0, -9999.0, -9999.0, -9999.0, -9999.0, -9999.0, -9999.0, -9999.0, -9999.0, -9999.0, -9999.0, -9999.0, -9999.0, -9999.0, -9999.0, -9999.0, -9999.0, -9999.0, -9999.0, -9999.0, -9999.0, -9999.0, -9999.0, -9999.0, -9999.0, -9999.0, -9999.0, -9999.0, -9999.0, -9999.0, -9999.0, -9999.0, -9999.0, -9999.0, -9999.0, -9999.0, -9999.0, -9999.0, -9999.0, -9999.0, -9999.0, -9999.0, -9999.0, -9999.0, -9999.0, -9999.0, -9999.0, -9999.0, -9999.0, -9999.0, -9999.0, -9999.0, -9999.0, -9999.0, -9999.0, -9999.0, -9999.0, -9999.0, -9999.0, -9999.0, -9999.0, -9999.0, -9999.0, -9999.0, -9999.0, -9999.0, -9999.0, -9999.0, -9999.0, -9999.0, -9999.0, -9999.0, -9999.0, -9999.0, -9999.0, -9999.0, -9999.0, -9999.0, -9999.0, -9999.0, -9999.0, -9999.0, -9999.0, -9999.0, -9999.0, -9999.0, -9999.0, -9999.0, -9999.0, -9999.0, -9999.0, -9999.0, -9999.0, -9999.0, -9999.0, -9999.0, -9999.0, -9999.0, -9999.0, -9999.0]",
floatingse.memload1.lc:Py,intermediate,N/m,"[0.0, 0.0, 0.0, 0.0, 0.0, 0.0, -9999.0, -9999.0, -9999.0, -9999.0, -9999.0, -9999.0, -9999.0, -9999.0, -9999.0, -9999.0, -9999.0, -9999.0, -9999.0, -9999.0, -9999.0, -9999.0, -9999.0, -9999.0, -9999.0, -9999.0, -9999.0, -9999.0, -9999.0, -9999.0, -9999.0, -9999.0, -9999.0, -9999.0, -9999.0, -9999.0, -9999.0, -9999.0, -9999.0, -9999.0, -9999.0, -9999.0, -9999.0, -9999.0, -9999.0, -9999.0, -9999.0, -9999.0, -9999.0, -9999.0, -9999.0, -9999.0, -9999.0, -9999.0, -9999.0, -9999.0, -9999.0, -9999.0, -9999.0, -9999.0, -9999.0, -9999.0, -9999.0, -9999.0, -9999.0, -9999.0, -9999.0, -9999.0, -9999.0, -9999.0, -9999.0, -9999.0, -9999.0, -9999.0, -9999.0, -9999.0, -9999.0, -9999.0, -9999.0, -9999.0, -9999.0, -9999.0, -9999.0, -9999.0, -9999.0, -9999.0, -9999.0, -9999.0, -9999.0, -9999.0, -9999.0, -9999.0, -9999.0, -9999.0, -9999.0, -9999.0, -9999.0, -9999.0, -9999.0, -9999.0, -9999.0, -9999.0, -9999.0, -9999.0, -9999.0, -9999.0, -9999.0, -9999.0, -9999.0, -9999.0, -9999.0, -9999.0, -9999.0, -9999.0, -9999.0, -9999.0, -9999.0, -9999.0, -9999.0, -9999.0, -9999.0, -9999.0, -9999.0, -9999.0, -9999.0, -9999.0, -9999.0, -9999.0, -9999.0, -9999.0, -9999.0, -9999.0, -9999.0, -9999.0, -9999.0, -9999.0, -9999.0, -9999.0, -9999.0, -9999.0, -9999.0, -9999.0, -9999.0, -9999.0, -9999.0, -9999.0, -9999.0, -9999.0, -9999.0, -9999.0, -9999.0, -9999.0, -9999.0, -9999.0, -9999.0, -9999.0, -9999.0, -9999.0, -9999.0, -9999.0, -9999.0, -9999.0, -9999.0, -9999.0, -9999.0, -9999.0, -9999.0, -9999.0, -9999.0, -9999.0, -9999.0, -9999.0, -9999.0, -9999.0, -9999.0, -9999.0, -9999.0, -9999.0, -9999.0, -9999.0, -9999.0, -9999.0, -9999.0, -9999.0, -9999.0, -9999.0, -9999.0, -9999.0, -9999.0, -9999.0, -9999.0, -9999.0, -9999.0, -9999.0, -9999.0, -9999.0, -9999.0, -9999.0, -9999.0, -9999.0]",
floatingse.memload1.lc:Pz,intermediate,N/m,"[-64.21358800342638, -64.31208023842272, -162.59581469008708, -305.8993992692174, -306.08724402423627, -350.23076145366156, -9999.0, -9999.0, -9999.0, -9999.0, -9999.0, -9999.0, -9999.0, -9999.0, -9999.0, -9999.0, -9999.0, -9999.0, -9999.0, -9999.0, -9999.0, -9999.0, -9999.0, -9999.0, -9999.0, -9999.0, -9999.0, -9999.0, -9999.0, -9999.0, -9999.0, -9999.0, -9999.0, -9999.0, -9999.0, -9999.0, -9999.0, -9999.0, -9999.0, -9999.0, -9999.0, -9999.0, -9999.0, -9999.0, -9999.0, -9999.0, -9999.0, -9999.0, -9999.0, -9999.0, -9999.0, -9999.0, -9999.0, -9999.0, -9999.0, -9999.0, -9999.0, -9999.0, -9999.0, -9999.0, -9999.0, -9999.0, -9999.0, -9999.0, -9999.0, -9999.0, -9999.0, -9999.0, -9999.0, -9999.0, -9999.0, -9999.0, -9999.0, -9999.0, -9999.0, -9999.0, -9999.0, -9999.0, -9999.0, -9999.0, -9999.0, -9999.0, -9999.0, -9999.0, -9999.0, -9999.0, -9999.0, -9999.0, -9999.0, -9999.0, -9999.0, -9999.0, -9999.0, -9999.0, -9999.0, -9999.0, -9999.0, -9999.0, -9999.0, -9999.0, -9999.0, -9999.0, -9999.0, -9999.0, -9999.0, -9999.0, -9999.0, -9999.0, -9999.0, -9999.0, -9999.0, -9999.0, -9999.0, -9999.0, -9999.0, -9999.0, -9999.0, -9999.0, -9999.0, -9999.0, -9999.0, -9999.0, -9999.0, -9999.0, -9999.0, -9999.0, -9999.0, -9999.0, -9999.0, -9999.0, -9999.0, -9999.0, -9999.0, -9999.0, -9999.0, -9999.0, -9999.0, -9999.0, -9999.0, -9999.0, -9999.0, -9999.0, -9999.0, -9999.0, -9999.0, -9999.0, -9999.0, -9999.0, -9999.0, -9999.0, -9999.0, -9999.0, -9999.0, -9999.0, -9999.0, -9999.0, -9999.0, -9999.0, -9999.0, -9999.0, -9999.0, -9999.0, -9999.0, -9999.0, -9999.0, -9999.0, -9999.0, -9999.0, -9999.0, -9999.0, -9999.0, -9999.0, -9999.0, -9999.0, -9999.0, -9999.0, -9999.0, -9999.0, -9999.0, -9999.0, -9999.0, -9999.0, -9999.0, -9999.0, -9999.0, -9999.0, -9999.0, -9999.0, -9999.0, -9999.0, -9999.0, -9999.0, -9999.0, -9999.0, -9999.0, -9999.0, -9999.0, -9999.0, -9999.0, -9999.0]",
floatingse.memload1.lc:qdyn,intermediate,Pa,"[705411.535622967, 705214.4403383441, 508536.3913908086, 360298.7387785523, 360104.4263639585, 314441.00893441844, -9999.0, -9999.0, -9999.0, -9999.0, -9999.0, -9999.0, -9999.0, -9999.0, -9999.0, -9999.0, -9999.0, -9999.0, -9999.0, -9999.0, -9999.0, -9999.0, -9999.0, -9999.0, -9999.0, -9999.0, -9999.0, -9999.0, -9999.0, -9999.0, -9999.0, -9999.0, -9999.0, -9999.0, -9999.0, -9999.0, -9999.0, -9999.0, -9999.0, -9999.0, -9999.0, -9999.0, -9999.0, -9999.0, -9999.0, -9999.0, -9999.0, -9999.0, -9999.0, -9999.0, -9999.0, -9999.0, -9999.0, -9999.0, -9999.0, -9999.0, -9999.0, -9999.0, -9999.0, -9999.0, -9999.0, -9999.0, -9999.0, -9999.0, -9999.0, -9999.0, -9999.0, -9999.0, -9999.0, -9999.0, -9999.0, -9999.0, -9999.0, -9999.0, -9999.0, -9999.0, -9999.0, -9999.0, -9999.0, -9999.0, -9999.0, -9999.0, -9999.0, -9999.0, -9999.0, -9999.0, -9999.0, -9999.0, -9999.0, -9999.0, -9999.0, -9999.0, -9999.0, -9999.0, -9999.0, -9999.0, -9999.0, -9999.0, -9999.0, -9999.0, -9999.0, -9999.0, -9999.0, -9999.0, -9999.0, -9999.0, -9999.0, -9999.0, -9999.0, -9999.0, -9999.0, -9999.0, -9999.0, -9999.0, -9999.0, -9999.0, -9999.0, -9999.0, -9999.0, -9999.0, -9999.0, -9999.0, -9999.0, -9999.0, -9999.0, -9999.0, -9999.0, -9999.0, -9999.0, -9999.0, -9999.0, -9999.0, -9999.0, -9999.0, -9999.0, -9999.0, -9999.0, -9999.0, -9999.0, -9999.0, -9999.0, -9999.0, -9999.0, -9999.0, -9999.0, -9999.0, -9999.0, -9999.0, -9999.0, -9999.0, -9999.0, -9999.0, -9999.0, -9999.0, -9999.0, -9999.0, -9999.0, -9999.0, -9999.0, -9999.0, -9999.0, -9999.0, -9999.0, -9999.0, -9999.0, -9999.0, -9999.0, -9999.0, -9999.0, -9999.0, -9999.0, -9999.0, -9999.0, -9999.0, -9999.0, -9999.0, -9999.0, -9999.0, -9999.0, -9999.0, -9999.0, -9999.0, -9999.0, -9999.0, -9999.0, -9999.0, -9999.0, -9999.0, -9999.0, -9999.0, -9999.0, -9999.0, -9999.0, -9999.0, -9999.0, -9999.0, -9999.0, -9999.0, -9999.0, -9999.0]",
floatingse.memload2.env.distLoads.windLoads_Px,intermediate,N/m,"[0.0, 0.0, 0.0]",
floatingse.memload2.env.distLoads.windLoads_Py,intermediate,N/m,"[0.0, 0.0, 0.0]",
floatingse.memload2.env.distLoads.windLoads_Pz,intermediate,N/m,"[0.0, 0.0, 0.0]",
floatingse.memload2.env.distLoads.windLoads_qdyn,intermediate,N/m**2,"[0.0, 0.0, 0.0]",
floatingse.memload2.env.distLoads.windLoads_z,intermediate,m,"[-70.0, -50.19225, -30.384500000000003]",
floatingse.memload2.env.distLoads.windLoads_beta,intermediate,deg,0.0,
floatingse.memload2.env.distLoads.waveLoads_Px,intermediate,N/m,"[64.76441425839386, 163.99056689851915, 353.2350523631749]",
floatingse.memload2.env.distLoads.waveLoads_Py,intermediate,N/m,"[0.0, 0.0, 0.0]",
floatingse.memload2.env.distLoads.waveLoads_Pz,intermediate,N/m,"[0.0, 0.0, 0.0]",
floatingse.memload2.env.distLoads.waveLoads_qdyn,intermediate,N/m**2,"[705411.535622967, 508536.3913908086, 314441.00893441844]",
floatingse.memload2.env.distLoads.waveLoads_z,intermediate,m,"[-70.0, -50.19225, -30.384500000000003]",
floatingse.memload2.env.distLoads.waveLoads_beta,intermediate,deg,0.0,
floatingse.memload2.z_global,intermediate,m,"[-70.0, -50.19225, -30.384500000000003]",
floatingse.memload2.env.waveLoads.U,intermediate,m/s,"[0.11257197694567823, 0.2498885740675337, 0.5547055423172194]",
floatingse.memload2.env.waveLoads.A,intermediate,m/s**2,"[0.07073105915452446, 0.15700962170131855, 0.3485317713298637]",
floatingse.memload2.env.waveLoads.p,intermediate,N/m**2,"[705405.0409923454, 508504.3886873408, 314283.3135870962]",
floatingse.memload2.outer_diameter_full,intermediate,m,"[1.0, 1.0, 1.0]",
floatingse.memload2.ca_usr,intermediate,,"[-1.0, -1.0, -1.0]",
floatingse.memload2.cd_usr,intermediate,,"[-1.0, -1.0, -1.0]",
floatingse.memload2.env.windLoads.U,intermediate,m/s,"[0.0, 0.0, 0.0]",
floatingse.member2:joint1,intermediate,m,"[-2.5999999999999988, 4.503332099679081, -70.0]",
floatingse.member2:joint2,intermediate,m,"[0.0, 0.0, -30.3845]",
floatingse.memload2.s_full,intermediate,m,"[0.0, 0.5, 1.0]",
floatingse.memload2.s_all,intermediate,,"[0.0, 0.0005005590862972902, 0.5, 0.8818680556338395, 0.8823686147201368, 1.0, -9999.0, -9999.0, -9999.0, -9999.0, -9999.0, -9999.0, -9999.0, -9999.0, -9999.0, -9999.0, -9999.0, -9999.0, -9999.0, -9999.0, -9999.0, -9999.0, -9999.0, -9999.0, -9999.0, -9999.0, -9999.0, -9999.0, -9999.0, -9999.0, -9999.0, -9999.0, -9999.0, -9999.0, -9999.0, -9999.0, -9999.0, -9999.0, -9999.0, -9999.0, -9999.0, -9999.0, -9999.0, -9999.0, -9999.0, -9999.0, -9999.0, -9999.0, -9999.0, -9999.0, -9999.0, -9999.0, -9999.0, -9999.0, -9999.0, -9999.0, -9999.0, -9999.0, -9999.0, -9999.0, -9999.0, -9999.0, -9999.0, -9999.0, -9999.0, -9999.0, -9999.0, -9999.0, -9999.0, -9999.0, -9999.0, -9999.0, -9999.0, -9999.0, -9999.0, -9999.0, -9999.0, -9999.0, -9999.0, -9999.0, -9999.0, -9999.0, -9999.0, -9999.0, -9999.0, -9999.0, -9999.0, -9999.0, -9999.0, -9999.0, -9999.0, -9999.0, -9999.0, -9999.0, -9999.0, -9999.0, -9999.0, -9999.0, -9999.0, -9999.0, -9999.0, -9999.0, -9999.0, -9999.0, -9999.0, -9999.0, -9999.0, -9999.0, -9999.0, -9999.0, -9999.0, -9999.0, -9999.0, -9999.0, -9999.0, -9999.0, -9999.0, -9999.0, -9999.0, -9999.0, -9999.0, -9999.0, -9999.0, -9999.0, -9999.0, -9999.0, -9999.0, -9999.0, -9999.0, -9999.0, -9999.0, -9999.0, -9999.0, -9999.0, -9999.0, -9999.0, -9999.0, -9999.0, -9999.0, -9999.0, -9999.0, -9999.0, -9999.0, -9999.0, -9999.0, -9999.0, -9999.0, -9999.0, -9999.0, -9999.0, -9999.0, -9999.0, -9999.0, -9999.0, -9999.0, -9999.0, -9999.0, -9999.0, -9999.0, -9999.0, -9999.0, -9999.0, -9999.0, -9999.0, -9999.0, -9999.0, -9999.0, -9999.0, -9999.0, -9999.0, -9999.0, -9999.0, -9999.0, -9999.0, -9999.0, -9999.0, -9999.0, -9999.0, -9999.0, -9999.0, -9999.0, -9999.0, -9999.0, -9999.0, -9999.0, -9999.0, -9999.0, -9999.0, -9999.0, -9999.0, -9999.0, -9999.0, -9999.0, -9999.0, -9999.0, -9999.0, -9999.0, -9999.0, -9999.0, -9999.0]",
floatingse.memload2.g2e.Px_global,intermediate,N/m,"[64.76441425839386, 163.99056689851915, 353.2350523631749]",
floatingse.memload2.g2e.Py_global,intermediate,N/m,"[0.0, 0.0, 0.0]",
floatingse.memload2.g2e.Pz_global,intermediate,N/m,"[0.0, 0.0, 0.0]",
floatingse.memload2.g2e.qdyn_global,intermediate,Pa,"[705411.535622967, 508536.3913908086, 314441.00893441844]",
floatingse.memload2.lc:Px,intermediate,N/m,"[4.2143940833489, 4.220858215090023, 10.671305882652643, 20.07644578763272, 20.088774203607507, 22.985951957681177, -9999.0, -9999.0, -9999.0, -9999.0, -9999.0, -9999.0, -9999.0, -9999.0, -9999.0, -9999.0, -9999.0, -9999.0, -9999.0, -9999.0, -9999.0, -9999.0, -9999.0, -9999.0, -9999.0, -9999.0, -9999.0, -9999.0, -9999.0, -9999.0, -9999.0, -9999.0, -9999.0, -9999.0, -9999.0, -9999.0, -9999.0, -9999.0, -9999.0, -9999.0, -9999.0, -9999.0, -9999.0, -9999.0, -9999.0, -9999.0, -9999.0, -9999.0, -9999.0, -9999.0, -9999.0, -9999.0, -9999.0, -9999.0, -9999.0, -9999.0, -9999.0, -9999.0, -9999.0, -9999.0, -9999.0, -9999.0, -9999.0, -9999.0, -9999.0, -9999.0, -9999.0, -9999.0, -9999.0, -9999.0, -9999.0, -9999.0, -9999.0, -9999.0, -9999.0, -9999.0, -9999.0, -9999.0, -9999.0, -9999.0, -9999.0, -9999.0, -9999.0, -9999.0, -9999.0, -9999.0, -9999.0, -9999.0, -9999.0, -9999.0, -9999.0, -9999.0, -9999.0, -9999.0, -9999.0, -9999.0, -9999.0, -9999.0, -9999.0, -9999.0, -9999.0, -9999.0, -9999.0, -9999.0, -9999.0, -9999.0, -9999.0, -9999.0, -9999.0, -9999.0, -9999.0, -9999.0, -9999.0, -9999.0, -9999.0, -9999.0, -9999.0, -9999.0, -9999.0, -9999.0, -9999.0, -9999.0, -9999.0, -9999.0, -9999.0, -9999.0, -9999.0, -9999.0, -9999.0, -9999.0, -9999.0, -9999.0, -9999.0, -9999.0, -9999.0, -9999.0, -9999.0, -9999.0, -9999.0, -9999.0, -9999.0, -9999.0, -9999.0, -9999.0, -9999.0, -9999.0, -9999.0, -9999.0, -9999.0, -9999.0, -9999.0, -9999.0, -9999.0, -9999.0, -9999.0, -9999.0, -9999.0, -9999.0, -9999.0, -9999.0, -9999.0, -9999.0, -9999.0, -9999.0, -9999.0, -9999.0, -9999.0, -9999.0, -9999.0, -9999.0, -9999.0, -9999.0, -9999.0, -9999.0, -9999.0, -9999.0, -9999.0, -9999.0, -9999.0, -9999.0, -9999.0, -9999.0, -9999.0, -9999.0, -9999.0, -9999.0, -9999.0, -9999.0, -9999.0, -9999.0, -9999.0, -9999.0, -9999.0, -9999.0, -9999.0, -9999.0, -9999.0, -9999.0, -9999.0, -9999.0]",
floatingse.memload2.lc:Py,intermediate,N/m,"[7.299544675477972, 7.310740880080417, 18.48324397186305, 34.7734241395821, 34.794777582427265, 39.81283665104117, -9999.0, -9999.0, -9999.0, -9999.0, -9999.0, -9999.0, -9999.0, -9999.0, -9999.0, -9999.0, -9999.0, -9999.0, -9999.0, -9999.0, -9999.0, -9999.0, -9999.0, -9999.0, -9999.0, -9999.0, -9999.0, -9999.0, -9999.0, -9999.0, -9999.0, -9999.0, -9999.0, -9999.0, -9999.0, -9999.0, -9999.0, -9999.0, -9999.0, -9999.0, -9999.0, -9999.0, -9999.0, -9999.0, -9999.0, -9999.0, -9999.0, -9999.0, -9999.0, -9999.0, -9999.0, -9999.0, -9999.0, -9999.0, -9999.0, -9999.0, -9999.0, -9999.0, -9999.0, -9999.0, -9999.0, -9999.0, -9999.0, -9999.0, -9999.0, -9999.0, -9999.0, -9999.0, -9999.0, -9999.0, -9999.0, -9999.0, -9999.0, -9999.0, -9999.0, -9999.0, -9999.0, -9999.0, -9999.0, -9999.0, -9999.0, -9999.0, -9999.0, -9999.0, -9999.0, -9999.0, -9999.0, -9999.0, -9999.0, -9999.0, -9999.0, -9999.0, -9999.0, -9999.0, -9999.0, -9999.0, -9999.0, -9999.0, -9999.0, -9999.0, -9999.0, -9999.0, -9999.0, -9999.0, -9999.0, -9999.0, -9999.0, -9999.0, -9999.0, -9999.0, -9999.0, -9999.0, -9999.0, -9999.0, -9999.0, -9999.0, -9999.0, -9999.0, -9999.0, -9999.0, -9999.0, -9999.0, -9999.0, -9999.0, -9999.0, -9999.0, -9999.0, -9999.0, -9999.0, -9999.0, -9999.0, -9999.0, -9999.0, -9999.0, -9999.0, -9999.0, -9999.0, -9999.0, -9999.0, -9999.0, -9999.0, -9999.0, -9999.0, -9999.0, -9999.0, -9999.0, -9999.0, -9999.0, -9999.0, -9999.0, -9999.0, -9999.0, -9999.0, -9999.0, -9999.0, -9999.0, -9999.0, -9999.0, -9999.0, -9999.0, -9999.0, -9999.0, -9999.0, -9999.0, -9999.0, -9999.0, -9999.0, -9999.0, -9999.0, -9999.0, -9999.0, -9999.0, -9999.0, -9999.0, -9999.0, -9999.0, -9999.0, -9999.0, -9999.0, -9999.0, -9999.0, -9999.0, -9999.0, -9999.0, -9999.0, -9999.0, -9999.0, -9999.0, -9999.0, -9999.0, -9999.0, -9999.0, -9999.0, -9999.0, -9999.0, -9999.0, -9999.0, -9999.0, -9999.0, -9999.0]",
floatingse.memload2.lc:Pz,intermediate,N/m,"[-64.21358800342638, -64.31208023842272, -162.59581469008708, -305.8993992692174, -306.08724402423627, -350.23076145366156, -9999.0, -9999.0, -9999.0, -9999.0, -9999.0, -9999.0, -9999.0, -9999.0, -9999.0, -9999.0, -9999.0, -9999.0, -9999.0, -9999.0, -9999.0, -9999.0, -9999.0, -9999.0, -9999.0, -9999.0, -9999.0, -9999.0, -9999.0, -9999.0, -9999.0, -9999.0, -9999.0, -9999.0, -9999.0, -9999.0, -9999.0, -9999.0, -9999.0, -9999.0, -9999.0, -9999.0, -9999.0, -9999.0, -9999.0, -9999.0, -9999.0, -9999.0, -9999.0, -9999.0, -9999.0, -9999.0, -9999.0, -9999.0, -9999.0, -9999.0, -9999.0, -9999.0, -9999.0, -9999.0, -9999.0, -9999.0, -9999.0, -9999.0, -9999.0, -9999.0, -9999.0, -9999.0, -9999.0, -9999.0, -9999.0, -9999.0, -9999.0, -9999.0, -9999.0, -9999.0, -9999.0, -9999.0, -9999.0, -9999.0, -9999.0, -9999.0, -9999.0, -9999.0, -9999.0, -9999.0, -9999.0, -9999.0, -9999.0, -9999.0, -9999.0, -9999.0, -9999.0, -9999.0, -9999.0, -9999.0, -9999.0, -9999.0, -9999.0, -9999.0, -9999.0, -9999.0, -9999.0, -9999.0, -9999.0, -9999.0, -9999.0, -9999.0, -9999.0, -9999.0, -9999.0, -9999.0, -9999.0, -9999.0, -9999.0, -9999.0, -9999.0, -9999.0, -9999.0, -9999.0, -9999.0, -9999.0, -9999.0, -9999.0, -9999.0, -9999.0, -9999.0, -9999.0, -9999.0, -9999.0, -9999.0, -9999.0, -9999.0, -9999.0, -9999.0, -9999.0, -9999.0, -9999.0, -9999.0, -9999.0, -9999.0, -9999.0, -9999.0, -9999.0, -9999.0, -9999.0, -9999.0, -9999.0, -9999.0, -9999.0, -9999.0, -9999.0, -9999.0, -9999.0, -9999.0, -9999.0, -9999.0, -9999.0, -9999.0, -9999.0, -9999.0, -9999.0, -9999.0, -9999.0, -9999.0, -9999.0, -9999.0, -9999.0, -9999.0, -9999.0, -9999.0, -9999.0, -9999.0, -9999.0, -9999.0, -9999.0, -9999.0, -9999.0, -9999.0, -9999.0, -9999.0, -9999.0, -9999.0, -9999.0, -9999.0, -9999.0, -9999.0, -9999.0, -9999.0, -9999.0, -9999.0, -9999.0, -9999.0, -9999.0, -9999.0, -9999.0, -9999.0, -9999.0, -9999.0, -9999.0]",
floatingse.memload2.lc:qdyn,intermediate,Pa,"[705411.535622967, 705214.4403383441, 508536.3913908086, 360298.7387785523, 360104.4263639585, 314441.00893441844, -9999.0, -9999.0, -9999.0, -9999.0, -9999.0, -9999.0, -9999.0, -9999.0, -9999.0, -9999.0, -9999.0, -9999.0, -9999.0, -9999.0, -9999.0, -9999.0, -9999.0, -9999.0, -9999.0, -9999.0, -9999.0, -9999.0, -9999.0, -9999.0, -9999.0, -9999.0, -9999.0, -9999.0, -9999.0, -9999.0, -9999.0, -9999.0, -9999.0, -9999.0, -9999.0, -9999.0, -9999.0, -9999.0, -9999.0, -9999.0, -9999.0, -9999.0, -9999.0, -9999.0, -9999.0, -9999.0, -9999.0, -9999.0, -9999.0, -9999.0, -9999.0, -9999.0, -9999.0, -9999.0, -9999.0, -9999.0, -9999.0, -9999.0, -9999.0, -9999.0, -9999.0, -9999.0, -9999.0, -9999.0, -9999.0, -9999.0, -9999.0, -9999.0, -9999.0, -9999.0, -9999.0, -9999.0, -9999.0, -9999.0, -9999.0, -9999.0, -9999.0, -9999.0, -9999.0, -9999.0, -9999.0, -9999.0, -9999.0, -9999.0, -9999.0, -9999.0, -9999.0, -9999.0, -9999.0, -9999.0, -9999.0, -9999.0, -9999.0, -9999.0, -9999.0, -9999.0, -9999.0, -9999.0, -9999.0, -9999.0, -9999.0, -9999.0, -9999.0, -9999.0, -9999.0, -9999.0, -9999.0, -9999.0, -9999.0, -9999.0, -9999.0, -9999.0, -9999.0, -9999.0, -9999.0, -9999.0, -9999.0, -9999.0, -9999.0, -9999.0, -9999.0, -9999.0, -9999.0, -9999.0, -9999.0, -9999.0, -9999.0, -9999.0, -9999.0, -9999.0, -9999.0, -9999.0, -9999.0, -9999.0, -9999.0, -9999.0, -9999.0, -9999.0, -9999.0, -9999.0, -9999.0, -9999.0, -9999.0, -9999.0, -9999.0, -9999.0, -9999.0, -9999.0, -9999.0, -9999.0, -9999.0, -9999.0, -9999.0, -9999.0, -9999.0, -9999.0, -9999.0, -9999.0, -9999.0, -9999.0, -9999.0, -9999.0, -9999.0, -9999.0, -9999.0, -9999.0, -9999.0, -9999.0, -9999.0, -9999.0, -9999.0, -9999.0, -9999.0, -9999.0, -9999.0, -9999.0, -9999.0, -9999.0, -9999.0, -9999.0, -9999.0, -9999.0, -9999.0, -9999.0, -9999.0, -9999.0, -9999.0, -9999.0, -9999.0, -9999.0, -9999.0, -9999.0, -9999.0, -9999.0]",
floatingse.memload3.env.distLoads.windLoads_Px,intermediate,N/m,"[0.0, 0.0, 0.0]",
floatingse.memload3.env.distLoads.windLoads_Py,intermediate,N/m,"[0.0, 0.0, 0.0]",
floatingse.memload3.env.distLoads.windLoads_Pz,intermediate,N/m,"[0.0, 0.0, 0.0]",
floatingse.memload3.env.distLoads.windLoads_qdyn,intermediate,N/m**2,"[0.0, 0.0, 0.0]",
floatingse.memload3.env.distLoads.windLoads_z,intermediate,m,"[-70.0, -50.19225, -30.384500000000003]",
floatingse.memload3.env.distLoads.windLoads_beta,intermediate,deg,0.0,
floatingse.memload3.env.distLoads.waveLoads_Px,intermediate,N/m,"[64.76441425839386, 163.99056689851915, 353.2350523631749]",
floatingse.memload3.env.distLoads.waveLoads_Py,intermediate,N/m,"[0.0, 0.0, 0.0]",
floatingse.memload3.env.distLoads.waveLoads_Pz,intermediate,N/m,"[0.0, 0.0, 0.0]",
floatingse.memload3.env.distLoads.waveLoads_qdyn,intermediate,N/m**2,"[705411.535622967, 508536.3913908086, 314441.00893441844]",
floatingse.memload3.env.distLoads.waveLoads_z,intermediate,m,"[-70.0, -50.19225, -30.384500000000003]",
floatingse.memload3.env.distLoads.waveLoads_beta,intermediate,deg,0.0,
floatingse.memload3.z_global,intermediate,m,"[-70.0, -50.19225, -30.384500000000003]",
floatingse.memload3.env.waveLoads.U,intermediate,m/s,"[0.11257197694567823, 0.2498885740675337, 0.5547055423172194]",
floatingse.memload3.env.waveLoads.A,intermediate,m/s**2,"[0.07073105915452446, 0.15700962170131855, 0.3485317713298637]",
floatingse.memload3.env.waveLoads.p,intermediate,N/m**2,"[705405.0409923454, 508504.3886873408, 314283.3135870962]",
floatingse.memload3.outer_diameter_full,intermediate,m,"[1.0, 1.0, 1.0]",
floatingse.memload3.ca_usr,intermediate,,"[-1.0, -1.0, -1.0]",
floatingse.memload3.cd_usr,intermediate,,"[-1.0, -1.0, -1.0]",
floatingse.memload3.env.windLoads.U,intermediate,m/s,"[0.0, 0.0, 0.0]",
floatingse.member3:joint1,intermediate,m,"[-2.6000000000000023, -4.50333209967908, -70.0]",
floatingse.member3:joint2,intermediate,m,"[0.0, 0.0, -30.3845]",
floatingse.memload3.s_full,intermediate,m,"[0.0, 0.5, 1.0]",
floatingse.memload3.s_all,intermediate,,"[0.0, 0.0005005590862972902, 0.5, 0.8818680556338395, 0.8823686147201368, 1.0, -9999.0, -9999.0, -9999.0, -9999.0, -9999.0, -9999.0, -9999.0, -9999.0, -9999.0, -9999.0, -9999.0, -9999.0, -9999.0, -9999.0, -9999.0, -9999.0, -9999.0, -9999.0, -9999.0, -9999.0, -9999.0, -9999.0, -9999.0, -9999.0, -9999.0, -9999.0, -9999.0, -9999.0, -9999.0, -9999.0, -9999.0, -9999.0, -9999.0, -9999.0, -9999.0, -9999.0, -9999.0, -9999.0, -9999.0, -9999.0, -9999.0, -9999.0, -9999.0, -9999.0, -9999.0, -9999.0, -9999.0, -9999.0, -9999.0, -9999.0, -9999.0, -9999.0, -9999.0, -9999.0, -9999.0, -9999.0, -9999.0, -9999.0, -9999.0, -9999.0, -9999.0, -9999.0, -9999.0, -9999.0, -9999.0, -9999.0, -9999.0, -9999.0, -9999.0, -9999.0, -9999.0, -9999.0, -9999.0, -9999.0, -9999.0, -9999.0, -9999.0, -9999.0, -9999.0, -9999.0, -9999.0, -9999.0, -9999.0, -9999.0, -9999.0, -9999.0, -9999.0, -9999.0, -9999.0, -9999.0, -9999.0, -9999.0, -9999.0, -9999.0, -9999.0, -9999.0, -9999.0, -9999.0, -9999.0, -9999.0, -9999.0, -9999.0, -9999.0, -9999.0, -9999.0, -9999.0, -9999.0, -9999.0, -9999.0, -9999.0, -9999.0, -9999.0, -9999.0, -9999.0, -9999.0, -9999.0, -9999.0, -9999.0, -9999.0, -9999.0, -9999.0, -9999.0, -9999.0, -9999.0, -9999.0, -9999.0, -9999.0, -9999.0, -9999.0, -9999.0, -9999.0, -9999.0, -9999.0, -9999.0, -9999.0, -9999.0, -9999.0, -9999.0, -9999.0, -9999.0, -9999.0, -9999.0, -9999.0, -9999.0, -9999.0, -9999.0, -9999.0, -9999.0, -9999.0, -9999.0, -9999.0, -9999.0, -9999.0, -9999.0, -9999.0, -9999.0, -9999.0, -9999.0, -9999.0, -9999.0, -9999.0, -9999.0, -9999.0, -9999.0, -9999.0, -9999.0, -9999.0, -9999.0, -9999.0, -9999.0, -9999.0, -9999.0, -9999.0, -9999.0, -9999.0, -9999.0, -9999.0, -9999.0, -9999.0, -9999.0, -9999.0, -9999.0, -9999.0, -9999.0, -9999.0, -9999.0, -9999.0, -9999.0, -9999.0, -9999.0, -9999.0, -9999.0, -9999.0, -9999.0]",
floatingse.memload3.g2e.Px_global,intermediate,N/m,"[64.76441425839386, 163.99056689851915, 353.2350523631749]",
floatingse.memload3.g2e.Py_global,intermediate,N/m,"[0.0, 0.0, 0.0]",
floatingse.memload3.g2e.Pz_global,intermediate,N/m,"[0.0, 0.0, 0.0]",
floatingse.memload3.g2e.qdyn_global,intermediate,Pa,"[705411.535622967, 508536.3913908086, 314441.00893441844]",
floatingse.memload3.lc:Px,intermediate,N/m,"[4.2143940833489, 4.220858215090023, 10.671305882652643, 20.07644578763272, 20.088774203607507, 22.985951957681177, -9999.0, -9999.0, -9999.0, -9999.0, -9999.0, -9999.0, -9999.0, -9999.0, -9999.0, -9999.0, -9999.0, -9999.0, -9999.0, -9999.0, -9999.0, -9999.0, -9999.0, -9999.0, -9999.0, -9999.0, -9999.0, -9999.0, -9999.0, -9999.0, -9999.0, -9999.0, -9999.0, -9999.0, -9999.0, -9999.0, -9999.0, -9999.0, -9999.0, -9999.0, -9999.0, -9999.0, -9999.0, -9999.0, -9999.0, -9999.0, -9999.0, -9999.0, -9999.0, -9999.0, -9999.0, -9999.0, -9999.0, -9999.0, -9999.0, -9999.0, -9999.0, -9999.0, -9999.0, -9999.0, -9999.0, -9999.0, -9999.0, -9999.0, -9999.0, -9999.0, -9999.0, -9999.0, -9999.0, -9999.0, -9999.0, -9999.0, -9999.0, -9999.0, -9999.0, -9999.0, -9999.0, -9999.0, -9999.0, -9999.0, -9999.0, -9999.0, -9999.0, -9999.0, -9999.0, -9999.0, -9999.0, -9999.0, -9999.0, -9999.0, -9999.0, -9999.0, -9999.0, -9999.0, -9999.0, -9999.0, -9999.0, -9999.0, -9999.0, -9999.0, -9999.0, -9999.0, -9999.0, -9999.0, -9999.0, -9999.0, -9999.0, -9999.0, -9999.0, -9999.0, -9999.0, -9999.0, -9999.0, -9999.0, -9999.0, -9999.0, -9999.0, -9999.0, -9999.0, -9999.0, -9999.0, -9999.0, -9999.0, -9999.0, -9999.0, -9999.0, -9999.0, -9999.0, -9999.0, -9999.0, -9999.0, -9999.0, -9999.0, -9999.0, -9999.0, -9999.0, -9999.0, -9999.0, -9999.0, -9999.0, -9999.0, -9999.0, -9999.0, -9999.0, -9999.0, -9999.0, -9999.0, -9999.0, -9999.0, -9999.0, -9999.0, -9999.0, -9999.0, -9999.0, -9999.0, -9999.0, -9999.0, -9999.0, -9999.0, -9999.0, -9999.0, -9999.0, -9999.0, -9999.0, -9999.0, -9999.0, -9999.0, -9999.0, -9999.0, -9999.0, -9999.0, -9999.0, -9999.0, -9999.0, -9999.0, -9999.0, -9999.0, -9999.0, -9999.0, -9999.0, -9999.0, -9999.0, -9999.0, -9999.0, -9999.0, -9999.0, -9999.0, -9999.0, -9999.0, -9999.0, -9999.0, -9999.0, -9999.0, -9999.0, -9999.0, -9999.0, -9999.0, -9999.0, -9999.0, -9999.0]",
floatingse.memload3.lc:Py,intermediate,N/m,"[-7.2995446754779705, -7.310740880080415, -18.483243971863047, -34.77342413958209, -34.79477758242726, -39.81283665104116, -9999.0, -9999.0, -9999.0, -9999.0, -9999.0, -9999.0, -9999.0, -9999.0, -9999.0, -9999.0, -9999.0, -9999.0, -9999.0, -9999.0, -9999.0, -9999.0, -9999.0, -9999.0, -9999.0, -9999.0, -9999.0, -9999.0, -9999.0, -9999.0, -9999.0, -9999.0, -9999.0, -9999.0, -9999.0, -9999.0, -9999.0, -9999.0, -9999.0, -9999.0, -9999.0, -9999.0, -9999.0, -9999.0, -9999.0, -9999.0, -9999.0, -9999.0, -9999.0, -9999.0, -9999.0, -9999.0, -9999.0, -9999.0, -9999.0, -9999.0, -9999.0, -9999.0, -9999.0, -9999.0, -9999.0, -9999.0, -9999.0, -9999.0, -9999.0, -9999.0, -9999.0, -9999.0, -9999.0, -9999.0, -9999.0, -9999.0, -9999.0, -9999.0, -9999.0, -9999.0, -9999.0, -9999.0, -9999.0, -9999.0, -9999.0, -9999.0, -9999.0, -9999.0, -9999.0, -9999.0, -9999.0, -9999.0, -9999.0, -9999.0, -9999.0, -9999.0, -9999.0, -9999.0, -9999.0, -9999.0, -9999.0, -9999.0, -9999.0, -9999.0, -9999.0, -9999.0, -9999.0, -9999.0, -9999.0, -9999.0, -9999.0, -9999.0, -9999.0, -9999.0, -9999.0, -9999.0, -9999.0, -9999.0, -9999.0, -9999.0, -9999.0, -9999.0, -9999.0, -9999.0, -9999.0, -9999.0, -9999.0, -9999.0, -9999.0, -9999.0, -9999.0, -9999.0, -9999.0, -9999.0, -9999.0, -9999.0, -9999.0, -9999.0, -9999.0, -9999.0, -9999.0, -9999.0, -9999.0, -9999.0, -9999.0, -9999.0, -9999.0, -9999.0, -9999.0, -9999.0, -9999.0, -9999.0, -9999.0, -9999.0, -9999.0, -9999.0, -9999.0, -9999.0, -9999.0, -9999.0, -9999.0, -9999.0, -9999.0, -9999.0, -9999.0, -9999.0, -9999.0, -9999.0, -9999.0, -9999.0, -9999.0, -9999.0, -9999.0, -9999.0, -9999.0, -9999.0, -9999.0, -9999.0, -9999.0, -9999.0, -9999.0, -9999.0, -9999.0, -9999.0, -9999.0, -9999.0, -9999.0, -9999.0, -9999.0, -9999.0, -9999.0, -9999.0, -9999.0, -9999.0, -9999.0, -9999.0, -9999.0, -9999.0, -9999.0, -9999.0, -9999.0, -9999.0, -9999.0, -9999.0]",
floatingse.memload3.lc:Pz,intermediate,N/m,"[-64.21358800342638, -64.31208023842272, -162.59581469008708, -305.8993992692174, -306.08724402423627, -350.23076145366156, -9999.0, -9999.0, -9999.0, -9999.0, -9999.0, -9999.0, -9999.0, -9999.0, -9999.0, -9999.0, -9999.0, -9999.0, -9999.0, -9999.0, -9999.0, -9999.0, -9999.0, -9999.0, -9999.0, -9999.0, -9999.0, -9999.0, -9999.0, -9999.0, -9999.0, -9999.0, -9999.0, -9999.0, -9999.0, -9999.0, -9999.0, -9999.0, -9999.0, -9999.0, -9999.0, -9999.0, -9999.0, -9999.0, -9999.0, -9999.0, -9999.0, -9999.0, -9999.0, -9999.0, -9999.0, -9999.0, -9999.0, -9999.0, -9999.0, -9999.0, -9999.0, -9999.0, -9999.0, -9999.0, -9999.0, -9999.0, -9999.0, -9999.0, -9999.0, -9999.0, -9999.0, -9999.0, -9999.0, -9999.0, -9999.0, -9999.0, -9999.0, -9999.0, -9999.0, -9999.0, -9999.0, -9999.0, -9999.0, -9999.0, -9999.0, -9999.0, -9999.0, -9999.0, -9999.0, -9999.0, -9999.0, -9999.0, -9999.0, -9999.0, -9999.0, -9999.0, -9999.0, -9999.0, -9999.0, -9999.0, -9999.0, -9999.0, -9999.0, -9999.0, -9999.0, -9999.0, -9999.0, -9999.0, -9999.0, -9999.0, -9999.0, -9999.0, -9999.0, -9999.0, -9999.0, -9999.0, -9999.0, -9999.0, -9999.0, -9999.0, -9999.0, -9999.0, -9999.0, -9999.0, -9999.0, -9999.0, -9999.0, -9999.0, -9999.0, -9999.0, -9999.0, -9999.0, -9999.0, -9999.0, -9999.0, -9999.0, -9999.0, -9999.0, -9999.0, -9999.0, -9999.0, -9999.0, -9999.0, -9999.0, -9999.0, -9999.0, -9999.0, -9999.0, -9999.0, -9999.0, -9999.0, -9999.0, -9999.0, -9999.0, -9999.0, -9999.0, -9999.0, -9999.0, -9999.0, -9999.0, -9999.0, -9999.0, -9999.0, -9999.0, -9999.0, -9999.0, -9999.0, -9999.0, -9999.0, -9999.0, -9999.0, -9999.0, -9999.0, -9999.0, -9999.0, -9999.0, -9999.0, -9999.0, -9999.0, -9999.0, -9999.0, -9999.0, -9999.0, -9999.0, -9999.0, -9999.0, -9999.0, -9999.0, -9999.0, -9999.0, -9999.0, -9999.0, -9999.0, -9999.0, -9999.0, -9999.0, -9999.0, -9999.0, -9999.0, -9999.0, -9999.0, -9999.0, -9999.0, -9999.0]",
floatingse.memload3.lc:qdyn,intermediate,Pa,"[705411.535622967, 705214.4403383441, 508536.3913908086, 360298.7387785523, 360104.4263639585, 314441.00893441844, -9999.0, -9999.0, -9999.0, -9999.0, -9999.0, -9999.0, -9999.0, -9999.0, -9999.0, -9999.0, -9999.0, -9999.0, -9999.0, -9999.0, -9999.0, -9999.0, -9999.0, -9999.0, -9999.0, -9999.0, -9999.0, -9999.0, -9999.0, -9999.0, -9999.0, -9999.0, -9999.0, -9999.0, -9999.0, -9999.0, -9999.0, -9999.0, -9999.0, -9999.0, -9999.0, -9999.0, -9999.0, -9999.0, -9999.0, -9999.0, -9999.0, -9999.0, -9999.0, -9999.0, -9999.0, -9999.0, -9999.0, -9999.0, -9999.0, -9999.0, -9999.0, -9999.0, -9999.0, -9999.0, -9999.0, -9999.0, -9999.0, -9999.0, -9999.0, -9999.0, -9999.0, -9999.0, -9999.0, -9999.0, -9999.0, -9999.0, -9999.0, -9999.0, -9999.0, -9999.0, -9999.0, -9999.0, -9999.0, -9999.0, -9999.0, -9999.0, -9999.0, -9999.0, -9999.0, -9999.0, -9999.0, -9999.0, -9999.0, -9999.0, -9999.0, -9999.0, -9999.0, -9999.0, -9999.0, -9999.0, -9999.0, -9999.0, -9999.0, -9999.0, -9999.0, -9999.0, -9999.0, -9999.0, -9999.0, -9999.0, -9999.0, -9999.0, -9999.0, -9999.0, -9999.0, -9999.0, -9999.0, -9999.0, -9999.0, -9999.0, -9999.0, -9999.0, -9999.0, -9999.0, -9999.0, -9999.0, -9999.0, -9999.0, -9999.0, -9999.0, -9999.0, -9999.0, -9999.0, -9999.0, -9999.0, -9999.0, -9999.0, -9999.0, -9999.0, -9999.0, -9999.0, -9999.0, -9999.0, -9999.0, -9999.0, -9999.0, -9999.0, -9999.0, -9999.0, -9999.0, -9999.0, -9999.0, -9999.0, -9999.0, -9999.0, -9999.0, -9999.0, -9999.0, -9999.0, -9999.0, -9999.0, -9999.0, -9999.0, -9999.0, -9999.0, -9999.0, -9999.0, -9999.0, -9999.0, -9999.0, -9999.0, -9999.0, -9999.0, -9999.0, -9999.0, -9999.0, -9999.0, -9999.0, -9999.0, -9999.0, -9999.0, -9999.0, -9999.0, -9999.0, -9999.0, -9999.0, -9999.0, -9999.0, -9999.0, -9999.0, -9999.0, -9999.0, -9999.0, -9999.0, -9999.0, -9999.0, -9999.0, -9999.0, -9999.0, -9999.0, -9999.0, -9999.0, -9999.0, -9999.0]",
floatingse.platform_elem_D,output,m,"[9.4, 9.4, 9.4, 9.4, 9.4, 9.4, 9.4, 9.4, 9.4, 9.4, 9.4, 9.4, 9.4, 8.674999999999999, 7.224999999999999, 6.5, 6.5, 6.5, 1.0, 1.0, 1.0, 1.0, 0.01, 1.0, 1.0, 1.0, 1.0, 0.01, 1.0, 1.0, 1.0, 1.0, 0.01, -9999.0, -9999.0, -9999.0, -9999.0, -9999.0, -9999.0, -9999.0, -9999.0, -9999.0, -9999.0, -9999.0, -9999.0, -9999.0, -9999.0, -9999.0, -9999.0, -9999.0, -9999.0, -9999.0, -9999.0, -9999.0, -9999.0, -9999.0, -9999.0, -9999.0, -9999.0, -9999.0, -9999.0, -9999.0, -9999.0, -9999.0, -9999.0, -9999.0, -9999.0, -9999.0, -9999.0, -9999.0, -9999.0, -9999.0, -9999.0, -9999.0, -9999.0, -9999.0, -9999.0, -9999.0, -9999.0, -9999.0, -9999.0, -9999.0, -9999.0, -9999.0, -9999.0, -9999.0, -9999.0, -9999.0, -9999.0, -9999.0, -9999.0, -9999.0, -9999.0, -9999.0, -9999.0, -9999.0, -9999.0, -9999.0, -9999.0, -9999.0, -9999.0, -9999.0, -9999.0, -9999.0, -9999.0, -9999.0, -9999.0, -9999.0, -9999.0, -9999.0, -9999.0, -9999.0, -9999.0, -9999.0, -9999.0, -9999.0, -9999.0, -9999.0, -9999.0, -9999.0, -9999.0, -9999.0, -9999.0, -9999.0, -9999.0, -9999.0, -9999.0, -9999.0, -9999.0, -9999.0, -9999.0, -9999.0, -9999.0, -9999.0, -9999.0, -9999.0, -9999.0, -9999.0, -9999.0, -9999.0, -9999.0, -9999.0, -9999.0, -9999.0, -9999.0, -9999.0, -9999.0, -9999.0, -9999.0, -9999.0, -9999.0, -9999.0, -9999.0, -9999.0, -9999.0, -9999.0, -9999.0, -9999.0, -9999.0, -9999.0, -9999.0, -9999.0, -9999.0, -9999.0, -9999.0, -9999.0, -9999.0, -9999.0, -9999.0, -9999.0, -9999.0, -9999.0, -9999.0, -9999.0, -9999.0, -9999.0, -9999.0, -9999.0, -9999.0, -9999.0, -9999.0, -9999.0, -9999.0, -9999.0, -9999.0, -9999.0, -9999.0, -9999.0, -9999.0, -9999.0, -9999.0, -9999.0, -9999.0, -9999.0, -9999.0, -9999.0, -9999.0, -9999.0, -9999.0, -9999.0, -9999.0, -9999.0, -9999.0, -9999.0, -9999.0, -9999.0, -9999.0, -9999.0, -9999.0, -9999.0, -9999.0, -9999.0, -9999.0, -9999.0, -9999.0, -9999.0, -9999.0, -9999.0, -9999.0, -9999.0, -9999.0, -9999.0, -9999.0, -9999.0, -9999.0, -9999.0, -9999.0, -9999.0, -9999.0, -9999.0, -9999.0, -9999.0, -9999.0, -9999.0, -9999.0, -9999.0, -9999.0, -9999.0, -9999.0, -9999.0, -9999.0, -9999.0, -9999.0, -9999.0, -9999.0, -9999.0, -9999.0, -9999.0, -9999.0, -9999.0, -9999.0, -9999.0, -9999.0, -9999.0, -9999.0, -9999.0, -9999.0, -9999.0, -9999.0, -9999.0, -9999.0, -9999.0, -9999.0, -9999.0, -9999.0, -9999.0, -9999.0, -9999.0, -9999.0, -9999.0, -9999.0, -9999.0, -9999.0, -9999.0, -9999.0, -9999.0, -9999.0, -9999.0, -9999.0, -9999.0, -9999.0, -9999.0, -9999.0, -9999.0, -9999.0, -9999.0, -9999.0, -9999.0, -9999.0, -9999.0, -9999.0, -9999.0, -9999.0, -9999.0, -9999.0, -9999.0, -9999.0, -9999.0, -9999.0, -9999.0, -9999.0, -9999.0, -9999.0, -9999.0, -9999.0, -9999.0, -9999.0, -9999.0, -9999.0, -9999.0, -9999.0, -9999.0, -9999.0, -9999.0, -9999.0, -9999.0, -9999.0, -9999.0, -9999.0, -9999.0, -9999.0, -9999.0, -9999.0, -9999.0, -9999.0, -9999.0, -9999.0, -9999.0, -9999.0, -9999.0, -9999.0, -9999.0, -9999.0, -9999.0, -9999.0, -9999.0, -9999.0, -9999.0, -9999.0, -9999.0, -9999.0, -9999.0, -9999.0, -9999.0, -9999.0, -9999.0, -9999.0, -9999.0, -9999.0, -9999.0, -9999.0, -9999.0, -9999.0, -9999.0, -9999.0, -9999.0, -9999.0, -9999.0, -9999.0, -9999.0, -9999.0, -9999.0, -9999.0, -9999.0, -9999.0, -9999.0, -9999.0, -9999.0, -9999.0, -9999.0, -9999.0, -9999.0, -9999.0, -9999.0, -9999.0, -9999.0, -9999.0, -9999.0, -9999.0, -9999.0, -9999.0, -9999.0, -9999.0, -9999.0, -9999.0, -9999.0, -9999.0, -9999.0, -9999.0, -9999.0, -9999.0, -9999.0, -9999.0, -9999.0, -9999.0, -9999.0, -9999.0, -9999.0, -9999.0, -9999.0, -9999.0, -9999.0, -9999.0, -9999.0, -9999.0, -9999.0, -9999.0, -9999.0, -9999.0, -9999.0, -9999.0, -9999.0, -9999.0, -9999.0, -9999.0, -9999.0, -9999.0, -9999.0, -9999.0, -9999.0, -9999.0, -9999.0, -9999.0, -9999.0, -9999.0, -9999.0, -9999.0, -9999.0, -9999.0, -9999.0, -9999.0, -9999.0, -9999.0, -9999.0, -9999.0, -9999.0, -9999.0, -9999.0, -9999.0, -9999.0, -9999.0, -9999.0, -9999.0, -9999.0, -9999.0, -9999.0, -9999.0, -9999.0, -9999.0, -9999.0, -9999.0, -9999.0, -9999.0, -9999.0, -9999.0, -9999.0, -9999.0, -9999.0, -9999.0, -9999.0, -9999.0, -9999.0, -9999.0, -9999.0, -9999.0, -9999.0, -9999.0, -9999.0, -9999.0, -9999.0, -9999.0, -9999.0, -9999.0, -9999.0, -9999.0, -9999.0, -9999.0, -9999.0, -9999.0, -9999.0, -9999.0, -9999.0, -9999.0, -9999.0, -9999.0, -9999.0, -9999.0, -9999.0, -9999.0, -9999.0, -9999.0, -9999.0, -9999.0, -9999.0, -9999.0, -9999.0, -9999.0, -9999.0, -9999.0, -9999.0]",
floatingse.platform_elem_a,output,m,"[0.0, 0.0, 0.0, 0.0, 0.0, 0.0, 0.0, 0.0, 0.0, 0.0, 0.0, 0.0, 0.0, 0.0, 0.0, 0.0, 0.0, 0.0, 0.0, 0.0, 0.0, 0.0, 0.0, 0.0, 0.0, 0.0, 0.0, 0.0, 0.0, 0.0, 0.0, 0.0, 0.0, -9999.0, -9999.0, -9999.0, -9999.0, -9999.0, -9999.0, -9999.0, -9999.0, -9999.0, -9999.0, -9999.0, -9999.0, -9999.0, -9999.0, -9999.0, -9999.0, -9999.0, -9999.0, -9999.0, -9999.0, -9999.0, -9999.0, -9999.0, -9999.0, -9999.0, -9999.0, -9999.0, -9999.0, -9999.0, -9999.0, -9999.0, -9999.0, -9999.0, -9999.0, -9999.0, -9999.0, -9999.0, -9999.0, -9999.0, -9999.0, -9999.0, -9999.0, -9999.0, -9999.0, -9999.0, -9999.0, -9999.0, -9999.0, -9999.0, -9999.0, -9999.0, -9999.0, -9999.0, -9999.0, -9999.0, -9999.0, -9999.0, -9999.0, -9999.0, -9999.0, -9999.0, -9999.0, -9999.0, -9999.0, -9999.0, -9999.0, -9999.0, -9999.0, -9999.0, -9999.0, -9999.0, -9999.0, -9999.0, -9999.0, -9999.0, -9999.0, -9999.0, -9999.0, -9999.0, -9999.0, -9999.0, -9999.0, -9999.0, -9999.0, -9999.0, -9999.0, -9999.0, -9999.0, -9999.0, -9999.0, -9999.0, -9999.0, -9999.0, -9999.0, -9999.0, -9999.0, -9999.0, -9999.0, -9999.0, -9999.0, -9999.0, -9999.0, -9999.0, -9999.0, -9999.0, -9999.0, -9999.0, -9999.0, -9999.0, -9999.0, -9999.0, -9999.0, -9999.0, -9999.0, -9999.0, -9999.0, -9999.0, -9999.0, -9999.0, -9999.0, -9999.0, -9999.0, -9999.0, -9999.0, -9999.0, -9999.0, -9999.0, -9999.0, -9999.0, -9999.0, -9999.0, -9999.0, -9999.0, -9999.0, -9999.0, -9999.0, -9999.0, -9999.0, -9999.0, -9999.0, -9999.0, -9999.0, -9999.0, -9999.0, -9999.0, -9999.0, -9999.0, -9999.0, -9999.0, -9999.0, -9999.0, -9999.0, -9999.0, -9999.0, -9999.0, -9999.0, -9999.0, -9999.0, -9999.0, -9999.0, -9999.0, -9999.0, -9999.0, -9999.0, -9999.0, -9999.0, -9999.0, -9999.0, -9999.0, -9999.0, -9999.0, -9999.0, -9999.0, -9999.0, -9999.0, -9999.0, -9999.0, -9999.0, -9999.0, -9999.0, -9999.0, -9999.0, -9999.0, -9999.0, -9999.0, -9999.0, -9999.0, -9999.0, -9999.0, -9999.0, -9999.0, -9999.0, -9999.0, -9999.0, -9999.0, -9999.0, -9999.0, -9999.0, -9999.0, -9999.0, -9999.0, -9999.0, -9999.0, -9999.0, -9999.0, -9999.0, -9999.0, -9999.0, -9999.0, -9999.0, -9999.0, -9999.0, -9999.0, -9999.0, -9999.0, -9999.0, -9999.0, -9999.0, -9999.0, -9999.0, -9999.0, -9999.0, -9999.0, -9999.0, -9999.0, -9999.0, -9999.0, -9999.0, -9999.0, -9999.0, -9999.0, -9999.0, -9999.0, -9999.0, -9999.0, -9999.0, -9999.0, -9999.0, -9999.0, -9999.0, -9999.0, -9999.0, -9999.0, -9999.0, -9999.0, -9999.0, -9999.0, -9999.0, -9999.0, -9999.0, -9999.0, -9999.0, -9999.0, -9999.0, -9999.0, -9999.0, -9999.0, -9999.0, -9999.0, -9999.0, -9999.0, -9999.0, -9999.0, -9999.0, -9999.0, -9999.0, -9999.0, -9999.0, -9999.0, -9999.0, -9999.0, -9999.0, -9999.0, -9999.0, -9999.0, -9999.0, -9999.0, -9999.0, -9999.0, -9999.0, -9999.0, -9999.0, -9999.0, -9999.0, -9999.0, -9999.0, -9999.0, -9999.0, -9999.0, -9999.0, -9999.0, -9999.0, -9999.0, -9999.0, -9999.0, -9999.0, -9999.0, -9999.0, -9999.0, -9999.0, -9999.0, -9999.0, -9999.0, -9999.0, -9999.0, -9999.0, -9999.0, -9999.0, -9999.0, -9999.0, -9999.0, -9999.0, -9999.0, -9999.0, -9999.0, -9999.0, -9999.0, -9999.0, -9999.0, -9999.0, -9999.0, -9999.0, -9999.0, -9999.0, -9999.0, -9999.0, -9999.0, -9999.0, -9999.0, -9999.0, -9999.0, -9999.0, -9999.0, -9999.0, -9999.0, -9999.0, -9999.0, -9999.0, -9999.0, -9999.0, -9999.0, -9999.0, -9999.0, -9999.0, -9999.0, -9999.0, -9999.0, -9999.0, -9999.0, -9999.0, -9999.0, -9999.0, -9999.0, -9999.0, -9999.0, -9999.0, -9999.0, -9999.0, -9999.0, -9999.0, -9999.0, -9999.0, -9999.0, -9999.0, -9999.0, -9999.0, -9999.0, -9999.0, -9999.0, -9999.0, -9999.0, -9999.0, -9999.0, -9999.0, -9999.0, -9999.0, -9999.0, -9999.0, -9999.0, -9999.0, -9999.0, -9999.0, -9999.0, -9999.0, -9999.0, -9999.0, -9999.0, -9999.0, -9999.0, -9999.0, -9999.0, -9999.0, -9999.0, -9999.0, -9999.0, -9999.0, -9999.0, -9999.0, -9999.0, -9999.0, -9999.0, -9999.0, -9999.0, -9999.0, -9999.0, -9999.0, -9999.0, -9999.0, -9999.0, -9999.0, -9999.0, -9999.0, -9999.0, -9999.0, -9999.0, -9999.0, -9999.0, -9999.0, -9999.0, -9999.0, -9999.0, -9999.0, -9999.0, -9999.0, -9999.0, -9999.0, -9999.0, -9999.0, -9999.0, -9999.0, -9999.0, -9999.0, -9999.0, -9999.0, -9999.0, -9999.0, -9999.0, -9999.0, -9999.0, -9999.0, -9999.0, -9999.0, -9999.0, -9999.0, -9999.0, -9999.0, -9999.0, -9999.0, -9999.0, -9999.0, -9999.0, -9999.0, -9999.0, -9999.0, -9999.0, -9999.0, -9999.0, -9999.0, -9999.0, -9999.0, -9999.0, -9999.0, -9999.0, -9999.0, -9999.0, -9999.0, -9999.0]",
floatingse.platform_elem_b,output,m,"[0.0, 0.0, 0.0, 0.0, 0.0, 0.0, 0.0, 0.0, 0.0, 0.0, 0.0, 0.0, 0.0, 0.0, 0.0, 0.0, 0.0, 0.0, 0.0, 0.0, 0.0, 0.0, 0.0, 0.0, 0.0, 0.0, 0.0, 0.0, 0.0, 0.0, 0.0, 0.0, 0.0, -9999.0, -9999.0, -9999.0, -9999.0, -9999.0, -9999.0, -9999.0, -9999.0, -9999.0, -9999.0, -9999.0, -9999.0, -9999.0, -9999.0, -9999.0, -9999.0, -9999.0, -9999.0, -9999.0, -9999.0, -9999.0, -9999.0, -9999.0, -9999.0, -9999.0, -9999.0, -9999.0, -9999.0, -9999.0, -9999.0, -9999.0, -9999.0, -9999.0, -9999.0, -9999.0, -9999.0, -9999.0, -9999.0, -9999.0, -9999.0, -9999.0, -9999.0, -9999.0, -9999.0, -9999.0, -9999.0, -9999.0, -9999.0, -9999.0, -9999.0, -9999.0, -9999.0, -9999.0, -9999.0, -9999.0, -9999.0, -9999.0, -9999.0, -9999.0, -9999.0, -9999.0, -9999.0, -9999.0, -9999.0, -9999.0, -9999.0, -9999.0, -9999.0, -9999.0, -9999.0, -9999.0, -9999.0, -9999.0, -9999.0, -9999.0, -9999.0, -9999.0, -9999.0, -9999.0, -9999.0, -9999.0, -9999.0, -9999.0, -9999.0, -9999.0, -9999.0, -9999.0, -9999.0, -9999.0, -9999.0, -9999.0, -9999.0, -9999.0, -9999.0, -9999.0, -9999.0, -9999.0, -9999.0, -9999.0, -9999.0, -9999.0, -9999.0, -9999.0, -9999.0, -9999.0, -9999.0, -9999.0, -9999.0, -9999.0, -9999.0, -9999.0, -9999.0, -9999.0, -9999.0, -9999.0, -9999.0, -9999.0, -9999.0, -9999.0, -9999.0, -9999.0, -9999.0, -9999.0, -9999.0, -9999.0, -9999.0, -9999.0, -9999.0, -9999.0, -9999.0, -9999.0, -9999.0, -9999.0, -9999.0, -9999.0, -9999.0, -9999.0, -9999.0, -9999.0, -9999.0, -9999.0, -9999.0, -9999.0, -9999.0, -9999.0, -9999.0, -9999.0, -9999.0, -9999.0, -9999.0, -9999.0, -9999.0, -9999.0, -9999.0, -9999.0, -9999.0, -9999.0, -9999.0, -9999.0, -9999.0, -9999.0, -9999.0, -9999.0, -9999.0, -9999.0, -9999.0, -9999.0, -9999.0, -9999.0, -9999.0, -9999.0, -9999.0, -9999.0, -9999.0, -9999.0, -9999.0, -9999.0, -9999.0, -9999.0, -9999.0, -9999.0, -9999.0, -9999.0, -9999.0, -9999.0, -9999.0, -9999.0, -9999.0, -9999.0, -9999.0, -9999.0, -9999.0, -9999.0, -9999.0, -9999.0, -9999.0, -9999.0, -9999.0, -9999.0, -9999.0, -9999.0, -9999.0, -9999.0, -9999.0, -9999.0, -9999.0, -9999.0, -9999.0, -9999.0, -9999.0, -9999.0, -9999.0, -9999.0, -9999.0, -9999.0, -9999.0, -9999.0, -9999.0, -9999.0, -9999.0, -9999.0, -9999.0, -9999.0, -9999.0, -9999.0, -9999.0, -9999.0, -9999.0, -9999.0, -9999.0, -9999.0, -9999.0, -9999.0, -9999.0, -9999.0, -9999.0, -9999.0, -9999.0, -9999.0, -9999.0, -9999.0, -9999.0, -9999.0, -9999.0, -9999.0, -9999.0, -9999.0, -9999.0, -9999.0, -9999.0, -9999.0, -9999.0, -9999.0, -9999.0, -9999.0, -9999.0, -9999.0, -9999.0, -9999.0, -9999.0, -9999.0, -9999.0, -9999.0, -9999.0, -9999.0, -9999.0, -9999.0, -9999.0, -9999.0, -9999.0, -9999.0, -9999.0, -9999.0, -9999.0, -9999.0, -9999.0, -9999.0, -9999.0, -9999.0, -9999.0, -9999.0, -9999.0, -9999.0, -9999.0, -9999.0, -9999.0, -9999.0, -9999.0, -9999.0, -9999.0, -9999.0, -9999.0, -9999.0, -9999.0, -9999.0, -9999.0, -9999.0, -9999.0, -9999.0, -9999.0, -9999.0, -9999.0, -9999.0, -9999.0, -9999.0, -9999.0, -9999.0, -9999.0, -9999.0, -9999.0, -9999.0, -9999.0, -9999.0, -9999.0, -9999.0, -9999.0, -9999.0, -9999.0, -9999.0, -9999.0, -9999.0, -9999.0, -9999.0, -9999.0, -9999.0, -9999.0, -9999.0, -9999.0, -9999.0, -9999.0, -9999.0, -9999.0, -9999.0, -9999.0, -9999.0, -9999.0, -9999.0, -9999.0, -9999.0, -9999.0, -9999.0, -9999.0, -9999.0, -9999.0, -9999.0, -9999.0, -9999.0, -9999.0, -9999.0, -9999.0, -9999.0, -9999.0, -9999.0, -9999.0, -9999.0, -9999.0, -9999.0, -9999.0, -9999.0, -9999.0, -9999.0, -9999.0, -9999.0, -9999.0, -9999.0, -9999.0, -9999.0, -9999.0, -9999.0, -9999.0, -9999.0, -9999.0, -9999.0, -9999.0, -9999.0, -9999.0, -9999.0, -9999.0, -9999.0, -9999.0, -9999.0, -9999.0, -9999.0, -9999.0, -9999.0, -9999.0, -9999.0, -9999.0, -9999.0, -9999.0, -9999.0, -9999.0, -9999.0, -9999.0, -9999.0, -9999.0, -9999.0, -9999.0, -9999.0, -9999.0, -9999.0, -9999.0, -9999.0, -9999.0, -9999.0, -9999.0, -9999.0, -9999.0, -9999.0, -9999.0, -9999.0, -9999.0, -9999.0, -9999.0, -9999.0, -9999.0, -9999.0, -9999.0, -9999.0, -9999.0, -9999.0, -9999.0, -9999.0, -9999.0, -9999.0, -9999.0, -9999.0, -9999.0, -9999.0, -9999.0, -9999.0, -9999.0, -9999.0, -9999.0, -9999.0, -9999.0, -9999.0, -9999.0, -9999.0, -9999.0, -9999.0, -9999.0, -9999.0, -9999.0, -9999.0, -9999.0, -9999.0, -9999.0, -9999.0, -9999.0, -9999.0, -9999.0, -9999.0, -9999.0, -9999.0, -9999.0, -9999.0, -9999.0, -9999.0, -9999.0, -9999.0, -9999.0, -9999.0, -9999.0, -9999.0, -9999.0, -9999.0]",
floatingse.platform_elem_sigma_y,output,Pa,"[345000000.0, 345000000.0, 345000000.0, 345000000.0, 345000000.0, 345000000.0, 345000000.0, 345000000.0, 345000000.0, 345000000.0, 345000000.0, 345000000.0, 345000000.0, 345000000.0, 345000000.0, 345000000.0, 345000000.0, 345000000.0, 345000000.0, 345000000.0, 345000000.0, 345000000.0, 34500000000.0, 345000000.0, 345000000.0, 345000000.0, 345000000.0, 34500000000.0, 345000000.0, 345000000.0, 345000000.0, 345000000.0, 34500000000.0, -9999.0, -9999.0, -9999.0, -9999.0, -9999.0, -9999.0, -9999.0, -9999.0, -9999.0, -9999.0, -9999.0, -9999.0, -9999.0, -9999.0, -9999.0, -9999.0, -9999.0, -9999.0, -9999.0, -9999.0, -9999.0, -9999.0, -9999.0, -9999.0, -9999.0, -9999.0, -9999.0, -9999.0, -9999.0, -9999.0, -9999.0, -9999.0, -9999.0, -9999.0, -9999.0, -9999.0, -9999.0, -9999.0, -9999.0, -9999.0, -9999.0, -9999.0, -9999.0, -9999.0, -9999.0, -9999.0, -9999.0, -9999.0, -9999.0, -9999.0, -9999.0, -9999.0, -9999.0, -9999.0, -9999.0, -9999.0, -9999.0, -9999.0, -9999.0, -9999.0, -9999.0, -9999.0, -9999.0, -9999.0, -9999.0, -9999.0, -9999.0, -9999.0, -9999.0, -9999.0, -9999.0, -9999.0, -9999.0, -9999.0, -9999.0, -9999.0, -9999.0, -9999.0, -9999.0, -9999.0, -9999.0, -9999.0, -9999.0, -9999.0, -9999.0, -9999.0, -9999.0, -9999.0, -9999.0, -9999.0, -9999.0, -9999.0, -9999.0, -9999.0, -9999.0, -9999.0, -9999.0, -9999.0, -9999.0, -9999.0, -9999.0, -9999.0, -9999.0, -9999.0, -9999.0, -9999.0, -9999.0, -9999.0, -9999.0, -9999.0, -9999.0, -9999.0, -9999.0, -9999.0, -9999.0, -9999.0, -9999.0, -9999.0, -9999.0, -9999.0, -9999.0, -9999.0, -9999.0, -9999.0, -9999.0, -9999.0, -9999.0, -9999.0, -9999.0, -9999.0, -9999.0, -9999.0, -9999.0, -9999.0, -9999.0, -9999.0, -9999.0, -9999.0, -9999.0, -9999.0, -9999.0, -9999.0, -9999.0, -9999.0, -9999.0, -9999.0, -9999.0, -9999.0, -9999.0, -9999.0, -9999.0, -9999.0, -9999.0, -9999.0, -9999.0, -9999.0, -9999.0, -9999.0, -9999.0, -9999.0, -9999.0, -9999.0, -9999.0, -9999.0, -9999.0, -9999.0, -9999.0, -9999.0, -9999.0, -9999.0, -9999.0, -9999.0, -9999.0, -9999.0, -9999.0, -9999.0, -9999.0, -9999.0, -9999.0, -9999.0, -9999.0, -9999.0, -9999.0, -9999.0, -9999.0, -9999.0, -9999.0, -9999.0, -9999.0, -9999.0, -9999.0, -9999.0, -9999.0, -9999.0, -9999.0, -9999.0, -9999.0, -9999.0, -9999.0, -9999.0, -9999.0, -9999.0, -9999.0, -9999.0, -9999.0, -9999.0, -9999.0, -9999.0, -9999.0, -9999.0, -9999.0, -9999.0, -9999.0, -9999.0, -9999.0, -9999.0, -9999.0, -9999.0, -9999.0, -9999.0, -9999.0, -9999.0, -9999.0, -9999.0, -9999.0, -9999.0, -9999.0, -9999.0, -9999.0, -9999.0, -9999.0, -9999.0, -9999.0, -9999.0, -9999.0, -9999.0, -9999.0, -9999.0, -9999.0, -9999.0, -9999.0, -9999.0, -9999.0, -9999.0, -9999.0, -9999.0, -9999.0, -9999.0, -9999.0, -9999.0, -9999.0, -9999.0, -9999.0, -9999.0, -9999.0, -9999.0, -9999.0, -9999.0, -9999.0, -9999.0, -9999.0, -9999.0, -9999.0, -9999.0, -9999.0, -9999.0, -9999.0, -9999.0, -9999.0, -9999.0, -9999.0, -9999.0, -9999.0, -9999.0, -9999.0, -9999.0, -9999.0, -9999.0, -9999.0, -9999.0, -9999.0, -9999.0, -9999.0, -9999.0, -9999.0, -9999.0, -9999.0, -9999.0, -9999.0, -9999.0, -9999.0, -9999.0, -9999.0, -9999.0, -9999.0, -9999.0, -9999.0, -9999.0, -9999.0, -9999.0, -9999.0, -9999.0, -9999.0, -9999.0, -9999.0, -9999.0, -9999.0, -9999.0, -9999.0, -9999.0, -9999.0, -9999.0, -9999.0, -9999.0, -9999.0, -9999.0, -9999.0, -9999.0, -9999.0, -9999.0, -9999.0, -9999.0, -9999.0, -9999.0, -9999.0, -9999.0, -9999.0, -9999.0, -9999.0, -9999.0, -9999.0, -9999.0, -9999.0, -9999.0, -9999.0, -9999.0, -9999.0, -9999.0, -9999.0, -9999.0, -9999.0, -9999.0, -9999.0, -9999.0, -9999.0, -9999.0, -9999.0, -9999.0, -9999.0, -9999.0, -9999.0, -9999.0, -9999.0, -9999.0, -9999.0, -9999.0, -9999.0, -9999.0, -9999.0, -9999.0, -9999.0, -9999.0, -9999.0, -9999.0, -9999.0, -9999.0, -9999.0, -9999.0, -9999.0, -9999.0, -9999.0, -9999.0, -9999.0, -9999.0, -9999.0, -9999.0, -9999.0, -9999.0, -9999.0, -9999.0, -9999.0, -9999.0, -9999.0, -9999.0, -9999.0, -9999.0, -9999.0, -9999.0, -9999.0, -9999.0, -9999.0, -9999.0, -9999.0, -9999.0, -9999.0, -9999.0, -9999.0, -9999.0, -9999.0, -9999.0, -9999.0, -9999.0, -9999.0, -9999.0, -9999.0, -9999.0, -9999.0, -9999.0, -9999.0, -9999.0, -9999.0, -9999.0, -9999.0, -9999.0, -9999.0, -9999.0, -9999.0, -9999.0, -9999.0, -9999.0, -9999.0, -9999.0, -9999.0, -9999.0, -9999.0, -9999.0, -9999.0, -9999.0, -9999.0, -9999.0, -9999.0, -9999.0, -9999.0, -9999.0, -9999.0, -9999.0, -9999.0, -9999.0, -9999.0, -9999.0, -9999.0, -9999.0, -9999.0, -9999.0, -9999.0, -9999.0, -9999.0, -9999.0, -9999.0, -9999.0, -9999.0, -9999.0, -9999.0, -9999.0, -9999.0, -9999.0, -9999.0, -9999.0, -9999.0, -9999.0, -9999.0, -9999.0, -9999.0, -9999.0, -9999.0, -9999.0, -9999.0]",
floatingse.platform_elem_qdyn,output,Pa,"[[407668.95629022], [395570.295200923], [383716.05150736927], [372312.75790896214], [337797.4453203584], [313510.51303883304], [311649.8082814778], [298802.5419820009], [286644.73590918863], [272633.16534606647], [233340.79064258162], [207700.20077394467], [207463.0282310949], [203830.36315341596], [196690.8261122317], [186736.89001339598], [174338.94309248467], [168035.8257931822], [705312.9879806556], [606875.4158645764], [434417.56508468045], [360201.5825712554], [337272.7176491885], [705312.9879806556], [606875.4158645764], [434417.56508468045], [360201.5825712554], [337272.7176491885], [705312.9879806556], [606875.4158645764], [434417.56508468045], [360201.5825712554], [337272.7176491885], [-9999.0], [-9999.0], [-9999.0], [-9999.0], [-9999.0], [-9999.0], [-9999.0], [-9999.0], [-9999.0], [-9999.0], [-9999.0], [-9999.0], [-9999.0], [-9999.0], [-9999.0], [-9999.0], [-9999.0], [-9999.0], [-9999.0], [-9999.0], [-9999.0], [-9999.0], [-9999.0], [-9999.0], [-9999.0], [-9999.0], [-9999.0], [-9999.0], [-9999.0], [-9999.0], [-9999.0], [-9999.0], [-9999.0], [-9999.0], [-9999.0], [-9999.0], [-9999.0], [-9999.0], [-9999.0], [-9999.0], [-9999.0], [-9999.0], [-9999.0], [-9999.0], [-9999.0], [-9999.0], [-9999.0], [-9999.0], [-9999.0], [-9999.0], [-9999.0], [-9999.0], [-9999.0], [-9999.0], [-9999.0], [-9999.0], [-9999.0], [-9999.0], [-9999.0], [-9999.0], [-9999.0], [-9999.0], [-9999.0], [-9999.0], [-9999.0], [-9999.0], [-9999.0], [-9999.0], [-9999.0], [-9999.0], [-9999.0], [-9999.0], [-9999.0], [-9999.0], [-9999.0], [-9999.0], [-9999.0], [-9999.0], [-9999.0], [-9999.0], [-9999.0], [-9999.0], [-9999.0], [-9999.0], [-9999.0], [-9999.0], [-9999.0], [-9999.0], [-9999.0], [-9999.0], [-9999.0], [-9999.0], [-9999.0], [-9999.0], [-9999.0], [-9999.0], [-9999.0], [-9999.0], [-9999.0], [-9999.0], [-9999.0], [-9999.0], [-9999.0], [-9999.0], [-9999.0], [-9999.0], [-9999.0], [-9999.0], [-9999.0], [-9999.0], [-9999.0], [-9999.0], [-9999.0], [-9999.0], [-9999.0], [-9999.0], [-9999.0], [-9999.0], [-9999.0], [-9999.0], [-9999.0], [-9999.0], [-9999.0], [-9999.0], [-9999.0], [-9999.0], [-9999.0], [-9999.0], [-9999.0], [-9999.0], [-9999.0], [-9999.0], [-9999.0], [-9999.0], [-9999.0], [-9999.0], [-9999.0], [-9999.0], [-9999.0], [-9999.0], [-9999.0], [-9999.0], [-9999.0], [-9999.0], [-9999.0], [-9999.0], [-9999.0], [-9999.0], [-9999.0], [-9999.0], [-9999.0], [-9999.0], [-9999.0], [-9999.0], [-9999.0], [-9999.0], [-9999.0], [-9999.0], [-9999.0], [-9999.0], [-9999.0], [-9999.0], [-9999.0], [-9999.0], [-9999.0], [-9999.0], [-9999.0], [-9999.0], [-9999.0], [-9999.0], [-9999.0], [-9999.0], [-9999.0], [-9999.0], [-9999.0], [-9999.0], [-9999.0], [-9999.0], [-9999.0], [-9999.0], [-9999.0], [-9999.0], [-9999.0], [-9999.0], [-9999.0], [-9999.0], [-9999.0], [-9999.0], [-9999.0], [-9999.0], [-9999.0], [-9999.0], [-9999.0], [-9999.0], [-9999.0], [-9999.0], [-9999.0], [-9999.0], [-9999.0], [-9999.0], [-9999.0], [-9999.0], [-9999.0], [-9999.0], [-9999.0], [-9999.0], [-9999.0], [-9999.0], [-9999.0], [-9999.0], [-9999.0], [-9999.0], [-9999.0], [-9999.0], [-9999.0], [-9999.0], [-9999.0], [-9999.0], [-9999.0], [-9999.0], [-9999.0], [-9999.0], [-9999.0], [-9999.0], [-9999.0], [-9999.0], [-9999.0], [-9999.0], [-9999.0], [-9999.0], [-9999.0], [-9999.0], [-9999.0], [-9999.0], [-9999.0], [-9999.0], [-9999.0], [-9999.0], [-9999.0], [-9999.0], [-9999.0], [-9999.0], [-9999.0], [-9999.0], [-9999.0], [-9999.0], [-9999.0], [-9999.0], [-9999.0], [-9999.0], [-9999.0], [-9999.0], [-9999.0], [-9999.0], [-9999.0], [-9999.0], [-9999.0], [-9999.0], [-9999.0], [-9999.0], [-9999.0], [-9999.0], [-9999.0], [-9999.0], [-9999.0], [-9999.0], [-9999.0], [-9999.0], [-9999.0], [-9999.0], [-9999.0], [-9999.0], [-9999.0], [-9999.0], [-9999.0], [-9999.0], [-9999.0], [-9999.0], [-9999.0], [-9999.0], [-9999.0], [-9999.0], [-9999.0], [-9999.0], [-9999.0], [-9999.0], [-9999.0], [-9999.0], [-9999.0], [-9999.0], [-9999.0], [-9999.0], [-9999.0], [-9999.0], [-9999.0], [-9999.0], [-9999.0], [-9999.0], [-9999.0], [-9999.0], [-9999.0], [-9999.0], [-9999.0], [-9999.0], [-9999.0], [-9999.0], [-9999.0], [-9999.0], [-9999.0], [-9999.0], [-9999.0], [-9999.0], [-9999.0], [-9999.0], [-9999.0], [-9999.0], [-9999.0], [-9999.0], [-9999.0], [-9999.0], [-9999.0], [-9999.0], [-9999.0], [-9999.0], [-9999.0], [-9999.0], [-9999.0], [-9999.0], [-9999.0], [-9999.0], [-9999.0], [-9999.0], [-9999.0], [-9999.0], [-9999.0], [-9999.0], [-9999.0], [-9999.0], [-9999.0], [-9999.0], [-9999.0], [-9999.0], [-9999.0], [-9999.0], [-9999.0], [-9999.0], [-9999.0], [-9999.0], [-9999.0], [-9999.0], [-9999.0], [-9999.0], [-9999.0], [-9999.0], [-9999.0], [-9999.0], [-9999.0], [-9999.0], [-9999.0], [-9999.0], [-9999.0], [-9999.0], [-9999.0], [-9999.0], [-9999.0], [-9999.0], [-9999.0], [-9999.0], [-9999.0], [-9999.0], [-9999.0], [-9999.0], [-9999.0], [-9999.0], [-9999.0], [-9999.0], [-9999.0], [-9999.0], [-9999.0], [-9999.0], [-9999.0], [-9999.0], [-9999.0], [-9999.0], [-9999.0], [-9999.0], [-9999.0], [-9999.0], [-9999.0], [-9999.0], [-9999.0], [-9999.0], [-9999.0], [-9999.0], [-9999.0], [-9999.0], [-9999.0], [-9999.0], [-9999.0], [-9999.0], [-9999.0], [-9999.0], [-9999.0], [-9999.0], [-9999.0], [-9999.0], [-9999.0], [-9999.0], [-9999.0], [-9999.0], [-9999.0], [-9999.0], [-9999.0], [-9999.0], [-9999.0], [-9999.0], [-9999.0], [-9999.0], [-9999.0], [-9999.0], [-9999.0], [-9999.0], [-9999.0], [-9999.0], [-9999.0], [-9999.0], [-9999.0], [-9999.0], [-9999.0], [-9999.0], [-9999.0], [-9999.0], [-9999.0], [-9999.0], [-9999.0], [-9999.0], [-9999.0], [-9999.0], [-9999.0], [-9999.0], [-9999.0], [-9999.0], [-9999.0], [-9999.0], [-9999.0], [-9999.0], [-9999.0], [-9999.0], [-9999.0], [-9999.0], [-9999.0], [-9999.0], [-9999.0], [-9999.0], [-9999.0], [-9999.0], [-9999.0], [-9999.0], [-9999.0], [-9999.0], [-9999.0], [-9999.0], [-9999.0], [-9999.0], [-9999.0], [-9999.0], [-9999.0]]",
floatingse.platform_Fz,output,N,"[[972104.1013056412], [11878139.547011927], [12364191.597665515], [22846613.66658698], [28762047.285138164], [31104756.362593953], [31987571.231830653], [-11601432.242207982], [-11336022.610432213], [-10823606.339993332], [-9863273.74923087], [-9730568.933324551], [-9597864.117443027], [-9474974.895937365], [-9369383.54855327], [-9203233.04142955], [-9043253.39808015], [-8916345.785532497], [1191.4419800156568], [153483.04429153004], [481116.32846930483], [482308.3886491912], [482508.8289060001], [1191.1925026324939], [153041.4322180834], [479978.0452583028], [481168.8925595038], [481068.71262425825], [1191.1925021684763], [153041.4322180838], [479978.0452583036], [481168.8925595868], [481068.71262425784], [-9999.0], [-9999.0], [-9999.0], [-9999.0], [-9999.0], [-9999.0], [-9999.0], [-9999.0], [-9999.0], [-9999.0], [-9999.0], [-9999.0], [-9999.0], [-9999.0], [-9999.0], [-9999.0], [-9999.0], [-9999.0], [-9999.0], [-9999.0], [-9999.0], [-9999.0], [-9999.0], [-9999.0], [-9999.0], [-9999.0], [-9999.0], [-9999.0], [-9999.0], [-9999.0], [-9999.0], [-9999.0], [-9999.0], [-9999.0], [-9999.0], [-9999.0], [-9999.0], [-9999.0], [-9999.0], [-9999.0], [-9999.0], [-9999.0], [-9999.0], [-9999.0], [-9999.0], [-9999.0], [-9999.0], [-9999.0], [-9999.0], [-9999.0], [-9999.0], [-9999.0], [-9999.0], [-9999.0], [-9999.0], [-9999.0], [-9999.0], [-9999.0], [-9999.0], [-9999.0], [-9999.0], [-9999.0], [-9999.0], [-9999.0], [-9999.0], [-9999.0], [-9999.0], [-9999.0], [-9999.0], [-9999.0], [-9999.0], [-9999.0], [-9999.0], [-9999.0], [-9999.0], [-9999.0], [-9999.0], [-9999.0], [-9999.0], [-9999.0], [-9999.0], [-9999.0], [-9999.0], [-9999.0], [-9999.0], [-9999.0], [-9999.0], [-9999.0], [-9999.0], [-9999.0], [-9999.0], [-9999.0], [-9999.0], [-9999.0], [-9999.0], [-9999.0], [-9999.0], [-9999.0], [-9999.0], [-9999.0], [-9999.0], [-9999.0], [-9999.0], [-9999.0], [-9999.0], [-9999.0], [-9999.0], [-9999.0], [-9999.0], [-9999.0], [-9999.0], [-9999.0], [-9999.0], [-9999.0], [-9999.0], [-9999.0], [-9999.0], [-9999.0], [-9999.0], [-9999.0], [-9999.0], [-9999.0], [-9999.0], [-9999.0], [-9999.0], [-9999.0], [-9999.0], [-9999.0], [-9999.0], [-9999.0], [-9999.0], [-9999.0], [-9999.0], [-9999.0], [-9999.0], [-9999.0], [-9999.0], [-9999.0], [-9999.0], [-9999.0], [-9999.0], [-9999.0], [-9999.0], [-9999.0], [-9999.0], [-9999.0], [-9999.0], [-9999.0], [-9999.0], [-9999.0], [-9999.0], [-9999.0], [-9999.0], [-9999.0], [-9999.0], [-9999.0], [-9999.0], [-9999.0], [-9999.0], [-9999.0], [-9999.0], [-9999.0], [-9999.0], [-9999.0], [-9999.0], [-9999.0], [-9999.0], [-9999.0], [-9999.0], [-9999.0], [-9999.0], [-9999.0], [-9999.0], [-9999.0], [-9999.0], [-9999.0], [-9999.0], [-9999.0], [-9999.0], [-9999.0], [-9999.0], [-9999.0], [-9999.0], [-9999.0], [-9999.0], [-9999.0], [-9999.0], [-9999.0], [-9999.0], [-9999.0], [-9999.0], [-9999.0], [-9999.0], [-9999.0], [-9999.0], [-9999.0], [-9999.0], [-9999.0], [-9999.0], [-9999.0], [-9999.0], [-9999.0], [-9999.0], [-9999.0], [-9999.0], [-9999.0], [-9999.0], [-9999.0], [-9999.0], [-9999.0], [-9999.0], [-9999.0], [-9999.0], [-9999.0], [-9999.0], [-9999.0], [-9999.0], [-9999.0], [-9999.0], [-9999.0], [-9999.0], [-9999.0], [-9999.0], [-9999.0], [-9999.0], [-9999.0], [-9999.0], [-9999.0], [-9999.0], [-9999.0], [-9999.0], [-9999.0], [-9999.0], [-9999.0], [-9999.0], [-9999.0], [-9999.0], [-9999.0], [-9999.0], [-9999.0], [-9999.0], [-9999.0], [-9999.0], [-9999.0], [-9999.0], [-9999.0], [-9999.0], [-9999.0], [-9999.0], [-9999.0], [-9999.0], [-9999.0], [-9999.0], [-9999.0], [-9999.0], [-9999.0], [-9999.0], [-9999.0], [-9999.0], [-9999.0], [-9999.0], [-9999.0], [-9999.0], [-9999.0], [-9999.0], [-9999.0], [-9999.0], [-9999.0], [-9999.0], [-9999.0], [-9999.0], [-9999.0], [-9999.0], [-9999.0], [-9999.0], [-9999.0], [-9999.0], [-9999.0], [-9999.0], [-9999.0], [-9999.0], [-9999.0], [-9999.0], [-9999.0], [-9999.0], [-9999.0], [-9999.0], [-9999.0], [-9999.0], [-9999.0], [-9999.0], [-9999.0], [-9999.0], [-9999.0], [-9999.0], [-9999.0], [-9999.0], [-9999.0], [-9999.0], [-9999.0], [-9999.0], [-9999.0], [-9999.0], [-9999.0], [-9999.0], [-9999.0], [-9999.0], [-9999.0], [-9999.0], [-9999.0], [-9999.0], [-9999.0], [-9999.0], [-9999.0], [-9999.0], [-9999.0], [-9999.0], [-9999.0], [-9999.0], [-9999.0], [-9999.0], [-9999.0], [-9999.0], [-9999.0], [-9999.0], [-9999.0], [-9999.0], [-9999.0], [-9999.0], [-9999.0], [-9999.0], [-9999.0], [-9999.0], [-9999.0], [-9999.0], [-9999.0], [-9999.0], [-9999.0], [-9999.0], [-9999.0], [-9999.0], [-9999.0], [-9999.0], [-9999.0], [-9999.0], [-9999.0], [-9999.0], [-9999.0], [-9999.0], [-9999.0], [-9999.0], [-9999.0], [-9999.0], [-9999.0], [-9999.0], [-9999.0], [-9999.0], [-9999.0], [-9999.0], [-9999.0], [-9999.0], [-9999.0], [-9999.0], [-9999.0], [-9999.0], [-9999.0], [-9999.0], [-9999.0], [-9999.0], [-9999.0], [-9999.0], [-9999.0], [-9999.0], [-9999.0], [-9999.0], [-9999.0], [-9999.0], [-9999.0], [-9999.0], [-9999.0], [-9999.0], [-9999.0], [-9999.0], [-9999.0], [-9999.0], [-9999.0], [-9999.0], [-9999.0], [-9999.0], [-9999.0], [-9999.0], [-9999.0], [-9999.0], [-9999.0], [-9999.0], [-9999.0], [-9999.0], [-9999.0], [-9999.0], [-9999.0], [-9999.0], [-9999.0], [-9999.0], [-9999.0], [-9999.0], [-9999.0], [-9999.0], [-9999.0], [-9999.0], [-9999.0], [-9999.0], [-9999.0], [-9999.0], [-9999.0], [-9999.0], [-9999.0], [-9999.0], [-9999.0], [-9999.0], [-9999.0], [-9999.0], [-9999.0], [-9999.0], [-9999.0], [-9999.0], [-9999.0], [-9999.0], [-9999.0], [-9999.0], [-9999.0], [-9999.0], [-9999.0], [-9999.0], [-9999.0], [-9999.0], [-9999.0], [-9999.0], [-9999.0], [-9999.0], [-9999.0], [-9999.0], [-9999.0], [-9999.0], [-9999.0], [-9999.0], [-9999.0], [-9999.0], [-9999.0], [-9999.0], [-9999.0], [-9999.0], [-9999.0], [-9999.0], [-9999.0], [-9999.0], [-9999.0], [-9999.0], [-9999.0], [-9999.0], [-9999.0], [-9999.0], [-9999.0], [-9999.0], [-9999.0], [-9999.0], [-9999.0], [-9999.0]]",
floatingse.platform_Vx,output,N,"[[-1710.3173502640439], [-44646.2029833305], [-45598.03028755663], [-91144.00669170525], [-202632.96110770205], [-209188.23467041884], [-214156.17160191943], [-282156.0240408176], [-283607.6232059596], [-371785.70955339575], [-568945.3680547988], [-569969.8092373852], [-570990.6906287018], [-597516.4743217079], [-617570.6288358652], [-647429.8952919047], [-677926.0553356044], [-679137.7838113962], [-157.63984145075412], [-22350.710103537174], [-68833.79566625194], [-68996.28338370733], [-70523.14625629225], [-157.637804994494], [-22350.70551308742], [-68833.79084294982], [-68996.4181540665], [-70523.14142603397], [-157.6393690203729], [-22350.705513083733], [-68833.79084294612], [-68996.41796810001], [-70523.14142602954], [-9999.0], [-9999.0], [-9999.0], [-9999.0], [-9999.0], [-9999.0], [-9999.0], [-9999.0], [-9999.0], [-9999.0], [-9999.0], [-9999.0], [-9999.0], [-9999.0], [-9999.0], [-9999.0], [-9999.0], [-9999.0], [-9999.0], [-9999.0], [-9999.0], [-9999.0], [-9999.0], [-9999.0], [-9999.0], [-9999.0], [-9999.0], [-9999.0], [-9999.0], [-9999.0], [-9999.0], [-9999.0], [-9999.0], [-9999.0], [-9999.0], [-9999.0], [-9999.0], [-9999.0], [-9999.0], [-9999.0], [-9999.0], [-9999.0], [-9999.0], [-9999.0], [-9999.0], [-9999.0], [-9999.0], [-9999.0], [-9999.0], [-9999.0], [-9999.0], [-9999.0], [-9999.0], [-9999.0], [-9999.0], [-9999.0], [-9999.0], [-9999.0], [-9999.0], [-9999.0], [-9999.0], [-9999.0], [-9999.0], [-9999.0], [-9999.0], [-9999.0], [-9999.0], [-9999.0], [-9999.0], [-9999.0], [-9999.0], [-9999.0], [-9999.0], [-9999.0], [-9999.0], [-9999.0], [-9999.0], [-9999.0], [-9999.0], [-9999.0], [-9999.0], [-9999.0], [-9999.0], [-9999.0], [-9999.0], [-9999.0], [-9999.0], [-9999.0], [-9999.0], [-9999.0], [-9999.0], [-9999.0], [-9999.0], [-9999.0], [-9999.0], [-9999.0], [-9999.0], [-9999.0], [-9999.0], [-9999.0], [-9999.0], [-9999.0], [-9999.0], [-9999.0], [-9999.0], [-9999.0], [-9999.0], [-9999.0], [-9999.0], [-9999.0], [-9999.0], [-9999.0], [-9999.0], [-9999.0], [-9999.0], [-9999.0], [-9999.0], [-9999.0], [-9999.0], [-9999.0], [-9999.0], [-9999.0], [-9999.0], [-9999.0], [-9999.0], [-9999.0], [-9999.0], [-9999.0], [-9999.0], [-9999.0], [-9999.0], [-9999.0], [-9999.0], [-9999.0], [-9999.0], [-9999.0], [-9999.0], [-9999.0], [-9999.0], [-9999.0], [-9999.0], [-9999.0], [-9999.0], [-9999.0], [-9999.0], [-9999.0], [-9999.0], [-9999.0], [-9999.0], [-9999.0], [-9999.0], [-9999.0], [-9999.0], [-9999.0], [-9999.0], [-9999.0], [-9999.0], [-9999.0], [-9999.0], [-9999.0], [-9999.0], [-9999.0], [-9999.0], [-9999.0], [-9999.0], [-9999.0], [-9999.0], [-9999.0], [-9999.0], [-9999.0], [-9999.0], [-9999.0], [-9999.0], [-9999.0], [-9999.0], [-9999.0], [-9999.0], [-9999.0], [-9999.0], [-9999.0], [-9999.0], [-9999.0], [-9999.0], [-9999.0], [-9999.0], [-9999.0], [-9999.0], [-9999.0], [-9999.0], [-9999.0], [-9999.0], [-9999.0], [-9999.0], [-9999.0], [-9999.0], [-9999.0], [-9999.0], [-9999.0], [-9999.0], [-9999.0], [-9999.0], [-9999.0], [-9999.0], [-9999.0], [-9999.0], [-9999.0], [-9999.0], [-9999.0], [-9999.0], [-9999.0], [-9999.0], [-9999.0], [-9999.0], [-9999.0], [-9999.0], [-9999.0], [-9999.0], [-9999.0], [-9999.0], [-9999.0], [-9999.0], [-9999.0], [-9999.0], [-9999.0], [-9999.0], [-9999.0], [-9999.0], [-9999.0], [-9999.0], [-9999.0], [-9999.0], [-9999.0], [-9999.0], [-9999.0], [-9999.0], [-9999.0], [-9999.0], [-9999.0], [-9999.0], [-9999.0], [-9999.0], [-9999.0], [-9999.0], [-9999.0], [-9999.0], [-9999.0], [-9999.0], [-9999.0], [-9999.0], [-9999.0], [-9999.0], [-9999.0], [-9999.0], [-9999.0], [-9999.0], [-9999.0], [-9999.0], [-9999.0], [-9999.0], [-9999.0], [-9999.0], [-9999.0], [-9999.0], [-9999.0], [-9999.0], [-9999.0], [-9999.0], [-9999.0], [-9999.0], [-9999.0], [-9999.0], [-9999.0], [-9999.0], [-9999.0], [-9999.0], [-9999.0], [-9999.0], [-9999.0], [-9999.0], [-9999.0], [-9999.0], [-9999.0], [-9999.0], [-9999.0], [-9999.0], [-9999.0], [-9999.0], [-9999.0], [-9999.0], [-9999.0], [-9999.0], [-9999.0], [-9999.0], [-9999.0], [-9999.0], [-9999.0], [-9999.0], [-9999.0], [-9999.0], [-9999.0], [-9999.0], [-9999.0], [-9999.0], [-9999.0], [-9999.0], [-9999.0], [-9999.0], [-9999.0], [-9999.0], [-9999.0], [-9999.0], [-9999.0], [-9999.0], [-9999.0], [-9999.0], [-9999.0], [-9999.0], [-9999.0], [-9999.0], [-9999.0], [-9999.0], [-9999.0], [-9999.0], [-9999.0], [-9999.0], [-9999.0], [-9999.0], [-9999.0], [-9999.0], [-9999.0], [-9999.0], [-9999.0], [-9999.0], [-9999.0], [-9999.0], [-9999.0], [-9999.0], [-9999.0], [-9999.0], [-9999.0], [-9999.0], [-9999.0], [-9999.0], [-9999.0], [-9999.0], [-9999.0], [-9999.0], [-9999.0], [-9999.0], [-9999.0], [-9999.0], [-9999.0], [-9999.0], [-9999.0], [-9999.0], [-9999.0], [-9999.0], [-9999.0], [-9999.0], [-9999.0], [-9999.0], [-9999.0], [-9999.0], [-9999.0], [-9999.0], [-9999.0], [-9999.0], [-9999.0], [-9999.0], [-9999.0], [-9999.0], [-9999.0], [-9999.0], [-9999.0], [-9999.0], [-9999.0], [-9999.0], [-9999.0], [-9999.0], [-9999.0], [-9999.0], [-9999.0], [-9999.0], [-9999.0], [-9999.0], [-9999.0], [-9999.0], [-9999.0], [-9999.0], [-9999.0], [-9999.0], [-9999.0], [-9999.0], [-9999.0], [-9999.0], [-9999.0], [-9999.0], [-9999.0], [-9999.0], [-9999.0], [-9999.0], [-9999.0], [-9999.0], [-9999.0], [-9999.0], [-9999.0], [-9999.0], [-9999.0], [-9999.0], [-9999.0], [-9999.0], [-9999.0], [-9999.0], [-9999.0], [-9999.0], [-9999.0], [-9999.0], [-9999.0], [-9999.0], [-9999.0], [-9999.0], [-9999.0], [-9999.0], [-9999.0], [-9999.0], [-9999.0], [-9999.0], [-9999.0], [-9999.0], [-9999.0], [-9999.0], [-9999.0], [-9999.0], [-9999.0], [-9999.0], [-9999.0], [-9999.0], [-9999.0], [-9999.0], [-9999.0], [-9999.0], [-9999.0], [-9999.0], [-9999.0], [-9999.0], [-9999.0], [-9999.0], [-9999.0], [-9999.0], [-9999.0], [-9999.0], [-9999.0], [-9999.0], [-9999.0], [-9999.0], [-9999.0], [-9999.0], [-9999.0], [-9999.0], [-9999.0], [-9999.0], [-9999.0], [-9999.0], [-9999.0], [-9999.0], [-9999.0], [-9999.0]]",
floatingse.platform_Vy,output,N,"[[-1.4257258568184383e-17], [9.664579753722563e-18], [4.618701254788249e-17], [6.853265490384719e-17], [6.853265655820842e-17], [-7.550113543566795e-11], [-7.550113543905608e-11], [-7.55011354272638e-11], [-7.550114049584278e-11], [-7.550111580050125e-11], [-7.550111580048884e-11], [-7.550107847947851e-11], [-7.550108802045763e-11], [-7.550110497088392e-11], [-7.550110497079128e-11], [-7.550110497084918e-11], [-7.550110497084587e-11], [-7.550110497083098e-11], [1.2104100816263952e-18], [-9.563755492418234e-19], [-9.563755492418234e-19], [-7.716470149486676e-19], [-1.1226515953085005e-18], [-0.15765691997963177], [-254.98434468867129], [-657.2076077612187], [-657.8908784994213], [-831.4692393826792], [0.1638100266690849], [254.98434468221296], [657.2076077547786], [657.8905733236401], [831.4692393759271], [-9999.0], [-9999.0], [-9999.0], [-9999.0], [-9999.0], [-9999.0], [-9999.0], [-9999.0], [-9999.0], [-9999.0], [-9999.0], [-9999.0], [-9999.0], [-9999.0], [-9999.0], [-9999.0], [-9999.0], [-9999.0], [-9999.0], [-9999.0], [-9999.0], [-9999.0], [-9999.0], [-9999.0], [-9999.0], [-9999.0], [-9999.0], [-9999.0], [-9999.0], [-9999.0], [-9999.0], [-9999.0], [-9999.0], [-9999.0], [-9999.0], [-9999.0], [-9999.0], [-9999.0], [-9999.0], [-9999.0], [-9999.0], [-9999.0], [-9999.0], [-9999.0], [-9999.0], [-9999.0], [-9999.0], [-9999.0], [-9999.0], [-9999.0], [-9999.0], [-9999.0], [-9999.0], [-9999.0], [-9999.0], [-9999.0], [-9999.0], [-9999.0], [-9999.0], [-9999.0], [-9999.0], [-9999.0], [-9999.0], [-9999.0], [-9999.0], [-9999.0], [-9999.0], [-9999.0], [-9999.0], [-9999.0], [-9999.0], [-9999.0], [-9999.0], [-9999.0], [-9999.0], [-9999.0], [-9999.0], [-9999.0], [-9999.0], [-9999.0], [-9999.0], [-9999.0], [-9999.0], [-9999.0], [-9999.0], [-9999.0], [-9999.0], [-9999.0], [-9999.0], [-9999.0], [-9999.0], [-9999.0], [-9999.0], [-9999.0], [-9999.0], [-9999.0], [-9999.0], [-9999.0], [-9999.0], [-9999.0], [-9999.0], [-9999.0], [-9999.0], [-9999.0], [-9999.0], [-9999.0], [-9999.0], [-9999.0], [-9999.0], [-9999.0], [-9999.0], [-9999.0], [-9999.0], [-9999.0], [-9999.0], [-9999.0], [-9999.0], [-9999.0], [-9999.0], [-9999.0], [-9999.0], [-9999.0], [-9999.0], [-9999.0], [-9999.0], [-9999.0], [-9999.0], [-9999.0], [-9999.0], [-9999.0], [-9999.0], [-9999.0], [-9999.0], [-9999.0], [-9999.0], [-9999.0], [-9999.0], [-9999.0], [-9999.0], [-9999.0], [-9999.0], [-9999.0], [-9999.0], [-9999.0], [-9999.0], [-9999.0], [-9999.0], [-9999.0], [-9999.0], [-9999.0], [-9999.0], [-9999.0], [-9999.0], [-9999.0], [-9999.0], [-9999.0], [-9999.0], [-9999.0], [-9999.0], [-9999.0], [-9999.0], [-9999.0], [-9999.0], [-9999.0], [-9999.0], [-9999.0], [-9999.0], [-9999.0], [-9999.0], [-9999.0], [-9999.0], [-9999.0], [-9999.0], [-9999.0], [-9999.0], [-9999.0], [-9999.0], [-9999.0], [-9999.0], [-9999.0], [-9999.0], [-9999.0], [-9999.0], [-9999.0], [-9999.0], [-9999.0], [-9999.0], [-9999.0], [-9999.0], [-9999.0], [-9999.0], [-9999.0], [-9999.0], [-9999.0], [-9999.0], [-9999.0], [-9999.0], [-9999.0], [-9999.0], [-9999.0], [-9999.0], [-9999.0], [-9999.0], [-9999.0], [-9999.0], [-9999.0], [-9999.0], [-9999.0], [-9999.0], [-9999.0], [-9999.0], [-9999.0], [-9999.0], [-9999.0], [-9999.0], [-9999.0], [-9999.0], [-9999.0], [-9999.0], [-9999.0], [-9999.0], [-9999.0], [-9999.0], [-9999.0], [-9999.0], [-9999.0], [-9999.0], [-9999.0], [-9999.0], [-9999.0], [-9999.0], [-9999.0], [-9999.0], [-9999.0], [-9999.0], [-9999.0], [-9999.0], [-9999.0], [-9999.0], [-9999.0], [-9999.0], [-9999.0], [-9999.0], [-9999.0], [-9999.0], [-9999.0], [-9999.0], [-9999.0], [-9999.0], [-9999.0], [-9999.0], [-9999.0], [-9999.0], [-9999.0], [-9999.0], [-9999.0], [-9999.0], [-9999.0], [-9999.0], [-9999.0], [-9999.0], [-9999.0], [-9999.0], [-9999.0], [-9999.0], [-9999.0], [-9999.0], [-9999.0], [-9999.0], [-9999.0], [-9999.0], [-9999.0], [-9999.0], [-9999.0], [-9999.0], [-9999.0], [-9999.0], [-9999.0], [-9999.0], [-9999.0], [-9999.0], [-9999.0], [-9999.0], [-9999.0], [-9999.0], [-9999.0], [-9999.0], [-9999.0], [-9999.0], [-9999.0], [-9999.0], [-9999.0], [-9999.0], [-9999.0], [-9999.0], [-9999.0], [-9999.0], [-9999.0], [-9999.0], [-9999.0], [-9999.0], [-9999.0], [-9999.0], [-9999.0], [-9999.0], [-9999.0], [-9999.0], [-9999.0], [-9999.0], [-9999.0], [-9999.0], [-9999.0], [-9999.0], [-9999.0], [-9999.0], [-9999.0], [-9999.0], [-9999.0], [-9999.0], [-9999.0], [-9999.0], [-9999.0], [-9999.0], [-9999.0], [-9999.0], [-9999.0], [-9999.0], [-9999.0], [-9999.0], [-9999.0], [-9999.0], [-9999.0], [-9999.0], [-9999.0], [-9999.0], [-9999.0], [-9999.0], [-9999.0], [-9999.0], [-9999.0], [-9999.0], [-9999.0], [-9999.0], [-9999.0], [-9999.0], [-9999.0], [-9999.0], [-9999.0], [-9999.0], [-9999.0], [-9999.0], [-9999.0], [-9999.0], [-9999.0], [-9999.0], [-9999.0], [-9999.0], [-9999.0], [-9999.0], [-9999.0], [-9999.0], [-9999.0], [-9999.0], [-9999.0], [-9999.0], [-9999.0], [-9999.0], [-9999.0], [-9999.0], [-9999.0], [-9999.0], [-9999.0], [-9999.0], [-9999.0], [-9999.0], [-9999.0], [-9999.0], [-9999.0], [-9999.0], [-9999.0], [-9999.0], [-9999.0], [-9999.0], [-9999.0], [-9999.0], [-9999.0], [-9999.0], [-9999.0], [-9999.0], [-9999.0], [-9999.0], [-9999.0], [-9999.0], [-9999.0], [-9999.0], [-9999.0], [-9999.0], [-9999.0], [-9999.0], [-9999.0], [-9999.0], [-9999.0], [-9999.0], [-9999.0], [-9999.0], [-9999.0], [-9999.0], [-9999.0], [-9999.0], [-9999.0], [-9999.0], [-9999.0], [-9999.0], [-9999.0], [-9999.0], [-9999.0], [-9999.0], [-9999.0], [-9999.0], [-9999.0], [-9999.0], [-9999.0], [-9999.0], [-9999.0], [-9999.0], [-9999.0], [-9999.0], [-9999.0], [-9999.0], [-9999.0], [-9999.0], [-9999.0], [-9999.0], [-9999.0], [-9999.0], [-9999.0], [-9999.0], [-9999.0], [-9999.0], [-9999.0], [-9999.0], [-9999.0], [-9999.0], [-9999.0], [-9999.0], [-9999.0], [-9999.0], [-9999.0], [-9999.0], [-9999.0], [-9999.0], [-9999.0], [-9999.0], [-9999.0], [-9999.0], [-9999.0], [-9999.0], [-9999.0], [-9999.0], [-9999.0], [-9999.0], [-9999.0], [-9999.0], [-9999.0], [-9999.0], [-9999.0], [-9999.0]]",
floatingse.platform_Mxx,output,N*m,"[[-7.259072357969354e-19], [2.2958766823962482e-17], [2.6944118052159294e-17], [1.842184296063694e-16], [5.137063407231781e-16], [-9.135558812831525e-13], [-1.5428649162696973e-11], [-2.0229395933907855e-10], [-2.0606901689355017e-10], [-4.220022073772213e-10], [-8.266881880678258e-10], [-8.28575715549777e-10], [-8.304632433764152e-10], [-8.866171904455316e-10], [-9.446586648918193e-10], [-1.0463020274588471e-09], [-1.1441703347773074e-09], [-1.1479453900258493e-09], [2.5824578723905524e-20], [-1.9053808188978383e-17], [-3.3645862618712936e-17], [-3.366228377269042e-17], [-3.894366096424986e-17], [-0.0016907238030816599], [-2208.054570387726], [-8887.961849521898], [-8900.601587876223], [-12396.143786234545], [0.00175224324707046], [2208.0545702588506], [8887.96184929467], [8900.601584605418], [12396.143785974939], [-9999.0], [-9999.0], [-9999.0], [-9999.0], [-9999.0], [-9999.0], [-9999.0], [-9999.0], [-9999.0], [-9999.0], [-9999.0], [-9999.0], [-9999.0], [-9999.0], [-9999.0], [-9999.0], [-9999.0], [-9999.0], [-9999.0], [-9999.0], [-9999.0], [-9999.0], [-9999.0], [-9999.0], [-9999.0], [-9999.0], [-9999.0], [-9999.0], [-9999.0], [-9999.0], [-9999.0], [-9999.0], [-9999.0], [-9999.0], [-9999.0], [-9999.0], [-9999.0], [-9999.0], [-9999.0], [-9999.0], [-9999.0], [-9999.0], [-9999.0], [-9999.0], [-9999.0], [-9999.0], [-9999.0], [-9999.0], [-9999.0], [-9999.0], [-9999.0], [-9999.0], [-9999.0], [-9999.0], [-9999.0], [-9999.0], [-9999.0], [-9999.0], [-9999.0], [-9999.0], [-9999.0], [-9999.0], [-9999.0], [-9999.0], [-9999.0], [-9999.0], [-9999.0], [-9999.0], [-9999.0], [-9999.0], [-9999.0], [-9999.0], [-9999.0], [-9999.0], [-9999.0], [-9999.0], [-9999.0], [-9999.0], [-9999.0], [-9999.0], [-9999.0], [-9999.0], [-9999.0], [-9999.0], [-9999.0], [-9999.0], [-9999.0], [-9999.0], [-9999.0], [-9999.0], [-9999.0], [-9999.0], [-9999.0], [-9999.0], [-9999.0], [-9999.0], [-9999.0], [-9999.0], [-9999.0], [-9999.0], [-9999.0], [-9999.0], [-9999.0], [-9999.0], [-9999.0], [-9999.0], [-9999.0], [-9999.0], [-9999.0], [-9999.0], [-9999.0], [-9999.0], [-9999.0], [-9999.0], [-9999.0], [-9999.0], [-9999.0], [-9999.0], [-9999.0], [-9999.0], [-9999.0], [-9999.0], [-9999.0], [-9999.0], [-9999.0], [-9999.0], [-9999.0], [-9999.0], [-9999.0], [-9999.0], [-9999.0], [-9999.0], [-9999.0], [-9999.0], [-9999.0], [-9999.0], [-9999.0], [-9999.0], [-9999.0], [-9999.0], [-9999.0], [-9999.0], [-9999.0], [-9999.0], [-9999.0], [-9999.0], [-9999.0], [-9999.0], [-9999.0], [-9999.0], [-9999.0], [-9999.0], [-9999.0], [-9999.0], [-9999.0], [-9999.0], [-9999.0], [-9999.0], [-9999.0], [-9999.0], [-9999.0], [-9999.0], [-9999.0], [-9999.0], [-9999.0], [-9999.0], [-9999.0], [-9999.0], [-9999.0], [-9999.0], [-9999.0], [-9999.0], [-9999.0], [-9999.0], [-9999.0], [-9999.0], [-9999.0], [-9999.0], [-9999.0], [-9999.0], [-9999.0], [-9999.0], [-9999.0], [-9999.0], [-9999.0], [-9999.0], [-9999.0], [-9999.0], [-9999.0], [-9999.0], [-9999.0], [-9999.0], [-9999.0], [-9999.0], [-9999.0], [-9999.0], [-9999.0], [-9999.0], [-9999.0], [-9999.0], [-9999.0], [-9999.0], [-9999.0], [-9999.0], [-9999.0], [-9999.0], [-9999.0], [-9999.0], [-9999.0], [-9999.0], [-9999.0], [-9999.0], [-9999.0], [-9999.0], [-9999.0], [-9999.0], [-9999.0], [-9999.0], [-9999.0], [-9999.0], [-9999.0], [-9999.0], [-9999.0], [-9999.0], [-9999.0], [-9999.0], [-9999.0], [-9999.0], [-9999.0], [-9999.0], [-9999.0], [-9999.0], [-9999.0], [-9999.0], [-9999.0], [-9999.0], [-9999.0], [-9999.0], [-9999.0], [-9999.0], [-9999.0], [-9999.0], [-9999.0], [-9999.0], [-9999.0], [-9999.0], [-9999.0], [-9999.0], [-9999.0], [-9999.0], [-9999.0], [-9999.0], [-9999.0], [-9999.0], [-9999.0], [-9999.0], [-9999.0], [-9999.0], [-9999.0], [-9999.0], [-9999.0], [-9999.0], [-9999.0], [-9999.0], [-9999.0], [-9999.0], [-9999.0], [-9999.0], [-9999.0], [-9999.0], [-9999.0], [-9999.0], [-9999.0], [-9999.0], [-9999.0], [-9999.0], [-9999.0], [-9999.0], [-9999.0], [-9999.0], [-9999.0], [-9999.0], [-9999.0], [-9999.0], [-9999.0], [-9999.0], [-9999.0], [-9999.0], [-9999.0], [-9999.0], [-9999.0], [-9999.0], [-9999.0], [-9999.0], [-9999.0], [-9999.0], [-9999.0], [-9999.0], [-9999.0], [-9999.0], [-9999.0], [-9999.0], [-9999.0], [-9999.0], [-9999.0], [-9999.0], [-9999.0], [-9999.0], [-9999.0], [-9999.0], [-9999.0], [-9999.0], [-9999.0], [-9999.0], [-9999.0], [-9999.0], [-9999.0], [-9999.0], [-9999.0], [-9999.0], [-9999.0], [-9999.0], [-9999.0], [-9999.0], [-9999.0], [-9999.0], [-9999.0], [-9999.0], [-9999.0], [-9999.0], [-9999.0], [-9999.0], [-9999.0], [-9999.0], [-9999.0], [-9999.0], [-9999.0], [-9999.0], [-9999.0], [-9999.0], [-9999.0], [-9999.0], [-9999.0], [-9999.0], [-9999.0], [-9999.0], [-9999.0], [-9999.0], [-9999.0], [-9999.0], [-9999.0], [-9999.0], [-9999.0], [-9999.0], [-9999.0], [-9999.0], [-9999.0], [-9999.0], [-9999.0], [-9999.0], [-9999.0], [-9999.0], [-9999.0], [-9999.0], [-9999.0], [-9999.0], [-9999.0], [-9999.0], [-9999.0], [-9999.0], [-9999.0], [-9999.0], [-9999.0], [-9999.0], [-9999.0], [-9999.0], [-9999.0], [-9999.0], [-9999.0], [-9999.0], [-9999.0], [-9999.0], [-9999.0], [-9999.0], [-9999.0], [-9999.0], [-9999.0], [-9999.0], [-9999.0], [-9999.0], [-9999.0], [-9999.0], [-9999.0], [-9999.0], [-9999.0], [-9999.0], [-9999.0], [-9999.0], [-9999.0], [-9999.0], [-9999.0], [-9999.0], [-9999.0], [-9999.0], [-9999.0], [-9999.0], [-9999.0], [-9999.0], [-9999.0], [-9999.0], [-9999.0], [-9999.0], [-9999.0], [-9999.0], [-9999.0], [-9999.0], [-9999.0], [-9999.0], [-9999.0], [-9999.0], [-9999.0], [-9999.0], [-9999.0], [-9999.0], [-9999.0], [-9999.0], [-9999.0], [-9999.0], [-9999.0], [-9999.0], [-9999.0], [-9999.0], [-9999.0], [-9999.0], [-9999.0], [-9999.0], [-9999.0], [-9999.0], [-9999.0], [-9999.0], [-9999.0], [-9999.0], [-9999.0], [-9999.0], [-9999.0], [-9999.0], [-9999.0], [-9999.0], [-9999.0], [-9999.0], [-9999.0], [-9999.0], [-9999.0], [-9999.0], [-9999.0], [-9999.0], [-9999.0], [-9999.0], [-9999.0], [-9999.0], [-9999.0], [-9999.0], [-9999.0], [-9999.0], [-9999.0], [-9999.0], [-9999.0]]",
floatingse.platform_Myy,output,N*m,"[[86.30135694248688], [54773.86710869545], [57030.19367110245], [212851.07025796766], [912816.8179273048], [973851.6360169488], [1014549.7518541076], [1628032.5898779987], [1642177.035697852], [2578266.684115122], [5084868.096345337], [5099104.65539518], [5113366.798865083], [5548460.890103104], [6016032.9154191725], [6867538.504466115], [7726543.452076208], [7760470.3401397], [1.5763431994336878], [-139819.31857922708], [553357.055495003], [554735.3576182435], [882562.111332898], [1.5763369455740917], [-139819.412230106], [553356.8891109403], [554735.2021783692], [882561.9249790288], [1.5763525619910228], [-139819.4122301797], [553356.8891108099], [554735.202176391], [882561.9249788807], [-9999.0], [-9999.0], [-9999.0], [-9999.0], [-9999.0], [-9999.0], [-9999.0], [-9999.0], [-9999.0], [-9999.0], [-9999.0], [-9999.0], [-9999.0], [-9999.0], [-9999.0], [-9999.0], [-9999.0], [-9999.0], [-9999.0], [-9999.0], [-9999.0], [-9999.0], [-9999.0], [-9999.0], [-9999.0], [-9999.0], [-9999.0], [-9999.0], [-9999.0], [-9999.0], [-9999.0], [-9999.0], [-9999.0], [-9999.0], [-9999.0], [-9999.0], [-9999.0], [-9999.0], [-9999.0], [-9999.0], [-9999.0], [-9999.0], [-9999.0], [-9999.0], [-9999.0], [-9999.0], [-9999.0], [-9999.0], [-9999.0], [-9999.0], [-9999.0], [-9999.0], [-9999.0], [-9999.0], [-9999.0], [-9999.0], [-9999.0], [-9999.0], [-9999.0], [-9999.0], [-9999.0], [-9999.0], [-9999.0], [-9999.0], [-9999.0], [-9999.0], [-9999.0], [-9999.0], [-9999.0], [-9999.0], [-9999.0], [-9999.0], [-9999.0], [-9999.0], [-9999.0], [-9999.0], [-9999.0], [-9999.0], [-9999.0], [-9999.0], [-9999.0], [-9999.0], [-9999.0], [-9999.0], [-9999.0], [-9999.0], [-9999.0], [-9999.0], [-9999.0], [-9999.0], [-9999.0], [-9999.0], [-9999.0], [-9999.0], [-9999.0], [-9999.0], [-9999.0], [-9999.0], [-9999.0], [-9999.0], [-9999.0], [-9999.0], [-9999.0], [-9999.0], [-9999.0], [-9999.0], [-9999.0], [-9999.0], [-9999.0], [-9999.0], [-9999.0], [-9999.0], [-9999.0], [-9999.0], [-9999.0], [-9999.0], [-9999.0], [-9999.0], [-9999.0], [-9999.0], [-9999.0], [-9999.0], [-9999.0], [-9999.0], [-9999.0], [-9999.0], [-9999.0], [-9999.0], [-9999.0], [-9999.0], [-9999.0], [-9999.0], [-9999.0], [-9999.0], [-9999.0], [-9999.0], [-9999.0], [-9999.0], [-9999.0], [-9999.0], [-9999.0], [-9999.0], [-9999.0], [-9999.0], [-9999.0], [-9999.0], [-9999.0], [-9999.0], [-9999.0], [-9999.0], [-9999.0], [-9999.0], [-9999.0], [-9999.0], [-9999.0], [-9999.0], [-9999.0], [-9999.0], [-9999.0], [-9999.0], [-9999.0], [-9999.0], [-9999.0], [-9999.0], [-9999.0], [-9999.0], [-9999.0], [-9999.0], [-9999.0], [-9999.0], [-9999.0], [-9999.0], [-9999.0], [-9999.0], [-9999.0], [-9999.0], [-9999.0], [-9999.0], [-9999.0], [-9999.0], [-9999.0], [-9999.0], [-9999.0], [-9999.0], [-9999.0], [-9999.0], [-9999.0], [-9999.0], [-9999.0], [-9999.0], [-9999.0], [-9999.0], [-9999.0], [-9999.0], [-9999.0], [-9999.0], [-9999.0], [-9999.0], [-9999.0], [-9999.0], [-9999.0], [-9999.0], [-9999.0], [-9999.0], [-9999.0], [-9999.0], [-9999.0], [-9999.0], [-9999.0], [-9999.0], [-9999.0], [-9999.0], [-9999.0], [-9999.0], [-9999.0], [-9999.0], [-9999.0], [-9999.0], [-9999.0], [-9999.0], [-9999.0], [-9999.0], [-9999.0], [-9999.0], [-9999.0], [-9999.0], [-9999.0], [-9999.0], [-9999.0], [-9999.0], [-9999.0], [-9999.0], [-9999.0], [-9999.0], [-9999.0], [-9999.0], [-9999.0], [-9999.0], [-9999.0], [-9999.0], [-9999.0], [-9999.0], [-9999.0], [-9999.0], [-9999.0], [-9999.0], [-9999.0], [-9999.0], [-9999.0], [-9999.0], [-9999.0], [-9999.0], [-9999.0], [-9999.0], [-9999.0], [-9999.0], [-9999.0], [-9999.0], [-9999.0], [-9999.0], [-9999.0], [-9999.0], [-9999.0], [-9999.0], [-9999.0], [-9999.0], [-9999.0], [-9999.0], [-9999.0], [-9999.0], [-9999.0], [-9999.0], [-9999.0], [-9999.0], [-9999.0], [-9999.0], [-9999.0], [-9999.0], [-9999.0], [-9999.0], [-9999.0], [-9999.0], [-9999.0], [-9999.0], [-9999.0], [-9999.0], [-9999.0], [-9999.0], [-9999.0], [-9999.0], [-9999.0], [-9999.0], [-9999.0], [-9999.0], [-9999.0], [-9999.0], [-9999.0], [-9999.0], [-9999.0], [-9999.0], [-9999.0], [-9999.0], [-9999.0], [-9999.0], [-9999.0], [-9999.0], [-9999.0], [-9999.0], [-9999.0], [-9999.0], [-9999.0], [-9999.0], [-9999.0], [-9999.0], [-9999.0], [-9999.0], [-9999.0], [-9999.0], [-9999.0], [-9999.0], [-9999.0], [-9999.0], [-9999.0], [-9999.0], [-9999.0], [-9999.0], [-9999.0], [-9999.0], [-9999.0], [-9999.0], [-9999.0], [-9999.0], [-9999.0], [-9999.0], [-9999.0], [-9999.0], [-9999.0], [-9999.0], [-9999.0], [-9999.0], [-9999.0], [-9999.0], [-9999.0], [-9999.0], [-9999.0], [-9999.0], [-9999.0], [-9999.0], [-9999.0], [-9999.0], [-9999.0], [-9999.0], [-9999.0], [-9999.0], [-9999.0], [-9999.0], [-9999.0], [-9999.0], [-9999.0], [-9999.0], [-9999.0], [-9999.0], [-9999.0], [-9999.0], [-9999.0], [-9999.0], [-9999.0], [-9999.0], [-9999.0], [-9999.0], [-9999.0], [-9999.0], [-9999.0], [-9999.0], [-9999.0], [-9999.0], [-9999.0], [-9999.0], [-9999.0], [-9999.0], [-9999.0], [-9999.0], [-9999.0], [-9999.0], [-9999.0], [-9999.0], [-9999.0], [-9999.0], [-9999.0], [-9999.0], [-9999.0], [-9999.0], [-9999.0], [-9999.0], [-9999.0], [-9999.0], [-9999.0], [-9999.0], [-9999.0], [-9999.0], [-9999.0], [-9999.0], [-9999.0], [-9999.0], [-9999.0], [-9999.0], [-9999.0], [-9999.0], [-9999.0], [-9999.0], [-9999.0], [-9999.0], [-9999.0], [-9999.0], [-9999.0], [-9999.0], [-9999.0], [-9999.0], [-9999.0], [-9999.0], [-9999.0], [-9999.0], [-9999.0], [-9999.0], [-9999.0], [-9999.0], [-9999.0], [-9999.0], [-9999.0], [-9999.0], [-9999.0], [-9999.0], [-9999.0], [-9999.0], [-9999.0], [-9999.0], [-9999.0], [-9999.0], [-9999.0], [-9999.0], [-9999.0], [-9999.0], [-9999.0], [-9999.0], [-9999.0], [-9999.0], [-9999.0], [-9999.0], [-9999.0], [-9999.0], [-9999.0], [-9999.0], [-9999.0], [-9999.0], [-9999.0], [-9999.0], [-9999.0], [-9999.0], [-9999.0], [-9999.0], [-9999.0], [-9999.0], [-9999.0], [-9999.0], [-9999.0], [-9999.0], [-9999.0]]",
floatingse.platform_Mzz,output,N*m,"[[0.0], [-4.865938795624613e-21], [0.0], [-1.7782844256131192e-20], [-1.7735193612162817e-20], [3.399228645605435e-08], [3.399228645605422e-08], [3.3992286456053844e-08], [3.399228645607605e-08], [3.39922864560834e-08], [3.399228645608343e-08], [3.399228645601752e-08], [3.399228645607122e-08], [3.399228645611044e-08], [3.399228645611051e-08], [3.3992286456110556e-08], [3.3992286456110556e-08], [3.399228645611056e-08], [-5.871797787135875e-23], [4.599868639241952e-21], [4.599838012610101e-21], [4.7482373624624556e-21], [3.928636797863352e-21], [2.9551542440826506e-06], [5.232136431668432e-07], [3.410896127080645e-05], [0.06345773653970524], [-1.247566138584965e-05], [-2.9559419134789195e-06], [-5.231595819544288e-07], [-3.410890717450014e-05], [-0.06345773706777005], [1.247564207009072e-05], [-9999.0], [-9999.0], [-9999.0], [-9999.0], [-9999.0], [-9999.0], [-9999.0], [-9999.0], [-9999.0], [-9999.0], [-9999.0], [-9999.0], [-9999.0], [-9999.0], [-9999.0], [-9999.0], [-9999.0], [-9999.0], [-9999.0], [-9999.0], [-9999.0], [-9999.0], [-9999.0], [-9999.0], [-9999.0], [-9999.0], [-9999.0], [-9999.0], [-9999.0], [-9999.0], [-9999.0], [-9999.0], [-9999.0], [-9999.0], [-9999.0], [-9999.0], [-9999.0], [-9999.0], [-9999.0], [-9999.0], [-9999.0], [-9999.0], [-9999.0], [-9999.0], [-9999.0], [-9999.0], [-9999.0], [-9999.0], [-9999.0], [-9999.0], [-9999.0], [-9999.0], [-9999.0], [-9999.0], [-9999.0], [-9999.0], [-9999.0], [-9999.0], [-9999.0], [-9999.0], [-9999.0], [-9999.0], [-9999.0], [-9999.0], [-9999.0], [-9999.0], [-9999.0], [-9999.0], [-9999.0], [-9999.0], [-9999.0], [-9999.0], [-9999.0], [-9999.0], [-9999.0], [-9999.0], [-9999.0], [-9999.0], [-9999.0], [-9999.0], [-9999.0], [-9999.0], [-9999.0], [-9999.0], [-9999.0], [-9999.0], [-9999.0], [-9999.0], [-9999.0], [-9999.0], [-9999.0], [-9999.0], [-9999.0], [-9999.0], [-9999.0], [-9999.0], [-9999.0], [-9999.0], [-9999.0], [-9999.0], [-9999.0], [-9999.0], [-9999.0], [-9999.0], [-9999.0], [-9999.0], [-9999.0], [-9999.0], [-9999.0], [-9999.0], [-9999.0], [-9999.0], [-9999.0], [-9999.0], [-9999.0], [-9999.0], [-9999.0], [-9999.0], [-9999.0], [-9999.0], [-9999.0], [-9999.0], [-9999.0], [-9999.0], [-9999.0], [-9999.0], [-9999.0], [-9999.0], [-9999.0], [-9999.0], [-9999.0], [-9999.0], [-9999.0], [-9999.0], [-9999.0], [-9999.0], [-9999.0], [-9999.0], [-9999.0], [-9999.0], [-9999.0], [-9999.0], [-9999.0], [-9999.0], [-9999.0], [-9999.0], [-9999.0], [-9999.0], [-9999.0], [-9999.0], [-9999.0], [-9999.0], [-9999.0], [-9999.0], [-9999.0], [-9999.0], [-9999.0], [-9999.0], [-9999.0], [-9999.0], [-9999.0], [-9999.0], [-9999.0], [-9999.0], [-9999.0], [-9999.0], [-9999.0], [-9999.0], [-9999.0], [-9999.0], [-9999.0], [-9999.0], [-9999.0], [-9999.0], [-9999.0], [-9999.0], [-9999.0], [-9999.0], [-9999.0], [-9999.0], [-9999.0], [-9999.0], [-9999.0], [-9999.0], [-9999.0], [-9999.0], [-9999.0], [-9999.0], [-9999.0], [-9999.0], [-9999.0], [-9999.0], [-9999.0], [-9999.0], [-9999.0], [-9999.0], [-9999.0], [-9999.0], [-9999.0], [-9999.0], [-9999.0], [-9999.0], [-9999.0], [-9999.0], [-9999.0], [-9999.0], [-9999.0], [-9999.0], [-9999.0], [-9999.0], [-9999.0], [-9999.0], [-9999.0], [-9999.0], [-9999.0], [-9999.0], [-9999.0], [-9999.0], [-9999.0], [-9999.0], [-9999.0], [-9999.0], [-9999.0], [-9999.0], [-9999.0], [-9999.0], [-9999.0], [-9999.0], [-9999.0], [-9999.0], [-9999.0], [-9999.0], [-9999.0], [-9999.0], [-9999.0], [-9999.0], [-9999.0], [-9999.0], [-9999.0], [-9999.0], [-9999.0], [-9999.0], [-9999.0], [-9999.0], [-9999.0], [-9999.0], [-9999.0], [-9999.0], [-9999.0], [-9999.0], [-9999.0], [-9999.0], [-9999.0], [-9999.0], [-9999.0], [-9999.0], [-9999.0], [-9999.0], [-9999.0], [-9999.0], [-9999.0], [-9999.0], [-9999.0], [-9999.0], [-9999.0], [-9999.0], [-9999.0], [-9999.0], [-9999.0], [-9999.0], [-9999.0], [-9999.0], [-9999.0], [-9999.0], [-9999.0], [-9999.0], [-9999.0], [-9999.0], [-9999.0], [-9999.0], [-9999.0], [-9999.0], [-9999.0], [-9999.0], [-9999.0], [-9999.0], [-9999.0], [-9999.0], [-9999.0], [-9999.0], [-9999.0], [-9999.0], [-9999.0], [-9999.0], [-9999.0], [-9999.0], [-9999.0], [-9999.0], [-9999.0], [-9999.0], [-9999.0], [-9999.0], [-9999.0], [-9999.0], [-9999.0], [-9999.0], [-9999.0], [-9999.0], [-9999.0], [-9999.0], [-9999.0], [-9999.0], [-9999.0], [-9999.0], [-9999.0], [-9999.0], [-9999.0], [-9999.0], [-9999.0], [-9999.0], [-9999.0], [-9999.0], [-9999.0], [-9999.0], [-9999.0], [-9999.0], [-9999.0], [-9999.0], [-9999.0], [-9999.0], [-9999.0], [-9999.0], [-9999.0], [-9999.0], [-9999.0], [-9999.0], [-9999.0], [-9999.0], [-9999.0], [-9999.0], [-9999.0], [-9999.0], [-9999.0], [-9999.0], [-9999.0], [-9999.0], [-9999.0], [-9999.0], [-9999.0], [-9999.0], [-9999.0], [-9999.0], [-9999.0], [-9999.0], [-9999.0], [-9999.0], [-9999.0], [-9999.0], [-9999.0], [-9999.0], [-9999.0], [-9999.0], [-9999.0], [-9999.0], [-9999.0], [-9999.0], [-9999.0], [-9999.0], [-9999.0], [-9999.0], [-9999.0], [-9999.0], [-9999.0], [-9999.0], [-9999.0], [-9999.0], [-9999.0], [-9999.0], [-9999.0], [-9999.0], [-9999.0], [-9999.0], [-9999.0], [-9999.0], [-9999.0], [-9999.0], [-9999.0], [-9999.0], [-9999.0], [-9999.0], [-9999.0], [-9999.0], [-9999.0], [-9999.0], [-9999.0], [-9999.0], [-9999.0], [-9999.0], [-9999.0], [-9999.0], [-9999.0], [-9999.0], [-9999.0], [-9999.0], [-9999.0], [-9999.0], [-9999.0], [-9999.0], [-9999.0], [-9999.0], [-9999.0], [-9999.0], [-9999.0], [-9999.0], [-9999.0], [-9999.0], [-9999.0], [-9999.0], [-9999.0], [-9999.0], [-9999.0], [-9999.0], [-9999.0], [-9999.0], [-9999.0], [-9999.0], [-9999.0], [-9999.0], [-9999.0], [-9999.0], [-9999.0], [-9999.0], [-9999.0], [-9999.0], [-9999.0], [-9999.0], [-9999.0], [-9999.0], [-9999.0], [-9999.0], [-9999.0], [-9999.0], [-9999.0], [-9999.0], [-9999.0], [-9999.0], [-9999.0], [-9999.0], [-9999.0], [-9999.0], [-9999.0], [-9999.0], [-9999.0], [-9999.0], [-9999.0], [-9999.0], [-9999.0], [-9999.0], [-9999.0], [-9999.0], [-9999.0], [-9999.0], [-9999.0], [-9999.0], [-9999.0], [-9999.0], [-9999.0]]",
floatingse.tower_xyz,intermediate,m,"[[0.0, 0.0, 10.0], [0.0, 0.0, 12.666666666666668], [0.0, 0.0, 15.333333333333336], [0.0, 0.0, 18.000000000000004], [0.0, 0.0, 20.666666666666668], [0.0, 0.0, 23.333333333333336], [0.0, 0.0, 26.0], [0.0, 0.0, 28.666666666666668], [0.0, 0.0, 31.333333333333332], [0.0, 0.0, 34.0], [0.0, 0.0, 36.666666666666664], [0.0, 0.0, 39.333333333333336], [0.0, 0.0, 42.0], [0.0, 0.0, 44.66666666666667], [0.0, 0.0, 47.333333333333336], [0.0, 0.0, 50.0], [0.0, 0.0, 52.666666666666664], [0.0, 0.0, 55.33333333333334], [0.0, 0.0, 58.00000000000001], [0.0, 0.0, 60.66666666666667], [0.0, 0.0, 63.33333333333333], [0.0, 0.0, 66.0], [0.0, 0.0, 68.66666666666666], [0.0, 0.0, 71.33333333333334], [0.0, 0.0, 74.0], [0.0, 0.0, 76.66666666666667], [0.0, 0.0, 79.33333333333334], [0.0, 0.0, 82.00000000000001], [0.0, 0.0, 84.66666666666667], [0.0, 0.0, 87.33333333333333], [0.0, 0.0, 90.0]]",
floatingse.tower_A,intermediate,m**2,"[0.581936290891845, 0.5740927519118546, 0.5662492129318643, 0.5415354419135704, 0.5336351971861869, 0.5257349524587914, 0.5019876288345623, 0.4946158816729109, 0.4872441345112595, 0.46458234035060686, 0.45744648909813096, 0.450310637845652, 0.42845538087137536, 0.42129004263025477, 0.4141247043891311, 0.39323589480889815, 0.3865718353747672, 0.37990777594063624, 0.3600908864445933, 0.35366272291963485, 0.3472345593946794, 0.3283568985339346, 0.3221646309181486, 0.31597236330236567, 0.29791938546717256, 0.2917339225410752, 0.2855484596149779, 0.26846192917382233, 0.2627414533763828, 0.2570209775789433]",
floatingse.tower_Asx,intermediate,m**2,"[0.3268664530123531, 0.3224690301611473, 0.3180716107278138, 0.3041799831520474, 0.29975077151425944, 0.2953215636958355, 0.2819728641841248, 0.277839953750352, 0.27370704699655823, 0.26096803810376434, 0.2569673838404034, 0.2529667334023498, 0.24068100035114204, 0.23666381800291356, 0.23264663996873702, 0.2209038344902362, 0.21716769343673215, 0.21343155658301713, 0.20229081102389235, 0.19868692660950385, 0.1950830466103176, 0.18446996861189813, 0.18099834104571372, 0.1775267181433442, 0.16737708874935367, 0.1639092811501172, 0.16044147891157365, 0.15083477604684128, 0.1476276635786636, 0.14442055644474855]",
floatingse.tower_Asy,intermediate,m**2,"[0.3268664530123531, 0.3224690301611473, 0.3180716107278138, 0.3041799831520474, 0.29975077151425944, 0.2953215636958355, 0.2819728641841248, 0.277839953750352, 0.27370704699655823, 0.26096803810376434, 0.2569673838404034, 0.2529667334023498, 0.24068100035114204, 0.23666381800291356, 0.23264663996873702, 0.2209038344902362, 0.21716769343673215, 0.21343155658301713, 0.20229081102389235, 0.19868692660950385, 0.1950830466103176, 0.18446996861189813, 0.18099834104571372, 0.1775267181433442, 0.16737708874935367, 0.1639092811501172, 0.16044147891157365, 0.15083477604684128, 0.1476276635786636, 0.14442055644474855]",
floatingse.tower_Ixx,intermediate,kg*m**2,"[3.007626053012849, 2.8876457183810316, 2.770899439584993, 2.5763341701269193, 2.4652170625655425, 2.357341788827059, 2.1855471149720245, 2.0906702307983984, 1.9985796827582116, 1.8489224821727206, 1.7650286466093805, 1.6837117596012885, 1.5511244894755818, 1.47459825498615, 1.400631357505689, 1.2855957211694584, 1.221338029420452, 1.1592580256773874, 1.0609270281230652, 1.0051185865724837, 0.9513024450276848, 0.8668865561452064, 0.8187621601417845, 0.7724526248925333, 0.699771638286153, 0.6570845330146073, 0.6161697113224953, 0.5551468694578138, 0.5204104439006135, 0.48715412853076573]",
floatingse.tower_Iyy,intermediate,kg*m**2,"[3.007626053012849, 2.8876457183810316, 2.770899439584993, 2.5763341701269193, 2.4652170625655425, 2.357341788827059, 2.1855471149720245, 2.0906702307983984, 1.9985796827582116, 1.8489224821727206, 1.7650286466093805, 1.6837117596012885, 1.5511244894755818, 1.47459825498615, 1.400631357505689, 1.2855957211694584, 1.221338029420452, 1.1592580256773874, 1.0609270281230652, 1.0051185865724837, 0.9513024450276848, 0.8668865561452064, 0.8187621601417845, 0.7724526248925333, 0.699771638286153, 0.6570845330146073, 0.6161697113224953, 0.5551468694578138, 0.5204104439006135, 0.48715412853076573]",
floatingse.tower_J0,intermediate,kg*m**2,"[6.015252106025698, 5.775291436762063, 5.541798879169986, 5.152668340253839, 4.930434125131085, 4.714683577654118, 4.371094229944049, 4.181340461596797, 3.9971593655164233, 3.697844964345441, 3.530057293218761, 3.367423519202577, 3.1022489789511636, 2.9491965099723, 2.801262715011378, 2.571191442338917, 2.442676058840904, 2.318516051354775, 2.1218540562461303, 2.0102371731449673, 1.9026048900553696, 1.7337731122904128, 1.637524320283569, 1.5449052497850666, 1.399543276572306, 1.3141690660292147, 1.2323394226449906, 1.1102937389156275, 1.040820887801227, 0.9743082570615315]",
floatingse.tower_rho,intermediate,kg/m**3,"[7800.0, 7800.0, 7800.0, 7800.0, 7800.0, 7800.0, 7800.0, 7800.0, 7800.0, 7800.0, 7800.0, 7800.0, 7800.0, 7800.0, 7800.0, 7800.000000000001, 7800.000000000001, 7800.000000000001, 7800.0, 7800.0, 7800.0, 7800.0, 7800.0, 7800.0, 7800.000000000001, 7800.000000000001, 7800.000000000001, 7799.999999999999, 7799.999999999999, 7799.999999999999]",
floatingse.tower_E,intermediate,Pa,"[200000000000.0, 200000000000.0, 200000000000.0, 200000000000.0, 200000000000.0, 200000000000.0, 200000000000.0, 200000000000.0, 200000000000.0, 200000000000.0, 200000000000.0, 200000000000.0, 200000000000.0, 200000000000.0, 200000000000.0, 200000000000.0, 200000000000.0, 200000000000.0, 200000000000.0, 200000000000.0, 200000000000.0, 200000000000.0, 200000000000.0, 200000000000.0, 200000000000.0, 200000000000.0, 200000000000.0, 200000000000.0, 200000000000.0, 200000000000.0]",
floatingse.tower_G,intermediate,Pa,"[79300000000.0, 79300000000.0, 79300000000.0, 79300000000.0, 79300000000.0, 79300000000.0, 79300000000.0, 79300000000.0, 79300000000.0, 79300000000.0, 79300000000.0, 79300000000.0, 79300000000.0, 79300000000.0, 79300000000.0, 79300000000.0, 79300000000.0, 79300000000.0, 79300000000.0, 79300000000.0, 79300000000.0, 79300000000.0, 79300000000.0, 79300000000.0, 79300000000.0, 79300000000.0, 79300000000.0, 79300000000.0, 79300000000.0, 79300000000.0]",
floatingse.platform_total_center_of_mass,output,m,"[-1.7667038406276798e-17, 7.066815362510719e-17, -62.865042062103335]",
floatingse.platform_I_total,output,kg*m**2,"[-575286657.4055257, -575286657.4055257, 48641717.604432166, -3.4924596548080444e-10, -5.272040970568712e-10, -6.851513356189508e-10]",
floatingse.platform_Awater,output,m**2,0.0,
floatingse.system_mass,output,kg,1364987.1706186747,
floatingse.system_I,output,kg*m**2,"[4646716468.3934, 4553897763.436918, 69339389.33479732, -3.4924596548080444e-10, 7427260.233884268, 9.968169425632333e-10]",
floatingse.metacentric_height_roll,output,m,-16.981249943387283,
floatingse.metacentric_height_pitch,output,m,-16.981249943387283,
floatingse.platform_ballast_mass,output,kg,4500000.0,
floatingse.platform_hull_mass,output,kg,813881.8635357078,
floatingse.platform_I_hull,output,kg*m**2,"[176473228.5134695, 176473228.5134695, 48641717.604432166, -3.4924596548080444e-10, -9.313225746154785e-10, 9.313225746154785e-10]",
floatingse.turbine_mass,intermediate,kg,541311.1874840711,
floatingse.turbine_cg,intermediate,m,"[-0.5972370323454533, 0.0, 64.00284662384153]",
floatingse.turbine_I,intermediate,kg*m**2,"[2861711658.9485645, 2768816383.9485645, 20621101.68684753, 0.0, 503710.467, 0.0]",
floatingse.platform_variable_capacity,output,m**3,"[879.0056221399366, 0.0, 0.0, 0.0]",
floatingse.member0:variable_ballast_Vpts,intermediate,m**3,"[0.0, 111.75901705880325, 223.5180341176065, 335.27705117641, 447.03606823521324, 558.7950852940166, 670.5541023528198, 763.1050289903967, 826.3897047788392, 879.0056221399366]",
floatingse.member0:variable_ballast_spts,intermediate,,"[0.4, 0.4666666666666667, 0.5333333333333333, 0.6000000000000001, 0.6666666666666667, 0.7333333333333334, 0.8, 0.8666666666666667, 0.9333333333333333, 1.0]",
floatingse.member1:variable_ballast_Vpts,intermediate,m**3,"[0.0, 0.0, 0.0, 0.0, 0.0, 0.0, 0.0, 0.0, 0.0, 0.0]",
floatingse.member1:variable_ballast_spts,intermediate,,"[0.0, 0.0, 0.0, 0.0, 0.0, 0.0, 0.0, 0.0, 0.0, 0.0]",
floatingse.member2:variable_ballast_Vpts,intermediate,m**3,"[0.0, 0.0, 0.0, 0.0, 0.0, 0.0, 0.0, 0.0, 0.0, 0.0]",
floatingse.member2:variable_ballast_spts,intermediate,,"[0.0, 0.0, 0.0, 0.0, 0.0, 0.0, 0.0, 0.0, 0.0, 0.0]",
floatingse.member3:variable_ballast_Vpts,intermediate,m**3,"[0.0, 0.0, 0.0, 0.0, 0.0, 0.0, 0.0, 0.0, 0.0, 0.0]",
floatingse.member3:variable_ballast_spts,intermediate,,"[0.0, 0.0, 0.0, 0.0, 0.0, 0.0, 0.0, 0.0, 0.0, 0.0]",
floatingse.member0:nodes_r,intermediate,m,"[4.7, 4.7, 4.7, 4.7, 4.7, 4.7, 4.7, 4.7, 4.7, 4.7, 4.7, 4.7, 4.7, 4.676422764227643, 3.9749999999999988, 3.25, 3.25, 3.25, 3.25, -9999.0, -9999.0, -9999.0, -9999.0, -9999.0, -9999.0, -9999.0, -9999.0, -9999.0, -9999.0, -9999.0, -9999.0, -9999.0, -9999.0, -9999.0, -9999.0, -9999.0, -9999.0, -9999.0, -9999.0, -9999.0, -9999.0, -9999.0, -9999.0, -9999.0, -9999.0, -9999.0, -9999.0, -9999.0, -9999.0, -9999.0, -9999.0, -9999.0, -9999.0, -9999.0, -9999.0, -9999.0, -9999.0, -9999.0, -9999.0, -9999.0, -9999.0, -9999.0, -9999.0, -9999.0, -9999.0, -9999.0, -9999.0, -9999.0, -9999.0, -9999.0, -9999.0, -9999.0, -9999.0, -9999.0, -9999.0, -9999.0, -9999.0, -9999.0, -9999.0, -9999.0, -9999.0, -9999.0, -9999.0, -9999.0, -9999.0, -9999.0, -9999.0, -9999.0, -9999.0, -9999.0, -9999.0, -9999.0, -9999.0, -9999.0, -9999.0, -9999.0, -9999.0, -9999.0, -9999.0, -9999.0, -9999.0, -9999.0, -9999.0, -9999.0, -9999.0, -9999.0, -9999.0, -9999.0, -9999.0, -9999.0, -9999.0, -9999.0, -9999.0, -9999.0, -9999.0, -9999.0, -9999.0, -9999.0, -9999.0, -9999.0, -9999.0, -9999.0, -9999.0, -9999.0, -9999.0, -9999.0, -9999.0, -9999.0, -9999.0, -9999.0, -9999.0, -9999.0, -9999.0, -9999.0, -9999.0, -9999.0, -9999.0, -9999.0, -9999.0, -9999.0, -9999.0, -9999.0, -9999.0, -9999.0, -9999.0, -9999.0, -9999.0, -9999.0, -9999.0, -9999.0, -9999.0, -9999.0, -9999.0, -9999.0, -9999.0, -9999.0, -9999.0, -9999.0, -9999.0, -9999.0, -9999.0, -9999.0, -9999.0, -9999.0, -9999.0, -9999.0, -9999.0, -9999.0, -9999.0, -9999.0, -9999.0, -9999.0, -9999.0, -9999.0, -9999.0, -9999.0, -9999.0, -9999.0, -9999.0, -9999.0, -9999.0, -9999.0, -9999.0, -9999.0, -9999.0, -9999.0, -9999.0, -9999.0, -9999.0, -9999.0, -9999.0, -9999.0, -9999.0, -9999.0, -9999.0, -9999.0, -9999.0, -9999.0, -9999.0, -9999.0]",
floatingse.member0:section_D,intermediate,m,"[9.4, 9.4, 9.4, 9.4, 9.4, 9.4, 9.4, 9.4, 9.4, 9.4, 9.4, 9.4, 9.4, 8.674999999999999, 7.224999999999999, 6.5, 6.5, 6.5, -9999.0, -9999.0, -9999.0, -9999.0, -9999.0, -9999.0, -9999.0, -9999.0, -9999.0, -9999.0, -9999.0, -9999.0, -9999.0, -9999.0, -9999.0, -9999.0, -9999.0, -9999.0, -9999.0, -9999.0, -9999.0, -9999.0, -9999.0, -9999.0, -9999.0, -9999.0, -9999.0, -9999.0, -9999.0, -9999.0, -9999.0, -9999.0, -9999.0, -9999.0, -9999.0, -9999.0, -9999.0, -9999.0, -9999.0, -9999.0, -9999.0, -9999.0, -9999.0, -9999.0, -9999.0, -9999.0, -9999.0, -9999.0, -9999.0, -9999.0, -9999.0, -9999.0, -9999.0, -9999.0, -9999.0, -9999.0, -9999.0, -9999.0, -9999.0, -9999.0, -9999.0, -9999.0, -9999.0, -9999.0, -9999.0, -9999.0, -9999.0, -9999.0, -9999.0, -9999.0, -9999.0, -9999.0, -9999.0, -9999.0, -9999.0, -9999.0, -9999.0, -9999.0, -9999.0, -9999.0, -9999.0, -9999.0, -9999.0, -9999.0, -9999.0, -9999.0, -9999.0, -9999.0, -9999.0, -9999.0, -9999.0, -9999.0, -9999.0, -9999.0, -9999.0, -9999.0, -9999.0, -9999.0, -9999.0, -9999.0, -9999.0, -9999.0, -9999.0, -9999.0, -9999.0, -9999.0, -9999.0, -9999.0, -9999.0, -9999.0, -9999.0, -9999.0, -9999.0, -9999.0, -9999.0, -9999.0, -9999.0, -9999.0, -9999.0, -9999.0, -9999.0, -9999.0, -9999.0, -9999.0, -9999.0, -9999.0, -9999.0, -9999.0, -9999.0, -9999.0, -9999.0, -9999.0, -9999.0, -9999.0, -9999.0, -9999.0, -9999.0, -9999.0, -9999.0, -9999.0, -9999.0, -9999.0, -9999.0, -9999.0, -9999.0, -9999.0, -9999.0, -9999.0, -9999.0, -9999.0, -9999.0, -9999.0, -9999.0, -9999.0, -9999.0, -9999.0, -9999.0, -9999.0, -9999.0, -9999.0, -9999.0, -9999.0, -9999.0, -9999.0, -9999.0, -9999.0, -9999.0, -9999.0, -9999.0, -9999.0, -9999.0, -9999.0, -9999.0, -9999.0, -9999.0, -9999.0, -9999.0, -9999.0, -9999.0, -9999.0, -9999.0, -9999.0]",
floatingse.member0:Iwaterx,intermediate,m**4,0.0,
floatingse.member0:Iwatery,intermediate,m**4,0.0,
floatingse.member0:section_t,intermediate,m,"[4.7, 0.08, 4.7, 0.08, 0.08, 0.08, 0.08, 0.08, 4.7, 0.08, 0.08, 4.7, 4.7, 0.08, 0.08, 0.08, 0.08, 3.25, -9999.0, -9999.0, -9999.0, -9999.0, -9999.0, -9999.0, -9999.0, -9999.0, -9999.0, -9999.0, -9999.0, -9999.0, -9999.0, -9999.0, -9999.0, -9999.0, -9999.0, -9999.0, -9999.0, -9999.0, -9999.0, -9999.0, -9999.0, -9999.0, -9999.0, -9999.0, -9999.0, -9999.0, -9999.0, -9999.0, -9999.0, -9999.0, -9999.0, -9999.0, -9999.0, -9999.0, -9999.0, -9999.0, -9999.0, -9999.0, -9999.0, -9999.0, -9999.0, -9999.0, -9999.0, -9999.0, -9999.0, -9999.0, -9999.0, -9999.0, -9999.0, -9999.0, -9999.0, -9999.0, -9999.0, -9999.0, -9999.0, -9999.0, -9999.0, -9999.0, -9999.0, -9999.0, -9999.0, -9999.0, -9999.0, -9999.0, -9999.0, -9999.0, -9999.0, -9999.0, -9999.0, -9999.0, -9999.0, -9999.0, -9999.0, -9999.0, -9999.0, -9999.0, -9999.0, -9999.0, -9999.0, -9999.0, -9999.0, -9999.0, -9999.0, -9999.0, -9999.0, -9999.0, -9999.0, -9999.0, -9999.0, -9999.0, -9999.0, -9999.0, -9999.0, -9999.0, -9999.0, -9999.0, -9999.0, -9999.0, -9999.0, -9999.0, -9999.0, -9999.0, -9999.0, -9999.0, -9999.0, -9999.0, -9999.0, -9999.0, -9999.0, -9999.0, -9999.0, -9999.0, -9999.0, -9999.0, -9999.0, -9999.0, -9999.0, -9999.0, -9999.0, -9999.0, -9999.0, -9999.0, -9999.0, -9999.0, -9999.0, -9999.0, -9999.0, -9999.0, -9999.0, -9999.0, -9999.0, -9999.0, -9999.0, -9999.0, -9999.0, -9999.0, -9999.0, -9999.0, -9999.0, -9999.0, -9999.0, -9999.0, -9999.0, -9999.0, -9999.0, -9999.0, -9999.0, -9999.0, -9999.0, -9999.0, -9999.0, -9999.0, -9999.0, -9999.0, -9999.0, -9999.0, -9999.0, -9999.0, -9999.0, -9999.0, -9999.0, -9999.0, -9999.0, -9999.0, -9999.0, -9999.0, -9999.0, -9999.0, -9999.0, -9999.0, -9999.0, -9999.0, -9999.0, -9999.0, -9999.0, -9999.0, -9999.0, -9999.0, -9999.0, -9999.0]",
floatingse.member0:section_A,intermediate,m**2,"[69.39778171779854, 2.3423714825165596, 69.39778171779854, 2.3423714825165596, 2.3423714825165596, 2.3423714825165596, 2.3423714825165596, 2.3423714825165596, 69.39778171779854, 2.3423714825165596, 2.3423714825165596, 69.39778171779854, 69.39778171779854, 2.160159108608341, 1.795734360791926, 1.6135219868837187, 1.6135219868837187, 33.18307240354219, -9999.0, -9999.0, -9999.0, -9999.0, -9999.0, -9999.0, -9999.0, -9999.0, -9999.0, -9999.0, -9999.0, -9999.0, -9999.0, -9999.0, -9999.0, -9999.0, -9999.0, -9999.0, -9999.0, -9999.0, -9999.0, -9999.0, -9999.0, -9999.0, -9999.0, -9999.0, -9999.0, -9999.0, -9999.0, -9999.0, -9999.0, -9999.0, -9999.0, -9999.0, -9999.0, -9999.0, -9999.0, -9999.0, -9999.0, -9999.0, -9999.0, -9999.0, -9999.0, -9999.0, -9999.0, -9999.0, -9999.0, -9999.0, -9999.0, -9999.0, -9999.0, -9999.0, -9999.0, -9999.0, -9999.0, -9999.0, -9999.0, -9999.0, -9999.0, -9999.0, -9999.0, -9999.0, -9999.0, -9999.0, -9999.0, -9999.0, -9999.0, -9999.0, -9999.0, -9999.0, -9999.0, -9999.0, -9999.0, -9999.0, -9999.0, -9999.0, -9999.0, -9999.0, -9999.0, -9999.0, -9999.0, -9999.0, -9999.0, -9999.0, -9999.0, -9999.0, -9999.0, -9999.0, -9999.0, -9999.0, -9999.0, -9999.0, -9999.0, -9999.0, -9999.0, -9999.0, -9999.0, -9999.0, -9999.0, -9999.0, -9999.0, -9999.0, -9999.0, -9999.0, -9999.0, -9999.0, -9999.0, -9999.0, -9999.0, -9999.0, -9999.0, -9999.0, -9999.0, -9999.0, -9999.0, -9999.0, -9999.0, -9999.0, -9999.0, -9999.0, -9999.0, -9999.0, -9999.0, -9999.0, -9999.0, -9999.0, -9999.0, -9999.0, -9999.0, -9999.0, -9999.0, -9999.0, -9999.0, -9999.0, -9999.0, -9999.0, -9999.0, -9999.0, -9999.0, -9999.0, -9999.0, -9999.0, -9999.0, -9999.0, -9999.0, -9999.0, -9999.0, -9999.0, -9999.0, -9999.0, -9999.0, -9999.0, -9999.0, -9999.0, -9999.0, -9999.0, -9999.0, -9999.0, -9999.0, -9999.0, -9999.0, -9999.0, -9999.0, -9999.0, -9999.0, -9999.0, -9999.0, -9999.0, -9999.0, -9999.0, -9999.0, -9999.0, -9999.0, -9999.0, -9999.0, -9999.0, -9999.0, -9999.0, -9999.0, -9999.0, -9999.0, -9999.0]",
floatingse.member0:section_Asx,intermediate,m**2,"[61.728892729543674, 1.4277767276183688, 61.728892729543674, 1.4277767276183688, 1.4277767276183688, 1.4277767276183688, 1.4277767276183688, 1.4277767276183688, 61.728892729543674, 1.4277767276183688, 1.4277767276183688, 61.728892729543674, 61.728892729543674, 1.317152665926515, 1.095912822027277, 0.9852988397114465, 0.9852988397114465, 29.516135330729064, -9999.0, -9999.0, -9999.0, -9999.0, -9999.0, -9999.0, -9999.0, -9999.0, -9999.0, -9999.0, -9999.0, -9999.0, -9999.0, -9999.0, -9999.0, -9999.0, -9999.0, -9999.0, -9999.0, -9999.0, -9999.0, -9999.0, -9999.0, -9999.0, -9999.0, -9999.0, -9999.0, -9999.0, -9999.0, -9999.0, -9999.0, -9999.0, -9999.0, -9999.0, -9999.0, -9999.0, -9999.0, -9999.0, -9999.0, -9999.0, -9999.0, -9999.0, -9999.0, -9999.0, -9999.0, -9999.0, -9999.0, -9999.0, -9999.0, -9999.0, -9999.0, -9999.0, -9999.0, -9999.0, -9999.0, -9999.0, -9999.0, -9999.0, -9999.0, -9999.0, -9999.0, -9999.0, -9999.0, -9999.0, -9999.0, -9999.0, -9999.0, -9999.0, -9999.0, -9999.0, -9999.0, -9999.0, -9999.0, -9999.0, -9999.0, -9999.0, -9999.0, -9999.0, -9999.0, -9999.0, -9999.0, -9999.0, -9999.0, -9999.0, -9999.0, -9999.0, -9999.0, -9999.0, -9999.0, -9999.0, -9999.0, -9999.0, -9999.0, -9999.0, -9999.0, -9999.0, -9999.0, -9999.0, -9999.0, -9999.0, -9999.0, -9999.0, -9999.0, -9999.0, -9999.0, -9999.0, -9999.0, -9999.0, -9999.0, -9999.0, -9999.0, -9999.0, -9999.0, -9999.0, -9999.0, -9999.0, -9999.0, -9999.0, -9999.0, -9999.0, -9999.0, -9999.0, -9999.0, -9999.0, -9999.0, -9999.0, -9999.0, -9999.0, -9999.0, -9999.0, -9999.0, -9999.0, -9999.0, -9999.0, -9999.0, -9999.0, -9999.0, -9999.0, -9999.0, -9999.0, -9999.0, -9999.0, -9999.0, -9999.0, -9999.0, -9999.0, -9999.0, -9999.0, -9999.0, -9999.0, -9999.0, -9999.0, -9999.0, -9999.0, -9999.0, -9999.0, -9999.0, -9999.0, -9999.0, -9999.0, -9999.0, -9999.0, -9999.0, -9999.0, -9999.0, -9999.0, -9999.0, -9999.0, -9999.0, -9999.0, -9999.0, -9999.0, -9999.0, -9999.0, -9999.0, -9999.0, -9999.0, -9999.0, -9999.0, -9999.0, -9999.0, -9999.0]",
floatingse.member0:section_Asy,intermediate,m**2,"[61.728892729543674, 1.4277767276183688, 61.728892729543674, 1.4277767276183688, 1.4277767276183688, 1.4277767276183688, 1.4277767276183688, 1.4277767276183688, 61.728892729543674, 1.4277767276183688, 1.4277767276183688, 61.728892729543674, 61.728892729543674, 1.317152665926515, 1.095912822027277, 0.9852988397114465, 0.9852988397114465, 29.516135330729064, -9999.0, -9999.0, -9999.0, -9999.0, -9999.0, -9999.0, -9999.0, -9999.0, -9999.0, -9999.0, -9999.0, -9999.0, -9999.0, -9999.0, -9999.0, -9999.0, -9999.0, -9999.0, -9999.0, -9999.0, -9999.0, -9999.0, -9999.0, -9999.0, -9999.0, -9999.0, -9999.0, -9999.0, -9999.0, -9999.0, -9999.0, -9999.0, -9999.0, -9999.0, -9999.0, -9999.0, -9999.0, -9999.0, -9999.0, -9999.0, -9999.0, -9999.0, -9999.0, -9999.0, -9999.0, -9999.0, -9999.0, -9999.0, -9999.0, -9999.0, -9999.0, -9999.0, -9999.0, -9999.0, -9999.0, -9999.0, -9999.0, -9999.0, -9999.0, -9999.0, -9999.0, -9999.0, -9999.0, -9999.0, -9999.0, -9999.0, -9999.0, -9999.0, -9999.0, -9999.0, -9999.0, -9999.0, -9999.0, -9999.0, -9999.0, -9999.0, -9999.0, -9999.0, -9999.0, -9999.0, -9999.0, -9999.0, -9999.0, -9999.0, -9999.0, -9999.0, -9999.0, -9999.0, -9999.0, -9999.0, -9999.0, -9999.0, -9999.0, -9999.0, -9999.0, -9999.0, -9999.0, -9999.0, -9999.0, -9999.0, -9999.0, -9999.0, -9999.0, -9999.0, -9999.0, -9999.0, -9999.0, -9999.0, -9999.0, -9999.0, -9999.0, -9999.0, -9999.0, -9999.0, -9999.0, -9999.0, -9999.0, -9999.0, -9999.0, -9999.0, -9999.0, -9999.0, -9999.0, -9999.0, -9999.0, -9999.0, -9999.0, -9999.0, -9999.0, -9999.0, -9999.0, -9999.0, -9999.0, -9999.0, -9999.0, -9999.0, -9999.0, -9999.0, -9999.0, -9999.0, -9999.0, -9999.0, -9999.0, -9999.0, -9999.0, -9999.0, -9999.0, -9999.0, -9999.0, -9999.0, -9999.0, -9999.0, -9999.0, -9999.0, -9999.0, -9999.0, -9999.0, -9999.0, -9999.0, -9999.0, -9999.0, -9999.0, -9999.0, -9999.0, -9999.0, -9999.0, -9999.0, -9999.0, -9999.0, -9999.0, -9999.0, -9999.0, -9999.0, -9999.0, -9999.0, -9999.0, -9999.0, -9999.0, -9999.0, -9999.0, -9999.0, -9999.0]",
floatingse.member0:section_Ixx,intermediate,kg*m**2,"[383.24924953654244, 25.434874980054236, 383.24924953654244, 25.434874980054236, 25.434874980054236, 25.434874980054236, 25.434874980054236, 25.434874980054236, 383.24924953654244, 25.434874980054236, 25.434874980054236, 383.24924953654244, 383.24924953654244, 19.94918412645069, 11.460696555757096, 8.31423677011377, 8.31423677011377, 87.6240505656036, -9999.0, -9999.0, -9999.0, -9999.0, -9999.0, -9999.0, -9999.0, -9999.0, -9999.0, -9999.0, -9999.0, -9999.0, -9999.0, -9999.0, -9999.0, -9999.0, -9999.0, -9999.0, -9999.0, -9999.0, -9999.0, -9999.0, -9999.0, -9999.0, -9999.0, -9999.0, -9999.0, -9999.0, -9999.0, -9999.0, -9999.0, -9999.0, -9999.0, -9999.0, -9999.0, -9999.0, -9999.0, -9999.0, -9999.0, -9999.0, -9999.0, -9999.0, -9999.0, -9999.0, -9999.0, -9999.0, -9999.0, -9999.0, -9999.0, -9999.0, -9999.0, -9999.0, -9999.0, -9999.0, -9999.0, -9999.0, -9999.0, -9999.0, -9999.0, -9999.0, -9999.0, -9999.0, -9999.0, -9999.0, -9999.0, -9999.0, -9999.0, -9999.0, -9999.0, -9999.0, -9999.0, -9999.0, -9999.0, -9999.0, -9999.0, -9999.0, -9999.0, -9999.0, -9999.0, -9999.0, -9999.0, -9999.0, -9999.0, -9999.0, -9999.0, -9999.0, -9999.0, -9999.0, -9999.0, -9999.0, -9999.0, -9999.0, -9999.0, -9999.0, -9999.0, -9999.0, -9999.0, -9999.0, -9999.0, -9999.0, -9999.0, -9999.0, -9999.0, -9999.0, -9999.0, -9999.0, -9999.0, -9999.0, -9999.0, -9999.0, -9999.0, -9999.0, -9999.0, -9999.0, -9999.0, -9999.0, -9999.0, -9999.0, -9999.0, -9999.0, -9999.0, -9999.0, -9999.0, -9999.0, -9999.0, -9999.0, -9999.0, -9999.0, -9999.0, -9999.0, -9999.0, -9999.0, -9999.0, -9999.0, -9999.0, -9999.0, -9999.0, -9999.0, -9999.0, -9999.0, -9999.0, -9999.0, -9999.0, -9999.0, -9999.0, -9999.0, -9999.0, -9999.0, -9999.0, -9999.0, -9999.0, -9999.0, -9999.0, -9999.0, -9999.0, -9999.0, -9999.0, -9999.0, -9999.0, -9999.0, -9999.0, -9999.0, -9999.0, -9999.0, -9999.0, -9999.0, -9999.0, -9999.0, -9999.0, -9999.0, -9999.0, -9999.0, -9999.0, -9999.0, -9999.0, -9999.0, -9999.0, -9999.0, -9999.0, -9999.0, -9999.0, -9999.0]",
floatingse.member0:section_Iyy,intermediate,kg*m**2,"[383.24924953654244, 25.434874980054236, 383.24924953654244, 25.434874980054236, 25.434874980054236, 25.434874980054236, 25.434874980054236, 25.434874980054236, 383.24924953654244, 25.434874980054236, 25.434874980054236, 383.24924953654244, 383.24924953654244, 19.94918412645069, 11.460696555757096, 8.31423677011377, 8.31423677011377, 87.6240505656036, -9999.0, -9999.0, -9999.0, -9999.0, -9999.0, -9999.0, -9999.0, -9999.0, -9999.0, -9999.0, -9999.0, -9999.0, -9999.0, -9999.0, -9999.0, -9999.0, -9999.0, -9999.0, -9999.0, -9999.0, -9999.0, -9999.0, -9999.0, -9999.0, -9999.0, -9999.0, -9999.0, -9999.0, -9999.0, -9999.0, -9999.0, -9999.0, -9999.0, -9999.0, -9999.0, -9999.0, -9999.0, -9999.0, -9999.0, -9999.0, -9999.0, -9999.0, -9999.0, -9999.0, -9999.0, -9999.0, -9999.0, -9999.0, -9999.0, -9999.0, -9999.0, -9999.0, -9999.0, -9999.0, -9999.0, -9999.0, -9999.0, -9999.0, -9999.0, -9999.0, -9999.0, -9999.0, -9999.0, -9999.0, -9999.0, -9999.0, -9999.0, -9999.0, -9999.0, -9999.0, -9999.0, -9999.0, -9999.0, -9999.0, -9999.0, -9999.0, -9999.0, -9999.0, -9999.0, -9999.0, -9999.0, -9999.0, -9999.0, -9999.0, -9999.0, -9999.0, -9999.0, -9999.0, -9999.0, -9999.0, -9999.0, -9999.0, -9999.0, -9999.0, -9999.0, -9999.0, -9999.0, -9999.0, -9999.0, -9999.0, -9999.0, -9999.0, -9999.0, -9999.0, -9999.0, -9999.0, -9999.0, -9999.0, -9999.0, -9999.0, -9999.0, -9999.0, -9999.0, -9999.0, -9999.0, -9999.0, -9999.0, -9999.0, -9999.0, -9999.0, -9999.0, -9999.0, -9999.0, -9999.0, -9999.0, -9999.0, -9999.0, -9999.0, -9999.0, -9999.0, -9999.0, -9999.0, -9999.0, -9999.0, -9999.0, -9999.0, -9999.0, -9999.0, -9999.0, -9999.0, -9999.0, -9999.0, -9999.0, -9999.0, -9999.0, -9999.0, -9999.0, -9999.0, -9999.0, -9999.0, -9999.0, -9999.0, -9999.0, -9999.0, -9999.0, -9999.0, -9999.0, -9999.0, -9999.0, -9999.0, -9999.0, -9999.0, -9999.0, -9999.0, -9999.0, -9999.0, -9999.0, -9999.0, -9999.0, -9999.0, -9999.0, -9999.0, -9999.0, -9999.0, -9999.0, -9999.0, -9999.0, -9999.0, -9999.0, -9999.0, -9999.0, -9999.0]",
floatingse.member0:section_J0,intermediate,kg*m**2,"[766.4984990730849, 50.86974996010847, 766.4984990730849, 50.86974996010847, 50.86974996010847, 50.86974996010847, 50.86974996010847, 50.86974996010847, 766.4984990730849, 50.86974996010847, 50.86974996010847, 766.4984990730849, 766.4984990730849, 39.89836825290138, 22.921393111514192, 16.62847354022754, 16.62847354022754, 175.2481011312072, -9999.0, -9999.0, -9999.0, -9999.0, -9999.0, -9999.0, -9999.0, -9999.0, -9999.0, -9999.0, -9999.0, -9999.0, -9999.0, -9999.0, -9999.0, -9999.0, -9999.0, -9999.0, -9999.0, -9999.0, -9999.0, -9999.0, -9999.0, -9999.0, -9999.0, -9999.0, -9999.0, -9999.0, -9999.0, -9999.0, -9999.0, -9999.0, -9999.0, -9999.0, -9999.0, -9999.0, -9999.0, -9999.0, -9999.0, -9999.0, -9999.0, -9999.0, -9999.0, -9999.0, -9999.0, -9999.0, -9999.0, -9999.0, -9999.0, -9999.0, -9999.0, -9999.0, -9999.0, -9999.0, -9999.0, -9999.0, -9999.0, -9999.0, -9999.0, -9999.0, -9999.0, -9999.0, -9999.0, -9999.0, -9999.0, -9999.0, -9999.0, -9999.0, -9999.0, -9999.0, -9999.0, -9999.0, -9999.0, -9999.0, -9999.0, -9999.0, -9999.0, -9999.0, -9999.0, -9999.0, -9999.0, -9999.0, -9999.0, -9999.0, -9999.0, -9999.0, -9999.0, -9999.0, -9999.0, -9999.0, -9999.0, -9999.0, -9999.0, -9999.0, -9999.0, -9999.0, -9999.0, -9999.0, -9999.0, -9999.0, -9999.0, -9999.0, -9999.0, -9999.0, -9999.0, -9999.0, -9999.0, -9999.0, -9999.0, -9999.0, -9999.0, -9999.0, -9999.0, -9999.0, -9999.0, -9999.0, -9999.0, -9999.0, -9999.0, -9999.0, -9999.0, -9999.0, -9999.0, -9999.0, -9999.0, -9999.0, -9999.0, -9999.0, -9999.0, -9999.0, -9999.0, -9999.0, -9999.0, -9999.0, -9999.0, -9999.0, -9999.0, -9999.0, -9999.0, -9999.0, -9999.0, -9999.0, -9999.0, -9999.0, -9999.0, -9999.0, -9999.0, -9999.0, -9999.0, -9999.0, -9999.0, -9999.0, -9999.0, -9999.0, -9999.0, -9999.0, -9999.0, -9999.0, -9999.0, -9999.0, -9999.0, -9999.0, -9999.0, -9999.0, -9999.0, -9999.0, -9999.0, -9999.0, -9999.0, -9999.0, -9999.0, -9999.0, -9999.0, -9999.0, -9999.0, -9999.0, -9999.0, -9999.0, -9999.0, -9999.0, -9999.0, -9999.0]",
floatingse.member0:section_rho,intermediate,kg/m**3,"[14284.357120086273, 199912.99461199733, 14284.357120086273, 199912.99461199733, 199912.99461199733, 199912.99461199733, 199912.99461199733, 7800.0, 7800.0, 7800.0, 7800.0, 7800.0, 7800.0, 7800.0, 7800.0, 7800.0, 7800.0, 7800.0, -9999.0, -9999.0, -9999.0, -9999.0, -9999.0, -9999.0, -9999.0, -9999.0, -9999.0, -9999.0, -9999.0, -9999.0, -9999.0, -9999.0, -9999.0, -9999.0, -9999.0, -9999.0, -9999.0, -9999.0, -9999.0, -9999.0, -9999.0, -9999.0, -9999.0, -9999.0, -9999.0, -9999.0, -9999.0, -9999.0, -9999.0, -9999.0, -9999.0, -9999.0, -9999.0, -9999.0, -9999.0, -9999.0, -9999.0, -9999.0, -9999.0, -9999.0, -9999.0, -9999.0, -9999.0, -9999.0, -9999.0, -9999.0, -9999.0, -9999.0, -9999.0, -9999.0, -9999.0, -9999.0, -9999.0, -9999.0, -9999.0, -9999.0, -9999.0, -9999.0, -9999.0, -9999.0, -9999.0, -9999.0, -9999.0, -9999.0, -9999.0, -9999.0, -9999.0, -9999.0, -9999.0, -9999.0, -9999.0, -9999.0, -9999.0, -9999.0, -9999.0, -9999.0, -9999.0, -9999.0, -9999.0, -9999.0, -9999.0, -9999.0, -9999.0, -9999.0, -9999.0, -9999.0, -9999.0, -9999.0, -9999.0, -9999.0, -9999.0, -9999.0, -9999.0, -9999.0, -9999.0, -9999.0, -9999.0, -9999.0, -9999.0, -9999.0, -9999.0, -9999.0, -9999.0, -9999.0, -9999.0, -9999.0, -9999.0, -9999.0, -9999.0, -9999.0, -9999.0, -9999.0, -9999.0, -9999.0, -9999.0, -9999.0, -9999.0, -9999.0, -9999.0, -9999.0, -9999.0, -9999.0, -9999.0, -9999.0, -9999.0, -9999.0, -9999.0, -9999.0, -9999.0, -9999.0, -9999.0, -9999.0, -9999.0, -9999.0, -9999.0, -9999.0, -9999.0, -9999.0, -9999.0, -9999.0, -9999.0, -9999.0, -9999.0, -9999.0, -9999.0, -9999.0, -9999.0, -9999.0, -9999.0, -9999.0, -9999.0, -9999.0, -9999.0, -9999.0, -9999.0, -9999.0, -9999.0, -9999.0, -9999.0, -9999.0, -9999.0, -9999.0, -9999.0, -9999.0, -9999.0, -9999.0, -9999.0, -9999.0, -9999.0, -9999.0, -9999.0, -9999.0, -9999.0, -9999.0, -9999.0, -9999.0, -9999.0, -9999.0, -9999.0, -9999.0]",
floatingse.member0:section_E,intermediate,Pa,"[200000000000.0, 200000000000.0, 200000000000.0, 200000000000.0, 200000000000.0, 200000000000.0, 200000000000.0, 200000000000.0, 200000000000.0, 200000000000.0, 200000000000.0, 200000000000.0, 200000000000.0, 200000000000.0, 200000000000.0, 200000000000.0, 200000000000.0, 200000000000.0, -9999.0, -9999.0, -9999.0, -9999.0, -9999.0, -9999.0, -9999.0, -9999.0, -9999.0, -9999.0, -9999.0, -9999.0, -9999.0, -9999.0, -9999.0, -9999.0, -9999.0, -9999.0, -9999.0, -9999.0, -9999.0, -9999.0, -9999.0, -9999.0, -9999.0, -9999.0, -9999.0, -9999.0, -9999.0, -9999.0, -9999.0, -9999.0, -9999.0, -9999.0, -9999.0, -9999.0, -9999.0, -9999.0, -9999.0, -9999.0, -9999.0, -9999.0, -9999.0, -9999.0, -9999.0, -9999.0, -9999.0, -9999.0, -9999.0, -9999.0, -9999.0, -9999.0, -9999.0, -9999.0, -9999.0, -9999.0, -9999.0, -9999.0, -9999.0, -9999.0, -9999.0, -9999.0, -9999.0, -9999.0, -9999.0, -9999.0, -9999.0, -9999.0, -9999.0, -9999.0, -9999.0, -9999.0, -9999.0, -9999.0, -9999.0, -9999.0, -9999.0, -9999.0, -9999.0, -9999.0, -9999.0, -9999.0, -9999.0, -9999.0, -9999.0, -9999.0, -9999.0, -9999.0, -9999.0, -9999.0, -9999.0, -9999.0, -9999.0, -9999.0, -9999.0, -9999.0, -9999.0, -9999.0, -9999.0, -9999.0, -9999.0, -9999.0, -9999.0, -9999.0, -9999.0, -9999.0, -9999.0, -9999.0, -9999.0, -9999.0, -9999.0, -9999.0, -9999.0, -9999.0, -9999.0, -9999.0, -9999.0, -9999.0, -9999.0, -9999.0, -9999.0, -9999.0, -9999.0, -9999.0, -9999.0, -9999.0, -9999.0, -9999.0, -9999.0, -9999.0, -9999.0, -9999.0, -9999.0, -9999.0, -9999.0, -9999.0, -9999.0, -9999.0, -9999.0, -9999.0, -9999.0, -9999.0, -9999.0, -9999.0, -9999.0, -9999.0, -9999.0, -9999.0, -9999.0, -9999.0, -9999.0, -9999.0, -9999.0, -9999.0, -9999.0, -9999.0, -9999.0, -9999.0, -9999.0, -9999.0, -9999.0, -9999.0, -9999.0, -9999.0, -9999.0, -9999.0, -9999.0, -9999.0, -9999.0, -9999.0, -9999.0, -9999.0, -9999.0, -9999.0, -9999.0, -9999.0, -9999.0, -9999.0, -9999.0, -9999.0, -9999.0, -9999.0]",
floatingse.member0:section_G,intermediate,Pa,"[79300000000.0, 79300000000.0, 79300000000.0, 79300000000.0, 79300000000.0, 79300000000.0, 79300000000.0, 79300000000.0, 79300000000.0, 79300000000.0, 79300000000.0, 79300000000.0, 79300000000.0, 79300000000.0, 79300000000.0, 79300000000.0, 79300000000.0, 79300000000.0, -9999.0, -9999.0, -9999.0, -9999.0, -9999.0, -9999.0, -9999.0, -9999.0, -9999.0, -9999.0, -9999.0, -9999.0, -9999.0, -9999.0, -9999.0, -9999.0, -9999.0, -9999.0, -9999.0, -9999.0, -9999.0, -9999.0, -9999.0, -9999.0, -9999.0, -9999.0, -9999.0, -9999.0, -9999.0, -9999.0, -9999.0, -9999.0, -9999.0, -9999.0, -9999.0, -9999.0, -9999.0, -9999.0, -9999.0, -9999.0, -9999.0, -9999.0, -9999.0, -9999.0, -9999.0, -9999.0, -9999.0, -9999.0, -9999.0, -9999.0, -9999.0, -9999.0, -9999.0, -9999.0, -9999.0, -9999.0, -9999.0, -9999.0, -9999.0, -9999.0, -9999.0, -9999.0, -9999.0, -9999.0, -9999.0, -9999.0, -9999.0, -9999.0, -9999.0, -9999.0, -9999.0, -9999.0, -9999.0, -9999.0, -9999.0, -9999.0, -9999.0, -9999.0, -9999.0, -9999.0, -9999.0, -9999.0, -9999.0, -9999.0, -9999.0, -9999.0, -9999.0, -9999.0, -9999.0, -9999.0, -9999.0, -9999.0, -9999.0, -9999.0, -9999.0, -9999.0, -9999.0, -9999.0, -9999.0, -9999.0, -9999.0, -9999.0, -9999.0, -9999.0, -9999.0, -9999.0, -9999.0, -9999.0, -9999.0, -9999.0, -9999.0, -9999.0, -9999.0, -9999.0, -9999.0, -9999.0, -9999.0, -9999.0, -9999.0, -9999.0, -9999.0, -9999.0, -9999.0, -9999.0, -9999.0, -9999.0, -9999.0, -9999.0, -9999.0, -9999.0, -9999.0, -9999.0, -9999.0, -9999.0, -9999.0, -9999.0, -9999.0, -9999.0, -9999.0, -9999.0, -9999.0, -9999.0, -9999.0, -9999.0, -9999.0, -9999.0, -9999.0, -9999.0, -9999.0, -9999.0, -9999.0, -9999.0, -9999.0, -9999.0, -9999.0, -9999.0, -9999.0, -9999.0, -9999.0, -9999.0, -9999.0, -9999.0, -9999.0, -9999.0, -9999.0, -9999.0, -9999.0, -9999.0, -9999.0, -9999.0, -9999.0, -9999.0, -9999.0, -9999.0, -9999.0, -9999.0, -9999.0, -9999.0, -9999.0, -9999.0, -9999.0, -9999.0]",
floatingse.member0:section_TorsC,intermediate,m**3,"[0.0, 10.823351055342227, 0.0, 10.823351055342227, 10.823351055342227, 10.823351055342227, 10.823351055342227, 10.823351055342227, 0.0, 10.823351055342227, 10.823351055342227, 0.0, 0.0, 9.198471066951328, 6.345022314606005, 5.116453396993089, 5.116453396993089, 0.0, -9999.0, -9999.0, -9999.0, -9999.0, -9999.0, -9999.0, -9999.0, -9999.0, -9999.0, -9999.0, -9999.0, -9999.0, -9999.0, -9999.0, -9999.0, -9999.0, -9999.0, -9999.0, -9999.0, -9999.0, -9999.0, -9999.0, -9999.0, -9999.0, -9999.0, -9999.0, -9999.0, -9999.0, -9999.0, -9999.0, -9999.0, -9999.0, -9999.0, -9999.0, -9999.0, -9999.0, -9999.0, -9999.0, -9999.0, -9999.0, -9999.0, -9999.0, -9999.0, -9999.0, -9999.0, -9999.0, -9999.0, -9999.0, -9999.0, -9999.0, -9999.0, -9999.0, -9999.0, -9999.0, -9999.0, -9999.0, -9999.0, -9999.0, -9999.0, -9999.0, -9999.0, -9999.0, -9999.0, -9999.0, -9999.0, -9999.0, -9999.0, -9999.0, -9999.0, -9999.0, -9999.0, -9999.0, -9999.0, -9999.0, -9999.0, -9999.0, -9999.0, -9999.0, -9999.0, -9999.0, -9999.0, -9999.0, -9999.0, -9999.0, -9999.0, -9999.0, -9999.0, -9999.0, -9999.0, -9999.0, -9999.0, -9999.0, -9999.0, -9999.0, -9999.0, -9999.0, -9999.0, -9999.0, -9999.0, -9999.0, -9999.0, -9999.0, -9999.0, -9999.0, -9999.0, -9999.0, -9999.0, -9999.0, -9999.0, -9999.0, -9999.0, -9999.0, -9999.0, -9999.0, -9999.0, -9999.0, -9999.0, -9999.0, -9999.0, -9999.0, -9999.0, -9999.0, -9999.0, -9999.0, -9999.0, -9999.0, -9999.0, -9999.0, -9999.0, -9999.0, -9999.0, -9999.0, -9999.0, -9999.0, -9999.0, -9999.0, -9999.0, -9999.0, -9999.0, -9999.0, -9999.0, -9999.0, -9999.0, -9999.0, -9999.0, -9999.0, -9999.0, -9999.0, -9999.0, -9999.0, -9999.0, -9999.0, -9999.0, -9999.0, -9999.0, -9999.0, -9999.0, -9999.0, -9999.0, -9999.0, -9999.0, -9999.0, -9999.0, -9999.0, -9999.0, -9999.0, -9999.0, -9999.0, -9999.0, -9999.0, -9999.0, -9999.0, -9999.0, -9999.0, -9999.0, -9999.0, -9999.0, -9999.0, -9999.0, -9999.0, -9999.0, -9999.0]",
floatingse.member0:section_sigma_y,intermediate,Pa,"[345000000.0, 345000000.0, 345000000.0, 345000000.0, 345000000.0, 345000000.0, 345000000.0, 345000000.0, 345000000.0, 345000000.0, 345000000.0, 345000000.0, 345000000.0, 345000000.0, 345000000.0, 345000000.0, 345000000.0, 345000000.0, -9999.0, -9999.0, -9999.0, -9999.0, -9999.0, -9999.0, -9999.0, -9999.0, -9999.0, -9999.0, -9999.0, -9999.0, -9999.0, -9999.0, -9999.0, -9999.0, -9999.0, -9999.0, -9999.0, -9999.0, -9999.0, -9999.0, -9999.0, -9999.0, -9999.0, -9999.0, -9999.0, -9999.0, -9999.0, -9999.0, -9999.0, -9999.0, -9999.0, -9999.0, -9999.0, -9999.0, -9999.0, -9999.0, -9999.0, -9999.0, -9999.0, -9999.0, -9999.0, -9999.0, -9999.0, -9999.0, -9999.0, -9999.0, -9999.0, -9999.0, -9999.0, -9999.0, -9999.0, -9999.0, -9999.0, -9999.0, -9999.0, -9999.0, -9999.0, -9999.0, -9999.0, -9999.0, -9999.0, -9999.0, -9999.0, -9999.0, -9999.0, -9999.0, -9999.0, -9999.0, -9999.0, -9999.0, -9999.0, -9999.0, -9999.0, -9999.0, -9999.0, -9999.0, -9999.0, -9999.0, -9999.0, -9999.0, -9999.0, -9999.0, -9999.0, -9999.0, -9999.0, -9999.0, -9999.0, -9999.0, -9999.0, -9999.0, -9999.0, -9999.0, -9999.0, -9999.0, -9999.0, -9999.0, -9999.0, -9999.0, -9999.0, -9999.0, -9999.0, -9999.0, -9999.0, -9999.0, -9999.0, -9999.0, -9999.0, -9999.0, -9999.0, -9999.0, -9999.0, -9999.0, -9999.0, -9999.0, -9999.0, -9999.0, -9999.0, -9999.0, -9999.0, -9999.0, -9999.0, -9999.0, -9999.0, -9999.0, -9999.0, -9999.0, -9999.0, -9999.0, -9999.0, -9999.0, -9999.0, -9999.0, -9999.0, -9999.0, -9999.0, -9999.0, -9999.0, -9999.0, -9999.0, -9999.0, -9999.0, -9999.0, -9999.0, -9999.0, -9999.0, -9999.0, -9999.0, -9999.0, -9999.0, -9999.0, -9999.0, -9999.0, -9999.0, -9999.0, -9999.0, -9999.0, -9999.0, -9999.0, -9999.0, -9999.0, -9999.0, -9999.0, -9999.0, -9999.0, -9999.0, -9999.0, -9999.0, -9999.0, -9999.0, -9999.0, -9999.0, -9999.0, -9999.0, -9999.0, -9999.0, -9999.0, -9999.0, -9999.0, -9999.0, -9999.0]",
floatingse.member0:idx_cb,intermediate,,4.0,
floatingse.member0:buoyancy_force,intermediate,N,16161826.13475262,
floatingse.member0:displacement,intermediate,m**3,1607.903798201487,
floatingse.member0:center_of_buoyancy,intermediate,m,"[0.0, 0.0, -28.346849910792688]",
floatingse.member0:center_of_mass,intermediate,m,"[0.0, 0.0, -34.29240713202362]",
floatingse.member0:ballast_mass,intermediate,kg,4500000.0,
floatingse.member0:total_mass,intermediate,kg,5080155.317241306,
floatingse.member0:total_cost,intermediate,USD,5698083.2636649115,
floatingse.member0:I_total,intermediate,kg*m**2,"[77104358.36708635, 77104358.36708635, 46209002.78975144, 0.0, 0.0, 0.0]",
floatingse.member0:Awater,intermediate,m**2,0.0,
floatingse.member0:added_mass,intermediate,kg,"[1648101.3931565243, 1648101.3931565243, 141891.43333333332, 76337163.55195847, 76337163.55195847, 0.0]",
floatingse.member0:waterline_centroid,intermediate,m,"[0.0, 0.0]",
floatingse.member0:variable_ballast_capacity,intermediate,m**3,879.0056221399366,
floatingse.member1:nodes_r,intermediate,m,"[0.5, 0.5, 0.5, 0.5, 0.5, 0.5, -9999.0, -9999.0, -9999.0, -9999.0, -9999.0, -9999.0, -9999.0, -9999.0, -9999.0, -9999.0, -9999.0, -9999.0, -9999.0, -9999.0, -9999.0, -9999.0, -9999.0, -9999.0, -9999.0, -9999.0, -9999.0, -9999.0, -9999.0, -9999.0, -9999.0, -9999.0, -9999.0, -9999.0, -9999.0, -9999.0, -9999.0, -9999.0, -9999.0, -9999.0, -9999.0, -9999.0, -9999.0, -9999.0, -9999.0, -9999.0, -9999.0, -9999.0, -9999.0, -9999.0, -9999.0, -9999.0, -9999.0, -9999.0, -9999.0, -9999.0, -9999.0, -9999.0, -9999.0, -9999.0, -9999.0, -9999.0, -9999.0, -9999.0, -9999.0, -9999.0, -9999.0, -9999.0, -9999.0, -9999.0, -9999.0, -9999.0, -9999.0, -9999.0, -9999.0, -9999.0, -9999.0, -9999.0, -9999.0, -9999.0, -9999.0, -9999.0, -9999.0, -9999.0, -9999.0, -9999.0, -9999.0, -9999.0, -9999.0, -9999.0, -9999.0, -9999.0, -9999.0, -9999.0, -9999.0, -9999.0, -9999.0, -9999.0, -9999.0, -9999.0, -9999.0, -9999.0, -9999.0, -9999.0, -9999.0, -9999.0, -9999.0, -9999.0, -9999.0, -9999.0, -9999.0, -9999.0, -9999.0, -9999.0, -9999.0, -9999.0, -9999.0, -9999.0, -9999.0, -9999.0, -9999.0, -9999.0, -9999.0, -9999.0, -9999.0, -9999.0, -9999.0, -9999.0, -9999.0, -9999.0, -9999.0, -9999.0, -9999.0, -9999.0, -9999.0, -9999.0, -9999.0, -9999.0, -9999.0, -9999.0, -9999.0, -9999.0, -9999.0, -9999.0, -9999.0, -9999.0, -9999.0, -9999.0, -9999.0, -9999.0, -9999.0, -9999.0, -9999.0, -9999.0, -9999.0, -9999.0, -9999.0, -9999.0, -9999.0, -9999.0, -9999.0, -9999.0, -9999.0, -9999.0, -9999.0, -9999.0, -9999.0, -9999.0, -9999.0, -9999.0, -9999.0, -9999.0, -9999.0, -9999.0, -9999.0, -9999.0, -9999.0, -9999.0, -9999.0, -9999.0, -9999.0, -9999.0, -9999.0, -9999.0, -9999.0, -9999.0, -9999.0, -9999.0, -9999.0, -9999.0, -9999.0, -9999.0, -9999.0, -9999.0, -9999.0, -9999.0, -9999.0, -9999.0, -9999.0, -9999.0]",
floatingse.member1:section_D,intermediate,m,"[1.0, 1.0, 1.0, 1.0, 0.01, -9999.0, -9999.0, -9999.0, -9999.0, -9999.0, -9999.0, -9999.0, -9999.0, -9999.0, -9999.0, -9999.0, -9999.0, -9999.0, -9999.0, -9999.0, -9999.0, -9999.0, -9999.0, -9999.0, -9999.0, -9999.0, -9999.0, -9999.0, -9999.0, -9999.0, -9999.0, -9999.0, -9999.0, -9999.0, -9999.0, -9999.0, -9999.0, -9999.0, -9999.0, -9999.0, -9999.0, -9999.0, -9999.0, -9999.0, -9999.0, -9999.0, -9999.0, -9999.0, -9999.0, -9999.0, -9999.0, -9999.0, -9999.0, -9999.0, -9999.0, -9999.0, -9999.0, -9999.0, -9999.0, -9999.0, -9999.0, -9999.0, -9999.0, -9999.0, -9999.0, -9999.0, -9999.0, -9999.0, -9999.0, -9999.0, -9999.0, -9999.0, -9999.0, -9999.0, -9999.0, -9999.0, -9999.0, -9999.0, -9999.0, -9999.0, -9999.0, -9999.0, -9999.0, -9999.0, -9999.0, -9999.0, -9999.0, -9999.0, -9999.0, -9999.0, -9999.0, -9999.0, -9999.0, -9999.0, -9999.0, -9999.0, -9999.0, -9999.0, -9999.0, -9999.0, -9999.0, -9999.0, -9999.0, -9999.0, -9999.0, -9999.0, -9999.0, -9999.0, -9999.0, -9999.0, -9999.0, -9999.0, -9999.0, -9999.0, -9999.0, -9999.0, -9999.0, -9999.0, -9999.0, -9999.0, -9999.0, -9999.0, -9999.0, -9999.0, -9999.0, -9999.0, -9999.0, -9999.0, -9999.0, -9999.0, -9999.0, -9999.0, -9999.0, -9999.0, -9999.0, -9999.0, -9999.0, -9999.0, -9999.0, -9999.0, -9999.0, -9999.0, -9999.0, -9999.0, -9999.0, -9999.0, -9999.0, -9999.0, -9999.0, -9999.0, -9999.0, -9999.0, -9999.0, -9999.0, -9999.0, -9999.0, -9999.0, -9999.0, -9999.0, -9999.0, -9999.0, -9999.0, -9999.0, -9999.0, -9999.0, -9999.0, -9999.0, -9999.0, -9999.0, -9999.0, -9999.0, -9999.0, -9999.0, -9999.0, -9999.0, -9999.0, -9999.0, -9999.0, -9999.0, -9999.0, -9999.0, -9999.0, -9999.0, -9999.0, -9999.0, -9999.0, -9999.0, -9999.0, -9999.0, -9999.0, -9999.0, -9999.0, -9999.0, -9999.0, -9999.0, -9999.0, -9999.0, -9999.0, -9999.0, -9999.0]",
floatingse.member1:Iwaterx,intermediate,m**4,0.0,
floatingse.member1:Iwatery,intermediate,m**4,0.0,
floatingse.member1:section_t,intermediate,m,"[0.5, 0.1, 0.1, 0.5, 0.01, -9999.0, -9999.0, -9999.0, -9999.0, -9999.0, -9999.0, -9999.0, -9999.0, -9999.0, -9999.0, -9999.0, -9999.0, -9999.0, -9999.0, -9999.0, -9999.0, -9999.0, -9999.0, -9999.0, -9999.0, -9999.0, -9999.0, -9999.0, -9999.0, -9999.0, -9999.0, -9999.0, -9999.0, -9999.0, -9999.0, -9999.0, -9999.0, -9999.0, -9999.0, -9999.0, -9999.0, -9999.0, -9999.0, -9999.0, -9999.0, -9999.0, -9999.0, -9999.0, -9999.0, -9999.0, -9999.0, -9999.0, -9999.0, -9999.0, -9999.0, -9999.0, -9999.0, -9999.0, -9999.0, -9999.0, -9999.0, -9999.0, -9999.0, -9999.0, -9999.0, -9999.0, -9999.0, -9999.0, -9999.0, -9999.0, -9999.0, -9999.0, -9999.0, -9999.0, -9999.0, -9999.0, -9999.0, -9999.0, -9999.0, -9999.0, -9999.0, -9999.0, -9999.0, -9999.0, -9999.0, -9999.0, -9999.0, -9999.0, -9999.0, -9999.0, -9999.0, -9999.0, -9999.0, -9999.0, -9999.0, -9999.0, -9999.0, -9999.0, -9999.0, -9999.0, -9999.0, -9999.0, -9999.0, -9999.0, -9999.0, -9999.0, -9999.0, -9999.0, -9999.0, -9999.0, -9999.0, -9999.0, -9999.0, -9999.0, -9999.0, -9999.0, -9999.0, -9999.0, -9999.0, -9999.0, -9999.0, -9999.0, -9999.0, -9999.0, -9999.0, -9999.0, -9999.0, -9999.0, -9999.0, -9999.0, -9999.0, -9999.0, -9999.0, -9999.0, -9999.0, -9999.0, -9999.0, -9999.0, -9999.0, -9999.0, -9999.0, -9999.0, -9999.0, -9999.0, -9999.0, -9999.0, -9999.0, -9999.0, -9999.0, -9999.0, -9999.0, -9999.0, -9999.0, -9999.0, -9999.0, -9999.0, -9999.0, -9999.0, -9999.0, -9999.0, -9999.0, -9999.0, -9999.0, -9999.0, -9999.0, -9999.0, -9999.0, -9999.0, -9999.0, -9999.0, -9999.0, -9999.0, -9999.0, -9999.0, -9999.0, -9999.0, -9999.0, -9999.0, -9999.0, -9999.0, -9999.0, -9999.0, -9999.0, -9999.0, -9999.0, -9999.0, -9999.0, -9999.0, -9999.0, -9999.0, -9999.0, -9999.0, -9999.0, -9999.0, -9999.0, -9999.0, -9999.0, -9999.0, -9999.0, -9999.0]",
floatingse.member1:section_A,intermediate,m**2,"[0.7853981633974483, 0.2827433388230813, 0.2827433388230813, 0.7853981633974483, 0.01, -9999.0, -9999.0, -9999.0, -9999.0, -9999.0, -9999.0, -9999.0, -9999.0, -9999.0, -9999.0, -9999.0, -9999.0, -9999.0, -9999.0, -9999.0, -9999.0, -9999.0, -9999.0, -9999.0, -9999.0, -9999.0, -9999.0, -9999.0, -9999.0, -9999.0, -9999.0, -9999.0, -9999.0, -9999.0, -9999.0, -9999.0, -9999.0, -9999.0, -9999.0, -9999.0, -9999.0, -9999.0, -9999.0, -9999.0, -9999.0, -9999.0, -9999.0, -9999.0, -9999.0, -9999.0, -9999.0, -9999.0, -9999.0, -9999.0, -9999.0, -9999.0, -9999.0, -9999.0, -9999.0, -9999.0, -9999.0, -9999.0, -9999.0, -9999.0, -9999.0, -9999.0, -9999.0, -9999.0, -9999.0, -9999.0, -9999.0, -9999.0, -9999.0, -9999.0, -9999.0, -9999.0, -9999.0, -9999.0, -9999.0, -9999.0, -9999.0, -9999.0, -9999.0, -9999.0, -9999.0, -9999.0, -9999.0, -9999.0, -9999.0, -9999.0, -9999.0, -9999.0, -9999.0, -9999.0, -9999.0, -9999.0, -9999.0, -9999.0, -9999.0, -9999.0, -9999.0, -9999.0, -9999.0, -9999.0, -9999.0, -9999.0, -9999.0, -9999.0, -9999.0, -9999.0, -9999.0, -9999.0, -9999.0, -9999.0, -9999.0, -9999.0, -9999.0, -9999.0, -9999.0, -9999.0, -9999.0, -9999.0, -9999.0, -9999.0, -9999.0, -9999.0, -9999.0, -9999.0, -9999.0, -9999.0, -9999.0, -9999.0, -9999.0, -9999.0, -9999.0, -9999.0, -9999.0, -9999.0, -9999.0, -9999.0, -9999.0, -9999.0, -9999.0, -9999.0, -9999.0, -9999.0, -9999.0, -9999.0, -9999.0, -9999.0, -9999.0, -9999.0, -9999.0, -9999.0, -9999.0, -9999.0, -9999.0, -9999.0, -9999.0, -9999.0, -9999.0, -9999.0, -9999.0, -9999.0, -9999.0, -9999.0, -9999.0, -9999.0, -9999.0, -9999.0, -9999.0, -9999.0, -9999.0, -9999.0, -9999.0, -9999.0, -9999.0, -9999.0, -9999.0, -9999.0, -9999.0, -9999.0, -9999.0, -9999.0, -9999.0, -9999.0, -9999.0, -9999.0, -9999.0, -9999.0, -9999.0, -9999.0, -9999.0, -9999.0, -9999.0, -9999.0, -9999.0, -9999.0, -9999.0, -9999.0]",
floatingse.member1:section_Asx,intermediate,m**2,"[0.698606753390037, 0.18261539511206404, 0.18261539511206404, 0.698606753390037, 0.01, -9999.0, -9999.0, -9999.0, -9999.0, -9999.0, -9999.0, -9999.0, -9999.0, -9999.0, -9999.0, -9999.0, -9999.0, -9999.0, -9999.0, -9999.0, -9999.0, -9999.0, -9999.0, -9999.0, -9999.0, -9999.0, -9999.0, -9999.0, -9999.0, -9999.0, -9999.0, -9999.0, -9999.0, -9999.0, -9999.0, -9999.0, -9999.0, -9999.0, -9999.0, -9999.0, -9999.0, -9999.0, -9999.0, -9999.0, -9999.0, -9999.0, -9999.0, -9999.0, -9999.0, -9999.0, -9999.0, -9999.0, -9999.0, -9999.0, -9999.0, -9999.0, -9999.0, -9999.0, -9999.0, -9999.0, -9999.0, -9999.0, -9999.0, -9999.0, -9999.0, -9999.0, -9999.0, -9999.0, -9999.0, -9999.0, -9999.0, -9999.0, -9999.0, -9999.0, -9999.0, -9999.0, -9999.0, -9999.0, -9999.0, -9999.0, -9999.0, -9999.0, -9999.0, -9999.0, -9999.0, -9999.0, -9999.0, -9999.0, -9999.0, -9999.0, -9999.0, -9999.0, -9999.0, -9999.0, -9999.0, -9999.0, -9999.0, -9999.0, -9999.0, -9999.0, -9999.0, -9999.0, -9999.0, -9999.0, -9999.0, -9999.0, -9999.0, -9999.0, -9999.0, -9999.0, -9999.0, -9999.0, -9999.0, -9999.0, -9999.0, -9999.0, -9999.0, -9999.0, -9999.0, -9999.0, -9999.0, -9999.0, -9999.0, -9999.0, -9999.0, -9999.0, -9999.0, -9999.0, -9999.0, -9999.0, -9999.0, -9999.0, -9999.0, -9999.0, -9999.0, -9999.0, -9999.0, -9999.0, -9999.0, -9999.0, -9999.0, -9999.0, -9999.0, -9999.0, -9999.0, -9999.0, -9999.0, -9999.0, -9999.0, -9999.0, -9999.0, -9999.0, -9999.0, -9999.0, -9999.0, -9999.0, -9999.0, -9999.0, -9999.0, -9999.0, -9999.0, -9999.0, -9999.0, -9999.0, -9999.0, -9999.0, -9999.0, -9999.0, -9999.0, -9999.0, -9999.0, -9999.0, -9999.0, -9999.0, -9999.0, -9999.0, -9999.0, -9999.0, -9999.0, -9999.0, -9999.0, -9999.0, -9999.0, -9999.0, -9999.0, -9999.0, -9999.0, -9999.0, -9999.0, -9999.0, -9999.0, -9999.0, -9999.0, -9999.0, -9999.0, -9999.0, -9999.0, -9999.0, -9999.0, -9999.0]",
floatingse.member1:section_Asy,intermediate,m**2,"[0.698606753390037, 0.18261539511206404, 0.18261539511206404, 0.698606753390037, 0.01, -9999.0, -9999.0, -9999.0, -9999.0, -9999.0, -9999.0, -9999.0, -9999.0, -9999.0, -9999.0, -9999.0, -9999.0, -9999.0, -9999.0, -9999.0, -9999.0, -9999.0, -9999.0, -9999.0, -9999.0, -9999.0, -9999.0, -9999.0, -9999.0, -9999.0, -9999.0, -9999.0, -9999.0, -9999.0, -9999.0, -9999.0, -9999.0, -9999.0, -9999.0, -9999.0, -9999.0, -9999.0, -9999.0, -9999.0, -9999.0, -9999.0, -9999.0, -9999.0, -9999.0, -9999.0, -9999.0, -9999.0, -9999.0, -9999.0, -9999.0, -9999.0, -9999.0, -9999.0, -9999.0, -9999.0, -9999.0, -9999.0, -9999.0, -9999.0, -9999.0, -9999.0, -9999.0, -9999.0, -9999.0, -9999.0, -9999.0, -9999.0, -9999.0, -9999.0, -9999.0, -9999.0, -9999.0, -9999.0, -9999.0, -9999.0, -9999.0, -9999.0, -9999.0, -9999.0, -9999.0, -9999.0, -9999.0, -9999.0, -9999.0, -9999.0, -9999.0, -9999.0, -9999.0, -9999.0, -9999.0, -9999.0, -9999.0, -9999.0, -9999.0, -9999.0, -9999.0, -9999.0, -9999.0, -9999.0, -9999.0, -9999.0, -9999.0, -9999.0, -9999.0, -9999.0, -9999.0, -9999.0, -9999.0, -9999.0, -9999.0, -9999.0, -9999.0, -9999.0, -9999.0, -9999.0, -9999.0, -9999.0, -9999.0, -9999.0, -9999.0, -9999.0, -9999.0, -9999.0, -9999.0, -9999.0, -9999.0, -9999.0, -9999.0, -9999.0, -9999.0, -9999.0, -9999.0, -9999.0, -9999.0, -9999.0, -9999.0, -9999.0, -9999.0, -9999.0, -9999.0, -9999.0, -9999.0, -9999.0, -9999.0, -9999.0, -9999.0, -9999.0, -9999.0, -9999.0, -9999.0, -9999.0, -9999.0, -9999.0, -9999.0, -9999.0, -9999.0, -9999.0, -9999.0, -9999.0, -9999.0, -9999.0, -9999.0, -9999.0, -9999.0, -9999.0, -9999.0, -9999.0, -9999.0, -9999.0, -9999.0, -9999.0, -9999.0, -9999.0, -9999.0, -9999.0, -9999.0, -9999.0, -9999.0, -9999.0, -9999.0, -9999.0, -9999.0, -9999.0, -9999.0, -9999.0, -9999.0, -9999.0, -9999.0, -9999.0, -9999.0, -9999.0, -9999.0, -9999.0, -9999.0, -9999.0]",
floatingse.member1:section_Ixx,intermediate,kg*m**2,"[0.04908738521234052, 0.028981192229365838, 0.028981192229365838, 0.04908738521234052, 0.01, -9999.0, -9999.0, -9999.0, -9999.0, -9999.0, -9999.0, -9999.0, -9999.0, -9999.0, -9999.0, -9999.0, -9999.0, -9999.0, -9999.0, -9999.0, -9999.0, -9999.0, -9999.0, -9999.0, -9999.0, -9999.0, -9999.0, -9999.0, -9999.0, -9999.0, -9999.0, -9999.0, -9999.0, -9999.0, -9999.0, -9999.0, -9999.0, -9999.0, -9999.0, -9999.0, -9999.0, -9999.0, -9999.0, -9999.0, -9999.0, -9999.0, -9999.0, -9999.0, -9999.0, -9999.0, -9999.0, -9999.0, -9999.0, -9999.0, -9999.0, -9999.0, -9999.0, -9999.0, -9999.0, -9999.0, -9999.0, -9999.0, -9999.0, -9999.0, -9999.0, -9999.0, -9999.0, -9999.0, -9999.0, -9999.0, -9999.0, -9999.0, -9999.0, -9999.0, -9999.0, -9999.0, -9999.0, -9999.0, -9999.0, -9999.0, -9999.0, -9999.0, -9999.0, -9999.0, -9999.0, -9999.0, -9999.0, -9999.0, -9999.0, -9999.0, -9999.0, -9999.0, -9999.0, -9999.0, -9999.0, -9999.0, -9999.0, -9999.0, -9999.0, -9999.0, -9999.0, -9999.0, -9999.0, -9999.0, -9999.0, -9999.0, -9999.0, -9999.0, -9999.0, -9999.0, -9999.0, -9999.0, -9999.0, -9999.0, -9999.0, -9999.0, -9999.0, -9999.0, -9999.0, -9999.0, -9999.0, -9999.0, -9999.0, -9999.0, -9999.0, -9999.0, -9999.0, -9999.0, -9999.0, -9999.0, -9999.0, -9999.0, -9999.0, -9999.0, -9999.0, -9999.0, -9999.0, -9999.0, -9999.0, -9999.0, -9999.0, -9999.0, -9999.0, -9999.0, -9999.0, -9999.0, -9999.0, -9999.0, -9999.0, -9999.0, -9999.0, -9999.0, -9999.0, -9999.0, -9999.0, -9999.0, -9999.0, -9999.0, -9999.0, -9999.0, -9999.0, -9999.0, -9999.0, -9999.0, -9999.0, -9999.0, -9999.0, -9999.0, -9999.0, -9999.0, -9999.0, -9999.0, -9999.0, -9999.0, -9999.0, -9999.0, -9999.0, -9999.0, -9999.0, -9999.0, -9999.0, -9999.0, -9999.0, -9999.0, -9999.0, -9999.0, -9999.0, -9999.0, -9999.0, -9999.0, -9999.0, -9999.0, -9999.0, -9999.0, -9999.0, -9999.0, -9999.0, -9999.0, -9999.0, -9999.0]",
floatingse.member1:section_Iyy,intermediate,kg*m**2,"[0.04908738521234052, 0.028981192229365838, 0.028981192229365838, 0.04908738521234052, 0.01, -9999.0, -9999.0, -9999.0, -9999.0, -9999.0, -9999.0, -9999.0, -9999.0, -9999.0, -9999.0, -9999.0, -9999.0, -9999.0, -9999.0, -9999.0, -9999.0, -9999.0, -9999.0, -9999.0, -9999.0, -9999.0, -9999.0, -9999.0, -9999.0, -9999.0, -9999.0, -9999.0, -9999.0, -9999.0, -9999.0, -9999.0, -9999.0, -9999.0, -9999.0, -9999.0, -9999.0, -9999.0, -9999.0, -9999.0, -9999.0, -9999.0, -9999.0, -9999.0, -9999.0, -9999.0, -9999.0, -9999.0, -9999.0, -9999.0, -9999.0, -9999.0, -9999.0, -9999.0, -9999.0, -9999.0, -9999.0, -9999.0, -9999.0, -9999.0, -9999.0, -9999.0, -9999.0, -9999.0, -9999.0, -9999.0, -9999.0, -9999.0, -9999.0, -9999.0, -9999.0, -9999.0, -9999.0, -9999.0, -9999.0, -9999.0, -9999.0, -9999.0, -9999.0, -9999.0, -9999.0, -9999.0, -9999.0, -9999.0, -9999.0, -9999.0, -9999.0, -9999.0, -9999.0, -9999.0, -9999.0, -9999.0, -9999.0, -9999.0, -9999.0, -9999.0, -9999.0, -9999.0, -9999.0, -9999.0, -9999.0, -9999.0, -9999.0, -9999.0, -9999.0, -9999.0, -9999.0, -9999.0, -9999.0, -9999.0, -9999.0, -9999.0, -9999.0, -9999.0, -9999.0, -9999.0, -9999.0, -9999.0, -9999.0, -9999.0, -9999.0, -9999.0, -9999.0, -9999.0, -9999.0, -9999.0, -9999.0, -9999.0, -9999.0, -9999.0, -9999.0, -9999.0, -9999.0, -9999.0, -9999.0, -9999.0, -9999.0, -9999.0, -9999.0, -9999.0, -9999.0, -9999.0, -9999.0, -9999.0, -9999.0, -9999.0, -9999.0, -9999.0, -9999.0, -9999.0, -9999.0, -9999.0, -9999.0, -9999.0, -9999.0, -9999.0, -9999.0, -9999.0, -9999.0, -9999.0, -9999.0, -9999.0, -9999.0, -9999.0, -9999.0, -9999.0, -9999.0, -9999.0, -9999.0, -9999.0, -9999.0, -9999.0, -9999.0, -9999.0, -9999.0, -9999.0, -9999.0, -9999.0, -9999.0, -9999.0, -9999.0, -9999.0, -9999.0, -9999.0, -9999.0, -9999.0, -9999.0, -9999.0, -9999.0, -9999.0, -9999.0, -9999.0, -9999.0, -9999.0, -9999.0, -9999.0]",
floatingse.member1:section_J0,intermediate,kg*m**2,"[0.09817477042468103, 0.057962384458731676, 0.057962384458731676, 0.09817477042468103, 0.01, -9999.0, -9999.0, -9999.0, -9999.0, -9999.0, -9999.0, -9999.0, -9999.0, -9999.0, -9999.0, -9999.0, -9999.0, -9999.0, -9999.0, -9999.0, -9999.0, -9999.0, -9999.0, -9999.0, -9999.0, -9999.0, -9999.0, -9999.0, -9999.0, -9999.0, -9999.0, -9999.0, -9999.0, -9999.0, -9999.0, -9999.0, -9999.0, -9999.0, -9999.0, -9999.0, -9999.0, -9999.0, -9999.0, -9999.0, -9999.0, -9999.0, -9999.0, -9999.0, -9999.0, -9999.0, -9999.0, -9999.0, -9999.0, -9999.0, -9999.0, -9999.0, -9999.0, -9999.0, -9999.0, -9999.0, -9999.0, -9999.0, -9999.0, -9999.0, -9999.0, -9999.0, -9999.0, -9999.0, -9999.0, -9999.0, -9999.0, -9999.0, -9999.0, -9999.0, -9999.0, -9999.0, -9999.0, -9999.0, -9999.0, -9999.0, -9999.0, -9999.0, -9999.0, -9999.0, -9999.0, -9999.0, -9999.0, -9999.0, -9999.0, -9999.0, -9999.0, -9999.0, -9999.0, -9999.0, -9999.0, -9999.0, -9999.0, -9999.0, -9999.0, -9999.0, -9999.0, -9999.0, -9999.0, -9999.0, -9999.0, -9999.0, -9999.0, -9999.0, -9999.0, -9999.0, -9999.0, -9999.0, -9999.0, -9999.0, -9999.0, -9999.0, -9999.0, -9999.0, -9999.0, -9999.0, -9999.0, -9999.0, -9999.0, -9999.0, -9999.0, -9999.0, -9999.0, -9999.0, -9999.0, -9999.0, -9999.0, -9999.0, -9999.0, -9999.0, -9999.0, -9999.0, -9999.0, -9999.0, -9999.0, -9999.0, -9999.0, -9999.0, -9999.0, -9999.0, -9999.0, -9999.0, -9999.0, -9999.0, -9999.0, -9999.0, -9999.0, -9999.0, -9999.0, -9999.0, -9999.0, -9999.0, -9999.0, -9999.0, -9999.0, -9999.0, -9999.0, -9999.0, -9999.0, -9999.0, -9999.0, -9999.0, -9999.0, -9999.0, -9999.0, -9999.0, -9999.0, -9999.0, -9999.0, -9999.0, -9999.0, -9999.0, -9999.0, -9999.0, -9999.0, -9999.0, -9999.0, -9999.0, -9999.0, -9999.0, -9999.0, -9999.0, -9999.0, -9999.0, -9999.0, -9999.0, -9999.0, -9999.0, -9999.0, -9999.0, -9999.0, -9999.0, -9999.0, -9999.0, -9999.0, -9999.0]",
floatingse.member1:section_rho,intermediate,kg/m**3,"[7800.0, 7800.0, 7800.0, 7800.0, 0.01, -9999.0, -9999.0, -9999.0, -9999.0, -9999.0, -9999.0, -9999.0, -9999.0, -9999.0, -9999.0, -9999.0, -9999.0, -9999.0, -9999.0, -9999.0, -9999.0, -9999.0, -9999.0, -9999.0, -9999.0, -9999.0, -9999.0, -9999.0, -9999.0, -9999.0, -9999.0, -9999.0, -9999.0, -9999.0, -9999.0, -9999.0, -9999.0, -9999.0, -9999.0, -9999.0, -9999.0, -9999.0, -9999.0, -9999.0, -9999.0, -9999.0, -9999.0, -9999.0, -9999.0, -9999.0, -9999.0, -9999.0, -9999.0, -9999.0, -9999.0, -9999.0, -9999.0, -9999.0, -9999.0, -9999.0, -9999.0, -9999.0, -9999.0, -9999.0, -9999.0, -9999.0, -9999.0, -9999.0, -9999.0, -9999.0, -9999.0, -9999.0, -9999.0, -9999.0, -9999.0, -9999.0, -9999.0, -9999.0, -9999.0, -9999.0, -9999.0, -9999.0, -9999.0, -9999.0, -9999.0, -9999.0, -9999.0, -9999.0, -9999.0, -9999.0, -9999.0, -9999.0, -9999.0, -9999.0, -9999.0, -9999.0, -9999.0, -9999.0, -9999.0, -9999.0, -9999.0, -9999.0, -9999.0, -9999.0, -9999.0, -9999.0, -9999.0, -9999.0, -9999.0, -9999.0, -9999.0, -9999.0, -9999.0, -9999.0, -9999.0, -9999.0, -9999.0, -9999.0, -9999.0, -9999.0, -9999.0, -9999.0, -9999.0, -9999.0, -9999.0, -9999.0, -9999.0, -9999.0, -9999.0, -9999.0, -9999.0, -9999.0, -9999.0, -9999.0, -9999.0, -9999.0, -9999.0, -9999.0, -9999.0, -9999.0, -9999.0, -9999.0, -9999.0, -9999.0, -9999.0, -9999.0, -9999.0, -9999.0, -9999.0, -9999.0, -9999.0, -9999.0, -9999.0, -9999.0, -9999.0, -9999.0, -9999.0, -9999.0, -9999.0, -9999.0, -9999.0, -9999.0, -9999.0, -9999.0, -9999.0, -9999.0, -9999.0, -9999.0, -9999.0, -9999.0, -9999.0, -9999.0, -9999.0, -9999.0, -9999.0, -9999.0, -9999.0, -9999.0, -9999.0, -9999.0, -9999.0, -9999.0, -9999.0, -9999.0, -9999.0, -9999.0, -9999.0, -9999.0, -9999.0, -9999.0, -9999.0, -9999.0, -9999.0, -9999.0, -9999.0, -9999.0, -9999.0, -9999.0, -9999.0, -9999.0]",
floatingse.member1:section_E,intermediate,Pa,"[200000000000.0, 200000000000.0, 200000000000.0, 200000000000.0, 20000000000000.0, -9999.0, -9999.0, -9999.0, -9999.0, -9999.0, -9999.0, -9999.0, -9999.0, -9999.0, -9999.0, -9999.0, -9999.0, -9999.0, -9999.0, -9999.0, -9999.0, -9999.0, -9999.0, -9999.0, -9999.0, -9999.0, -9999.0, -9999.0, -9999.0, -9999.0, -9999.0, -9999.0, -9999.0, -9999.0, -9999.0, -9999.0, -9999.0, -9999.0, -9999.0, -9999.0, -9999.0, -9999.0, -9999.0, -9999.0, -9999.0, -9999.0, -9999.0, -9999.0, -9999.0, -9999.0, -9999.0, -9999.0, -9999.0, -9999.0, -9999.0, -9999.0, -9999.0, -9999.0, -9999.0, -9999.0, -9999.0, -9999.0, -9999.0, -9999.0, -9999.0, -9999.0, -9999.0, -9999.0, -9999.0, -9999.0, -9999.0, -9999.0, -9999.0, -9999.0, -9999.0, -9999.0, -9999.0, -9999.0, -9999.0, -9999.0, -9999.0, -9999.0, -9999.0, -9999.0, -9999.0, -9999.0, -9999.0, -9999.0, -9999.0, -9999.0, -9999.0, -9999.0, -9999.0, -9999.0, -9999.0, -9999.0, -9999.0, -9999.0, -9999.0, -9999.0, -9999.0, -9999.0, -9999.0, -9999.0, -9999.0, -9999.0, -9999.0, -9999.0, -9999.0, -9999.0, -9999.0, -9999.0, -9999.0, -9999.0, -9999.0, -9999.0, -9999.0, -9999.0, -9999.0, -9999.0, -9999.0, -9999.0, -9999.0, -9999.0, -9999.0, -9999.0, -9999.0, -9999.0, -9999.0, -9999.0, -9999.0, -9999.0, -9999.0, -9999.0, -9999.0, -9999.0, -9999.0, -9999.0, -9999.0, -9999.0, -9999.0, -9999.0, -9999.0, -9999.0, -9999.0, -9999.0, -9999.0, -9999.0, -9999.0, -9999.0, -9999.0, -9999.0, -9999.0, -9999.0, -9999.0, -9999.0, -9999.0, -9999.0, -9999.0, -9999.0, -9999.0, -9999.0, -9999.0, -9999.0, -9999.0, -9999.0, -9999.0, -9999.0, -9999.0, -9999.0, -9999.0, -9999.0, -9999.0, -9999.0, -9999.0, -9999.0, -9999.0, -9999.0, -9999.0, -9999.0, -9999.0, -9999.0, -9999.0, -9999.0, -9999.0, -9999.0, -9999.0, -9999.0, -9999.0, -9999.0, -9999.0, -9999.0, -9999.0, -9999.0, -9999.0, -9999.0, -9999.0, -9999.0, -9999.0, -9999.0]",
floatingse.member1:section_G,intermediate,Pa,"[79300000000.0, 79300000000.0, 79300000000.0, 79300000000.0, 7930000000000.0, -9999.0, -9999.0, -9999.0, -9999.0, -9999.0, -9999.0, -9999.0, -9999.0, -9999.0, -9999.0, -9999.0, -9999.0, -9999.0, -9999.0, -9999.0, -9999.0, -9999.0, -9999.0, -9999.0, -9999.0, -9999.0, -9999.0, -9999.0, -9999.0, -9999.0, -9999.0, -9999.0, -9999.0, -9999.0, -9999.0, -9999.0, -9999.0, -9999.0, -9999.0, -9999.0, -9999.0, -9999.0, -9999.0, -9999.0, -9999.0, -9999.0, -9999.0, -9999.0, -9999.0, -9999.0, -9999.0, -9999.0, -9999.0, -9999.0, -9999.0, -9999.0, -9999.0, -9999.0, -9999.0, -9999.0, -9999.0, -9999.0, -9999.0, -9999.0, -9999.0, -9999.0, -9999.0, -9999.0, -9999.0, -9999.0, -9999.0, -9999.0, -9999.0, -9999.0, -9999.0, -9999.0, -9999.0, -9999.0, -9999.0, -9999.0, -9999.0, -9999.0, -9999.0, -9999.0, -9999.0, -9999.0, -9999.0, -9999.0, -9999.0, -9999.0, -9999.0, -9999.0, -9999.0, -9999.0, -9999.0, -9999.0, -9999.0, -9999.0, -9999.0, -9999.0, -9999.0, -9999.0, -9999.0, -9999.0, -9999.0, -9999.0, -9999.0, -9999.0, -9999.0, -9999.0, -9999.0, -9999.0, -9999.0, -9999.0, -9999.0, -9999.0, -9999.0, -9999.0, -9999.0, -9999.0, -9999.0, -9999.0, -9999.0, -9999.0, -9999.0, -9999.0, -9999.0, -9999.0, -9999.0, -9999.0, -9999.0, -9999.0, -9999.0, -9999.0, -9999.0, -9999.0, -9999.0, -9999.0, -9999.0, -9999.0, -9999.0, -9999.0, -9999.0, -9999.0, -9999.0, -9999.0, -9999.0, -9999.0, -9999.0, -9999.0, -9999.0, -9999.0, -9999.0, -9999.0, -9999.0, -9999.0, -9999.0, -9999.0, -9999.0, -9999.0, -9999.0, -9999.0, -9999.0, -9999.0, -9999.0, -9999.0, -9999.0, -9999.0, -9999.0, -9999.0, -9999.0, -9999.0, -9999.0, -9999.0, -9999.0, -9999.0, -9999.0, -9999.0, -9999.0, -9999.0, -9999.0, -9999.0, -9999.0, -9999.0, -9999.0, -9999.0, -9999.0, -9999.0, -9999.0, -9999.0, -9999.0, -9999.0, -9999.0, -9999.0, -9999.0, -9999.0, -9999.0, -9999.0, -9999.0, -9999.0]",
floatingse.member1:section_TorsC,intermediate,m**3,"[0.0, 0.11592476891746335, 0.11592476891746335, 0.0, 0.11592476891746335, -9999.0, -9999.0, -9999.0, -9999.0, -9999.0, -9999.0, -9999.0, -9999.0, -9999.0, -9999.0, -9999.0, -9999.0, -9999.0, -9999.0, -9999.0, -9999.0, -9999.0, -9999.0, -9999.0, -9999.0, -9999.0, -9999.0, -9999.0, -9999.0, -9999.0, -9999.0, -9999.0, -9999.0, -9999.0, -9999.0, -9999.0, -9999.0, -9999.0, -9999.0, -9999.0, -9999.0, -9999.0, -9999.0, -9999.0, -9999.0, -9999.0, -9999.0, -9999.0, -9999.0, -9999.0, -9999.0, -9999.0, -9999.0, -9999.0, -9999.0, -9999.0, -9999.0, -9999.0, -9999.0, -9999.0, -9999.0, -9999.0, -9999.0, -9999.0, -9999.0, -9999.0, -9999.0, -9999.0, -9999.0, -9999.0, -9999.0, -9999.0, -9999.0, -9999.0, -9999.0, -9999.0, -9999.0, -9999.0, -9999.0, -9999.0, -9999.0, -9999.0, -9999.0, -9999.0, -9999.0, -9999.0, -9999.0, -9999.0, -9999.0, -9999.0, -9999.0, -9999.0, -9999.0, -9999.0, -9999.0, -9999.0, -9999.0, -9999.0, -9999.0, -9999.0, -9999.0, -9999.0, -9999.0, -9999.0, -9999.0, -9999.0, -9999.0, -9999.0, -9999.0, -9999.0, -9999.0, -9999.0, -9999.0, -9999.0, -9999.0, -9999.0, -9999.0, -9999.0, -9999.0, -9999.0, -9999.0, -9999.0, -9999.0, -9999.0, -9999.0, -9999.0, -9999.0, -9999.0, -9999.0, -9999.0, -9999.0, -9999.0, -9999.0, -9999.0, -9999.0, -9999.0, -9999.0, -9999.0, -9999.0, -9999.0, -9999.0, -9999.0, -9999.0, -9999.0, -9999.0, -9999.0, -9999.0, -9999.0, -9999.0, -9999.0, -9999.0, -9999.0, -9999.0, -9999.0, -9999.0, -9999.0, -9999.0, -9999.0, -9999.0, -9999.0, -9999.0, -9999.0, -9999.0, -9999.0, -9999.0, -9999.0, -9999.0, -9999.0, -9999.0, -9999.0, -9999.0, -9999.0, -9999.0, -9999.0, -9999.0, -9999.0, -9999.0, -9999.0, -9999.0, -9999.0, -9999.0, -9999.0, -9999.0, -9999.0, -9999.0, -9999.0, -9999.0, -9999.0, -9999.0, -9999.0, -9999.0, -9999.0, -9999.0, -9999.0, -9999.0, -9999.0, -9999.0, -9999.0, -9999.0, -9999.0]",
floatingse.member1:section_sigma_y,intermediate,Pa,"[345000000.0, 345000000.0, 345000000.0, 345000000.0, 34500000000.0, -9999.0, -9999.0, -9999.0, -9999.0, -9999.0, -9999.0, -9999.0, -9999.0, -9999.0, -9999.0, -9999.0, -9999.0, -9999.0, -9999.0, -9999.0, -9999.0, -9999.0, -9999.0, -9999.0, -9999.0, -9999.0, -9999.0, -9999.0, -9999.0, -9999.0, -9999.0, -9999.0, -9999.0, -9999.0, -9999.0, -9999.0, -9999.0, -9999.0, -9999.0, -9999.0, -9999.0, -9999.0, -9999.0, -9999.0, -9999.0, -9999.0, -9999.0, -9999.0, -9999.0, -9999.0, -9999.0, -9999.0, -9999.0, -9999.0, -9999.0, -9999.0, -9999.0, -9999.0, -9999.0, -9999.0, -9999.0, -9999.0, -9999.0, -9999.0, -9999.0, -9999.0, -9999.0, -9999.0, -9999.0, -9999.0, -9999.0, -9999.0, -9999.0, -9999.0, -9999.0, -9999.0, -9999.0, -9999.0, -9999.0, -9999.0, -9999.0, -9999.0, -9999.0, -9999.0, -9999.0, -9999.0, -9999.0, -9999.0, -9999.0, -9999.0, -9999.0, -9999.0, -9999.0, -9999.0, -9999.0, -9999.0, -9999.0, -9999.0, -9999.0, -9999.0, -9999.0, -9999.0, -9999.0, -9999.0, -9999.0, -9999.0, -9999.0, -9999.0, -9999.0, -9999.0, -9999.0, -9999.0, -9999.0, -9999.0, -9999.0, -9999.0, -9999.0, -9999.0, -9999.0, -9999.0, -9999.0, -9999.0, -9999.0, -9999.0, -9999.0, -9999.0, -9999.0, -9999.0, -9999.0, -9999.0, -9999.0, -9999.0, -9999.0, -9999.0, -9999.0, -9999.0, -9999.0, -9999.0, -9999.0, -9999.0, -9999.0, -9999.0, -9999.0, -9999.0, -9999.0, -9999.0, -9999.0, -9999.0, -9999.0, -9999.0, -9999.0, -9999.0, -9999.0, -9999.0, -9999.0, -9999.0, -9999.0, -9999.0, -9999.0, -9999.0, -9999.0, -9999.0, -9999.0, -9999.0, -9999.0, -9999.0, -9999.0, -9999.0, -9999.0, -9999.0, -9999.0, -9999.0, -9999.0, -9999.0, -9999.0, -9999.0, -9999.0, -9999.0, -9999.0, -9999.0, -9999.0, -9999.0, -9999.0, -9999.0, -9999.0, -9999.0, -9999.0, -9999.0, -9999.0, -9999.0, -9999.0, -9999.0, -9999.0, -9999.0, -9999.0, -9999.0, -9999.0, -9999.0, -9999.0, -9999.0]",
floatingse.member1:idx_cb,intermediate,,1.0,
floatingse.member1:buoyancy_force,intermediate,N,278320.3419026925,
floatingse.member1:displacement,intermediate,m**3,27.689465975617342,
floatingse.member1:center_of_buoyancy,intermediate,m,"[2.9058416017276447, 0.0, -52.52226307177722]",
floatingse.member1:center_of_mass,intermediate,m,"[2.9058416017276447, 0.0, -52.52226307177722]",
floatingse.member1:ballast_mass,intermediate,kg,0.0,
floatingse.member1:total_mass,intermediate,kg,77908.84876480067,
floatingse.member1:total_cost,intermediate,USD,191159.21379024305,
floatingse.member1:I_total,intermediate,kg*m**2,"[8110118.273539156, 8110118.273539156, 15951.71045862574, 0.0, 0.0, 0.0]",
floatingse.member1:Awater,intermediate,m**2,0.0,
floatingse.member1:added_mass,intermediate,kg,"[28381.702625007776, 28381.702625007776, 170.83333333333331, 2939872.7273274693, 2939872.7273274693, 0.0]",
floatingse.member1:waterline_centroid,intermediate,m,"[0.0, 0.0]",
floatingse.member1:variable_ballast_capacity,intermediate,m**3,0.0,
floatingse.member2:nodes_r,intermediate,m,"[0.5, 0.5, 0.5, 0.5, 0.5, 0.5, -9999.0, -9999.0, -9999.0, -9999.0, -9999.0, -9999.0, -9999.0, -9999.0, -9999.0, -9999.0, -9999.0, -9999.0, -9999.0, -9999.0, -9999.0, -9999.0, -9999.0, -9999.0, -9999.0, -9999.0, -9999.0, -9999.0, -9999.0, -9999.0, -9999.0, -9999.0, -9999.0, -9999.0, -9999.0, -9999.0, -9999.0, -9999.0, -9999.0, -9999.0, -9999.0, -9999.0, -9999.0, -9999.0, -9999.0, -9999.0, -9999.0, -9999.0, -9999.0, -9999.0, -9999.0, -9999.0, -9999.0, -9999.0, -9999.0, -9999.0, -9999.0, -9999.0, -9999.0, -9999.0, -9999.0, -9999.0, -9999.0, -9999.0, -9999.0, -9999.0, -9999.0, -9999.0, -9999.0, -9999.0, -9999.0, -9999.0, -9999.0, -9999.0, -9999.0, -9999.0, -9999.0, -9999.0, -9999.0, -9999.0, -9999.0, -9999.0, -9999.0, -9999.0, -9999.0, -9999.0, -9999.0, -9999.0, -9999.0, -9999.0, -9999.0, -9999.0, -9999.0, -9999.0, -9999.0, -9999.0, -9999.0, -9999.0, -9999.0, -9999.0, -9999.0, -9999.0, -9999.0, -9999.0, -9999.0, -9999.0, -9999.0, -9999.0, -9999.0, -9999.0, -9999.0, -9999.0, -9999.0, -9999.0, -9999.0, -9999.0, -9999.0, -9999.0, -9999.0, -9999.0, -9999.0, -9999.0, -9999.0, -9999.0, -9999.0, -9999.0, -9999.0, -9999.0, -9999.0, -9999.0, -9999.0, -9999.0, -9999.0, -9999.0, -9999.0, -9999.0, -9999.0, -9999.0, -9999.0, -9999.0, -9999.0, -9999.0, -9999.0, -9999.0, -9999.0, -9999.0, -9999.0, -9999.0, -9999.0, -9999.0, -9999.0, -9999.0, -9999.0, -9999.0, -9999.0, -9999.0, -9999.0, -9999.0, -9999.0, -9999.0, -9999.0, -9999.0, -9999.0, -9999.0, -9999.0, -9999.0, -9999.0, -9999.0, -9999.0, -9999.0, -9999.0, -9999.0, -9999.0, -9999.0, -9999.0, -9999.0, -9999.0, -9999.0, -9999.0, -9999.0, -9999.0, -9999.0, -9999.0, -9999.0, -9999.0, -9999.0, -9999.0, -9999.0, -9999.0, -9999.0, -9999.0, -9999.0, -9999.0, -9999.0, -9999.0, -9999.0, -9999.0, -9999.0, -9999.0, -9999.0]",
floatingse.member2:section_D,intermediate,m,"[1.0, 1.0, 1.0, 1.0, 0.01, -9999.0, -9999.0, -9999.0, -9999.0, -9999.0, -9999.0, -9999.0, -9999.0, -9999.0, -9999.0, -9999.0, -9999.0, -9999.0, -9999.0, -9999.0, -9999.0, -9999.0, -9999.0, -9999.0, -9999.0, -9999.0, -9999.0, -9999.0, -9999.0, -9999.0, -9999.0, -9999.0, -9999.0, -9999.0, -9999.0, -9999.0, -9999.0, -9999.0, -9999.0, -9999.0, -9999.0, -9999.0, -9999.0, -9999.0, -9999.0, -9999.0, -9999.0, -9999.0, -9999.0, -9999.0, -9999.0, -9999.0, -9999.0, -9999.0, -9999.0, -9999.0, -9999.0, -9999.0, -9999.0, -9999.0, -9999.0, -9999.0, -9999.0, -9999.0, -9999.0, -9999.0, -9999.0, -9999.0, -9999.0, -9999.0, -9999.0, -9999.0, -9999.0, -9999.0, -9999.0, -9999.0, -9999.0, -9999.0, -9999.0, -9999.0, -9999.0, -9999.0, -9999.0, -9999.0, -9999.0, -9999.0, -9999.0, -9999.0, -9999.0, -9999.0, -9999.0, -9999.0, -9999.0, -9999.0, -9999.0, -9999.0, -9999.0, -9999.0, -9999.0, -9999.0, -9999.0, -9999.0, -9999.0, -9999.0, -9999.0, -9999.0, -9999.0, -9999.0, -9999.0, -9999.0, -9999.0, -9999.0, -9999.0, -9999.0, -9999.0, -9999.0, -9999.0, -9999.0, -9999.0, -9999.0, -9999.0, -9999.0, -9999.0, -9999.0, -9999.0, -9999.0, -9999.0, -9999.0, -9999.0, -9999.0, -9999.0, -9999.0, -9999.0, -9999.0, -9999.0, -9999.0, -9999.0, -9999.0, -9999.0, -9999.0, -9999.0, -9999.0, -9999.0, -9999.0, -9999.0, -9999.0, -9999.0, -9999.0, -9999.0, -9999.0, -9999.0, -9999.0, -9999.0, -9999.0, -9999.0, -9999.0, -9999.0, -9999.0, -9999.0, -9999.0, -9999.0, -9999.0, -9999.0, -9999.0, -9999.0, -9999.0, -9999.0, -9999.0, -9999.0, -9999.0, -9999.0, -9999.0, -9999.0, -9999.0, -9999.0, -9999.0, -9999.0, -9999.0, -9999.0, -9999.0, -9999.0, -9999.0, -9999.0, -9999.0, -9999.0, -9999.0, -9999.0, -9999.0, -9999.0, -9999.0, -9999.0, -9999.0, -9999.0, -9999.0, -9999.0, -9999.0, -9999.0, -9999.0, -9999.0, -9999.0]",
floatingse.member2:Iwaterx,intermediate,m**4,0.0,
floatingse.member2:Iwatery,intermediate,m**4,0.0,
floatingse.member2:section_t,intermediate,m,"[0.5, 0.1, 0.1, 0.5, 0.01, -9999.0, -9999.0, -9999.0, -9999.0, -9999.0, -9999.0, -9999.0, -9999.0, -9999.0, -9999.0, -9999.0, -9999.0, -9999.0, -9999.0, -9999.0, -9999.0, -9999.0, -9999.0, -9999.0, -9999.0, -9999.0, -9999.0, -9999.0, -9999.0, -9999.0, -9999.0, -9999.0, -9999.0, -9999.0, -9999.0, -9999.0, -9999.0, -9999.0, -9999.0, -9999.0, -9999.0, -9999.0, -9999.0, -9999.0, -9999.0, -9999.0, -9999.0, -9999.0, -9999.0, -9999.0, -9999.0, -9999.0, -9999.0, -9999.0, -9999.0, -9999.0, -9999.0, -9999.0, -9999.0, -9999.0, -9999.0, -9999.0, -9999.0, -9999.0, -9999.0, -9999.0, -9999.0, -9999.0, -9999.0, -9999.0, -9999.0, -9999.0, -9999.0, -9999.0, -9999.0, -9999.0, -9999.0, -9999.0, -9999.0, -9999.0, -9999.0, -9999.0, -9999.0, -9999.0, -9999.0, -9999.0, -9999.0, -9999.0, -9999.0, -9999.0, -9999.0, -9999.0, -9999.0, -9999.0, -9999.0, -9999.0, -9999.0, -9999.0, -9999.0, -9999.0, -9999.0, -9999.0, -9999.0, -9999.0, -9999.0, -9999.0, -9999.0, -9999.0, -9999.0, -9999.0, -9999.0, -9999.0, -9999.0, -9999.0, -9999.0, -9999.0, -9999.0, -9999.0, -9999.0, -9999.0, -9999.0, -9999.0, -9999.0, -9999.0, -9999.0, -9999.0, -9999.0, -9999.0, -9999.0, -9999.0, -9999.0, -9999.0, -9999.0, -9999.0, -9999.0, -9999.0, -9999.0, -9999.0, -9999.0, -9999.0, -9999.0, -9999.0, -9999.0, -9999.0, -9999.0, -9999.0, -9999.0, -9999.0, -9999.0, -9999.0, -9999.0, -9999.0, -9999.0, -9999.0, -9999.0, -9999.0, -9999.0, -9999.0, -9999.0, -9999.0, -9999.0, -9999.0, -9999.0, -9999.0, -9999.0, -9999.0, -9999.0, -9999.0, -9999.0, -9999.0, -9999.0, -9999.0, -9999.0, -9999.0, -9999.0, -9999.0, -9999.0, -9999.0, -9999.0, -9999.0, -9999.0, -9999.0, -9999.0, -9999.0, -9999.0, -9999.0, -9999.0, -9999.0, -9999.0, -9999.0, -9999.0, -9999.0, -9999.0, -9999.0, -9999.0, -9999.0, -9999.0, -9999.0, -9999.0, -9999.0]",
floatingse.member2:section_A,intermediate,m**2,"[0.7853981633974483, 0.2827433388230813, 0.2827433388230813, 0.7853981633974483, 0.01, -9999.0, -9999.0, -9999.0, -9999.0, -9999.0, -9999.0, -9999.0, -9999.0, -9999.0, -9999.0, -9999.0, -9999.0, -9999.0, -9999.0, -9999.0, -9999.0, -9999.0, -9999.0, -9999.0, -9999.0, -9999.0, -9999.0, -9999.0, -9999.0, -9999.0, -9999.0, -9999.0, -9999.0, -9999.0, -9999.0, -9999.0, -9999.0, -9999.0, -9999.0, -9999.0, -9999.0, -9999.0, -9999.0, -9999.0, -9999.0, -9999.0, -9999.0, -9999.0, -9999.0, -9999.0, -9999.0, -9999.0, -9999.0, -9999.0, -9999.0, -9999.0, -9999.0, -9999.0, -9999.0, -9999.0, -9999.0, -9999.0, -9999.0, -9999.0, -9999.0, -9999.0, -9999.0, -9999.0, -9999.0, -9999.0, -9999.0, -9999.0, -9999.0, -9999.0, -9999.0, -9999.0, -9999.0, -9999.0, -9999.0, -9999.0, -9999.0, -9999.0, -9999.0, -9999.0, -9999.0, -9999.0, -9999.0, -9999.0, -9999.0, -9999.0, -9999.0, -9999.0, -9999.0, -9999.0, -9999.0, -9999.0, -9999.0, -9999.0, -9999.0, -9999.0, -9999.0, -9999.0, -9999.0, -9999.0, -9999.0, -9999.0, -9999.0, -9999.0, -9999.0, -9999.0, -9999.0, -9999.0, -9999.0, -9999.0, -9999.0, -9999.0, -9999.0, -9999.0, -9999.0, -9999.0, -9999.0, -9999.0, -9999.0, -9999.0, -9999.0, -9999.0, -9999.0, -9999.0, -9999.0, -9999.0, -9999.0, -9999.0, -9999.0, -9999.0, -9999.0, -9999.0, -9999.0, -9999.0, -9999.0, -9999.0, -9999.0, -9999.0, -9999.0, -9999.0, -9999.0, -9999.0, -9999.0, -9999.0, -9999.0, -9999.0, -9999.0, -9999.0, -9999.0, -9999.0, -9999.0, -9999.0, -9999.0, -9999.0, -9999.0, -9999.0, -9999.0, -9999.0, -9999.0, -9999.0, -9999.0, -9999.0, -9999.0, -9999.0, -9999.0, -9999.0, -9999.0, -9999.0, -9999.0, -9999.0, -9999.0, -9999.0, -9999.0, -9999.0, -9999.0, -9999.0, -9999.0, -9999.0, -9999.0, -9999.0, -9999.0, -9999.0, -9999.0, -9999.0, -9999.0, -9999.0, -9999.0, -9999.0, -9999.0, -9999.0, -9999.0, -9999.0, -9999.0, -9999.0, -9999.0, -9999.0]",
floatingse.member2:section_Asx,intermediate,m**2,"[0.698606753390037, 0.18261539511206404, 0.18261539511206404, 0.698606753390037, 0.01, -9999.0, -9999.0, -9999.0, -9999.0, -9999.0, -9999.0, -9999.0, -9999.0, -9999.0, -9999.0, -9999.0, -9999.0, -9999.0, -9999.0, -9999.0, -9999.0, -9999.0, -9999.0, -9999.0, -9999.0, -9999.0, -9999.0, -9999.0, -9999.0, -9999.0, -9999.0, -9999.0, -9999.0, -9999.0, -9999.0, -9999.0, -9999.0, -9999.0, -9999.0, -9999.0, -9999.0, -9999.0, -9999.0, -9999.0, -9999.0, -9999.0, -9999.0, -9999.0, -9999.0, -9999.0, -9999.0, -9999.0, -9999.0, -9999.0, -9999.0, -9999.0, -9999.0, -9999.0, -9999.0, -9999.0, -9999.0, -9999.0, -9999.0, -9999.0, -9999.0, -9999.0, -9999.0, -9999.0, -9999.0, -9999.0, -9999.0, -9999.0, -9999.0, -9999.0, -9999.0, -9999.0, -9999.0, -9999.0, -9999.0, -9999.0, -9999.0, -9999.0, -9999.0, -9999.0, -9999.0, -9999.0, -9999.0, -9999.0, -9999.0, -9999.0, -9999.0, -9999.0, -9999.0, -9999.0, -9999.0, -9999.0, -9999.0, -9999.0, -9999.0, -9999.0, -9999.0, -9999.0, -9999.0, -9999.0, -9999.0, -9999.0, -9999.0, -9999.0, -9999.0, -9999.0, -9999.0, -9999.0, -9999.0, -9999.0, -9999.0, -9999.0, -9999.0, -9999.0, -9999.0, -9999.0, -9999.0, -9999.0, -9999.0, -9999.0, -9999.0, -9999.0, -9999.0, -9999.0, -9999.0, -9999.0, -9999.0, -9999.0, -9999.0, -9999.0, -9999.0, -9999.0, -9999.0, -9999.0, -9999.0, -9999.0, -9999.0, -9999.0, -9999.0, -9999.0, -9999.0, -9999.0, -9999.0, -9999.0, -9999.0, -9999.0, -9999.0, -9999.0, -9999.0, -9999.0, -9999.0, -9999.0, -9999.0, -9999.0, -9999.0, -9999.0, -9999.0, -9999.0, -9999.0, -9999.0, -9999.0, -9999.0, -9999.0, -9999.0, -9999.0, -9999.0, -9999.0, -9999.0, -9999.0, -9999.0, -9999.0, -9999.0, -9999.0, -9999.0, -9999.0, -9999.0, -9999.0, -9999.0, -9999.0, -9999.0, -9999.0, -9999.0, -9999.0, -9999.0, -9999.0, -9999.0, -9999.0, -9999.0, -9999.0, -9999.0, -9999.0, -9999.0, -9999.0, -9999.0, -9999.0, -9999.0]",
floatingse.member2:section_Asy,intermediate,m**2,"[0.698606753390037, 0.18261539511206404, 0.18261539511206404, 0.698606753390037, 0.01, -9999.0, -9999.0, -9999.0, -9999.0, -9999.0, -9999.0, -9999.0, -9999.0, -9999.0, -9999.0, -9999.0, -9999.0, -9999.0, -9999.0, -9999.0, -9999.0, -9999.0, -9999.0, -9999.0, -9999.0, -9999.0, -9999.0, -9999.0, -9999.0, -9999.0, -9999.0, -9999.0, -9999.0, -9999.0, -9999.0, -9999.0, -9999.0, -9999.0, -9999.0, -9999.0, -9999.0, -9999.0, -9999.0, -9999.0, -9999.0, -9999.0, -9999.0, -9999.0, -9999.0, -9999.0, -9999.0, -9999.0, -9999.0, -9999.0, -9999.0, -9999.0, -9999.0, -9999.0, -9999.0, -9999.0, -9999.0, -9999.0, -9999.0, -9999.0, -9999.0, -9999.0, -9999.0, -9999.0, -9999.0, -9999.0, -9999.0, -9999.0, -9999.0, -9999.0, -9999.0, -9999.0, -9999.0, -9999.0, -9999.0, -9999.0, -9999.0, -9999.0, -9999.0, -9999.0, -9999.0, -9999.0, -9999.0, -9999.0, -9999.0, -9999.0, -9999.0, -9999.0, -9999.0, -9999.0, -9999.0, -9999.0, -9999.0, -9999.0, -9999.0, -9999.0, -9999.0, -9999.0, -9999.0, -9999.0, -9999.0, -9999.0, -9999.0, -9999.0, -9999.0, -9999.0, -9999.0, -9999.0, -9999.0, -9999.0, -9999.0, -9999.0, -9999.0, -9999.0, -9999.0, -9999.0, -9999.0, -9999.0, -9999.0, -9999.0, -9999.0, -9999.0, -9999.0, -9999.0, -9999.0, -9999.0, -9999.0, -9999.0, -9999.0, -9999.0, -9999.0, -9999.0, -9999.0, -9999.0, -9999.0, -9999.0, -9999.0, -9999.0, -9999.0, -9999.0, -9999.0, -9999.0, -9999.0, -9999.0, -9999.0, -9999.0, -9999.0, -9999.0, -9999.0, -9999.0, -9999.0, -9999.0, -9999.0, -9999.0, -9999.0, -9999.0, -9999.0, -9999.0, -9999.0, -9999.0, -9999.0, -9999.0, -9999.0, -9999.0, -9999.0, -9999.0, -9999.0, -9999.0, -9999.0, -9999.0, -9999.0, -9999.0, -9999.0, -9999.0, -9999.0, -9999.0, -9999.0, -9999.0, -9999.0, -9999.0, -9999.0, -9999.0, -9999.0, -9999.0, -9999.0, -9999.0, -9999.0, -9999.0, -9999.0, -9999.0, -9999.0, -9999.0, -9999.0, -9999.0, -9999.0, -9999.0]",
floatingse.member2:section_Ixx,intermediate,kg*m**2,"[0.04908738521234052, 0.028981192229365838, 0.028981192229365838, 0.04908738521234052, 0.01, -9999.0, -9999.0, -9999.0, -9999.0, -9999.0, -9999.0, -9999.0, -9999.0, -9999.0, -9999.0, -9999.0, -9999.0, -9999.0, -9999.0, -9999.0, -9999.0, -9999.0, -9999.0, -9999.0, -9999.0, -9999.0, -9999.0, -9999.0, -9999.0, -9999.0, -9999.0, -9999.0, -9999.0, -9999.0, -9999.0, -9999.0, -9999.0, -9999.0, -9999.0, -9999.0, -9999.0, -9999.0, -9999.0, -9999.0, -9999.0, -9999.0, -9999.0, -9999.0, -9999.0, -9999.0, -9999.0, -9999.0, -9999.0, -9999.0, -9999.0, -9999.0, -9999.0, -9999.0, -9999.0, -9999.0, -9999.0, -9999.0, -9999.0, -9999.0, -9999.0, -9999.0, -9999.0, -9999.0, -9999.0, -9999.0, -9999.0, -9999.0, -9999.0, -9999.0, -9999.0, -9999.0, -9999.0, -9999.0, -9999.0, -9999.0, -9999.0, -9999.0, -9999.0, -9999.0, -9999.0, -9999.0, -9999.0, -9999.0, -9999.0, -9999.0, -9999.0, -9999.0, -9999.0, -9999.0, -9999.0, -9999.0, -9999.0, -9999.0, -9999.0, -9999.0, -9999.0, -9999.0, -9999.0, -9999.0, -9999.0, -9999.0, -9999.0, -9999.0, -9999.0, -9999.0, -9999.0, -9999.0, -9999.0, -9999.0, -9999.0, -9999.0, -9999.0, -9999.0, -9999.0, -9999.0, -9999.0, -9999.0, -9999.0, -9999.0, -9999.0, -9999.0, -9999.0, -9999.0, -9999.0, -9999.0, -9999.0, -9999.0, -9999.0, -9999.0, -9999.0, -9999.0, -9999.0, -9999.0, -9999.0, -9999.0, -9999.0, -9999.0, -9999.0, -9999.0, -9999.0, -9999.0, -9999.0, -9999.0, -9999.0, -9999.0, -9999.0, -9999.0, -9999.0, -9999.0, -9999.0, -9999.0, -9999.0, -9999.0, -9999.0, -9999.0, -9999.0, -9999.0, -9999.0, -9999.0, -9999.0, -9999.0, -9999.0, -9999.0, -9999.0, -9999.0, -9999.0, -9999.0, -9999.0, -9999.0, -9999.0, -9999.0, -9999.0, -9999.0, -9999.0, -9999.0, -9999.0, -9999.0, -9999.0, -9999.0, -9999.0, -9999.0, -9999.0, -9999.0, -9999.0, -9999.0, -9999.0, -9999.0, -9999.0, -9999.0, -9999.0, -9999.0, -9999.0, -9999.0, -9999.0, -9999.0]",
floatingse.member2:section_Iyy,intermediate,kg*m**2,"[0.04908738521234052, 0.028981192229365838, 0.028981192229365838, 0.04908738521234052, 0.01, -9999.0, -9999.0, -9999.0, -9999.0, -9999.0, -9999.0, -9999.0, -9999.0, -9999.0, -9999.0, -9999.0, -9999.0, -9999.0, -9999.0, -9999.0, -9999.0, -9999.0, -9999.0, -9999.0, -9999.0, -9999.0, -9999.0, -9999.0, -9999.0, -9999.0, -9999.0, -9999.0, -9999.0, -9999.0, -9999.0, -9999.0, -9999.0, -9999.0, -9999.0, -9999.0, -9999.0, -9999.0, -9999.0, -9999.0, -9999.0, -9999.0, -9999.0, -9999.0, -9999.0, -9999.0, -9999.0, -9999.0, -9999.0, -9999.0, -9999.0, -9999.0, -9999.0, -9999.0, -9999.0, -9999.0, -9999.0, -9999.0, -9999.0, -9999.0, -9999.0, -9999.0, -9999.0, -9999.0, -9999.0, -9999.0, -9999.0, -9999.0, -9999.0, -9999.0, -9999.0, -9999.0, -9999.0, -9999.0, -9999.0, -9999.0, -9999.0, -9999.0, -9999.0, -9999.0, -9999.0, -9999.0, -9999.0, -9999.0, -9999.0, -9999.0, -9999.0, -9999.0, -9999.0, -9999.0, -9999.0, -9999.0, -9999.0, -9999.0, -9999.0, -9999.0, -9999.0, -9999.0, -9999.0, -9999.0, -9999.0, -9999.0, -9999.0, -9999.0, -9999.0, -9999.0, -9999.0, -9999.0, -9999.0, -9999.0, -9999.0, -9999.0, -9999.0, -9999.0, -9999.0, -9999.0, -9999.0, -9999.0, -9999.0, -9999.0, -9999.0, -9999.0, -9999.0, -9999.0, -9999.0, -9999.0, -9999.0, -9999.0, -9999.0, -9999.0, -9999.0, -9999.0, -9999.0, -9999.0, -9999.0, -9999.0, -9999.0, -9999.0, -9999.0, -9999.0, -9999.0, -9999.0, -9999.0, -9999.0, -9999.0, -9999.0, -9999.0, -9999.0, -9999.0, -9999.0, -9999.0, -9999.0, -9999.0, -9999.0, -9999.0, -9999.0, -9999.0, -9999.0, -9999.0, -9999.0, -9999.0, -9999.0, -9999.0, -9999.0, -9999.0, -9999.0, -9999.0, -9999.0, -9999.0, -9999.0, -9999.0, -9999.0, -9999.0, -9999.0, -9999.0, -9999.0, -9999.0, -9999.0, -9999.0, -9999.0, -9999.0, -9999.0, -9999.0, -9999.0, -9999.0, -9999.0, -9999.0, -9999.0, -9999.0, -9999.0, -9999.0, -9999.0, -9999.0, -9999.0, -9999.0, -9999.0]",
floatingse.member2:section_J0,intermediate,kg*m**2,"[0.09817477042468103, 0.057962384458731676, 0.057962384458731676, 0.09817477042468103, 0.01, -9999.0, -9999.0, -9999.0, -9999.0, -9999.0, -9999.0, -9999.0, -9999.0, -9999.0, -9999.0, -9999.0, -9999.0, -9999.0, -9999.0, -9999.0, -9999.0, -9999.0, -9999.0, -9999.0, -9999.0, -9999.0, -9999.0, -9999.0, -9999.0, -9999.0, -9999.0, -9999.0, -9999.0, -9999.0, -9999.0, -9999.0, -9999.0, -9999.0, -9999.0, -9999.0, -9999.0, -9999.0, -9999.0, -9999.0, -9999.0, -9999.0, -9999.0, -9999.0, -9999.0, -9999.0, -9999.0, -9999.0, -9999.0, -9999.0, -9999.0, -9999.0, -9999.0, -9999.0, -9999.0, -9999.0, -9999.0, -9999.0, -9999.0, -9999.0, -9999.0, -9999.0, -9999.0, -9999.0, -9999.0, -9999.0, -9999.0, -9999.0, -9999.0, -9999.0, -9999.0, -9999.0, -9999.0, -9999.0, -9999.0, -9999.0, -9999.0, -9999.0, -9999.0, -9999.0, -9999.0, -9999.0, -9999.0, -9999.0, -9999.0, -9999.0, -9999.0, -9999.0, -9999.0, -9999.0, -9999.0, -9999.0, -9999.0, -9999.0, -9999.0, -9999.0, -9999.0, -9999.0, -9999.0, -9999.0, -9999.0, -9999.0, -9999.0, -9999.0, -9999.0, -9999.0, -9999.0, -9999.0, -9999.0, -9999.0, -9999.0, -9999.0, -9999.0, -9999.0, -9999.0, -9999.0, -9999.0, -9999.0, -9999.0, -9999.0, -9999.0, -9999.0, -9999.0, -9999.0, -9999.0, -9999.0, -9999.0, -9999.0, -9999.0, -9999.0, -9999.0, -9999.0, -9999.0, -9999.0, -9999.0, -9999.0, -9999.0, -9999.0, -9999.0, -9999.0, -9999.0, -9999.0, -9999.0, -9999.0, -9999.0, -9999.0, -9999.0, -9999.0, -9999.0, -9999.0, -9999.0, -9999.0, -9999.0, -9999.0, -9999.0, -9999.0, -9999.0, -9999.0, -9999.0, -9999.0, -9999.0, -9999.0, -9999.0, -9999.0, -9999.0, -9999.0, -9999.0, -9999.0, -9999.0, -9999.0, -9999.0, -9999.0, -9999.0, -9999.0, -9999.0, -9999.0, -9999.0, -9999.0, -9999.0, -9999.0, -9999.0, -9999.0, -9999.0, -9999.0, -9999.0, -9999.0, -9999.0, -9999.0, -9999.0, -9999.0, -9999.0, -9999.0, -9999.0, -9999.0, -9999.0, -9999.0]",
floatingse.member2:section_rho,intermediate,kg/m**3,"[7800.0, 7800.0, 7800.0, 7800.0, 0.01, -9999.0, -9999.0, -9999.0, -9999.0, -9999.0, -9999.0, -9999.0, -9999.0, -9999.0, -9999.0, -9999.0, -9999.0, -9999.0, -9999.0, -9999.0, -9999.0, -9999.0, -9999.0, -9999.0, -9999.0, -9999.0, -9999.0, -9999.0, -9999.0, -9999.0, -9999.0, -9999.0, -9999.0, -9999.0, -9999.0, -9999.0, -9999.0, -9999.0, -9999.0, -9999.0, -9999.0, -9999.0, -9999.0, -9999.0, -9999.0, -9999.0, -9999.0, -9999.0, -9999.0, -9999.0, -9999.0, -9999.0, -9999.0, -9999.0, -9999.0, -9999.0, -9999.0, -9999.0, -9999.0, -9999.0, -9999.0, -9999.0, -9999.0, -9999.0, -9999.0, -9999.0, -9999.0, -9999.0, -9999.0, -9999.0, -9999.0, -9999.0, -9999.0, -9999.0, -9999.0, -9999.0, -9999.0, -9999.0, -9999.0, -9999.0, -9999.0, -9999.0, -9999.0, -9999.0, -9999.0, -9999.0, -9999.0, -9999.0, -9999.0, -9999.0, -9999.0, -9999.0, -9999.0, -9999.0, -9999.0, -9999.0, -9999.0, -9999.0, -9999.0, -9999.0, -9999.0, -9999.0, -9999.0, -9999.0, -9999.0, -9999.0, -9999.0, -9999.0, -9999.0, -9999.0, -9999.0, -9999.0, -9999.0, -9999.0, -9999.0, -9999.0, -9999.0, -9999.0, -9999.0, -9999.0, -9999.0, -9999.0, -9999.0, -9999.0, -9999.0, -9999.0, -9999.0, -9999.0, -9999.0, -9999.0, -9999.0, -9999.0, -9999.0, -9999.0, -9999.0, -9999.0, -9999.0, -9999.0, -9999.0, -9999.0, -9999.0, -9999.0, -9999.0, -9999.0, -9999.0, -9999.0, -9999.0, -9999.0, -9999.0, -9999.0, -9999.0, -9999.0, -9999.0, -9999.0, -9999.0, -9999.0, -9999.0, -9999.0, -9999.0, -9999.0, -9999.0, -9999.0, -9999.0, -9999.0, -9999.0, -9999.0, -9999.0, -9999.0, -9999.0, -9999.0, -9999.0, -9999.0, -9999.0, -9999.0, -9999.0, -9999.0, -9999.0, -9999.0, -9999.0, -9999.0, -9999.0, -9999.0, -9999.0, -9999.0, -9999.0, -9999.0, -9999.0, -9999.0, -9999.0, -9999.0, -9999.0, -9999.0, -9999.0, -9999.0, -9999.0, -9999.0, -9999.0, -9999.0, -9999.0, -9999.0]",
floatingse.member2:section_E,intermediate,Pa,"[200000000000.0, 200000000000.0, 200000000000.0, 200000000000.0, 20000000000000.0, -9999.0, -9999.0, -9999.0, -9999.0, -9999.0, -9999.0, -9999.0, -9999.0, -9999.0, -9999.0, -9999.0, -9999.0, -9999.0, -9999.0, -9999.0, -9999.0, -9999.0, -9999.0, -9999.0, -9999.0, -9999.0, -9999.0, -9999.0, -9999.0, -9999.0, -9999.0, -9999.0, -9999.0, -9999.0, -9999.0, -9999.0, -9999.0, -9999.0, -9999.0, -9999.0, -9999.0, -9999.0, -9999.0, -9999.0, -9999.0, -9999.0, -9999.0, -9999.0, -9999.0, -9999.0, -9999.0, -9999.0, -9999.0, -9999.0, -9999.0, -9999.0, -9999.0, -9999.0, -9999.0, -9999.0, -9999.0, -9999.0, -9999.0, -9999.0, -9999.0, -9999.0, -9999.0, -9999.0, -9999.0, -9999.0, -9999.0, -9999.0, -9999.0, -9999.0, -9999.0, -9999.0, -9999.0, -9999.0, -9999.0, -9999.0, -9999.0, -9999.0, -9999.0, -9999.0, -9999.0, -9999.0, -9999.0, -9999.0, -9999.0, -9999.0, -9999.0, -9999.0, -9999.0, -9999.0, -9999.0, -9999.0, -9999.0, -9999.0, -9999.0, -9999.0, -9999.0, -9999.0, -9999.0, -9999.0, -9999.0, -9999.0, -9999.0, -9999.0, -9999.0, -9999.0, -9999.0, -9999.0, -9999.0, -9999.0, -9999.0, -9999.0, -9999.0, -9999.0, -9999.0, -9999.0, -9999.0, -9999.0, -9999.0, -9999.0, -9999.0, -9999.0, -9999.0, -9999.0, -9999.0, -9999.0, -9999.0, -9999.0, -9999.0, -9999.0, -9999.0, -9999.0, -9999.0, -9999.0, -9999.0, -9999.0, -9999.0, -9999.0, -9999.0, -9999.0, -9999.0, -9999.0, -9999.0, -9999.0, -9999.0, -9999.0, -9999.0, -9999.0, -9999.0, -9999.0, -9999.0, -9999.0, -9999.0, -9999.0, -9999.0, -9999.0, -9999.0, -9999.0, -9999.0, -9999.0, -9999.0, -9999.0, -9999.0, -9999.0, -9999.0, -9999.0, -9999.0, -9999.0, -9999.0, -9999.0, -9999.0, -9999.0, -9999.0, -9999.0, -9999.0, -9999.0, -9999.0, -9999.0, -9999.0, -9999.0, -9999.0, -9999.0, -9999.0, -9999.0, -9999.0, -9999.0, -9999.0, -9999.0, -9999.0, -9999.0, -9999.0, -9999.0, -9999.0, -9999.0, -9999.0, -9999.0]",
floatingse.member2:section_G,intermediate,Pa,"[79300000000.0, 79300000000.0, 79300000000.0, 79300000000.0, 7930000000000.0, -9999.0, -9999.0, -9999.0, -9999.0, -9999.0, -9999.0, -9999.0, -9999.0, -9999.0, -9999.0, -9999.0, -9999.0, -9999.0, -9999.0, -9999.0, -9999.0, -9999.0, -9999.0, -9999.0, -9999.0, -9999.0, -9999.0, -9999.0, -9999.0, -9999.0, -9999.0, -9999.0, -9999.0, -9999.0, -9999.0, -9999.0, -9999.0, -9999.0, -9999.0, -9999.0, -9999.0, -9999.0, -9999.0, -9999.0, -9999.0, -9999.0, -9999.0, -9999.0, -9999.0, -9999.0, -9999.0, -9999.0, -9999.0, -9999.0, -9999.0, -9999.0, -9999.0, -9999.0, -9999.0, -9999.0, -9999.0, -9999.0, -9999.0, -9999.0, -9999.0, -9999.0, -9999.0, -9999.0, -9999.0, -9999.0, -9999.0, -9999.0, -9999.0, -9999.0, -9999.0, -9999.0, -9999.0, -9999.0, -9999.0, -9999.0, -9999.0, -9999.0, -9999.0, -9999.0, -9999.0, -9999.0, -9999.0, -9999.0, -9999.0, -9999.0, -9999.0, -9999.0, -9999.0, -9999.0, -9999.0, -9999.0, -9999.0, -9999.0, -9999.0, -9999.0, -9999.0, -9999.0, -9999.0, -9999.0, -9999.0, -9999.0, -9999.0, -9999.0, -9999.0, -9999.0, -9999.0, -9999.0, -9999.0, -9999.0, -9999.0, -9999.0, -9999.0, -9999.0, -9999.0, -9999.0, -9999.0, -9999.0, -9999.0, -9999.0, -9999.0, -9999.0, -9999.0, -9999.0, -9999.0, -9999.0, -9999.0, -9999.0, -9999.0, -9999.0, -9999.0, -9999.0, -9999.0, -9999.0, -9999.0, -9999.0, -9999.0, -9999.0, -9999.0, -9999.0, -9999.0, -9999.0, -9999.0, -9999.0, -9999.0, -9999.0, -9999.0, -9999.0, -9999.0, -9999.0, -9999.0, -9999.0, -9999.0, -9999.0, -9999.0, -9999.0, -9999.0, -9999.0, -9999.0, -9999.0, -9999.0, -9999.0, -9999.0, -9999.0, -9999.0, -9999.0, -9999.0, -9999.0, -9999.0, -9999.0, -9999.0, -9999.0, -9999.0, -9999.0, -9999.0, -9999.0, -9999.0, -9999.0, -9999.0, -9999.0, -9999.0, -9999.0, -9999.0, -9999.0, -9999.0, -9999.0, -9999.0, -9999.0, -9999.0, -9999.0, -9999.0, -9999.0, -9999.0, -9999.0, -9999.0, -9999.0]",
floatingse.member2:section_TorsC,intermediate,m**3,"[0.0, 0.11592476891746335, 0.11592476891746335, 0.0, 0.11592476891746335, -9999.0, -9999.0, -9999.0, -9999.0, -9999.0, -9999.0, -9999.0, -9999.0, -9999.0, -9999.0, -9999.0, -9999.0, -9999.0, -9999.0, -9999.0, -9999.0, -9999.0, -9999.0, -9999.0, -9999.0, -9999.0, -9999.0, -9999.0, -9999.0, -9999.0, -9999.0, -9999.0, -9999.0, -9999.0, -9999.0, -9999.0, -9999.0, -9999.0, -9999.0, -9999.0, -9999.0, -9999.0, -9999.0, -9999.0, -9999.0, -9999.0, -9999.0, -9999.0, -9999.0, -9999.0, -9999.0, -9999.0, -9999.0, -9999.0, -9999.0, -9999.0, -9999.0, -9999.0, -9999.0, -9999.0, -9999.0, -9999.0, -9999.0, -9999.0, -9999.0, -9999.0, -9999.0, -9999.0, -9999.0, -9999.0, -9999.0, -9999.0, -9999.0, -9999.0, -9999.0, -9999.0, -9999.0, -9999.0, -9999.0, -9999.0, -9999.0, -9999.0, -9999.0, -9999.0, -9999.0, -9999.0, -9999.0, -9999.0, -9999.0, -9999.0, -9999.0, -9999.0, -9999.0, -9999.0, -9999.0, -9999.0, -9999.0, -9999.0, -9999.0, -9999.0, -9999.0, -9999.0, -9999.0, -9999.0, -9999.0, -9999.0, -9999.0, -9999.0, -9999.0, -9999.0, -9999.0, -9999.0, -9999.0, -9999.0, -9999.0, -9999.0, -9999.0, -9999.0, -9999.0, -9999.0, -9999.0, -9999.0, -9999.0, -9999.0, -9999.0, -9999.0, -9999.0, -9999.0, -9999.0, -9999.0, -9999.0, -9999.0, -9999.0, -9999.0, -9999.0, -9999.0, -9999.0, -9999.0, -9999.0, -9999.0, -9999.0, -9999.0, -9999.0, -9999.0, -9999.0, -9999.0, -9999.0, -9999.0, -9999.0, -9999.0, -9999.0, -9999.0, -9999.0, -9999.0, -9999.0, -9999.0, -9999.0, -9999.0, -9999.0, -9999.0, -9999.0, -9999.0, -9999.0, -9999.0, -9999.0, -9999.0, -9999.0, -9999.0, -9999.0, -9999.0, -9999.0, -9999.0, -9999.0, -9999.0, -9999.0, -9999.0, -9999.0, -9999.0, -9999.0, -9999.0, -9999.0, -9999.0, -9999.0, -9999.0, -9999.0, -9999.0, -9999.0, -9999.0, -9999.0, -9999.0, -9999.0, -9999.0, -9999.0, -9999.0, -9999.0, -9999.0, -9999.0, -9999.0, -9999.0, -9999.0]",
floatingse.member2:section_sigma_y,intermediate,Pa,"[345000000.0, 345000000.0, 345000000.0, 345000000.0, 34500000000.0, -9999.0, -9999.0, -9999.0, -9999.0, -9999.0, -9999.0, -9999.0, -9999.0, -9999.0, -9999.0, -9999.0, -9999.0, -9999.0, -9999.0, -9999.0, -9999.0, -9999.0, -9999.0, -9999.0, -9999.0, -9999.0, -9999.0, -9999.0, -9999.0, -9999.0, -9999.0, -9999.0, -9999.0, -9999.0, -9999.0, -9999.0, -9999.0, -9999.0, -9999.0, -9999.0, -9999.0, -9999.0, -9999.0, -9999.0, -9999.0, -9999.0, -9999.0, -9999.0, -9999.0, -9999.0, -9999.0, -9999.0, -9999.0, -9999.0, -9999.0, -9999.0, -9999.0, -9999.0, -9999.0, -9999.0, -9999.0, -9999.0, -9999.0, -9999.0, -9999.0, -9999.0, -9999.0, -9999.0, -9999.0, -9999.0, -9999.0, -9999.0, -9999.0, -9999.0, -9999.0, -9999.0, -9999.0, -9999.0, -9999.0, -9999.0, -9999.0, -9999.0, -9999.0, -9999.0, -9999.0, -9999.0, -9999.0, -9999.0, -9999.0, -9999.0, -9999.0, -9999.0, -9999.0, -9999.0, -9999.0, -9999.0, -9999.0, -9999.0, -9999.0, -9999.0, -9999.0, -9999.0, -9999.0, -9999.0, -9999.0, -9999.0, -9999.0, -9999.0, -9999.0, -9999.0, -9999.0, -9999.0, -9999.0, -9999.0, -9999.0, -9999.0, -9999.0, -9999.0, -9999.0, -9999.0, -9999.0, -9999.0, -9999.0, -9999.0, -9999.0, -9999.0, -9999.0, -9999.0, -9999.0, -9999.0, -9999.0, -9999.0, -9999.0, -9999.0, -9999.0, -9999.0, -9999.0, -9999.0, -9999.0, -9999.0, -9999.0, -9999.0, -9999.0, -9999.0, -9999.0, -9999.0, -9999.0, -9999.0, -9999.0, -9999.0, -9999.0, -9999.0, -9999.0, -9999.0, -9999.0, -9999.0, -9999.0, -9999.0, -9999.0, -9999.0, -9999.0, -9999.0, -9999.0, -9999.0, -9999.0, -9999.0, -9999.0, -9999.0, -9999.0, -9999.0, -9999.0, -9999.0, -9999.0, -9999.0, -9999.0, -9999.0, -9999.0, -9999.0, -9999.0, -9999.0, -9999.0, -9999.0, -9999.0, -9999.0, -9999.0, -9999.0, -9999.0, -9999.0, -9999.0, -9999.0, -9999.0, -9999.0, -9999.0, -9999.0, -9999.0, -9999.0, -9999.0, -9999.0, -9999.0, -9999.0]",
floatingse.member2:idx_cb,intermediate,,1.0,
floatingse.member2:buoyancy_force,intermediate,N,278320.3419026925,
floatingse.member2:displacement,intermediate,m**3,27.689465975617342,
floatingse.member2:center_of_buoyancy,intermediate,m,"[-1.4529208008638215, 2.5165326464698037, -52.52226307177722]",
floatingse.member2:center_of_mass,intermediate,m,"[-1.4529208008638215, 2.5165326464698037, -52.52226307177722]",
floatingse.member2:ballast_mass,intermediate,kg,0.0,
floatingse.member2:total_mass,intermediate,kg,77908.84876480067,
floatingse.member2:total_cost,intermediate,USD,191159.21379024305,
floatingse.member2:I_total,intermediate,kg*m**2,"[8110118.273539156, 8110118.273539156, 15951.71045862574, 0.0, 0.0, 0.0]",
floatingse.member2:Awater,intermediate,m**2,0.0,
floatingse.member2:added_mass,intermediate,kg,"[28381.702625007776, 28381.702625007776, 170.83333333333331, 2939872.7273274693, 2939872.7273274693, 0.0]",
floatingse.member2:waterline_centroid,intermediate,m,"[0.0, 0.0]",
floatingse.member2:variable_ballast_capacity,intermediate,m**3,0.0,
floatingse.member3:nodes_r,intermediate,m,"[0.5, 0.5, 0.5, 0.5, 0.5, 0.5, -9999.0, -9999.0, -9999.0, -9999.0, -9999.0, -9999.0, -9999.0, -9999.0, -9999.0, -9999.0, -9999.0, -9999.0, -9999.0, -9999.0, -9999.0, -9999.0, -9999.0, -9999.0, -9999.0, -9999.0, -9999.0, -9999.0, -9999.0, -9999.0, -9999.0, -9999.0, -9999.0, -9999.0, -9999.0, -9999.0, -9999.0, -9999.0, -9999.0, -9999.0, -9999.0, -9999.0, -9999.0, -9999.0, -9999.0, -9999.0, -9999.0, -9999.0, -9999.0, -9999.0, -9999.0, -9999.0, -9999.0, -9999.0, -9999.0, -9999.0, -9999.0, -9999.0, -9999.0, -9999.0, -9999.0, -9999.0, -9999.0, -9999.0, -9999.0, -9999.0, -9999.0, -9999.0, -9999.0, -9999.0, -9999.0, -9999.0, -9999.0, -9999.0, -9999.0, -9999.0, -9999.0, -9999.0, -9999.0, -9999.0, -9999.0, -9999.0, -9999.0, -9999.0, -9999.0, -9999.0, -9999.0, -9999.0, -9999.0, -9999.0, -9999.0, -9999.0, -9999.0, -9999.0, -9999.0, -9999.0, -9999.0, -9999.0, -9999.0, -9999.0, -9999.0, -9999.0, -9999.0, -9999.0, -9999.0, -9999.0, -9999.0, -9999.0, -9999.0, -9999.0, -9999.0, -9999.0, -9999.0, -9999.0, -9999.0, -9999.0, -9999.0, -9999.0, -9999.0, -9999.0, -9999.0, -9999.0, -9999.0, -9999.0, -9999.0, -9999.0, -9999.0, -9999.0, -9999.0, -9999.0, -9999.0, -9999.0, -9999.0, -9999.0, -9999.0, -9999.0, -9999.0, -9999.0, -9999.0, -9999.0, -9999.0, -9999.0, -9999.0, -9999.0, -9999.0, -9999.0, -9999.0, -9999.0, -9999.0, -9999.0, -9999.0, -9999.0, -9999.0, -9999.0, -9999.0, -9999.0, -9999.0, -9999.0, -9999.0, -9999.0, -9999.0, -9999.0, -9999.0, -9999.0, -9999.0, -9999.0, -9999.0, -9999.0, -9999.0, -9999.0, -9999.0, -9999.0, -9999.0, -9999.0, -9999.0, -9999.0, -9999.0, -9999.0, -9999.0, -9999.0, -9999.0, -9999.0, -9999.0, -9999.0, -9999.0, -9999.0, -9999.0, -9999.0, -9999.0, -9999.0, -9999.0, -9999.0, -9999.0, -9999.0, -9999.0, -9999.0, -9999.0, -9999.0, -9999.0, -9999.0]",
floatingse.member3:section_D,intermediate,m,"[1.0, 1.0, 1.0, 1.0, 0.01, -9999.0, -9999.0, -9999.0, -9999.0, -9999.0, -9999.0, -9999.0, -9999.0, -9999.0, -9999.0, -9999.0, -9999.0, -9999.0, -9999.0, -9999.0, -9999.0, -9999.0, -9999.0, -9999.0, -9999.0, -9999.0, -9999.0, -9999.0, -9999.0, -9999.0, -9999.0, -9999.0, -9999.0, -9999.0, -9999.0, -9999.0, -9999.0, -9999.0, -9999.0, -9999.0, -9999.0, -9999.0, -9999.0, -9999.0, -9999.0, -9999.0, -9999.0, -9999.0, -9999.0, -9999.0, -9999.0, -9999.0, -9999.0, -9999.0, -9999.0, -9999.0, -9999.0, -9999.0, -9999.0, -9999.0, -9999.0, -9999.0, -9999.0, -9999.0, -9999.0, -9999.0, -9999.0, -9999.0, -9999.0, -9999.0, -9999.0, -9999.0, -9999.0, -9999.0, -9999.0, -9999.0, -9999.0, -9999.0, -9999.0, -9999.0, -9999.0, -9999.0, -9999.0, -9999.0, -9999.0, -9999.0, -9999.0, -9999.0, -9999.0, -9999.0, -9999.0, -9999.0, -9999.0, -9999.0, -9999.0, -9999.0, -9999.0, -9999.0, -9999.0, -9999.0, -9999.0, -9999.0, -9999.0, -9999.0, -9999.0, -9999.0, -9999.0, -9999.0, -9999.0, -9999.0, -9999.0, -9999.0, -9999.0, -9999.0, -9999.0, -9999.0, -9999.0, -9999.0, -9999.0, -9999.0, -9999.0, -9999.0, -9999.0, -9999.0, -9999.0, -9999.0, -9999.0, -9999.0, -9999.0, -9999.0, -9999.0, -9999.0, -9999.0, -9999.0, -9999.0, -9999.0, -9999.0, -9999.0, -9999.0, -9999.0, -9999.0, -9999.0, -9999.0, -9999.0, -9999.0, -9999.0, -9999.0, -9999.0, -9999.0, -9999.0, -9999.0, -9999.0, -9999.0, -9999.0, -9999.0, -9999.0, -9999.0, -9999.0, -9999.0, -9999.0, -9999.0, -9999.0, -9999.0, -9999.0, -9999.0, -9999.0, -9999.0, -9999.0, -9999.0, -9999.0, -9999.0, -9999.0, -9999.0, -9999.0, -9999.0, -9999.0, -9999.0, -9999.0, -9999.0, -9999.0, -9999.0, -9999.0, -9999.0, -9999.0, -9999.0, -9999.0, -9999.0, -9999.0, -9999.0, -9999.0, -9999.0, -9999.0, -9999.0, -9999.0, -9999.0, -9999.0, -9999.0, -9999.0, -9999.0, -9999.0]",
floatingse.member3:Iwaterx,intermediate,m**4,0.0,
floatingse.member3:Iwatery,intermediate,m**4,0.0,
floatingse.member3:section_t,intermediate,m,"[0.5, 0.1, 0.1, 0.5, 0.01, -9999.0, -9999.0, -9999.0, -9999.0, -9999.0, -9999.0, -9999.0, -9999.0, -9999.0, -9999.0, -9999.0, -9999.0, -9999.0, -9999.0, -9999.0, -9999.0, -9999.0, -9999.0, -9999.0, -9999.0, -9999.0, -9999.0, -9999.0, -9999.0, -9999.0, -9999.0, -9999.0, -9999.0, -9999.0, -9999.0, -9999.0, -9999.0, -9999.0, -9999.0, -9999.0, -9999.0, -9999.0, -9999.0, -9999.0, -9999.0, -9999.0, -9999.0, -9999.0, -9999.0, -9999.0, -9999.0, -9999.0, -9999.0, -9999.0, -9999.0, -9999.0, -9999.0, -9999.0, -9999.0, -9999.0, -9999.0, -9999.0, -9999.0, -9999.0, -9999.0, -9999.0, -9999.0, -9999.0, -9999.0, -9999.0, -9999.0, -9999.0, -9999.0, -9999.0, -9999.0, -9999.0, -9999.0, -9999.0, -9999.0, -9999.0, -9999.0, -9999.0, -9999.0, -9999.0, -9999.0, -9999.0, -9999.0, -9999.0, -9999.0, -9999.0, -9999.0, -9999.0, -9999.0, -9999.0, -9999.0, -9999.0, -9999.0, -9999.0, -9999.0, -9999.0, -9999.0, -9999.0, -9999.0, -9999.0, -9999.0, -9999.0, -9999.0, -9999.0, -9999.0, -9999.0, -9999.0, -9999.0, -9999.0, -9999.0, -9999.0, -9999.0, -9999.0, -9999.0, -9999.0, -9999.0, -9999.0, -9999.0, -9999.0, -9999.0, -9999.0, -9999.0, -9999.0, -9999.0, -9999.0, -9999.0, -9999.0, -9999.0, -9999.0, -9999.0, -9999.0, -9999.0, -9999.0, -9999.0, -9999.0, -9999.0, -9999.0, -9999.0, -9999.0, -9999.0, -9999.0, -9999.0, -9999.0, -9999.0, -9999.0, -9999.0, -9999.0, -9999.0, -9999.0, -9999.0, -9999.0, -9999.0, -9999.0, -9999.0, -9999.0, -9999.0, -9999.0, -9999.0, -9999.0, -9999.0, -9999.0, -9999.0, -9999.0, -9999.0, -9999.0, -9999.0, -9999.0, -9999.0, -9999.0, -9999.0, -9999.0, -9999.0, -9999.0, -9999.0, -9999.0, -9999.0, -9999.0, -9999.0, -9999.0, -9999.0, -9999.0, -9999.0, -9999.0, -9999.0, -9999.0, -9999.0, -9999.0, -9999.0, -9999.0, -9999.0, -9999.0, -9999.0, -9999.0, -9999.0, -9999.0, -9999.0]",
floatingse.member3:section_A,intermediate,m**2,"[0.7853981633974483, 0.2827433388230813, 0.2827433388230813, 0.7853981633974483, 0.01, -9999.0, -9999.0, -9999.0, -9999.0, -9999.0, -9999.0, -9999.0, -9999.0, -9999.0, -9999.0, -9999.0, -9999.0, -9999.0, -9999.0, -9999.0, -9999.0, -9999.0, -9999.0, -9999.0, -9999.0, -9999.0, -9999.0, -9999.0, -9999.0, -9999.0, -9999.0, -9999.0, -9999.0, -9999.0, -9999.0, -9999.0, -9999.0, -9999.0, -9999.0, -9999.0, -9999.0, -9999.0, -9999.0, -9999.0, -9999.0, -9999.0, -9999.0, -9999.0, -9999.0, -9999.0, -9999.0, -9999.0, -9999.0, -9999.0, -9999.0, -9999.0, -9999.0, -9999.0, -9999.0, -9999.0, -9999.0, -9999.0, -9999.0, -9999.0, -9999.0, -9999.0, -9999.0, -9999.0, -9999.0, -9999.0, -9999.0, -9999.0, -9999.0, -9999.0, -9999.0, -9999.0, -9999.0, -9999.0, -9999.0, -9999.0, -9999.0, -9999.0, -9999.0, -9999.0, -9999.0, -9999.0, -9999.0, -9999.0, -9999.0, -9999.0, -9999.0, -9999.0, -9999.0, -9999.0, -9999.0, -9999.0, -9999.0, -9999.0, -9999.0, -9999.0, -9999.0, -9999.0, -9999.0, -9999.0, -9999.0, -9999.0, -9999.0, -9999.0, -9999.0, -9999.0, -9999.0, -9999.0, -9999.0, -9999.0, -9999.0, -9999.0, -9999.0, -9999.0, -9999.0, -9999.0, -9999.0, -9999.0, -9999.0, -9999.0, -9999.0, -9999.0, -9999.0, -9999.0, -9999.0, -9999.0, -9999.0, -9999.0, -9999.0, -9999.0, -9999.0, -9999.0, -9999.0, -9999.0, -9999.0, -9999.0, -9999.0, -9999.0, -9999.0, -9999.0, -9999.0, -9999.0, -9999.0, -9999.0, -9999.0, -9999.0, -9999.0, -9999.0, -9999.0, -9999.0, -9999.0, -9999.0, -9999.0, -9999.0, -9999.0, -9999.0, -9999.0, -9999.0, -9999.0, -9999.0, -9999.0, -9999.0, -9999.0, -9999.0, -9999.0, -9999.0, -9999.0, -9999.0, -9999.0, -9999.0, -9999.0, -9999.0, -9999.0, -9999.0, -9999.0, -9999.0, -9999.0, -9999.0, -9999.0, -9999.0, -9999.0, -9999.0, -9999.0, -9999.0, -9999.0, -9999.0, -9999.0, -9999.0, -9999.0, -9999.0, -9999.0, -9999.0, -9999.0, -9999.0, -9999.0, -9999.0]",
floatingse.member3:section_Asx,intermediate,m**2,"[0.698606753390037, 0.18261539511206404, 0.18261539511206404, 0.698606753390037, 0.01, -9999.0, -9999.0, -9999.0, -9999.0, -9999.0, -9999.0, -9999.0, -9999.0, -9999.0, -9999.0, -9999.0, -9999.0, -9999.0, -9999.0, -9999.0, -9999.0, -9999.0, -9999.0, -9999.0, -9999.0, -9999.0, -9999.0, -9999.0, -9999.0, -9999.0, -9999.0, -9999.0, -9999.0, -9999.0, -9999.0, -9999.0, -9999.0, -9999.0, -9999.0, -9999.0, -9999.0, -9999.0, -9999.0, -9999.0, -9999.0, -9999.0, -9999.0, -9999.0, -9999.0, -9999.0, -9999.0, -9999.0, -9999.0, -9999.0, -9999.0, -9999.0, -9999.0, -9999.0, -9999.0, -9999.0, -9999.0, -9999.0, -9999.0, -9999.0, -9999.0, -9999.0, -9999.0, -9999.0, -9999.0, -9999.0, -9999.0, -9999.0, -9999.0, -9999.0, -9999.0, -9999.0, -9999.0, -9999.0, -9999.0, -9999.0, -9999.0, -9999.0, -9999.0, -9999.0, -9999.0, -9999.0, -9999.0, -9999.0, -9999.0, -9999.0, -9999.0, -9999.0, -9999.0, -9999.0, -9999.0, -9999.0, -9999.0, -9999.0, -9999.0, -9999.0, -9999.0, -9999.0, -9999.0, -9999.0, -9999.0, -9999.0, -9999.0, -9999.0, -9999.0, -9999.0, -9999.0, -9999.0, -9999.0, -9999.0, -9999.0, -9999.0, -9999.0, -9999.0, -9999.0, -9999.0, -9999.0, -9999.0, -9999.0, -9999.0, -9999.0, -9999.0, -9999.0, -9999.0, -9999.0, -9999.0, -9999.0, -9999.0, -9999.0, -9999.0, -9999.0, -9999.0, -9999.0, -9999.0, -9999.0, -9999.0, -9999.0, -9999.0, -9999.0, -9999.0, -9999.0, -9999.0, -9999.0, -9999.0, -9999.0, -9999.0, -9999.0, -9999.0, -9999.0, -9999.0, -9999.0, -9999.0, -9999.0, -9999.0, -9999.0, -9999.0, -9999.0, -9999.0, -9999.0, -9999.0, -9999.0, -9999.0, -9999.0, -9999.0, -9999.0, -9999.0, -9999.0, -9999.0, -9999.0, -9999.0, -9999.0, -9999.0, -9999.0, -9999.0, -9999.0, -9999.0, -9999.0, -9999.0, -9999.0, -9999.0, -9999.0, -9999.0, -9999.0, -9999.0, -9999.0, -9999.0, -9999.0, -9999.0, -9999.0, -9999.0, -9999.0, -9999.0, -9999.0, -9999.0, -9999.0, -9999.0]",
floatingse.member3:section_Asy,intermediate,m**2,"[0.698606753390037, 0.18261539511206404, 0.18261539511206404, 0.698606753390037, 0.01, -9999.0, -9999.0, -9999.0, -9999.0, -9999.0, -9999.0, -9999.0, -9999.0, -9999.0, -9999.0, -9999.0, -9999.0, -9999.0, -9999.0, -9999.0, -9999.0, -9999.0, -9999.0, -9999.0, -9999.0, -9999.0, -9999.0, -9999.0, -9999.0, -9999.0, -9999.0, -9999.0, -9999.0, -9999.0, -9999.0, -9999.0, -9999.0, -9999.0, -9999.0, -9999.0, -9999.0, -9999.0, -9999.0, -9999.0, -9999.0, -9999.0, -9999.0, -9999.0, -9999.0, -9999.0, -9999.0, -9999.0, -9999.0, -9999.0, -9999.0, -9999.0, -9999.0, -9999.0, -9999.0, -9999.0, -9999.0, -9999.0, -9999.0, -9999.0, -9999.0, -9999.0, -9999.0, -9999.0, -9999.0, -9999.0, -9999.0, -9999.0, -9999.0, -9999.0, -9999.0, -9999.0, -9999.0, -9999.0, -9999.0, -9999.0, -9999.0, -9999.0, -9999.0, -9999.0, -9999.0, -9999.0, -9999.0, -9999.0, -9999.0, -9999.0, -9999.0, -9999.0, -9999.0, -9999.0, -9999.0, -9999.0, -9999.0, -9999.0, -9999.0, -9999.0, -9999.0, -9999.0, -9999.0, -9999.0, -9999.0, -9999.0, -9999.0, -9999.0, -9999.0, -9999.0, -9999.0, -9999.0, -9999.0, -9999.0, -9999.0, -9999.0, -9999.0, -9999.0, -9999.0, -9999.0, -9999.0, -9999.0, -9999.0, -9999.0, -9999.0, -9999.0, -9999.0, -9999.0, -9999.0, -9999.0, -9999.0, -9999.0, -9999.0, -9999.0, -9999.0, -9999.0, -9999.0, -9999.0, -9999.0, -9999.0, -9999.0, -9999.0, -9999.0, -9999.0, -9999.0, -9999.0, -9999.0, -9999.0, -9999.0, -9999.0, -9999.0, -9999.0, -9999.0, -9999.0, -9999.0, -9999.0, -9999.0, -9999.0, -9999.0, -9999.0, -9999.0, -9999.0, -9999.0, -9999.0, -9999.0, -9999.0, -9999.0, -9999.0, -9999.0, -9999.0, -9999.0, -9999.0, -9999.0, -9999.0, -9999.0, -9999.0, -9999.0, -9999.0, -9999.0, -9999.0, -9999.0, -9999.0, -9999.0, -9999.0, -9999.0, -9999.0, -9999.0, -9999.0, -9999.0, -9999.0, -9999.0, -9999.0, -9999.0, -9999.0, -9999.0, -9999.0, -9999.0, -9999.0, -9999.0, -9999.0]",
floatingse.member3:section_Ixx,intermediate,kg*m**2,"[0.04908738521234052, 0.028981192229365838, 0.028981192229365838, 0.04908738521234052, 0.01, -9999.0, -9999.0, -9999.0, -9999.0, -9999.0, -9999.0, -9999.0, -9999.0, -9999.0, -9999.0, -9999.0, -9999.0, -9999.0, -9999.0, -9999.0, -9999.0, -9999.0, -9999.0, -9999.0, -9999.0, -9999.0, -9999.0, -9999.0, -9999.0, -9999.0, -9999.0, -9999.0, -9999.0, -9999.0, -9999.0, -9999.0, -9999.0, -9999.0, -9999.0, -9999.0, -9999.0, -9999.0, -9999.0, -9999.0, -9999.0, -9999.0, -9999.0, -9999.0, -9999.0, -9999.0, -9999.0, -9999.0, -9999.0, -9999.0, -9999.0, -9999.0, -9999.0, -9999.0, -9999.0, -9999.0, -9999.0, -9999.0, -9999.0, -9999.0, -9999.0, -9999.0, -9999.0, -9999.0, -9999.0, -9999.0, -9999.0, -9999.0, -9999.0, -9999.0, -9999.0, -9999.0, -9999.0, -9999.0, -9999.0, -9999.0, -9999.0, -9999.0, -9999.0, -9999.0, -9999.0, -9999.0, -9999.0, -9999.0, -9999.0, -9999.0, -9999.0, -9999.0, -9999.0, -9999.0, -9999.0, -9999.0, -9999.0, -9999.0, -9999.0, -9999.0, -9999.0, -9999.0, -9999.0, -9999.0, -9999.0, -9999.0, -9999.0, -9999.0, -9999.0, -9999.0, -9999.0, -9999.0, -9999.0, -9999.0, -9999.0, -9999.0, -9999.0, -9999.0, -9999.0, -9999.0, -9999.0, -9999.0, -9999.0, -9999.0, -9999.0, -9999.0, -9999.0, -9999.0, -9999.0, -9999.0, -9999.0, -9999.0, -9999.0, -9999.0, -9999.0, -9999.0, -9999.0, -9999.0, -9999.0, -9999.0, -9999.0, -9999.0, -9999.0, -9999.0, -9999.0, -9999.0, -9999.0, -9999.0, -9999.0, -9999.0, -9999.0, -9999.0, -9999.0, -9999.0, -9999.0, -9999.0, -9999.0, -9999.0, -9999.0, -9999.0, -9999.0, -9999.0, -9999.0, -9999.0, -9999.0, -9999.0, -9999.0, -9999.0, -9999.0, -9999.0, -9999.0, -9999.0, -9999.0, -9999.0, -9999.0, -9999.0, -9999.0, -9999.0, -9999.0, -9999.0, -9999.0, -9999.0, -9999.0, -9999.0, -9999.0, -9999.0, -9999.0, -9999.0, -9999.0, -9999.0, -9999.0, -9999.0, -9999.0, -9999.0, -9999.0, -9999.0, -9999.0, -9999.0, -9999.0, -9999.0]",
floatingse.member3:section_Iyy,intermediate,kg*m**2,"[0.04908738521234052, 0.028981192229365838, 0.028981192229365838, 0.04908738521234052, 0.01, -9999.0, -9999.0, -9999.0, -9999.0, -9999.0, -9999.0, -9999.0, -9999.0, -9999.0, -9999.0, -9999.0, -9999.0, -9999.0, -9999.0, -9999.0, -9999.0, -9999.0, -9999.0, -9999.0, -9999.0, -9999.0, -9999.0, -9999.0, -9999.0, -9999.0, -9999.0, -9999.0, -9999.0, -9999.0, -9999.0, -9999.0, -9999.0, -9999.0, -9999.0, -9999.0, -9999.0, -9999.0, -9999.0, -9999.0, -9999.0, -9999.0, -9999.0, -9999.0, -9999.0, -9999.0, -9999.0, -9999.0, -9999.0, -9999.0, -9999.0, -9999.0, -9999.0, -9999.0, -9999.0, -9999.0, -9999.0, -9999.0, -9999.0, -9999.0, -9999.0, -9999.0, -9999.0, -9999.0, -9999.0, -9999.0, -9999.0, -9999.0, -9999.0, -9999.0, -9999.0, -9999.0, -9999.0, -9999.0, -9999.0, -9999.0, -9999.0, -9999.0, -9999.0, -9999.0, -9999.0, -9999.0, -9999.0, -9999.0, -9999.0, -9999.0, -9999.0, -9999.0, -9999.0, -9999.0, -9999.0, -9999.0, -9999.0, -9999.0, -9999.0, -9999.0, -9999.0, -9999.0, -9999.0, -9999.0, -9999.0, -9999.0, -9999.0, -9999.0, -9999.0, -9999.0, -9999.0, -9999.0, -9999.0, -9999.0, -9999.0, -9999.0, -9999.0, -9999.0, -9999.0, -9999.0, -9999.0, -9999.0, -9999.0, -9999.0, -9999.0, -9999.0, -9999.0, -9999.0, -9999.0, -9999.0, -9999.0, -9999.0, -9999.0, -9999.0, -9999.0, -9999.0, -9999.0, -9999.0, -9999.0, -9999.0, -9999.0, -9999.0, -9999.0, -9999.0, -9999.0, -9999.0, -9999.0, -9999.0, -9999.0, -9999.0, -9999.0, -9999.0, -9999.0, -9999.0, -9999.0, -9999.0, -9999.0, -9999.0, -9999.0, -9999.0, -9999.0, -9999.0, -9999.0, -9999.0, -9999.0, -9999.0, -9999.0, -9999.0, -9999.0, -9999.0, -9999.0, -9999.0, -9999.0, -9999.0, -9999.0, -9999.0, -9999.0, -9999.0, -9999.0, -9999.0, -9999.0, -9999.0, -9999.0, -9999.0, -9999.0, -9999.0, -9999.0, -9999.0, -9999.0, -9999.0, -9999.0, -9999.0, -9999.0, -9999.0, -9999.0, -9999.0, -9999.0, -9999.0, -9999.0, -9999.0]",
floatingse.member3:section_J0,intermediate,kg*m**2,"[0.09817477042468103, 0.057962384458731676, 0.057962384458731676, 0.09817477042468103, 0.01, -9999.0, -9999.0, -9999.0, -9999.0, -9999.0, -9999.0, -9999.0, -9999.0, -9999.0, -9999.0, -9999.0, -9999.0, -9999.0, -9999.0, -9999.0, -9999.0, -9999.0, -9999.0, -9999.0, -9999.0, -9999.0, -9999.0, -9999.0, -9999.0, -9999.0, -9999.0, -9999.0, -9999.0, -9999.0, -9999.0, -9999.0, -9999.0, -9999.0, -9999.0, -9999.0, -9999.0, -9999.0, -9999.0, -9999.0, -9999.0, -9999.0, -9999.0, -9999.0, -9999.0, -9999.0, -9999.0, -9999.0, -9999.0, -9999.0, -9999.0, -9999.0, -9999.0, -9999.0, -9999.0, -9999.0, -9999.0, -9999.0, -9999.0, -9999.0, -9999.0, -9999.0, -9999.0, -9999.0, -9999.0, -9999.0, -9999.0, -9999.0, -9999.0, -9999.0, -9999.0, -9999.0, -9999.0, -9999.0, -9999.0, -9999.0, -9999.0, -9999.0, -9999.0, -9999.0, -9999.0, -9999.0, -9999.0, -9999.0, -9999.0, -9999.0, -9999.0, -9999.0, -9999.0, -9999.0, -9999.0, -9999.0, -9999.0, -9999.0, -9999.0, -9999.0, -9999.0, -9999.0, -9999.0, -9999.0, -9999.0, -9999.0, -9999.0, -9999.0, -9999.0, -9999.0, -9999.0, -9999.0, -9999.0, -9999.0, -9999.0, -9999.0, -9999.0, -9999.0, -9999.0, -9999.0, -9999.0, -9999.0, -9999.0, -9999.0, -9999.0, -9999.0, -9999.0, -9999.0, -9999.0, -9999.0, -9999.0, -9999.0, -9999.0, -9999.0, -9999.0, -9999.0, -9999.0, -9999.0, -9999.0, -9999.0, -9999.0, -9999.0, -9999.0, -9999.0, -9999.0, -9999.0, -9999.0, -9999.0, -9999.0, -9999.0, -9999.0, -9999.0, -9999.0, -9999.0, -9999.0, -9999.0, -9999.0, -9999.0, -9999.0, -9999.0, -9999.0, -9999.0, -9999.0, -9999.0, -9999.0, -9999.0, -9999.0, -9999.0, -9999.0, -9999.0, -9999.0, -9999.0, -9999.0, -9999.0, -9999.0, -9999.0, -9999.0, -9999.0, -9999.0, -9999.0, -9999.0, -9999.0, -9999.0, -9999.0, -9999.0, -9999.0, -9999.0, -9999.0, -9999.0, -9999.0, -9999.0, -9999.0, -9999.0, -9999.0, -9999.0, -9999.0, -9999.0, -9999.0, -9999.0, -9999.0]",
floatingse.member3:section_rho,intermediate,kg/m**3,"[7800.0, 7800.0, 7800.0, 7800.0, 0.01, -9999.0, -9999.0, -9999.0, -9999.0, -9999.0, -9999.0, -9999.0, -9999.0, -9999.0, -9999.0, -9999.0, -9999.0, -9999.0, -9999.0, -9999.0, -9999.0, -9999.0, -9999.0, -9999.0, -9999.0, -9999.0, -9999.0, -9999.0, -9999.0, -9999.0, -9999.0, -9999.0, -9999.0, -9999.0, -9999.0, -9999.0, -9999.0, -9999.0, -9999.0, -9999.0, -9999.0, -9999.0, -9999.0, -9999.0, -9999.0, -9999.0, -9999.0, -9999.0, -9999.0, -9999.0, -9999.0, -9999.0, -9999.0, -9999.0, -9999.0, -9999.0, -9999.0, -9999.0, -9999.0, -9999.0, -9999.0, -9999.0, -9999.0, -9999.0, -9999.0, -9999.0, -9999.0, -9999.0, -9999.0, -9999.0, -9999.0, -9999.0, -9999.0, -9999.0, -9999.0, -9999.0, -9999.0, -9999.0, -9999.0, -9999.0, -9999.0, -9999.0, -9999.0, -9999.0, -9999.0, -9999.0, -9999.0, -9999.0, -9999.0, -9999.0, -9999.0, -9999.0, -9999.0, -9999.0, -9999.0, -9999.0, -9999.0, -9999.0, -9999.0, -9999.0, -9999.0, -9999.0, -9999.0, -9999.0, -9999.0, -9999.0, -9999.0, -9999.0, -9999.0, -9999.0, -9999.0, -9999.0, -9999.0, -9999.0, -9999.0, -9999.0, -9999.0, -9999.0, -9999.0, -9999.0, -9999.0, -9999.0, -9999.0, -9999.0, -9999.0, -9999.0, -9999.0, -9999.0, -9999.0, -9999.0, -9999.0, -9999.0, -9999.0, -9999.0, -9999.0, -9999.0, -9999.0, -9999.0, -9999.0, -9999.0, -9999.0, -9999.0, -9999.0, -9999.0, -9999.0, -9999.0, -9999.0, -9999.0, -9999.0, -9999.0, -9999.0, -9999.0, -9999.0, -9999.0, -9999.0, -9999.0, -9999.0, -9999.0, -9999.0, -9999.0, -9999.0, -9999.0, -9999.0, -9999.0, -9999.0, -9999.0, -9999.0, -9999.0, -9999.0, -9999.0, -9999.0, -9999.0, -9999.0, -9999.0, -9999.0, -9999.0, -9999.0, -9999.0, -9999.0, -9999.0, -9999.0, -9999.0, -9999.0, -9999.0, -9999.0, -9999.0, -9999.0, -9999.0, -9999.0, -9999.0, -9999.0, -9999.0, -9999.0, -9999.0, -9999.0, -9999.0, -9999.0, -9999.0, -9999.0, -9999.0]",
floatingse.member3:section_E,intermediate,Pa,"[200000000000.0, 200000000000.0, 200000000000.0, 200000000000.0, 20000000000000.0, -9999.0, -9999.0, -9999.0, -9999.0, -9999.0, -9999.0, -9999.0, -9999.0, -9999.0, -9999.0, -9999.0, -9999.0, -9999.0, -9999.0, -9999.0, -9999.0, -9999.0, -9999.0, -9999.0, -9999.0, -9999.0, -9999.0, -9999.0, -9999.0, -9999.0, -9999.0, -9999.0, -9999.0, -9999.0, -9999.0, -9999.0, -9999.0, -9999.0, -9999.0, -9999.0, -9999.0, -9999.0, -9999.0, -9999.0, -9999.0, -9999.0, -9999.0, -9999.0, -9999.0, -9999.0, -9999.0, -9999.0, -9999.0, -9999.0, -9999.0, -9999.0, -9999.0, -9999.0, -9999.0, -9999.0, -9999.0, -9999.0, -9999.0, -9999.0, -9999.0, -9999.0, -9999.0, -9999.0, -9999.0, -9999.0, -9999.0, -9999.0, -9999.0, -9999.0, -9999.0, -9999.0, -9999.0, -9999.0, -9999.0, -9999.0, -9999.0, -9999.0, -9999.0, -9999.0, -9999.0, -9999.0, -9999.0, -9999.0, -9999.0, -9999.0, -9999.0, -9999.0, -9999.0, -9999.0, -9999.0, -9999.0, -9999.0, -9999.0, -9999.0, -9999.0, -9999.0, -9999.0, -9999.0, -9999.0, -9999.0, -9999.0, -9999.0, -9999.0, -9999.0, -9999.0, -9999.0, -9999.0, -9999.0, -9999.0, -9999.0, -9999.0, -9999.0, -9999.0, -9999.0, -9999.0, -9999.0, -9999.0, -9999.0, -9999.0, -9999.0, -9999.0, -9999.0, -9999.0, -9999.0, -9999.0, -9999.0, -9999.0, -9999.0, -9999.0, -9999.0, -9999.0, -9999.0, -9999.0, -9999.0, -9999.0, -9999.0, -9999.0, -9999.0, -9999.0, -9999.0, -9999.0, -9999.0, -9999.0, -9999.0, -9999.0, -9999.0, -9999.0, -9999.0, -9999.0, -9999.0, -9999.0, -9999.0, -9999.0, -9999.0, -9999.0, -9999.0, -9999.0, -9999.0, -9999.0, -9999.0, -9999.0, -9999.0, -9999.0, -9999.0, -9999.0, -9999.0, -9999.0, -9999.0, -9999.0, -9999.0, -9999.0, -9999.0, -9999.0, -9999.0, -9999.0, -9999.0, -9999.0, -9999.0, -9999.0, -9999.0, -9999.0, -9999.0, -9999.0, -9999.0, -9999.0, -9999.0, -9999.0, -9999.0, -9999.0, -9999.0, -9999.0, -9999.0, -9999.0, -9999.0, -9999.0]",
floatingse.member3:section_G,intermediate,Pa,"[79300000000.0, 79300000000.0, 79300000000.0, 79300000000.0, 7930000000000.0, -9999.0, -9999.0, -9999.0, -9999.0, -9999.0, -9999.0, -9999.0, -9999.0, -9999.0, -9999.0, -9999.0, -9999.0, -9999.0, -9999.0, -9999.0, -9999.0, -9999.0, -9999.0, -9999.0, -9999.0, -9999.0, -9999.0, -9999.0, -9999.0, -9999.0, -9999.0, -9999.0, -9999.0, -9999.0, -9999.0, -9999.0, -9999.0, -9999.0, -9999.0, -9999.0, -9999.0, -9999.0, -9999.0, -9999.0, -9999.0, -9999.0, -9999.0, -9999.0, -9999.0, -9999.0, -9999.0, -9999.0, -9999.0, -9999.0, -9999.0, -9999.0, -9999.0, -9999.0, -9999.0, -9999.0, -9999.0, -9999.0, -9999.0, -9999.0, -9999.0, -9999.0, -9999.0, -9999.0, -9999.0, -9999.0, -9999.0, -9999.0, -9999.0, -9999.0, -9999.0, -9999.0, -9999.0, -9999.0, -9999.0, -9999.0, -9999.0, -9999.0, -9999.0, -9999.0, -9999.0, -9999.0, -9999.0, -9999.0, -9999.0, -9999.0, -9999.0, -9999.0, -9999.0, -9999.0, -9999.0, -9999.0, -9999.0, -9999.0, -9999.0, -9999.0, -9999.0, -9999.0, -9999.0, -9999.0, -9999.0, -9999.0, -9999.0, -9999.0, -9999.0, -9999.0, -9999.0, -9999.0, -9999.0, -9999.0, -9999.0, -9999.0, -9999.0, -9999.0, -9999.0, -9999.0, -9999.0, -9999.0, -9999.0, -9999.0, -9999.0, -9999.0, -9999.0, -9999.0, -9999.0, -9999.0, -9999.0, -9999.0, -9999.0, -9999.0, -9999.0, -9999.0, -9999.0, -9999.0, -9999.0, -9999.0, -9999.0, -9999.0, -9999.0, -9999.0, -9999.0, -9999.0, -9999.0, -9999.0, -9999.0, -9999.0, -9999.0, -9999.0, -9999.0, -9999.0, -9999.0, -9999.0, -9999.0, -9999.0, -9999.0, -9999.0, -9999.0, -9999.0, -9999.0, -9999.0, -9999.0, -9999.0, -9999.0, -9999.0, -9999.0, -9999.0, -9999.0, -9999.0, -9999.0, -9999.0, -9999.0, -9999.0, -9999.0, -9999.0, -9999.0, -9999.0, -9999.0, -9999.0, -9999.0, -9999.0, -9999.0, -9999.0, -9999.0, -9999.0, -9999.0, -9999.0, -9999.0, -9999.0, -9999.0, -9999.0, -9999.0, -9999.0, -9999.0, -9999.0, -9999.0, -9999.0]",
floatingse.member3:section_TorsC,intermediate,m**3,"[0.0, 0.11592476891746335, 0.11592476891746335, 0.0, 0.11592476891746335, -9999.0, -9999.0, -9999.0, -9999.0, -9999.0, -9999.0, -9999.0, -9999.0, -9999.0, -9999.0, -9999.0, -9999.0, -9999.0, -9999.0, -9999.0, -9999.0, -9999.0, -9999.0, -9999.0, -9999.0, -9999.0, -9999.0, -9999.0, -9999.0, -9999.0, -9999.0, -9999.0, -9999.0, -9999.0, -9999.0, -9999.0, -9999.0, -9999.0, -9999.0, -9999.0, -9999.0, -9999.0, -9999.0, -9999.0, -9999.0, -9999.0, -9999.0, -9999.0, -9999.0, -9999.0, -9999.0, -9999.0, -9999.0, -9999.0, -9999.0, -9999.0, -9999.0, -9999.0, -9999.0, -9999.0, -9999.0, -9999.0, -9999.0, -9999.0, -9999.0, -9999.0, -9999.0, -9999.0, -9999.0, -9999.0, -9999.0, -9999.0, -9999.0, -9999.0, -9999.0, -9999.0, -9999.0, -9999.0, -9999.0, -9999.0, -9999.0, -9999.0, -9999.0, -9999.0, -9999.0, -9999.0, -9999.0, -9999.0, -9999.0, -9999.0, -9999.0, -9999.0, -9999.0, -9999.0, -9999.0, -9999.0, -9999.0, -9999.0, -9999.0, -9999.0, -9999.0, -9999.0, -9999.0, -9999.0, -9999.0, -9999.0, -9999.0, -9999.0, -9999.0, -9999.0, -9999.0, -9999.0, -9999.0, -9999.0, -9999.0, -9999.0, -9999.0, -9999.0, -9999.0, -9999.0, -9999.0, -9999.0, -9999.0, -9999.0, -9999.0, -9999.0, -9999.0, -9999.0, -9999.0, -9999.0, -9999.0, -9999.0, -9999.0, -9999.0, -9999.0, -9999.0, -9999.0, -9999.0, -9999.0, -9999.0, -9999.0, -9999.0, -9999.0, -9999.0, -9999.0, -9999.0, -9999.0, -9999.0, -9999.0, -9999.0, -9999.0, -9999.0, -9999.0, -9999.0, -9999.0, -9999.0, -9999.0, -9999.0, -9999.0, -9999.0, -9999.0, -9999.0, -9999.0, -9999.0, -9999.0, -9999.0, -9999.0, -9999.0, -9999.0, -9999.0, -9999.0, -9999.0, -9999.0, -9999.0, -9999.0, -9999.0, -9999.0, -9999.0, -9999.0, -9999.0, -9999.0, -9999.0, -9999.0, -9999.0, -9999.0, -9999.0, -9999.0, -9999.0, -9999.0, -9999.0, -9999.0, -9999.0, -9999.0, -9999.0, -9999.0, -9999.0, -9999.0, -9999.0, -9999.0, -9999.0]",
floatingse.member3:section_sigma_y,intermediate,Pa,"[345000000.0, 345000000.0, 345000000.0, 345000000.0, 34500000000.0, -9999.0, -9999.0, -9999.0, -9999.0, -9999.0, -9999.0, -9999.0, -9999.0, -9999.0, -9999.0, -9999.0, -9999.0, -9999.0, -9999.0, -9999.0, -9999.0, -9999.0, -9999.0, -9999.0, -9999.0, -9999.0, -9999.0, -9999.0, -9999.0, -9999.0, -9999.0, -9999.0, -9999.0, -9999.0, -9999.0, -9999.0, -9999.0, -9999.0, -9999.0, -9999.0, -9999.0, -9999.0, -9999.0, -9999.0, -9999.0, -9999.0, -9999.0, -9999.0, -9999.0, -9999.0, -9999.0, -9999.0, -9999.0, -9999.0, -9999.0, -9999.0, -9999.0, -9999.0, -9999.0, -9999.0, -9999.0, -9999.0, -9999.0, -9999.0, -9999.0, -9999.0, -9999.0, -9999.0, -9999.0, -9999.0, -9999.0, -9999.0, -9999.0, -9999.0, -9999.0, -9999.0, -9999.0, -9999.0, -9999.0, -9999.0, -9999.0, -9999.0, -9999.0, -9999.0, -9999.0, -9999.0, -9999.0, -9999.0, -9999.0, -9999.0, -9999.0, -9999.0, -9999.0, -9999.0, -9999.0, -9999.0, -9999.0, -9999.0, -9999.0, -9999.0, -9999.0, -9999.0, -9999.0, -9999.0, -9999.0, -9999.0, -9999.0, -9999.0, -9999.0, -9999.0, -9999.0, -9999.0, -9999.0, -9999.0, -9999.0, -9999.0, -9999.0, -9999.0, -9999.0, -9999.0, -9999.0, -9999.0, -9999.0, -9999.0, -9999.0, -9999.0, -9999.0, -9999.0, -9999.0, -9999.0, -9999.0, -9999.0, -9999.0, -9999.0, -9999.0, -9999.0, -9999.0, -9999.0, -9999.0, -9999.0, -9999.0, -9999.0, -9999.0, -9999.0, -9999.0, -9999.0, -9999.0, -9999.0, -9999.0, -9999.0, -9999.0, -9999.0, -9999.0, -9999.0, -9999.0, -9999.0, -9999.0, -9999.0, -9999.0, -9999.0, -9999.0, -9999.0, -9999.0, -9999.0, -9999.0, -9999.0, -9999.0, -9999.0, -9999.0, -9999.0, -9999.0, -9999.0, -9999.0, -9999.0, -9999.0, -9999.0, -9999.0, -9999.0, -9999.0, -9999.0, -9999.0, -9999.0, -9999.0, -9999.0, -9999.0, -9999.0, -9999.0, -9999.0, -9999.0, -9999.0, -9999.0, -9999.0, -9999.0, -9999.0, -9999.0, -9999.0, -9999.0, -9999.0, -9999.0, -9999.0]",
floatingse.member3:idx_cb,intermediate,,1.0,
floatingse.member3:buoyancy_force,intermediate,N,278320.3419026925,
floatingse.member3:displacement,intermediate,m**3,27.689465975617342,
floatingse.member3:center_of_buoyancy,intermediate,m,"[-1.4529208008638235, -2.516532646469803, -52.52226307177722]",
floatingse.member3:center_of_mass,intermediate,m,"[-1.4529208008638235, -2.516532646469803, -52.52226307177722]",
floatingse.member3:ballast_mass,intermediate,kg,0.0,
floatingse.member3:total_mass,intermediate,kg,77908.84876480067,
floatingse.member3:total_cost,intermediate,USD,191159.21379024305,
floatingse.member3:I_total,intermediate,kg*m**2,"[8110118.273539156, 8110118.273539156, 15951.71045862574, 0.0, 0.0, 0.0]",
floatingse.member3:Awater,intermediate,m**2,0.0,
floatingse.member3:added_mass,intermediate,kg,"[28381.702625007776, 28381.702625007776, 170.83333333333331, 2939872.7273274693, 2939872.7273274693, 0.0]",
floatingse.member3:waterline_centroid,intermediate,m,"[0.0, 0.0]",
floatingse.member3:variable_ballast_capacity,intermediate,m**3,0.0,
floatingse.member0.gc.d,intermediate,m,"[9.4, 9.4, 9.4, 9.4, 6.5, 6.5]",
floatingse.member0.gc.t,intermediate,m,"[0.08, 0.08, 0.08, 0.08, 0.08]",
floatingse.member0.s,output,,"[0.0, 0.38462, 0.4, 0.8308, 0.8923, 1.0]",
floatingse.member0.height,output,m,25.0,
floatingse.member0.outer_diameter,output,m,"[9.4, 9.4, 9.4, 9.4, 6.5, 6.5]",
floatingse.member0.ca_usr_grid,intermediate,,"[-1.0, -1.0, -1.0, -1.0, -1.0, -1.0]",
floatingse.member0.cd_usr_grid,intermediate,,"[-1.0, -1.0, -1.0, -1.0, -1.0, -1.0]",
floatingse.member0.wall_thickness,output,m,"[0.08, 0.08, 0.08, 0.08, 0.08]",
floatingse.member0.E,output,Pa,"[200000000000.0, 200000000000.0, 200000000000.0, 200000000000.0, 200000000000.0]",
floatingse.member0.G,output,Pa,"[79300000000.0, 79300000000.0, 79300000000.0, 79300000000.0, 79300000000.0]",
floatingse.member0.sigma_y,output,Pa,"[345000000.0, 345000000.0, 345000000.0, 345000000.0, 345000000.0]",
floatingse.member0.rho,output,kg/m**3,"[7800.0, 7800.0, 7800.0, 7800.0, 7800.0]",
floatingse.member0.unit_cost,output,USD/kg,"[0.7, 0.7, 0.7, 0.7, 0.7]",
floatingse.member0.outfitting_factor,output,,"[1.0, 1.0, 1.0, 1.0, 1.0]",
floatingse.member0.nodes_xyz,output,m,"[[0.0, 0.0, -40.0], [0.0, 0.0, -35.19225], [0.0, 0.0, -30.3845], [0.0, 0.0, -30.19225], [0.0, 0.0, -30.0], [0.0, 0.0, -24.615000000000002], [0.0, 0.0, -19.23], [0.0, 0.0, -18.46125], [0.0, 0.0, -17.6925], [0.0, 0.0, -16.346249999999998], [0.0, 0.0, -15.0]]",
floatingse.member0.s_full,output,m,"[0.0, 0.19231, 0.38462, 0.39231000000000005, 0.4, 0.6154, 0.8308, 0.86155, 0.8923, 0.94615, 1.0]",
floatingse.member0.z_full,output,m,"[0.0, 4.80775, 9.6155, 9.80775, 10.0, 15.384999999999998, 20.77, 21.53875, 22.3075, 23.653750000000002, 25.0]",
floatingse.member0.outer_diameter_full,output,m,"[9.4, 9.4, 9.4, 9.4, 9.4, 9.4, 9.4, 7.9499999999999975, 6.5, 6.5, 6.5]",
floatingse.member0.s_ghost1,intermediate,,0.0,
floatingse.member0.s_ghost2,intermediate,,1.0,
floatingse.member0.layer_thickness,intermediate,m,"[[0.08, 0.08, 0.08, 0.08, 0.08, 0.08]]",
floatingse.member0.outer_diameter_in,intermediate,m,"[9.4, 9.4, 9.4, 9.4, 6.5, 6.5]",
floatingse.member0.t_full,output,m,"[0.08, 0.08, 0.08, 0.08, 0.08, 0.08, 0.08, 0.08, 0.08, 0.08]",
floatingse.member0.E_full,output,Pa,"[200000000000.0, 200000000000.0, 200000000000.0, 200000000000.0, 200000000000.0, 200000000000.0, 200000000000.0, 200000000000.0, 200000000000.0, 200000000000.0]",
floatingse.member0.G_full,output,Pa,"[79300000000.0, 79300000000.0, 79300000000.0, 79300000000.0, 79300000000.0, 79300000000.0, 79300000000.0, 79300000000.0, 79300000000.0, 79300000000.0]",
floatingse.member0.rho_full,output,kg/m**3,"[7800.0, 7800.0, 7800.0, 7800.0, 7800.0, 7800.0, 7800.0, 7800.0, 7800.0, 7800.0]",
floatingse.member0.sigma_y_full,output,Pa,"[345000000.0, 345000000.0, 345000000.0, 345000000.0, 345000000.0, 345000000.0, 345000000.0, 345000000.0, 345000000.0, 345000000.0]",
floatingse.member0.unit_cost_full,output,USD/kg,"[0.7, 0.7, 0.7, 0.7, 0.7, 0.7, 0.7, 0.7, 0.7, 0.7]",
floatingse.member0.outfitting_full,output,,"[1.0, 1.0, 1.0, 1.0, 1.0, 1.0, 1.0, 1.0, 1.0, 1.0]",
floatingse.member0.ballast_density,output,kg/m**3,"[5000.0, 1025.0]",
floatingse.member0.ballast_unit_cost,output,USD/kg,"[1.0, 0.0]",
floatingse.member1.gc.d,intermediate,m,"[1.0, 1.0]",
floatingse.member1.gc.t,intermediate,m,0.1,
floatingse.member1.s,output,,"[0.0, 1.0]",
floatingse.member1.height,output,m,39.95532305275481,
floatingse.member1.outer_diameter,output,m,"[1.0, 1.0]",
floatingse.member1.ca_usr_grid,intermediate,,"[-1.0, -1.0]",
floatingse.member1.cd_usr_grid,intermediate,,"[-1.0, -1.0]",
floatingse.member1.wall_thickness,output,m,0.1,
floatingse.member1.E,output,Pa,200000000000.0,
floatingse.member1.G,output,Pa,79300000000.0,
floatingse.member1.sigma_y,output,Pa,345000000.0,
floatingse.member1.rho,output,kg/m**3,7800.0,
floatingse.member1.unit_cost,output,USD/kg,0.7,
floatingse.member1.outfitting_factor,output,,1.0,
floatingse.member1.nodes_xyz,output,m,"[[5.2, 0.0, -70.0], [2.6, 0.0, -50.19225], [0.0, 0.0, -30.384500000000003]]",
floatingse.member1.s_full,output,m,"[0.0, 0.5, 1.0]",
floatingse.member1.z_full,output,m,"[0.0, 19.977661526377403, 39.95532305275481]",
floatingse.member1.outer_diameter_full,output,m,"[1.0, 1.0, 1.0]",
floatingse.member1.s_ghost1,intermediate,,0.0,
floatingse.member1.s_ghost2,intermediate,,0.8823686147201368,
floatingse.member1.layer_thickness,intermediate,m,"[[0.1, 0.1]]",
floatingse.member1.outer_diameter_in,intermediate,m,"[1.0, 1.0]",
floatingse.member1.t_full,output,m,"[0.1, 0.1]",
floatingse.member1.E_full,output,Pa,"[200000000000.0, 200000000000.0]",
floatingse.member1.G_full,output,Pa,"[79300000000.0, 79300000000.0]",
floatingse.member1.rho_full,output,kg/m**3,"[7800.0, 7800.0]",
floatingse.member1.sigma_y_full,output,Pa,"[345000000.0, 345000000.0]",
floatingse.member1.unit_cost_full,output,USD/kg,"[0.7, 0.7]",
floatingse.member1.outfitting_full,output,,"[1.0, 1.0]",
floatingse.member1.ballast_density,output,kg/m**3,[],
floatingse.member1.ballast_unit_cost,output,USD/kg,[],
floatingse.member2.gc.d,intermediate,m,"[1.0, 1.0]",
floatingse.member2.gc.t,intermediate,m,0.1,
floatingse.member2.s,output,,"[0.0, 1.0]",
floatingse.member2.height,output,m,39.95532305275481,
floatingse.member2.outer_diameter,output,m,"[1.0, 1.0]",
floatingse.member2.ca_usr_grid,intermediate,,"[-1.0, -1.0]",
floatingse.member2.cd_usr_grid,intermediate,,"[-1.0, -1.0]",
floatingse.member2.wall_thickness,output,m,0.1,
floatingse.member2.E,output,Pa,200000000000.0,
floatingse.member2.G,output,Pa,79300000000.0,
floatingse.member2.sigma_y,output,Pa,345000000.0,
floatingse.member2.rho,output,kg/m**3,7800.0,
floatingse.member2.unit_cost,output,USD/kg,0.7,
floatingse.member2.outfitting_factor,output,,1.0,
floatingse.member2.nodes_xyz,output,m,"[[-2.5999999999999988, 4.503332099679081, -70.0], [-1.2999999999999994, 2.2516660498395407, -50.19225], [0.0, 0.0, -30.384500000000003]]",
floatingse.member2.s_full,output,m,"[0.0, 0.5, 1.0]",
floatingse.member2.z_full,output,m,"[0.0, 19.977661526377403, 39.95532305275481]",
floatingse.member2.outer_diameter_full,output,m,"[1.0, 1.0, 1.0]",
floatingse.member2.s_ghost1,intermediate,,0.0,
floatingse.member2.s_ghost2,intermediate,,0.8823686147201368,
floatingse.member2.layer_thickness,intermediate,m,"[[0.1, 0.1]]",
floatingse.member2.outer_diameter_in,intermediate,m,"[1.0, 1.0]",
floatingse.member2.t_full,output,m,"[0.1, 0.1]",
floatingse.member2.E_full,output,Pa,"[200000000000.0, 200000000000.0]",
floatingse.member2.G_full,output,Pa,"[79300000000.0, 79300000000.0]",
floatingse.member2.rho_full,output,kg/m**3,"[7800.0, 7800.0]",
floatingse.member2.sigma_y_full,output,Pa,"[345000000.0, 345000000.0]",
floatingse.member2.unit_cost_full,output,USD/kg,"[0.7, 0.7]",
floatingse.member2.outfitting_full,output,,"[1.0, 1.0]",
floatingse.member2.ballast_density,output,kg/m**3,[],
floatingse.member2.ballast_unit_cost,output,USD/kg,[],
floatingse.member3.gc.d,intermediate,m,"[1.0, 1.0]",
floatingse.member3.gc.t,intermediate,m,0.1,
floatingse.member3.s,output,,"[0.0, 1.0]",
floatingse.member3.height,output,m,39.95532305275481,
floatingse.member3.outer_diameter,output,m,"[1.0, 1.0]",
floatingse.member3.ca_usr_grid,intermediate,,"[-1.0, -1.0]",
floatingse.member3.cd_usr_grid,intermediate,,"[-1.0, -1.0]",
floatingse.member3.wall_thickness,output,m,0.1,
floatingse.member3.E,output,Pa,200000000000.0,
floatingse.member3.G,output,Pa,79300000000.0,
floatingse.member3.sigma_y,output,Pa,345000000.0,
floatingse.member3.rho,output,kg/m**3,7800.0,
floatingse.member3.unit_cost,output,USD/kg,0.7,
floatingse.member3.outfitting_factor,output,,1.0,
floatingse.member3.nodes_xyz,output,m,"[[-2.6000000000000023, -4.50333209967908, -70.0], [-1.3000000000000012, -2.25166604983954, -50.19225], [0.0, 0.0, -30.384500000000003]]",
floatingse.member3.s_full,output,m,"[0.0, 0.5, 1.0]",
floatingse.member3.z_full,output,m,"[0.0, 19.977661526377403, 39.95532305275481]",
floatingse.member3.outer_diameter_full,output,m,"[1.0, 1.0, 1.0]",
floatingse.member3.s_ghost1,intermediate,,0.0,
floatingse.member3.s_ghost2,intermediate,,0.8823686147201368,
floatingse.member3.layer_thickness,intermediate,m,"[[0.1, 0.1]]",
floatingse.member3.outer_diameter_in,intermediate,m,"[1.0, 1.0]",
floatingse.member3.t_full,output,m,"[0.1, 0.1]",
floatingse.member3.E_full,output,Pa,"[200000000000.0, 200000000000.0]",
floatingse.member3.G_full,output,Pa,"[79300000000.0, 79300000000.0]",
floatingse.member3.rho_full,output,kg/m**3,"[7800.0, 7800.0]",
floatingse.member3.sigma_y_full,output,Pa,"[345000000.0, 345000000.0]",
floatingse.member3.unit_cost_full,output,USD/kg,"[0.7, 0.7]",
floatingse.member3.outfitting_full,output,,"[1.0, 1.0]",
floatingse.member3.ballast_density,output,kg/m**3,[],
floatingse.member3.ballast_unit_cost,output,USD/kg,[],
floatingse.line_length,intermediate,m,902.2,
floatingse.line_diameter,intermediate,m,0.09,
floatingse.anchor_radius,intermediate,m,853.8700000000001,
inverse_design.floatingse_platform_hull_mass,intermediate,kg,813881.8635357078,
inverse_design.floatingse_mooring_mass,intermediate,kg,436276.85399999993,
inverse_design.floatingse_system_structural_center_of_mass,intermediate,m,"[9.941202690717358e-18, -25.932730714886983]",
tcc.hub_cost,output,USD,0.0,
tcc.pitch_system_cost,output,USD,0.0,
tcc.spinner_cost,output,USD,0.0,
tcc.lss_cost,output,USD,0.0,
tcc.main_bearing_cost,output,USD,0.0,
tcc.gearbox_cost,output,USD,0.0,
tcc.hss_cost,output,USD,0.0,
tcc.brake_cost,output,USD,0.0,
tcc.generator_cost,output,USD,0.0,
tcc.bedplate_cost,output,USD,0.0,
tcc.yaw_system_cost,output,USD,0.0,
tcc.converter_cost,output,USD,0.0,
tcc.hvac_cost,output,USD,0.0,
tcc.cover_cost,output,USD,0.0,
tcc.elec_cost,output,USD,209250.0,
tcc.controls_cost,output,USD,105750.0,
tcc.platforms_cost,output,USD,0.0,
tcc.transformer_cost,output,USD,0.0,
tcc.blade_cost,output,USD,0.0,
tcc.rotor_cost,output,USD,0.0,
tcc.rotor_mass_tcc,output,kg,0.0,
tcc.nacelle_cost,output,USD,315000.0,
tcc.nacelle_mass_tcc,output,kg,0.0,
tcc.tower_cost,output,USD,792023.3373145775,
tcc.tower_mass,intermediate,kg,255712.3874840711,
tcc.turbine_cost,output,USD,1107023.3373145775,
tcc.turbine_cost_kW,output,USD/kW,221.4046674629155,
tcc.turbine_mass_tcc,output,kg,255712.3874840711,
tcc.hub_system_cost,output,USD,0.0,
tcc.hub_system_mass_tcc,output,kg,0.0,
tcc.tower_parts_cost,output,USD,792023.3373145775,
tcc.tower_cost_external,intermediate,USD,792023.3373145775,
towerse.env.distLoads.windLoads_Px,intermediate,N/m,"[227.55310497814088, 237.35329219309685, 244.6909176818015, 250.25984344998443, 254.3065979006115, 257.2711759180875, 259.3453105554329, 260.8557794692754, 261.7268575760124, 262.03771155320146, 261.8503053378624, 261.2139350687499, 260.1683964423017, 258.5347029174848, 256.55140949959645, 254.24959642465242, 251.88210290736413, 249.25901727558653, 246.40734878874358, 243.35419231334984, 240.12709972107507, 236.7543906075711, 233.26541805143427, 229.6839546156674, 225.98967607147384, 221.957465636091, 217.81387923151314, 213.55984424319536, 209.42028540198248, 205.16950385070342, 200.80448402334167]",
towerse.env.distLoads.windLoads_Py,intermediate,N/m,"[0.0, 0.0, 0.0, 0.0, 0.0, 0.0, 0.0, 0.0, 0.0, 0.0, 0.0, 0.0, 0.0, 0.0, 0.0, 0.0, 0.0, 0.0, 0.0, 0.0, 0.0, 0.0, 0.0, 0.0, 0.0, 0.0, 0.0, 0.0, 0.0, 0.0, 0.0]",
towerse.env.distLoads.windLoads_Pz,intermediate,N/m,"[0.0, 0.0, 0.0, 0.0, 0.0, 0.0, 0.0, 0.0, 0.0, 0.0, 0.0, 0.0, 0.0, 0.0, 0.0, 0.0, 0.0, 0.0, 0.0, 0.0, 0.0, 0.0, 0.0, 0.0, 0.0, 0.0, 0.0, 0.0, 0.0, 0.0, 0.0]",
towerse.env.distLoads.windLoads_qdyn,intermediate,N/m**2,"[52.0368059185017, 54.81461226075241, 57.16769451278723, 59.220297162848226, 61.047815335375624, 62.69970882038091, 64.21031016265441, 65.60449766327447, 66.90091889984666, 68.11393850878956, 69.2548743861871, 70.33281448193279, 71.35517491566141, 72.32809235700607, 73.25670672096419, 74.14536921620198, 74.99779833935037, 75.81719878437485, 76.6063534249443, 77.36769541101567, 78.10336535416356, 78.8152571767959, 79.5050552348074, 80.17426464546861, 80.82423626915501, 81.45618744409857, 82.07121931732514, 82.67033142508326, 83.25443403369833, 83.82435864390939, 84.38086697922002]",
towerse.env.distLoads.windLoads_z,intermediate,m,"[10.0, 12.666666666666668, 15.333333333333336, 18.000000000000004, 20.666666666666668, 23.333333333333336, 26.0, 28.666666666666668, 31.333333333333332, 34.0, 36.666666666666664, 39.333333333333336, 42.0, 44.66666666666667, 47.333333333333336, 50.0, 52.666666666666664, 55.33333333333334, 58.00000000000001, 60.66666666666667, 63.33333333333333, 66.0, 68.66666666666666, 71.33333333333334, 74.0, 76.66666666666667, 79.33333333333334, 82.00000000000001, 84.66666666666667, 87.33333333333333, 90.0]",
towerse.env.distLoads.windLoads_beta,intermediate,deg,0.0,
towerse.z_global,output,m,"[10.0, 12.666666666666668, 15.333333333333336, 18.000000000000004, 20.666666666666668, 23.333333333333336, 26.0, 28.666666666666668, 31.333333333333332, 34.0, 36.666666666666664, 39.333333333333336, 42.0, 44.66666666666667, 47.333333333333336, 50.0, 52.666666666666664, 55.33333333333334, 58.00000000000001, 60.66666666666667, 63.33333333333333, 66.0, 68.66666666666666, 71.33333333333334, 74.0, 76.66666666666667, 79.33333333333334, 82.00000000000001, 84.66666666666667, 87.33333333333333, 90.0]",
towerse.wind_reference_height,intermediate,m,90.0,
towerse.env.windLoads.U,intermediate,m/s,"[9.217269144339143, 9.46008691859387, 9.661004681162748, 9.832914087367392, 9.983481486353764, 10.117651483594354, 10.238806544184321, 10.34936635451852, 10.451123864951844, 10.545445946873556, 10.633399393953274, 10.715833372559583, 10.793435262244524, 10.866769593544973, 10.936305888333905, 11.002439003532453, 11.06550428330482, 11.125789036682983, 11.183541363471612, 11.23897703319473, 11.292284912160598, 11.34363129253112, 11.393163380375551, 11.441012132012041, 11.487294579924699, 11.532115754981103, 11.57557028646353, 11.61774374281019, 11.658713762059257, 11.698551010495196, 11.73732]",
towerse.outer_diameter_full,output,m,"[6.5, 6.413333333333333, 6.326666666666667, 6.24, 6.15, 6.06, 5.97, 5.883333333333333, 5.796666666666667, 5.71, 5.623333333333333, 5.536666666666667, 5.45, 5.36, 5.27, 5.18, 5.093333333333333, 5.006666666666667, 4.92, 4.833333333333333, 4.746666666666667, 4.66, 4.573333333333333, 4.486666666666667, 4.4, 4.3100000000000005, 4.22, 4.13, 4.043333333333333, 3.9566666666666666, 3.8699999999999997]",
towerse.joint1,output,m,"[0.0, 0.0, 10.0]",
towerse.joint2,output,m,"[0.0, 0.0, 90.0]",
towerse.s_full,output,m,"[0.0, 0.03333333333333335, 0.0666666666666667, 0.10000000000000005, 0.13333333333333336, 0.16666666666666669, 0.2, 0.23333333333333334, 0.26666666666666666, 0.3, 0.3333333333333333, 0.3666666666666667, 0.4, 0.43333333333333335, 0.4666666666666667, 0.5, 0.5333333333333333, 0.5666666666666668, 0.6000000000000001, 0.6333333333333334, 0.6666666666666666, 0.7, 0.7333333333333333, 0.7666666666666667, 0.8, 0.8333333333333334, 0.8666666666666668, 0.9000000000000001, 0.9333333333333335, 0.9666666666666667, 1.0]",
towerse.g2e.Px_global,intermediate,N/m,"[227.55310497814088, 237.35329219309685, 244.6909176818015, 250.25984344998443, 254.3065979006115, 257.2711759180875, 259.3453105554329, 260.8557794692754, 261.7268575760124, 262.03771155320146, 261.8503053378624, 261.2139350687499, 260.1683964423017, 258.5347029174848, 256.55140949959645, 254.24959642465242, 251.88210290736413, 249.25901727558653, 246.40734878874358, 243.35419231334984, 240.12709972107507, 236.7543906075711, 233.26541805143427, 229.6839546156674, 225.98967607147384, 221.957465636091, 217.81387923151314, 213.55984424319536, 209.42028540198248, 205.16950385070342, 200.80448402334167]",
towerse.g2e.Py_global,intermediate,N/m,"[0.0, 0.0, 0.0, 0.0, 0.0, 0.0, 0.0, 0.0, 0.0, 0.0, 0.0, 0.0, 0.0, 0.0, 0.0, 0.0, 0.0, 0.0, 0.0, 0.0, 0.0, 0.0, 0.0, 0.0, 0.0, 0.0, 0.0, 0.0, 0.0, 0.0, 0.0]",
towerse.g2e.Pz_global,intermediate,N/m,"[0.0, 0.0, 0.0, 0.0, 0.0, 0.0, 0.0, 0.0, 0.0, 0.0, 0.0, 0.0, 0.0, 0.0, 0.0, 0.0, 0.0, 0.0, 0.0, 0.0, 0.0, 0.0, 0.0, 0.0, 0.0, 0.0, 0.0, 0.0, 0.0, 0.0, 0.0]",
towerse.g2e.qdyn_global,intermediate,Pa,"[52.0368059185017, 54.81461226075241, 57.16769451278723, 59.220297162848226, 61.047815335375624, 62.69970882038091, 64.21031016265441, 65.60449766327447, 66.90091889984666, 68.11393850878956, 69.2548743861871, 70.33281448193279, 71.35517491566141, 72.32809235700607, 73.25670672096419, 74.14536921620198, 74.99779833935037, 75.81719878437485, 76.6063534249443, 77.36769541101567, 78.10336535416356, 78.8152571767959, 79.5050552348074, 80.17426464546861, 80.82423626915501, 81.45618744409857, 82.07121931732514, 82.67033142508326, 83.25443403369833, 83.82435864390939, 84.38086697922002]",
towerse.lc:Px,intermediate,N/m,"[0.0, 0.0, 0.0, 0.0, 0.0, 0.0, 0.0, 0.0, 0.0, 0.0, 0.0, 0.0, 0.0, 0.0, 0.0, 0.0, 0.0, 0.0, 0.0, 0.0, 0.0, 0.0, 0.0, 0.0, 0.0, 0.0, 0.0, 0.0, 0.0, 0.0, 0.0]",
towerse.lc:Py,intermediate,N/m,"[0.0, 0.0, 0.0, 0.0, 0.0, 0.0, 0.0, 0.0, 0.0, 0.0, 0.0, 0.0, 0.0, 0.0, 0.0, 0.0, 0.0, 0.0, 0.0, 0.0, 0.0, 0.0, 0.0, 0.0, 0.0, 0.0, 0.0, 0.0, 0.0, 0.0, 0.0]",
towerse.lc:Pz,intermediate,N/m,"[-227.55310497814088, -237.35329219309685, -244.6909176818015, -250.25984344998443, -254.3065979006115, -257.2711759180875, -259.3453105554329, -260.8557794692754, -261.7268575760124, -262.03771155320146, -261.8503053378624, -261.2139350687499, -260.1683964423017, -258.5347029174848, -256.55140949959645, -254.24959642465242, -251.88210290736413, -249.25901727558653, -246.40734878874358, -243.35419231334984, -240.12709972107507, -236.7543906075711, -233.26541805143427, -229.6839546156674, -225.98967607147384, -221.957465636091, -217.81387923151314, -213.55984424319536, -209.42028540198248, -205.16950385070342, -200.80448402334167]",
towerse.lc:qdyn,intermediate,Pa,"[52.0368059185017, 54.81461226075241, 57.16769451278723, 59.220297162848226, 61.047815335375624, 62.69970882038091, 64.21031016265441, 65.60449766327447, 66.90091889984666, 68.11393850878956, 69.2548743861871, 70.33281448193279, 71.35517491566141, 72.32809235700607, 73.25670672096419, 74.14536921620198, 74.99779833935037, 75.81719878437485, 76.6063534249443, 77.36769541101567, 78.10336535416356, 78.8152571767959, 79.5050552348074, 80.17426464546861, 80.82423626915501, 81.45618744409857, 82.07121931732514, 82.67033142508326, 83.25443403369833, 83.82435864390939, 84.38086697922002]",
towerse.z_full,output,m,"[0.0, 2.666666666666668, 5.333333333333336, 8.000000000000004, 10.666666666666668, 13.333333333333336, 16.0, 18.666666666666668, 21.333333333333332, 24.0, 26.666666666666664, 29.333333333333336, 32.0, 34.66666666666667, 37.333333333333336, 40.0, 42.666666666666664, 45.33333333333334, 48.00000000000001, 50.66666666666667, 53.33333333333333, 56.0, 58.666666666666664, 61.333333333333336, 64.0, 66.66666666666667, 69.33333333333334, 72.00000000000001, 74.66666666666667, 77.33333333333333, 80.0]",
towerse.t_full,output,m,"[0.0266, 0.0266, 0.0266, 0.0258, 0.0258, 0.0258, 0.025, 0.025, 0.025, 0.0242, 0.0242, 0.0242, 0.0234, 0.0234, 0.0234, 0.022600000000000002, 0.022600000000000002, 0.022600000000000002, 0.0218, 0.0218, 0.0218, 0.020999999999999998, 0.020999999999999998, 0.020999999999999998, 0.020200000000000003, 0.020200000000000003, 0.020200000000000003, 0.0194, 0.0194, 0.0194]",
towerse.tower_height,intermediate,m,80.0,
towerse.E_full,output,Pa,"[200000000000.0, 200000000000.0, 200000000000.0, 200000000000.0, 200000000000.0, 200000000000.0, 200000000000.0, 200000000000.0, 200000000000.0, 200000000000.0, 200000000000.0, 200000000000.0, 200000000000.0, 200000000000.0, 200000000000.0, 200000000000.0, 200000000000.0, 200000000000.0, 200000000000.0, 200000000000.0, 200000000000.0, 200000000000.0, 200000000000.0, 200000000000.0, 200000000000.0, 200000000000.0, 200000000000.0, 200000000000.0, 200000000000.0, 200000000000.0]",
towerse.G_full,output,Pa,"[79300000000.0, 79300000000.0, 79300000000.0, 79300000000.0, 79300000000.0, 79300000000.0, 79300000000.0, 79300000000.0, 79300000000.0, 79300000000.0, 79300000000.0, 79300000000.0, 79300000000.0, 79300000000.0, 79300000000.0, 79300000000.0, 79300000000.0, 79300000000.0, 79300000000.0, 79300000000.0, 79300000000.0, 79300000000.0, 79300000000.0, 79300000000.0, 79300000000.0, 79300000000.0, 79300000000.0, 79300000000.0, 79300000000.0, 79300000000.0]",
towerse.rho_full,output,kg/m**3,"[7800.0, 7800.0, 7800.0, 7800.0, 7800.0, 7800.0, 7800.0, 7800.0, 7800.0, 7800.0, 7800.0, 7800.0, 7800.0, 7800.0, 7800.0, 7800.000000000001, 7800.000000000001, 7800.000000000001, 7800.0, 7800.0, 7800.0, 7800.0, 7800.0, 7800.0, 7800.000000000001, 7800.000000000001, 7800.000000000001, 7799.999999999999, 7799.999999999999, 7799.999999999999]",
towerse.sigma_y_full,output,Pa,"[345000000.0, 345000000.0, 345000000.0, 345000000.0, 345000000.0, 345000000.0, 345000000.0, 345000000.0, 345000000.0, 345000000.0, 345000000.0, 345000000.0, 345000000.0, 345000000.0, 345000000.0, 345000000.0, 345000000.0, 345000000.0, 345000000.0, 345000000.0, 345000000.0, 345000000.0, 345000000.0, 345000000.0, 345000000.0, 345000000.0, 345000000.0, 345000000.0, 345000000.0, 345000000.0]",
towerse.section_A,output,m**2,"[0.581936290891845, 0.5740927519118546, 0.5662492129318643, 0.5415354419135704, 0.5336351971861869, 0.5257349524587914, 0.5019876288345623, 0.4946158816729109, 0.4872441345112595, 0.46458234035060686, 0.45744648909813096, 0.450310637845652, 0.42845538087137536, 0.42129004263025477, 0.4141247043891311, 0.39323589480889815, 0.3865718353747672, 0.37990777594063624, 0.3600908864445933, 0.35366272291963485, 0.3472345593946794, 0.3283568985339346, 0.3221646309181486, 0.31597236330236567, 0.29791938546717256, 0.2917339225410752, 0.2855484596149779, 0.26846192917382233, 0.2627414533763828, 0.2570209775789433]",
towerse.section_Asx,output,m**2,"[0.3268664530123531, 0.3224690301611473, 0.3180716107278138, 0.3041799831520474, 0.29975077151425944, 0.2953215636958355, 0.2819728641841248, 0.277839953750352, 0.27370704699655823, 0.26096803810376434, 0.2569673838404034, 0.2529667334023498, 0.24068100035114204, 0.23666381800291356, 0.23264663996873702, 0.2209038344902362, 0.21716769343673215, 0.21343155658301713, 0.20229081102389235, 0.19868692660950385, 0.1950830466103176, 0.18446996861189813, 0.18099834104571372, 0.1775267181433442, 0.16737708874935367, 0.1639092811501172, 0.16044147891157365, 0.15083477604684128, 0.1476276635786636, 0.14442055644474855]",
towerse.section_Asy,output,m**2,"[0.3268664530123531, 0.3224690301611473, 0.3180716107278138, 0.3041799831520474, 0.29975077151425944, 0.2953215636958355, 0.2819728641841248, 0.277839953750352, 0.27370704699655823, 0.26096803810376434, 0.2569673838404034, 0.2529667334023498, 0.24068100035114204, 0.23666381800291356, 0.23264663996873702, 0.2209038344902362, 0.21716769343673215, 0.21343155658301713, 0.20229081102389235, 0.19868692660950385, 0.1950830466103176, 0.18446996861189813, 0.18099834104571372, 0.1775267181433442, 0.16737708874935367, 0.1639092811501172, 0.16044147891157365, 0.15083477604684128, 0.1476276635786636, 0.14442055644474855]",
towerse.section_Ixx,output,kg*m**2,"[3.007626053012849, 2.8876457183810316, 2.770899439584993, 2.5763341701269193, 2.4652170625655425, 2.357341788827059, 2.1855471149720245, 2.0906702307983984, 1.9985796827582116, 1.8489224821727206, 1.7650286466093805, 1.6837117596012885, 1.5511244894755818, 1.47459825498615, 1.400631357505689, 1.2855957211694584, 1.221338029420452, 1.1592580256773874, 1.0609270281230652, 1.0051185865724837, 0.9513024450276848, 0.8668865561452064, 0.8187621601417845, 0.7724526248925333, 0.699771638286153, 0.6570845330146073, 0.6161697113224953, 0.5551468694578138, 0.5204104439006135, 0.48715412853076573]",
towerse.section_Iyy,output,kg*m**2,"[3.007626053012849, 2.8876457183810316, 2.770899439584993, 2.5763341701269193, 2.4652170625655425, 2.357341788827059, 2.1855471149720245, 2.0906702307983984, 1.9985796827582116, 1.8489224821727206, 1.7650286466093805, 1.6837117596012885, 1.5511244894755818, 1.47459825498615, 1.400631357505689, 1.2855957211694584, 1.221338029420452, 1.1592580256773874, 1.0609270281230652, 1.0051185865724837, 0.9513024450276848, 0.8668865561452064, 0.8187621601417845, 0.7724526248925333, 0.699771638286153, 0.6570845330146073, 0.6161697113224953, 0.5551468694578138, 0.5204104439006135, 0.48715412853076573]",
towerse.section_J0,output,kg*m**2,"[6.015252106025698, 5.775291436762063, 5.541798879169986, 5.152668340253839, 4.930434125131085, 4.714683577654118, 4.371094229944049, 4.181340461596797, 3.9971593655164233, 3.697844964345441, 3.530057293218761, 3.367423519202577, 3.1022489789511636, 2.9491965099723, 2.801262715011378, 2.571191442338917, 2.442676058840904, 2.318516051354775, 2.1218540562461303, 2.0102371731449673, 1.9026048900553696, 1.7337731122904128, 1.637524320283569, 1.5449052497850666, 1.399543276572306, 1.3141690660292147, 1.2323394226449906, 1.1102937389156275, 1.040820887801227, 0.9743082570615315]",
towerse.section_rho,output,kg/m**3,"[7800.0, 7800.0, 7800.0, 7800.0, 7800.0, 7800.0, 7800.0, 7800.0, 7800.0, 7800.0, 7800.0, 7800.0, 7800.0, 7800.0, 7800.0, 7800.000000000001, 7800.000000000001, 7800.000000000001, 7800.0, 7800.0, 7800.0, 7800.0, 7800.0, 7800.0, 7800.000000000001, 7800.000000000001, 7800.000000000001, 7799.999999999999, 7799.999999999999, 7799.999999999999]",
towerse.section_E,output,Pa,"[200000000000.0, 200000000000.0, 200000000000.0, 200000000000.0, 200000000000.0, 200000000000.0, 200000000000.0, 200000000000.0, 200000000000.0, 200000000000.0, 200000000000.0, 200000000000.0, 200000000000.0, 200000000000.0, 200000000000.0, 200000000000.0, 200000000000.0, 200000000000.0, 200000000000.0, 200000000000.0, 200000000000.0, 200000000000.0, 200000000000.0, 200000000000.0, 200000000000.0, 200000000000.0, 200000000000.0, 200000000000.0, 200000000000.0, 200000000000.0]",
towerse.section_G,output,Pa,"[79300000000.0, 79300000000.0, 79300000000.0, 79300000000.0, 79300000000.0, 79300000000.0, 79300000000.0, 79300000000.0, 79300000000.0, 79300000000.0, 79300000000.0, 79300000000.0, 79300000000.0, 79300000000.0, 79300000000.0, 79300000000.0, 79300000000.0, 79300000000.0, 79300000000.0, 79300000000.0, 79300000000.0, 79300000000.0, 79300000000.0, 79300000000.0, 79300000000.0, 79300000000.0, 79300000000.0, 79300000000.0, 79300000000.0, 79300000000.0]",
towerse.section_L,output,m,"[2.666666666666668, 2.666666666666668, 2.666666666666668, 2.6666666666666643, 2.666666666666668, 2.6666666666666643, 2.666666666666668, 2.6666666666666643, 2.666666666666668, 2.6666666666666643, 2.6666666666666714, 2.6666666666666643, 2.6666666666666714, 2.6666666666666643, 2.6666666666666643, 2.6666666666666643, 2.6666666666666785, 2.6666666666666643, 2.6666666666666643, 2.666666666666657, 2.6666666666666714, 2.666666666666657, 2.6666666666666856, 2.666666666666657, 2.6666666666666714, 2.6666666666666714, 2.6666666666666714, 2.666666666666657, 2.666666666666657, 2.6666666666666714]",
towerse.post.cylinder_Fz,intermediate,N,"[[-5321629.8417755375], [-5203894.896050813], [-5087742.775507864], [-4976618.8626336], [-4867097.125053784], [-4759180.153865829], [-4656102.235229878], [-4554524.803733127], [-4454449.442908373], [-4358996.275623644], [-4264999.714359589], [-4172460.878950124], [-4084383.4379822006], [-3997772.297649394], [-3912628.3398315837], [-3831751.2680851133], [-3752240.065087819], [-3674095.3635081872], [-3600000.5411662306], [-3527225.171211893], [-3455769.6818348817], [-3388173.7537830872], [-3321850.2088666693], [-3256799.311686453], [-3195440.909454097], [-3135354.9576713494], [-3076541.755500837], [-3021224.7935101916], [-2967085.725949053], [-2914124.844005118]]",
towerse.post.cylinder_Vx,intermediate,N,"[[1284760.5673143845], [1284786.7971232478], [1284812.4654604644], [1284835.229672633], [1284859.693232879], [1284883.5210109353], [1284902.2110513374], [1284924.8031140268], [1284946.6442653686], [1284961.1049011052], [1284981.4312782288], [1285000.8885228187], [1285010.8401970416], [1285028.41738303], [1285044.9960104376], [1285050.3831913918], [1285065.1559028924], [1285078.743170023], [1285079.3833668232], [1285090.609278351], [1285100.439992994], [1285095.9739924967], [1285103.0109995008], [1285108.3935626745], [1285098.3867251277], [1285100.1615209281], [1285099.9577646554], [1285084.1980270445], [1285080.2066705227], [1285073.8099754602]]",
towerse.post.cylinder_Vy,intermediate,N,"[[-0.5429918807640206], [-1.6296843191375956], [-2.732004513964057], [-3.7527967812493443], [-4.888115926645696], [-6.041380113456398], [-7.013238990679383], [-8.210378342308104], [-9.426876047626138], [-10.34847077447921], [-11.610839186236262], [-12.895014852285385], [-13.759801256470382], [-15.090388997457922], [-16.44678648840636], [-17.261979904025793], [-18.693375390954316], [-20.153214504942298], [-20.919840706512332], [-22.4536653123796], [-24.02026685886085], [-24.731991801410913], [-26.386102434247732], [-28.078305957838893], [-28.725551042705774], [-30.502368297427893], [-32.32579229772091], [-32.92786916345358], [-34.90516631864011], [-36.9353740233928]]",
towerse.post.cylinder_Mxx,intermediate,N*m,"[[4105291.990681269], [4104899.1446125945], [4104246.372593129], [4103330.0492062755], [4102145.5091434196], [4100692.431217123], [4098965.5772572383], [4096958.5306722], [4094670.5554509833], [4092095.152517695], [4089223.696231693], [4086054.276831221], [4082578.116180476], [4078783.112956088], [4074664.9531137124], [4070211.572013527], [4065407.4737311527], [4060246.998363547], [4054715.1172688603], [4048791.915592693], [4042468.8768328205], [4035726.2154623047], [4028538.0082081184], [4020891.8303705975], [4012761.1168822497], [4004110.760520965], [3994921.0267921984], [3985155.228901759], [3974767.972656943], [3963733.401452139]]",
towerse.post.cylinder_Myy,intermediate,N*m,"[[99126263.70696715], [95690009.8319927], [92247713.25996545], [88799500.90166062], [85345527.79059333], [81886032.61808091], [78421140.3297311], [74951005.88569796], [71475885.52853614], [67995919.24402273], [64511264.392766714], [61022188.24448204], [57528840.881567836], [54031378.91182506], [50530076.08124602], [47025098.89287782], [43516629.28669977], [40004979.80368674], [36490360.83920264], [32972993.57052791], [29453232.130074143], [25931342.612816572], [22407608.213257313], [18882446.731849015], [15356209.152606606], [11829274.127228081], [8302151.903639555], [4775329.093597293], [1249352.8739771843], [-2275104.880522132]]",
towerse.post.cylinder_Mzz,intermediate,N*m,"[[-346822.57340590865], [-346822.22310387535], [-346821.87527727627], [-346822.77160159685], [-346822.46913221374], [-346822.1709044942], [-346823.1461975818], [-346822.85269733734], [-346822.5637835841], [-346823.6159744196], [-346823.35747738386], [-346823.10493534064], [-346824.27342979866], [-346824.0834423579], [-346823.90236619866], [-346825.1983228174], [-346825.0334511277], [-346824.87851689156], [-346826.3068176945], [-346826.20160241623], [-346826.10911986046], [-346827.71174769383], [-346827.67880866013], [-346827.6621957969], [-346829.493724505], [-346829.58758468035], [-346829.70500762376], [-346831.8036289231], [-346831.97409890185], [-346832.17220084684]]",
towerse.qdyn,output,Pa,"[[52.0368059185017], [54.81461226075241], [57.16769451278723], [59.220297162848226], [61.047815335375624], [62.69970882038091], [64.21031016265441], [65.60449766327447], [66.90091889984666], [68.11393850878956], [69.2548743861871], [70.33281448193279], [71.35517491566141], [72.32809235700607], [73.25670672096419], [74.14536921620198], [74.99779833935037], [75.81719878437485], [76.6063534249443], [77.36769541101567], [78.10336535416356], [78.8152571767959], [79.5050552348074], [80.17426464546861], [80.82423626915501], [81.45618744409857], [82.07121931732514], [82.67033142508326], [83.25443403369833], [83.82435864390939], [84.38086697922002]]",
towerse.nodes_xyz,output,m,"[[0.0, 0.0, 10.0], [0.0, 0.0, 12.666666666666668], [0.0, 0.0, 15.333333333333336], [0.0, 0.0, 18.000000000000004], [0.0, 0.0, 20.666666666666668], [0.0, 0.0, 23.333333333333336], [0.0, 0.0, 26.0], [0.0, 0.0, 28.666666666666668], [0.0, 0.0, 31.333333333333332], [0.0, 0.0, 34.0], [0.0, 0.0, 36.666666666666664], [0.0, 0.0, 39.333333333333336], [0.0, 0.0, 42.0], [0.0, 0.0, 44.66666666666667], [0.0, 0.0, 47.333333333333336], [0.0, 0.0, 50.0], [0.0, 0.0, 52.666666666666664], [0.0, 0.0, 55.33333333333334], [0.0, 0.0, 58.00000000000001], [0.0, 0.0, 60.66666666666667], [0.0, 0.0, 63.33333333333333], [0.0, 0.0, 66.0], [0.0, 0.0, 68.66666666666666], [0.0, 0.0, 71.33333333333334], [0.0, 0.0, 74.0], [0.0, 0.0, 76.66666666666667], [0.0, 0.0, 79.33333333333334], [0.0, 0.0, 82.00000000000001], [0.0, 0.0, 84.66666666666667], [0.0, 0.0, 87.33333333333333], [0.0, 0.0, 90.0]]",
towerse.Px,output,N/m,"[[0.0], [0.0], [0.0], [0.0], [0.0], [0.0], [0.0], [0.0], [0.0], [0.0], [0.0], [0.0], [0.0], [0.0], [0.0], [0.0], [0.0], [0.0], [0.0], [0.0], [0.0], [0.0], [0.0], [0.0], [0.0], [0.0], [0.0], [0.0], [0.0], [0.0], [0.0]]",
towerse.Py,output,N/m,"[[0.0], [0.0], [0.0], [0.0], [0.0], [0.0], [0.0], [0.0], [0.0], [0.0], [0.0], [0.0], [0.0], [0.0], [0.0], [0.0], [0.0], [0.0], [0.0], [0.0], [0.0], [0.0], [0.0], [0.0], [0.0], [0.0], [0.0], [0.0], [0.0], [0.0], [0.0]]",
towerse.Pz,output,N/m,"[[-227.55310497814088], [-237.35329219309685], [-244.6909176818015], [-250.25984344998443], [-254.3065979006115], [-257.2711759180875], [-259.3453105554329], [-260.8557794692754], [-261.7268575760124], [-262.03771155320146], [-261.8503053378624], [-261.2139350687499], [-260.1683964423017], [-258.5347029174848], [-256.55140949959645], [-254.24959642465242], [-251.88210290736413], [-249.25901727558653], [-246.40734878874358], [-243.35419231334984], [-240.12709972107507], [-236.7543906075711], [-233.26541805143427], [-229.6839546156674], [-225.98967607147384], [-221.957465636091], [-217.81387923151314], [-213.55984424319536], [-209.42028540198248], [-205.16950385070342], [-200.80448402334167]]",
towerse.tower_mass,output,kg,255712.3874840711,
towerse.tower_center_of_mass,output,m,34.399059974971664,
towerse.tower_I_base,output,kg*m**2,"[433430700.94856435, 433430700.94856435, 1861359.186847532, 0.0, 0.0, 0.0]",
towerse.member.gc.d,intermediate,m,"[6.5, 6.24, 5.97, 5.71, 5.45, 5.18, 4.92, 4.66, 4.4, 4.13, 3.8699999999999997]",
towerse.member.gc.t,intermediate,m,"[0.0266, 0.0258, 0.025, 0.0242, 0.0234, 0.022600000000000002, 0.0218, 0.020999999999999998, 0.020200000000000003, 0.0194]",
towerse.member.s,output,,"[0.0, 0.10000000000000005, 0.2, 0.3, 0.4, 0.5, 0.6000000000000001, 0.7, 0.8, 0.9000000000000001, 1.0]",
towerse.member.height,output,m,80.0,
towerse.tower_outer_diameter,output,m,"[6.5, 6.24, 5.97, 5.71, 5.45, 5.18, 4.92, 4.66, 4.4, 4.13, 3.8699999999999997]",
towerse.tower_wall_thickness,output,m,"[0.0266, 0.0258, 0.025, 0.0242, 0.0234, 0.022600000000000002, 0.0218, 0.020999999999999998, 0.020200000000000003, 0.0194]",
towerse.member.E,output,Pa,"[200000000000.0, 200000000000.0, 200000000000.0, 200000000000.0, 200000000000.0, 200000000000.0, 200000000000.0, 200000000000.0, 200000000000.0, 200000000000.0]",
towerse.member.G,output,Pa,"[79300000000.0, 79300000000.0, 79300000000.0, 79300000000.0, 79300000000.0, 79300000000.0, 79300000000.0, 79300000000.0, 79300000000.0, 79300000000.0]",
towerse.member.sigma_y,output,Pa,"[345000000.0, 345000000.0, 345000000.0, 345000000.0, 345000000.0, 345000000.0, 345000000.0, 345000000.0, 345000000.0, 345000000.0]",
towerse.member.rho,output,kg/m**3,"[7800.0, 7800.0, 7800.0, 7800.0, 7800.0, 7800.000000000001, 7800.0, 7800.0, 7800.000000000001, 7799.999999999999]",
towerse.member.unit_cost,output,USD/kg,"[0.7, 0.7, 0.7, 0.7, 0.7, 0.7, 0.7, 0.7, 0.7, 0.7]",
towerse.member.outfitting_factor,output,,"[1.083, 1.083, 1.083, 1.083, 1.083, 1.083, 1.083, 1.083, 1.083, 1.083]",
towerse.tower_s,intermediate,,"[0.0, 0.10000000000000005, 0.2, 0.3, 0.4, 0.5, 0.6000000000000001, 0.7, 0.8, 0.9000000000000001, 1.0]",
towerse.outfitting_full,output,,"[1.083, 1.083, 1.083, 1.083, 1.083, 1.083, 1.083, 1.083, 1.083, 1.083, 1.083, 1.083, 1.083, 1.083, 1.083, 1.083, 1.083, 1.083, 1.083, 1.083, 1.083, 1.083, 1.083, 1.083, 1.083, 1.083, 1.083, 1.083, 1.083, 1.083]",
towerse.member.unit_cost_full,output,USD/kg,"[0.7, 0.7, 0.7, 0.7, 0.7, 0.7, 0.7, 0.7, 0.7, 0.7, 0.7, 0.7, 0.7, 0.7, 0.7, 0.7, 0.7, 0.7, 0.7, 0.7, 0.7, 0.7, 0.7, 0.7, 0.7, 0.7, 0.7, 0.7, 0.7, 0.7]",
towerse.hub_height,intermediate,m,90.0,
towerse.foundation_height,intermediate,m,10.0,
floating.location,output,m,"[[0.0, 0.0, -40.0], [0.0, 0.0, -15.0], [5.2, 0.0, -70.0], [5.2, 2.0943951023931953, -70.0], [5.2, 4.1887902047863905, -70.0], [853.87, 0.0, -320.0], [853.87, 2.0943951023931953, -320.0], [853.87, 4.1887902047863905, -320.0]]",
floating.member_spar:outer_diameter,intermediate,m,"[9.4, 9.4, 9.4, 9.4, 6.5, 6.5]",
floating.member_fairlead_leg1:outer_diameter,intermediate,m,"[1.0, 1.0]",
floating.member_fairlead_leg2:outer_diameter,intermediate,m,"[1.0, 1.0]",
floating.member_fairlead_leg3:outer_diameter,intermediate,m,"[1.0, 1.0]",
mooring.joints_xyz,intermediate,m,"[[0.0, 0.0, -40.0], [0.0, 0.0, -15.0], [5.2, 0.0, -70.0], [-2.5999999999999988, 4.503332099679081, -70.0], [-2.6000000000000023, -4.50333209967908, -70.0], [853.87, 0.0, -320.0], [-426.93499999999983, 739.4731115294187, -320.0], [-426.9350000000004, -739.4731115294185, -320.0], [0.0, 0.0, -30.3845]]",
tower_grid.ref_axis,intermediate,m,"[[0.0, 0.0, 10.0], [0.0, 0.0, 18.000000000000004], [0.0, 0.0, 26.0], [0.0, 0.0, 34.0], [0.0, 0.0, 42.0], [0.0, 0.0, 50.0], [0.0, 0.0, 58.00000000000001], [0.0, 0.0, 66.0], [0.0, 0.0, 74.0], [0.0, 0.0, 82.00000000000001], [0.0, 0.0, 90.0]]","2D array of the coordinates (x,y,z) of the tower reference axis. The coordinate system is the global coordinate system of OpenFAST: it is placed at tower base with x pointing downwind, y pointing on the side and z pointing vertically upwards. A standard tower configuration will have zero x and y values and positive z values."
floatingse.constr_freeboard_heel_margin,output,,"[0.0, 0.0, 0.0, 0.0]",
floatingse.constr_draft_heel_margin,output,,"[0.0, 0.0, 0.0, 0.0]",
floatingse.constr_fixed_margin,output,,"[1.3421735797933492, 0.0]",
floatingse.constr_fairlead_wave,output,,0.09428571428571429,
floatingse.constr_mooring_surge,output,,1516480.7775441771,
floatingse.constr_mooring_heel,output,,-211809070.9821897,
floatingse.platform_base_F,output,N,"[[1963881.979963871], [6.014580716766922e-08], [-135868.76149087385]]",
floatingse.platform_base_M,output,N*m,"[[4105423.8104034485], [94795753.48807307], [-346781.6819284202]]",
floatingse.memload0.env.Px,output,N/m,"[17236.45979757961, 21061.89744926914, 25785.421904289633, 25995.924546858776, 26208.164951908137, 32927.10828094985, 41422.47491510101, 30968.555134139948, 21731.859963455816, 23075.384210274784, 24505.928183283086]",
floatingse.memload0.env.Py,output,N/m,"[0.0, 0.0, 0.0, 0.0, 0.0, 0.0, 0.0, 0.0, 0.0, 0.0, 0.0]",
floatingse.memload0.env.Pz,output,N/m,"[0.0, 0.0, 0.0, 0.0, 0.0, 0.0, 0.0, 0.0, 0.0, 0.0, 0.0]",
floatingse.memload0.env.qdyn,output,N/m**2,"[408157.79108170676, 361153.8817062984, 314441.00893441844, 312580.01714324765, 310719.59941970796, 258862.3434180494, 207581.16368077553, 200315.83352541763, 193065.81869904578, 180407.96132774622, 167801.72672914126]",
floatingse.memload0.env.wave.U,output,m/s,"[0.3766572772572952, 0.4570928562614514, 0.5547055423172194, 0.5590154087111501, 0.5633587612466846, 0.6997383673854117, 0.8691331642948982, 0.8964520120345568, 0.9246295537840276, 0.9761249852247852, 1.0304883538287963]",
floatingse.memload0.env.wave.W,output,m/s,"[-0.3766572771353936, -0.45709285616100104, -0.5547055422344453, -0.5590154086290142, -0.5633587611651821, -0.699738367319794, -0.8691331642420697, -0.896452011983338, -0.9246295537343695, -0.9761249851777469, -1.0304883537842398]",
floatingse.memload0.env.wave.V,output,m/s,"[0.5326738297775925, 0.6464269165177712, 0.7844721010100043, 0.7905671725167684, 0.7967096005791368, 0.989579489222858, 1.2291399084167332, 1.2677745933997022, 1.3076236550972413, 1.380449192642867, 1.4573306058207023]",
floatingse.memload0.env.wave.A,output,m/s**2,"[0.2366607470305305, 0.2871999118478702, 0.3485317713298637, 0.3512397402500889, 0.3539687491336061, 0.439658582882585, 0.5460924727880205, 0.5632574110607105, 0.5809618826919819, 0.6133174165135261, 0.6474749283996771]",
floatingse.memload0.env.wave.p,output,N/m**2,"[408085.08234564494, 361046.8030931852, 314283.3135870962, 312419.8618018197, 310556.94570909784, 258611.4061043689, 207194.02504642092, 199903.9750928537, 192627.6620455337, 179919.64108452143, 167257.49977736064]",
floatingse.memload0.env.wave.phase_speed,output,m/s,15.607258930515775,
floatingse.memload0.env.waveLoads.waveLoads_Px,output,N/m,"[17236.45979757961, 21061.89744926914, 25785.421904289633, 25995.924546858776, 26208.164951908137, 32927.10828094985, 41422.47491510101, 30968.555134139948, 21731.859963455816, 23075.384210274784, 24505.928183283086]",
floatingse.memload0.env.waveLoads.waveLoads_Py,output,N/m,"[0.0, 0.0, 0.0, 0.0, 0.0, 0.0, 0.0, 0.0, 0.0, 0.0, 0.0]",
floatingse.memload0.env.waveLoads.waveLoads_Pz,output,N/m,"[0.0, 0.0, 0.0, 0.0, 0.0, 0.0, 0.0, 0.0, 0.0, 0.0, 0.0]",
floatingse.memload0.env.waveLoads.waveLoads_qdyn,output,N/m**2,"[72.70873606182546, 107.0786131131916, 157.69534732218824, 160.15534142795326, 162.653710610117, 250.93731368049075, 387.138634354597, 411.85843256391263, 438.1566535120606, 488.32024322479464, 544.2269517806011]",
floatingse.memload0.env.waveLoads.waveLoads_pt,output,N/m**2,"[408157.79108170676, 361153.8817062984, 314441.00893441844, 312580.01714324765, 310719.59941970796, 258862.3434180494, 207581.16368077553, 200315.83352541763, 193065.81869904578, 180407.96132774622, 167801.72672914126]",
floatingse.memload0.env.waveLoads.waveLoads_z,output,m,"[-40.0, -35.19225, -30.3845, -30.19225, -30.0, -24.615000000000002, -19.23, -18.46125, -17.6925, -16.346249999999998, -15.0]",
floatingse.memload0.env.waveLoads.waveLoads_beta,output,deg,0.0,
floatingse.memload0.env.wind.U,output,m/s,"[0.0, 0.0, 0.0, 0.0, 0.0, 0.0, 0.0, 0.0, 0.0, 0.0, 0.0]",
floatingse.memload0.env.windLoads.windLoads_Px,output,N/m,"[0.0, 0.0, 0.0, 0.0, 0.0, 0.0, 0.0, 0.0, 0.0, 0.0, 0.0]",
floatingse.memload0.env.windLoads.windLoads_Py,output,N/m,"[0.0, 0.0, 0.0, 0.0, 0.0, 0.0, 0.0, 0.0, 0.0, 0.0, 0.0]",
floatingse.memload0.env.windLoads.windLoads_Pz,output,N/m,"[0.0, 0.0, 0.0, 0.0, 0.0, 0.0, 0.0, 0.0, 0.0, 0.0, 0.0]",
floatingse.memload0.env.windLoads.windLoads_qdyn,output,N/m**2,"[0.0, 0.0, 0.0, 0.0, 0.0, 0.0, 0.0, 0.0, 0.0, 0.0, 0.0]",
floatingse.memload0.env.windLoads.windLoads_z,output,m,"[-40.0, -35.19225, -30.3845, -30.19225, -30.0, -24.615000000000002, -19.23, -18.46125, -17.6925, -16.346249999999998, -15.0]",
floatingse.memload0.env.windLoads.windLoads_beta,output,deg,0.0,
floatingse.memload0.g2e.Px,output,N/m,"[0.0, 0.0, 0.0, 0.0, 0.0, 0.0, 0.0, 0.0, 0.0, 0.0, 0.0, 0.0, 0.0, 0.0, 0.0, 0.0, 0.0, 0.0, 0.0, -9999.0, -9999.0, -9999.0, -9999.0, -9999.0, -9999.0, -9999.0, -9999.0, -9999.0, -9999.0, -9999.0, -9999.0, -9999.0, -9999.0, -9999.0, -9999.0, -9999.0, -9999.0, -9999.0, -9999.0, -9999.0, -9999.0, -9999.0, -9999.0, -9999.0, -9999.0, -9999.0, -9999.0, -9999.0, -9999.0, -9999.0, -9999.0, -9999.0, -9999.0, -9999.0, -9999.0, -9999.0, -9999.0, -9999.0, -9999.0, -9999.0, -9999.0, -9999.0, -9999.0, -9999.0, -9999.0, -9999.0, -9999.0, -9999.0, -9999.0, -9999.0, -9999.0, -9999.0, -9999.0, -9999.0, -9999.0, -9999.0, -9999.0, -9999.0, -9999.0, -9999.0, -9999.0, -9999.0, -9999.0, -9999.0, -9999.0, -9999.0, -9999.0, -9999.0, -9999.0, -9999.0, -9999.0, -9999.0, -9999.0, -9999.0, -9999.0, -9999.0, -9999.0, -9999.0, -9999.0, -9999.0, -9999.0, -9999.0, -9999.0, -9999.0, -9999.0, -9999.0, -9999.0, -9999.0, -9999.0, -9999.0, -9999.0, -9999.0, -9999.0, -9999.0, -9999.0, -9999.0, -9999.0, -9999.0, -9999.0, -9999.0, -9999.0, -9999.0, -9999.0, -9999.0, -9999.0, -9999.0, -9999.0, -9999.0, -9999.0, -9999.0, -9999.0, -9999.0, -9999.0, -9999.0, -9999.0, -9999.0, -9999.0, -9999.0, -9999.0, -9999.0, -9999.0, -9999.0, -9999.0, -9999.0, -9999.0, -9999.0, -9999.0, -9999.0, -9999.0, -9999.0, -9999.0, -9999.0, -9999.0, -9999.0, -9999.0, -9999.0, -9999.0, -9999.0, -9999.0, -9999.0, -9999.0, -9999.0, -9999.0, -9999.0, -9999.0, -9999.0, -9999.0, -9999.0, -9999.0, -9999.0, -9999.0, -9999.0, -9999.0, -9999.0, -9999.0, -9999.0, -9999.0, -9999.0, -9999.0, -9999.0, -9999.0, -9999.0, -9999.0, -9999.0, -9999.0, -9999.0, -9999.0, -9999.0, -9999.0, -9999.0, -9999.0, -9999.0, -9999.0, -9999.0, -9999.0, -9999.0, -9999.0, -9999.0, -9999.0, -9999.0]",
floatingse.memload0.g2e.Py,output,N/m,"[0.0, 0.0, 0.0, 0.0, 0.0, 0.0, 0.0, 0.0, 0.0, 0.0, 0.0, 0.0, 0.0, 0.0, 0.0, 0.0, 0.0, 0.0, 0.0, -9999.0, -9999.0, -9999.0, -9999.0, -9999.0, -9999.0, -9999.0, -9999.0, -9999.0, -9999.0, -9999.0, -9999.0, -9999.0, -9999.0, -9999.0, -9999.0, -9999.0, -9999.0, -9999.0, -9999.0, -9999.0, -9999.0, -9999.0, -9999.0, -9999.0, -9999.0, -9999.0, -9999.0, -9999.0, -9999.0, -9999.0, -9999.0, -9999.0, -9999.0, -9999.0, -9999.0, -9999.0, -9999.0, -9999.0, -9999.0, -9999.0, -9999.0, -9999.0, -9999.0, -9999.0, -9999.0, -9999.0, -9999.0, -9999.0, -9999.0, -9999.0, -9999.0, -9999.0, -9999.0, -9999.0, -9999.0, -9999.0, -9999.0, -9999.0, -9999.0, -9999.0, -9999.0, -9999.0, -9999.0, -9999.0, -9999.0, -9999.0, -9999.0, -9999.0, -9999.0, -9999.0, -9999.0, -9999.0, -9999.0, -9999.0, -9999.0, -9999.0, -9999.0, -9999.0, -9999.0, -9999.0, -9999.0, -9999.0, -9999.0, -9999.0, -9999.0, -9999.0, -9999.0, -9999.0, -9999.0, -9999.0, -9999.0, -9999.0, -9999.0, -9999.0, -9999.0, -9999.0, -9999.0, -9999.0, -9999.0, -9999.0, -9999.0, -9999.0, -9999.0, -9999.0, -9999.0, -9999.0, -9999.0, -9999.0, -9999.0, -9999.0, -9999.0, -9999.0, -9999.0, -9999.0, -9999.0, -9999.0, -9999.0, -9999.0, -9999.0, -9999.0, -9999.0, -9999.0, -9999.0, -9999.0, -9999.0, -9999.0, -9999.0, -9999.0, -9999.0, -9999.0, -9999.0, -9999.0, -9999.0, -9999.0, -9999.0, -9999.0, -9999.0, -9999.0, -9999.0, -9999.0, -9999.0, -9999.0, -9999.0, -9999.0, -9999.0, -9999.0, -9999.0, -9999.0, -9999.0, -9999.0, -9999.0, -9999.0, -9999.0, -9999.0, -9999.0, -9999.0, -9999.0, -9999.0, -9999.0, -9999.0, -9999.0, -9999.0, -9999.0, -9999.0, -9999.0, -9999.0, -9999.0, -9999.0, -9999.0, -9999.0, -9999.0, -9999.0, -9999.0, -9999.0, -9999.0, -9999.0, -9999.0, -9999.0, -9999.0, -9999.0]",
floatingse.memload0.g2e.Pz,output,N/m,"[-17236.45979757961, -17316.027945916972, -19205.771468929324, -19245.555543098006, -21061.89744926914, -25785.421904289633, -25995.924546858776, -26208.164951908137, -29296.258682526193, -29358.64441445787, -32927.10828094985, -41383.034958582204, -41422.47491510101, -41082.51004417545, -30968.555134139948, -21731.859963455816, -23075.384210274784, -24452.797487906733, -24505.928183283086, -9999.0, -9999.0, -9999.0, -9999.0, -9999.0, -9999.0, -9999.0, -9999.0, -9999.0, -9999.0, -9999.0, -9999.0, -9999.0, -9999.0, -9999.0, -9999.0, -9999.0, -9999.0, -9999.0, -9999.0, -9999.0, -9999.0, -9999.0, -9999.0, -9999.0, -9999.0, -9999.0, -9999.0, -9999.0, -9999.0, -9999.0, -9999.0, -9999.0, -9999.0, -9999.0, -9999.0, -9999.0, -9999.0, -9999.0, -9999.0, -9999.0, -9999.0, -9999.0, -9999.0, -9999.0, -9999.0, -9999.0, -9999.0, -9999.0, -9999.0, -9999.0, -9999.0, -9999.0, -9999.0, -9999.0, -9999.0, -9999.0, -9999.0, -9999.0, -9999.0, -9999.0, -9999.0, -9999.0, -9999.0, -9999.0, -9999.0, -9999.0, -9999.0, -9999.0, -9999.0, -9999.0, -9999.0, -9999.0, -9999.0, -9999.0, -9999.0, -9999.0, -9999.0, -9999.0, -9999.0, -9999.0, -9999.0, -9999.0, -9999.0, -9999.0, -9999.0, -9999.0, -9999.0, -9999.0, -9999.0, -9999.0, -9999.0, -9999.0, -9999.0, -9999.0, -9999.0, -9999.0, -9999.0, -9999.0, -9999.0, -9999.0, -9999.0, -9999.0, -9999.0, -9999.0, -9999.0, -9999.0, -9999.0, -9999.0, -9999.0, -9999.0, -9999.0, -9999.0, -9999.0, -9999.0, -9999.0, -9999.0, -9999.0, -9999.0, -9999.0, -9999.0, -9999.0, -9999.0, -9999.0, -9999.0, -9999.0, -9999.0, -9999.0, -9999.0, -9999.0, -9999.0, -9999.0, -9999.0, -9999.0, -9999.0, -9999.0, -9999.0, -9999.0, -9999.0, -9999.0, -9999.0, -9999.0, -9999.0, -9999.0, -9999.0, -9999.0, -9999.0, -9999.0, -9999.0, -9999.0, -9999.0, -9999.0, -9999.0, -9999.0, -9999.0, -9999.0, -9999.0, -9999.0, -9999.0, -9999.0, -9999.0, -9999.0, -9999.0, -9999.0, -9999.0, -9999.0, -9999.0, -9999.0, -9999.0, -9999.0, -9999.0, -9999.0, -9999.0, -9999.0, -9999.0, -9999.0, -9999.0, -9999.0, -9999.0, -9999.0, -9999.0]",
floatingse.memload0.g2e.qdyn,output,Pa,"[408157.79108170676, 407180.12149873324, 383960.4689031127, 383471.6341116259, 361153.8817062984, 314441.00893441844, 312580.01714324765, 310719.59941970796, 286885.48454429384, 286403.9872740835, 258862.3434180494, 207819.23786711384, 207581.16368077553, 207344.8927814143, 200315.83352541763, 193065.81869904578, 180407.96132774622, 168269.92485722314, 167801.72672914126, -9999.0, -9999.0, -9999.0, -9999.0, -9999.0, -9999.0, -9999.0, -9999.0, -9999.0, -9999.0, -9999.0, -9999.0, -9999.0, -9999.0, -9999.0, -9999.0, -9999.0, -9999.0, -9999.0, -9999.0, -9999.0, -9999.0, -9999.0, -9999.0, -9999.0, -9999.0, -9999.0, -9999.0, -9999.0, -9999.0, -9999.0, -9999.0, -9999.0, -9999.0, -9999.0, -9999.0, -9999.0, -9999.0, -9999.0, -9999.0, -9999.0, -9999.0, -9999.0, -9999.0, -9999.0, -9999.0, -9999.0, -9999.0, -9999.0, -9999.0, -9999.0, -9999.0, -9999.0, -9999.0, -9999.0, -9999.0, -9999.0, -9999.0, -9999.0, -9999.0, -9999.0, -9999.0, -9999.0, -9999.0, -9999.0, -9999.0, -9999.0, -9999.0, -9999.0, -9999.0, -9999.0, -9999.0, -9999.0, -9999.0, -9999.0, -9999.0, -9999.0, -9999.0, -9999.0, -9999.0, -9999.0, -9999.0, -9999.0, -9999.0, -9999.0, -9999.0, -9999.0, -9999.0, -9999.0, -9999.0, -9999.0, -9999.0, -9999.0, -9999.0, -9999.0, -9999.0, -9999.0, -9999.0, -9999.0, -9999.0, -9999.0, -9999.0, -9999.0, -9999.0, -9999.0, -9999.0, -9999.0, -9999.0, -9999.0, -9999.0, -9999.0, -9999.0, -9999.0, -9999.0, -9999.0, -9999.0, -9999.0, -9999.0, -9999.0, -9999.0, -9999.0, -9999.0, -9999.0, -9999.0, -9999.0, -9999.0, -9999.0, -9999.0, -9999.0, -9999.0, -9999.0, -9999.0, -9999.0, -9999.0, -9999.0, -9999.0, -9999.0, -9999.0, -9999.0, -9999.0, -9999.0, -9999.0, -9999.0, -9999.0, -9999.0, -9999.0, -9999.0, -9999.0, -9999.0, -9999.0, -9999.0, -9999.0, -9999.0, -9999.0, -9999.0, -9999.0, -9999.0, -9999.0, -9999.0, -9999.0, -9999.0, -9999.0, -9999.0, -9999.0, -9999.0, -9999.0, -9999.0, -9999.0, -9999.0, -9999.0, -9999.0, -9999.0, -9999.0, -9999.0, -9999.0, -9999.0, -9999.0, -9999.0, -9999.0, -9999.0, -9999.0]",
floatingse.memload0.Px,output,N/m,"[[0.0], [0.0], [0.0], [0.0], [0.0], [0.0], [0.0], [0.0], [0.0], [0.0], [0.0], [0.0], [0.0], [0.0], [0.0], [0.0], [0.0], [0.0], [0.0], [-9999.0], [-9999.0], [-9999.0], [-9999.0], [-9999.0], [-9999.0], [-9999.0], [-9999.0], [-9999.0], [-9999.0], [-9999.0], [-9999.0], [-9999.0], [-9999.0], [-9999.0], [-9999.0], [-9999.0], [-9999.0], [-9999.0], [-9999.0], [-9999.0], [-9999.0], [-9999.0], [-9999.0], [-9999.0], [-9999.0], [-9999.0], [-9999.0], [-9999.0], [-9999.0], [-9999.0], [-9999.0], [-9999.0], [-9999.0], [-9999.0], [-9999.0], [-9999.0], [-9999.0], [-9999.0], [-9999.0], [-9999.0], [-9999.0], [-9999.0], [-9999.0], [-9999.0], [-9999.0], [-9999.0], [-9999.0], [-9999.0], [-9999.0], [-9999.0], [-9999.0], [-9999.0], [-9999.0], [-9999.0], [-9999.0], [-9999.0], [-9999.0], [-9999.0], [-9999.0], [-9999.0], [-9999.0], [-9999.0], [-9999.0], [-9999.0], [-9999.0], [-9999.0], [-9999.0], [-9999.0], [-9999.0], [-9999.0], [-9999.0], [-9999.0], [-9999.0], [-9999.0], [-9999.0], [-9999.0], [-9999.0], [-9999.0], [-9999.0], [-9999.0], [-9999.0], [-9999.0], [-9999.0], [-9999.0], [-9999.0], [-9999.0], [-9999.0], [-9999.0], [-9999.0], [-9999.0], [-9999.0], [-9999.0], [-9999.0], [-9999.0], [-9999.0], [-9999.0], [-9999.0], [-9999.0], [-9999.0], [-9999.0], [-9999.0], [-9999.0], [-9999.0], [-9999.0], [-9999.0], [-9999.0], [-9999.0], [-9999.0], [-9999.0], [-9999.0], [-9999.0], [-9999.0], [-9999.0], [-9999.0], [-9999.0], [-9999.0], [-9999.0], [-9999.0], [-9999.0], [-9999.0], [-9999.0], [-9999.0], [-9999.0], [-9999.0], [-9999.0], [-9999.0], [-9999.0], [-9999.0], [-9999.0], [-9999.0], [-9999.0], [-9999.0], [-9999.0], [-9999.0], [-9999.0], [-9999.0], [-9999.0], [-9999.0], [-9999.0], [-9999.0], [-9999.0], [-9999.0], [-9999.0], [-9999.0], [-9999.0], [-9999.0], [-9999.0], [-9999.0], [-9999.0], [-9999.0], [-9999.0], [-9999.0], [-9999.0], [-9999.0], [-9999.0], [-9999.0], [-9999.0], [-9999.0], [-9999.0], [-9999.0], [-9999.0], [-9999.0], [-9999.0], [-9999.0], [-9999.0], [-9999.0], [-9999.0], [-9999.0], [-9999.0], [-9999.0], [-9999.0], [-9999.0], [-9999.0], [-9999.0], [-9999.0], [-9999.0], [-9999.0], [-9999.0], [-9999.0], [-9999.0]]",
floatingse.memload0.Py,output,N/m,"[[0.0], [0.0], [0.0], [0.0], [0.0], [0.0], [0.0], [0.0], [0.0], [0.0], [0.0], [0.0], [0.0], [0.0], [0.0], [0.0], [0.0], [0.0], [0.0], [-9999.0], [-9999.0], [-9999.0], [-9999.0], [-9999.0], [-9999.0], [-9999.0], [-9999.0], [-9999.0], [-9999.0], [-9999.0], [-9999.0], [-9999.0], [-9999.0], [-9999.0], [-9999.0], [-9999.0], [-9999.0], [-9999.0], [-9999.0], [-9999.0], [-9999.0], [-9999.0], [-9999.0], [-9999.0], [-9999.0], [-9999.0], [-9999.0], [-9999.0], [-9999.0], [-9999.0], [-9999.0], [-9999.0], [-9999.0], [-9999.0], [-9999.0], [-9999.0], [-9999.0], [-9999.0], [-9999.0], [-9999.0], [-9999.0], [-9999.0], [-9999.0], [-9999.0], [-9999.0], [-9999.0], [-9999.0], [-9999.0], [-9999.0], [-9999.0], [-9999.0], [-9999.0], [-9999.0], [-9999.0], [-9999.0], [-9999.0], [-9999.0], [-9999.0], [-9999.0], [-9999.0], [-9999.0], [-9999.0], [-9999.0], [-9999.0], [-9999.0], [-9999.0], [-9999.0], [-9999.0], [-9999.0], [-9999.0], [-9999.0], [-9999.0], [-9999.0], [-9999.0], [-9999.0], [-9999.0], [-9999.0], [-9999.0], [-9999.0], [-9999.0], [-9999.0], [-9999.0], [-9999.0], [-9999.0], [-9999.0], [-9999.0], [-9999.0], [-9999.0], [-9999.0], [-9999.0], [-9999.0], [-9999.0], [-9999.0], [-9999.0], [-9999.0], [-9999.0], [-9999.0], [-9999.0], [-9999.0], [-9999.0], [-9999.0], [-9999.0], [-9999.0], [-9999.0], [-9999.0], [-9999.0], [-9999.0], [-9999.0], [-9999.0], [-9999.0], [-9999.0], [-9999.0], [-9999.0], [-9999.0], [-9999.0], [-9999.0], [-9999.0], [-9999.0], [-9999.0], [-9999.0], [-9999.0], [-9999.0], [-9999.0], [-9999.0], [-9999.0], [-9999.0], [-9999.0], [-9999.0], [-9999.0], [-9999.0], [-9999.0], [-9999.0], [-9999.0], [-9999.0], [-9999.0], [-9999.0], [-9999.0], [-9999.0], [-9999.0], [-9999.0], [-9999.0], [-9999.0], [-9999.0], [-9999.0], [-9999.0], [-9999.0], [-9999.0], [-9999.0], [-9999.0], [-9999.0], [-9999.0], [-9999.0], [-9999.0], [-9999.0], [-9999.0], [-9999.0], [-9999.0], [-9999.0], [-9999.0], [-9999.0], [-9999.0], [-9999.0], [-9999.0], [-9999.0], [-9999.0], [-9999.0], [-9999.0], [-9999.0], [-9999.0], [-9999.0], [-9999.0], [-9999.0], [-9999.0], [-9999.0], [-9999.0], [-9999.0], [-9999.0], [-9999.0], [-9999.0], [-9999.0]]",
floatingse.memload0.Pz,output,N/m,"[[-17236.45979757961], [-17316.027945916972], [-19205.771468929324], [-19245.555543098006], [-21061.89744926914], [-25785.421904289633], [-25995.924546858776], [-26208.164951908137], [-29296.258682526193], [-29358.64441445787], [-32927.10828094985], [-41383.034958582204], [-41422.47491510101], [-41082.51004417545], [-30968.555134139948], [-21731.859963455816], [-23075.384210274784], [-24452.797487906733], [-24505.928183283086], [-9999.0], [-9999.0], [-9999.0], [-9999.0], [-9999.0], [-9999.0], [-9999.0], [-9999.0], [-9999.0], [-9999.0], [-9999.0], [-9999.0], [-9999.0], [-9999.0], [-9999.0], [-9999.0], [-9999.0], [-9999.0], [-9999.0], [-9999.0], [-9999.0], [-9999.0], [-9999.0], [-9999.0], [-9999.0], [-9999.0], [-9999.0], [-9999.0], [-9999.0], [-9999.0], [-9999.0], [-9999.0], [-9999.0], [-9999.0], [-9999.0], [-9999.0], [-9999.0], [-9999.0], [-9999.0], [-9999.0], [-9999.0], [-9999.0], [-9999.0], [-9999.0], [-9999.0], [-9999.0], [-9999.0], [-9999.0], [-9999.0], [-9999.0], [-9999.0], [-9999.0], [-9999.0], [-9999.0], [-9999.0], [-9999.0], [-9999.0], [-9999.0], [-9999.0], [-9999.0], [-9999.0], [-9999.0], [-9999.0], [-9999.0], [-9999.0], [-9999.0], [-9999.0], [-9999.0], [-9999.0], [-9999.0], [-9999.0], [-9999.0], [-9999.0], [-9999.0], [-9999.0], [-9999.0], [-9999.0], [-9999.0], [-9999.0], [-9999.0], [-9999.0], [-9999.0], [-9999.0], [-9999.0], [-9999.0], [-9999.0], [-9999.0], [-9999.0], [-9999.0], [-9999.0], [-9999.0], [-9999.0], [-9999.0], [-9999.0], [-9999.0], [-9999.0], [-9999.0], [-9999.0], [-9999.0], [-9999.0], [-9999.0], [-9999.0], [-9999.0], [-9999.0], [-9999.0], [-9999.0], [-9999.0], [-9999.0], [-9999.0], [-9999.0], [-9999.0], [-9999.0], [-9999.0], [-9999.0], [-9999.0], [-9999.0], [-9999.0], [-9999.0], [-9999.0], [-9999.0], [-9999.0], [-9999.0], [-9999.0], [-9999.0], [-9999.0], [-9999.0], [-9999.0], [-9999.0], [-9999.0], [-9999.0], [-9999.0], [-9999.0], [-9999.0], [-9999.0], [-9999.0], [-9999.0], [-9999.0], [-9999.0], [-9999.0], [-9999.0], [-9999.0], [-9999.0], [-9999.0], [-9999.0], [-9999.0], [-9999.0], [-9999.0], [-9999.0], [-9999.0], [-9999.0], [-9999.0], [-9999.0], [-9999.0], [-9999.0], [-9999.0], [-9999.0], [-9999.0], [-9999.0], [-9999.0], [-9999.0], [-9999.0], [-9999.0], [-9999.0], [-9999.0], [-9999.0], [-9999.0], [-9999.0], [-9999.0], [-9999.0], [-9999.0], [-9999.0], [-9999.0], [-9999.0], [-9999.0], [-9999.0], [-9999.0], [-9999.0], [-9999.0], [-9999.0], [-9999.0], [-9999.0]]",
floatingse.memload0.qdyn,output,Pa,"[[408157.79108170676], [407180.12149873324], [383960.4689031127], [383471.6341116259], [361153.8817062984], [314441.00893441844], [312580.01714324765], [310719.59941970796], [286885.48454429384], [286403.9872740835], [258862.3434180494], [207819.23786711384], [207581.16368077553], [207344.8927814143], [200315.83352541763], [193065.81869904578], [180407.96132774622], [168269.92485722314], [167801.72672914126], [-9999.0], [-9999.0], [-9999.0], [-9999.0], [-9999.0], [-9999.0], [-9999.0], [-9999.0], [-9999.0], [-9999.0], [-9999.0], [-9999.0], [-9999.0], [-9999.0], [-9999.0], [-9999.0], [-9999.0], [-9999.0], [-9999.0], [-9999.0], [-9999.0], [-9999.0], [-9999.0], [-9999.0], [-9999.0], [-9999.0], [-9999.0], [-9999.0], [-9999.0], [-9999.0], [-9999.0], [-9999.0], [-9999.0], [-9999.0], [-9999.0], [-9999.0], [-9999.0], [-9999.0], [-9999.0], [-9999.0], [-9999.0], [-9999.0], [-9999.0], [-9999.0], [-9999.0], [-9999.0], [-9999.0], [-9999.0], [-9999.0], [-9999.0], [-9999.0], [-9999.0], [-9999.0], [-9999.0], [-9999.0], [-9999.0], [-9999.0], [-9999.0], [-9999.0], [-9999.0], [-9999.0], [-9999.0], [-9999.0], [-9999.0], [-9999.0], [-9999.0], [-9999.0], [-9999.0], [-9999.0], [-9999.0], [-9999.0], [-9999.0], [-9999.0], [-9999.0], [-9999.0], [-9999.0], [-9999.0], [-9999.0], [-9999.0], [-9999.0], [-9999.0], [-9999.0], [-9999.0], [-9999.0], [-9999.0], [-9999.0], [-9999.0], [-9999.0], [-9999.0], [-9999.0], [-9999.0], [-9999.0], [-9999.0], [-9999.0], [-9999.0], [-9999.0], [-9999.0], [-9999.0], [-9999.0], [-9999.0], [-9999.0], [-9999.0], [-9999.0], [-9999.0], [-9999.0], [-9999.0], [-9999.0], [-9999.0], [-9999.0], [-9999.0], [-9999.0], [-9999.0], [-9999.0], [-9999.0], [-9999.0], [-9999.0], [-9999.0], [-9999.0], [-9999.0], [-9999.0], [-9999.0], [-9999.0], [-9999.0], [-9999.0], [-9999.0], [-9999.0], [-9999.0], [-9999.0], [-9999.0], [-9999.0], [-9999.0], [-9999.0], [-9999.0], [-9999.0], [-9999.0], [-9999.0], [-9999.0], [-9999.0], [-9999.0], [-9999.0], [-9999.0], [-9999.0], [-9999.0], [-9999.0], [-9999.0], [-9999.0], [-9999.0], [-9999.0], [-9999.0], [-9999.0], [-9999.0], [-9999.0], [-9999.0], [-9999.0], [-9999.0], [-9999.0], [-9999.0], [-9999.0], [-9999.0], [-9999.0], [-9999.0], [-9999.0], [-9999.0], [-9999.0], [-9999.0], [-9999.0], [-9999.0], [-9999.0], [-9999.0], [-9999.0], [-9999.0], [-9999.0], [-9999.0], [-9999.0], [-9999.0], [-9999.0], [-9999.0], [-9999.0], [-9999.0], [-9999.0], [-9999.0]]",
floatingse.memload1.env.Px,output,N/m,"[64.76441425839386, 163.99056689851915, 353.2350523631749]",
floatingse.memload1.env.Py,output,N/m,"[0.0, 0.0, 0.0]",
floatingse.memload1.env.Pz,output,N/m,"[0.0, 0.0, 0.0]",
floatingse.memload1.env.qdyn,output,N/m**2,"[705411.535622967, 508536.3913908086, 314441.00893441844]",
floatingse.memload1.env.wave.U,output,m/s,"[0.11257197694567823, 0.2498885740675337, 0.5547055423172194]",
floatingse.memload1.env.wave.W,output,m/s,"[-0.11257197653780444, -0.24988857388379118, -0.5547055422344453]",
floatingse.memload1.env.wave.V,output,m/s,"[0.15920081625131924, 0.3533958103984543, 0.7844721010100043]",
floatingse.memload1.env.wave.A,output,m/s**2,"[0.07073105915452446, 0.15700962170131855, 0.3485317713298637]",
floatingse.memload1.env.wave.p,output,N/m**2,"[705405.0409923454, 508504.3886873408, 314283.3135870962]",
floatingse.memload1.env.wave.phase_speed,output,m/s,15.607258930515775,
floatingse.memload1.env.waveLoads.waveLoads_Px,output,N/m,"[64.76441425839386, 163.99056689851915, 353.2350523631749]",
floatingse.memload1.env.waveLoads.waveLoads_Py,output,N/m,"[0.0, 0.0, 0.0]",
floatingse.memload1.env.waveLoads.waveLoads_Pz,output,N/m,"[0.0, 0.0, 0.0]",
floatingse.memload1.env.waveLoads.waveLoads_qdyn,output,N/m**2,"[6.494630621647385, 32.00270346787145, 157.69534732218824]",
floatingse.memload1.env.waveLoads.waveLoads_pt,output,N/m**2,"[705411.535622967, 508536.3913908086, 314441.00893441844]",
floatingse.memload1.env.waveLoads.waveLoads_z,output,m,"[-70.0, -50.19225, -30.384500000000003]",
floatingse.memload1.env.waveLoads.waveLoads_beta,output,deg,0.0,
floatingse.memload1.env.wind.U,output,m/s,"[0.0, 0.0, 0.0]",
floatingse.memload1.env.windLoads.windLoads_Px,output,N/m,"[0.0, 0.0, 0.0]",
floatingse.memload1.env.windLoads.windLoads_Py,output,N/m,"[0.0, 0.0, 0.0]",
floatingse.memload1.env.windLoads.windLoads_Pz,output,N/m,"[0.0, 0.0, 0.0]",
floatingse.memload1.env.windLoads.windLoads_qdyn,output,N/m**2,"[0.0, 0.0, 0.0]",
floatingse.memload1.env.windLoads.windLoads_z,output,m,"[-70.0, -50.19225, -30.384500000000003]",
floatingse.memload1.env.windLoads.windLoads_beta,output,deg,0.0,
floatingse.memload1.g2e.Px,output,N/m,"[-8.42878816669783, -8.441716430180076, -21.34261176530536, -40.15289157526558, -40.17754840721515, -45.97190391536251, -9999.0, -9999.0, -9999.0, -9999.0, -9999.0, -9999.0, -9999.0, -9999.0, -9999.0, -9999.0, -9999.0, -9999.0, -9999.0, -9999.0, -9999.0, -9999.0, -9999.0, -9999.0, -9999.0, -9999.0, -9999.0, -9999.0, -9999.0, -9999.0, -9999.0, -9999.0, -9999.0, -9999.0, -9999.0, -9999.0, -9999.0, -9999.0, -9999.0, -9999.0, -9999.0, -9999.0, -9999.0, -9999.0, -9999.0, -9999.0, -9999.0, -9999.0, -9999.0, -9999.0, -9999.0, -9999.0, -9999.0, -9999.0, -9999.0, -9999.0, -9999.0, -9999.0, -9999.0, -9999.0, -9999.0, -9999.0, -9999.0, -9999.0, -9999.0, -9999.0, -9999.0, -9999.0, -9999.0, -9999.0, -9999.0, -9999.0, -9999.0, -9999.0, -9999.0, -9999.0, -9999.0, -9999.0, -9999.0, -9999.0, -9999.0, -9999.0, -9999.0, -9999.0, -9999.0, -9999.0, -9999.0, -9999.0, -9999.0, -9999.0, -9999.0, -9999.0, -9999.0, -9999.0, -9999.0, -9999.0, -9999.0, -9999.0, -9999.0, -9999.0, -9999.0, -9999.0, -9999.0, -9999.0, -9999.0, -9999.0, -9999.0, -9999.0, -9999.0, -9999.0, -9999.0, -9999.0, -9999.0, -9999.0, -9999.0, -9999.0, -9999.0, -9999.0, -9999.0, -9999.0, -9999.0, -9999.0, -9999.0, -9999.0, -9999.0, -9999.0, -9999.0, -9999.0, -9999.0, -9999.0, -9999.0, -9999.0, -9999.0, -9999.0, -9999.0, -9999.0, -9999.0, -9999.0, -9999.0, -9999.0, -9999.0, -9999.0, -9999.0, -9999.0, -9999.0, -9999.0, -9999.0, -9999.0, -9999.0, -9999.0, -9999.0, -9999.0, -9999.0, -9999.0, -9999.0, -9999.0, -9999.0, -9999.0, -9999.0, -9999.0, -9999.0, -9999.0, -9999.0, -9999.0, -9999.0, -9999.0, -9999.0, -9999.0, -9999.0, -9999.0, -9999.0, -9999.0, -9999.0, -9999.0, -9999.0, -9999.0, -9999.0, -9999.0, -9999.0, -9999.0, -9999.0, -9999.0, -9999.0, -9999.0, -9999.0, -9999.0, -9999.0, -9999.0, -9999.0, -9999.0, -9999.0, -9999.0, -9999.0, -9999.0, -9999.0, -9999.0, -9999.0, -9999.0, -9999.0, -9999.0]",
floatingse.memload1.g2e.Py,output,N/m,"[0.0, 0.0, 0.0, 0.0, 0.0, 0.0, -9999.0, -9999.0, -9999.0, -9999.0, -9999.0, -9999.0, -9999.0, -9999.0, -9999.0, -9999.0, -9999.0, -9999.0, -9999.0, -9999.0, -9999.0, -9999.0, -9999.0, -9999.0, -9999.0, -9999.0, -9999.0, -9999.0, -9999.0, -9999.0, -9999.0, -9999.0, -9999.0, -9999.0, -9999.0, -9999.0, -9999.0, -9999.0, -9999.0, -9999.0, -9999.0, -9999.0, -9999.0, -9999.0, -9999.0, -9999.0, -9999.0, -9999.0, -9999.0, -9999.0, -9999.0, -9999.0, -9999.0, -9999.0, -9999.0, -9999.0, -9999.0, -9999.0, -9999.0, -9999.0, -9999.0, -9999.0, -9999.0, -9999.0, -9999.0, -9999.0, -9999.0, -9999.0, -9999.0, -9999.0, -9999.0, -9999.0, -9999.0, -9999.0, -9999.0, -9999.0, -9999.0, -9999.0, -9999.0, -9999.0, -9999.0, -9999.0, -9999.0, -9999.0, -9999.0, -9999.0, -9999.0, -9999.0, -9999.0, -9999.0, -9999.0, -9999.0, -9999.0, -9999.0, -9999.0, -9999.0, -9999.0, -9999.0, -9999.0, -9999.0, -9999.0, -9999.0, -9999.0, -9999.0, -9999.0, -9999.0, -9999.0, -9999.0, -9999.0, -9999.0, -9999.0, -9999.0, -9999.0, -9999.0, -9999.0, -9999.0, -9999.0, -9999.0, -9999.0, -9999.0, -9999.0, -9999.0, -9999.0, -9999.0, -9999.0, -9999.0, -9999.0, -9999.0, -9999.0, -9999.0, -9999.0, -9999.0, -9999.0, -9999.0, -9999.0, -9999.0, -9999.0, -9999.0, -9999.0, -9999.0, -9999.0, -9999.0, -9999.0, -9999.0, -9999.0, -9999.0, -9999.0, -9999.0, -9999.0, -9999.0, -9999.0, -9999.0, -9999.0, -9999.0, -9999.0, -9999.0, -9999.0, -9999.0, -9999.0, -9999.0, -9999.0, -9999.0, -9999.0, -9999.0, -9999.0, -9999.0, -9999.0, -9999.0, -9999.0, -9999.0, -9999.0, -9999.0, -9999.0, -9999.0, -9999.0, -9999.0, -9999.0, -9999.0, -9999.0, -9999.0, -9999.0, -9999.0, -9999.0, -9999.0, -9999.0, -9999.0, -9999.0, -9999.0, -9999.0, -9999.0, -9999.0, -9999.0, -9999.0, -9999.0, -9999.0, -9999.0, -9999.0, -9999.0, -9999.0, -9999.0]",
floatingse.memload1.g2e.Pz,output,N/m,"[-64.21358800342638, -64.31208023842272, -162.59581469008708, -305.8993992692174, -306.08724402423627, -350.23076145366156, -9999.0, -9999.0, -9999.0, -9999.0, -9999.0, -9999.0, -9999.0, -9999.0, -9999.0, -9999.0, -9999.0, -9999.0, -9999.0, -9999.0, -9999.0, -9999.0, -9999.0, -9999.0, -9999.0, -9999.0, -9999.0, -9999.0, -9999.0, -9999.0, -9999.0, -9999.0, -9999.0, -9999.0, -9999.0, -9999.0, -9999.0, -9999.0, -9999.0, -9999.0, -9999.0, -9999.0, -9999.0, -9999.0, -9999.0, -9999.0, -9999.0, -9999.0, -9999.0, -9999.0, -9999.0, -9999.0, -9999.0, -9999.0, -9999.0, -9999.0, -9999.0, -9999.0, -9999.0, -9999.0, -9999.0, -9999.0, -9999.0, -9999.0, -9999.0, -9999.0, -9999.0, -9999.0, -9999.0, -9999.0, -9999.0, -9999.0, -9999.0, -9999.0, -9999.0, -9999.0, -9999.0, -9999.0, -9999.0, -9999.0, -9999.0, -9999.0, -9999.0, -9999.0, -9999.0, -9999.0, -9999.0, -9999.0, -9999.0, -9999.0, -9999.0, -9999.0, -9999.0, -9999.0, -9999.0, -9999.0, -9999.0, -9999.0, -9999.0, -9999.0, -9999.0, -9999.0, -9999.0, -9999.0, -9999.0, -9999.0, -9999.0, -9999.0, -9999.0, -9999.0, -9999.0, -9999.0, -9999.0, -9999.0, -9999.0, -9999.0, -9999.0, -9999.0, -9999.0, -9999.0, -9999.0, -9999.0, -9999.0, -9999.0, -9999.0, -9999.0, -9999.0, -9999.0, -9999.0, -9999.0, -9999.0, -9999.0, -9999.0, -9999.0, -9999.0, -9999.0, -9999.0, -9999.0, -9999.0, -9999.0, -9999.0, -9999.0, -9999.0, -9999.0, -9999.0, -9999.0, -9999.0, -9999.0, -9999.0, -9999.0, -9999.0, -9999.0, -9999.0, -9999.0, -9999.0, -9999.0, -9999.0, -9999.0, -9999.0, -9999.0, -9999.0, -9999.0, -9999.0, -9999.0, -9999.0, -9999.0, -9999.0, -9999.0, -9999.0, -9999.0, -9999.0, -9999.0, -9999.0, -9999.0, -9999.0, -9999.0, -9999.0, -9999.0, -9999.0, -9999.0, -9999.0, -9999.0, -9999.0, -9999.0, -9999.0, -9999.0, -9999.0, -9999.0, -9999.0, -9999.0, -9999.0, -9999.0, -9999.0, -9999.0, -9999.0, -9999.0, -9999.0, -9999.0, -9999.0, -9999.0]",
floatingse.memload1.g2e.qdyn,output,Pa,"[705411.535622967, 705214.4403383441, 508536.3913908086, 360298.7387785523, 360104.4263639585, 314441.00893441844, -9999.0, -9999.0, -9999.0, -9999.0, -9999.0, -9999.0, -9999.0, -9999.0, -9999.0, -9999.0, -9999.0, -9999.0, -9999.0, -9999.0, -9999.0, -9999.0, -9999.0, -9999.0, -9999.0, -9999.0, -9999.0, -9999.0, -9999.0, -9999.0, -9999.0, -9999.0, -9999.0, -9999.0, -9999.0, -9999.0, -9999.0, -9999.0, -9999.0, -9999.0, -9999.0, -9999.0, -9999.0, -9999.0, -9999.0, -9999.0, -9999.0, -9999.0, -9999.0, -9999.0, -9999.0, -9999.0, -9999.0, -9999.0, -9999.0, -9999.0, -9999.0, -9999.0, -9999.0, -9999.0, -9999.0, -9999.0, -9999.0, -9999.0, -9999.0, -9999.0, -9999.0, -9999.0, -9999.0, -9999.0, -9999.0, -9999.0, -9999.0, -9999.0, -9999.0, -9999.0, -9999.0, -9999.0, -9999.0, -9999.0, -9999.0, -9999.0, -9999.0, -9999.0, -9999.0, -9999.0, -9999.0, -9999.0, -9999.0, -9999.0, -9999.0, -9999.0, -9999.0, -9999.0, -9999.0, -9999.0, -9999.0, -9999.0, -9999.0, -9999.0, -9999.0, -9999.0, -9999.0, -9999.0, -9999.0, -9999.0, -9999.0, -9999.0, -9999.0, -9999.0, -9999.0, -9999.0, -9999.0, -9999.0, -9999.0, -9999.0, -9999.0, -9999.0, -9999.0, -9999.0, -9999.0, -9999.0, -9999.0, -9999.0, -9999.0, -9999.0, -9999.0, -9999.0, -9999.0, -9999.0, -9999.0, -9999.0, -9999.0, -9999.0, -9999.0, -9999.0, -9999.0, -9999.0, -9999.0, -9999.0, -9999.0, -9999.0, -9999.0, -9999.0, -9999.0, -9999.0, -9999.0, -9999.0, -9999.0, -9999.0, -9999.0, -9999.0, -9999.0, -9999.0, -9999.0, -9999.0, -9999.0, -9999.0, -9999.0, -9999.0, -9999.0, -9999.0, -9999.0, -9999.0, -9999.0, -9999.0, -9999.0, -9999.0, -9999.0, -9999.0, -9999.0, -9999.0, -9999.0, -9999.0, -9999.0, -9999.0, -9999.0, -9999.0, -9999.0, -9999.0, -9999.0, -9999.0, -9999.0, -9999.0, -9999.0, -9999.0, -9999.0, -9999.0, -9999.0, -9999.0, -9999.0, -9999.0, -9999.0, -9999.0, -9999.0, -9999.0, -9999.0, -9999.0, -9999.0, -9999.0]",
floatingse.memload1.Px,output,N/m,"[[-8.42878816669783], [-8.441716430180076], [-21.34261176530536], [-40.15289157526558], [-40.17754840721515], [-45.97190391536251], [-9999.0], [-9999.0], [-9999.0], [-9999.0], [-9999.0], [-9999.0], [-9999.0], [-9999.0], [-9999.0], [-9999.0], [-9999.0], [-9999.0], [-9999.0], [-9999.0], [-9999.0], [-9999.0], [-9999.0], [-9999.0], [-9999.0], [-9999.0], [-9999.0], [-9999.0], [-9999.0], [-9999.0], [-9999.0], [-9999.0], [-9999.0], [-9999.0], [-9999.0], [-9999.0], [-9999.0], [-9999.0], [-9999.0], [-9999.0], [-9999.0], [-9999.0], [-9999.0], [-9999.0], [-9999.0], [-9999.0], [-9999.0], [-9999.0], [-9999.0], [-9999.0], [-9999.0], [-9999.0], [-9999.0], [-9999.0], [-9999.0], [-9999.0], [-9999.0], [-9999.0], [-9999.0], [-9999.0], [-9999.0], [-9999.0], [-9999.0], [-9999.0], [-9999.0], [-9999.0], [-9999.0], [-9999.0], [-9999.0], [-9999.0], [-9999.0], [-9999.0], [-9999.0], [-9999.0], [-9999.0], [-9999.0], [-9999.0], [-9999.0], [-9999.0], [-9999.0], [-9999.0], [-9999.0], [-9999.0], [-9999.0], [-9999.0], [-9999.0], [-9999.0], [-9999.0], [-9999.0], [-9999.0], [-9999.0], [-9999.0], [-9999.0], [-9999.0], [-9999.0], [-9999.0], [-9999.0], [-9999.0], [-9999.0], [-9999.0], [-9999.0], [-9999.0], [-9999.0], [-9999.0], [-9999.0], [-9999.0], [-9999.0], [-9999.0], [-9999.0], [-9999.0], [-9999.0], [-9999.0], [-9999.0], [-9999.0], [-9999.0], [-9999.0], [-9999.0], [-9999.0], [-9999.0], [-9999.0], [-9999.0], [-9999.0], [-9999.0], [-9999.0], [-9999.0], [-9999.0], [-9999.0], [-9999.0], [-9999.0], [-9999.0], [-9999.0], [-9999.0], [-9999.0], [-9999.0], [-9999.0], [-9999.0], [-9999.0], [-9999.0], [-9999.0], [-9999.0], [-9999.0], [-9999.0], [-9999.0], [-9999.0], [-9999.0], [-9999.0], [-9999.0], [-9999.0], [-9999.0], [-9999.0], [-9999.0], [-9999.0], [-9999.0], [-9999.0], [-9999.0], [-9999.0], [-9999.0], [-9999.0], [-9999.0], [-9999.0], [-9999.0], [-9999.0], [-9999.0], [-9999.0], [-9999.0], [-9999.0], [-9999.0], [-9999.0], [-9999.0], [-9999.0], [-9999.0], [-9999.0], [-9999.0], [-9999.0], [-9999.0], [-9999.0], [-9999.0], [-9999.0], [-9999.0], [-9999.0], [-9999.0], [-9999.0], [-9999.0], [-9999.0], [-9999.0], [-9999.0], [-9999.0], [-9999.0], [-9999.0], [-9999.0], [-9999.0], [-9999.0], [-9999.0], [-9999.0], [-9999.0], [-9999.0], [-9999.0], [-9999.0], [-9999.0], [-9999.0]]",
floatingse.memload1.Py,output,N/m,"[[0.0], [0.0], [0.0], [0.0], [0.0], [0.0], [-9999.0], [-9999.0], [-9999.0], [-9999.0], [-9999.0], [-9999.0], [-9999.0], [-9999.0], [-9999.0], [-9999.0], [-9999.0], [-9999.0], [-9999.0], [-9999.0], [-9999.0], [-9999.0], [-9999.0], [-9999.0], [-9999.0], [-9999.0], [-9999.0], [-9999.0], [-9999.0], [-9999.0], [-9999.0], [-9999.0], [-9999.0], [-9999.0], [-9999.0], [-9999.0], [-9999.0], [-9999.0], [-9999.0], [-9999.0], [-9999.0], [-9999.0], [-9999.0], [-9999.0], [-9999.0], [-9999.0], [-9999.0], [-9999.0], [-9999.0], [-9999.0], [-9999.0], [-9999.0], [-9999.0], [-9999.0], [-9999.0], [-9999.0], [-9999.0], [-9999.0], [-9999.0], [-9999.0], [-9999.0], [-9999.0], [-9999.0], [-9999.0], [-9999.0], [-9999.0], [-9999.0], [-9999.0], [-9999.0], [-9999.0], [-9999.0], [-9999.0], [-9999.0], [-9999.0], [-9999.0], [-9999.0], [-9999.0], [-9999.0], [-9999.0], [-9999.0], [-9999.0], [-9999.0], [-9999.0], [-9999.0], [-9999.0], [-9999.0], [-9999.0], [-9999.0], [-9999.0], [-9999.0], [-9999.0], [-9999.0], [-9999.0], [-9999.0], [-9999.0], [-9999.0], [-9999.0], [-9999.0], [-9999.0], [-9999.0], [-9999.0], [-9999.0], [-9999.0], [-9999.0], [-9999.0], [-9999.0], [-9999.0], [-9999.0], [-9999.0], [-9999.0], [-9999.0], [-9999.0], [-9999.0], [-9999.0], [-9999.0], [-9999.0], [-9999.0], [-9999.0], [-9999.0], [-9999.0], [-9999.0], [-9999.0], [-9999.0], [-9999.0], [-9999.0], [-9999.0], [-9999.0], [-9999.0], [-9999.0], [-9999.0], [-9999.0], [-9999.0], [-9999.0], [-9999.0], [-9999.0], [-9999.0], [-9999.0], [-9999.0], [-9999.0], [-9999.0], [-9999.0], [-9999.0], [-9999.0], [-9999.0], [-9999.0], [-9999.0], [-9999.0], [-9999.0], [-9999.0], [-9999.0], [-9999.0], [-9999.0], [-9999.0], [-9999.0], [-9999.0], [-9999.0], [-9999.0], [-9999.0], [-9999.0], [-9999.0], [-9999.0], [-9999.0], [-9999.0], [-9999.0], [-9999.0], [-9999.0], [-9999.0], [-9999.0], [-9999.0], [-9999.0], [-9999.0], [-9999.0], [-9999.0], [-9999.0], [-9999.0], [-9999.0], [-9999.0], [-9999.0], [-9999.0], [-9999.0], [-9999.0], [-9999.0], [-9999.0], [-9999.0], [-9999.0], [-9999.0], [-9999.0], [-9999.0], [-9999.0], [-9999.0], [-9999.0], [-9999.0], [-9999.0], [-9999.0], [-9999.0], [-9999.0], [-9999.0], [-9999.0], [-9999.0], [-9999.0]]",
floatingse.memload1.Pz,output,N/m,"[[-64.21358800342638], [-64.31208023842272], [-162.59581469008708], [-305.8993992692174], [-306.08724402423627], [-350.23076145366156], [-9999.0], [-9999.0], [-9999.0], [-9999.0], [-9999.0], [-9999.0], [-9999.0], [-9999.0], [-9999.0], [-9999.0], [-9999.0], [-9999.0], [-9999.0], [-9999.0], [-9999.0], [-9999.0], [-9999.0], [-9999.0], [-9999.0], [-9999.0], [-9999.0], [-9999.0], [-9999.0], [-9999.0], [-9999.0], [-9999.0], [-9999.0], [-9999.0], [-9999.0], [-9999.0], [-9999.0], [-9999.0], [-9999.0], [-9999.0], [-9999.0], [-9999.0], [-9999.0], [-9999.0], [-9999.0], [-9999.0], [-9999.0], [-9999.0], [-9999.0], [-9999.0], [-9999.0], [-9999.0], [-9999.0], [-9999.0], [-9999.0], [-9999.0], [-9999.0], [-9999.0], [-9999.0], [-9999.0], [-9999.0], [-9999.0], [-9999.0], [-9999.0], [-9999.0], [-9999.0], [-9999.0], [-9999.0], [-9999.0], [-9999.0], [-9999.0], [-9999.0], [-9999.0], [-9999.0], [-9999.0], [-9999.0], [-9999.0], [-9999.0], [-9999.0], [-9999.0], [-9999.0], [-9999.0], [-9999.0], [-9999.0], [-9999.0], [-9999.0], [-9999.0], [-9999.0], [-9999.0], [-9999.0], [-9999.0], [-9999.0], [-9999.0], [-9999.0], [-9999.0], [-9999.0], [-9999.0], [-9999.0], [-9999.0], [-9999.0], [-9999.0], [-9999.0], [-9999.0], [-9999.0], [-9999.0], [-9999.0], [-9999.0], [-9999.0], [-9999.0], [-9999.0], [-9999.0], [-9999.0], [-9999.0], [-9999.0], [-9999.0], [-9999.0], [-9999.0], [-9999.0], [-9999.0], [-9999.0], [-9999.0], [-9999.0], [-9999.0], [-9999.0], [-9999.0], [-9999.0], [-9999.0], [-9999.0], [-9999.0], [-9999.0], [-9999.0], [-9999.0], [-9999.0], [-9999.0], [-9999.0], [-9999.0], [-9999.0], [-9999.0], [-9999.0], [-9999.0], [-9999.0], [-9999.0], [-9999.0], [-9999.0], [-9999.0], [-9999.0], [-9999.0], [-9999.0], [-9999.0], [-9999.0], [-9999.0], [-9999.0], [-9999.0], [-9999.0], [-9999.0], [-9999.0], [-9999.0], [-9999.0], [-9999.0], [-9999.0], [-9999.0], [-9999.0], [-9999.0], [-9999.0], [-9999.0], [-9999.0], [-9999.0], [-9999.0], [-9999.0], [-9999.0], [-9999.0], [-9999.0], [-9999.0], [-9999.0], [-9999.0], [-9999.0], [-9999.0], [-9999.0], [-9999.0], [-9999.0], [-9999.0], [-9999.0], [-9999.0], [-9999.0], [-9999.0], [-9999.0], [-9999.0], [-9999.0], [-9999.0], [-9999.0], [-9999.0], [-9999.0], [-9999.0], [-9999.0], [-9999.0], [-9999.0], [-9999.0], [-9999.0], [-9999.0], [-9999.0]]",
floatingse.memload1.qdyn,output,Pa,"[[705411.535622967], [705214.4403383441], [508536.3913908086], [360298.7387785523], [360104.4263639585], [314441.00893441844], [-9999.0], [-9999.0], [-9999.0], [-9999.0], [-9999.0], [-9999.0], [-9999.0], [-9999.0], [-9999.0], [-9999.0], [-9999.0], [-9999.0], [-9999.0], [-9999.0], [-9999.0], [-9999.0], [-9999.0], [-9999.0], [-9999.0], [-9999.0], [-9999.0], [-9999.0], [-9999.0], [-9999.0], [-9999.0], [-9999.0], [-9999.0], [-9999.0], [-9999.0], [-9999.0], [-9999.0], [-9999.0], [-9999.0], [-9999.0], [-9999.0], [-9999.0], [-9999.0], [-9999.0], [-9999.0], [-9999.0], [-9999.0], [-9999.0], [-9999.0], [-9999.0], [-9999.0], [-9999.0], [-9999.0], [-9999.0], [-9999.0], [-9999.0], [-9999.0], [-9999.0], [-9999.0], [-9999.0], [-9999.0], [-9999.0], [-9999.0], [-9999.0], [-9999.0], [-9999.0], [-9999.0], [-9999.0], [-9999.0], [-9999.0], [-9999.0], [-9999.0], [-9999.0], [-9999.0], [-9999.0], [-9999.0], [-9999.0], [-9999.0], [-9999.0], [-9999.0], [-9999.0], [-9999.0], [-9999.0], [-9999.0], [-9999.0], [-9999.0], [-9999.0], [-9999.0], [-9999.0], [-9999.0], [-9999.0], [-9999.0], [-9999.0], [-9999.0], [-9999.0], [-9999.0], [-9999.0], [-9999.0], [-9999.0], [-9999.0], [-9999.0], [-9999.0], [-9999.0], [-9999.0], [-9999.0], [-9999.0], [-9999.0], [-9999.0], [-9999.0], [-9999.0], [-9999.0], [-9999.0], [-9999.0], [-9999.0], [-9999.0], [-9999.0], [-9999.0], [-9999.0], [-9999.0], [-9999.0], [-9999.0], [-9999.0], [-9999.0], [-9999.0], [-9999.0], [-9999.0], [-9999.0], [-9999.0], [-9999.0], [-9999.0], [-9999.0], [-9999.0], [-9999.0], [-9999.0], [-9999.0], [-9999.0], [-9999.0], [-9999.0], [-9999.0], [-9999.0], [-9999.0], [-9999.0], [-9999.0], [-9999.0], [-9999.0], [-9999.0], [-9999.0], [-9999.0], [-9999.0], [-9999.0], [-9999.0], [-9999.0], [-9999.0], [-9999.0], [-9999.0], [-9999.0], [-9999.0], [-9999.0], [-9999.0], [-9999.0], [-9999.0], [-9999.0], [-9999.0], [-9999.0], [-9999.0], [-9999.0], [-9999.0], [-9999.0], [-9999.0], [-9999.0], [-9999.0], [-9999.0], [-9999.0], [-9999.0], [-9999.0], [-9999.0], [-9999.0], [-9999.0], [-9999.0], [-9999.0], [-9999.0], [-9999.0], [-9999.0], [-9999.0], [-9999.0], [-9999.0], [-9999.0], [-9999.0], [-9999.0], [-9999.0], [-9999.0], [-9999.0], [-9999.0], [-9999.0], [-9999.0], [-9999.0], [-9999.0], [-9999.0], [-9999.0], [-9999.0]]",
floatingse.memload2.env.Px,output,N/m,"[64.76441425839386, 163.99056689851915, 353.2350523631749]",
floatingse.memload2.env.Py,output,N/m,"[0.0, 0.0, 0.0]",
floatingse.memload2.env.Pz,output,N/m,"[0.0, 0.0, 0.0]",
floatingse.memload2.env.qdyn,output,N/m**2,"[705411.535622967, 508536.3913908086, 314441.00893441844]",
floatingse.memload2.env.wave.U,output,m/s,"[0.11257197694567823, 0.2498885740675337, 0.5547055423172194]",
floatingse.memload2.env.wave.W,output,m/s,"[-0.11257197653780444, -0.24988857388379118, -0.5547055422344453]",
floatingse.memload2.env.wave.V,output,m/s,"[0.15920081625131924, 0.3533958103984543, 0.7844721010100043]",
floatingse.memload2.env.wave.A,output,m/s**2,"[0.07073105915452446, 0.15700962170131855, 0.3485317713298637]",
floatingse.memload2.env.wave.p,output,N/m**2,"[705405.0409923454, 508504.3886873408, 314283.3135870962]",
floatingse.memload2.env.wave.phase_speed,output,m/s,15.607258930515775,
floatingse.memload2.env.waveLoads.waveLoads_Px,output,N/m,"[64.76441425839386, 163.99056689851915, 353.2350523631749]",
floatingse.memload2.env.waveLoads.waveLoads_Py,output,N/m,"[0.0, 0.0, 0.0]",
floatingse.memload2.env.waveLoads.waveLoads_Pz,output,N/m,"[0.0, 0.0, 0.0]",
floatingse.memload2.env.waveLoads.waveLoads_qdyn,output,N/m**2,"[6.494630621647385, 32.00270346787145, 157.69534732218824]",
floatingse.memload2.env.waveLoads.waveLoads_pt,output,N/m**2,"[705411.535622967, 508536.3913908086, 314441.00893441844]",
floatingse.memload2.env.waveLoads.waveLoads_z,output,m,"[-70.0, -50.19225, -30.384500000000003]",
floatingse.memload2.env.waveLoads.waveLoads_beta,output,deg,0.0,
floatingse.memload2.env.wind.U,output,m/s,"[0.0, 0.0, 0.0]",
floatingse.memload2.env.windLoads.windLoads_Px,output,N/m,"[0.0, 0.0, 0.0]",
floatingse.memload2.env.windLoads.windLoads_Py,output,N/m,"[0.0, 0.0, 0.0]",
floatingse.memload2.env.windLoads.windLoads_Pz,output,N/m,"[0.0, 0.0, 0.0]",
floatingse.memload2.env.windLoads.windLoads_qdyn,output,N/m**2,"[0.0, 0.0, 0.0]",
floatingse.memload2.env.windLoads.windLoads_z,output,m,"[-70.0, -50.19225, -30.384500000000003]",
floatingse.memload2.env.windLoads.windLoads_beta,output,deg,0.0,
floatingse.memload2.g2e.Px,output,N/m,"[4.2143940833489, 4.220858215090023, 10.671305882652643, 20.07644578763272, 20.088774203607507, 22.985951957681177, -9999.0, -9999.0, -9999.0, -9999.0, -9999.0, -9999.0, -9999.0, -9999.0, -9999.0, -9999.0, -9999.0, -9999.0, -9999.0, -9999.0, -9999.0, -9999.0, -9999.0, -9999.0, -9999.0, -9999.0, -9999.0, -9999.0, -9999.0, -9999.0, -9999.0, -9999.0, -9999.0, -9999.0, -9999.0, -9999.0, -9999.0, -9999.0, -9999.0, -9999.0, -9999.0, -9999.0, -9999.0, -9999.0, -9999.0, -9999.0, -9999.0, -9999.0, -9999.0, -9999.0, -9999.0, -9999.0, -9999.0, -9999.0, -9999.0, -9999.0, -9999.0, -9999.0, -9999.0, -9999.0, -9999.0, -9999.0, -9999.0, -9999.0, -9999.0, -9999.0, -9999.0, -9999.0, -9999.0, -9999.0, -9999.0, -9999.0, -9999.0, -9999.0, -9999.0, -9999.0, -9999.0, -9999.0, -9999.0, -9999.0, -9999.0, -9999.0, -9999.0, -9999.0, -9999.0, -9999.0, -9999.0, -9999.0, -9999.0, -9999.0, -9999.0, -9999.0, -9999.0, -9999.0, -9999.0, -9999.0, -9999.0, -9999.0, -9999.0, -9999.0, -9999.0, -9999.0, -9999.0, -9999.0, -9999.0, -9999.0, -9999.0, -9999.0, -9999.0, -9999.0, -9999.0, -9999.0, -9999.0, -9999.0, -9999.0, -9999.0, -9999.0, -9999.0, -9999.0, -9999.0, -9999.0, -9999.0, -9999.0, -9999.0, -9999.0, -9999.0, -9999.0, -9999.0, -9999.0, -9999.0, -9999.0, -9999.0, -9999.0, -9999.0, -9999.0, -9999.0, -9999.0, -9999.0, -9999.0, -9999.0, -9999.0, -9999.0, -9999.0, -9999.0, -9999.0, -9999.0, -9999.0, -9999.0, -9999.0, -9999.0, -9999.0, -9999.0, -9999.0, -9999.0, -9999.0, -9999.0, -9999.0, -9999.0, -9999.0, -9999.0, -9999.0, -9999.0, -9999.0, -9999.0, -9999.0, -9999.0, -9999.0, -9999.0, -9999.0, -9999.0, -9999.0, -9999.0, -9999.0, -9999.0, -9999.0, -9999.0, -9999.0, -9999.0, -9999.0, -9999.0, -9999.0, -9999.0, -9999.0, -9999.0, -9999.0, -9999.0, -9999.0, -9999.0, -9999.0, -9999.0, -9999.0, -9999.0, -9999.0, -9999.0, -9999.0, -9999.0, -9999.0, -9999.0, -9999.0, -9999.0]",
floatingse.memload2.g2e.Py,output,N/m,"[7.299544675477972, 7.310740880080417, 18.48324397186305, 34.7734241395821, 34.794777582427265, 39.81283665104117, -9999.0, -9999.0, -9999.0, -9999.0, -9999.0, -9999.0, -9999.0, -9999.0, -9999.0, -9999.0, -9999.0, -9999.0, -9999.0, -9999.0, -9999.0, -9999.0, -9999.0, -9999.0, -9999.0, -9999.0, -9999.0, -9999.0, -9999.0, -9999.0, -9999.0, -9999.0, -9999.0, -9999.0, -9999.0, -9999.0, -9999.0, -9999.0, -9999.0, -9999.0, -9999.0, -9999.0, -9999.0, -9999.0, -9999.0, -9999.0, -9999.0, -9999.0, -9999.0, -9999.0, -9999.0, -9999.0, -9999.0, -9999.0, -9999.0, -9999.0, -9999.0, -9999.0, -9999.0, -9999.0, -9999.0, -9999.0, -9999.0, -9999.0, -9999.0, -9999.0, -9999.0, -9999.0, -9999.0, -9999.0, -9999.0, -9999.0, -9999.0, -9999.0, -9999.0, -9999.0, -9999.0, -9999.0, -9999.0, -9999.0, -9999.0, -9999.0, -9999.0, -9999.0, -9999.0, -9999.0, -9999.0, -9999.0, -9999.0, -9999.0, -9999.0, -9999.0, -9999.0, -9999.0, -9999.0, -9999.0, -9999.0, -9999.0, -9999.0, -9999.0, -9999.0, -9999.0, -9999.0, -9999.0, -9999.0, -9999.0, -9999.0, -9999.0, -9999.0, -9999.0, -9999.0, -9999.0, -9999.0, -9999.0, -9999.0, -9999.0, -9999.0, -9999.0, -9999.0, -9999.0, -9999.0, -9999.0, -9999.0, -9999.0, -9999.0, -9999.0, -9999.0, -9999.0, -9999.0, -9999.0, -9999.0, -9999.0, -9999.0, -9999.0, -9999.0, -9999.0, -9999.0, -9999.0, -9999.0, -9999.0, -9999.0, -9999.0, -9999.0, -9999.0, -9999.0, -9999.0, -9999.0, -9999.0, -9999.0, -9999.0, -9999.0, -9999.0, -9999.0, -9999.0, -9999.0, -9999.0, -9999.0, -9999.0, -9999.0, -9999.0, -9999.0, -9999.0, -9999.0, -9999.0, -9999.0, -9999.0, -9999.0, -9999.0, -9999.0, -9999.0, -9999.0, -9999.0, -9999.0, -9999.0, -9999.0, -9999.0, -9999.0, -9999.0, -9999.0, -9999.0, -9999.0, -9999.0, -9999.0, -9999.0, -9999.0, -9999.0, -9999.0, -9999.0, -9999.0, -9999.0, -9999.0, -9999.0, -9999.0, -9999.0, -9999.0, -9999.0, -9999.0, -9999.0, -9999.0, -9999.0]",
floatingse.memload2.g2e.Pz,output,N/m,"[-64.21358800342638, -64.31208023842272, -162.59581469008708, -305.8993992692174, -306.08724402423627, -350.23076145366156, -9999.0, -9999.0, -9999.0, -9999.0, -9999.0, -9999.0, -9999.0, -9999.0, -9999.0, -9999.0, -9999.0, -9999.0, -9999.0, -9999.0, -9999.0, -9999.0, -9999.0, -9999.0, -9999.0, -9999.0, -9999.0, -9999.0, -9999.0, -9999.0, -9999.0, -9999.0, -9999.0, -9999.0, -9999.0, -9999.0, -9999.0, -9999.0, -9999.0, -9999.0, -9999.0, -9999.0, -9999.0, -9999.0, -9999.0, -9999.0, -9999.0, -9999.0, -9999.0, -9999.0, -9999.0, -9999.0, -9999.0, -9999.0, -9999.0, -9999.0, -9999.0, -9999.0, -9999.0, -9999.0, -9999.0, -9999.0, -9999.0, -9999.0, -9999.0, -9999.0, -9999.0, -9999.0, -9999.0, -9999.0, -9999.0, -9999.0, -9999.0, -9999.0, -9999.0, -9999.0, -9999.0, -9999.0, -9999.0, -9999.0, -9999.0, -9999.0, -9999.0, -9999.0, -9999.0, -9999.0, -9999.0, -9999.0, -9999.0, -9999.0, -9999.0, -9999.0, -9999.0, -9999.0, -9999.0, -9999.0, -9999.0, -9999.0, -9999.0, -9999.0, -9999.0, -9999.0, -9999.0, -9999.0, -9999.0, -9999.0, -9999.0, -9999.0, -9999.0, -9999.0, -9999.0, -9999.0, -9999.0, -9999.0, -9999.0, -9999.0, -9999.0, -9999.0, -9999.0, -9999.0, -9999.0, -9999.0, -9999.0, -9999.0, -9999.0, -9999.0, -9999.0, -9999.0, -9999.0, -9999.0, -9999.0, -9999.0, -9999.0, -9999.0, -9999.0, -9999.0, -9999.0, -9999.0, -9999.0, -9999.0, -9999.0, -9999.0, -9999.0, -9999.0, -9999.0, -9999.0, -9999.0, -9999.0, -9999.0, -9999.0, -9999.0, -9999.0, -9999.0, -9999.0, -9999.0, -9999.0, -9999.0, -9999.0, -9999.0, -9999.0, -9999.0, -9999.0, -9999.0, -9999.0, -9999.0, -9999.0, -9999.0, -9999.0, -9999.0, -9999.0, -9999.0, -9999.0, -9999.0, -9999.0, -9999.0, -9999.0, -9999.0, -9999.0, -9999.0, -9999.0, -9999.0, -9999.0, -9999.0, -9999.0, -9999.0, -9999.0, -9999.0, -9999.0, -9999.0, -9999.0, -9999.0, -9999.0, -9999.0, -9999.0, -9999.0, -9999.0, -9999.0, -9999.0, -9999.0, -9999.0]",
floatingse.memload2.g2e.qdyn,output,Pa,"[705411.535622967, 705214.4403383441, 508536.3913908086, 360298.7387785523, 360104.4263639585, 314441.00893441844, -9999.0, -9999.0, -9999.0, -9999.0, -9999.0, -9999.0, -9999.0, -9999.0, -9999.0, -9999.0, -9999.0, -9999.0, -9999.0, -9999.0, -9999.0, -9999.0, -9999.0, -9999.0, -9999.0, -9999.0, -9999.0, -9999.0, -9999.0, -9999.0, -9999.0, -9999.0, -9999.0, -9999.0, -9999.0, -9999.0, -9999.0, -9999.0, -9999.0, -9999.0, -9999.0, -9999.0, -9999.0, -9999.0, -9999.0, -9999.0, -9999.0, -9999.0, -9999.0, -9999.0, -9999.0, -9999.0, -9999.0, -9999.0, -9999.0, -9999.0, -9999.0, -9999.0, -9999.0, -9999.0, -9999.0, -9999.0, -9999.0, -9999.0, -9999.0, -9999.0, -9999.0, -9999.0, -9999.0, -9999.0, -9999.0, -9999.0, -9999.0, -9999.0, -9999.0, -9999.0, -9999.0, -9999.0, -9999.0, -9999.0, -9999.0, -9999.0, -9999.0, -9999.0, -9999.0, -9999.0, -9999.0, -9999.0, -9999.0, -9999.0, -9999.0, -9999.0, -9999.0, -9999.0, -9999.0, -9999.0, -9999.0, -9999.0, -9999.0, -9999.0, -9999.0, -9999.0, -9999.0, -9999.0, -9999.0, -9999.0, -9999.0, -9999.0, -9999.0, -9999.0, -9999.0, -9999.0, -9999.0, -9999.0, -9999.0, -9999.0, -9999.0, -9999.0, -9999.0, -9999.0, -9999.0, -9999.0, -9999.0, -9999.0, -9999.0, -9999.0, -9999.0, -9999.0, -9999.0, -9999.0, -9999.0, -9999.0, -9999.0, -9999.0, -9999.0, -9999.0, -9999.0, -9999.0, -9999.0, -9999.0, -9999.0, -9999.0, -9999.0, -9999.0, -9999.0, -9999.0, -9999.0, -9999.0, -9999.0, -9999.0, -9999.0, -9999.0, -9999.0, -9999.0, -9999.0, -9999.0, -9999.0, -9999.0, -9999.0, -9999.0, -9999.0, -9999.0, -9999.0, -9999.0, -9999.0, -9999.0, -9999.0, -9999.0, -9999.0, -9999.0, -9999.0, -9999.0, -9999.0, -9999.0, -9999.0, -9999.0, -9999.0, -9999.0, -9999.0, -9999.0, -9999.0, -9999.0, -9999.0, -9999.0, -9999.0, -9999.0, -9999.0, -9999.0, -9999.0, -9999.0, -9999.0, -9999.0, -9999.0, -9999.0, -9999.0, -9999.0, -9999.0, -9999.0, -9999.0, -9999.0]",
floatingse.memload2.Px,output,N/m,"[[4.2143940833489], [4.220858215090023], [10.671305882652643], [20.07644578763272], [20.088774203607507], [22.985951957681177], [-9999.0], [-9999.0], [-9999.0], [-9999.0], [-9999.0], [-9999.0], [-9999.0], [-9999.0], [-9999.0], [-9999.0], [-9999.0], [-9999.0], [-9999.0], [-9999.0], [-9999.0], [-9999.0], [-9999.0], [-9999.0], [-9999.0], [-9999.0], [-9999.0], [-9999.0], [-9999.0], [-9999.0], [-9999.0], [-9999.0], [-9999.0], [-9999.0], [-9999.0], [-9999.0], [-9999.0], [-9999.0], [-9999.0], [-9999.0], [-9999.0], [-9999.0], [-9999.0], [-9999.0], [-9999.0], [-9999.0], [-9999.0], [-9999.0], [-9999.0], [-9999.0], [-9999.0], [-9999.0], [-9999.0], [-9999.0], [-9999.0], [-9999.0], [-9999.0], [-9999.0], [-9999.0], [-9999.0], [-9999.0], [-9999.0], [-9999.0], [-9999.0], [-9999.0], [-9999.0], [-9999.0], [-9999.0], [-9999.0], [-9999.0], [-9999.0], [-9999.0], [-9999.0], [-9999.0], [-9999.0], [-9999.0], [-9999.0], [-9999.0], [-9999.0], [-9999.0], [-9999.0], [-9999.0], [-9999.0], [-9999.0], [-9999.0], [-9999.0], [-9999.0], [-9999.0], [-9999.0], [-9999.0], [-9999.0], [-9999.0], [-9999.0], [-9999.0], [-9999.0], [-9999.0], [-9999.0], [-9999.0], [-9999.0], [-9999.0], [-9999.0], [-9999.0], [-9999.0], [-9999.0], [-9999.0], [-9999.0], [-9999.0], [-9999.0], [-9999.0], [-9999.0], [-9999.0], [-9999.0], [-9999.0], [-9999.0], [-9999.0], [-9999.0], [-9999.0], [-9999.0], [-9999.0], [-9999.0], [-9999.0], [-9999.0], [-9999.0], [-9999.0], [-9999.0], [-9999.0], [-9999.0], [-9999.0], [-9999.0], [-9999.0], [-9999.0], [-9999.0], [-9999.0], [-9999.0], [-9999.0], [-9999.0], [-9999.0], [-9999.0], [-9999.0], [-9999.0], [-9999.0], [-9999.0], [-9999.0], [-9999.0], [-9999.0], [-9999.0], [-9999.0], [-9999.0], [-9999.0], [-9999.0], [-9999.0], [-9999.0], [-9999.0], [-9999.0], [-9999.0], [-9999.0], [-9999.0], [-9999.0], [-9999.0], [-9999.0], [-9999.0], [-9999.0], [-9999.0], [-9999.0], [-9999.0], [-9999.0], [-9999.0], [-9999.0], [-9999.0], [-9999.0], [-9999.0], [-9999.0], [-9999.0], [-9999.0], [-9999.0], [-9999.0], [-9999.0], [-9999.0], [-9999.0], [-9999.0], [-9999.0], [-9999.0], [-9999.0], [-9999.0], [-9999.0], [-9999.0], [-9999.0], [-9999.0], [-9999.0], [-9999.0], [-9999.0], [-9999.0], [-9999.0], [-9999.0], [-9999.0], [-9999.0], [-9999.0], [-9999.0], [-9999.0], [-9999.0]]",
floatingse.memload2.Py,output,N/m,"[[7.299544675477972], [7.310740880080417], [18.48324397186305], [34.7734241395821], [34.794777582427265], [39.81283665104117], [-9999.0], [-9999.0], [-9999.0], [-9999.0], [-9999.0], [-9999.0], [-9999.0], [-9999.0], [-9999.0], [-9999.0], [-9999.0], [-9999.0], [-9999.0], [-9999.0], [-9999.0], [-9999.0], [-9999.0], [-9999.0], [-9999.0], [-9999.0], [-9999.0], [-9999.0], [-9999.0], [-9999.0], [-9999.0], [-9999.0], [-9999.0], [-9999.0], [-9999.0], [-9999.0], [-9999.0], [-9999.0], [-9999.0], [-9999.0], [-9999.0], [-9999.0], [-9999.0], [-9999.0], [-9999.0], [-9999.0], [-9999.0], [-9999.0], [-9999.0], [-9999.0], [-9999.0], [-9999.0], [-9999.0], [-9999.0], [-9999.0], [-9999.0], [-9999.0], [-9999.0], [-9999.0], [-9999.0], [-9999.0], [-9999.0], [-9999.0], [-9999.0], [-9999.0], [-9999.0], [-9999.0], [-9999.0], [-9999.0], [-9999.0], [-9999.0], [-9999.0], [-9999.0], [-9999.0], [-9999.0], [-9999.0], [-9999.0], [-9999.0], [-9999.0], [-9999.0], [-9999.0], [-9999.0], [-9999.0], [-9999.0], [-9999.0], [-9999.0], [-9999.0], [-9999.0], [-9999.0], [-9999.0], [-9999.0], [-9999.0], [-9999.0], [-9999.0], [-9999.0], [-9999.0], [-9999.0], [-9999.0], [-9999.0], [-9999.0], [-9999.0], [-9999.0], [-9999.0], [-9999.0], [-9999.0], [-9999.0], [-9999.0], [-9999.0], [-9999.0], [-9999.0], [-9999.0], [-9999.0], [-9999.0], [-9999.0], [-9999.0], [-9999.0], [-9999.0], [-9999.0], [-9999.0], [-9999.0], [-9999.0], [-9999.0], [-9999.0], [-9999.0], [-9999.0], [-9999.0], [-9999.0], [-9999.0], [-9999.0], [-9999.0], [-9999.0], [-9999.0], [-9999.0], [-9999.0], [-9999.0], [-9999.0], [-9999.0], [-9999.0], [-9999.0], [-9999.0], [-9999.0], [-9999.0], [-9999.0], [-9999.0], [-9999.0], [-9999.0], [-9999.0], [-9999.0], [-9999.0], [-9999.0], [-9999.0], [-9999.0], [-9999.0], [-9999.0], [-9999.0], [-9999.0], [-9999.0], [-9999.0], [-9999.0], [-9999.0], [-9999.0], [-9999.0], [-9999.0], [-9999.0], [-9999.0], [-9999.0], [-9999.0], [-9999.0], [-9999.0], [-9999.0], [-9999.0], [-9999.0], [-9999.0], [-9999.0], [-9999.0], [-9999.0], [-9999.0], [-9999.0], [-9999.0], [-9999.0], [-9999.0], [-9999.0], [-9999.0], [-9999.0], [-9999.0], [-9999.0], [-9999.0], [-9999.0], [-9999.0], [-9999.0], [-9999.0], [-9999.0], [-9999.0], [-9999.0], [-9999.0], [-9999.0], [-9999.0], [-9999.0], [-9999.0], [-9999.0]]",
floatingse.memload2.Pz,output,N/m,"[[-64.21358800342638], [-64.31208023842272], [-162.59581469008708], [-305.8993992692174], [-306.08724402423627], [-350.23076145366156], [-9999.0], [-9999.0], [-9999.0], [-9999.0], [-9999.0], [-9999.0], [-9999.0], [-9999.0], [-9999.0], [-9999.0], [-9999.0], [-9999.0], [-9999.0], [-9999.0], [-9999.0], [-9999.0], [-9999.0], [-9999.0], [-9999.0], [-9999.0], [-9999.0], [-9999.0], [-9999.0], [-9999.0], [-9999.0], [-9999.0], [-9999.0], [-9999.0], [-9999.0], [-9999.0], [-9999.0], [-9999.0], [-9999.0], [-9999.0], [-9999.0], [-9999.0], [-9999.0], [-9999.0], [-9999.0], [-9999.0], [-9999.0], [-9999.0], [-9999.0], [-9999.0], [-9999.0], [-9999.0], [-9999.0], [-9999.0], [-9999.0], [-9999.0], [-9999.0], [-9999.0], [-9999.0], [-9999.0], [-9999.0], [-9999.0], [-9999.0], [-9999.0], [-9999.0], [-9999.0], [-9999.0], [-9999.0], [-9999.0], [-9999.0], [-9999.0], [-9999.0], [-9999.0], [-9999.0], [-9999.0], [-9999.0], [-9999.0], [-9999.0], [-9999.0], [-9999.0], [-9999.0], [-9999.0], [-9999.0], [-9999.0], [-9999.0], [-9999.0], [-9999.0], [-9999.0], [-9999.0], [-9999.0], [-9999.0], [-9999.0], [-9999.0], [-9999.0], [-9999.0], [-9999.0], [-9999.0], [-9999.0], [-9999.0], [-9999.0], [-9999.0], [-9999.0], [-9999.0], [-9999.0], [-9999.0], [-9999.0], [-9999.0], [-9999.0], [-9999.0], [-9999.0], [-9999.0], [-9999.0], [-9999.0], [-9999.0], [-9999.0], [-9999.0], [-9999.0], [-9999.0], [-9999.0], [-9999.0], [-9999.0], [-9999.0], [-9999.0], [-9999.0], [-9999.0], [-9999.0], [-9999.0], [-9999.0], [-9999.0], [-9999.0], [-9999.0], [-9999.0], [-9999.0], [-9999.0], [-9999.0], [-9999.0], [-9999.0], [-9999.0], [-9999.0], [-9999.0], [-9999.0], [-9999.0], [-9999.0], [-9999.0], [-9999.0], [-9999.0], [-9999.0], [-9999.0], [-9999.0], [-9999.0], [-9999.0], [-9999.0], [-9999.0], [-9999.0], [-9999.0], [-9999.0], [-9999.0], [-9999.0], [-9999.0], [-9999.0], [-9999.0], [-9999.0], [-9999.0], [-9999.0], [-9999.0], [-9999.0], [-9999.0], [-9999.0], [-9999.0], [-9999.0], [-9999.0], [-9999.0], [-9999.0], [-9999.0], [-9999.0], [-9999.0], [-9999.0], [-9999.0], [-9999.0], [-9999.0], [-9999.0], [-9999.0], [-9999.0], [-9999.0], [-9999.0], [-9999.0], [-9999.0], [-9999.0], [-9999.0], [-9999.0], [-9999.0], [-9999.0], [-9999.0], [-9999.0], [-9999.0], [-9999.0], [-9999.0], [-9999.0], [-9999.0], [-9999.0]]",
floatingse.memload2.qdyn,output,Pa,"[[705411.535622967], [705214.4403383441], [508536.3913908086], [360298.7387785523], [360104.4263639585], [314441.00893441844], [-9999.0], [-9999.0], [-9999.0], [-9999.0], [-9999.0], [-9999.0], [-9999.0], [-9999.0], [-9999.0], [-9999.0], [-9999.0], [-9999.0], [-9999.0], [-9999.0], [-9999.0], [-9999.0], [-9999.0], [-9999.0], [-9999.0], [-9999.0], [-9999.0], [-9999.0], [-9999.0], [-9999.0], [-9999.0], [-9999.0], [-9999.0], [-9999.0], [-9999.0], [-9999.0], [-9999.0], [-9999.0], [-9999.0], [-9999.0], [-9999.0], [-9999.0], [-9999.0], [-9999.0], [-9999.0], [-9999.0], [-9999.0], [-9999.0], [-9999.0], [-9999.0], [-9999.0], [-9999.0], [-9999.0], [-9999.0], [-9999.0], [-9999.0], [-9999.0], [-9999.0], [-9999.0], [-9999.0], [-9999.0], [-9999.0], [-9999.0], [-9999.0], [-9999.0], [-9999.0], [-9999.0], [-9999.0], [-9999.0], [-9999.0], [-9999.0], [-9999.0], [-9999.0], [-9999.0], [-9999.0], [-9999.0], [-9999.0], [-9999.0], [-9999.0], [-9999.0], [-9999.0], [-9999.0], [-9999.0], [-9999.0], [-9999.0], [-9999.0], [-9999.0], [-9999.0], [-9999.0], [-9999.0], [-9999.0], [-9999.0], [-9999.0], [-9999.0], [-9999.0], [-9999.0], [-9999.0], [-9999.0], [-9999.0], [-9999.0], [-9999.0], [-9999.0], [-9999.0], [-9999.0], [-9999.0], [-9999.0], [-9999.0], [-9999.0], [-9999.0], [-9999.0], [-9999.0], [-9999.0], [-9999.0], [-9999.0], [-9999.0], [-9999.0], [-9999.0], [-9999.0], [-9999.0], [-9999.0], [-9999.0], [-9999.0], [-9999.0], [-9999.0], [-9999.0], [-9999.0], [-9999.0], [-9999.0], [-9999.0], [-9999.0], [-9999.0], [-9999.0], [-9999.0], [-9999.0], [-9999.0], [-9999.0], [-9999.0], [-9999.0], [-9999.0], [-9999.0], [-9999.0], [-9999.0], [-9999.0], [-9999.0], [-9999.0], [-9999.0], [-9999.0], [-9999.0], [-9999.0], [-9999.0], [-9999.0], [-9999.0], [-9999.0], [-9999.0], [-9999.0], [-9999.0], [-9999.0], [-9999.0], [-9999.0], [-9999.0], [-9999.0], [-9999.0], [-9999.0], [-9999.0], [-9999.0], [-9999.0], [-9999.0], [-9999.0], [-9999.0], [-9999.0], [-9999.0], [-9999.0], [-9999.0], [-9999.0], [-9999.0], [-9999.0], [-9999.0], [-9999.0], [-9999.0], [-9999.0], [-9999.0], [-9999.0], [-9999.0], [-9999.0], [-9999.0], [-9999.0], [-9999.0], [-9999.0], [-9999.0], [-9999.0], [-9999.0], [-9999.0], [-9999.0], [-9999.0], [-9999.0], [-9999.0], [-9999.0], [-9999.0], [-9999.0], [-9999.0]]",
floatingse.memload3.env.Px,output,N/m,"[64.76441425839386, 163.99056689851915, 353.2350523631749]",
floatingse.memload3.env.Py,output,N/m,"[0.0, 0.0, 0.0]",
floatingse.memload3.env.Pz,output,N/m,"[0.0, 0.0, 0.0]",
floatingse.memload3.env.qdyn,output,N/m**2,"[705411.535622967, 508536.3913908086, 314441.00893441844]",
floatingse.memload3.env.wave.U,output,m/s,"[0.11257197694567823, 0.2498885740675337, 0.5547055423172194]",
floatingse.memload3.env.wave.W,output,m/s,"[-0.11257197653780444, -0.24988857388379118, -0.5547055422344453]",
floatingse.memload3.env.wave.V,output,m/s,"[0.15920081625131924, 0.3533958103984543, 0.7844721010100043]",
floatingse.memload3.env.wave.A,output,m/s**2,"[0.07073105915452446, 0.15700962170131855, 0.3485317713298637]",
floatingse.memload3.env.wave.p,output,N/m**2,"[705405.0409923454, 508504.3886873408, 314283.3135870962]",
floatingse.memload3.env.wave.phase_speed,output,m/s,15.607258930515775,
floatingse.memload3.env.waveLoads.waveLoads_Px,output,N/m,"[64.76441425839386, 163.99056689851915, 353.2350523631749]",
floatingse.memload3.env.waveLoads.waveLoads_Py,output,N/m,"[0.0, 0.0, 0.0]",
floatingse.memload3.env.waveLoads.waveLoads_Pz,output,N/m,"[0.0, 0.0, 0.0]",
floatingse.memload3.env.waveLoads.waveLoads_qdyn,output,N/m**2,"[6.494630621647385, 32.00270346787145, 157.69534732218824]",
floatingse.memload3.env.waveLoads.waveLoads_pt,output,N/m**2,"[705411.535622967, 508536.3913908086, 314441.00893441844]",
floatingse.memload3.env.waveLoads.waveLoads_z,output,m,"[-70.0, -50.19225, -30.384500000000003]",
floatingse.memload3.env.waveLoads.waveLoads_beta,output,deg,0.0,
floatingse.memload3.env.wind.U,output,m/s,"[0.0, 0.0, 0.0]",
floatingse.memload3.env.windLoads.windLoads_Px,output,N/m,"[0.0, 0.0, 0.0]",
floatingse.memload3.env.windLoads.windLoads_Py,output,N/m,"[0.0, 0.0, 0.0]",
floatingse.memload3.env.windLoads.windLoads_Pz,output,N/m,"[0.0, 0.0, 0.0]",
floatingse.memload3.env.windLoads.windLoads_qdyn,output,N/m**2,"[0.0, 0.0, 0.0]",
floatingse.memload3.env.windLoads.windLoads_z,output,m,"[-70.0, -50.19225, -30.384500000000003]",
floatingse.memload3.env.windLoads.windLoads_beta,output,deg,0.0,
floatingse.memload3.g2e.Px,output,N/m,"[4.2143940833489, 4.220858215090023, 10.671305882652643, 20.07644578763272, 20.088774203607507, 22.985951957681177, -9999.0, -9999.0, -9999.0, -9999.0, -9999.0, -9999.0, -9999.0, -9999.0, -9999.0, -9999.0, -9999.0, -9999.0, -9999.0, -9999.0, -9999.0, -9999.0, -9999.0, -9999.0, -9999.0, -9999.0, -9999.0, -9999.0, -9999.0, -9999.0, -9999.0, -9999.0, -9999.0, -9999.0, -9999.0, -9999.0, -9999.0, -9999.0, -9999.0, -9999.0, -9999.0, -9999.0, -9999.0, -9999.0, -9999.0, -9999.0, -9999.0, -9999.0, -9999.0, -9999.0, -9999.0, -9999.0, -9999.0, -9999.0, -9999.0, -9999.0, -9999.0, -9999.0, -9999.0, -9999.0, -9999.0, -9999.0, -9999.0, -9999.0, -9999.0, -9999.0, -9999.0, -9999.0, -9999.0, -9999.0, -9999.0, -9999.0, -9999.0, -9999.0, -9999.0, -9999.0, -9999.0, -9999.0, -9999.0, -9999.0, -9999.0, -9999.0, -9999.0, -9999.0, -9999.0, -9999.0, -9999.0, -9999.0, -9999.0, -9999.0, -9999.0, -9999.0, -9999.0, -9999.0, -9999.0, -9999.0, -9999.0, -9999.0, -9999.0, -9999.0, -9999.0, -9999.0, -9999.0, -9999.0, -9999.0, -9999.0, -9999.0, -9999.0, -9999.0, -9999.0, -9999.0, -9999.0, -9999.0, -9999.0, -9999.0, -9999.0, -9999.0, -9999.0, -9999.0, -9999.0, -9999.0, -9999.0, -9999.0, -9999.0, -9999.0, -9999.0, -9999.0, -9999.0, -9999.0, -9999.0, -9999.0, -9999.0, -9999.0, -9999.0, -9999.0, -9999.0, -9999.0, -9999.0, -9999.0, -9999.0, -9999.0, -9999.0, -9999.0, -9999.0, -9999.0, -9999.0, -9999.0, -9999.0, -9999.0, -9999.0, -9999.0, -9999.0, -9999.0, -9999.0, -9999.0, -9999.0, -9999.0, -9999.0, -9999.0, -9999.0, -9999.0, -9999.0, -9999.0, -9999.0, -9999.0, -9999.0, -9999.0, -9999.0, -9999.0, -9999.0, -9999.0, -9999.0, -9999.0, -9999.0, -9999.0, -9999.0, -9999.0, -9999.0, -9999.0, -9999.0, -9999.0, -9999.0, -9999.0, -9999.0, -9999.0, -9999.0, -9999.0, -9999.0, -9999.0, -9999.0, -9999.0, -9999.0, -9999.0, -9999.0, -9999.0, -9999.0, -9999.0, -9999.0, -9999.0, -9999.0]",
floatingse.memload3.g2e.Py,output,N/m,"[-7.2995446754779705, -7.310740880080415, -18.483243971863047, -34.77342413958209, -34.79477758242726, -39.81283665104116, -9999.0, -9999.0, -9999.0, -9999.0, -9999.0, -9999.0, -9999.0, -9999.0, -9999.0, -9999.0, -9999.0, -9999.0, -9999.0, -9999.0, -9999.0, -9999.0, -9999.0, -9999.0, -9999.0, -9999.0, -9999.0, -9999.0, -9999.0, -9999.0, -9999.0, -9999.0, -9999.0, -9999.0, -9999.0, -9999.0, -9999.0, -9999.0, -9999.0, -9999.0, -9999.0, -9999.0, -9999.0, -9999.0, -9999.0, -9999.0, -9999.0, -9999.0, -9999.0, -9999.0, -9999.0, -9999.0, -9999.0, -9999.0, -9999.0, -9999.0, -9999.0, -9999.0, -9999.0, -9999.0, -9999.0, -9999.0, -9999.0, -9999.0, -9999.0, -9999.0, -9999.0, -9999.0, -9999.0, -9999.0, -9999.0, -9999.0, -9999.0, -9999.0, -9999.0, -9999.0, -9999.0, -9999.0, -9999.0, -9999.0, -9999.0, -9999.0, -9999.0, -9999.0, -9999.0, -9999.0, -9999.0, -9999.0, -9999.0, -9999.0, -9999.0, -9999.0, -9999.0, -9999.0, -9999.0, -9999.0, -9999.0, -9999.0, -9999.0, -9999.0, -9999.0, -9999.0, -9999.0, -9999.0, -9999.0, -9999.0, -9999.0, -9999.0, -9999.0, -9999.0, -9999.0, -9999.0, -9999.0, -9999.0, -9999.0, -9999.0, -9999.0, -9999.0, -9999.0, -9999.0, -9999.0, -9999.0, -9999.0, -9999.0, -9999.0, -9999.0, -9999.0, -9999.0, -9999.0, -9999.0, -9999.0, -9999.0, -9999.0, -9999.0, -9999.0, -9999.0, -9999.0, -9999.0, -9999.0, -9999.0, -9999.0, -9999.0, -9999.0, -9999.0, -9999.0, -9999.0, -9999.0, -9999.0, -9999.0, -9999.0, -9999.0, -9999.0, -9999.0, -9999.0, -9999.0, -9999.0, -9999.0, -9999.0, -9999.0, -9999.0, -9999.0, -9999.0, -9999.0, -9999.0, -9999.0, -9999.0, -9999.0, -9999.0, -9999.0, -9999.0, -9999.0, -9999.0, -9999.0, -9999.0, -9999.0, -9999.0, -9999.0, -9999.0, -9999.0, -9999.0, -9999.0, -9999.0, -9999.0, -9999.0, -9999.0, -9999.0, -9999.0, -9999.0, -9999.0, -9999.0, -9999.0, -9999.0, -9999.0, -9999.0, -9999.0, -9999.0, -9999.0, -9999.0, -9999.0, -9999.0]",
floatingse.memload3.g2e.Pz,output,N/m,"[-64.21358800342638, -64.31208023842272, -162.59581469008708, -305.8993992692174, -306.08724402423627, -350.23076145366156, -9999.0, -9999.0, -9999.0, -9999.0, -9999.0, -9999.0, -9999.0, -9999.0, -9999.0, -9999.0, -9999.0, -9999.0, -9999.0, -9999.0, -9999.0, -9999.0, -9999.0, -9999.0, -9999.0, -9999.0, -9999.0, -9999.0, -9999.0, -9999.0, -9999.0, -9999.0, -9999.0, -9999.0, -9999.0, -9999.0, -9999.0, -9999.0, -9999.0, -9999.0, -9999.0, -9999.0, -9999.0, -9999.0, -9999.0, -9999.0, -9999.0, -9999.0, -9999.0, -9999.0, -9999.0, -9999.0, -9999.0, -9999.0, -9999.0, -9999.0, -9999.0, -9999.0, -9999.0, -9999.0, -9999.0, -9999.0, -9999.0, -9999.0, -9999.0, -9999.0, -9999.0, -9999.0, -9999.0, -9999.0, -9999.0, -9999.0, -9999.0, -9999.0, -9999.0, -9999.0, -9999.0, -9999.0, -9999.0, -9999.0, -9999.0, -9999.0, -9999.0, -9999.0, -9999.0, -9999.0, -9999.0, -9999.0, -9999.0, -9999.0, -9999.0, -9999.0, -9999.0, -9999.0, -9999.0, -9999.0, -9999.0, -9999.0, -9999.0, -9999.0, -9999.0, -9999.0, -9999.0, -9999.0, -9999.0, -9999.0, -9999.0, -9999.0, -9999.0, -9999.0, -9999.0, -9999.0, -9999.0, -9999.0, -9999.0, -9999.0, -9999.0, -9999.0, -9999.0, -9999.0, -9999.0, -9999.0, -9999.0, -9999.0, -9999.0, -9999.0, -9999.0, -9999.0, -9999.0, -9999.0, -9999.0, -9999.0, -9999.0, -9999.0, -9999.0, -9999.0, -9999.0, -9999.0, -9999.0, -9999.0, -9999.0, -9999.0, -9999.0, -9999.0, -9999.0, -9999.0, -9999.0, -9999.0, -9999.0, -9999.0, -9999.0, -9999.0, -9999.0, -9999.0, -9999.0, -9999.0, -9999.0, -9999.0, -9999.0, -9999.0, -9999.0, -9999.0, -9999.0, -9999.0, -9999.0, -9999.0, -9999.0, -9999.0, -9999.0, -9999.0, -9999.0, -9999.0, -9999.0, -9999.0, -9999.0, -9999.0, -9999.0, -9999.0, -9999.0, -9999.0, -9999.0, -9999.0, -9999.0, -9999.0, -9999.0, -9999.0, -9999.0, -9999.0, -9999.0, -9999.0, -9999.0, -9999.0, -9999.0, -9999.0, -9999.0, -9999.0, -9999.0, -9999.0, -9999.0, -9999.0]",
floatingse.memload3.g2e.qdyn,output,Pa,"[705411.535622967, 705214.4403383441, 508536.3913908086, 360298.7387785523, 360104.4263639585, 314441.00893441844, -9999.0, -9999.0, -9999.0, -9999.0, -9999.0, -9999.0, -9999.0, -9999.0, -9999.0, -9999.0, -9999.0, -9999.0, -9999.0, -9999.0, -9999.0, -9999.0, -9999.0, -9999.0, -9999.0, -9999.0, -9999.0, -9999.0, -9999.0, -9999.0, -9999.0, -9999.0, -9999.0, -9999.0, -9999.0, -9999.0, -9999.0, -9999.0, -9999.0, -9999.0, -9999.0, -9999.0, -9999.0, -9999.0, -9999.0, -9999.0, -9999.0, -9999.0, -9999.0, -9999.0, -9999.0, -9999.0, -9999.0, -9999.0, -9999.0, -9999.0, -9999.0, -9999.0, -9999.0, -9999.0, -9999.0, -9999.0, -9999.0, -9999.0, -9999.0, -9999.0, -9999.0, -9999.0, -9999.0, -9999.0, -9999.0, -9999.0, -9999.0, -9999.0, -9999.0, -9999.0, -9999.0, -9999.0, -9999.0, -9999.0, -9999.0, -9999.0, -9999.0, -9999.0, -9999.0, -9999.0, -9999.0, -9999.0, -9999.0, -9999.0, -9999.0, -9999.0, -9999.0, -9999.0, -9999.0, -9999.0, -9999.0, -9999.0, -9999.0, -9999.0, -9999.0, -9999.0, -9999.0, -9999.0, -9999.0, -9999.0, -9999.0, -9999.0, -9999.0, -9999.0, -9999.0, -9999.0, -9999.0, -9999.0, -9999.0, -9999.0, -9999.0, -9999.0, -9999.0, -9999.0, -9999.0, -9999.0, -9999.0, -9999.0, -9999.0, -9999.0, -9999.0, -9999.0, -9999.0, -9999.0, -9999.0, -9999.0, -9999.0, -9999.0, -9999.0, -9999.0, -9999.0, -9999.0, -9999.0, -9999.0, -9999.0, -9999.0, -9999.0, -9999.0, -9999.0, -9999.0, -9999.0, -9999.0, -9999.0, -9999.0, -9999.0, -9999.0, -9999.0, -9999.0, -9999.0, -9999.0, -9999.0, -9999.0, -9999.0, -9999.0, -9999.0, -9999.0, -9999.0, -9999.0, -9999.0, -9999.0, -9999.0, -9999.0, -9999.0, -9999.0, -9999.0, -9999.0, -9999.0, -9999.0, -9999.0, -9999.0, -9999.0, -9999.0, -9999.0, -9999.0, -9999.0, -9999.0, -9999.0, -9999.0, -9999.0, -9999.0, -9999.0, -9999.0, -9999.0, -9999.0, -9999.0, -9999.0, -9999.0, -9999.0, -9999.0, -9999.0, -9999.0, -9999.0, -9999.0, -9999.0]",
floatingse.memload3.Px,output,N/m,"[[4.2143940833489], [4.220858215090023], [10.671305882652643], [20.07644578763272], [20.088774203607507], [22.985951957681177], [-9999.0], [-9999.0], [-9999.0], [-9999.0], [-9999.0], [-9999.0], [-9999.0], [-9999.0], [-9999.0], [-9999.0], [-9999.0], [-9999.0], [-9999.0], [-9999.0], [-9999.0], [-9999.0], [-9999.0], [-9999.0], [-9999.0], [-9999.0], [-9999.0], [-9999.0], [-9999.0], [-9999.0], [-9999.0], [-9999.0], [-9999.0], [-9999.0], [-9999.0], [-9999.0], [-9999.0], [-9999.0], [-9999.0], [-9999.0], [-9999.0], [-9999.0], [-9999.0], [-9999.0], [-9999.0], [-9999.0], [-9999.0], [-9999.0], [-9999.0], [-9999.0], [-9999.0], [-9999.0], [-9999.0], [-9999.0], [-9999.0], [-9999.0], [-9999.0], [-9999.0], [-9999.0], [-9999.0], [-9999.0], [-9999.0], [-9999.0], [-9999.0], [-9999.0], [-9999.0], [-9999.0], [-9999.0], [-9999.0], [-9999.0], [-9999.0], [-9999.0], [-9999.0], [-9999.0], [-9999.0], [-9999.0], [-9999.0], [-9999.0], [-9999.0], [-9999.0], [-9999.0], [-9999.0], [-9999.0], [-9999.0], [-9999.0], [-9999.0], [-9999.0], [-9999.0], [-9999.0], [-9999.0], [-9999.0], [-9999.0], [-9999.0], [-9999.0], [-9999.0], [-9999.0], [-9999.0], [-9999.0], [-9999.0], [-9999.0], [-9999.0], [-9999.0], [-9999.0], [-9999.0], [-9999.0], [-9999.0], [-9999.0], [-9999.0], [-9999.0], [-9999.0], [-9999.0], [-9999.0], [-9999.0], [-9999.0], [-9999.0], [-9999.0], [-9999.0], [-9999.0], [-9999.0], [-9999.0], [-9999.0], [-9999.0], [-9999.0], [-9999.0], [-9999.0], [-9999.0], [-9999.0], [-9999.0], [-9999.0], [-9999.0], [-9999.0], [-9999.0], [-9999.0], [-9999.0], [-9999.0], [-9999.0], [-9999.0], [-9999.0], [-9999.0], [-9999.0], [-9999.0], [-9999.0], [-9999.0], [-9999.0], [-9999.0], [-9999.0], [-9999.0], [-9999.0], [-9999.0], [-9999.0], [-9999.0], [-9999.0], [-9999.0], [-9999.0], [-9999.0], [-9999.0], [-9999.0], [-9999.0], [-9999.0], [-9999.0], [-9999.0], [-9999.0], [-9999.0], [-9999.0], [-9999.0], [-9999.0], [-9999.0], [-9999.0], [-9999.0], [-9999.0], [-9999.0], [-9999.0], [-9999.0], [-9999.0], [-9999.0], [-9999.0], [-9999.0], [-9999.0], [-9999.0], [-9999.0], [-9999.0], [-9999.0], [-9999.0], [-9999.0], [-9999.0], [-9999.0], [-9999.0], [-9999.0], [-9999.0], [-9999.0], [-9999.0], [-9999.0], [-9999.0], [-9999.0], [-9999.0], [-9999.0], [-9999.0], [-9999.0], [-9999.0], [-9999.0]]",
floatingse.memload3.Py,output,N/m,"[[-7.2995446754779705], [-7.310740880080415], [-18.483243971863047], [-34.77342413958209], [-34.79477758242726], [-39.81283665104116], [-9999.0], [-9999.0], [-9999.0], [-9999.0], [-9999.0], [-9999.0], [-9999.0], [-9999.0], [-9999.0], [-9999.0], [-9999.0], [-9999.0], [-9999.0], [-9999.0], [-9999.0], [-9999.0], [-9999.0], [-9999.0], [-9999.0], [-9999.0], [-9999.0], [-9999.0], [-9999.0], [-9999.0], [-9999.0], [-9999.0], [-9999.0], [-9999.0], [-9999.0], [-9999.0], [-9999.0], [-9999.0], [-9999.0], [-9999.0], [-9999.0], [-9999.0], [-9999.0], [-9999.0], [-9999.0], [-9999.0], [-9999.0], [-9999.0], [-9999.0], [-9999.0], [-9999.0], [-9999.0], [-9999.0], [-9999.0], [-9999.0], [-9999.0], [-9999.0], [-9999.0], [-9999.0], [-9999.0], [-9999.0], [-9999.0], [-9999.0], [-9999.0], [-9999.0], [-9999.0], [-9999.0], [-9999.0], [-9999.0], [-9999.0], [-9999.0], [-9999.0], [-9999.0], [-9999.0], [-9999.0], [-9999.0], [-9999.0], [-9999.0], [-9999.0], [-9999.0], [-9999.0], [-9999.0], [-9999.0], [-9999.0], [-9999.0], [-9999.0], [-9999.0], [-9999.0], [-9999.0], [-9999.0], [-9999.0], [-9999.0], [-9999.0], [-9999.0], [-9999.0], [-9999.0], [-9999.0], [-9999.0], [-9999.0], [-9999.0], [-9999.0], [-9999.0], [-9999.0], [-9999.0], [-9999.0], [-9999.0], [-9999.0], [-9999.0], [-9999.0], [-9999.0], [-9999.0], [-9999.0], [-9999.0], [-9999.0], [-9999.0], [-9999.0], [-9999.0], [-9999.0], [-9999.0], [-9999.0], [-9999.0], [-9999.0], [-9999.0], [-9999.0], [-9999.0], [-9999.0], [-9999.0], [-9999.0], [-9999.0], [-9999.0], [-9999.0], [-9999.0], [-9999.0], [-9999.0], [-9999.0], [-9999.0], [-9999.0], [-9999.0], [-9999.0], [-9999.0], [-9999.0], [-9999.0], [-9999.0], [-9999.0], [-9999.0], [-9999.0], [-9999.0], [-9999.0], [-9999.0], [-9999.0], [-9999.0], [-9999.0], [-9999.0], [-9999.0], [-9999.0], [-9999.0], [-9999.0], [-9999.0], [-9999.0], [-9999.0], [-9999.0], [-9999.0], [-9999.0], [-9999.0], [-9999.0], [-9999.0], [-9999.0], [-9999.0], [-9999.0], [-9999.0], [-9999.0], [-9999.0], [-9999.0], [-9999.0], [-9999.0], [-9999.0], [-9999.0], [-9999.0], [-9999.0], [-9999.0], [-9999.0], [-9999.0], [-9999.0], [-9999.0], [-9999.0], [-9999.0], [-9999.0], [-9999.0], [-9999.0], [-9999.0], [-9999.0], [-9999.0], [-9999.0], [-9999.0], [-9999.0], [-9999.0], [-9999.0], [-9999.0], [-9999.0], [-9999.0]]",
floatingse.memload3.Pz,output,N/m,"[[-64.21358800342638], [-64.31208023842272], [-162.59581469008708], [-305.8993992692174], [-306.08724402423627], [-350.23076145366156], [-9999.0], [-9999.0], [-9999.0], [-9999.0], [-9999.0], [-9999.0], [-9999.0], [-9999.0], [-9999.0], [-9999.0], [-9999.0], [-9999.0], [-9999.0], [-9999.0], [-9999.0], [-9999.0], [-9999.0], [-9999.0], [-9999.0], [-9999.0], [-9999.0], [-9999.0], [-9999.0], [-9999.0], [-9999.0], [-9999.0], [-9999.0], [-9999.0], [-9999.0], [-9999.0], [-9999.0], [-9999.0], [-9999.0], [-9999.0], [-9999.0], [-9999.0], [-9999.0], [-9999.0], [-9999.0], [-9999.0], [-9999.0], [-9999.0], [-9999.0], [-9999.0], [-9999.0], [-9999.0], [-9999.0], [-9999.0], [-9999.0], [-9999.0], [-9999.0], [-9999.0], [-9999.0], [-9999.0], [-9999.0], [-9999.0], [-9999.0], [-9999.0], [-9999.0], [-9999.0], [-9999.0], [-9999.0], [-9999.0], [-9999.0], [-9999.0], [-9999.0], [-9999.0], [-9999.0], [-9999.0], [-9999.0], [-9999.0], [-9999.0], [-9999.0], [-9999.0], [-9999.0], [-9999.0], [-9999.0], [-9999.0], [-9999.0], [-9999.0], [-9999.0], [-9999.0], [-9999.0], [-9999.0], [-9999.0], [-9999.0], [-9999.0], [-9999.0], [-9999.0], [-9999.0], [-9999.0], [-9999.0], [-9999.0], [-9999.0], [-9999.0], [-9999.0], [-9999.0], [-9999.0], [-9999.0], [-9999.0], [-9999.0], [-9999.0], [-9999.0], [-9999.0], [-9999.0], [-9999.0], [-9999.0], [-9999.0], [-9999.0], [-9999.0], [-9999.0], [-9999.0], [-9999.0], [-9999.0], [-9999.0], [-9999.0], [-9999.0], [-9999.0], [-9999.0], [-9999.0], [-9999.0], [-9999.0], [-9999.0], [-9999.0], [-9999.0], [-9999.0], [-9999.0], [-9999.0], [-9999.0], [-9999.0], [-9999.0], [-9999.0], [-9999.0], [-9999.0], [-9999.0], [-9999.0], [-9999.0], [-9999.0], [-9999.0], [-9999.0], [-9999.0], [-9999.0], [-9999.0], [-9999.0], [-9999.0], [-9999.0], [-9999.0], [-9999.0], [-9999.0], [-9999.0], [-9999.0], [-9999.0], [-9999.0], [-9999.0], [-9999.0], [-9999.0], [-9999.0], [-9999.0], [-9999.0], [-9999.0], [-9999.0], [-9999.0], [-9999.0], [-9999.0], [-9999.0], [-9999.0], [-9999.0], [-9999.0], [-9999.0], [-9999.0], [-9999.0], [-9999.0], [-9999.0], [-9999.0], [-9999.0], [-9999.0], [-9999.0], [-9999.0], [-9999.0], [-9999.0], [-9999.0], [-9999.0], [-9999.0], [-9999.0], [-9999.0], [-9999.0], [-9999.0], [-9999.0], [-9999.0], [-9999.0], [-9999.0], [-9999.0], [-9999.0], [-9999.0]]",
floatingse.memload3.qdyn,output,Pa,"[[705411.535622967], [705214.4403383441], [508536.3913908086], [360298.7387785523], [360104.4263639585], [314441.00893441844], [-9999.0], [-9999.0], [-9999.0], [-9999.0], [-9999.0], [-9999.0], [-9999.0], [-9999.0], [-9999.0], [-9999.0], [-9999.0], [-9999.0], [-9999.0], [-9999.0], [-9999.0], [-9999.0], [-9999.0], [-9999.0], [-9999.0], [-9999.0], [-9999.0], [-9999.0], [-9999.0], [-9999.0], [-9999.0], [-9999.0], [-9999.0], [-9999.0], [-9999.0], [-9999.0], [-9999.0], [-9999.0], [-9999.0], [-9999.0], [-9999.0], [-9999.0], [-9999.0], [-9999.0], [-9999.0], [-9999.0], [-9999.0], [-9999.0], [-9999.0], [-9999.0], [-9999.0], [-9999.0], [-9999.0], [-9999.0], [-9999.0], [-9999.0], [-9999.0], [-9999.0], [-9999.0], [-9999.0], [-9999.0], [-9999.0], [-9999.0], [-9999.0], [-9999.0], [-9999.0], [-9999.0], [-9999.0], [-9999.0], [-9999.0], [-9999.0], [-9999.0], [-9999.0], [-9999.0], [-9999.0], [-9999.0], [-9999.0], [-9999.0], [-9999.0], [-9999.0], [-9999.0], [-9999.0], [-9999.0], [-9999.0], [-9999.0], [-9999.0], [-9999.0], [-9999.0], [-9999.0], [-9999.0], [-9999.0], [-9999.0], [-9999.0], [-9999.0], [-9999.0], [-9999.0], [-9999.0], [-9999.0], [-9999.0], [-9999.0], [-9999.0], [-9999.0], [-9999.0], [-9999.0], [-9999.0], [-9999.0], [-9999.0], [-9999.0], [-9999.0], [-9999.0], [-9999.0], [-9999.0], [-9999.0], [-9999.0], [-9999.0], [-9999.0], [-9999.0], [-9999.0], [-9999.0], [-9999.0], [-9999.0], [-9999.0], [-9999.0], [-9999.0], [-9999.0], [-9999.0], [-9999.0], [-9999.0], [-9999.0], [-9999.0], [-9999.0], [-9999.0], [-9999.0], [-9999.0], [-9999.0], [-9999.0], [-9999.0], [-9999.0], [-9999.0], [-9999.0], [-9999.0], [-9999.0], [-9999.0], [-9999.0], [-9999.0], [-9999.0], [-9999.0], [-9999.0], [-9999.0], [-9999.0], [-9999.0], [-9999.0], [-9999.0], [-9999.0], [-9999.0], [-9999.0], [-9999.0], [-9999.0], [-9999.0], [-9999.0], [-9999.0], [-9999.0], [-9999.0], [-9999.0], [-9999.0], [-9999.0], [-9999.0], [-9999.0], [-9999.0], [-9999.0], [-9999.0], [-9999.0], [-9999.0], [-9999.0], [-9999.0], [-9999.0], [-9999.0], [-9999.0], [-9999.0], [-9999.0], [-9999.0], [-9999.0], [-9999.0], [-9999.0], [-9999.0], [-9999.0], [-9999.0], [-9999.0], [-9999.0], [-9999.0], [-9999.0], [-9999.0], [-9999.0], [-9999.0], [-9999.0], [-9999.0], [-9999.0], [-9999.0], [-9999.0], [-9999.0]]",
floatingse.constr_platform_stress,output,,"[[0.001074302263237613], [0.13204858972225927], [0.0016335362844579183], [0.1419462930790138], [0.142716838597386], [0.1402841211073461], [0.14139307874826423], [0.07941707655127171], [0.0007299112650083115], [0.07261448782534029], [0.06260468308419131], [0.0004827996807629083], [0.00047962987887935484], [0.04979058007959142], [0.03939046436131179], [0.03371646558024732], [0.03174989438696808], [0.0005242589536921655], [0.0017978613098433062], [0.025079051960913843], [0.06287369576988673], [0.032347181413479115], [0.002553698915981717], [0.001797860496505332], [0.02507344031685701], [0.06285962804085732], [0.03234349638945719], [0.0025466065783198016], [0.001797860496934686], [0.025073440316862514], [0.06285962804084569], [0.032343496389288504], [0.002546606578319778], [-9999.0], [-9999.0], [-9999.0], [-9999.0], [-9999.0], [-9999.0], [-9999.0], [-9999.0], [-9999.0], [-9999.0], [-9999.0], [-9999.0], [-9999.0], [-9999.0], [-9999.0], [-9999.0], [-9999.0], [-9999.0], [-9999.0], [-9999.0], [-9999.0], [-9999.0], [-9999.0], [-9999.0], [-9999.0], [-9999.0], [-9999.0], [-9999.0], [-9999.0], [-9999.0], [-9999.0], [-9999.0], [-9999.0], [-9999.0], [-9999.0], [-9999.0], [-9999.0], [-9999.0], [-9999.0], [-9999.0], [-9999.0], [-9999.0], [-9999.0], [-9999.0], [-9999.0], [-9999.0], [-9999.0], [-9999.0], [-9999.0], [-9999.0], [-9999.0], [-9999.0], [-9999.0], [-9999.0], [-9999.0], [-9999.0], [-9999.0], [-9999.0], [-9999.0], [-9999.0], [-9999.0], [-9999.0], [-9999.0], [-9999.0], [-9999.0], [-9999.0], [-9999.0], [-9999.0], [-9999.0], [-9999.0], [-9999.0], [-9999.0], [-9999.0], [-9999.0], [-9999.0], [-9999.0], [-9999.0], [-9999.0], [-9999.0], [-9999.0], [-9999.0], [-9999.0], [-9999.0], [-9999.0], [-9999.0], [-9999.0], [-9999.0], [-9999.0], [-9999.0], [-9999.0], [-9999.0], [-9999.0], [-9999.0], [-9999.0], [-9999.0], [-9999.0], [-9999.0], [-9999.0], [-9999.0], [-9999.0], [-9999.0], [-9999.0], [-9999.0], [-9999.0], [-9999.0], [-9999.0], [-9999.0], [-9999.0], [-9999.0], [-9999.0], [-9999.0], [-9999.0], [-9999.0], [-9999.0], [-9999.0], [-9999.0], [-9999.0], [-9999.0], [-9999.0], [-9999.0], [-9999.0], [-9999.0], [-9999.0], [-9999.0], [-9999.0], [-9999.0], [-9999.0], [-9999.0], [-9999.0], [-9999.0], [-9999.0], [-9999.0], [-9999.0], [-9999.0], [-9999.0], [-9999.0], [-9999.0], [-9999.0], [-9999.0], [-9999.0], [-9999.0], [-9999.0], [-9999.0], [-9999.0], [-9999.0], [-9999.0], [-9999.0], [-9999.0], [-9999.0], [-9999.0], [-9999.0], [-9999.0], [-9999.0], [-9999.0], [-9999.0], [-9999.0], [-9999.0], [-9999.0], [-9999.0], [-9999.0], [-9999.0], [-9999.0], [-9999.0], [-9999.0], [-9999.0], [-9999.0], [-9999.0], [-9999.0], [-9999.0], [-9999.0], [-9999.0], [-9999.0], [-9999.0], [-9999.0], [-9999.0], [-9999.0], [-9999.0], [-9999.0], [-9999.0], [-9999.0], [-9999.0], [-9999.0], [-9999.0], [-9999.0], [-9999.0], [-9999.0], [-9999.0], [-9999.0], [-9999.0], [-9999.0], [-9999.0], [-9999.0], [-9999.0], [-9999.0], [-9999.0], [-9999.0], [-9999.0], [-9999.0], [-9999.0], [-9999.0], [-9999.0], [-9999.0], [-9999.0], [-9999.0], [-9999.0], [-9999.0], [-9999.0], [-9999.0], [-9999.0], [-9999.0], [-9999.0], [-9999.0], [-9999.0], [-9999.0], [-9999.0], [-9999.0], [-9999.0], [-9999.0], [-9999.0], [-9999.0], [-9999.0], [-9999.0], [-9999.0], [-9999.0], [-9999.0], [-9999.0], [-9999.0], [-9999.0], [-9999.0], [-9999.0], [-9999.0], [-9999.0], [-9999.0], [-9999.0], [-9999.0], [-9999.0], [-9999.0], [-9999.0], [-9999.0], [-9999.0], [-9999.0], [-9999.0], [-9999.0], [-9999.0], [-9999.0], [-9999.0], [-9999.0], [-9999.0], [-9999.0], [-9999.0], [-9999.0], [-9999.0], [-9999.0], [-9999.0], [-9999.0], [-9999.0], [-9999.0], [-9999.0], [-9999.0], [-9999.0], [-9999.0], [-9999.0], [-9999.0], [-9999.0], [-9999.0], [-9999.0], [-9999.0], [-9999.0], [-9999.0], [-9999.0], [-9999.0], [-9999.0], [-9999.0], [-9999.0], [-9999.0], [-9999.0], [-9999.0], [-9999.0], [-9999.0], [-9999.0], [-9999.0], [-9999.0], [-9999.0], [-9999.0], [-9999.0], [-9999.0], [-9999.0], [-9999.0], [-9999.0], [-9999.0], [-9999.0], [-9999.0], [-9999.0], [-9999.0], [-9999.0], [-9999.0], [-9999.0], [-9999.0], [-9999.0], [-9999.0], [-9999.0], [-9999.0], [-9999.0], [-9999.0], [-9999.0], [-9999.0], [-9999.0], [-9999.0], [-9999.0], [-9999.0], [-9999.0], [-9999.0], [-9999.0], [-9999.0], [-9999.0], [-9999.0], [-9999.0], [-9999.0], [-9999.0], [-9999.0], [-9999.0], [-9999.0], [-9999.0], [-9999.0], [-9999.0], [-9999.0], [-9999.0], [-9999.0], [-9999.0], [-9999.0], [-9999.0], [-9999.0], [-9999.0], [-9999.0], [-9999.0], [-9999.0], [-9999.0], [-9999.0], [-9999.0], [-9999.0], [-9999.0], [-9999.0], [-9999.0], [-9999.0], [-9999.0], [-9999.0], [-9999.0], [-9999.0], [-9999.0], [-9999.0], [-9999.0], [-9999.0], [-9999.0], [-9999.0], [-9999.0], [-9999.0], [-9999.0], [-9999.0], [-9999.0], [-9999.0], [-9999.0], [-9999.0], [-9999.0], [-9999.0], [-9999.0], [-9999.0], [-9999.0], [-9999.0], [-9999.0], [-9999.0], [-9999.0], [-9999.0], [-9999.0], [-9999.0], [-9999.0], [-9999.0], [-9999.0], [-9999.0], [-9999.0], [-9999.0], [-9999.0], [-9999.0], [-9999.0], [-9999.0], [-9999.0], [-9999.0], [-9999.0], [-9999.0], [-9999.0], [-9999.0], [-9999.0], [-9999.0], [-9999.0], [-9999.0], [-9999.0], [-9999.0], [-9999.0], [-9999.0], [-9999.0], [-9999.0], [-9999.0], [-9999.0], [-9999.0], [-9999.0], [-9999.0], [-9999.0], [-9999.0], [-9999.0], [-9999.0], [-9999.0], [-9999.0], [-9999.0], [-9999.0], [-9999.0], [-9999.0], [-9999.0], [-9999.0], [-9999.0], [-9999.0], [-9999.0], [-9999.0], [-9999.0], [-9999.0], [-9999.0], [-9999.0], [-9999.0], [-9999.0], [-9999.0], [-9999.0], [-9999.0], [-9999.0], [-9999.0], [-9999.0], [-9999.0], [-9999.0], [-9999.0], [-9999.0], [-9999.0], [-9999.0], [-9999.0], [-9999.0], [-9999.0], [-9999.0], [-9999.0], [-9999.0], [-9999.0], [-9999.0], [-9999.0], [-9999.0], [-9999.0], [-9999.0], [-9999.0], [-9999.0], [-9999.0], [-9999.0], [-9999.0], [-9999.0], [-9999.0], [-9999.0], [-9999.0], [-9999.0], [-9999.0], [-9999.0], [-9999.0], [-9999.0], [-9999.0], [-9999.0]]",
floatingse.constr_platform_shell_buckling,output,,"[[0.0006794482793148503], [0.0007655791820147029], [0.0006794482793148347], [0.0007518250107792572], [0.0012919534026791912], [0.0006794509785545539], [0.0006794509785545539], [0.0007810725953685481], [0.0006794482793148347], [0.0008467172871642396], [0.0014132770368619721], [0.0006794482793148339], [0.0006794482793148339], [0.0006800321728789361], [0.0006801079568175322], [0.000685015560516534], [0.0006842856134902414], [0.0006794482793148384], [0.0006794482793150413], [0.0014871037060147842], [0.0012626374638980307], [0.0006794482793150413], [1.2480588898578042e-05], [0.0006794482793150413], [0.0014871037060668554], [0.001262637463866164], [0.0006794482793150413], [1.2480588898535594e-05], [0.0006794482793150413], [0.0014871037060668554], [0.001262637463866164], [0.0006794482793150413], [1.2480588898535594e-05], [-9999.0], [-9999.0], [-9999.0], [-9999.0], [-9999.0], [-9999.0], [-9999.0], [-9999.0], [-9999.0], [-9999.0], [-9999.0], [-9999.0], [-9999.0], [-9999.0], [-9999.0], [-9999.0], [-9999.0], [-9999.0], [-9999.0], [-9999.0], [-9999.0], [-9999.0], [-9999.0], [-9999.0], [-9999.0], [-9999.0], [-9999.0], [-9999.0], [-9999.0], [-9999.0], [-9999.0], [-9999.0], [-9999.0], [-9999.0], [-9999.0], [-9999.0], [-9999.0], [-9999.0], [-9999.0], [-9999.0], [-9999.0], [-9999.0], [-9999.0], [-9999.0], [-9999.0], [-9999.0], [-9999.0], [-9999.0], [-9999.0], [-9999.0], [-9999.0], [-9999.0], [-9999.0], [-9999.0], [-9999.0], [-9999.0], [-9999.0], [-9999.0], [-9999.0], [-9999.0], [-9999.0], [-9999.0], [-9999.0], [-9999.0], [-9999.0], [-9999.0], [-9999.0], [-9999.0], [-9999.0], [-9999.0], [-9999.0], [-9999.0], [-9999.0], [-9999.0], [-9999.0], [-9999.0], [-9999.0], [-9999.0], [-9999.0], [-9999.0], [-9999.0], [-9999.0], [-9999.0], [-9999.0], [-9999.0], [-9999.0], [-9999.0], [-9999.0], [-9999.0], [-9999.0], [-9999.0], [-9999.0], [-9999.0], [-9999.0], [-9999.0], [-9999.0], [-9999.0], [-9999.0], [-9999.0], [-9999.0], [-9999.0], [-9999.0], [-9999.0], [-9999.0], [-9999.0], [-9999.0], [-9999.0], [-9999.0], [-9999.0], [-9999.0], [-9999.0], [-9999.0], [-9999.0], [-9999.0], [-9999.0], [-9999.0], [-9999.0], [-9999.0], [-9999.0], [-9999.0], [-9999.0], [-9999.0], [-9999.0], [-9999.0], [-9999.0], [-9999.0], [-9999.0], [-9999.0], [-9999.0], [-9999.0], [-9999.0], [-9999.0], [-9999.0], [-9999.0], [-9999.0], [-9999.0], [-9999.0], [-9999.0], [-9999.0], [-9999.0], [-9999.0], [-9999.0], [-9999.0], [-9999.0], [-9999.0], [-9999.0], [-9999.0], [-9999.0], [-9999.0], [-9999.0], [-9999.0], [-9999.0], [-9999.0], [-9999.0], [-9999.0], [-9999.0], [-9999.0], [-9999.0], [-9999.0], [-9999.0], [-9999.0], [-9999.0], [-9999.0], [-9999.0], [-9999.0], [-9999.0], [-9999.0], [-9999.0], [-9999.0], [-9999.0], [-9999.0], [-9999.0], [-9999.0], [-9999.0], [-9999.0], [-9999.0], [-9999.0], [-9999.0], [-9999.0], [-9999.0], [-9999.0], [-9999.0], [-9999.0], [-9999.0], [-9999.0], [-9999.0], [-9999.0], [-9999.0], [-9999.0], [-9999.0], [-9999.0], [-9999.0], [-9999.0], [-9999.0], [-9999.0], [-9999.0], [-9999.0], [-9999.0], [-9999.0], [-9999.0], [-9999.0], [-9999.0], [-9999.0], [-9999.0], [-9999.0], [-9999.0], [-9999.0], [-9999.0], [-9999.0], [-9999.0], [-9999.0], [-9999.0], [-9999.0], [-9999.0], [-9999.0], [-9999.0], [-9999.0], [-9999.0], [-9999.0], [-9999.0], [-9999.0], [-9999.0], [-9999.0], [-9999.0], [-9999.0], [-9999.0], [-9999.0], [-9999.0], [-9999.0], [-9999.0], [-9999.0], [-9999.0], [-9999.0], [-9999.0], [-9999.0], [-9999.0], [-9999.0], [-9999.0], [-9999.0], [-9999.0], [-9999.0], [-9999.0], [-9999.0], [-9999.0], [-9999.0], [-9999.0], [-9999.0], [-9999.0], [-9999.0], [-9999.0], [-9999.0], [-9999.0], [-9999.0], [-9999.0], [-9999.0], [-9999.0], [-9999.0], [-9999.0], [-9999.0], [-9999.0], [-9999.0], [-9999.0], [-9999.0], [-9999.0], [-9999.0], [-9999.0], [-9999.0], [-9999.0], [-9999.0], [-9999.0], [-9999.0], [-9999.0], [-9999.0], [-9999.0], [-9999.0], [-9999.0], [-9999.0], [-9999.0], [-9999.0], [-9999.0], [-9999.0], [-9999.0], [-9999.0], [-9999.0], [-9999.0], [-9999.0], [-9999.0], [-9999.0], [-9999.0], [-9999.0], [-9999.0], [-9999.0], [-9999.0], [-9999.0], [-9999.0], [-9999.0], [-9999.0], [-9999.0], [-9999.0], [-9999.0], [-9999.0], [-9999.0], [-9999.0], [-9999.0], [-9999.0], [-9999.0], [-9999.0], [-9999.0], [-9999.0], [-9999.0], [-9999.0], [-9999.0], [-9999.0], [-9999.0], [-9999.0], [-9999.0], [-9999.0], [-9999.0], [-9999.0], [-9999.0], [-9999.0], [-9999.0], [-9999.0], [-9999.0], [-9999.0], [-9999.0], [-9999.0], [-9999.0], [-9999.0], [-9999.0], [-9999.0], [-9999.0], [-9999.0], [-9999.0], [-9999.0], [-9999.0], [-9999.0], [-9999.0], [-9999.0], [-9999.0], [-9999.0], [-9999.0], [-9999.0], [-9999.0], [-9999.0], [-9999.0], [-9999.0], [-9999.0], [-9999.0], [-9999.0], [-9999.0], [-9999.0], [-9999.0], [-9999.0], [-9999.0], [-9999.0], [-9999.0], [-9999.0], [-9999.0], [-9999.0], [-9999.0], [-9999.0], [-9999.0], [-9999.0], [-9999.0], [-9999.0], [-9999.0], [-9999.0], [-9999.0], [-9999.0], [-9999.0], [-9999.0], [-9999.0], [-9999.0], [-9999.0], [-9999.0], [-9999.0], [-9999.0], [-9999.0], [-9999.0], [-9999.0], [-9999.0], [-9999.0], [-9999.0], [-9999.0], [-9999.0], [-9999.0], [-9999.0], [-9999.0], [-9999.0], [-9999.0], [-9999.0], [-9999.0], [-9999.0], [-9999.0], [-9999.0], [-9999.0], [-9999.0], [-9999.0], [-9999.0], [-9999.0], [-9999.0], [-9999.0], [-9999.0], [-9999.0], [-9999.0], [-9999.0], [-9999.0], [-9999.0], [-9999.0], [-9999.0], [-9999.0], [-9999.0], [-9999.0], [-9999.0], [-9999.0], [-9999.0], [-9999.0], [-9999.0], [-9999.0], [-9999.0], [-9999.0], [-9999.0], [-9999.0], [-9999.0], [-9999.0], [-9999.0], [-9999.0], [-9999.0], [-9999.0], [-9999.0], [-9999.0], [-9999.0], [-9999.0], [-9999.0], [-9999.0], [-9999.0], [-9999.0], [-9999.0], [-9999.0], [-9999.0], [-9999.0], [-9999.0], [-9999.0], [-9999.0], [-9999.0], [-9999.0], [-9999.0], [-9999.0], [-9999.0], [-9999.0], [-9999.0], [-9999.0], [-9999.0], [-9999.0], [-9999.0], [-9999.0], [-9999.0], [-9999.0], [-9999.0], [-9999.0], [-9999.0], [-9999.0], [-9999.0], [-9999.0], [-9999.0], [-9999.0]]",
floatingse.constr_platform_global_buckling,output,,"[[5.128426548499455e-10], [7.727443628313465e-09], [5.128426548499455e-10], [7.727443628313465e-09], [7.727443628313465e-09], [7.727443628313465e-09], [7.727443628313465e-09], [7.727443628313465e-09], [5.128426548499455e-10], [7.727443628313465e-09], [7.727443628313465e-09], [5.128426548499455e-10], [5.128426548499455e-10], [9.092471405394559e-09], [1.318148794482176e-08], [1.6346642617473465e-08], [1.6346642617473465e-08], [1.5510565448735084e-09], [4.2595890363588725e-07], [7.214751077843618e-07], [7.214751077843618e-07], [4.2595890363588725e-07], [2.090920878740103e-08], [4.2595890363588725e-07], [7.214751077843618e-07], [7.214751077843618e-07], [4.2595890363588725e-07], [2.090920878740103e-08], [4.2595890363588725e-07], [7.214751077843618e-07], [7.214751077843618e-07], [4.2595890363588725e-07], [2.090920878740103e-08], [-9999.0], [-9999.0], [-9999.0], [-9999.0], [-9999.0], [-9999.0], [-9999.0], [-9999.0], [-9999.0], [-9999.0], [-9999.0], [-9999.0], [-9999.0], [-9999.0], [-9999.0], [-9999.0], [-9999.0], [-9999.0], [-9999.0], [-9999.0], [-9999.0], [-9999.0], [-9999.0], [-9999.0], [-9999.0], [-9999.0], [-9999.0], [-9999.0], [-9999.0], [-9999.0], [-9999.0], [-9999.0], [-9999.0], [-9999.0], [-9999.0], [-9999.0], [-9999.0], [-9999.0], [-9999.0], [-9999.0], [-9999.0], [-9999.0], [-9999.0], [-9999.0], [-9999.0], [-9999.0], [-9999.0], [-9999.0], [-9999.0], [-9999.0], [-9999.0], [-9999.0], [-9999.0], [-9999.0], [-9999.0], [-9999.0], [-9999.0], [-9999.0], [-9999.0], [-9999.0], [-9999.0], [-9999.0], [-9999.0], [-9999.0], [-9999.0], [-9999.0], [-9999.0], [-9999.0], [-9999.0], [-9999.0], [-9999.0], [-9999.0], [-9999.0], [-9999.0], [-9999.0], [-9999.0], [-9999.0], [-9999.0], [-9999.0], [-9999.0], [-9999.0], [-9999.0], [-9999.0], [-9999.0], [-9999.0], [-9999.0], [-9999.0], [-9999.0], [-9999.0], [-9999.0], [-9999.0], [-9999.0], [-9999.0], [-9999.0], [-9999.0], [-9999.0], [-9999.0], [-9999.0], [-9999.0], [-9999.0], [-9999.0], [-9999.0], [-9999.0], [-9999.0], [-9999.0], [-9999.0], [-9999.0], [-9999.0], [-9999.0], [-9999.0], [-9999.0], [-9999.0], [-9999.0], [-9999.0], [-9999.0], [-9999.0], [-9999.0], [-9999.0], [-9999.0], [-9999.0], [-9999.0], [-9999.0], [-9999.0], [-9999.0], [-9999.0], [-9999.0], [-9999.0], [-9999.0], [-9999.0], [-9999.0], [-9999.0], [-9999.0], [-9999.0], [-9999.0], [-9999.0], [-9999.0], [-9999.0], [-9999.0], [-9999.0], [-9999.0], [-9999.0], [-9999.0], [-9999.0], [-9999.0], [-9999.0], [-9999.0], [-9999.0], [-9999.0], [-9999.0], [-9999.0], [-9999.0], [-9999.0], [-9999.0], [-9999.0], [-9999.0], [-9999.0], [-9999.0], [-9999.0], [-9999.0], [-9999.0], [-9999.0], [-9999.0], [-9999.0], [-9999.0], [-9999.0], [-9999.0], [-9999.0], [-9999.0], [-9999.0], [-9999.0], [-9999.0], [-9999.0], [-9999.0], [-9999.0], [-9999.0], [-9999.0], [-9999.0], [-9999.0], [-9999.0], [-9999.0], [-9999.0], [-9999.0], [-9999.0], [-9999.0], [-9999.0], [-9999.0], [-9999.0], [-9999.0], [-9999.0], [-9999.0], [-9999.0], [-9999.0], [-9999.0], [-9999.0], [-9999.0], [-9999.0], [-9999.0], [-9999.0], [-9999.0], [-9999.0], [-9999.0], [-9999.0], [-9999.0], [-9999.0], [-9999.0], [-9999.0], [-9999.0], [-9999.0], [-9999.0], [-9999.0], [-9999.0], [-9999.0], [-9999.0], [-9999.0], [-9999.0], [-9999.0], [-9999.0], [-9999.0], [-9999.0], [-9999.0], [-9999.0], [-9999.0], [-9999.0], [-9999.0], [-9999.0], [-9999.0], [-9999.0], [-9999.0], [-9999.0], [-9999.0], [-9999.0], [-9999.0], [-9999.0], [-9999.0], [-9999.0], [-9999.0], [-9999.0], [-9999.0], [-9999.0], [-9999.0], [-9999.0], [-9999.0], [-9999.0], [-9999.0], [-9999.0], [-9999.0], [-9999.0], [-9999.0], [-9999.0], [-9999.0], [-9999.0], [-9999.0], [-9999.0], [-9999.0], [-9999.0], [-9999.0], [-9999.0], [-9999.0], [-9999.0], [-9999.0], [-9999.0], [-9999.0], [-9999.0], [-9999.0], [-9999.0], [-9999.0], [-9999.0], [-9999.0], [-9999.0], [-9999.0], [-9999.0], [-9999.0], [-9999.0], [-9999.0], [-9999.0], [-9999.0], [-9999.0], [-9999.0], [-9999.0], [-9999.0], [-9999.0], [-9999.0], [-9999.0], [-9999.0], [-9999.0], [-9999.0], [-9999.0], [-9999.0], [-9999.0], [-9999.0], [-9999.0], [-9999.0], [-9999.0], [-9999.0], [-9999.0], [-9999.0], [-9999.0], [-9999.0], [-9999.0], [-9999.0], [-9999.0], [-9999.0], [-9999.0], [-9999.0], [-9999.0], [-9999.0], [-9999.0], [-9999.0], [-9999.0], [-9999.0], [-9999.0], [-9999.0], [-9999.0], [-9999.0], [-9999.0], [-9999.0], [-9999.0], [-9999.0], [-9999.0], [-9999.0], [-9999.0], [-9999.0], [-9999.0], [-9999.0], [-9999.0], [-9999.0], [-9999.0], [-9999.0], [-9999.0], [-9999.0], [-9999.0], [-9999.0], [-9999.0], [-9999.0], [-9999.0], [-9999.0], [-9999.0], [-9999.0], [-9999.0], [-9999.0], [-9999.0], [-9999.0], [-9999.0], [-9999.0], [-9999.0], [-9999.0], [-9999.0], [-9999.0], [-9999.0], [-9999.0], [-9999.0], [-9999.0], [-9999.0], [-9999.0], [-9999.0], [-9999.0], [-9999.0], [-9999.0], [-9999.0], [-9999.0], [-9999.0], [-9999.0], [-9999.0], [-9999.0], [-9999.0], [-9999.0], [-9999.0], [-9999.0], [-9999.0], [-9999.0], [-9999.0], [-9999.0], [-9999.0], [-9999.0], [-9999.0], [-9999.0], [-9999.0], [-9999.0], [-9999.0], [-9999.0], [-9999.0], [-9999.0], [-9999.0], [-9999.0], [-9999.0], [-9999.0], [-9999.0], [-9999.0], [-9999.0], [-9999.0], [-9999.0], [-9999.0], [-9999.0], [-9999.0], [-9999.0], [-9999.0], [-9999.0], [-9999.0], [-9999.0], [-9999.0], [-9999.0], [-9999.0], [-9999.0], [-9999.0], [-9999.0], [-9999.0], [-9999.0], [-9999.0], [-9999.0], [-9999.0], [-9999.0], [-9999.0], [-9999.0], [-9999.0], [-9999.0], [-9999.0], [-9999.0], [-9999.0], [-9999.0], [-9999.0], [-9999.0], [-9999.0], [-9999.0], [-9999.0], [-9999.0], [-9999.0], [-9999.0], [-9999.0], [-9999.0], [-9999.0], [-9999.0], [-9999.0], [-9999.0], [-9999.0], [-9999.0], [-9999.0], [-9999.0], [-9999.0], [-9999.0], [-9999.0], [-9999.0], [-9999.0], [-9999.0], [-9999.0], [-9999.0], [-9999.0], [-9999.0], [-9999.0], [-9999.0], [-9999.0], [-9999.0], [-9999.0], [-9999.0], [-9999.0], [-9999.0], [-9999.0], [-9999.0], [-9999.0], [-9999.0], [-9999.0], [-9999.0], [-9999.0], [-9999.0], [-9999.0], [-9999.0], [-9999.0], [-9999.0]]",
floatingse.tower_L,output,m,"[0.0, 0.0, 0.0, 0.0, 0.0, 0.0, 0.0, 0.0, 0.0, 0.0, 0.0, 0.0, 0.0, 0.0, 0.0, 0.0, 0.0, 0.0, 0.0, 0.0, 0.0, 0.0, 0.0, 0.0, 0.0, 0.0, 0.0, 0.0, 0.0, 0.0]",
floatingse.f1,output,Hz,0.4047997711128473,
floatingse.f2,output,Hz,0.4357263612071065,
floatingse.structural_frequencies,output,Hz,"[0.4047997711128473, 0.4357263612071065, 1.3911518195883052, 1.7879152011116286, 2.6498050003266167, 5.837583519499828]",
floatingse.fore_aft_modes,output,,"[[0.9725368098089752, 0.16292443269125798, -0.12736481196429217, 0.12182488415262036, -0.12992131468861648], [-0.010290696486144058, 0.006867960500767555, -0.0011667848770777086, 0.010877109407981114, -0.0049592013565846185], [-3.5367913377244757e-06, 2.1527827880702108e-06, -2.984785167431023e-07, 3.4098311503356606e-06, -1.5486053514063695e-06]]",
floatingse.side_side_modes,output,,"[[0.9033029102550507, 0.20747567839750639, -0.17547358657724868, 0.20693385117171553, -0.14223885324708324], [-55.145315743903254, 2.679324135788161, 188.1349088856886, -143.94461689133632, 9.275699613762635], [-0.07943458177391377, 0.10374578478309014, 0.5477990774575333, -1.1176974976717031, 0.5457069812479012]]",
floatingse.torsion_modes,output,,"[[0.0, 0.0, 0.0, 0.0, 0.0], [0.0, 0.0, 0.0, 0.0, 0.0], [0.0, 0.0, 0.0, 0.0, 0.0]]",
floatingse.fore_aft_freqs,output,Hz,"[0.4357263612071065, 1.3911518195883052, 1.7879152011116286]",
floatingse.side_side_freqs,output,Hz,"[0.4047997711128473, 5.837583519499828, 8.622411370204375]",
floatingse.torsion_freqs,output,Hz,"[0.0, 0.0, 0.0]",
floatingse.hydrostatic_stiffness,output,N/m,"[0.0, 0.0, 0.0, -288626691.0063389, -288626691.0063389, 0.0]",Summary hydrostatic stiffness of structure
floatingse.rigid_body_periods,output,s,"[36.914384738630915, 36.91438345784886, 47.368748067153724, 18.120892477908445, 17.943201903240148, 10.368232988973075]",Natural periods of oscillation in 6 DOF
floatingse.surge_period,output,s,36.914384738630915,Surge period of oscillation
floatingse.sway_period,output,s,36.91438345784886,Sway period of oscillation
floatingse.heave_period,output,s,47.368748067153724,Heave period of oscillation
floatingse.roll_period,output,s,18.120892477908445,Roll period of oscillation
floatingse.pitch_period,output,s,17.943201903240148,Pitch period of oscillation
floatingse.yaw_period,output,s,10.368232988973075,Yaw period of oscillation
floatingse.system_structural_center_of_mass,output,m,"[-0.05521441981013307, 9.941202690717358e-18, -25.932730714886983]",
floatingse.system_structural_mass,output,kg,5855193.0510197785,
floatingse.constr_variable_margin,output,,-4.983686734741804,
floatingse.member_variable_volume,output,m**3,"[-4380.688658822269, -0.0, -0.0, -0.0]",
floatingse.member_variable_height,output,,"[0.0, 0.0, 0.0, 0.0]",
floatingse.platform_centroid,output,m,"[-5.882353427884535e-10, 0.0, -37.68729137764706]",
floatingse.platform_cost,output,USD,6271560.905035642,
floatingse.platform_elem_memid,output,n/a,"[-1, -1, -1, -1, -1, -1, -1, -1, -1, -1, -1, -1, -1, -1, -1, -1, -1, -1, -1, -1, -1, -1, -1, -1, -1, -1, -1, -1, -1, -1, -1, -1, -1, -1, -1, -1, -1, -1, -1, -1, -1, -1, -1, -1, -1, -1, -1, -1, -1, -1, -1, -1, -1, -1, -1, -1, -1, -1, -1, -1, -1, -1, -1, -1, -1, -1, -1, -1, -1, -1, -1, -1, -1, -1, -1, -1, -1, -1, -1, -1, -1, -1, -1, -1, -1, -1, -1, -1, -1, -1, -1, -1, -1, -1, -1, -1, -1, -1, -1, -1, -1, -1, -1, -1, -1, -1, -1, -1, -1, -1, -1, -1, -1, -1, -1, -1, -1, -1, -1, -1, -1, -1, -1, -1, -1, -1, -1, -1, -1, -1, -1, -1, -1, -1, -1, -1, -1, -1, -1, -1, -1, -1, -1, -1, -1, -1, -1, -1, -1, -1, -1, -1, -1, -1, -1, -1, -1, -1, -1, -1, -1, -1, -1, -1, -1, -1, -1, -1, -1, -1, -1, -1, -1, -1, -1, -1, -1, -1, -1, -1, -1, -1, -1, -1, -1, -1, -1, -1, -1, -1, -1, -1, -1, -1, -1, -1, -1, -1, -1, -1, -1, -1, -1, -1, -1, -1, -1, -1, -1, -1, -1, -1, -1, -1, -1, -1, -1, -1, -1, -1, -1, -1, -1, -1, -1, -1, -1, -1, -1, -1, -1, -1, -1, -1, -1, -1, -1, -1, -1, -1, -1, -1, -1, -1, -1, -1, -1, -1, -1, -1, -1, -1, -1, -1, -1, -1, -1, -1, -1, -1, -1, -1, -1, -1, -1, -1, -1, -1, -1, -1, -1, -1, -1, -1, -1, -1, -1, -1, -1, -1, -1, -1, -1, -1, -1, -1, -1, -1, -1, -1, -1, -1, -1, -1, -1, -1, -1, -1, -1, -1, -1, -1, -1, -1, -1, -1, -1, -1, -1, -1, -1, -1, -1, -1, -1, -1, -1, -1, -1, -1, -1, -1, -1, -1, -1, -1, -1, -1, -1, -1, -1, -1, -1, -1, -1, -1, -1, -1, -1, -1, -1, -1, -1, -1, -1, -1, -1, -1, -1, -1, -1, -1, -1, -1, -1, -1, -1, -1, -1, -1, -1, -1, -1, -1, -1, -1, -1, -1, -1, -1, -1, -1, -1, -1, -1, -1, -1, -1, -1, -1, -1, -1, -1, -1, -1, -1, -1, -1, -1, -1, -1, -1, -1, -1, -1, -1, -1, -1, -1, -1, -1, -1, -1, -1, -1, -1, -1, -1, -1, -1, -1, -1, -1, -1, -1, -1, -1, -1, -1, -1, -1, -1, -1, -1, -1, -1, -1, -1, -1, -1, -1, -1, -1, -1, -1, -1, -1, -1, -1, -1, -1, -1, -1, -1, -1, -1, -1, -1, -1, -1, -1, -1, -1, -1, -1, -1, -1, -1, -1, -1, -1, -1, -1, -1, -1, -1, -1, -1, -1, -1, -1, -1, -1, -1, -1, -1, -1, -1, -1, -1, -1, -1, -1, -1, -1, -1, -1, -1, -1, -1, -1, -1, -1, -1, -1, -1, -1, -1, -1, -1]",
floatingse.member0.constr_d_to_t,output,,"[117.5, 117.5, 117.5, 99.375, 81.25]",
floatingse.member0.constr_taper,output,,"[1.0, 1.0, 1.0, 0.6914893617021276, 1.0]",
floatingse.member0.slope,output,,"[1.0, 1.0, 1.0, 0.6914893617021276, 1.0]",
floatingse.member0.thickness_slope,output,,"[1.0, 1.0, 1.0, 1.0]",
floatingse.member0.ca_usr_grid_full,output,,"[-1.0, -1.0, -1.0, -1.0, -1.0, -1.0, -1.0, -1.0, -1.0, -1.0, -1.0]",
floatingse.member0.cd_usr_grid_full,output,,"[-1.0, -1.0, -1.0, -1.0, -1.0, -1.0, -1.0, -1.0, -1.0, -1.0, -1.0]",
floatingse.member0.nu_full,output,,"[0.26103404791929385, 0.26103404791929385, 0.26103404791929385, 0.26103404791929385, 0.26103404791929385, 0.26103404791929385, 0.26103404791929385, 0.26103404791929385, 0.26103404791929385, 0.26103404791929385]",
floatingse.member0.nodes_r,output,m,"[4.7, 4.7, 4.7, 4.7, 4.7, 4.7, 4.7, 3.9749999999999988, 3.25, 3.25, 3.25]",
floatingse.member0.z_global,output,m,"[-40.0, -35.19225, -30.3845, -30.19225, -30.0, -24.615000000000002, -19.23, -18.46125, -17.6925, -16.346249999999998, -15.0]",
floatingse.member0.center_of_buoyancy,output,m,"[0.0, 0.0, -28.346849910792688]",
floatingse.member0.displacement,output,m**3,1607.903798201487,
floatingse.member0.buoyancy_force,output,N,16161826.13475262,
floatingse.member0.idx_cb,output,,4.0,
floatingse.member0.Awater,output,m**2,0.0,
floatingse.member0.Iwaterx,output,m**4,0.0,
floatingse.member0.Iwatery,output,m**4,0.0,
floatingse.member0.added_mass,output,kg,"[1648101.3931565243, 1648101.3931565243, 141891.43333333332, 76337163.55195847, 76337163.55195847, 0.0]",
floatingse.member0.waterline_centroid,output,m,"[0.0, 0.0]",
floatingse.member0.z_dim,output,m,"[-40.0, -35.19225, -30.3845, -30.19225, -30.0, -24.615000000000002, -19.23, -18.46125, -17.6925, -16.346249999999998, -15.0]",
floatingse.member0.d_eff,output,m,"[9.4, 9.4, 9.4, 9.4, 9.4, 9.4, 9.4, 7.9499999999999975, 6.5, 6.5, 6.5]",
floatingse.member0.section_height,output,m,"[9.6155, 0.3844999999999992, 10.77, 1.5375000000000014, 2.692499999999999]",
floatingse.member0.sigma_ult,output,Pa,"[450000000.0, 450000000.0, 450000000.0, 450000000.0, 450000000.0]",
floatingse.member0.wohler_exp,output,,"[3.0, 3.0, 3.0, 3.0, 3.0]",
floatingse.member0.wohler_A,output,,"[35534648443.719765, 35534648443.719765, 35534648443.719765, 35534648443.719765, 35534648443.719765]",
floatingse.member0.z_param,output,m,"[-40.0, -30.3845, -30.0, -19.23, -17.6925, -15.0]",
floatingse.member0.sec_loc,output,,"[0.0, 0.2653082882309243, 0.5612464183381087, 0.8877745940783189, 1.0]",normalized sectional location
floatingse.member0.str_tw,output,deg,"[0.0, 0.0, 0.0, 0.0, 0.0]",structural twist of section
floatingse.member0.tw_iner,output,deg,"[0.0, 0.0, 0.0, 0.0, 0.0]",inertial twist of section
floatingse.member0.mass_den,output,kg/m,"[18270.497563629164, 18270.497563629164, 18270.497563629164, 15427.984530661042, 12585.471497693006]",sectional mass per unit length
floatingse.member0.foreaft_iner,output,kg*m,"[198392.02484442305, 198392.02484442305, 198392.02484442305, 119457.53427226214, 64851.0468068874]",sectional fore-aft intertia per unit length about the Y_G inertia axis
floatingse.member0.sideside_iner,output,kg*m,"[198392.02484442305, 198392.02484442305, 198392.02484442305, 119457.53427226214, 64851.0468068874]",sectional side-side intertia per unit length about the Y_G inertia axis
floatingse.member0.foreaft_stff,output,N*m**2,"[5086974996010.847, 5086974996010.847, 5086974996010.847, 3063013699288.773, 1662847354022.754]",sectional fore-aft bending stiffness per unit length about the Y_E elastic axis
floatingse.member0.sideside_stff,output,N*m**2,"[5086974996010.847, 5086974996010.847, 5086974996010.847, 3063013699288.773, 1662847354022.754]",sectional side-side bending stiffness per unit length about the Y_E elastic axis
floatingse.member0.tor_stff,output,N*m**2,"[4033971171836.6016, 4033971171836.6016, 4033971171836.6016, 2428969863535.9966, 1318637951740.044]",sectional torsional stiffness
floatingse.member0.axial_stff,output,N,"[468474296503.3119, 468474296503.3119, 468474296503.3119, 395589346940.02673, 322704397376.7438]",sectional axial stiffness
floatingse.member0.cg_offst,output,m,"[0.0, 0.0, 0.0, 0.0, 0.0]",offset from the sectional center of mass
floatingse.member0.sc_offst,output,m,"[0.0, 0.0, 0.0, 0.0, 0.0]",offset from the sectional shear center
floatingse.member0.tc_offst,output,m,"[0.0, 0.0, 0.0, 0.0, 0.0]",offset from the sectional tension center
floatingse.member0.axial_load2stress,output,m**2,"[[0.0, 0.0, 0.4269177658044385, 0.18478565370129366, 0.18478565370129366, 0.0], [0.0, 0.0, 0.4269177658044385, 0.18478565370129366, 0.18478565370129366, 0.0], [0.0, 0.0, 0.4269177658044385, 0.18478565370129366, 0.18478565370129366, 0.0], [0.0, 0.0, 0.5055747874583715, 0.2595483004808623, 0.2595483004808623, 0.0], [0.0, 0.0, 0.6197622394544208, 0.3908957718984382, 0.3908957718984382, 0.0]]",
floatingse.member0.shear_load2stress,output,m**2,"[[0.7003896202090854, 0.7003896202090854, 0.0, 0.0, 0.0, 0.09239282685064683], [0.7003896202090854, 0.7003896202090854, 0.0, 0.0, 0.0, 0.09239282685064683], [0.7003896202090854, 0.7003896202090854, 0.0, 0.0, 0.0, 0.09239282685064683], [0.8288223862471784, 0.8288223862471784, 0.0, 0.0, 0.0, 0.12977415024043115], [1.0149205090841869, 1.0149205090841869, 0.0, 0.0, 0.0, 0.1954478859492191]]",
floatingse.member0.shell_cost,output,USD,1057191.3885857514,
floatingse.member0.shell_mass,output,kg,437085.14262000914,
floatingse.member0.shell_z_cg,output,m,12.016450660957922,
floatingse.member0.shell_I_base,output,kg*m**2,"[88993891.06173968, 88993891.06173968, 8970227.61857184, 0.0, 0.0, 0.0]",
floatingse.member0.bulkhead_mass,output,kg,143070.1746212967,
floatingse.member0.bulkhead_z_cg,output,m,8.689765069893268,
floatingse.member0.bulkhead_cost,output,USD,140891.87507915997,
floatingse.member0.bulkhead_I_base,output,kg*m**2,"[23955002.2695012, 23955002.2695012, 1457337.7155307862, 0.0, 0.0, 0.0]",
floatingse.member0.stiffener_mass,output,kg,0.0,
floatingse.member0.stiffener_z_cg,output,m,0.0,
floatingse.member0.stiffener_cost,output,USD,0.0,
floatingse.member0.stiffener_I_base,output,kg*m**2,"[0.0, 0.0, 0.0, 0.0, 0.0, 0.0]",
floatingse.member0.flange_spacing_ratio,output,,0.0,
floatingse.member0.stiffener_radius_ratio,output,,"[-9999.0, -9999.0, -9999.0, -9999.0, -9999.0, -9999.0, -9999.0, -9999.0, -9999.0, -9999.0, -9999.0, -9999.0, -9999.0, -9999.0, -9999.0, -9999.0, -9999.0, -9999.0, -9999.0, -9999.0, -9999.0, -9999.0, -9999.0, -9999.0, -9999.0, -9999.0, -9999.0, -9999.0, -9999.0, -9999.0, -9999.0, -9999.0, -9999.0, -9999.0, -9999.0, -9999.0, -9999.0, -9999.0, -9999.0, -9999.0, -9999.0, -9999.0, -9999.0, -9999.0, -9999.0, -9999.0, -9999.0, -9999.0, -9999.0, -9999.0, -9999.0, -9999.0, -9999.0, -9999.0, -9999.0, -9999.0, -9999.0, -9999.0, -9999.0, -9999.0, -9999.0, -9999.0, -9999.0, -9999.0, -9999.0, -9999.0, -9999.0, -9999.0, -9999.0, -9999.0, -9999.0, -9999.0, -9999.0, -9999.0, -9999.0, -9999.0, -9999.0, -9999.0, -9999.0, -9999.0, -9999.0, -9999.0, -9999.0, -9999.0, -9999.0, -9999.0, -9999.0, -9999.0, -9999.0, -9999.0, -9999.0, -9999.0, -9999.0, -9999.0, -9999.0, -9999.0, -9999.0, -9999.0, -9999.0, -9999.0, -9999.0, -9999.0, -9999.0, -9999.0, -9999.0, -9999.0, -9999.0, -9999.0, -9999.0, -9999.0, -9999.0, -9999.0, -9999.0, -9999.0, -9999.0, -9999.0, -9999.0, -9999.0, -9999.0, -9999.0, -9999.0, -9999.0, -9999.0, -9999.0, -9999.0, -9999.0, -9999.0, -9999.0, -9999.0, -9999.0, -9999.0, -9999.0, -9999.0, -9999.0, -9999.0, -9999.0, -9999.0, -9999.0, -9999.0, -9999.0, -9999.0, -9999.0, -9999.0, -9999.0, -9999.0, -9999.0, -9999.0, -9999.0, -9999.0, -9999.0, -9999.0, -9999.0, -9999.0, -9999.0, -9999.0, -9999.0, -9999.0, -9999.0, -9999.0, -9999.0, -9999.0, -9999.0, -9999.0, -9999.0, -9999.0, -9999.0, -9999.0, -9999.0, -9999.0, -9999.0, -9999.0, -9999.0, -9999.0, -9999.0, -9999.0, -9999.0, -9999.0, -9999.0, -9999.0, -9999.0, -9999.0, -9999.0, -9999.0, -9999.0, -9999.0, -9999.0, -9999.0, -9999.0, -9999.0, -9999.0, -9999.0, -9999.0, -9999.0, -9999.0, -9999.0, -9999.0, -9999.0, -9999.0, -9999.0, -9999.0]",
floatingse.member0.constr_flange_compactness,output,,0.0,
floatingse.member0.constr_web_compactness,output,,0.0,
floatingse.member0.ballast_cost,output,USD,4500000.0,
floatingse.member0.ballast_mass,output,kg,4500000.0,
floatingse.member0.ballast_height,output,,"[0.4, 0.0]",
floatingse.member0.ballast_z_cg,output,m,4.999999999999999,
floatingse.member0.ballast_I_base,output,kg*m**2,"[129649735.78662771, 129649735.78662771, 35781437.45564882, 0.0, 0.0, 0.0]",
floatingse.member0.variable_ballast_capacity,output,m**3,879.0056221399366,
floatingse.member0.variable_ballast_Vpts,output,m**3,"[0.0, 111.75901705880325, 223.5180341176065, 335.27705117641, 447.03606823521324, 558.7950852940166, 670.5541023528198, 763.1050289903967, 826.3897047788392, 879.0056221399366]",
floatingse.member0.variable_ballast_spts,output,,"[0.4, 0.4666666666666667, 0.5333333333333333, 0.6000000000000001, 0.6666666666666667, 0.7333333333333334, 0.8, 0.8666666666666667, 0.9333333333333333, 1.0]",
floatingse.member0.constr_ballast_capacity,output,,"[1.3421735797933492, 0.0]",
floatingse.member0.total_mass,output,kg,5080155.317241306,
floatingse.member0.total_cost,output,USD,5698083.2636649115,
floatingse.member0.structural_mass,output,kg,580155.3172413064,
floatingse.member0.structural_cost,output,USD,1198083.2636649115,
floatingse.member0.z_cg,output,m,5.7075928679763805,
floatingse.member0.I_total,output,kg*m**2,"[77104358.36708635, 77104358.36708635, 46209002.78975144, 0.0, 0.0, 0.0]",
floatingse.member0.s_all,output,,"[0.0, 0.004, 0.099, 0.101, 0.19231, 0.38462, 0.39231000000000005, 0.4, 0.499, 0.501, 0.6154, 0.8298, 0.8308, 0.8318, 0.86155, 0.8923, 0.94615, 0.998, 1.0, -9999.0, -9999.0, -9999.0, -9999.0, -9999.0, -9999.0, -9999.0, -9999.0, -9999.0, -9999.0, -9999.0, -9999.0, -9999.0, -9999.0, -9999.0, -9999.0, -9999.0, -9999.0, -9999.0, -9999.0, -9999.0, -9999.0, -9999.0, -9999.0, -9999.0, -9999.0, -9999.0, -9999.0, -9999.0, -9999.0, -9999.0, -9999.0, -9999.0, -9999.0, -9999.0, -9999.0, -9999.0, -9999.0, -9999.0, -9999.0, -9999.0, -9999.0, -9999.0, -9999.0, -9999.0, -9999.0, -9999.0, -9999.0, -9999.0, -9999.0, -9999.0, -9999.0, -9999.0, -9999.0, -9999.0, -9999.0, -9999.0, -9999.0, -9999.0, -9999.0, -9999.0, -9999.0, -9999.0, -9999.0, -9999.0, -9999.0, -9999.0, -9999.0, -9999.0, -9999.0, -9999.0, -9999.0, -9999.0, -9999.0, -9999.0, -9999.0, -9999.0, -9999.0, -9999.0, -9999.0, -9999.0, -9999.0, -9999.0, -9999.0, -9999.0, -9999.0, -9999.0, -9999.0, -9999.0, -9999.0, -9999.0, -9999.0, -9999.0, -9999.0, -9999.0, -9999.0, -9999.0, -9999.0, -9999.0, -9999.0, -9999.0, -9999.0, -9999.0, -9999.0, -9999.0, -9999.0, -9999.0, -9999.0, -9999.0, -9999.0, -9999.0, -9999.0, -9999.0, -9999.0, -9999.0, -9999.0, -9999.0, -9999.0, -9999.0, -9999.0, -9999.0, -9999.0, -9999.0, -9999.0, -9999.0, -9999.0, -9999.0, -9999.0, -9999.0, -9999.0, -9999.0, -9999.0, -9999.0, -9999.0, -9999.0, -9999.0, -9999.0, -9999.0, -9999.0, -9999.0, -9999.0, -9999.0, -9999.0, -9999.0, -9999.0, -9999.0, -9999.0, -9999.0, -9999.0, -9999.0, -9999.0, -9999.0, -9999.0, -9999.0, -9999.0, -9999.0, -9999.0, -9999.0, -9999.0, -9999.0, -9999.0, -9999.0, -9999.0, -9999.0, -9999.0, -9999.0, -9999.0, -9999.0, -9999.0, -9999.0, -9999.0, -9999.0, -9999.0, -9999.0, -9999.0, -9999.0, -9999.0, -9999.0, -9999.0, -9999.0, -9999.0]",
floatingse.member0.center_of_mass,output,m,"[0.0, 0.0, -34.29240713202362]",
floatingse.member0.nodes_xyz_all,output,m,"[[0.0, 0.0, -40.0], [0.0, 0.0, -39.9], [0.0, 0.0, -37.525], [0.0, 0.0, -37.475], [0.0, 0.0, -35.19225], [0.0, 0.0, -30.3845], [0.0, 0.0, -30.19225], [0.0, 0.0, -30.0], [0.0, 0.0, -27.525], [0.0, 0.0, -27.475], [0.0, 0.0, -24.615000000000002], [0.0, 0.0, -19.255], [0.0, 0.0, -19.23], [0.0, 0.0, -19.205000000000002], [0.0, 0.0, -18.46125], [0.0, 0.0, -17.6925], [0.0, 0.0, -16.346249999999998], [0.0, 0.0, -15.05], [0.0, 0.0, -15.0], [-9999.0, -9999.0, -9999.0], [-9999.0, -9999.0, -9999.0], [-9999.0, -9999.0, -9999.0], [-9999.0, -9999.0, -9999.0], [-9999.0, -9999.0, -9999.0], [-9999.0, -9999.0, -9999.0], [-9999.0, -9999.0, -9999.0], [-9999.0, -9999.0, -9999.0], [-9999.0, -9999.0, -9999.0], [-9999.0, -9999.0, -9999.0], [-9999.0, -9999.0, -9999.0], [-9999.0, -9999.0, -9999.0], [-9999.0, -9999.0, -9999.0], [-9999.0, -9999.0, -9999.0], [-9999.0, -9999.0, -9999.0], [-9999.0, -9999.0, -9999.0], [-9999.0, -9999.0, -9999.0], [-9999.0, -9999.0, -9999.0], [-9999.0, -9999.0, -9999.0], [-9999.0, -9999.0, -9999.0], [-9999.0, -9999.0, -9999.0], [-9999.0, -9999.0, -9999.0], [-9999.0, -9999.0, -9999.0], [-9999.0, -9999.0, -9999.0], [-9999.0, -9999.0, -9999.0], [-9999.0, -9999.0, -9999.0], [-9999.0, -9999.0, -9999.0], [-9999.0, -9999.0, -9999.0], [-9999.0, -9999.0, -9999.0], [-9999.0, -9999.0, -9999.0], [-9999.0, -9999.0, -9999.0], [-9999.0, -9999.0, -9999.0], [-9999.0, -9999.0, -9999.0], [-9999.0, -9999.0, -9999.0], [-9999.0, -9999.0, -9999.0], [-9999.0, -9999.0, -9999.0], [-9999.0, -9999.0, -9999.0], [-9999.0, -9999.0, -9999.0], [-9999.0, -9999.0, -9999.0], [-9999.0, -9999.0, -9999.0], [-9999.0, -9999.0, -9999.0], [-9999.0, -9999.0, -9999.0], [-9999.0, -9999.0, -9999.0], [-9999.0, -9999.0, -9999.0], [-9999.0, -9999.0, -9999.0], [-9999.0, -9999.0, -9999.0], [-9999.0, -9999.0, -9999.0], [-9999.0, -9999.0, -9999.0], [-9999.0, -9999.0, -9999.0], [-9999.0, -9999.0, -9999.0], [-9999.0, -9999.0, -9999.0], [-9999.0, -9999.0, -9999.0], [-9999.0, -9999.0, -9999.0], [-9999.0, -9999.0, -9999.0], [-9999.0, -9999.0, -9999.0], [-9999.0, -9999.0, -9999.0], [-9999.0, -9999.0, -9999.0], [-9999.0, -9999.0, -9999.0], [-9999.0, -9999.0, -9999.0], [-9999.0, -9999.0, -9999.0], [-9999.0, -9999.0, -9999.0], [-9999.0, -9999.0, -9999.0], [-9999.0, -9999.0, -9999.0], [-9999.0, -9999.0, -9999.0], [-9999.0, -9999.0, -9999.0], [-9999.0, -9999.0, -9999.0], [-9999.0, -9999.0, -9999.0], [-9999.0, -9999.0, -9999.0], [-9999.0, -9999.0, -9999.0], [-9999.0, -9999.0, -9999.0], [-9999.0, -9999.0, -9999.0], [-9999.0, -9999.0, -9999.0], [-9999.0, -9999.0, -9999.0], [-9999.0, -9999.0, -9999.0], [-9999.0, -9999.0, -9999.0], [-9999.0, -9999.0, -9999.0], [-9999.0, -9999.0, -9999.0], [-9999.0, -9999.0, -9999.0], [-9999.0, -9999.0, -9999.0], [-9999.0, -9999.0, -9999.0], [-9999.0, -9999.0, -9999.0], [-9999.0, -9999.0, -9999.0], [-9999.0, -9999.0, -9999.0], [-9999.0, -9999.0, -9999.0], [-9999.0, -9999.0, -9999.0], [-9999.0, -9999.0, -9999.0], [-9999.0, -9999.0, -9999.0], [-9999.0, -9999.0, -9999.0], [-9999.0, -9999.0, -9999.0], [-9999.0, -9999.0, -9999.0], [-9999.0, -9999.0, -9999.0], [-9999.0, -9999.0, -9999.0], [-9999.0, -9999.0, -9999.0], [-9999.0, -9999.0, -9999.0], [-9999.0, -9999.0, -9999.0], [-9999.0, -9999.0, -9999.0], [-9999.0, -9999.0, -9999.0], [-9999.0, -9999.0, -9999.0], [-9999.0, -9999.0, -9999.0], [-9999.0, -9999.0, -9999.0], [-9999.0, -9999.0, -9999.0], [-9999.0, -9999.0, -9999.0], [-9999.0, -9999.0, -9999.0], [-9999.0, -9999.0, -9999.0], [-9999.0, -9999.0, -9999.0], [-9999.0, -9999.0, -9999.0], [-9999.0, -9999.0, -9999.0], [-9999.0, -9999.0, -9999.0], [-9999.0, -9999.0, -9999.0], [-9999.0, -9999.0, -9999.0], [-9999.0, -9999.0, -9999.0], [-9999.0, -9999.0, -9999.0], [-9999.0, -9999.0, -9999.0], [-9999.0, -9999.0, -9999.0], [-9999.0, -9999.0, -9999.0], [-9999.0, -9999.0, -9999.0], [-9999.0, -9999.0, -9999.0], [-9999.0, -9999.0, -9999.0], [-9999.0, -9999.0, -9999.0], [-9999.0, -9999.0, -9999.0], [-9999.0, -9999.0, -9999.0], [-9999.0, -9999.0, -9999.0], [-9999.0, -9999.0, -9999.0], [-9999.0, -9999.0, -9999.0], [-9999.0, -9999.0, -9999.0], [-9999.0, -9999.0, -9999.0], [-9999.0, -9999.0, -9999.0], [-9999.0, -9999.0, -9999.0], [-9999.0, -9999.0, -9999.0], [-9999.0, -9999.0, -9999.0], [-9999.0, -9999.0, -9999.0], [-9999.0, -9999.0, -9999.0], [-9999.0, -9999.0, -9999.0], [-9999.0, -9999.0, -9999.0], [-9999.0, -9999.0, -9999.0], [-9999.0, -9999.0, -9999.0], [-9999.0, -9999.0, -9999.0], [-9999.0, -9999.0, -9999.0], [-9999.0, -9999.0, -9999.0], [-9999.0, -9999.0, -9999.0], [-9999.0, -9999.0, -9999.0], [-9999.0, -9999.0, -9999.0], [-9999.0, -9999.0, -9999.0], [-9999.0, -9999.0, -9999.0], [-9999.0, -9999.0, -9999.0], [-9999.0, -9999.0, -9999.0], [-9999.0, -9999.0, -9999.0], [-9999.0, -9999.0, -9999.0], [-9999.0, -9999.0, -9999.0], [-9999.0, -9999.0, -9999.0], [-9999.0, -9999.0, -9999.0], [-9999.0, -9999.0, -9999.0], [-9999.0, -9999.0, -9999.0], [-9999.0, -9999.0, -9999.0], [-9999.0, -9999.0, -9999.0], [-9999.0, -9999.0, -9999.0], [-9999.0, -9999.0, -9999.0], [-9999.0, -9999.0, -9999.0], [-9999.0, -9999.0, -9999.0], [-9999.0, -9999.0, -9999.0], [-9999.0, -9999.0, -9999.0], [-9999.0, -9999.0, -9999.0], [-9999.0, -9999.0, -9999.0], [-9999.0, -9999.0, -9999.0], [-9999.0, -9999.0, -9999.0], [-9999.0, -9999.0, -9999.0], [-9999.0, -9999.0, -9999.0], [-9999.0, -9999.0, -9999.0], [-9999.0, -9999.0, -9999.0], [-9999.0, -9999.0, -9999.0], [-9999.0, -9999.0, -9999.0], [-9999.0, -9999.0, -9999.0], [-9999.0, -9999.0, -9999.0], [-9999.0, -9999.0, -9999.0], [-9999.0, -9999.0, -9999.0], [-9999.0, -9999.0, -9999.0], [-9999.0, -9999.0, -9999.0], [-9999.0, -9999.0, -9999.0], [-9999.0, -9999.0, -9999.0], [-9999.0, -9999.0, -9999.0], [-9999.0, -9999.0, -9999.0]]",
floatingse.member0.section_D,output,m,"[9.4, 9.4, 9.4, 9.4, 9.4, 9.4, 9.4, 9.4, 9.4, 9.4, 9.4, 9.4, 9.4, 8.674999999999999, 7.224999999999999, 6.5, 6.5, 6.5, -9999.0, -9999.0, -9999.0, -9999.0, -9999.0, -9999.0, -9999.0, -9999.0, -9999.0, -9999.0, -9999.0, -9999.0, -9999.0, -9999.0, -9999.0, -9999.0, -9999.0, -9999.0, -9999.0, -9999.0, -9999.0, -9999.0, -9999.0, -9999.0, -9999.0, -9999.0, -9999.0, -9999.0, -9999.0, -9999.0, -9999.0, -9999.0, -9999.0, -9999.0, -9999.0, -9999.0, -9999.0, -9999.0, -9999.0, -9999.0, -9999.0, -9999.0, -9999.0, -9999.0, -9999.0, -9999.0, -9999.0, -9999.0, -9999.0, -9999.0, -9999.0, -9999.0, -9999.0, -9999.0, -9999.0, -9999.0, -9999.0, -9999.0, -9999.0, -9999.0, -9999.0, -9999.0, -9999.0, -9999.0, -9999.0, -9999.0, -9999.0, -9999.0, -9999.0, -9999.0, -9999.0, -9999.0, -9999.0, -9999.0, -9999.0, -9999.0, -9999.0, -9999.0, -9999.0, -9999.0, -9999.0, -9999.0, -9999.0, -9999.0, -9999.0, -9999.0, -9999.0, -9999.0, -9999.0, -9999.0, -9999.0, -9999.0, -9999.0, -9999.0, -9999.0, -9999.0, -9999.0, -9999.0, -9999.0, -9999.0, -9999.0, -9999.0, -9999.0, -9999.0, -9999.0, -9999.0, -9999.0, -9999.0, -9999.0, -9999.0, -9999.0, -9999.0, -9999.0, -9999.0, -9999.0, -9999.0, -9999.0, -9999.0, -9999.0, -9999.0, -9999.0, -9999.0, -9999.0, -9999.0, -9999.0, -9999.0, -9999.0, -9999.0, -9999.0, -9999.0, -9999.0, -9999.0, -9999.0, -9999.0, -9999.0, -9999.0, -9999.0, -9999.0, -9999.0, -9999.0, -9999.0, -9999.0, -9999.0, -9999.0, -9999.0, -9999.0, -9999.0, -9999.0, -9999.0, -9999.0, -9999.0, -9999.0, -9999.0, -9999.0, -9999.0, -9999.0, -9999.0, -9999.0, -9999.0, -9999.0, -9999.0, -9999.0, -9999.0, -9999.0, -9999.0, -9999.0, -9999.0, -9999.0, -9999.0, -9999.0, -9999.0, -9999.0, -9999.0, -9999.0, -9999.0, -9999.0, -9999.0, -9999.0, -9999.0, -9999.0, -9999.0, -9999.0]",
floatingse.member0.nodes_r_all,output,m,"[4.7, 4.7, 4.7, 4.7, 4.7, 4.7, 4.7, 4.7, 4.7, 4.7, 4.7, 4.7, 4.7, 4.676422764227643, 3.9749999999999988, 3.25, 3.25, 3.25, 3.25, -9999.0, -9999.0, -9999.0, -9999.0, -9999.0, -9999.0, -9999.0, -9999.0, -9999.0, -9999.0, -9999.0, -9999.0, -9999.0, -9999.0, -9999.0, -9999.0, -9999.0, -9999.0, -9999.0, -9999.0, -9999.0, -9999.0, -9999.0, -9999.0, -9999.0, -9999.0, -9999.0, -9999.0, -9999.0, -9999.0, -9999.0, -9999.0, -9999.0, -9999.0, -9999.0, -9999.0, -9999.0, -9999.0, -9999.0, -9999.0, -9999.0, -9999.0, -9999.0, -9999.0, -9999.0, -9999.0, -9999.0, -9999.0, -9999.0, -9999.0, -9999.0, -9999.0, -9999.0, -9999.0, -9999.0, -9999.0, -9999.0, -9999.0, -9999.0, -9999.0, -9999.0, -9999.0, -9999.0, -9999.0, -9999.0, -9999.0, -9999.0, -9999.0, -9999.0, -9999.0, -9999.0, -9999.0, -9999.0, -9999.0, -9999.0, -9999.0, -9999.0, -9999.0, -9999.0, -9999.0, -9999.0, -9999.0, -9999.0, -9999.0, -9999.0, -9999.0, -9999.0, -9999.0, -9999.0, -9999.0, -9999.0, -9999.0, -9999.0, -9999.0, -9999.0, -9999.0, -9999.0, -9999.0, -9999.0, -9999.0, -9999.0, -9999.0, -9999.0, -9999.0, -9999.0, -9999.0, -9999.0, -9999.0, -9999.0, -9999.0, -9999.0, -9999.0, -9999.0, -9999.0, -9999.0, -9999.0, -9999.0, -9999.0, -9999.0, -9999.0, -9999.0, -9999.0, -9999.0, -9999.0, -9999.0, -9999.0, -9999.0, -9999.0, -9999.0, -9999.0, -9999.0, -9999.0, -9999.0, -9999.0, -9999.0, -9999.0, -9999.0, -9999.0, -9999.0, -9999.0, -9999.0, -9999.0, -9999.0, -9999.0, -9999.0, -9999.0, -9999.0, -9999.0, -9999.0, -9999.0, -9999.0, -9999.0, -9999.0, -9999.0, -9999.0, -9999.0, -9999.0, -9999.0, -9999.0, -9999.0, -9999.0, -9999.0, -9999.0, -9999.0, -9999.0, -9999.0, -9999.0, -9999.0, -9999.0, -9999.0, -9999.0, -9999.0, -9999.0, -9999.0, -9999.0, -9999.0, -9999.0, -9999.0, -9999.0, -9999.0, -9999.0]",
floatingse.member0.section_t,output,m,"[4.7, 0.08, 4.7, 0.08, 0.08, 0.08, 0.08, 0.08, 4.7, 0.08, 0.08, 4.7, 4.7, 0.08, 0.08, 0.08, 0.08, 3.25, -9999.0, -9999.0, -9999.0, -9999.0, -9999.0, -9999.0, -9999.0, -9999.0, -9999.0, -9999.0, -9999.0, -9999.0, -9999.0, -9999.0, -9999.0, -9999.0, -9999.0, -9999.0, -9999.0, -9999.0, -9999.0, -9999.0, -9999.0, -9999.0, -9999.0, -9999.0, -9999.0, -9999.0, -9999.0, -9999.0, -9999.0, -9999.0, -9999.0, -9999.0, -9999.0, -9999.0, -9999.0, -9999.0, -9999.0, -9999.0, -9999.0, -9999.0, -9999.0, -9999.0, -9999.0, -9999.0, -9999.0, -9999.0, -9999.0, -9999.0, -9999.0, -9999.0, -9999.0, -9999.0, -9999.0, -9999.0, -9999.0, -9999.0, -9999.0, -9999.0, -9999.0, -9999.0, -9999.0, -9999.0, -9999.0, -9999.0, -9999.0, -9999.0, -9999.0, -9999.0, -9999.0, -9999.0, -9999.0, -9999.0, -9999.0, -9999.0, -9999.0, -9999.0, -9999.0, -9999.0, -9999.0, -9999.0, -9999.0, -9999.0, -9999.0, -9999.0, -9999.0, -9999.0, -9999.0, -9999.0, -9999.0, -9999.0, -9999.0, -9999.0, -9999.0, -9999.0, -9999.0, -9999.0, -9999.0, -9999.0, -9999.0, -9999.0, -9999.0, -9999.0, -9999.0, -9999.0, -9999.0, -9999.0, -9999.0, -9999.0, -9999.0, -9999.0, -9999.0, -9999.0, -9999.0, -9999.0, -9999.0, -9999.0, -9999.0, -9999.0, -9999.0, -9999.0, -9999.0, -9999.0, -9999.0, -9999.0, -9999.0, -9999.0, -9999.0, -9999.0, -9999.0, -9999.0, -9999.0, -9999.0, -9999.0, -9999.0, -9999.0, -9999.0, -9999.0, -9999.0, -9999.0, -9999.0, -9999.0, -9999.0, -9999.0, -9999.0, -9999.0, -9999.0, -9999.0, -9999.0, -9999.0, -9999.0, -9999.0, -9999.0, -9999.0, -9999.0, -9999.0, -9999.0, -9999.0, -9999.0, -9999.0, -9999.0, -9999.0, -9999.0, -9999.0, -9999.0, -9999.0, -9999.0, -9999.0, -9999.0, -9999.0, -9999.0, -9999.0, -9999.0, -9999.0, -9999.0, -9999.0, -9999.0, -9999.0, -9999.0, -9999.0, -9999.0]",
floatingse.member0.section_A,output,m**2,"[69.39778171779854, 2.3423714825165596, 69.39778171779854, 2.3423714825165596, 2.3423714825165596, 2.3423714825165596, 2.3423714825165596, 2.3423714825165596, 69.39778171779854, 2.3423714825165596, 2.3423714825165596, 69.39778171779854, 69.39778171779854, 2.160159108608341, 1.795734360791926, 1.6135219868837187, 1.6135219868837187, 33.18307240354219, -9999.0, -9999.0, -9999.0, -9999.0, -9999.0, -9999.0, -9999.0, -9999.0, -9999.0, -9999.0, -9999.0, -9999.0, -9999.0, -9999.0, -9999.0, -9999.0, -9999.0, -9999.0, -9999.0, -9999.0, -9999.0, -9999.0, -9999.0, -9999.0, -9999.0, -9999.0, -9999.0, -9999.0, -9999.0, -9999.0, -9999.0, -9999.0, -9999.0, -9999.0, -9999.0, -9999.0, -9999.0, -9999.0, -9999.0, -9999.0, -9999.0, -9999.0, -9999.0, -9999.0, -9999.0, -9999.0, -9999.0, -9999.0, -9999.0, -9999.0, -9999.0, -9999.0, -9999.0, -9999.0, -9999.0, -9999.0, -9999.0, -9999.0, -9999.0, -9999.0, -9999.0, -9999.0, -9999.0, -9999.0, -9999.0, -9999.0, -9999.0, -9999.0, -9999.0, -9999.0, -9999.0, -9999.0, -9999.0, -9999.0, -9999.0, -9999.0, -9999.0, -9999.0, -9999.0, -9999.0, -9999.0, -9999.0, -9999.0, -9999.0, -9999.0, -9999.0, -9999.0, -9999.0, -9999.0, -9999.0, -9999.0, -9999.0, -9999.0, -9999.0, -9999.0, -9999.0, -9999.0, -9999.0, -9999.0, -9999.0, -9999.0, -9999.0, -9999.0, -9999.0, -9999.0, -9999.0, -9999.0, -9999.0, -9999.0, -9999.0, -9999.0, -9999.0, -9999.0, -9999.0, -9999.0, -9999.0, -9999.0, -9999.0, -9999.0, -9999.0, -9999.0, -9999.0, -9999.0, -9999.0, -9999.0, -9999.0, -9999.0, -9999.0, -9999.0, -9999.0, -9999.0, -9999.0, -9999.0, -9999.0, -9999.0, -9999.0, -9999.0, -9999.0, -9999.0, -9999.0, -9999.0, -9999.0, -9999.0, -9999.0, -9999.0, -9999.0, -9999.0, -9999.0, -9999.0, -9999.0, -9999.0, -9999.0, -9999.0, -9999.0, -9999.0, -9999.0, -9999.0, -9999.0, -9999.0, -9999.0, -9999.0, -9999.0, -9999.0, -9999.0, -9999.0, -9999.0, -9999.0, -9999.0, -9999.0, -9999.0, -9999.0, -9999.0, -9999.0, -9999.0, -9999.0, -9999.0, -9999.0, -9999.0, -9999.0, -9999.0, -9999.0, -9999.0]",
floatingse.member0.section_Asx,output,m**2,"[61.728892729543674, 1.4277767276183688, 61.728892729543674, 1.4277767276183688, 1.4277767276183688, 1.4277767276183688, 1.4277767276183688, 1.4277767276183688, 61.728892729543674, 1.4277767276183688, 1.4277767276183688, 61.728892729543674, 61.728892729543674, 1.317152665926515, 1.095912822027277, 0.9852988397114465, 0.9852988397114465, 29.516135330729064, -9999.0, -9999.0, -9999.0, -9999.0, -9999.0, -9999.0, -9999.0, -9999.0, -9999.0, -9999.0, -9999.0, -9999.0, -9999.0, -9999.0, -9999.0, -9999.0, -9999.0, -9999.0, -9999.0, -9999.0, -9999.0, -9999.0, -9999.0, -9999.0, -9999.0, -9999.0, -9999.0, -9999.0, -9999.0, -9999.0, -9999.0, -9999.0, -9999.0, -9999.0, -9999.0, -9999.0, -9999.0, -9999.0, -9999.0, -9999.0, -9999.0, -9999.0, -9999.0, -9999.0, -9999.0, -9999.0, -9999.0, -9999.0, -9999.0, -9999.0, -9999.0, -9999.0, -9999.0, -9999.0, -9999.0, -9999.0, -9999.0, -9999.0, -9999.0, -9999.0, -9999.0, -9999.0, -9999.0, -9999.0, -9999.0, -9999.0, -9999.0, -9999.0, -9999.0, -9999.0, -9999.0, -9999.0, -9999.0, -9999.0, -9999.0, -9999.0, -9999.0, -9999.0, -9999.0, -9999.0, -9999.0, -9999.0, -9999.0, -9999.0, -9999.0, -9999.0, -9999.0, -9999.0, -9999.0, -9999.0, -9999.0, -9999.0, -9999.0, -9999.0, -9999.0, -9999.0, -9999.0, -9999.0, -9999.0, -9999.0, -9999.0, -9999.0, -9999.0, -9999.0, -9999.0, -9999.0, -9999.0, -9999.0, -9999.0, -9999.0, -9999.0, -9999.0, -9999.0, -9999.0, -9999.0, -9999.0, -9999.0, -9999.0, -9999.0, -9999.0, -9999.0, -9999.0, -9999.0, -9999.0, -9999.0, -9999.0, -9999.0, -9999.0, -9999.0, -9999.0, -9999.0, -9999.0, -9999.0, -9999.0, -9999.0, -9999.0, -9999.0, -9999.0, -9999.0, -9999.0, -9999.0, -9999.0, -9999.0, -9999.0, -9999.0, -9999.0, -9999.0, -9999.0, -9999.0, -9999.0, -9999.0, -9999.0, -9999.0, -9999.0, -9999.0, -9999.0, -9999.0, -9999.0, -9999.0, -9999.0, -9999.0, -9999.0, -9999.0, -9999.0, -9999.0, -9999.0, -9999.0, -9999.0, -9999.0, -9999.0, -9999.0, -9999.0, -9999.0, -9999.0, -9999.0, -9999.0, -9999.0, -9999.0, -9999.0, -9999.0, -9999.0, -9999.0]",
floatingse.member0.section_Asy,output,m**2,"[61.728892729543674, 1.4277767276183688, 61.728892729543674, 1.4277767276183688, 1.4277767276183688, 1.4277767276183688, 1.4277767276183688, 1.4277767276183688, 61.728892729543674, 1.4277767276183688, 1.4277767276183688, 61.728892729543674, 61.728892729543674, 1.317152665926515, 1.095912822027277, 0.9852988397114465, 0.9852988397114465, 29.516135330729064, -9999.0, -9999.0, -9999.0, -9999.0, -9999.0, -9999.0, -9999.0, -9999.0, -9999.0, -9999.0, -9999.0, -9999.0, -9999.0, -9999.0, -9999.0, -9999.0, -9999.0, -9999.0, -9999.0, -9999.0, -9999.0, -9999.0, -9999.0, -9999.0, -9999.0, -9999.0, -9999.0, -9999.0, -9999.0, -9999.0, -9999.0, -9999.0, -9999.0, -9999.0, -9999.0, -9999.0, -9999.0, -9999.0, -9999.0, -9999.0, -9999.0, -9999.0, -9999.0, -9999.0, -9999.0, -9999.0, -9999.0, -9999.0, -9999.0, -9999.0, -9999.0, -9999.0, -9999.0, -9999.0, -9999.0, -9999.0, -9999.0, -9999.0, -9999.0, -9999.0, -9999.0, -9999.0, -9999.0, -9999.0, -9999.0, -9999.0, -9999.0, -9999.0, -9999.0, -9999.0, -9999.0, -9999.0, -9999.0, -9999.0, -9999.0, -9999.0, -9999.0, -9999.0, -9999.0, -9999.0, -9999.0, -9999.0, -9999.0, -9999.0, -9999.0, -9999.0, -9999.0, -9999.0, -9999.0, -9999.0, -9999.0, -9999.0, -9999.0, -9999.0, -9999.0, -9999.0, -9999.0, -9999.0, -9999.0, -9999.0, -9999.0, -9999.0, -9999.0, -9999.0, -9999.0, -9999.0, -9999.0, -9999.0, -9999.0, -9999.0, -9999.0, -9999.0, -9999.0, -9999.0, -9999.0, -9999.0, -9999.0, -9999.0, -9999.0, -9999.0, -9999.0, -9999.0, -9999.0, -9999.0, -9999.0, -9999.0, -9999.0, -9999.0, -9999.0, -9999.0, -9999.0, -9999.0, -9999.0, -9999.0, -9999.0, -9999.0, -9999.0, -9999.0, -9999.0, -9999.0, -9999.0, -9999.0, -9999.0, -9999.0, -9999.0, -9999.0, -9999.0, -9999.0, -9999.0, -9999.0, -9999.0, -9999.0, -9999.0, -9999.0, -9999.0, -9999.0, -9999.0, -9999.0, -9999.0, -9999.0, -9999.0, -9999.0, -9999.0, -9999.0, -9999.0, -9999.0, -9999.0, -9999.0, -9999.0, -9999.0, -9999.0, -9999.0, -9999.0, -9999.0, -9999.0, -9999.0, -9999.0, -9999.0, -9999.0, -9999.0, -9999.0, -9999.0]",
floatingse.member0.section_Ixx,output,kg*m**2,"[383.24924953654244, 25.434874980054236, 383.24924953654244, 25.434874980054236, 25.434874980054236, 25.434874980054236, 25.434874980054236, 25.434874980054236, 383.24924953654244, 25.434874980054236, 25.434874980054236, 383.24924953654244, 383.24924953654244, 19.94918412645069, 11.460696555757096, 8.31423677011377, 8.31423677011377, 87.6240505656036, -9999.0, -9999.0, -9999.0, -9999.0, -9999.0, -9999.0, -9999.0, -9999.0, -9999.0, -9999.0, -9999.0, -9999.0, -9999.0, -9999.0, -9999.0, -9999.0, -9999.0, -9999.0, -9999.0, -9999.0, -9999.0, -9999.0, -9999.0, -9999.0, -9999.0, -9999.0, -9999.0, -9999.0, -9999.0, -9999.0, -9999.0, -9999.0, -9999.0, -9999.0, -9999.0, -9999.0, -9999.0, -9999.0, -9999.0, -9999.0, -9999.0, -9999.0, -9999.0, -9999.0, -9999.0, -9999.0, -9999.0, -9999.0, -9999.0, -9999.0, -9999.0, -9999.0, -9999.0, -9999.0, -9999.0, -9999.0, -9999.0, -9999.0, -9999.0, -9999.0, -9999.0, -9999.0, -9999.0, -9999.0, -9999.0, -9999.0, -9999.0, -9999.0, -9999.0, -9999.0, -9999.0, -9999.0, -9999.0, -9999.0, -9999.0, -9999.0, -9999.0, -9999.0, -9999.0, -9999.0, -9999.0, -9999.0, -9999.0, -9999.0, -9999.0, -9999.0, -9999.0, -9999.0, -9999.0, -9999.0, -9999.0, -9999.0, -9999.0, -9999.0, -9999.0, -9999.0, -9999.0, -9999.0, -9999.0, -9999.0, -9999.0, -9999.0, -9999.0, -9999.0, -9999.0, -9999.0, -9999.0, -9999.0, -9999.0, -9999.0, -9999.0, -9999.0, -9999.0, -9999.0, -9999.0, -9999.0, -9999.0, -9999.0, -9999.0, -9999.0, -9999.0, -9999.0, -9999.0, -9999.0, -9999.0, -9999.0, -9999.0, -9999.0, -9999.0, -9999.0, -9999.0, -9999.0, -9999.0, -9999.0, -9999.0, -9999.0, -9999.0, -9999.0, -9999.0, -9999.0, -9999.0, -9999.0, -9999.0, -9999.0, -9999.0, -9999.0, -9999.0, -9999.0, -9999.0, -9999.0, -9999.0, -9999.0, -9999.0, -9999.0, -9999.0, -9999.0, -9999.0, -9999.0, -9999.0, -9999.0, -9999.0, -9999.0, -9999.0, -9999.0, -9999.0, -9999.0, -9999.0, -9999.0, -9999.0, -9999.0, -9999.0, -9999.0, -9999.0, -9999.0, -9999.0, -9999.0, -9999.0, -9999.0, -9999.0, -9999.0, -9999.0, -9999.0]",
floatingse.member0.section_Iyy,output,kg*m**2,"[383.24924953654244, 25.434874980054236, 383.24924953654244, 25.434874980054236, 25.434874980054236, 25.434874980054236, 25.434874980054236, 25.434874980054236, 383.24924953654244, 25.434874980054236, 25.434874980054236, 383.24924953654244, 383.24924953654244, 19.94918412645069, 11.460696555757096, 8.31423677011377, 8.31423677011377, 87.6240505656036, -9999.0, -9999.0, -9999.0, -9999.0, -9999.0, -9999.0, -9999.0, -9999.0, -9999.0, -9999.0, -9999.0, -9999.0, -9999.0, -9999.0, -9999.0, -9999.0, -9999.0, -9999.0, -9999.0, -9999.0, -9999.0, -9999.0, -9999.0, -9999.0, -9999.0, -9999.0, -9999.0, -9999.0, -9999.0, -9999.0, -9999.0, -9999.0, -9999.0, -9999.0, -9999.0, -9999.0, -9999.0, -9999.0, -9999.0, -9999.0, -9999.0, -9999.0, -9999.0, -9999.0, -9999.0, -9999.0, -9999.0, -9999.0, -9999.0, -9999.0, -9999.0, -9999.0, -9999.0, -9999.0, -9999.0, -9999.0, -9999.0, -9999.0, -9999.0, -9999.0, -9999.0, -9999.0, -9999.0, -9999.0, -9999.0, -9999.0, -9999.0, -9999.0, -9999.0, -9999.0, -9999.0, -9999.0, -9999.0, -9999.0, -9999.0, -9999.0, -9999.0, -9999.0, -9999.0, -9999.0, -9999.0, -9999.0, -9999.0, -9999.0, -9999.0, -9999.0, -9999.0, -9999.0, -9999.0, -9999.0, -9999.0, -9999.0, -9999.0, -9999.0, -9999.0, -9999.0, -9999.0, -9999.0, -9999.0, -9999.0, -9999.0, -9999.0, -9999.0, -9999.0, -9999.0, -9999.0, -9999.0, -9999.0, -9999.0, -9999.0, -9999.0, -9999.0, -9999.0, -9999.0, -9999.0, -9999.0, -9999.0, -9999.0, -9999.0, -9999.0, -9999.0, -9999.0, -9999.0, -9999.0, -9999.0, -9999.0, -9999.0, -9999.0, -9999.0, -9999.0, -9999.0, -9999.0, -9999.0, -9999.0, -9999.0, -9999.0, -9999.0, -9999.0, -9999.0, -9999.0, -9999.0, -9999.0, -9999.0, -9999.0, -9999.0, -9999.0, -9999.0, -9999.0, -9999.0, -9999.0, -9999.0, -9999.0, -9999.0, -9999.0, -9999.0, -9999.0, -9999.0, -9999.0, -9999.0, -9999.0, -9999.0, -9999.0, -9999.0, -9999.0, -9999.0, -9999.0, -9999.0, -9999.0, -9999.0, -9999.0, -9999.0, -9999.0, -9999.0, -9999.0, -9999.0, -9999.0, -9999.0, -9999.0, -9999.0, -9999.0, -9999.0, -9999.0]",
floatingse.member0.section_J0,output,kg*m**2,"[766.4984990730849, 50.86974996010847, 766.4984990730849, 50.86974996010847, 50.86974996010847, 50.86974996010847, 50.86974996010847, 50.86974996010847, 766.4984990730849, 50.86974996010847, 50.86974996010847, 766.4984990730849, 766.4984990730849, 39.89836825290138, 22.921393111514192, 16.62847354022754, 16.62847354022754, 175.2481011312072, -9999.0, -9999.0, -9999.0, -9999.0, -9999.0, -9999.0, -9999.0, -9999.0, -9999.0, -9999.0, -9999.0, -9999.0, -9999.0, -9999.0, -9999.0, -9999.0, -9999.0, -9999.0, -9999.0, -9999.0, -9999.0, -9999.0, -9999.0, -9999.0, -9999.0, -9999.0, -9999.0, -9999.0, -9999.0, -9999.0, -9999.0, -9999.0, -9999.0, -9999.0, -9999.0, -9999.0, -9999.0, -9999.0, -9999.0, -9999.0, -9999.0, -9999.0, -9999.0, -9999.0, -9999.0, -9999.0, -9999.0, -9999.0, -9999.0, -9999.0, -9999.0, -9999.0, -9999.0, -9999.0, -9999.0, -9999.0, -9999.0, -9999.0, -9999.0, -9999.0, -9999.0, -9999.0, -9999.0, -9999.0, -9999.0, -9999.0, -9999.0, -9999.0, -9999.0, -9999.0, -9999.0, -9999.0, -9999.0, -9999.0, -9999.0, -9999.0, -9999.0, -9999.0, -9999.0, -9999.0, -9999.0, -9999.0, -9999.0, -9999.0, -9999.0, -9999.0, -9999.0, -9999.0, -9999.0, -9999.0, -9999.0, -9999.0, -9999.0, -9999.0, -9999.0, -9999.0, -9999.0, -9999.0, -9999.0, -9999.0, -9999.0, -9999.0, -9999.0, -9999.0, -9999.0, -9999.0, -9999.0, -9999.0, -9999.0, -9999.0, -9999.0, -9999.0, -9999.0, -9999.0, -9999.0, -9999.0, -9999.0, -9999.0, -9999.0, -9999.0, -9999.0, -9999.0, -9999.0, -9999.0, -9999.0, -9999.0, -9999.0, -9999.0, -9999.0, -9999.0, -9999.0, -9999.0, -9999.0, -9999.0, -9999.0, -9999.0, -9999.0, -9999.0, -9999.0, -9999.0, -9999.0, -9999.0, -9999.0, -9999.0, -9999.0, -9999.0, -9999.0, -9999.0, -9999.0, -9999.0, -9999.0, -9999.0, -9999.0, -9999.0, -9999.0, -9999.0, -9999.0, -9999.0, -9999.0, -9999.0, -9999.0, -9999.0, -9999.0, -9999.0, -9999.0, -9999.0, -9999.0, -9999.0, -9999.0, -9999.0, -9999.0, -9999.0, -9999.0, -9999.0, -9999.0, -9999.0, -9999.0, -9999.0, -9999.0, -9999.0, -9999.0, -9999.0]",
floatingse.member0.section_rho,output,kg/m**3,"[14284.357120086273, 199912.99461199733, 14284.357120086273, 199912.99461199733, 199912.99461199733, 199912.99461199733, 199912.99461199733, 7800.0, 7800.0, 7800.0, 7800.0, 7800.0, 7800.0, 7800.0, 7800.0, 7800.0, 7800.0, 7800.0, -9999.0, -9999.0, -9999.0, -9999.0, -9999.0, -9999.0, -9999.0, -9999.0, -9999.0, -9999.0, -9999.0, -9999.0, -9999.0, -9999.0, -9999.0, -9999.0, -9999.0, -9999.0, -9999.0, -9999.0, -9999.0, -9999.0, -9999.0, -9999.0, -9999.0, -9999.0, -9999.0, -9999.0, -9999.0, -9999.0, -9999.0, -9999.0, -9999.0, -9999.0, -9999.0, -9999.0, -9999.0, -9999.0, -9999.0, -9999.0, -9999.0, -9999.0, -9999.0, -9999.0, -9999.0, -9999.0, -9999.0, -9999.0, -9999.0, -9999.0, -9999.0, -9999.0, -9999.0, -9999.0, -9999.0, -9999.0, -9999.0, -9999.0, -9999.0, -9999.0, -9999.0, -9999.0, -9999.0, -9999.0, -9999.0, -9999.0, -9999.0, -9999.0, -9999.0, -9999.0, -9999.0, -9999.0, -9999.0, -9999.0, -9999.0, -9999.0, -9999.0, -9999.0, -9999.0, -9999.0, -9999.0, -9999.0, -9999.0, -9999.0, -9999.0, -9999.0, -9999.0, -9999.0, -9999.0, -9999.0, -9999.0, -9999.0, -9999.0, -9999.0, -9999.0, -9999.0, -9999.0, -9999.0, -9999.0, -9999.0, -9999.0, -9999.0, -9999.0, -9999.0, -9999.0, -9999.0, -9999.0, -9999.0, -9999.0, -9999.0, -9999.0, -9999.0, -9999.0, -9999.0, -9999.0, -9999.0, -9999.0, -9999.0, -9999.0, -9999.0, -9999.0, -9999.0, -9999.0, -9999.0, -9999.0, -9999.0, -9999.0, -9999.0, -9999.0, -9999.0, -9999.0, -9999.0, -9999.0, -9999.0, -9999.0, -9999.0, -9999.0, -9999.0, -9999.0, -9999.0, -9999.0, -9999.0, -9999.0, -9999.0, -9999.0, -9999.0, -9999.0, -9999.0, -9999.0, -9999.0, -9999.0, -9999.0, -9999.0, -9999.0, -9999.0, -9999.0, -9999.0, -9999.0, -9999.0, -9999.0, -9999.0, -9999.0, -9999.0, -9999.0, -9999.0, -9999.0, -9999.0, -9999.0, -9999.0, -9999.0, -9999.0, -9999.0, -9999.0, -9999.0, -9999.0, -9999.0, -9999.0, -9999.0, -9999.0, -9999.0, -9999.0, -9999.0]",
floatingse.member0.section_E,output,Pa,"[200000000000.0, 200000000000.0, 200000000000.0, 200000000000.0, 200000000000.0, 200000000000.0, 200000000000.0, 200000000000.0, 200000000000.0, 200000000000.0, 200000000000.0, 200000000000.0, 200000000000.0, 200000000000.0, 200000000000.0, 200000000000.0, 200000000000.0, 200000000000.0, -9999.0, -9999.0, -9999.0, -9999.0, -9999.0, -9999.0, -9999.0, -9999.0, -9999.0, -9999.0, -9999.0, -9999.0, -9999.0, -9999.0, -9999.0, -9999.0, -9999.0, -9999.0, -9999.0, -9999.0, -9999.0, -9999.0, -9999.0, -9999.0, -9999.0, -9999.0, -9999.0, -9999.0, -9999.0, -9999.0, -9999.0, -9999.0, -9999.0, -9999.0, -9999.0, -9999.0, -9999.0, -9999.0, -9999.0, -9999.0, -9999.0, -9999.0, -9999.0, -9999.0, -9999.0, -9999.0, -9999.0, -9999.0, -9999.0, -9999.0, -9999.0, -9999.0, -9999.0, -9999.0, -9999.0, -9999.0, -9999.0, -9999.0, -9999.0, -9999.0, -9999.0, -9999.0, -9999.0, -9999.0, -9999.0, -9999.0, -9999.0, -9999.0, -9999.0, -9999.0, -9999.0, -9999.0, -9999.0, -9999.0, -9999.0, -9999.0, -9999.0, -9999.0, -9999.0, -9999.0, -9999.0, -9999.0, -9999.0, -9999.0, -9999.0, -9999.0, -9999.0, -9999.0, -9999.0, -9999.0, -9999.0, -9999.0, -9999.0, -9999.0, -9999.0, -9999.0, -9999.0, -9999.0, -9999.0, -9999.0, -9999.0, -9999.0, -9999.0, -9999.0, -9999.0, -9999.0, -9999.0, -9999.0, -9999.0, -9999.0, -9999.0, -9999.0, -9999.0, -9999.0, -9999.0, -9999.0, -9999.0, -9999.0, -9999.0, -9999.0, -9999.0, -9999.0, -9999.0, -9999.0, -9999.0, -9999.0, -9999.0, -9999.0, -9999.0, -9999.0, -9999.0, -9999.0, -9999.0, -9999.0, -9999.0, -9999.0, -9999.0, -9999.0, -9999.0, -9999.0, -9999.0, -9999.0, -9999.0, -9999.0, -9999.0, -9999.0, -9999.0, -9999.0, -9999.0, -9999.0, -9999.0, -9999.0, -9999.0, -9999.0, -9999.0, -9999.0, -9999.0, -9999.0, -9999.0, -9999.0, -9999.0, -9999.0, -9999.0, -9999.0, -9999.0, -9999.0, -9999.0, -9999.0, -9999.0, -9999.0, -9999.0, -9999.0, -9999.0, -9999.0, -9999.0, -9999.0, -9999.0, -9999.0, -9999.0, -9999.0, -9999.0, -9999.0]",
floatingse.member0.section_G,output,Pa,"[79300000000.0, 79300000000.0, 79300000000.0, 79300000000.0, 79300000000.0, 79300000000.0, 79300000000.0, 79300000000.0, 79300000000.0, 79300000000.0, 79300000000.0, 79300000000.0, 79300000000.0, 79300000000.0, 79300000000.0, 79300000000.0, 79300000000.0, 79300000000.0, -9999.0, -9999.0, -9999.0, -9999.0, -9999.0, -9999.0, -9999.0, -9999.0, -9999.0, -9999.0, -9999.0, -9999.0, -9999.0, -9999.0, -9999.0, -9999.0, -9999.0, -9999.0, -9999.0, -9999.0, -9999.0, -9999.0, -9999.0, -9999.0, -9999.0, -9999.0, -9999.0, -9999.0, -9999.0, -9999.0, -9999.0, -9999.0, -9999.0, -9999.0, -9999.0, -9999.0, -9999.0, -9999.0, -9999.0, -9999.0, -9999.0, -9999.0, -9999.0, -9999.0, -9999.0, -9999.0, -9999.0, -9999.0, -9999.0, -9999.0, -9999.0, -9999.0, -9999.0, -9999.0, -9999.0, -9999.0, -9999.0, -9999.0, -9999.0, -9999.0, -9999.0, -9999.0, -9999.0, -9999.0, -9999.0, -9999.0, -9999.0, -9999.0, -9999.0, -9999.0, -9999.0, -9999.0, -9999.0, -9999.0, -9999.0, -9999.0, -9999.0, -9999.0, -9999.0, -9999.0, -9999.0, -9999.0, -9999.0, -9999.0, -9999.0, -9999.0, -9999.0, -9999.0, -9999.0, -9999.0, -9999.0, -9999.0, -9999.0, -9999.0, -9999.0, -9999.0, -9999.0, -9999.0, -9999.0, -9999.0, -9999.0, -9999.0, -9999.0, -9999.0, -9999.0, -9999.0, -9999.0, -9999.0, -9999.0, -9999.0, -9999.0, -9999.0, -9999.0, -9999.0, -9999.0, -9999.0, -9999.0, -9999.0, -9999.0, -9999.0, -9999.0, -9999.0, -9999.0, -9999.0, -9999.0, -9999.0, -9999.0, -9999.0, -9999.0, -9999.0, -9999.0, -9999.0, -9999.0, -9999.0, -9999.0, -9999.0, -9999.0, -9999.0, -9999.0, -9999.0, -9999.0, -9999.0, -9999.0, -9999.0, -9999.0, -9999.0, -9999.0, -9999.0, -9999.0, -9999.0, -9999.0, -9999.0, -9999.0, -9999.0, -9999.0, -9999.0, -9999.0, -9999.0, -9999.0, -9999.0, -9999.0, -9999.0, -9999.0, -9999.0, -9999.0, -9999.0, -9999.0, -9999.0, -9999.0, -9999.0, -9999.0, -9999.0, -9999.0, -9999.0, -9999.0, -9999.0, -9999.0, -9999.0, -9999.0, -9999.0, -9999.0, -9999.0]",
floatingse.member0.section_TorsC,output,m**3,"[0.0, 10.823351055342227, 0.0, 10.823351055342227, 10.823351055342227, 10.823351055342227, 10.823351055342227, 10.823351055342227, 0.0, 10.823351055342227, 10.823351055342227, 0.0, 0.0, 9.198471066951328, 6.345022314606005, 5.116453396993089, 5.116453396993089, 0.0, -9999.0, -9999.0, -9999.0, -9999.0, -9999.0, -9999.0, -9999.0, -9999.0, -9999.0, -9999.0, -9999.0, -9999.0, -9999.0, -9999.0, -9999.0, -9999.0, -9999.0, -9999.0, -9999.0, -9999.0, -9999.0, -9999.0, -9999.0, -9999.0, -9999.0, -9999.0, -9999.0, -9999.0, -9999.0, -9999.0, -9999.0, -9999.0, -9999.0, -9999.0, -9999.0, -9999.0, -9999.0, -9999.0, -9999.0, -9999.0, -9999.0, -9999.0, -9999.0, -9999.0, -9999.0, -9999.0, -9999.0, -9999.0, -9999.0, -9999.0, -9999.0, -9999.0, -9999.0, -9999.0, -9999.0, -9999.0, -9999.0, -9999.0, -9999.0, -9999.0, -9999.0, -9999.0, -9999.0, -9999.0, -9999.0, -9999.0, -9999.0, -9999.0, -9999.0, -9999.0, -9999.0, -9999.0, -9999.0, -9999.0, -9999.0, -9999.0, -9999.0, -9999.0, -9999.0, -9999.0, -9999.0, -9999.0, -9999.0, -9999.0, -9999.0, -9999.0, -9999.0, -9999.0, -9999.0, -9999.0, -9999.0, -9999.0, -9999.0, -9999.0, -9999.0, -9999.0, -9999.0, -9999.0, -9999.0, -9999.0, -9999.0, -9999.0, -9999.0, -9999.0, -9999.0, -9999.0, -9999.0, -9999.0, -9999.0, -9999.0, -9999.0, -9999.0, -9999.0, -9999.0, -9999.0, -9999.0, -9999.0, -9999.0, -9999.0, -9999.0, -9999.0, -9999.0, -9999.0, -9999.0, -9999.0, -9999.0, -9999.0, -9999.0, -9999.0, -9999.0, -9999.0, -9999.0, -9999.0, -9999.0, -9999.0, -9999.0, -9999.0, -9999.0, -9999.0, -9999.0, -9999.0, -9999.0, -9999.0, -9999.0, -9999.0, -9999.0, -9999.0, -9999.0, -9999.0, -9999.0, -9999.0, -9999.0, -9999.0, -9999.0, -9999.0, -9999.0, -9999.0, -9999.0, -9999.0, -9999.0, -9999.0, -9999.0, -9999.0, -9999.0, -9999.0, -9999.0, -9999.0, -9999.0, -9999.0, -9999.0, -9999.0, -9999.0, -9999.0, -9999.0, -9999.0, -9999.0, -9999.0, -9999.0, -9999.0, -9999.0, -9999.0, -9999.0]",
floatingse.member0.section_sigma_y,output,Pa,"[345000000.0, 345000000.0, 345000000.0, 345000000.0, 345000000.0, 345000000.0, 345000000.0, 345000000.0, 345000000.0, 345000000.0, 345000000.0, 345000000.0, 345000000.0, 345000000.0, 345000000.0, 345000000.0, 345000000.0, 345000000.0, -9999.0, -9999.0, -9999.0, -9999.0, -9999.0, -9999.0, -9999.0, -9999.0, -9999.0, -9999.0, -9999.0, -9999.0, -9999.0, -9999.0, -9999.0, -9999.0, -9999.0, -9999.0, -9999.0, -9999.0, -9999.0, -9999.0, -9999.0, -9999.0, -9999.0, -9999.0, -9999.0, -9999.0, -9999.0, -9999.0, -9999.0, -9999.0, -9999.0, -9999.0, -9999.0, -9999.0, -9999.0, -9999.0, -9999.0, -9999.0, -9999.0, -9999.0, -9999.0, -9999.0, -9999.0, -9999.0, -9999.0, -9999.0, -9999.0, -9999.0, -9999.0, -9999.0, -9999.0, -9999.0, -9999.0, -9999.0, -9999.0, -9999.0, -9999.0, -9999.0, -9999.0, -9999.0, -9999.0, -9999.0, -9999.0, -9999.0, -9999.0, -9999.0, -9999.0, -9999.0, -9999.0, -9999.0, -9999.0, -9999.0, -9999.0, -9999.0, -9999.0, -9999.0, -9999.0, -9999.0, -9999.0, -9999.0, -9999.0, -9999.0, -9999.0, -9999.0, -9999.0, -9999.0, -9999.0, -9999.0, -9999.0, -9999.0, -9999.0, -9999.0, -9999.0, -9999.0, -9999.0, -9999.0, -9999.0, -9999.0, -9999.0, -9999.0, -9999.0, -9999.0, -9999.0, -9999.0, -9999.0, -9999.0, -9999.0, -9999.0, -9999.0, -9999.0, -9999.0, -9999.0, -9999.0, -9999.0, -9999.0, -9999.0, -9999.0, -9999.0, -9999.0, -9999.0, -9999.0, -9999.0, -9999.0, -9999.0, -9999.0, -9999.0, -9999.0, -9999.0, -9999.0, -9999.0, -9999.0, -9999.0, -9999.0, -9999.0, -9999.0, -9999.0, -9999.0, -9999.0, -9999.0, -9999.0, -9999.0, -9999.0, -9999.0, -9999.0, -9999.0, -9999.0, -9999.0, -9999.0, -9999.0, -9999.0, -9999.0, -9999.0, -9999.0, -9999.0, -9999.0, -9999.0, -9999.0, -9999.0, -9999.0, -9999.0, -9999.0, -9999.0, -9999.0, -9999.0, -9999.0, -9999.0, -9999.0, -9999.0, -9999.0, -9999.0, -9999.0, -9999.0, -9999.0, -9999.0, -9999.0, -9999.0, -9999.0, -9999.0, -9999.0, -9999.0]",
floatingse.member1.constr_d_to_t,output,,10.0,
floatingse.member1.constr_taper,output,,1.0,
floatingse.member1.slope,output,,1.0,
floatingse.member1.ca_usr_grid_full,output,,"[-1.0, -1.0, -1.0]",
floatingse.member1.cd_usr_grid_full,output,,"[-1.0, -1.0, -1.0]",
floatingse.member1.nu_full,output,,"[0.26103404791929385, 0.26103404791929385]",
floatingse.member1.nodes_r,output,m,"[0.5, 0.5, 0.5]",
floatingse.member1.z_global,output,m,"[-70.0, -50.19225, -30.384500000000003]",
floatingse.member1.center_of_buoyancy,output,m,"[2.9058416017276447, 0.0, -52.52226307177722]",
floatingse.member1.displacement,output,m**3,27.689465975617342,
floatingse.member1.buoyancy_force,output,N,278320.3419026925,
floatingse.member1.idx_cb,output,,1.0,
floatingse.member1.Awater,output,m**2,0.0,
floatingse.member1.Iwaterx,output,m**4,0.0,
floatingse.member1.Iwatery,output,m**4,0.0,
floatingse.member1.added_mass,output,kg,"[28381.702625007776, 28381.702625007776, 170.83333333333331, 2939872.7273274693, 2939872.7273274693, 0.0]",
floatingse.member1.waterline_centroid,output,m,"[0.0, 0.0]",
floatingse.member1.z_dim,output,m,"[-70.0, -50.19225, -30.384500000000003]",
floatingse.member1.d_eff,output,m,"[1.008578032653481, 1.008578032653481, 1.008578032653481]",
floatingse.member1.section_height,output,m,39.95532305275481,
floatingse.member1.sigma_ult,output,Pa,450000000.0,
floatingse.member1.wohler_exp,output,,3.0,
floatingse.member1.wohler_A,output,,35534648443.719765,
floatingse.member1.z_param,output,m,"[-70.0, -30.044676947245193]",
floatingse.member1.sec_loc,output,,0.0,normalized sectional location
floatingse.member1.str_tw,output,deg,0.0,structural twist of section
floatingse.member1.tw_iner,output,deg,0.0,inertial twist of section
floatingse.member1.mass_den,output,kg/m,2205.398042820034,sectional mass per unit length
floatingse.member1.foreaft_iner,output,kg*m,226.05329938905354,sectional fore-aft intertia per unit length about the Y_G inertia axis
floatingse.member1.sideside_iner,output,kg*m,226.05329938905354,sectional side-side intertia per unit length about the Y_G inertia axis
floatingse.member1.foreaft_stff,output,N*m**2,5796238445.873168,sectional fore-aft bending stiffness per unit length about the Y_E elastic axis
floatingse.member1.sideside_stff,output,N*m**2,5796238445.873168,sectional side-side bending stiffness per unit length about the Y_E elastic axis
floatingse.member1.tor_stff,output,N*m**2,4596417087.577422,sectional torsional stiffness
floatingse.member1.axial_stff,output,N,56548667764.61626,sectional axial stiffness
floatingse.member1.cg_offst,output,m,0.0,offset from the sectional center of mass
floatingse.member1.sc_offst,output,m,0.0,offset from the sectional shear center
floatingse.member1.tc_offst,output,m,0.0,offset from the sectional tension center
floatingse.member1.axial_load2stress,output,m**2,"[[0.0, 0.0, 3.536776513153231, 17.252568356845025, 17.252568356845025, 0.0]]",
floatingse.member1.shear_load2stress,output,m**2,"[[5.475989575721907, 5.475989575721907, 0.0, 0.0, 0.0, 8.626284178422512]]",
floatingse.member1.shell_cost,output,USD,188666.52803163938,
floatingse.member1.shell_mass,output,kg,77752.02045953347,
floatingse.member1.shell_z_cg,output,m,17.627661526377402,
floatingse.member1.shell_I_base,output,kg*m**2,"[32221611.42605254, 32221611.42605254, 15939.164194204363, 0.0, 0.0, 0.0]",
floatingse.member1.bulkhead_mass,output,kg,156.8283052672025,
floatingse.member1.bulkhead_z_cg,output,m,17.627661526377402,
floatingse.member1.bulkhead_cost,output,USD,2492.6857586036667,
floatingse.member1.bulkhead_I_base,output,kg*m**2,"[97470.1877741753, 97470.1877741753, 12.546264421376202, 0.0, 0.0, 0.0]",
floatingse.member1.stiffener_mass,output,kg,0.0,
floatingse.member1.stiffener_z_cg,output,m,0.0,
floatingse.member1.stiffener_cost,output,USD,0.0,
floatingse.member1.stiffener_I_base,output,kg*m**2,"[0.0, 0.0, 0.0, 0.0, 0.0, 0.0]",
floatingse.member1.flange_spacing_ratio,output,,0.0,
floatingse.member1.stiffener_radius_ratio,output,,"[-9999.0, -9999.0, -9999.0, -9999.0, -9999.0, -9999.0, -9999.0, -9999.0, -9999.0, -9999.0, -9999.0, -9999.0, -9999.0, -9999.0, -9999.0, -9999.0, -9999.0, -9999.0, -9999.0, -9999.0, -9999.0, -9999.0, -9999.0, -9999.0, -9999.0, -9999.0, -9999.0, -9999.0, -9999.0, -9999.0, -9999.0, -9999.0, -9999.0, -9999.0, -9999.0, -9999.0, -9999.0, -9999.0, -9999.0, -9999.0, -9999.0, -9999.0, -9999.0, -9999.0, -9999.0, -9999.0, -9999.0, -9999.0, -9999.0, -9999.0, -9999.0, -9999.0, -9999.0, -9999.0, -9999.0, -9999.0, -9999.0, -9999.0, -9999.0, -9999.0, -9999.0, -9999.0, -9999.0, -9999.0, -9999.0, -9999.0, -9999.0, -9999.0, -9999.0, -9999.0, -9999.0, -9999.0, -9999.0, -9999.0, -9999.0, -9999.0, -9999.0, -9999.0, -9999.0, -9999.0, -9999.0, -9999.0, -9999.0, -9999.0, -9999.0, -9999.0, -9999.0, -9999.0, -9999.0, -9999.0, -9999.0, -9999.0, -9999.0, -9999.0, -9999.0, -9999.0, -9999.0, -9999.0, -9999.0, -9999.0, -9999.0, -9999.0, -9999.0, -9999.0, -9999.0, -9999.0, -9999.0, -9999.0, -9999.0, -9999.0, -9999.0, -9999.0, -9999.0, -9999.0, -9999.0, -9999.0, -9999.0, -9999.0, -9999.0, -9999.0, -9999.0, -9999.0, -9999.0, -9999.0, -9999.0, -9999.0, -9999.0, -9999.0, -9999.0, -9999.0, -9999.0, -9999.0, -9999.0, -9999.0, -9999.0, -9999.0, -9999.0, -9999.0, -9999.0, -9999.0, -9999.0, -9999.0, -9999.0, -9999.0, -9999.0, -9999.0, -9999.0, -9999.0, -9999.0, -9999.0, -9999.0, -9999.0, -9999.0, -9999.0, -9999.0, -9999.0, -9999.0, -9999.0, -9999.0, -9999.0, -9999.0, -9999.0, -9999.0, -9999.0, -9999.0, -9999.0, -9999.0, -9999.0, -9999.0, -9999.0, -9999.0, -9999.0, -9999.0, -9999.0, -9999.0, -9999.0, -9999.0, -9999.0, -9999.0, -9999.0, -9999.0, -9999.0, -9999.0, -9999.0, -9999.0, -9999.0, -9999.0, -9999.0, -9999.0, -9999.0, -9999.0, -9999.0, -9999.0, -9999.0, -9999.0, -9999.0, -9999.0, -9999.0, -9999.0, -9999.0]",
floatingse.member1.constr_flange_compactness,output,,0.0,
floatingse.member1.constr_web_compactness,output,,0.0,
floatingse.member1.ballast_cost,output,USD,0.0,
floatingse.member1.ballast_mass,output,kg,0.0,
floatingse.member1.ballast_height,output,,[],
floatingse.member1.ballast_z_cg,output,m,0.0,
floatingse.member1.ballast_I_base,output,kg*m**2,"[0.0, 0.0, 0.0, 0.0, 0.0, 0.0]",
floatingse.member1.variable_ballast_capacity,output,m**3,0.0,
floatingse.member1.variable_ballast_Vpts,output,m**3,"[0.0, 0.0, 0.0, 0.0, 0.0, 0.0, 0.0, 0.0, 0.0, 0.0]",
floatingse.member1.variable_ballast_spts,output,,"[0.0, 0.0, 0.0, 0.0, 0.0, 0.0, 0.0, 0.0, 0.0, 0.0]",
floatingse.member1.constr_ballast_capacity,output,,[],
floatingse.member1.total_mass,output,kg,77908.84876480067,
floatingse.member1.total_cost,output,USD,191159.21379024305,
floatingse.member1.structural_mass,output,kg,77908.84876480067,
floatingse.member1.structural_cost,output,USD,191159.21379024305,
floatingse.member1.z_cg,output,m,17.627661526377402,
floatingse.member1.I_total,output,kg*m**2,"[8110118.273539156, 8110118.273539156, 15951.71045862574, 0.0, 0.0, 0.0]",
floatingse.member1.s_all,output,,"[0.0, 0.0005005590862972902, 0.5, 0.8818680556338395, 0.8823686147201368, 1.0, -9999.0, -9999.0, -9999.0, -9999.0, -9999.0, -9999.0, -9999.0, -9999.0, -9999.0, -9999.0, -9999.0, -9999.0, -9999.0, -9999.0, -9999.0, -9999.0, -9999.0, -9999.0, -9999.0, -9999.0, -9999.0, -9999.0, -9999.0, -9999.0, -9999.0, -9999.0, -9999.0, -9999.0, -9999.0, -9999.0, -9999.0, -9999.0, -9999.0, -9999.0, -9999.0, -9999.0, -9999.0, -9999.0, -9999.0, -9999.0, -9999.0, -9999.0, -9999.0, -9999.0, -9999.0, -9999.0, -9999.0, -9999.0, -9999.0, -9999.0, -9999.0, -9999.0, -9999.0, -9999.0, -9999.0, -9999.0, -9999.0, -9999.0, -9999.0, -9999.0, -9999.0, -9999.0, -9999.0, -9999.0, -9999.0, -9999.0, -9999.0, -9999.0, -9999.0, -9999.0, -9999.0, -9999.0, -9999.0, -9999.0, -9999.0, -9999.0, -9999.0, -9999.0, -9999.0, -9999.0, -9999.0, -9999.0, -9999.0, -9999.0, -9999.0, -9999.0, -9999.0, -9999.0, -9999.0, -9999.0, -9999.0, -9999.0, -9999.0, -9999.0, -9999.0, -9999.0, -9999.0, -9999.0, -9999.0, -9999.0, -9999.0, -9999.0, -9999.0, -9999.0, -9999.0, -9999.0, -9999.0, -9999.0, -9999.0, -9999.0, -9999.0, -9999.0, -9999.0, -9999.0, -9999.0, -9999.0, -9999.0, -9999.0, -9999.0, -9999.0, -9999.0, -9999.0, -9999.0, -9999.0, -9999.0, -9999.0, -9999.0, -9999.0, -9999.0, -9999.0, -9999.0, -9999.0, -9999.0, -9999.0, -9999.0, -9999.0, -9999.0, -9999.0, -9999.0, -9999.0, -9999.0, -9999.0, -9999.0, -9999.0, -9999.0, -9999.0, -9999.0, -9999.0, -9999.0, -9999.0, -9999.0, -9999.0, -9999.0, -9999.0, -9999.0, -9999.0, -9999.0, -9999.0, -9999.0, -9999.0, -9999.0, -9999.0, -9999.0, -9999.0, -9999.0, -9999.0, -9999.0, -9999.0, -9999.0, -9999.0, -9999.0, -9999.0, -9999.0, -9999.0, -9999.0, -9999.0, -9999.0, -9999.0, -9999.0, -9999.0, -9999.0, -9999.0, -9999.0, -9999.0, -9999.0, -9999.0, -9999.0, -9999.0, -9999.0, -9999.0, -9999.0, -9999.0, -9999.0, -9999.0]",
floatingse.member1.center_of_mass,output,m,"[2.9058416017276447, 0.0, -52.52226307177722]",
floatingse.member1.nodes_xyz_all,output,m,"[[5.2, 0.0, -70.0], [5.197397092751254, 0.0, -69.98017010151679], [2.6, 0.0, -50.19225], [0.6142861107040343, 0.0, -35.06435604203763], [0.6116832034552884, 0.0, -35.04452614355442], [0.0, 0.0, -30.384500000000003], [-9999.0, -9999.0, -9999.0], [-9999.0, -9999.0, -9999.0], [-9999.0, -9999.0, -9999.0], [-9999.0, -9999.0, -9999.0], [-9999.0, -9999.0, -9999.0], [-9999.0, -9999.0, -9999.0], [-9999.0, -9999.0, -9999.0], [-9999.0, -9999.0, -9999.0], [-9999.0, -9999.0, -9999.0], [-9999.0, -9999.0, -9999.0], [-9999.0, -9999.0, -9999.0], [-9999.0, -9999.0, -9999.0], [-9999.0, -9999.0, -9999.0], [-9999.0, -9999.0, -9999.0], [-9999.0, -9999.0, -9999.0], [-9999.0, -9999.0, -9999.0], [-9999.0, -9999.0, -9999.0], [-9999.0, -9999.0, -9999.0], [-9999.0, -9999.0, -9999.0], [-9999.0, -9999.0, -9999.0], [-9999.0, -9999.0, -9999.0], [-9999.0, -9999.0, -9999.0], [-9999.0, -9999.0, -9999.0], [-9999.0, -9999.0, -9999.0], [-9999.0, -9999.0, -9999.0], [-9999.0, -9999.0, -9999.0], [-9999.0, -9999.0, -9999.0], [-9999.0, -9999.0, -9999.0], [-9999.0, -9999.0, -9999.0], [-9999.0, -9999.0, -9999.0], [-9999.0, -9999.0, -9999.0], [-9999.0, -9999.0, -9999.0], [-9999.0, -9999.0, -9999.0], [-9999.0, -9999.0, -9999.0], [-9999.0, -9999.0, -9999.0], [-9999.0, -9999.0, -9999.0], [-9999.0, -9999.0, -9999.0], [-9999.0, -9999.0, -9999.0], [-9999.0, -9999.0, -9999.0], [-9999.0, -9999.0, -9999.0], [-9999.0, -9999.0, -9999.0], [-9999.0, -9999.0, -9999.0], [-9999.0, -9999.0, -9999.0], [-9999.0, -9999.0, -9999.0], [-9999.0, -9999.0, -9999.0], [-9999.0, -9999.0, -9999.0], [-9999.0, -9999.0, -9999.0], [-9999.0, -9999.0, -9999.0], [-9999.0, -9999.0, -9999.0], [-9999.0, -9999.0, -9999.0], [-9999.0, -9999.0, -9999.0], [-9999.0, -9999.0, -9999.0], [-9999.0, -9999.0, -9999.0], [-9999.0, -9999.0, -9999.0], [-9999.0, -9999.0, -9999.0], [-9999.0, -9999.0, -9999.0], [-9999.0, -9999.0, -9999.0], [-9999.0, -9999.0, -9999.0], [-9999.0, -9999.0, -9999.0], [-9999.0, -9999.0, -9999.0], [-9999.0, -9999.0, -9999.0], [-9999.0, -9999.0, -9999.0], [-9999.0, -9999.0, -9999.0], [-9999.0, -9999.0, -9999.0], [-9999.0, -9999.0, -9999.0], [-9999.0, -9999.0, -9999.0], [-9999.0, -9999.0, -9999.0], [-9999.0, -9999.0, -9999.0], [-9999.0, -9999.0, -9999.0], [-9999.0, -9999.0, -9999.0], [-9999.0, -9999.0, -9999.0], [-9999.0, -9999.0, -9999.0], [-9999.0, -9999.0, -9999.0], [-9999.0, -9999.0, -9999.0], [-9999.0, -9999.0, -9999.0], [-9999.0, -9999.0, -9999.0], [-9999.0, -9999.0, -9999.0], [-9999.0, -9999.0, -9999.0], [-9999.0, -9999.0, -9999.0], [-9999.0, -9999.0, -9999.0], [-9999.0, -9999.0, -9999.0], [-9999.0, -9999.0, -9999.0], [-9999.0, -9999.0, -9999.0], [-9999.0, -9999.0, -9999.0], [-9999.0, -9999.0, -9999.0], [-9999.0, -9999.0, -9999.0], [-9999.0, -9999.0, -9999.0], [-9999.0, -9999.0, -9999.0], [-9999.0, -9999.0, -9999.0], [-9999.0, -9999.0, -9999.0], [-9999.0, -9999.0, -9999.0], [-9999.0, -9999.0, -9999.0], [-9999.0, -9999.0, -9999.0], [-9999.0, -9999.0, -9999.0], [-9999.0, -9999.0, -9999.0], [-9999.0, -9999.0, -9999.0], [-9999.0, -9999.0, -9999.0], [-9999.0, -9999.0, -9999.0], [-9999.0, -9999.0, -9999.0], [-9999.0, -9999.0, -9999.0], [-9999.0, -9999.0, -9999.0], [-9999.0, -9999.0, -9999.0], [-9999.0, -9999.0, -9999.0], [-9999.0, -9999.0, -9999.0], [-9999.0, -9999.0, -9999.0], [-9999.0, -9999.0, -9999.0], [-9999.0, -9999.0, -9999.0], [-9999.0, -9999.0, -9999.0], [-9999.0, -9999.0, -9999.0], [-9999.0, -9999.0, -9999.0], [-9999.0, -9999.0, -9999.0], [-9999.0, -9999.0, -9999.0], [-9999.0, -9999.0, -9999.0], [-9999.0, -9999.0, -9999.0], [-9999.0, -9999.0, -9999.0], [-9999.0, -9999.0, -9999.0], [-9999.0, -9999.0, -9999.0], [-9999.0, -9999.0, -9999.0], [-9999.0, -9999.0, -9999.0], [-9999.0, -9999.0, -9999.0], [-9999.0, -9999.0, -9999.0], [-9999.0, -9999.0, -9999.0], [-9999.0, -9999.0, -9999.0], [-9999.0, -9999.0, -9999.0], [-9999.0, -9999.0, -9999.0], [-9999.0, -9999.0, -9999.0], [-9999.0, -9999.0, -9999.0], [-9999.0, -9999.0, -9999.0], [-9999.0, -9999.0, -9999.0], [-9999.0, -9999.0, -9999.0], [-9999.0, -9999.0, -9999.0], [-9999.0, -9999.0, -9999.0], [-9999.0, -9999.0, -9999.0], [-9999.0, -9999.0, -9999.0], [-9999.0, -9999.0, -9999.0], [-9999.0, -9999.0, -9999.0], [-9999.0, -9999.0, -9999.0], [-9999.0, -9999.0, -9999.0], [-9999.0, -9999.0, -9999.0], [-9999.0, -9999.0, -9999.0], [-9999.0, -9999.0, -9999.0], [-9999.0, -9999.0, -9999.0], [-9999.0, -9999.0, -9999.0], [-9999.0, -9999.0, -9999.0], [-9999.0, -9999.0, -9999.0], [-9999.0, -9999.0, -9999.0], [-9999.0, -9999.0, -9999.0], [-9999.0, -9999.0, -9999.0], [-9999.0, -9999.0, -9999.0], [-9999.0, -9999.0, -9999.0], [-9999.0, -9999.0, -9999.0], [-9999.0, -9999.0, -9999.0], [-9999.0, -9999.0, -9999.0], [-9999.0, -9999.0, -9999.0], [-9999.0, -9999.0, -9999.0], [-9999.0, -9999.0, -9999.0], [-9999.0, -9999.0, -9999.0], [-9999.0, -9999.0, -9999.0], [-9999.0, -9999.0, -9999.0], [-9999.0, -9999.0, -9999.0], [-9999.0, -9999.0, -9999.0], [-9999.0, -9999.0, -9999.0], [-9999.0, -9999.0, -9999.0], [-9999.0, -9999.0, -9999.0], [-9999.0, -9999.0, -9999.0], [-9999.0, -9999.0, -9999.0], [-9999.0, -9999.0, -9999.0], [-9999.0, -9999.0, -9999.0], [-9999.0, -9999.0, -9999.0], [-9999.0, -9999.0, -9999.0], [-9999.0, -9999.0, -9999.0], [-9999.0, -9999.0, -9999.0], [-9999.0, -9999.0, -9999.0], [-9999.0, -9999.0, -9999.0], [-9999.0, -9999.0, -9999.0], [-9999.0, -9999.0, -9999.0], [-9999.0, -9999.0, -9999.0], [-9999.0, -9999.0, -9999.0], [-9999.0, -9999.0, -9999.0], [-9999.0, -9999.0, -9999.0], [-9999.0, -9999.0, -9999.0], [-9999.0, -9999.0, -9999.0], [-9999.0, -9999.0, -9999.0], [-9999.0, -9999.0, -9999.0], [-9999.0, -9999.0, -9999.0], [-9999.0, -9999.0, -9999.0], [-9999.0, -9999.0, -9999.0], [-9999.0, -9999.0, -9999.0], [-9999.0, -9999.0, -9999.0], [-9999.0, -9999.0, -9999.0], [-9999.0, -9999.0, -9999.0], [-9999.0, -9999.0, -9999.0], [-9999.0, -9999.0, -9999.0], [-9999.0, -9999.0, -9999.0]]",
floatingse.member1.section_D,output,m,"[1.0, 1.0, 1.0, 1.0, 0.01, -9999.0, -9999.0, -9999.0, -9999.0, -9999.0, -9999.0, -9999.0, -9999.0, -9999.0, -9999.0, -9999.0, -9999.0, -9999.0, -9999.0, -9999.0, -9999.0, -9999.0, -9999.0, -9999.0, -9999.0, -9999.0, -9999.0, -9999.0, -9999.0, -9999.0, -9999.0, -9999.0, -9999.0, -9999.0, -9999.0, -9999.0, -9999.0, -9999.0, -9999.0, -9999.0, -9999.0, -9999.0, -9999.0, -9999.0, -9999.0, -9999.0, -9999.0, -9999.0, -9999.0, -9999.0, -9999.0, -9999.0, -9999.0, -9999.0, -9999.0, -9999.0, -9999.0, -9999.0, -9999.0, -9999.0, -9999.0, -9999.0, -9999.0, -9999.0, -9999.0, -9999.0, -9999.0, -9999.0, -9999.0, -9999.0, -9999.0, -9999.0, -9999.0, -9999.0, -9999.0, -9999.0, -9999.0, -9999.0, -9999.0, -9999.0, -9999.0, -9999.0, -9999.0, -9999.0, -9999.0, -9999.0, -9999.0, -9999.0, -9999.0, -9999.0, -9999.0, -9999.0, -9999.0, -9999.0, -9999.0, -9999.0, -9999.0, -9999.0, -9999.0, -9999.0, -9999.0, -9999.0, -9999.0, -9999.0, -9999.0, -9999.0, -9999.0, -9999.0, -9999.0, -9999.0, -9999.0, -9999.0, -9999.0, -9999.0, -9999.0, -9999.0, -9999.0, -9999.0, -9999.0, -9999.0, -9999.0, -9999.0, -9999.0, -9999.0, -9999.0, -9999.0, -9999.0, -9999.0, -9999.0, -9999.0, -9999.0, -9999.0, -9999.0, -9999.0, -9999.0, -9999.0, -9999.0, -9999.0, -9999.0, -9999.0, -9999.0, -9999.0, -9999.0, -9999.0, -9999.0, -9999.0, -9999.0, -9999.0, -9999.0, -9999.0, -9999.0, -9999.0, -9999.0, -9999.0, -9999.0, -9999.0, -9999.0, -9999.0, -9999.0, -9999.0, -9999.0, -9999.0, -9999.0, -9999.0, -9999.0, -9999.0, -9999.0, -9999.0, -9999.0, -9999.0, -9999.0, -9999.0, -9999.0, -9999.0, -9999.0, -9999.0, -9999.0, -9999.0, -9999.0, -9999.0, -9999.0, -9999.0, -9999.0, -9999.0, -9999.0, -9999.0, -9999.0, -9999.0, -9999.0, -9999.0, -9999.0, -9999.0, -9999.0, -9999.0, -9999.0, -9999.0, -9999.0, -9999.0, -9999.0, -9999.0]",
floatingse.member1.nodes_r_all,output,m,"[0.5, 0.5, 0.5, 0.5, 0.5, 0.5, -9999.0, -9999.0, -9999.0, -9999.0, -9999.0, -9999.0, -9999.0, -9999.0, -9999.0, -9999.0, -9999.0, -9999.0, -9999.0, -9999.0, -9999.0, -9999.0, -9999.0, -9999.0, -9999.0, -9999.0, -9999.0, -9999.0, -9999.0, -9999.0, -9999.0, -9999.0, -9999.0, -9999.0, -9999.0, -9999.0, -9999.0, -9999.0, -9999.0, -9999.0, -9999.0, -9999.0, -9999.0, -9999.0, -9999.0, -9999.0, -9999.0, -9999.0, -9999.0, -9999.0, -9999.0, -9999.0, -9999.0, -9999.0, -9999.0, -9999.0, -9999.0, -9999.0, -9999.0, -9999.0, -9999.0, -9999.0, -9999.0, -9999.0, -9999.0, -9999.0, -9999.0, -9999.0, -9999.0, -9999.0, -9999.0, -9999.0, -9999.0, -9999.0, -9999.0, -9999.0, -9999.0, -9999.0, -9999.0, -9999.0, -9999.0, -9999.0, -9999.0, -9999.0, -9999.0, -9999.0, -9999.0, -9999.0, -9999.0, -9999.0, -9999.0, -9999.0, -9999.0, -9999.0, -9999.0, -9999.0, -9999.0, -9999.0, -9999.0, -9999.0, -9999.0, -9999.0, -9999.0, -9999.0, -9999.0, -9999.0, -9999.0, -9999.0, -9999.0, -9999.0, -9999.0, -9999.0, -9999.0, -9999.0, -9999.0, -9999.0, -9999.0, -9999.0, -9999.0, -9999.0, -9999.0, -9999.0, -9999.0, -9999.0, -9999.0, -9999.0, -9999.0, -9999.0, -9999.0, -9999.0, -9999.0, -9999.0, -9999.0, -9999.0, -9999.0, -9999.0, -9999.0, -9999.0, -9999.0, -9999.0, -9999.0, -9999.0, -9999.0, -9999.0, -9999.0, -9999.0, -9999.0, -9999.0, -9999.0, -9999.0, -9999.0, -9999.0, -9999.0, -9999.0, -9999.0, -9999.0, -9999.0, -9999.0, -9999.0, -9999.0, -9999.0, -9999.0, -9999.0, -9999.0, -9999.0, -9999.0, -9999.0, -9999.0, -9999.0, -9999.0, -9999.0, -9999.0, -9999.0, -9999.0, -9999.0, -9999.0, -9999.0, -9999.0, -9999.0, -9999.0, -9999.0, -9999.0, -9999.0, -9999.0, -9999.0, -9999.0, -9999.0, -9999.0, -9999.0, -9999.0, -9999.0, -9999.0, -9999.0, -9999.0, -9999.0, -9999.0, -9999.0, -9999.0, -9999.0, -9999.0]",
floatingse.member1.section_t,output,m,"[0.5, 0.1, 0.1, 0.5, 0.01, -9999.0, -9999.0, -9999.0, -9999.0, -9999.0, -9999.0, -9999.0, -9999.0, -9999.0, -9999.0, -9999.0, -9999.0, -9999.0, -9999.0, -9999.0, -9999.0, -9999.0, -9999.0, -9999.0, -9999.0, -9999.0, -9999.0, -9999.0, -9999.0, -9999.0, -9999.0, -9999.0, -9999.0, -9999.0, -9999.0, -9999.0, -9999.0, -9999.0, -9999.0, -9999.0, -9999.0, -9999.0, -9999.0, -9999.0, -9999.0, -9999.0, -9999.0, -9999.0, -9999.0, -9999.0, -9999.0, -9999.0, -9999.0, -9999.0, -9999.0, -9999.0, -9999.0, -9999.0, -9999.0, -9999.0, -9999.0, -9999.0, -9999.0, -9999.0, -9999.0, -9999.0, -9999.0, -9999.0, -9999.0, -9999.0, -9999.0, -9999.0, -9999.0, -9999.0, -9999.0, -9999.0, -9999.0, -9999.0, -9999.0, -9999.0, -9999.0, -9999.0, -9999.0, -9999.0, -9999.0, -9999.0, -9999.0, -9999.0, -9999.0, -9999.0, -9999.0, -9999.0, -9999.0, -9999.0, -9999.0, -9999.0, -9999.0, -9999.0, -9999.0, -9999.0, -9999.0, -9999.0, -9999.0, -9999.0, -9999.0, -9999.0, -9999.0, -9999.0, -9999.0, -9999.0, -9999.0, -9999.0, -9999.0, -9999.0, -9999.0, -9999.0, -9999.0, -9999.0, -9999.0, -9999.0, -9999.0, -9999.0, -9999.0, -9999.0, -9999.0, -9999.0, -9999.0, -9999.0, -9999.0, -9999.0, -9999.0, -9999.0, -9999.0, -9999.0, -9999.0, -9999.0, -9999.0, -9999.0, -9999.0, -9999.0, -9999.0, -9999.0, -9999.0, -9999.0, -9999.0, -9999.0, -9999.0, -9999.0, -9999.0, -9999.0, -9999.0, -9999.0, -9999.0, -9999.0, -9999.0, -9999.0, -9999.0, -9999.0, -9999.0, -9999.0, -9999.0, -9999.0, -9999.0, -9999.0, -9999.0, -9999.0, -9999.0, -9999.0, -9999.0, -9999.0, -9999.0, -9999.0, -9999.0, -9999.0, -9999.0, -9999.0, -9999.0, -9999.0, -9999.0, -9999.0, -9999.0, -9999.0, -9999.0, -9999.0, -9999.0, -9999.0, -9999.0, -9999.0, -9999.0, -9999.0, -9999.0, -9999.0, -9999.0, -9999.0, -9999.0, -9999.0, -9999.0, -9999.0, -9999.0, -9999.0]",
floatingse.member1.section_A,output,m**2,"[0.7853981633974483, 0.2827433388230813, 0.2827433388230813, 0.7853981633974483, 0.01, -9999.0, -9999.0, -9999.0, -9999.0, -9999.0, -9999.0, -9999.0, -9999.0, -9999.0, -9999.0, -9999.0, -9999.0, -9999.0, -9999.0, -9999.0, -9999.0, -9999.0, -9999.0, -9999.0, -9999.0, -9999.0, -9999.0, -9999.0, -9999.0, -9999.0, -9999.0, -9999.0, -9999.0, -9999.0, -9999.0, -9999.0, -9999.0, -9999.0, -9999.0, -9999.0, -9999.0, -9999.0, -9999.0, -9999.0, -9999.0, -9999.0, -9999.0, -9999.0, -9999.0, -9999.0, -9999.0, -9999.0, -9999.0, -9999.0, -9999.0, -9999.0, -9999.0, -9999.0, -9999.0, -9999.0, -9999.0, -9999.0, -9999.0, -9999.0, -9999.0, -9999.0, -9999.0, -9999.0, -9999.0, -9999.0, -9999.0, -9999.0, -9999.0, -9999.0, -9999.0, -9999.0, -9999.0, -9999.0, -9999.0, -9999.0, -9999.0, -9999.0, -9999.0, -9999.0, -9999.0, -9999.0, -9999.0, -9999.0, -9999.0, -9999.0, -9999.0, -9999.0, -9999.0, -9999.0, -9999.0, -9999.0, -9999.0, -9999.0, -9999.0, -9999.0, -9999.0, -9999.0, -9999.0, -9999.0, -9999.0, -9999.0, -9999.0, -9999.0, -9999.0, -9999.0, -9999.0, -9999.0, -9999.0, -9999.0, -9999.0, -9999.0, -9999.0, -9999.0, -9999.0, -9999.0, -9999.0, -9999.0, -9999.0, -9999.0, -9999.0, -9999.0, -9999.0, -9999.0, -9999.0, -9999.0, -9999.0, -9999.0, -9999.0, -9999.0, -9999.0, -9999.0, -9999.0, -9999.0, -9999.0, -9999.0, -9999.0, -9999.0, -9999.0, -9999.0, -9999.0, -9999.0, -9999.0, -9999.0, -9999.0, -9999.0, -9999.0, -9999.0, -9999.0, -9999.0, -9999.0, -9999.0, -9999.0, -9999.0, -9999.0, -9999.0, -9999.0, -9999.0, -9999.0, -9999.0, -9999.0, -9999.0, -9999.0, -9999.0, -9999.0, -9999.0, -9999.0, -9999.0, -9999.0, -9999.0, -9999.0, -9999.0, -9999.0, -9999.0, -9999.0, -9999.0, -9999.0, -9999.0, -9999.0, -9999.0, -9999.0, -9999.0, -9999.0, -9999.0, -9999.0, -9999.0, -9999.0, -9999.0, -9999.0, -9999.0, -9999.0, -9999.0, -9999.0, -9999.0, -9999.0, -9999.0]",
floatingse.member1.section_Asx,output,m**2,"[0.698606753390037, 0.18261539511206404, 0.18261539511206404, 0.698606753390037, 0.01, -9999.0, -9999.0, -9999.0, -9999.0, -9999.0, -9999.0, -9999.0, -9999.0, -9999.0, -9999.0, -9999.0, -9999.0, -9999.0, -9999.0, -9999.0, -9999.0, -9999.0, -9999.0, -9999.0, -9999.0, -9999.0, -9999.0, -9999.0, -9999.0, -9999.0, -9999.0, -9999.0, -9999.0, -9999.0, -9999.0, -9999.0, -9999.0, -9999.0, -9999.0, -9999.0, -9999.0, -9999.0, -9999.0, -9999.0, -9999.0, -9999.0, -9999.0, -9999.0, -9999.0, -9999.0, -9999.0, -9999.0, -9999.0, -9999.0, -9999.0, -9999.0, -9999.0, -9999.0, -9999.0, -9999.0, -9999.0, -9999.0, -9999.0, -9999.0, -9999.0, -9999.0, -9999.0, -9999.0, -9999.0, -9999.0, -9999.0, -9999.0, -9999.0, -9999.0, -9999.0, -9999.0, -9999.0, -9999.0, -9999.0, -9999.0, -9999.0, -9999.0, -9999.0, -9999.0, -9999.0, -9999.0, -9999.0, -9999.0, -9999.0, -9999.0, -9999.0, -9999.0, -9999.0, -9999.0, -9999.0, -9999.0, -9999.0, -9999.0, -9999.0, -9999.0, -9999.0, -9999.0, -9999.0, -9999.0, -9999.0, -9999.0, -9999.0, -9999.0, -9999.0, -9999.0, -9999.0, -9999.0, -9999.0, -9999.0, -9999.0, -9999.0, -9999.0, -9999.0, -9999.0, -9999.0, -9999.0, -9999.0, -9999.0, -9999.0, -9999.0, -9999.0, -9999.0, -9999.0, -9999.0, -9999.0, -9999.0, -9999.0, -9999.0, -9999.0, -9999.0, -9999.0, -9999.0, -9999.0, -9999.0, -9999.0, -9999.0, -9999.0, -9999.0, -9999.0, -9999.0, -9999.0, -9999.0, -9999.0, -9999.0, -9999.0, -9999.0, -9999.0, -9999.0, -9999.0, -9999.0, -9999.0, -9999.0, -9999.0, -9999.0, -9999.0, -9999.0, -9999.0, -9999.0, -9999.0, -9999.0, -9999.0, -9999.0, -9999.0, -9999.0, -9999.0, -9999.0, -9999.0, -9999.0, -9999.0, -9999.0, -9999.0, -9999.0, -9999.0, -9999.0, -9999.0, -9999.0, -9999.0, -9999.0, -9999.0, -9999.0, -9999.0, -9999.0, -9999.0, -9999.0, -9999.0, -9999.0, -9999.0, -9999.0, -9999.0, -9999.0, -9999.0, -9999.0, -9999.0, -9999.0, -9999.0]",
floatingse.member1.section_Asy,output,m**2,"[0.698606753390037, 0.18261539511206404, 0.18261539511206404, 0.698606753390037, 0.01, -9999.0, -9999.0, -9999.0, -9999.0, -9999.0, -9999.0, -9999.0, -9999.0, -9999.0, -9999.0, -9999.0, -9999.0, -9999.0, -9999.0, -9999.0, -9999.0, -9999.0, -9999.0, -9999.0, -9999.0, -9999.0, -9999.0, -9999.0, -9999.0, -9999.0, -9999.0, -9999.0, -9999.0, -9999.0, -9999.0, -9999.0, -9999.0, -9999.0, -9999.0, -9999.0, -9999.0, -9999.0, -9999.0, -9999.0, -9999.0, -9999.0, -9999.0, -9999.0, -9999.0, -9999.0, -9999.0, -9999.0, -9999.0, -9999.0, -9999.0, -9999.0, -9999.0, -9999.0, -9999.0, -9999.0, -9999.0, -9999.0, -9999.0, -9999.0, -9999.0, -9999.0, -9999.0, -9999.0, -9999.0, -9999.0, -9999.0, -9999.0, -9999.0, -9999.0, -9999.0, -9999.0, -9999.0, -9999.0, -9999.0, -9999.0, -9999.0, -9999.0, -9999.0, -9999.0, -9999.0, -9999.0, -9999.0, -9999.0, -9999.0, -9999.0, -9999.0, -9999.0, -9999.0, -9999.0, -9999.0, -9999.0, -9999.0, -9999.0, -9999.0, -9999.0, -9999.0, -9999.0, -9999.0, -9999.0, -9999.0, -9999.0, -9999.0, -9999.0, -9999.0, -9999.0, -9999.0, -9999.0, -9999.0, -9999.0, -9999.0, -9999.0, -9999.0, -9999.0, -9999.0, -9999.0, -9999.0, -9999.0, -9999.0, -9999.0, -9999.0, -9999.0, -9999.0, -9999.0, -9999.0, -9999.0, -9999.0, -9999.0, -9999.0, -9999.0, -9999.0, -9999.0, -9999.0, -9999.0, -9999.0, -9999.0, -9999.0, -9999.0, -9999.0, -9999.0, -9999.0, -9999.0, -9999.0, -9999.0, -9999.0, -9999.0, -9999.0, -9999.0, -9999.0, -9999.0, -9999.0, -9999.0, -9999.0, -9999.0, -9999.0, -9999.0, -9999.0, -9999.0, -9999.0, -9999.0, -9999.0, -9999.0, -9999.0, -9999.0, -9999.0, -9999.0, -9999.0, -9999.0, -9999.0, -9999.0, -9999.0, -9999.0, -9999.0, -9999.0, -9999.0, -9999.0, -9999.0, -9999.0, -9999.0, -9999.0, -9999.0, -9999.0, -9999.0, -9999.0, -9999.0, -9999.0, -9999.0, -9999.0, -9999.0, -9999.0, -9999.0, -9999.0, -9999.0, -9999.0, -9999.0, -9999.0]",
floatingse.member1.section_Ixx,output,kg*m**2,"[0.04908738521234052, 0.028981192229365838, 0.028981192229365838, 0.04908738521234052, 0.01, -9999.0, -9999.0, -9999.0, -9999.0, -9999.0, -9999.0, -9999.0, -9999.0, -9999.0, -9999.0, -9999.0, -9999.0, -9999.0, -9999.0, -9999.0, -9999.0, -9999.0, -9999.0, -9999.0, -9999.0, -9999.0, -9999.0, -9999.0, -9999.0, -9999.0, -9999.0, -9999.0, -9999.0, -9999.0, -9999.0, -9999.0, -9999.0, -9999.0, -9999.0, -9999.0, -9999.0, -9999.0, -9999.0, -9999.0, -9999.0, -9999.0, -9999.0, -9999.0, -9999.0, -9999.0, -9999.0, -9999.0, -9999.0, -9999.0, -9999.0, -9999.0, -9999.0, -9999.0, -9999.0, -9999.0, -9999.0, -9999.0, -9999.0, -9999.0, -9999.0, -9999.0, -9999.0, -9999.0, -9999.0, -9999.0, -9999.0, -9999.0, -9999.0, -9999.0, -9999.0, -9999.0, -9999.0, -9999.0, -9999.0, -9999.0, -9999.0, -9999.0, -9999.0, -9999.0, -9999.0, -9999.0, -9999.0, -9999.0, -9999.0, -9999.0, -9999.0, -9999.0, -9999.0, -9999.0, -9999.0, -9999.0, -9999.0, -9999.0, -9999.0, -9999.0, -9999.0, -9999.0, -9999.0, -9999.0, -9999.0, -9999.0, -9999.0, -9999.0, -9999.0, -9999.0, -9999.0, -9999.0, -9999.0, -9999.0, -9999.0, -9999.0, -9999.0, -9999.0, -9999.0, -9999.0, -9999.0, -9999.0, -9999.0, -9999.0, -9999.0, -9999.0, -9999.0, -9999.0, -9999.0, -9999.0, -9999.0, -9999.0, -9999.0, -9999.0, -9999.0, -9999.0, -9999.0, -9999.0, -9999.0, -9999.0, -9999.0, -9999.0, -9999.0, -9999.0, -9999.0, -9999.0, -9999.0, -9999.0, -9999.0, -9999.0, -9999.0, -9999.0, -9999.0, -9999.0, -9999.0, -9999.0, -9999.0, -9999.0, -9999.0, -9999.0, -9999.0, -9999.0, -9999.0, -9999.0, -9999.0, -9999.0, -9999.0, -9999.0, -9999.0, -9999.0, -9999.0, -9999.0, -9999.0, -9999.0, -9999.0, -9999.0, -9999.0, -9999.0, -9999.0, -9999.0, -9999.0, -9999.0, -9999.0, -9999.0, -9999.0, -9999.0, -9999.0, -9999.0, -9999.0, -9999.0, -9999.0, -9999.0, -9999.0, -9999.0, -9999.0, -9999.0, -9999.0, -9999.0, -9999.0, -9999.0]",
floatingse.member1.section_Iyy,output,kg*m**2,"[0.04908738521234052, 0.028981192229365838, 0.028981192229365838, 0.04908738521234052, 0.01, -9999.0, -9999.0, -9999.0, -9999.0, -9999.0, -9999.0, -9999.0, -9999.0, -9999.0, -9999.0, -9999.0, -9999.0, -9999.0, -9999.0, -9999.0, -9999.0, -9999.0, -9999.0, -9999.0, -9999.0, -9999.0, -9999.0, -9999.0, -9999.0, -9999.0, -9999.0, -9999.0, -9999.0, -9999.0, -9999.0, -9999.0, -9999.0, -9999.0, -9999.0, -9999.0, -9999.0, -9999.0, -9999.0, -9999.0, -9999.0, -9999.0, -9999.0, -9999.0, -9999.0, -9999.0, -9999.0, -9999.0, -9999.0, -9999.0, -9999.0, -9999.0, -9999.0, -9999.0, -9999.0, -9999.0, -9999.0, -9999.0, -9999.0, -9999.0, -9999.0, -9999.0, -9999.0, -9999.0, -9999.0, -9999.0, -9999.0, -9999.0, -9999.0, -9999.0, -9999.0, -9999.0, -9999.0, -9999.0, -9999.0, -9999.0, -9999.0, -9999.0, -9999.0, -9999.0, -9999.0, -9999.0, -9999.0, -9999.0, -9999.0, -9999.0, -9999.0, -9999.0, -9999.0, -9999.0, -9999.0, -9999.0, -9999.0, -9999.0, -9999.0, -9999.0, -9999.0, -9999.0, -9999.0, -9999.0, -9999.0, -9999.0, -9999.0, -9999.0, -9999.0, -9999.0, -9999.0, -9999.0, -9999.0, -9999.0, -9999.0, -9999.0, -9999.0, -9999.0, -9999.0, -9999.0, -9999.0, -9999.0, -9999.0, -9999.0, -9999.0, -9999.0, -9999.0, -9999.0, -9999.0, -9999.0, -9999.0, -9999.0, -9999.0, -9999.0, -9999.0, -9999.0, -9999.0, -9999.0, -9999.0, -9999.0, -9999.0, -9999.0, -9999.0, -9999.0, -9999.0, -9999.0, -9999.0, -9999.0, -9999.0, -9999.0, -9999.0, -9999.0, -9999.0, -9999.0, -9999.0, -9999.0, -9999.0, -9999.0, -9999.0, -9999.0, -9999.0, -9999.0, -9999.0, -9999.0, -9999.0, -9999.0, -9999.0, -9999.0, -9999.0, -9999.0, -9999.0, -9999.0, -9999.0, -9999.0, -9999.0, -9999.0, -9999.0, -9999.0, -9999.0, -9999.0, -9999.0, -9999.0, -9999.0, -9999.0, -9999.0, -9999.0, -9999.0, -9999.0, -9999.0, -9999.0, -9999.0, -9999.0, -9999.0, -9999.0, -9999.0, -9999.0, -9999.0, -9999.0, -9999.0, -9999.0]",
floatingse.member1.section_J0,output,kg*m**2,"[0.09817477042468103, 0.057962384458731676, 0.057962384458731676, 0.09817477042468103, 0.01, -9999.0, -9999.0, -9999.0, -9999.0, -9999.0, -9999.0, -9999.0, -9999.0, -9999.0, -9999.0, -9999.0, -9999.0, -9999.0, -9999.0, -9999.0, -9999.0, -9999.0, -9999.0, -9999.0, -9999.0, -9999.0, -9999.0, -9999.0, -9999.0, -9999.0, -9999.0, -9999.0, -9999.0, -9999.0, -9999.0, -9999.0, -9999.0, -9999.0, -9999.0, -9999.0, -9999.0, -9999.0, -9999.0, -9999.0, -9999.0, -9999.0, -9999.0, -9999.0, -9999.0, -9999.0, -9999.0, -9999.0, -9999.0, -9999.0, -9999.0, -9999.0, -9999.0, -9999.0, -9999.0, -9999.0, -9999.0, -9999.0, -9999.0, -9999.0, -9999.0, -9999.0, -9999.0, -9999.0, -9999.0, -9999.0, -9999.0, -9999.0, -9999.0, -9999.0, -9999.0, -9999.0, -9999.0, -9999.0, -9999.0, -9999.0, -9999.0, -9999.0, -9999.0, -9999.0, -9999.0, -9999.0, -9999.0, -9999.0, -9999.0, -9999.0, -9999.0, -9999.0, -9999.0, -9999.0, -9999.0, -9999.0, -9999.0, -9999.0, -9999.0, -9999.0, -9999.0, -9999.0, -9999.0, -9999.0, -9999.0, -9999.0, -9999.0, -9999.0, -9999.0, -9999.0, -9999.0, -9999.0, -9999.0, -9999.0, -9999.0, -9999.0, -9999.0, -9999.0, -9999.0, -9999.0, -9999.0, -9999.0, -9999.0, -9999.0, -9999.0, -9999.0, -9999.0, -9999.0, -9999.0, -9999.0, -9999.0, -9999.0, -9999.0, -9999.0, -9999.0, -9999.0, -9999.0, -9999.0, -9999.0, -9999.0, -9999.0, -9999.0, -9999.0, -9999.0, -9999.0, -9999.0, -9999.0, -9999.0, -9999.0, -9999.0, -9999.0, -9999.0, -9999.0, -9999.0, -9999.0, -9999.0, -9999.0, -9999.0, -9999.0, -9999.0, -9999.0, -9999.0, -9999.0, -9999.0, -9999.0, -9999.0, -9999.0, -9999.0, -9999.0, -9999.0, -9999.0, -9999.0, -9999.0, -9999.0, -9999.0, -9999.0, -9999.0, -9999.0, -9999.0, -9999.0, -9999.0, -9999.0, -9999.0, -9999.0, -9999.0, -9999.0, -9999.0, -9999.0, -9999.0, -9999.0, -9999.0, -9999.0, -9999.0, -9999.0, -9999.0, -9999.0, -9999.0, -9999.0, -9999.0, -9999.0]",
floatingse.member1.section_rho,output,kg/m**3,"[7800.0, 7800.0, 7800.0, 7800.0, 0.01, -9999.0, -9999.0, -9999.0, -9999.0, -9999.0, -9999.0, -9999.0, -9999.0, -9999.0, -9999.0, -9999.0, -9999.0, -9999.0, -9999.0, -9999.0, -9999.0, -9999.0, -9999.0, -9999.0, -9999.0, -9999.0, -9999.0, -9999.0, -9999.0, -9999.0, -9999.0, -9999.0, -9999.0, -9999.0, -9999.0, -9999.0, -9999.0, -9999.0, -9999.0, -9999.0, -9999.0, -9999.0, -9999.0, -9999.0, -9999.0, -9999.0, -9999.0, -9999.0, -9999.0, -9999.0, -9999.0, -9999.0, -9999.0, -9999.0, -9999.0, -9999.0, -9999.0, -9999.0, -9999.0, -9999.0, -9999.0, -9999.0, -9999.0, -9999.0, -9999.0, -9999.0, -9999.0, -9999.0, -9999.0, -9999.0, -9999.0, -9999.0, -9999.0, -9999.0, -9999.0, -9999.0, -9999.0, -9999.0, -9999.0, -9999.0, -9999.0, -9999.0, -9999.0, -9999.0, -9999.0, -9999.0, -9999.0, -9999.0, -9999.0, -9999.0, -9999.0, -9999.0, -9999.0, -9999.0, -9999.0, -9999.0, -9999.0, -9999.0, -9999.0, -9999.0, -9999.0, -9999.0, -9999.0, -9999.0, -9999.0, -9999.0, -9999.0, -9999.0, -9999.0, -9999.0, -9999.0, -9999.0, -9999.0, -9999.0, -9999.0, -9999.0, -9999.0, -9999.0, -9999.0, -9999.0, -9999.0, -9999.0, -9999.0, -9999.0, -9999.0, -9999.0, -9999.0, -9999.0, -9999.0, -9999.0, -9999.0, -9999.0, -9999.0, -9999.0, -9999.0, -9999.0, -9999.0, -9999.0, -9999.0, -9999.0, -9999.0, -9999.0, -9999.0, -9999.0, -9999.0, -9999.0, -9999.0, -9999.0, -9999.0, -9999.0, -9999.0, -9999.0, -9999.0, -9999.0, -9999.0, -9999.0, -9999.0, -9999.0, -9999.0, -9999.0, -9999.0, -9999.0, -9999.0, -9999.0, -9999.0, -9999.0, -9999.0, -9999.0, -9999.0, -9999.0, -9999.0, -9999.0, -9999.0, -9999.0, -9999.0, -9999.0, -9999.0, -9999.0, -9999.0, -9999.0, -9999.0, -9999.0, -9999.0, -9999.0, -9999.0, -9999.0, -9999.0, -9999.0, -9999.0, -9999.0, -9999.0, -9999.0, -9999.0, -9999.0, -9999.0, -9999.0, -9999.0, -9999.0, -9999.0, -9999.0]",
floatingse.member1.section_E,output,Pa,"[200000000000.0, 200000000000.0, 200000000000.0, 200000000000.0, 20000000000000.0, -9999.0, -9999.0, -9999.0, -9999.0, -9999.0, -9999.0, -9999.0, -9999.0, -9999.0, -9999.0, -9999.0, -9999.0, -9999.0, -9999.0, -9999.0, -9999.0, -9999.0, -9999.0, -9999.0, -9999.0, -9999.0, -9999.0, -9999.0, -9999.0, -9999.0, -9999.0, -9999.0, -9999.0, -9999.0, -9999.0, -9999.0, -9999.0, -9999.0, -9999.0, -9999.0, -9999.0, -9999.0, -9999.0, -9999.0, -9999.0, -9999.0, -9999.0, -9999.0, -9999.0, -9999.0, -9999.0, -9999.0, -9999.0, -9999.0, -9999.0, -9999.0, -9999.0, -9999.0, -9999.0, -9999.0, -9999.0, -9999.0, -9999.0, -9999.0, -9999.0, -9999.0, -9999.0, -9999.0, -9999.0, -9999.0, -9999.0, -9999.0, -9999.0, -9999.0, -9999.0, -9999.0, -9999.0, -9999.0, -9999.0, -9999.0, -9999.0, -9999.0, -9999.0, -9999.0, -9999.0, -9999.0, -9999.0, -9999.0, -9999.0, -9999.0, -9999.0, -9999.0, -9999.0, -9999.0, -9999.0, -9999.0, -9999.0, -9999.0, -9999.0, -9999.0, -9999.0, -9999.0, -9999.0, -9999.0, -9999.0, -9999.0, -9999.0, -9999.0, -9999.0, -9999.0, -9999.0, -9999.0, -9999.0, -9999.0, -9999.0, -9999.0, -9999.0, -9999.0, -9999.0, -9999.0, -9999.0, -9999.0, -9999.0, -9999.0, -9999.0, -9999.0, -9999.0, -9999.0, -9999.0, -9999.0, -9999.0, -9999.0, -9999.0, -9999.0, -9999.0, -9999.0, -9999.0, -9999.0, -9999.0, -9999.0, -9999.0, -9999.0, -9999.0, -9999.0, -9999.0, -9999.0, -9999.0, -9999.0, -9999.0, -9999.0, -9999.0, -9999.0, -9999.0, -9999.0, -9999.0, -9999.0, -9999.0, -9999.0, -9999.0, -9999.0, -9999.0, -9999.0, -9999.0, -9999.0, -9999.0, -9999.0, -9999.0, -9999.0, -9999.0, -9999.0, -9999.0, -9999.0, -9999.0, -9999.0, -9999.0, -9999.0, -9999.0, -9999.0, -9999.0, -9999.0, -9999.0, -9999.0, -9999.0, -9999.0, -9999.0, -9999.0, -9999.0, -9999.0, -9999.0, -9999.0, -9999.0, -9999.0, -9999.0, -9999.0, -9999.0, -9999.0, -9999.0, -9999.0, -9999.0, -9999.0]",
floatingse.member1.section_G,output,Pa,"[79300000000.0, 79300000000.0, 79300000000.0, 79300000000.0, 7930000000000.0, -9999.0, -9999.0, -9999.0, -9999.0, -9999.0, -9999.0, -9999.0, -9999.0, -9999.0, -9999.0, -9999.0, -9999.0, -9999.0, -9999.0, -9999.0, -9999.0, -9999.0, -9999.0, -9999.0, -9999.0, -9999.0, -9999.0, -9999.0, -9999.0, -9999.0, -9999.0, -9999.0, -9999.0, -9999.0, -9999.0, -9999.0, -9999.0, -9999.0, -9999.0, -9999.0, -9999.0, -9999.0, -9999.0, -9999.0, -9999.0, -9999.0, -9999.0, -9999.0, -9999.0, -9999.0, -9999.0, -9999.0, -9999.0, -9999.0, -9999.0, -9999.0, -9999.0, -9999.0, -9999.0, -9999.0, -9999.0, -9999.0, -9999.0, -9999.0, -9999.0, -9999.0, -9999.0, -9999.0, -9999.0, -9999.0, -9999.0, -9999.0, -9999.0, -9999.0, -9999.0, -9999.0, -9999.0, -9999.0, -9999.0, -9999.0, -9999.0, -9999.0, -9999.0, -9999.0, -9999.0, -9999.0, -9999.0, -9999.0, -9999.0, -9999.0, -9999.0, -9999.0, -9999.0, -9999.0, -9999.0, -9999.0, -9999.0, -9999.0, -9999.0, -9999.0, -9999.0, -9999.0, -9999.0, -9999.0, -9999.0, -9999.0, -9999.0, -9999.0, -9999.0, -9999.0, -9999.0, -9999.0, -9999.0, -9999.0, -9999.0, -9999.0, -9999.0, -9999.0, -9999.0, -9999.0, -9999.0, -9999.0, -9999.0, -9999.0, -9999.0, -9999.0, -9999.0, -9999.0, -9999.0, -9999.0, -9999.0, -9999.0, -9999.0, -9999.0, -9999.0, -9999.0, -9999.0, -9999.0, -9999.0, -9999.0, -9999.0, -9999.0, -9999.0, -9999.0, -9999.0, -9999.0, -9999.0, -9999.0, -9999.0, -9999.0, -9999.0, -9999.0, -9999.0, -9999.0, -9999.0, -9999.0, -9999.0, -9999.0, -9999.0, -9999.0, -9999.0, -9999.0, -9999.0, -9999.0, -9999.0, -9999.0, -9999.0, -9999.0, -9999.0, -9999.0, -9999.0, -9999.0, -9999.0, -9999.0, -9999.0, -9999.0, -9999.0, -9999.0, -9999.0, -9999.0, -9999.0, -9999.0, -9999.0, -9999.0, -9999.0, -9999.0, -9999.0, -9999.0, -9999.0, -9999.0, -9999.0, -9999.0, -9999.0, -9999.0, -9999.0, -9999.0, -9999.0, -9999.0, -9999.0, -9999.0]",
floatingse.member1.section_TorsC,output,m**3,"[0.0, 0.11592476891746335, 0.11592476891746335, 0.0, 0.11592476891746335, -9999.0, -9999.0, -9999.0, -9999.0, -9999.0, -9999.0, -9999.0, -9999.0, -9999.0, -9999.0, -9999.0, -9999.0, -9999.0, -9999.0, -9999.0, -9999.0, -9999.0, -9999.0, -9999.0, -9999.0, -9999.0, -9999.0, -9999.0, -9999.0, -9999.0, -9999.0, -9999.0, -9999.0, -9999.0, -9999.0, -9999.0, -9999.0, -9999.0, -9999.0, -9999.0, -9999.0, -9999.0, -9999.0, -9999.0, -9999.0, -9999.0, -9999.0, -9999.0, -9999.0, -9999.0, -9999.0, -9999.0, -9999.0, -9999.0, -9999.0, -9999.0, -9999.0, -9999.0, -9999.0, -9999.0, -9999.0, -9999.0, -9999.0, -9999.0, -9999.0, -9999.0, -9999.0, -9999.0, -9999.0, -9999.0, -9999.0, -9999.0, -9999.0, -9999.0, -9999.0, -9999.0, -9999.0, -9999.0, -9999.0, -9999.0, -9999.0, -9999.0, -9999.0, -9999.0, -9999.0, -9999.0, -9999.0, -9999.0, -9999.0, -9999.0, -9999.0, -9999.0, -9999.0, -9999.0, -9999.0, -9999.0, -9999.0, -9999.0, -9999.0, -9999.0, -9999.0, -9999.0, -9999.0, -9999.0, -9999.0, -9999.0, -9999.0, -9999.0, -9999.0, -9999.0, -9999.0, -9999.0, -9999.0, -9999.0, -9999.0, -9999.0, -9999.0, -9999.0, -9999.0, -9999.0, -9999.0, -9999.0, -9999.0, -9999.0, -9999.0, -9999.0, -9999.0, -9999.0, -9999.0, -9999.0, -9999.0, -9999.0, -9999.0, -9999.0, -9999.0, -9999.0, -9999.0, -9999.0, -9999.0, -9999.0, -9999.0, -9999.0, -9999.0, -9999.0, -9999.0, -9999.0, -9999.0, -9999.0, -9999.0, -9999.0, -9999.0, -9999.0, -9999.0, -9999.0, -9999.0, -9999.0, -9999.0, -9999.0, -9999.0, -9999.0, -9999.0, -9999.0, -9999.0, -9999.0, -9999.0, -9999.0, -9999.0, -9999.0, -9999.0, -9999.0, -9999.0, -9999.0, -9999.0, -9999.0, -9999.0, -9999.0, -9999.0, -9999.0, -9999.0, -9999.0, -9999.0, -9999.0, -9999.0, -9999.0, -9999.0, -9999.0, -9999.0, -9999.0, -9999.0, -9999.0, -9999.0, -9999.0, -9999.0, -9999.0, -9999.0, -9999.0, -9999.0, -9999.0, -9999.0, -9999.0]",
floatingse.member1.section_sigma_y,output,Pa,"[345000000.0, 345000000.0, 345000000.0, 345000000.0, 34500000000.0, -9999.0, -9999.0, -9999.0, -9999.0, -9999.0, -9999.0, -9999.0, -9999.0, -9999.0, -9999.0, -9999.0, -9999.0, -9999.0, -9999.0, -9999.0, -9999.0, -9999.0, -9999.0, -9999.0, -9999.0, -9999.0, -9999.0, -9999.0, -9999.0, -9999.0, -9999.0, -9999.0, -9999.0, -9999.0, -9999.0, -9999.0, -9999.0, -9999.0, -9999.0, -9999.0, -9999.0, -9999.0, -9999.0, -9999.0, -9999.0, -9999.0, -9999.0, -9999.0, -9999.0, -9999.0, -9999.0, -9999.0, -9999.0, -9999.0, -9999.0, -9999.0, -9999.0, -9999.0, -9999.0, -9999.0, -9999.0, -9999.0, -9999.0, -9999.0, -9999.0, -9999.0, -9999.0, -9999.0, -9999.0, -9999.0, -9999.0, -9999.0, -9999.0, -9999.0, -9999.0, -9999.0, -9999.0, -9999.0, -9999.0, -9999.0, -9999.0, -9999.0, -9999.0, -9999.0, -9999.0, -9999.0, -9999.0, -9999.0, -9999.0, -9999.0, -9999.0, -9999.0, -9999.0, -9999.0, -9999.0, -9999.0, -9999.0, -9999.0, -9999.0, -9999.0, -9999.0, -9999.0, -9999.0, -9999.0, -9999.0, -9999.0, -9999.0, -9999.0, -9999.0, -9999.0, -9999.0, -9999.0, -9999.0, -9999.0, -9999.0, -9999.0, -9999.0, -9999.0, -9999.0, -9999.0, -9999.0, -9999.0, -9999.0, -9999.0, -9999.0, -9999.0, -9999.0, -9999.0, -9999.0, -9999.0, -9999.0, -9999.0, -9999.0, -9999.0, -9999.0, -9999.0, -9999.0, -9999.0, -9999.0, -9999.0, -9999.0, -9999.0, -9999.0, -9999.0, -9999.0, -9999.0, -9999.0, -9999.0, -9999.0, -9999.0, -9999.0, -9999.0, -9999.0, -9999.0, -9999.0, -9999.0, -9999.0, -9999.0, -9999.0, -9999.0, -9999.0, -9999.0, -9999.0, -9999.0, -9999.0, -9999.0, -9999.0, -9999.0, -9999.0, -9999.0, -9999.0, -9999.0, -9999.0, -9999.0, -9999.0, -9999.0, -9999.0, -9999.0, -9999.0, -9999.0, -9999.0, -9999.0, -9999.0, -9999.0, -9999.0, -9999.0, -9999.0, -9999.0, -9999.0, -9999.0, -9999.0, -9999.0, -9999.0, -9999.0, -9999.0, -9999.0, -9999.0, -9999.0, -9999.0, -9999.0]",
floatingse.member2.constr_d_to_t,output,,10.0,
floatingse.member2.constr_taper,output,,1.0,
floatingse.member2.slope,output,,1.0,
floatingse.member2.ca_usr_grid_full,output,,"[-1.0, -1.0, -1.0]",
floatingse.member2.cd_usr_grid_full,output,,"[-1.0, -1.0, -1.0]",
floatingse.member2.nu_full,output,,"[0.26103404791929385, 0.26103404791929385]",
floatingse.member2.nodes_r,output,m,"[0.5, 0.5, 0.5]",
floatingse.member2.z_global,output,m,"[-70.0, -50.19225, -30.384500000000003]",
floatingse.member2.center_of_buoyancy,output,m,"[-1.4529208008638215, 2.5165326464698037, -52.52226307177722]",
floatingse.member2.displacement,output,m**3,27.689465975617342,
floatingse.member2.buoyancy_force,output,N,278320.3419026925,
floatingse.member2.idx_cb,output,,1.0,
floatingse.member2.Awater,output,m**2,0.0,
floatingse.member2.Iwaterx,output,m**4,0.0,
floatingse.member2.Iwatery,output,m**4,0.0,
floatingse.member2.added_mass,output,kg,"[28381.702625007776, 28381.702625007776, 170.83333333333331, 2939872.7273274693, 2939872.7273274693, 0.0]",
floatingse.member2.waterline_centroid,output,m,"[0.0, 0.0]",
floatingse.member2.z_dim,output,m,"[-70.0, -50.19225, -30.384500000000003]",
floatingse.member2.d_eff,output,m,"[1.0021513917506635, 1.0021513917506635, 1.0021513917506635]",
floatingse.member2.section_height,output,m,39.95532305275481,
floatingse.member2.sigma_ult,output,Pa,450000000.0,
floatingse.member2.wohler_exp,output,,3.0,
floatingse.member2.wohler_A,output,,35534648443.719765,
floatingse.member2.z_param,output,m,"[-70.0, -30.044676947245193]",
floatingse.member2.sec_loc,output,,0.0,normalized sectional location
floatingse.member2.str_tw,output,deg,0.0,structural twist of section
floatingse.member2.tw_iner,output,deg,0.0,inertial twist of section
floatingse.member2.mass_den,output,kg/m,2205.398042820034,sectional mass per unit length
floatingse.member2.foreaft_iner,output,kg*m,226.05329938905354,sectional fore-aft intertia per unit length about the Y_G inertia axis
floatingse.member2.sideside_iner,output,kg*m,226.05329938905354,sectional side-side intertia per unit length about the Y_G inertia axis
floatingse.member2.foreaft_stff,output,N*m**2,5796238445.873168,sectional fore-aft bending stiffness per unit length about the Y_E elastic axis
floatingse.member2.sideside_stff,output,N*m**2,5796238445.873168,sectional side-side bending stiffness per unit length about the Y_E elastic axis
floatingse.member2.tor_stff,output,N*m**2,4596417087.577422,sectional torsional stiffness
floatingse.member2.axial_stff,output,N,56548667764.61626,sectional axial stiffness
floatingse.member2.cg_offst,output,m,0.0,offset from the sectional center of mass
floatingse.member2.sc_offst,output,m,0.0,offset from the sectional shear center
floatingse.member2.tc_offst,output,m,0.0,offset from the sectional tension center
floatingse.member2.axial_load2stress,output,m**2,"[[0.0, 0.0, 3.536776513153231, 17.252568356845025, 17.252568356845025, 0.0]]",
floatingse.member2.shear_load2stress,output,m**2,"[[5.475989575721907, 5.475989575721907, 0.0, 0.0, 0.0, 8.626284178422512]]",
floatingse.member2.shell_cost,output,USD,188666.52803163938,
floatingse.member2.shell_mass,output,kg,77752.02045953347,
floatingse.member2.shell_z_cg,output,m,17.627661526377402,
floatingse.member2.shell_I_base,output,kg*m**2,"[32221611.42605254, 32221611.42605254, 15939.164194204363, 0.0, 0.0, 0.0]",
floatingse.member2.bulkhead_mass,output,kg,156.8283052672025,
floatingse.member2.bulkhead_z_cg,output,m,17.627661526377402,
floatingse.member2.bulkhead_cost,output,USD,2492.6857586036667,
floatingse.member2.bulkhead_I_base,output,kg*m**2,"[97470.1877741753, 97470.1877741753, 12.546264421376202, 0.0, 0.0, 0.0]",
floatingse.member2.stiffener_mass,output,kg,0.0,
floatingse.member2.stiffener_z_cg,output,m,0.0,
floatingse.member2.stiffener_cost,output,USD,0.0,
floatingse.member2.stiffener_I_base,output,kg*m**2,"[0.0, 0.0, 0.0, 0.0, 0.0, 0.0]",
floatingse.member2.flange_spacing_ratio,output,,0.0,
floatingse.member2.stiffener_radius_ratio,output,,"[-9999.0, -9999.0, -9999.0, -9999.0, -9999.0, -9999.0, -9999.0, -9999.0, -9999.0, -9999.0, -9999.0, -9999.0, -9999.0, -9999.0, -9999.0, -9999.0, -9999.0, -9999.0, -9999.0, -9999.0, -9999.0, -9999.0, -9999.0, -9999.0, -9999.0, -9999.0, -9999.0, -9999.0, -9999.0, -9999.0, -9999.0, -9999.0, -9999.0, -9999.0, -9999.0, -9999.0, -9999.0, -9999.0, -9999.0, -9999.0, -9999.0, -9999.0, -9999.0, -9999.0, -9999.0, -9999.0, -9999.0, -9999.0, -9999.0, -9999.0, -9999.0, -9999.0, -9999.0, -9999.0, -9999.0, -9999.0, -9999.0, -9999.0, -9999.0, -9999.0, -9999.0, -9999.0, -9999.0, -9999.0, -9999.0, -9999.0, -9999.0, -9999.0, -9999.0, -9999.0, -9999.0, -9999.0, -9999.0, -9999.0, -9999.0, -9999.0, -9999.0, -9999.0, -9999.0, -9999.0, -9999.0, -9999.0, -9999.0, -9999.0, -9999.0, -9999.0, -9999.0, -9999.0, -9999.0, -9999.0, -9999.0, -9999.0, -9999.0, -9999.0, -9999.0, -9999.0, -9999.0, -9999.0, -9999.0, -9999.0, -9999.0, -9999.0, -9999.0, -9999.0, -9999.0, -9999.0, -9999.0, -9999.0, -9999.0, -9999.0, -9999.0, -9999.0, -9999.0, -9999.0, -9999.0, -9999.0, -9999.0, -9999.0, -9999.0, -9999.0, -9999.0, -9999.0, -9999.0, -9999.0, -9999.0, -9999.0, -9999.0, -9999.0, -9999.0, -9999.0, -9999.0, -9999.0, -9999.0, -9999.0, -9999.0, -9999.0, -9999.0, -9999.0, -9999.0, -9999.0, -9999.0, -9999.0, -9999.0, -9999.0, -9999.0, -9999.0, -9999.0, -9999.0, -9999.0, -9999.0, -9999.0, -9999.0, -9999.0, -9999.0, -9999.0, -9999.0, -9999.0, -9999.0, -9999.0, -9999.0, -9999.0, -9999.0, -9999.0, -9999.0, -9999.0, -9999.0, -9999.0, -9999.0, -9999.0, -9999.0, -9999.0, -9999.0, -9999.0, -9999.0, -9999.0, -9999.0, -9999.0, -9999.0, -9999.0, -9999.0, -9999.0, -9999.0, -9999.0, -9999.0, -9999.0, -9999.0, -9999.0, -9999.0, -9999.0, -9999.0, -9999.0, -9999.0, -9999.0, -9999.0, -9999.0, -9999.0, -9999.0, -9999.0, -9999.0, -9999.0]",
floatingse.member2.constr_flange_compactness,output,,0.0,
floatingse.member2.constr_web_compactness,output,,0.0,
floatingse.member2.ballast_cost,output,USD,0.0,
floatingse.member2.ballast_mass,output,kg,0.0,
floatingse.member2.ballast_height,output,,[],
floatingse.member2.ballast_z_cg,output,m,0.0,
floatingse.member2.ballast_I_base,output,kg*m**2,"[0.0, 0.0, 0.0, 0.0, 0.0, 0.0]",
floatingse.member2.variable_ballast_capacity,output,m**3,0.0,
floatingse.member2.variable_ballast_Vpts,output,m**3,"[0.0, 0.0, 0.0, 0.0, 0.0, 0.0, 0.0, 0.0, 0.0, 0.0]",
floatingse.member2.variable_ballast_spts,output,,"[0.0, 0.0, 0.0, 0.0, 0.0, 0.0, 0.0, 0.0, 0.0, 0.0]",
floatingse.member2.constr_ballast_capacity,output,,[],
floatingse.member2.total_mass,output,kg,77908.84876480067,
floatingse.member2.total_cost,output,USD,191159.21379024305,
floatingse.member2.structural_mass,output,kg,77908.84876480067,
floatingse.member2.structural_cost,output,USD,191159.21379024305,
floatingse.member2.z_cg,output,m,17.627661526377402,
floatingse.member2.I_total,output,kg*m**2,"[8110118.273539156, 8110118.273539156, 15951.71045862574, 0.0, 0.0, 0.0]",
floatingse.member2.s_all,output,,"[0.0, 0.0005005590862972902, 0.5, 0.8818680556338395, 0.8823686147201368, 1.0, -9999.0, -9999.0, -9999.0, -9999.0, -9999.0, -9999.0, -9999.0, -9999.0, -9999.0, -9999.0, -9999.0, -9999.0, -9999.0, -9999.0, -9999.0, -9999.0, -9999.0, -9999.0, -9999.0, -9999.0, -9999.0, -9999.0, -9999.0, -9999.0, -9999.0, -9999.0, -9999.0, -9999.0, -9999.0, -9999.0, -9999.0, -9999.0, -9999.0, -9999.0, -9999.0, -9999.0, -9999.0, -9999.0, -9999.0, -9999.0, -9999.0, -9999.0, -9999.0, -9999.0, -9999.0, -9999.0, -9999.0, -9999.0, -9999.0, -9999.0, -9999.0, -9999.0, -9999.0, -9999.0, -9999.0, -9999.0, -9999.0, -9999.0, -9999.0, -9999.0, -9999.0, -9999.0, -9999.0, -9999.0, -9999.0, -9999.0, -9999.0, -9999.0, -9999.0, -9999.0, -9999.0, -9999.0, -9999.0, -9999.0, -9999.0, -9999.0, -9999.0, -9999.0, -9999.0, -9999.0, -9999.0, -9999.0, -9999.0, -9999.0, -9999.0, -9999.0, -9999.0, -9999.0, -9999.0, -9999.0, -9999.0, -9999.0, -9999.0, -9999.0, -9999.0, -9999.0, -9999.0, -9999.0, -9999.0, -9999.0, -9999.0, -9999.0, -9999.0, -9999.0, -9999.0, -9999.0, -9999.0, -9999.0, -9999.0, -9999.0, -9999.0, -9999.0, -9999.0, -9999.0, -9999.0, -9999.0, -9999.0, -9999.0, -9999.0, -9999.0, -9999.0, -9999.0, -9999.0, -9999.0, -9999.0, -9999.0, -9999.0, -9999.0, -9999.0, -9999.0, -9999.0, -9999.0, -9999.0, -9999.0, -9999.0, -9999.0, -9999.0, -9999.0, -9999.0, -9999.0, -9999.0, -9999.0, -9999.0, -9999.0, -9999.0, -9999.0, -9999.0, -9999.0, -9999.0, -9999.0, -9999.0, -9999.0, -9999.0, -9999.0, -9999.0, -9999.0, -9999.0, -9999.0, -9999.0, -9999.0, -9999.0, -9999.0, -9999.0, -9999.0, -9999.0, -9999.0, -9999.0, -9999.0, -9999.0, -9999.0, -9999.0, -9999.0, -9999.0, -9999.0, -9999.0, -9999.0, -9999.0, -9999.0, -9999.0, -9999.0, -9999.0, -9999.0, -9999.0, -9999.0, -9999.0, -9999.0, -9999.0, -9999.0, -9999.0, -9999.0, -9999.0, -9999.0, -9999.0, -9999.0]",
floatingse.member2.center_of_mass,output,m,"[-1.4529208008638215, 2.5165326464698037, -52.52226307177722]",
floatingse.member2.nodes_xyz_all,output,m,"[[-2.5999999999999988, 4.503332099679081, -70.0], [-2.598698546375626, 4.501077915877973, -69.98017010151679], [-1.2999999999999994, 2.2516660498395407, -50.19225], [-0.30714305535201714, 0.5319873770616339, -35.06435604203763], [-0.3058416017276442, 0.5297331932605251, -35.04452614355442], [0.0, 0.0, -30.384500000000003], [-9999.0, -9999.0, -9999.0], [-9999.0, -9999.0, -9999.0], [-9999.0, -9999.0, -9999.0], [-9999.0, -9999.0, -9999.0], [-9999.0, -9999.0, -9999.0], [-9999.0, -9999.0, -9999.0], [-9999.0, -9999.0, -9999.0], [-9999.0, -9999.0, -9999.0], [-9999.0, -9999.0, -9999.0], [-9999.0, -9999.0, -9999.0], [-9999.0, -9999.0, -9999.0], [-9999.0, -9999.0, -9999.0], [-9999.0, -9999.0, -9999.0], [-9999.0, -9999.0, -9999.0], [-9999.0, -9999.0, -9999.0], [-9999.0, -9999.0, -9999.0], [-9999.0, -9999.0, -9999.0], [-9999.0, -9999.0, -9999.0], [-9999.0, -9999.0, -9999.0], [-9999.0, -9999.0, -9999.0], [-9999.0, -9999.0, -9999.0], [-9999.0, -9999.0, -9999.0], [-9999.0, -9999.0, -9999.0], [-9999.0, -9999.0, -9999.0], [-9999.0, -9999.0, -9999.0], [-9999.0, -9999.0, -9999.0], [-9999.0, -9999.0, -9999.0], [-9999.0, -9999.0, -9999.0], [-9999.0, -9999.0, -9999.0], [-9999.0, -9999.0, -9999.0], [-9999.0, -9999.0, -9999.0], [-9999.0, -9999.0, -9999.0], [-9999.0, -9999.0, -9999.0], [-9999.0, -9999.0, -9999.0], [-9999.0, -9999.0, -9999.0], [-9999.0, -9999.0, -9999.0], [-9999.0, -9999.0, -9999.0], [-9999.0, -9999.0, -9999.0], [-9999.0, -9999.0, -9999.0], [-9999.0, -9999.0, -9999.0], [-9999.0, -9999.0, -9999.0], [-9999.0, -9999.0, -9999.0], [-9999.0, -9999.0, -9999.0], [-9999.0, -9999.0, -9999.0], [-9999.0, -9999.0, -9999.0], [-9999.0, -9999.0, -9999.0], [-9999.0, -9999.0, -9999.0], [-9999.0, -9999.0, -9999.0], [-9999.0, -9999.0, -9999.0], [-9999.0, -9999.0, -9999.0], [-9999.0, -9999.0, -9999.0], [-9999.0, -9999.0, -9999.0], [-9999.0, -9999.0, -9999.0], [-9999.0, -9999.0, -9999.0], [-9999.0, -9999.0, -9999.0], [-9999.0, -9999.0, -9999.0], [-9999.0, -9999.0, -9999.0], [-9999.0, -9999.0, -9999.0], [-9999.0, -9999.0, -9999.0], [-9999.0, -9999.0, -9999.0], [-9999.0, -9999.0, -9999.0], [-9999.0, -9999.0, -9999.0], [-9999.0, -9999.0, -9999.0], [-9999.0, -9999.0, -9999.0], [-9999.0, -9999.0, -9999.0], [-9999.0, -9999.0, -9999.0], [-9999.0, -9999.0, -9999.0], [-9999.0, -9999.0, -9999.0], [-9999.0, -9999.0, -9999.0], [-9999.0, -9999.0, -9999.0], [-9999.0, -9999.0, -9999.0], [-9999.0, -9999.0, -9999.0], [-9999.0, -9999.0, -9999.0], [-9999.0, -9999.0, -9999.0], [-9999.0, -9999.0, -9999.0], [-9999.0, -9999.0, -9999.0], [-9999.0, -9999.0, -9999.0], [-9999.0, -9999.0, -9999.0], [-9999.0, -9999.0, -9999.0], [-9999.0, -9999.0, -9999.0], [-9999.0, -9999.0, -9999.0], [-9999.0, -9999.0, -9999.0], [-9999.0, -9999.0, -9999.0], [-9999.0, -9999.0, -9999.0], [-9999.0, -9999.0, -9999.0], [-9999.0, -9999.0, -9999.0], [-9999.0, -9999.0, -9999.0], [-9999.0, -9999.0, -9999.0], [-9999.0, -9999.0, -9999.0], [-9999.0, -9999.0, -9999.0], [-9999.0, -9999.0, -9999.0], [-9999.0, -9999.0, -9999.0], [-9999.0, -9999.0, -9999.0], [-9999.0, -9999.0, -9999.0], [-9999.0, -9999.0, -9999.0], [-9999.0, -9999.0, -9999.0], [-9999.0, -9999.0, -9999.0], [-9999.0, -9999.0, -9999.0], [-9999.0, -9999.0, -9999.0], [-9999.0, -9999.0, -9999.0], [-9999.0, -9999.0, -9999.0], [-9999.0, -9999.0, -9999.0], [-9999.0, -9999.0, -9999.0], [-9999.0, -9999.0, -9999.0], [-9999.0, -9999.0, -9999.0], [-9999.0, -9999.0, -9999.0], [-9999.0, -9999.0, -9999.0], [-9999.0, -9999.0, -9999.0], [-9999.0, -9999.0, -9999.0], [-9999.0, -9999.0, -9999.0], [-9999.0, -9999.0, -9999.0], [-9999.0, -9999.0, -9999.0], [-9999.0, -9999.0, -9999.0], [-9999.0, -9999.0, -9999.0], [-9999.0, -9999.0, -9999.0], [-9999.0, -9999.0, -9999.0], [-9999.0, -9999.0, -9999.0], [-9999.0, -9999.0, -9999.0], [-9999.0, -9999.0, -9999.0], [-9999.0, -9999.0, -9999.0], [-9999.0, -9999.0, -9999.0], [-9999.0, -9999.0, -9999.0], [-9999.0, -9999.0, -9999.0], [-9999.0, -9999.0, -9999.0], [-9999.0, -9999.0, -9999.0], [-9999.0, -9999.0, -9999.0], [-9999.0, -9999.0, -9999.0], [-9999.0, -9999.0, -9999.0], [-9999.0, -9999.0, -9999.0], [-9999.0, -9999.0, -9999.0], [-9999.0, -9999.0, -9999.0], [-9999.0, -9999.0, -9999.0], [-9999.0, -9999.0, -9999.0], [-9999.0, -9999.0, -9999.0], [-9999.0, -9999.0, -9999.0], [-9999.0, -9999.0, -9999.0], [-9999.0, -9999.0, -9999.0], [-9999.0, -9999.0, -9999.0], [-9999.0, -9999.0, -9999.0], [-9999.0, -9999.0, -9999.0], [-9999.0, -9999.0, -9999.0], [-9999.0, -9999.0, -9999.0], [-9999.0, -9999.0, -9999.0], [-9999.0, -9999.0, -9999.0], [-9999.0, -9999.0, -9999.0], [-9999.0, -9999.0, -9999.0], [-9999.0, -9999.0, -9999.0], [-9999.0, -9999.0, -9999.0], [-9999.0, -9999.0, -9999.0], [-9999.0, -9999.0, -9999.0], [-9999.0, -9999.0, -9999.0], [-9999.0, -9999.0, -9999.0], [-9999.0, -9999.0, -9999.0], [-9999.0, -9999.0, -9999.0], [-9999.0, -9999.0, -9999.0], [-9999.0, -9999.0, -9999.0], [-9999.0, -9999.0, -9999.0], [-9999.0, -9999.0, -9999.0], [-9999.0, -9999.0, -9999.0], [-9999.0, -9999.0, -9999.0], [-9999.0, -9999.0, -9999.0], [-9999.0, -9999.0, -9999.0], [-9999.0, -9999.0, -9999.0], [-9999.0, -9999.0, -9999.0], [-9999.0, -9999.0, -9999.0], [-9999.0, -9999.0, -9999.0], [-9999.0, -9999.0, -9999.0], [-9999.0, -9999.0, -9999.0], [-9999.0, -9999.0, -9999.0], [-9999.0, -9999.0, -9999.0], [-9999.0, -9999.0, -9999.0], [-9999.0, -9999.0, -9999.0], [-9999.0, -9999.0, -9999.0], [-9999.0, -9999.0, -9999.0], [-9999.0, -9999.0, -9999.0], [-9999.0, -9999.0, -9999.0], [-9999.0, -9999.0, -9999.0], [-9999.0, -9999.0, -9999.0], [-9999.0, -9999.0, -9999.0], [-9999.0, -9999.0, -9999.0], [-9999.0, -9999.0, -9999.0], [-9999.0, -9999.0, -9999.0], [-9999.0, -9999.0, -9999.0], [-9999.0, -9999.0, -9999.0], [-9999.0, -9999.0, -9999.0], [-9999.0, -9999.0, -9999.0], [-9999.0, -9999.0, -9999.0], [-9999.0, -9999.0, -9999.0], [-9999.0, -9999.0, -9999.0], [-9999.0, -9999.0, -9999.0], [-9999.0, -9999.0, -9999.0], [-9999.0, -9999.0, -9999.0], [-9999.0, -9999.0, -9999.0], [-9999.0, -9999.0, -9999.0]]",
floatingse.member2.section_D,output,m,"[1.0, 1.0, 1.0, 1.0, 0.01, -9999.0, -9999.0, -9999.0, -9999.0, -9999.0, -9999.0, -9999.0, -9999.0, -9999.0, -9999.0, -9999.0, -9999.0, -9999.0, -9999.0, -9999.0, -9999.0, -9999.0, -9999.0, -9999.0, -9999.0, -9999.0, -9999.0, -9999.0, -9999.0, -9999.0, -9999.0, -9999.0, -9999.0, -9999.0, -9999.0, -9999.0, -9999.0, -9999.0, -9999.0, -9999.0, -9999.0, -9999.0, -9999.0, -9999.0, -9999.0, -9999.0, -9999.0, -9999.0, -9999.0, -9999.0, -9999.0, -9999.0, -9999.0, -9999.0, -9999.0, -9999.0, -9999.0, -9999.0, -9999.0, -9999.0, -9999.0, -9999.0, -9999.0, -9999.0, -9999.0, -9999.0, -9999.0, -9999.0, -9999.0, -9999.0, -9999.0, -9999.0, -9999.0, -9999.0, -9999.0, -9999.0, -9999.0, -9999.0, -9999.0, -9999.0, -9999.0, -9999.0, -9999.0, -9999.0, -9999.0, -9999.0, -9999.0, -9999.0, -9999.0, -9999.0, -9999.0, -9999.0, -9999.0, -9999.0, -9999.0, -9999.0, -9999.0, -9999.0, -9999.0, -9999.0, -9999.0, -9999.0, -9999.0, -9999.0, -9999.0, -9999.0, -9999.0, -9999.0, -9999.0, -9999.0, -9999.0, -9999.0, -9999.0, -9999.0, -9999.0, -9999.0, -9999.0, -9999.0, -9999.0, -9999.0, -9999.0, -9999.0, -9999.0, -9999.0, -9999.0, -9999.0, -9999.0, -9999.0, -9999.0, -9999.0, -9999.0, -9999.0, -9999.0, -9999.0, -9999.0, -9999.0, -9999.0, -9999.0, -9999.0, -9999.0, -9999.0, -9999.0, -9999.0, -9999.0, -9999.0, -9999.0, -9999.0, -9999.0, -9999.0, -9999.0, -9999.0, -9999.0, -9999.0, -9999.0, -9999.0, -9999.0, -9999.0, -9999.0, -9999.0, -9999.0, -9999.0, -9999.0, -9999.0, -9999.0, -9999.0, -9999.0, -9999.0, -9999.0, -9999.0, -9999.0, -9999.0, -9999.0, -9999.0, -9999.0, -9999.0, -9999.0, -9999.0, -9999.0, -9999.0, -9999.0, -9999.0, -9999.0, -9999.0, -9999.0, -9999.0, -9999.0, -9999.0, -9999.0, -9999.0, -9999.0, -9999.0, -9999.0, -9999.0, -9999.0, -9999.0, -9999.0, -9999.0, -9999.0, -9999.0, -9999.0]",
floatingse.member2.nodes_r_all,output,m,"[0.5, 0.5, 0.5, 0.5, 0.5, 0.5, -9999.0, -9999.0, -9999.0, -9999.0, -9999.0, -9999.0, -9999.0, -9999.0, -9999.0, -9999.0, -9999.0, -9999.0, -9999.0, -9999.0, -9999.0, -9999.0, -9999.0, -9999.0, -9999.0, -9999.0, -9999.0, -9999.0, -9999.0, -9999.0, -9999.0, -9999.0, -9999.0, -9999.0, -9999.0, -9999.0, -9999.0, -9999.0, -9999.0, -9999.0, -9999.0, -9999.0, -9999.0, -9999.0, -9999.0, -9999.0, -9999.0, -9999.0, -9999.0, -9999.0, -9999.0, -9999.0, -9999.0, -9999.0, -9999.0, -9999.0, -9999.0, -9999.0, -9999.0, -9999.0, -9999.0, -9999.0, -9999.0, -9999.0, -9999.0, -9999.0, -9999.0, -9999.0, -9999.0, -9999.0, -9999.0, -9999.0, -9999.0, -9999.0, -9999.0, -9999.0, -9999.0, -9999.0, -9999.0, -9999.0, -9999.0, -9999.0, -9999.0, -9999.0, -9999.0, -9999.0, -9999.0, -9999.0, -9999.0, -9999.0, -9999.0, -9999.0, -9999.0, -9999.0, -9999.0, -9999.0, -9999.0, -9999.0, -9999.0, -9999.0, -9999.0, -9999.0, -9999.0, -9999.0, -9999.0, -9999.0, -9999.0, -9999.0, -9999.0, -9999.0, -9999.0, -9999.0, -9999.0, -9999.0, -9999.0, -9999.0, -9999.0, -9999.0, -9999.0, -9999.0, -9999.0, -9999.0, -9999.0, -9999.0, -9999.0, -9999.0, -9999.0, -9999.0, -9999.0, -9999.0, -9999.0, -9999.0, -9999.0, -9999.0, -9999.0, -9999.0, -9999.0, -9999.0, -9999.0, -9999.0, -9999.0, -9999.0, -9999.0, -9999.0, -9999.0, -9999.0, -9999.0, -9999.0, -9999.0, -9999.0, -9999.0, -9999.0, -9999.0, -9999.0, -9999.0, -9999.0, -9999.0, -9999.0, -9999.0, -9999.0, -9999.0, -9999.0, -9999.0, -9999.0, -9999.0, -9999.0, -9999.0, -9999.0, -9999.0, -9999.0, -9999.0, -9999.0, -9999.0, -9999.0, -9999.0, -9999.0, -9999.0, -9999.0, -9999.0, -9999.0, -9999.0, -9999.0, -9999.0, -9999.0, -9999.0, -9999.0, -9999.0, -9999.0, -9999.0, -9999.0, -9999.0, -9999.0, -9999.0, -9999.0, -9999.0, -9999.0, -9999.0, -9999.0, -9999.0, -9999.0]",
floatingse.member2.section_t,output,m,"[0.5, 0.1, 0.1, 0.5, 0.01, -9999.0, -9999.0, -9999.0, -9999.0, -9999.0, -9999.0, -9999.0, -9999.0, -9999.0, -9999.0, -9999.0, -9999.0, -9999.0, -9999.0, -9999.0, -9999.0, -9999.0, -9999.0, -9999.0, -9999.0, -9999.0, -9999.0, -9999.0, -9999.0, -9999.0, -9999.0, -9999.0, -9999.0, -9999.0, -9999.0, -9999.0, -9999.0, -9999.0, -9999.0, -9999.0, -9999.0, -9999.0, -9999.0, -9999.0, -9999.0, -9999.0, -9999.0, -9999.0, -9999.0, -9999.0, -9999.0, -9999.0, -9999.0, -9999.0, -9999.0, -9999.0, -9999.0, -9999.0, -9999.0, -9999.0, -9999.0, -9999.0, -9999.0, -9999.0, -9999.0, -9999.0, -9999.0, -9999.0, -9999.0, -9999.0, -9999.0, -9999.0, -9999.0, -9999.0, -9999.0, -9999.0, -9999.0, -9999.0, -9999.0, -9999.0, -9999.0, -9999.0, -9999.0, -9999.0, -9999.0, -9999.0, -9999.0, -9999.0, -9999.0, -9999.0, -9999.0, -9999.0, -9999.0, -9999.0, -9999.0, -9999.0, -9999.0, -9999.0, -9999.0, -9999.0, -9999.0, -9999.0, -9999.0, -9999.0, -9999.0, -9999.0, -9999.0, -9999.0, -9999.0, -9999.0, -9999.0, -9999.0, -9999.0, -9999.0, -9999.0, -9999.0, -9999.0, -9999.0, -9999.0, -9999.0, -9999.0, -9999.0, -9999.0, -9999.0, -9999.0, -9999.0, -9999.0, -9999.0, -9999.0, -9999.0, -9999.0, -9999.0, -9999.0, -9999.0, -9999.0, -9999.0, -9999.0, -9999.0, -9999.0, -9999.0, -9999.0, -9999.0, -9999.0, -9999.0, -9999.0, -9999.0, -9999.0, -9999.0, -9999.0, -9999.0, -9999.0, -9999.0, -9999.0, -9999.0, -9999.0, -9999.0, -9999.0, -9999.0, -9999.0, -9999.0, -9999.0, -9999.0, -9999.0, -9999.0, -9999.0, -9999.0, -9999.0, -9999.0, -9999.0, -9999.0, -9999.0, -9999.0, -9999.0, -9999.0, -9999.0, -9999.0, -9999.0, -9999.0, -9999.0, -9999.0, -9999.0, -9999.0, -9999.0, -9999.0, -9999.0, -9999.0, -9999.0, -9999.0, -9999.0, -9999.0, -9999.0, -9999.0, -9999.0, -9999.0, -9999.0, -9999.0, -9999.0, -9999.0, -9999.0, -9999.0]",
floatingse.member2.section_A,output,m**2,"[0.7853981633974483, 0.2827433388230813, 0.2827433388230813, 0.7853981633974483, 0.01, -9999.0, -9999.0, -9999.0, -9999.0, -9999.0, -9999.0, -9999.0, -9999.0, -9999.0, -9999.0, -9999.0, -9999.0, -9999.0, -9999.0, -9999.0, -9999.0, -9999.0, -9999.0, -9999.0, -9999.0, -9999.0, -9999.0, -9999.0, -9999.0, -9999.0, -9999.0, -9999.0, -9999.0, -9999.0, -9999.0, -9999.0, -9999.0, -9999.0, -9999.0, -9999.0, -9999.0, -9999.0, -9999.0, -9999.0, -9999.0, -9999.0, -9999.0, -9999.0, -9999.0, -9999.0, -9999.0, -9999.0, -9999.0, -9999.0, -9999.0, -9999.0, -9999.0, -9999.0, -9999.0, -9999.0, -9999.0, -9999.0, -9999.0, -9999.0, -9999.0, -9999.0, -9999.0, -9999.0, -9999.0, -9999.0, -9999.0, -9999.0, -9999.0, -9999.0, -9999.0, -9999.0, -9999.0, -9999.0, -9999.0, -9999.0, -9999.0, -9999.0, -9999.0, -9999.0, -9999.0, -9999.0, -9999.0, -9999.0, -9999.0, -9999.0, -9999.0, -9999.0, -9999.0, -9999.0, -9999.0, -9999.0, -9999.0, -9999.0, -9999.0, -9999.0, -9999.0, -9999.0, -9999.0, -9999.0, -9999.0, -9999.0, -9999.0, -9999.0, -9999.0, -9999.0, -9999.0, -9999.0, -9999.0, -9999.0, -9999.0, -9999.0, -9999.0, -9999.0, -9999.0, -9999.0, -9999.0, -9999.0, -9999.0, -9999.0, -9999.0, -9999.0, -9999.0, -9999.0, -9999.0, -9999.0, -9999.0, -9999.0, -9999.0, -9999.0, -9999.0, -9999.0, -9999.0, -9999.0, -9999.0, -9999.0, -9999.0, -9999.0, -9999.0, -9999.0, -9999.0, -9999.0, -9999.0, -9999.0, -9999.0, -9999.0, -9999.0, -9999.0, -9999.0, -9999.0, -9999.0, -9999.0, -9999.0, -9999.0, -9999.0, -9999.0, -9999.0, -9999.0, -9999.0, -9999.0, -9999.0, -9999.0, -9999.0, -9999.0, -9999.0, -9999.0, -9999.0, -9999.0, -9999.0, -9999.0, -9999.0, -9999.0, -9999.0, -9999.0, -9999.0, -9999.0, -9999.0, -9999.0, -9999.0, -9999.0, -9999.0, -9999.0, -9999.0, -9999.0, -9999.0, -9999.0, -9999.0, -9999.0, -9999.0, -9999.0, -9999.0, -9999.0, -9999.0, -9999.0, -9999.0, -9999.0]",
floatingse.member2.section_Asx,output,m**2,"[0.698606753390037, 0.18261539511206404, 0.18261539511206404, 0.698606753390037, 0.01, -9999.0, -9999.0, -9999.0, -9999.0, -9999.0, -9999.0, -9999.0, -9999.0, -9999.0, -9999.0, -9999.0, -9999.0, -9999.0, -9999.0, -9999.0, -9999.0, -9999.0, -9999.0, -9999.0, -9999.0, -9999.0, -9999.0, -9999.0, -9999.0, -9999.0, -9999.0, -9999.0, -9999.0, -9999.0, -9999.0, -9999.0, -9999.0, -9999.0, -9999.0, -9999.0, -9999.0, -9999.0, -9999.0, -9999.0, -9999.0, -9999.0, -9999.0, -9999.0, -9999.0, -9999.0, -9999.0, -9999.0, -9999.0, -9999.0, -9999.0, -9999.0, -9999.0, -9999.0, -9999.0, -9999.0, -9999.0, -9999.0, -9999.0, -9999.0, -9999.0, -9999.0, -9999.0, -9999.0, -9999.0, -9999.0, -9999.0, -9999.0, -9999.0, -9999.0, -9999.0, -9999.0, -9999.0, -9999.0, -9999.0, -9999.0, -9999.0, -9999.0, -9999.0, -9999.0, -9999.0, -9999.0, -9999.0, -9999.0, -9999.0, -9999.0, -9999.0, -9999.0, -9999.0, -9999.0, -9999.0, -9999.0, -9999.0, -9999.0, -9999.0, -9999.0, -9999.0, -9999.0, -9999.0, -9999.0, -9999.0, -9999.0, -9999.0, -9999.0, -9999.0, -9999.0, -9999.0, -9999.0, -9999.0, -9999.0, -9999.0, -9999.0, -9999.0, -9999.0, -9999.0, -9999.0, -9999.0, -9999.0, -9999.0, -9999.0, -9999.0, -9999.0, -9999.0, -9999.0, -9999.0, -9999.0, -9999.0, -9999.0, -9999.0, -9999.0, -9999.0, -9999.0, -9999.0, -9999.0, -9999.0, -9999.0, -9999.0, -9999.0, -9999.0, -9999.0, -9999.0, -9999.0, -9999.0, -9999.0, -9999.0, -9999.0, -9999.0, -9999.0, -9999.0, -9999.0, -9999.0, -9999.0, -9999.0, -9999.0, -9999.0, -9999.0, -9999.0, -9999.0, -9999.0, -9999.0, -9999.0, -9999.0, -9999.0, -9999.0, -9999.0, -9999.0, -9999.0, -9999.0, -9999.0, -9999.0, -9999.0, -9999.0, -9999.0, -9999.0, -9999.0, -9999.0, -9999.0, -9999.0, -9999.0, -9999.0, -9999.0, -9999.0, -9999.0, -9999.0, -9999.0, -9999.0, -9999.0, -9999.0, -9999.0, -9999.0, -9999.0, -9999.0, -9999.0, -9999.0, -9999.0, -9999.0]",
floatingse.member2.section_Asy,output,m**2,"[0.698606753390037, 0.18261539511206404, 0.18261539511206404, 0.698606753390037, 0.01, -9999.0, -9999.0, -9999.0, -9999.0, -9999.0, -9999.0, -9999.0, -9999.0, -9999.0, -9999.0, -9999.0, -9999.0, -9999.0, -9999.0, -9999.0, -9999.0, -9999.0, -9999.0, -9999.0, -9999.0, -9999.0, -9999.0, -9999.0, -9999.0, -9999.0, -9999.0, -9999.0, -9999.0, -9999.0, -9999.0, -9999.0, -9999.0, -9999.0, -9999.0, -9999.0, -9999.0, -9999.0, -9999.0, -9999.0, -9999.0, -9999.0, -9999.0, -9999.0, -9999.0, -9999.0, -9999.0, -9999.0, -9999.0, -9999.0, -9999.0, -9999.0, -9999.0, -9999.0, -9999.0, -9999.0, -9999.0, -9999.0, -9999.0, -9999.0, -9999.0, -9999.0, -9999.0, -9999.0, -9999.0, -9999.0, -9999.0, -9999.0, -9999.0, -9999.0, -9999.0, -9999.0, -9999.0, -9999.0, -9999.0, -9999.0, -9999.0, -9999.0, -9999.0, -9999.0, -9999.0, -9999.0, -9999.0, -9999.0, -9999.0, -9999.0, -9999.0, -9999.0, -9999.0, -9999.0, -9999.0, -9999.0, -9999.0, -9999.0, -9999.0, -9999.0, -9999.0, -9999.0, -9999.0, -9999.0, -9999.0, -9999.0, -9999.0, -9999.0, -9999.0, -9999.0, -9999.0, -9999.0, -9999.0, -9999.0, -9999.0, -9999.0, -9999.0, -9999.0, -9999.0, -9999.0, -9999.0, -9999.0, -9999.0, -9999.0, -9999.0, -9999.0, -9999.0, -9999.0, -9999.0, -9999.0, -9999.0, -9999.0, -9999.0, -9999.0, -9999.0, -9999.0, -9999.0, -9999.0, -9999.0, -9999.0, -9999.0, -9999.0, -9999.0, -9999.0, -9999.0, -9999.0, -9999.0, -9999.0, -9999.0, -9999.0, -9999.0, -9999.0, -9999.0, -9999.0, -9999.0, -9999.0, -9999.0, -9999.0, -9999.0, -9999.0, -9999.0, -9999.0, -9999.0, -9999.0, -9999.0, -9999.0, -9999.0, -9999.0, -9999.0, -9999.0, -9999.0, -9999.0, -9999.0, -9999.0, -9999.0, -9999.0, -9999.0, -9999.0, -9999.0, -9999.0, -9999.0, -9999.0, -9999.0, -9999.0, -9999.0, -9999.0, -9999.0, -9999.0, -9999.0, -9999.0, -9999.0, -9999.0, -9999.0, -9999.0, -9999.0, -9999.0, -9999.0, -9999.0, -9999.0, -9999.0]",
floatingse.member2.section_Ixx,output,kg*m**2,"[0.04908738521234052, 0.028981192229365838, 0.028981192229365838, 0.04908738521234052, 0.01, -9999.0, -9999.0, -9999.0, -9999.0, -9999.0, -9999.0, -9999.0, -9999.0, -9999.0, -9999.0, -9999.0, -9999.0, -9999.0, -9999.0, -9999.0, -9999.0, -9999.0, -9999.0, -9999.0, -9999.0, -9999.0, -9999.0, -9999.0, -9999.0, -9999.0, -9999.0, -9999.0, -9999.0, -9999.0, -9999.0, -9999.0, -9999.0, -9999.0, -9999.0, -9999.0, -9999.0, -9999.0, -9999.0, -9999.0, -9999.0, -9999.0, -9999.0, -9999.0, -9999.0, -9999.0, -9999.0, -9999.0, -9999.0, -9999.0, -9999.0, -9999.0, -9999.0, -9999.0, -9999.0, -9999.0, -9999.0, -9999.0, -9999.0, -9999.0, -9999.0, -9999.0, -9999.0, -9999.0, -9999.0, -9999.0, -9999.0, -9999.0, -9999.0, -9999.0, -9999.0, -9999.0, -9999.0, -9999.0, -9999.0, -9999.0, -9999.0, -9999.0, -9999.0, -9999.0, -9999.0, -9999.0, -9999.0, -9999.0, -9999.0, -9999.0, -9999.0, -9999.0, -9999.0, -9999.0, -9999.0, -9999.0, -9999.0, -9999.0, -9999.0, -9999.0, -9999.0, -9999.0, -9999.0, -9999.0, -9999.0, -9999.0, -9999.0, -9999.0, -9999.0, -9999.0, -9999.0, -9999.0, -9999.0, -9999.0, -9999.0, -9999.0, -9999.0, -9999.0, -9999.0, -9999.0, -9999.0, -9999.0, -9999.0, -9999.0, -9999.0, -9999.0, -9999.0, -9999.0, -9999.0, -9999.0, -9999.0, -9999.0, -9999.0, -9999.0, -9999.0, -9999.0, -9999.0, -9999.0, -9999.0, -9999.0, -9999.0, -9999.0, -9999.0, -9999.0, -9999.0, -9999.0, -9999.0, -9999.0, -9999.0, -9999.0, -9999.0, -9999.0, -9999.0, -9999.0, -9999.0, -9999.0, -9999.0, -9999.0, -9999.0, -9999.0, -9999.0, -9999.0, -9999.0, -9999.0, -9999.0, -9999.0, -9999.0, -9999.0, -9999.0, -9999.0, -9999.0, -9999.0, -9999.0, -9999.0, -9999.0, -9999.0, -9999.0, -9999.0, -9999.0, -9999.0, -9999.0, -9999.0, -9999.0, -9999.0, -9999.0, -9999.0, -9999.0, -9999.0, -9999.0, -9999.0, -9999.0, -9999.0, -9999.0, -9999.0, -9999.0, -9999.0, -9999.0, -9999.0, -9999.0, -9999.0]",
floatingse.member2.section_Iyy,output,kg*m**2,"[0.04908738521234052, 0.028981192229365838, 0.028981192229365838, 0.04908738521234052, 0.01, -9999.0, -9999.0, -9999.0, -9999.0, -9999.0, -9999.0, -9999.0, -9999.0, -9999.0, -9999.0, -9999.0, -9999.0, -9999.0, -9999.0, -9999.0, -9999.0, -9999.0, -9999.0, -9999.0, -9999.0, -9999.0, -9999.0, -9999.0, -9999.0, -9999.0, -9999.0, -9999.0, -9999.0, -9999.0, -9999.0, -9999.0, -9999.0, -9999.0, -9999.0, -9999.0, -9999.0, -9999.0, -9999.0, -9999.0, -9999.0, -9999.0, -9999.0, -9999.0, -9999.0, -9999.0, -9999.0, -9999.0, -9999.0, -9999.0, -9999.0, -9999.0, -9999.0, -9999.0, -9999.0, -9999.0, -9999.0, -9999.0, -9999.0, -9999.0, -9999.0, -9999.0, -9999.0, -9999.0, -9999.0, -9999.0, -9999.0, -9999.0, -9999.0, -9999.0, -9999.0, -9999.0, -9999.0, -9999.0, -9999.0, -9999.0, -9999.0, -9999.0, -9999.0, -9999.0, -9999.0, -9999.0, -9999.0, -9999.0, -9999.0, -9999.0, -9999.0, -9999.0, -9999.0, -9999.0, -9999.0, -9999.0, -9999.0, -9999.0, -9999.0, -9999.0, -9999.0, -9999.0, -9999.0, -9999.0, -9999.0, -9999.0, -9999.0, -9999.0, -9999.0, -9999.0, -9999.0, -9999.0, -9999.0, -9999.0, -9999.0, -9999.0, -9999.0, -9999.0, -9999.0, -9999.0, -9999.0, -9999.0, -9999.0, -9999.0, -9999.0, -9999.0, -9999.0, -9999.0, -9999.0, -9999.0, -9999.0, -9999.0, -9999.0, -9999.0, -9999.0, -9999.0, -9999.0, -9999.0, -9999.0, -9999.0, -9999.0, -9999.0, -9999.0, -9999.0, -9999.0, -9999.0, -9999.0, -9999.0, -9999.0, -9999.0, -9999.0, -9999.0, -9999.0, -9999.0, -9999.0, -9999.0, -9999.0, -9999.0, -9999.0, -9999.0, -9999.0, -9999.0, -9999.0, -9999.0, -9999.0, -9999.0, -9999.0, -9999.0, -9999.0, -9999.0, -9999.0, -9999.0, -9999.0, -9999.0, -9999.0, -9999.0, -9999.0, -9999.0, -9999.0, -9999.0, -9999.0, -9999.0, -9999.0, -9999.0, -9999.0, -9999.0, -9999.0, -9999.0, -9999.0, -9999.0, -9999.0, -9999.0, -9999.0, -9999.0, -9999.0, -9999.0, -9999.0, -9999.0, -9999.0, -9999.0]",
floatingse.member2.section_J0,output,kg*m**2,"[0.09817477042468103, 0.057962384458731676, 0.057962384458731676, 0.09817477042468103, 0.01, -9999.0, -9999.0, -9999.0, -9999.0, -9999.0, -9999.0, -9999.0, -9999.0, -9999.0, -9999.0, -9999.0, -9999.0, -9999.0, -9999.0, -9999.0, -9999.0, -9999.0, -9999.0, -9999.0, -9999.0, -9999.0, -9999.0, -9999.0, -9999.0, -9999.0, -9999.0, -9999.0, -9999.0, -9999.0, -9999.0, -9999.0, -9999.0, -9999.0, -9999.0, -9999.0, -9999.0, -9999.0, -9999.0, -9999.0, -9999.0, -9999.0, -9999.0, -9999.0, -9999.0, -9999.0, -9999.0, -9999.0, -9999.0, -9999.0, -9999.0, -9999.0, -9999.0, -9999.0, -9999.0, -9999.0, -9999.0, -9999.0, -9999.0, -9999.0, -9999.0, -9999.0, -9999.0, -9999.0, -9999.0, -9999.0, -9999.0, -9999.0, -9999.0, -9999.0, -9999.0, -9999.0, -9999.0, -9999.0, -9999.0, -9999.0, -9999.0, -9999.0, -9999.0, -9999.0, -9999.0, -9999.0, -9999.0, -9999.0, -9999.0, -9999.0, -9999.0, -9999.0, -9999.0, -9999.0, -9999.0, -9999.0, -9999.0, -9999.0, -9999.0, -9999.0, -9999.0, -9999.0, -9999.0, -9999.0, -9999.0, -9999.0, -9999.0, -9999.0, -9999.0, -9999.0, -9999.0, -9999.0, -9999.0, -9999.0, -9999.0, -9999.0, -9999.0, -9999.0, -9999.0, -9999.0, -9999.0, -9999.0, -9999.0, -9999.0, -9999.0, -9999.0, -9999.0, -9999.0, -9999.0, -9999.0, -9999.0, -9999.0, -9999.0, -9999.0, -9999.0, -9999.0, -9999.0, -9999.0, -9999.0, -9999.0, -9999.0, -9999.0, -9999.0, -9999.0, -9999.0, -9999.0, -9999.0, -9999.0, -9999.0, -9999.0, -9999.0, -9999.0, -9999.0, -9999.0, -9999.0, -9999.0, -9999.0, -9999.0, -9999.0, -9999.0, -9999.0, -9999.0, -9999.0, -9999.0, -9999.0, -9999.0, -9999.0, -9999.0, -9999.0, -9999.0, -9999.0, -9999.0, -9999.0, -9999.0, -9999.0, -9999.0, -9999.0, -9999.0, -9999.0, -9999.0, -9999.0, -9999.0, -9999.0, -9999.0, -9999.0, -9999.0, -9999.0, -9999.0, -9999.0, -9999.0, -9999.0, -9999.0, -9999.0, -9999.0, -9999.0, -9999.0, -9999.0, -9999.0, -9999.0, -9999.0]",
floatingse.member2.section_rho,output,kg/m**3,"[7800.0, 7800.0, 7800.0, 7800.0, 0.01, -9999.0, -9999.0, -9999.0, -9999.0, -9999.0, -9999.0, -9999.0, -9999.0, -9999.0, -9999.0, -9999.0, -9999.0, -9999.0, -9999.0, -9999.0, -9999.0, -9999.0, -9999.0, -9999.0, -9999.0, -9999.0, -9999.0, -9999.0, -9999.0, -9999.0, -9999.0, -9999.0, -9999.0, -9999.0, -9999.0, -9999.0, -9999.0, -9999.0, -9999.0, -9999.0, -9999.0, -9999.0, -9999.0, -9999.0, -9999.0, -9999.0, -9999.0, -9999.0, -9999.0, -9999.0, -9999.0, -9999.0, -9999.0, -9999.0, -9999.0, -9999.0, -9999.0, -9999.0, -9999.0, -9999.0, -9999.0, -9999.0, -9999.0, -9999.0, -9999.0, -9999.0, -9999.0, -9999.0, -9999.0, -9999.0, -9999.0, -9999.0, -9999.0, -9999.0, -9999.0, -9999.0, -9999.0, -9999.0, -9999.0, -9999.0, -9999.0, -9999.0, -9999.0, -9999.0, -9999.0, -9999.0, -9999.0, -9999.0, -9999.0, -9999.0, -9999.0, -9999.0, -9999.0, -9999.0, -9999.0, -9999.0, -9999.0, -9999.0, -9999.0, -9999.0, -9999.0, -9999.0, -9999.0, -9999.0, -9999.0, -9999.0, -9999.0, -9999.0, -9999.0, -9999.0, -9999.0, -9999.0, -9999.0, -9999.0, -9999.0, -9999.0, -9999.0, -9999.0, -9999.0, -9999.0, -9999.0, -9999.0, -9999.0, -9999.0, -9999.0, -9999.0, -9999.0, -9999.0, -9999.0, -9999.0, -9999.0, -9999.0, -9999.0, -9999.0, -9999.0, -9999.0, -9999.0, -9999.0, -9999.0, -9999.0, -9999.0, -9999.0, -9999.0, -9999.0, -9999.0, -9999.0, -9999.0, -9999.0, -9999.0, -9999.0, -9999.0, -9999.0, -9999.0, -9999.0, -9999.0, -9999.0, -9999.0, -9999.0, -9999.0, -9999.0, -9999.0, -9999.0, -9999.0, -9999.0, -9999.0, -9999.0, -9999.0, -9999.0, -9999.0, -9999.0, -9999.0, -9999.0, -9999.0, -9999.0, -9999.0, -9999.0, -9999.0, -9999.0, -9999.0, -9999.0, -9999.0, -9999.0, -9999.0, -9999.0, -9999.0, -9999.0, -9999.0, -9999.0, -9999.0, -9999.0, -9999.0, -9999.0, -9999.0, -9999.0, -9999.0, -9999.0, -9999.0, -9999.0, -9999.0, -9999.0]",
floatingse.member2.section_E,output,Pa,"[200000000000.0, 200000000000.0, 200000000000.0, 200000000000.0, 20000000000000.0, -9999.0, -9999.0, -9999.0, -9999.0, -9999.0, -9999.0, -9999.0, -9999.0, -9999.0, -9999.0, -9999.0, -9999.0, -9999.0, -9999.0, -9999.0, -9999.0, -9999.0, -9999.0, -9999.0, -9999.0, -9999.0, -9999.0, -9999.0, -9999.0, -9999.0, -9999.0, -9999.0, -9999.0, -9999.0, -9999.0, -9999.0, -9999.0, -9999.0, -9999.0, -9999.0, -9999.0, -9999.0, -9999.0, -9999.0, -9999.0, -9999.0, -9999.0, -9999.0, -9999.0, -9999.0, -9999.0, -9999.0, -9999.0, -9999.0, -9999.0, -9999.0, -9999.0, -9999.0, -9999.0, -9999.0, -9999.0, -9999.0, -9999.0, -9999.0, -9999.0, -9999.0, -9999.0, -9999.0, -9999.0, -9999.0, -9999.0, -9999.0, -9999.0, -9999.0, -9999.0, -9999.0, -9999.0, -9999.0, -9999.0, -9999.0, -9999.0, -9999.0, -9999.0, -9999.0, -9999.0, -9999.0, -9999.0, -9999.0, -9999.0, -9999.0, -9999.0, -9999.0, -9999.0, -9999.0, -9999.0, -9999.0, -9999.0, -9999.0, -9999.0, -9999.0, -9999.0, -9999.0, -9999.0, -9999.0, -9999.0, -9999.0, -9999.0, -9999.0, -9999.0, -9999.0, -9999.0, -9999.0, -9999.0, -9999.0, -9999.0, -9999.0, -9999.0, -9999.0, -9999.0, -9999.0, -9999.0, -9999.0, -9999.0, -9999.0, -9999.0, -9999.0, -9999.0, -9999.0, -9999.0, -9999.0, -9999.0, -9999.0, -9999.0, -9999.0, -9999.0, -9999.0, -9999.0, -9999.0, -9999.0, -9999.0, -9999.0, -9999.0, -9999.0, -9999.0, -9999.0, -9999.0, -9999.0, -9999.0, -9999.0, -9999.0, -9999.0, -9999.0, -9999.0, -9999.0, -9999.0, -9999.0, -9999.0, -9999.0, -9999.0, -9999.0, -9999.0, -9999.0, -9999.0, -9999.0, -9999.0, -9999.0, -9999.0, -9999.0, -9999.0, -9999.0, -9999.0, -9999.0, -9999.0, -9999.0, -9999.0, -9999.0, -9999.0, -9999.0, -9999.0, -9999.0, -9999.0, -9999.0, -9999.0, -9999.0, -9999.0, -9999.0, -9999.0, -9999.0, -9999.0, -9999.0, -9999.0, -9999.0, -9999.0, -9999.0, -9999.0, -9999.0, -9999.0, -9999.0, -9999.0, -9999.0]",
floatingse.member2.section_G,output,Pa,"[79300000000.0, 79300000000.0, 79300000000.0, 79300000000.0, 7930000000000.0, -9999.0, -9999.0, -9999.0, -9999.0, -9999.0, -9999.0, -9999.0, -9999.0, -9999.0, -9999.0, -9999.0, -9999.0, -9999.0, -9999.0, -9999.0, -9999.0, -9999.0, -9999.0, -9999.0, -9999.0, -9999.0, -9999.0, -9999.0, -9999.0, -9999.0, -9999.0, -9999.0, -9999.0, -9999.0, -9999.0, -9999.0, -9999.0, -9999.0, -9999.0, -9999.0, -9999.0, -9999.0, -9999.0, -9999.0, -9999.0, -9999.0, -9999.0, -9999.0, -9999.0, -9999.0, -9999.0, -9999.0, -9999.0, -9999.0, -9999.0, -9999.0, -9999.0, -9999.0, -9999.0, -9999.0, -9999.0, -9999.0, -9999.0, -9999.0, -9999.0, -9999.0, -9999.0, -9999.0, -9999.0, -9999.0, -9999.0, -9999.0, -9999.0, -9999.0, -9999.0, -9999.0, -9999.0, -9999.0, -9999.0, -9999.0, -9999.0, -9999.0, -9999.0, -9999.0, -9999.0, -9999.0, -9999.0, -9999.0, -9999.0, -9999.0, -9999.0, -9999.0, -9999.0, -9999.0, -9999.0, -9999.0, -9999.0, -9999.0, -9999.0, -9999.0, -9999.0, -9999.0, -9999.0, -9999.0, -9999.0, -9999.0, -9999.0, -9999.0, -9999.0, -9999.0, -9999.0, -9999.0, -9999.0, -9999.0, -9999.0, -9999.0, -9999.0, -9999.0, -9999.0, -9999.0, -9999.0, -9999.0, -9999.0, -9999.0, -9999.0, -9999.0, -9999.0, -9999.0, -9999.0, -9999.0, -9999.0, -9999.0, -9999.0, -9999.0, -9999.0, -9999.0, -9999.0, -9999.0, -9999.0, -9999.0, -9999.0, -9999.0, -9999.0, -9999.0, -9999.0, -9999.0, -9999.0, -9999.0, -9999.0, -9999.0, -9999.0, -9999.0, -9999.0, -9999.0, -9999.0, -9999.0, -9999.0, -9999.0, -9999.0, -9999.0, -9999.0, -9999.0, -9999.0, -9999.0, -9999.0, -9999.0, -9999.0, -9999.0, -9999.0, -9999.0, -9999.0, -9999.0, -9999.0, -9999.0, -9999.0, -9999.0, -9999.0, -9999.0, -9999.0, -9999.0, -9999.0, -9999.0, -9999.0, -9999.0, -9999.0, -9999.0, -9999.0, -9999.0, -9999.0, -9999.0, -9999.0, -9999.0, -9999.0, -9999.0, -9999.0, -9999.0, -9999.0, -9999.0, -9999.0, -9999.0]",
floatingse.member2.section_TorsC,output,m**3,"[0.0, 0.11592476891746335, 0.11592476891746335, 0.0, 0.11592476891746335, -9999.0, -9999.0, -9999.0, -9999.0, -9999.0, -9999.0, -9999.0, -9999.0, -9999.0, -9999.0, -9999.0, -9999.0, -9999.0, -9999.0, -9999.0, -9999.0, -9999.0, -9999.0, -9999.0, -9999.0, -9999.0, -9999.0, -9999.0, -9999.0, -9999.0, -9999.0, -9999.0, -9999.0, -9999.0, -9999.0, -9999.0, -9999.0, -9999.0, -9999.0, -9999.0, -9999.0, -9999.0, -9999.0, -9999.0, -9999.0, -9999.0, -9999.0, -9999.0, -9999.0, -9999.0, -9999.0, -9999.0, -9999.0, -9999.0, -9999.0, -9999.0, -9999.0, -9999.0, -9999.0, -9999.0, -9999.0, -9999.0, -9999.0, -9999.0, -9999.0, -9999.0, -9999.0, -9999.0, -9999.0, -9999.0, -9999.0, -9999.0, -9999.0, -9999.0, -9999.0, -9999.0, -9999.0, -9999.0, -9999.0, -9999.0, -9999.0, -9999.0, -9999.0, -9999.0, -9999.0, -9999.0, -9999.0, -9999.0, -9999.0, -9999.0, -9999.0, -9999.0, -9999.0, -9999.0, -9999.0, -9999.0, -9999.0, -9999.0, -9999.0, -9999.0, -9999.0, -9999.0, -9999.0, -9999.0, -9999.0, -9999.0, -9999.0, -9999.0, -9999.0, -9999.0, -9999.0, -9999.0, -9999.0, -9999.0, -9999.0, -9999.0, -9999.0, -9999.0, -9999.0, -9999.0, -9999.0, -9999.0, -9999.0, -9999.0, -9999.0, -9999.0, -9999.0, -9999.0, -9999.0, -9999.0, -9999.0, -9999.0, -9999.0, -9999.0, -9999.0, -9999.0, -9999.0, -9999.0, -9999.0, -9999.0, -9999.0, -9999.0, -9999.0, -9999.0, -9999.0, -9999.0, -9999.0, -9999.0, -9999.0, -9999.0, -9999.0, -9999.0, -9999.0, -9999.0, -9999.0, -9999.0, -9999.0, -9999.0, -9999.0, -9999.0, -9999.0, -9999.0, -9999.0, -9999.0, -9999.0, -9999.0, -9999.0, -9999.0, -9999.0, -9999.0, -9999.0, -9999.0, -9999.0, -9999.0, -9999.0, -9999.0, -9999.0, -9999.0, -9999.0, -9999.0, -9999.0, -9999.0, -9999.0, -9999.0, -9999.0, -9999.0, -9999.0, -9999.0, -9999.0, -9999.0, -9999.0, -9999.0, -9999.0, -9999.0, -9999.0, -9999.0, -9999.0, -9999.0, -9999.0, -9999.0]",
floatingse.member2.section_sigma_y,output,Pa,"[345000000.0, 345000000.0, 345000000.0, 345000000.0, 34500000000.0, -9999.0, -9999.0, -9999.0, -9999.0, -9999.0, -9999.0, -9999.0, -9999.0, -9999.0, -9999.0, -9999.0, -9999.0, -9999.0, -9999.0, -9999.0, -9999.0, -9999.0, -9999.0, -9999.0, -9999.0, -9999.0, -9999.0, -9999.0, -9999.0, -9999.0, -9999.0, -9999.0, -9999.0, -9999.0, -9999.0, -9999.0, -9999.0, -9999.0, -9999.0, -9999.0, -9999.0, -9999.0, -9999.0, -9999.0, -9999.0, -9999.0, -9999.0, -9999.0, -9999.0, -9999.0, -9999.0, -9999.0, -9999.0, -9999.0, -9999.0, -9999.0, -9999.0, -9999.0, -9999.0, -9999.0, -9999.0, -9999.0, -9999.0, -9999.0, -9999.0, -9999.0, -9999.0, -9999.0, -9999.0, -9999.0, -9999.0, -9999.0, -9999.0, -9999.0, -9999.0, -9999.0, -9999.0, -9999.0, -9999.0, -9999.0, -9999.0, -9999.0, -9999.0, -9999.0, -9999.0, -9999.0, -9999.0, -9999.0, -9999.0, -9999.0, -9999.0, -9999.0, -9999.0, -9999.0, -9999.0, -9999.0, -9999.0, -9999.0, -9999.0, -9999.0, -9999.0, -9999.0, -9999.0, -9999.0, -9999.0, -9999.0, -9999.0, -9999.0, -9999.0, -9999.0, -9999.0, -9999.0, -9999.0, -9999.0, -9999.0, -9999.0, -9999.0, -9999.0, -9999.0, -9999.0, -9999.0, -9999.0, -9999.0, -9999.0, -9999.0, -9999.0, -9999.0, -9999.0, -9999.0, -9999.0, -9999.0, -9999.0, -9999.0, -9999.0, -9999.0, -9999.0, -9999.0, -9999.0, -9999.0, -9999.0, -9999.0, -9999.0, -9999.0, -9999.0, -9999.0, -9999.0, -9999.0, -9999.0, -9999.0, -9999.0, -9999.0, -9999.0, -9999.0, -9999.0, -9999.0, -9999.0, -9999.0, -9999.0, -9999.0, -9999.0, -9999.0, -9999.0, -9999.0, -9999.0, -9999.0, -9999.0, -9999.0, -9999.0, -9999.0, -9999.0, -9999.0, -9999.0, -9999.0, -9999.0, -9999.0, -9999.0, -9999.0, -9999.0, -9999.0, -9999.0, -9999.0, -9999.0, -9999.0, -9999.0, -9999.0, -9999.0, -9999.0, -9999.0, -9999.0, -9999.0, -9999.0, -9999.0, -9999.0, -9999.0, -9999.0, -9999.0, -9999.0, -9999.0, -9999.0, -9999.0]",
floatingse.member3.constr_d_to_t,output,,10.0,
floatingse.member3.constr_taper,output,,1.0,
floatingse.member3.slope,output,,1.0,
floatingse.member3.ca_usr_grid_full,output,,"[-1.0, -1.0, -1.0]",
floatingse.member3.cd_usr_grid_full,output,,"[-1.0, -1.0, -1.0]",
floatingse.member3.nu_full,output,,"[0.26103404791929385, 0.26103404791929385]",
floatingse.member3.nodes_r,output,m,"[0.5, 0.5, 0.5]",
floatingse.member3.z_global,output,m,"[-70.0, -50.19225, -30.384500000000003]",
floatingse.member3.center_of_buoyancy,output,m,"[-1.4529208008638235, -2.516532646469803, -52.52226307177722]",
floatingse.member3.displacement,output,m**3,27.689465975617342,
floatingse.member3.buoyancy_force,output,N,278320.3419026925,
floatingse.member3.idx_cb,output,,1.0,
floatingse.member3.Awater,output,m**2,0.0,
floatingse.member3.Iwaterx,output,m**4,0.0,
floatingse.member3.Iwatery,output,m**4,0.0,
floatingse.member3.added_mass,output,kg,"[28381.702625007776, 28381.702625007776, 170.83333333333331, 2939872.7273274693, 2939872.7273274693, 0.0]",
floatingse.member3.waterline_centroid,output,m,"[0.0, 0.0]",
floatingse.member3.z_dim,output,m,"[-70.0, -50.19225, -30.384500000000003]",
floatingse.member3.d_eff,output,m,"[1.0021513917506635, 1.0021513917506635, 1.0021513917506635]",
floatingse.member3.section_height,output,m,39.95532305275481,
floatingse.member3.sigma_ult,output,Pa,450000000.0,
floatingse.member3.wohler_exp,output,,3.0,
floatingse.member3.wohler_A,output,,35534648443.719765,
floatingse.member3.z_param,output,m,"[-70.0, -30.044676947245193]",
floatingse.member3.sec_loc,output,,0.0,normalized sectional location
floatingse.member3.str_tw,output,deg,0.0,structural twist of section
floatingse.member3.tw_iner,output,deg,0.0,inertial twist of section
floatingse.member3.mass_den,output,kg/m,2205.398042820034,sectional mass per unit length
floatingse.member3.foreaft_iner,output,kg*m,226.05329938905354,sectional fore-aft intertia per unit length about the Y_G inertia axis
floatingse.member3.sideside_iner,output,kg*m,226.05329938905354,sectional side-side intertia per unit length about the Y_G inertia axis
floatingse.member3.foreaft_stff,output,N*m**2,5796238445.873168,sectional fore-aft bending stiffness per unit length about the Y_E elastic axis
floatingse.member3.sideside_stff,output,N*m**2,5796238445.873168,sectional side-side bending stiffness per unit length about the Y_E elastic axis
floatingse.member3.tor_stff,output,N*m**2,4596417087.577422,sectional torsional stiffness
floatingse.member3.axial_stff,output,N,56548667764.61626,sectional axial stiffness
floatingse.member3.cg_offst,output,m,0.0,offset from the sectional center of mass
floatingse.member3.sc_offst,output,m,0.0,offset from the sectional shear center
floatingse.member3.tc_offst,output,m,0.0,offset from the sectional tension center
floatingse.member3.axial_load2stress,output,m**2,"[[0.0, 0.0, 3.536776513153231, 17.252568356845025, 17.252568356845025, 0.0]]",
floatingse.member3.shear_load2stress,output,m**2,"[[5.475989575721907, 5.475989575721907, 0.0, 0.0, 0.0, 8.626284178422512]]",
floatingse.member3.shell_cost,output,USD,188666.52803163938,
floatingse.member3.shell_mass,output,kg,77752.02045953347,
floatingse.member3.shell_z_cg,output,m,17.627661526377402,
floatingse.member3.shell_I_base,output,kg*m**2,"[32221611.42605254, 32221611.42605254, 15939.164194204363, 0.0, 0.0, 0.0]",
floatingse.member3.bulkhead_mass,output,kg,156.8283052672025,
floatingse.member3.bulkhead_z_cg,output,m,17.627661526377402,
floatingse.member3.bulkhead_cost,output,USD,2492.6857586036667,
floatingse.member3.bulkhead_I_base,output,kg*m**2,"[97470.1877741753, 97470.1877741753, 12.546264421376202, 0.0, 0.0, 0.0]",
floatingse.member3.stiffener_mass,output,kg,0.0,
floatingse.member3.stiffener_z_cg,output,m,0.0,
floatingse.member3.stiffener_cost,output,USD,0.0,
floatingse.member3.stiffener_I_base,output,kg*m**2,"[0.0, 0.0, 0.0, 0.0, 0.0, 0.0]",
floatingse.member3.flange_spacing_ratio,output,,0.0,
floatingse.member3.stiffener_radius_ratio,output,,"[-9999.0, -9999.0, -9999.0, -9999.0, -9999.0, -9999.0, -9999.0, -9999.0, -9999.0, -9999.0, -9999.0, -9999.0, -9999.0, -9999.0, -9999.0, -9999.0, -9999.0, -9999.0, -9999.0, -9999.0, -9999.0, -9999.0, -9999.0, -9999.0, -9999.0, -9999.0, -9999.0, -9999.0, -9999.0, -9999.0, -9999.0, -9999.0, -9999.0, -9999.0, -9999.0, -9999.0, -9999.0, -9999.0, -9999.0, -9999.0, -9999.0, -9999.0, -9999.0, -9999.0, -9999.0, -9999.0, -9999.0, -9999.0, -9999.0, -9999.0, -9999.0, -9999.0, -9999.0, -9999.0, -9999.0, -9999.0, -9999.0, -9999.0, -9999.0, -9999.0, -9999.0, -9999.0, -9999.0, -9999.0, -9999.0, -9999.0, -9999.0, -9999.0, -9999.0, -9999.0, -9999.0, -9999.0, -9999.0, -9999.0, -9999.0, -9999.0, -9999.0, -9999.0, -9999.0, -9999.0, -9999.0, -9999.0, -9999.0, -9999.0, -9999.0, -9999.0, -9999.0, -9999.0, -9999.0, -9999.0, -9999.0, -9999.0, -9999.0, -9999.0, -9999.0, -9999.0, -9999.0, -9999.0, -9999.0, -9999.0, -9999.0, -9999.0, -9999.0, -9999.0, -9999.0, -9999.0, -9999.0, -9999.0, -9999.0, -9999.0, -9999.0, -9999.0, -9999.0, -9999.0, -9999.0, -9999.0, -9999.0, -9999.0, -9999.0, -9999.0, -9999.0, -9999.0, -9999.0, -9999.0, -9999.0, -9999.0, -9999.0, -9999.0, -9999.0, -9999.0, -9999.0, -9999.0, -9999.0, -9999.0, -9999.0, -9999.0, -9999.0, -9999.0, -9999.0, -9999.0, -9999.0, -9999.0, -9999.0, -9999.0, -9999.0, -9999.0, -9999.0, -9999.0, -9999.0, -9999.0, -9999.0, -9999.0, -9999.0, -9999.0, -9999.0, -9999.0, -9999.0, -9999.0, -9999.0, -9999.0, -9999.0, -9999.0, -9999.0, -9999.0, -9999.0, -9999.0, -9999.0, -9999.0, -9999.0, -9999.0, -9999.0, -9999.0, -9999.0, -9999.0, -9999.0, -9999.0, -9999.0, -9999.0, -9999.0, -9999.0, -9999.0, -9999.0, -9999.0, -9999.0, -9999.0, -9999.0, -9999.0, -9999.0, -9999.0, -9999.0, -9999.0, -9999.0, -9999.0, -9999.0, -9999.0, -9999.0, -9999.0, -9999.0, -9999.0, -9999.0]",
floatingse.member3.constr_flange_compactness,output,,0.0,
floatingse.member3.constr_web_compactness,output,,0.0,
floatingse.member3.ballast_cost,output,USD,0.0,
floatingse.member3.ballast_mass,output,kg,0.0,
floatingse.member3.ballast_height,output,,[],
floatingse.member3.ballast_z_cg,output,m,0.0,
floatingse.member3.ballast_I_base,output,kg*m**2,"[0.0, 0.0, 0.0, 0.0, 0.0, 0.0]",
floatingse.member3.variable_ballast_capacity,output,m**3,0.0,
floatingse.member3.variable_ballast_Vpts,output,m**3,"[0.0, 0.0, 0.0, 0.0, 0.0, 0.0, 0.0, 0.0, 0.0, 0.0]",
floatingse.member3.variable_ballast_spts,output,,"[0.0, 0.0, 0.0, 0.0, 0.0, 0.0, 0.0, 0.0, 0.0, 0.0]",
floatingse.member3.constr_ballast_capacity,output,,[],
floatingse.member3.total_mass,output,kg,77908.84876480067,
floatingse.member3.total_cost,output,USD,191159.21379024305,
floatingse.member3.structural_mass,output,kg,77908.84876480067,
floatingse.member3.structural_cost,output,USD,191159.21379024305,
floatingse.member3.z_cg,output,m,17.627661526377402,
floatingse.member3.I_total,output,kg*m**2,"[8110118.273539156, 8110118.273539156, 15951.71045862574, 0.0, 0.0, 0.0]",
floatingse.member3.s_all,output,,"[0.0, 0.0005005590862972902, 0.5, 0.8818680556338395, 0.8823686147201368, 1.0, -9999.0, -9999.0, -9999.0, -9999.0, -9999.0, -9999.0, -9999.0, -9999.0, -9999.0, -9999.0, -9999.0, -9999.0, -9999.0, -9999.0, -9999.0, -9999.0, -9999.0, -9999.0, -9999.0, -9999.0, -9999.0, -9999.0, -9999.0, -9999.0, -9999.0, -9999.0, -9999.0, -9999.0, -9999.0, -9999.0, -9999.0, -9999.0, -9999.0, -9999.0, -9999.0, -9999.0, -9999.0, -9999.0, -9999.0, -9999.0, -9999.0, -9999.0, -9999.0, -9999.0, -9999.0, -9999.0, -9999.0, -9999.0, -9999.0, -9999.0, -9999.0, -9999.0, -9999.0, -9999.0, -9999.0, -9999.0, -9999.0, -9999.0, -9999.0, -9999.0, -9999.0, -9999.0, -9999.0, -9999.0, -9999.0, -9999.0, -9999.0, -9999.0, -9999.0, -9999.0, -9999.0, -9999.0, -9999.0, -9999.0, -9999.0, -9999.0, -9999.0, -9999.0, -9999.0, -9999.0, -9999.0, -9999.0, -9999.0, -9999.0, -9999.0, -9999.0, -9999.0, -9999.0, -9999.0, -9999.0, -9999.0, -9999.0, -9999.0, -9999.0, -9999.0, -9999.0, -9999.0, -9999.0, -9999.0, -9999.0, -9999.0, -9999.0, -9999.0, -9999.0, -9999.0, -9999.0, -9999.0, -9999.0, -9999.0, -9999.0, -9999.0, -9999.0, -9999.0, -9999.0, -9999.0, -9999.0, -9999.0, -9999.0, -9999.0, -9999.0, -9999.0, -9999.0, -9999.0, -9999.0, -9999.0, -9999.0, -9999.0, -9999.0, -9999.0, -9999.0, -9999.0, -9999.0, -9999.0, -9999.0, -9999.0, -9999.0, -9999.0, -9999.0, -9999.0, -9999.0, -9999.0, -9999.0, -9999.0, -9999.0, -9999.0, -9999.0, -9999.0, -9999.0, -9999.0, -9999.0, -9999.0, -9999.0, -9999.0, -9999.0, -9999.0, -9999.0, -9999.0, -9999.0, -9999.0, -9999.0, -9999.0, -9999.0, -9999.0, -9999.0, -9999.0, -9999.0, -9999.0, -9999.0, -9999.0, -9999.0, -9999.0, -9999.0, -9999.0, -9999.0, -9999.0, -9999.0, -9999.0, -9999.0, -9999.0, -9999.0, -9999.0, -9999.0, -9999.0, -9999.0, -9999.0, -9999.0, -9999.0, -9999.0, -9999.0, -9999.0, -9999.0, -9999.0, -9999.0, -9999.0]",
floatingse.member3.center_of_mass,output,m,"[-1.4529208008638235, -2.516532646469803, -52.52226307177722]",
floatingse.member3.nodes_xyz_all,output,m,"[[-2.6000000000000023, -4.50333209967908, -70.0], [-2.5986985463756294, -4.501077915877972, -69.98017010151679], [-1.3000000000000012, -2.25166604983954, -50.19225], [-0.3071430553520176, -0.5319873770616339, -35.06435604203763], [-0.30584160172764463, -0.5297331932605251, -35.04452614355442], [0.0, 0.0, -30.384500000000003], [-9999.0, -9999.0, -9999.0], [-9999.0, -9999.0, -9999.0], [-9999.0, -9999.0, -9999.0], [-9999.0, -9999.0, -9999.0], [-9999.0, -9999.0, -9999.0], [-9999.0, -9999.0, -9999.0], [-9999.0, -9999.0, -9999.0], [-9999.0, -9999.0, -9999.0], [-9999.0, -9999.0, -9999.0], [-9999.0, -9999.0, -9999.0], [-9999.0, -9999.0, -9999.0], [-9999.0, -9999.0, -9999.0], [-9999.0, -9999.0, -9999.0], [-9999.0, -9999.0, -9999.0], [-9999.0, -9999.0, -9999.0], [-9999.0, -9999.0, -9999.0], [-9999.0, -9999.0, -9999.0], [-9999.0, -9999.0, -9999.0], [-9999.0, -9999.0, -9999.0], [-9999.0, -9999.0, -9999.0], [-9999.0, -9999.0, -9999.0], [-9999.0, -9999.0, -9999.0], [-9999.0, -9999.0, -9999.0], [-9999.0, -9999.0, -9999.0], [-9999.0, -9999.0, -9999.0], [-9999.0, -9999.0, -9999.0], [-9999.0, -9999.0, -9999.0], [-9999.0, -9999.0, -9999.0], [-9999.0, -9999.0, -9999.0], [-9999.0, -9999.0, -9999.0], [-9999.0, -9999.0, -9999.0], [-9999.0, -9999.0, -9999.0], [-9999.0, -9999.0, -9999.0], [-9999.0, -9999.0, -9999.0], [-9999.0, -9999.0, -9999.0], [-9999.0, -9999.0, -9999.0], [-9999.0, -9999.0, -9999.0], [-9999.0, -9999.0, -9999.0], [-9999.0, -9999.0, -9999.0], [-9999.0, -9999.0, -9999.0], [-9999.0, -9999.0, -9999.0], [-9999.0, -9999.0, -9999.0], [-9999.0, -9999.0, -9999.0], [-9999.0, -9999.0, -9999.0], [-9999.0, -9999.0, -9999.0], [-9999.0, -9999.0, -9999.0], [-9999.0, -9999.0, -9999.0], [-9999.0, -9999.0, -9999.0], [-9999.0, -9999.0, -9999.0], [-9999.0, -9999.0, -9999.0], [-9999.0, -9999.0, -9999.0], [-9999.0, -9999.0, -9999.0], [-9999.0, -9999.0, -9999.0], [-9999.0, -9999.0, -9999.0], [-9999.0, -9999.0, -9999.0], [-9999.0, -9999.0, -9999.0], [-9999.0, -9999.0, -9999.0], [-9999.0, -9999.0, -9999.0], [-9999.0, -9999.0, -9999.0], [-9999.0, -9999.0, -9999.0], [-9999.0, -9999.0, -9999.0], [-9999.0, -9999.0, -9999.0], [-9999.0, -9999.0, -9999.0], [-9999.0, -9999.0, -9999.0], [-9999.0, -9999.0, -9999.0], [-9999.0, -9999.0, -9999.0], [-9999.0, -9999.0, -9999.0], [-9999.0, -9999.0, -9999.0], [-9999.0, -9999.0, -9999.0], [-9999.0, -9999.0, -9999.0], [-9999.0, -9999.0, -9999.0], [-9999.0, -9999.0, -9999.0], [-9999.0, -9999.0, -9999.0], [-9999.0, -9999.0, -9999.0], [-9999.0, -9999.0, -9999.0], [-9999.0, -9999.0, -9999.0], [-9999.0, -9999.0, -9999.0], [-9999.0, -9999.0, -9999.0], [-9999.0, -9999.0, -9999.0], [-9999.0, -9999.0, -9999.0], [-9999.0, -9999.0, -9999.0], [-9999.0, -9999.0, -9999.0], [-9999.0, -9999.0, -9999.0], [-9999.0, -9999.0, -9999.0], [-9999.0, -9999.0, -9999.0], [-9999.0, -9999.0, -9999.0], [-9999.0, -9999.0, -9999.0], [-9999.0, -9999.0, -9999.0], [-9999.0, -9999.0, -9999.0], [-9999.0, -9999.0, -9999.0], [-9999.0, -9999.0, -9999.0], [-9999.0, -9999.0, -9999.0], [-9999.0, -9999.0, -9999.0], [-9999.0, -9999.0, -9999.0], [-9999.0, -9999.0, -9999.0], [-9999.0, -9999.0, -9999.0], [-9999.0, -9999.0, -9999.0], [-9999.0, -9999.0, -9999.0], [-9999.0, -9999.0, -9999.0], [-9999.0, -9999.0, -9999.0], [-9999.0, -9999.0, -9999.0], [-9999.0, -9999.0, -9999.0], [-9999.0, -9999.0, -9999.0], [-9999.0, -9999.0, -9999.0], [-9999.0, -9999.0, -9999.0], [-9999.0, -9999.0, -9999.0], [-9999.0, -9999.0, -9999.0], [-9999.0, -9999.0, -9999.0], [-9999.0, -9999.0, -9999.0], [-9999.0, -9999.0, -9999.0], [-9999.0, -9999.0, -9999.0], [-9999.0, -9999.0, -9999.0], [-9999.0, -9999.0, -9999.0], [-9999.0, -9999.0, -9999.0], [-9999.0, -9999.0, -9999.0], [-9999.0, -9999.0, -9999.0], [-9999.0, -9999.0, -9999.0], [-9999.0, -9999.0, -9999.0], [-9999.0, -9999.0, -9999.0], [-9999.0, -9999.0, -9999.0], [-9999.0, -9999.0, -9999.0], [-9999.0, -9999.0, -9999.0], [-9999.0, -9999.0, -9999.0], [-9999.0, -9999.0, -9999.0], [-9999.0, -9999.0, -9999.0], [-9999.0, -9999.0, -9999.0], [-9999.0, -9999.0, -9999.0], [-9999.0, -9999.0, -9999.0], [-9999.0, -9999.0, -9999.0], [-9999.0, -9999.0, -9999.0], [-9999.0, -9999.0, -9999.0], [-9999.0, -9999.0, -9999.0], [-9999.0, -9999.0, -9999.0], [-9999.0, -9999.0, -9999.0], [-9999.0, -9999.0, -9999.0], [-9999.0, -9999.0, -9999.0], [-9999.0, -9999.0, -9999.0], [-9999.0, -9999.0, -9999.0], [-9999.0, -9999.0, -9999.0], [-9999.0, -9999.0, -9999.0], [-9999.0, -9999.0, -9999.0], [-9999.0, -9999.0, -9999.0], [-9999.0, -9999.0, -9999.0], [-9999.0, -9999.0, -9999.0], [-9999.0, -9999.0, -9999.0], [-9999.0, -9999.0, -9999.0], [-9999.0, -9999.0, -9999.0], [-9999.0, -9999.0, -9999.0], [-9999.0, -9999.0, -9999.0], [-9999.0, -9999.0, -9999.0], [-9999.0, -9999.0, -9999.0], [-9999.0, -9999.0, -9999.0], [-9999.0, -9999.0, -9999.0], [-9999.0, -9999.0, -9999.0], [-9999.0, -9999.0, -9999.0], [-9999.0, -9999.0, -9999.0], [-9999.0, -9999.0, -9999.0], [-9999.0, -9999.0, -9999.0], [-9999.0, -9999.0, -9999.0], [-9999.0, -9999.0, -9999.0], [-9999.0, -9999.0, -9999.0], [-9999.0, -9999.0, -9999.0], [-9999.0, -9999.0, -9999.0], [-9999.0, -9999.0, -9999.0], [-9999.0, -9999.0, -9999.0], [-9999.0, -9999.0, -9999.0], [-9999.0, -9999.0, -9999.0], [-9999.0, -9999.0, -9999.0], [-9999.0, -9999.0, -9999.0], [-9999.0, -9999.0, -9999.0], [-9999.0, -9999.0, -9999.0], [-9999.0, -9999.0, -9999.0], [-9999.0, -9999.0, -9999.0], [-9999.0, -9999.0, -9999.0], [-9999.0, -9999.0, -9999.0], [-9999.0, -9999.0, -9999.0], [-9999.0, -9999.0, -9999.0], [-9999.0, -9999.0, -9999.0], [-9999.0, -9999.0, -9999.0], [-9999.0, -9999.0, -9999.0], [-9999.0, -9999.0, -9999.0], [-9999.0, -9999.0, -9999.0], [-9999.0, -9999.0, -9999.0], [-9999.0, -9999.0, -9999.0], [-9999.0, -9999.0, -9999.0], [-9999.0, -9999.0, -9999.0], [-9999.0, -9999.0, -9999.0], [-9999.0, -9999.0, -9999.0], [-9999.0, -9999.0, -9999.0], [-9999.0, -9999.0, -9999.0], [-9999.0, -9999.0, -9999.0], [-9999.0, -9999.0, -9999.0], [-9999.0, -9999.0, -9999.0], [-9999.0, -9999.0, -9999.0]]",
floatingse.member3.section_D,output,m,"[1.0, 1.0, 1.0, 1.0, 0.01, -9999.0, -9999.0, -9999.0, -9999.0, -9999.0, -9999.0, -9999.0, -9999.0, -9999.0, -9999.0, -9999.0, -9999.0, -9999.0, -9999.0, -9999.0, -9999.0, -9999.0, -9999.0, -9999.0, -9999.0, -9999.0, -9999.0, -9999.0, -9999.0, -9999.0, -9999.0, -9999.0, -9999.0, -9999.0, -9999.0, -9999.0, -9999.0, -9999.0, -9999.0, -9999.0, -9999.0, -9999.0, -9999.0, -9999.0, -9999.0, -9999.0, -9999.0, -9999.0, -9999.0, -9999.0, -9999.0, -9999.0, -9999.0, -9999.0, -9999.0, -9999.0, -9999.0, -9999.0, -9999.0, -9999.0, -9999.0, -9999.0, -9999.0, -9999.0, -9999.0, -9999.0, -9999.0, -9999.0, -9999.0, -9999.0, -9999.0, -9999.0, -9999.0, -9999.0, -9999.0, -9999.0, -9999.0, -9999.0, -9999.0, -9999.0, -9999.0, -9999.0, -9999.0, -9999.0, -9999.0, -9999.0, -9999.0, -9999.0, -9999.0, -9999.0, -9999.0, -9999.0, -9999.0, -9999.0, -9999.0, -9999.0, -9999.0, -9999.0, -9999.0, -9999.0, -9999.0, -9999.0, -9999.0, -9999.0, -9999.0, -9999.0, -9999.0, -9999.0, -9999.0, -9999.0, -9999.0, -9999.0, -9999.0, -9999.0, -9999.0, -9999.0, -9999.0, -9999.0, -9999.0, -9999.0, -9999.0, -9999.0, -9999.0, -9999.0, -9999.0, -9999.0, -9999.0, -9999.0, -9999.0, -9999.0, -9999.0, -9999.0, -9999.0, -9999.0, -9999.0, -9999.0, -9999.0, -9999.0, -9999.0, -9999.0, -9999.0, -9999.0, -9999.0, -9999.0, -9999.0, -9999.0, -9999.0, -9999.0, -9999.0, -9999.0, -9999.0, -9999.0, -9999.0, -9999.0, -9999.0, -9999.0, -9999.0, -9999.0, -9999.0, -9999.0, -9999.0, -9999.0, -9999.0, -9999.0, -9999.0, -9999.0, -9999.0, -9999.0, -9999.0, -9999.0, -9999.0, -9999.0, -9999.0, -9999.0, -9999.0, -9999.0, -9999.0, -9999.0, -9999.0, -9999.0, -9999.0, -9999.0, -9999.0, -9999.0, -9999.0, -9999.0, -9999.0, -9999.0, -9999.0, -9999.0, -9999.0, -9999.0, -9999.0, -9999.0, -9999.0, -9999.0, -9999.0, -9999.0, -9999.0, -9999.0]",
floatingse.member3.nodes_r_all,output,m,"[0.5, 0.5, 0.5, 0.5, 0.5, 0.5, -9999.0, -9999.0, -9999.0, -9999.0, -9999.0, -9999.0, -9999.0, -9999.0, -9999.0, -9999.0, -9999.0, -9999.0, -9999.0, -9999.0, -9999.0, -9999.0, -9999.0, -9999.0, -9999.0, -9999.0, -9999.0, -9999.0, -9999.0, -9999.0, -9999.0, -9999.0, -9999.0, -9999.0, -9999.0, -9999.0, -9999.0, -9999.0, -9999.0, -9999.0, -9999.0, -9999.0, -9999.0, -9999.0, -9999.0, -9999.0, -9999.0, -9999.0, -9999.0, -9999.0, -9999.0, -9999.0, -9999.0, -9999.0, -9999.0, -9999.0, -9999.0, -9999.0, -9999.0, -9999.0, -9999.0, -9999.0, -9999.0, -9999.0, -9999.0, -9999.0, -9999.0, -9999.0, -9999.0, -9999.0, -9999.0, -9999.0, -9999.0, -9999.0, -9999.0, -9999.0, -9999.0, -9999.0, -9999.0, -9999.0, -9999.0, -9999.0, -9999.0, -9999.0, -9999.0, -9999.0, -9999.0, -9999.0, -9999.0, -9999.0, -9999.0, -9999.0, -9999.0, -9999.0, -9999.0, -9999.0, -9999.0, -9999.0, -9999.0, -9999.0, -9999.0, -9999.0, -9999.0, -9999.0, -9999.0, -9999.0, -9999.0, -9999.0, -9999.0, -9999.0, -9999.0, -9999.0, -9999.0, -9999.0, -9999.0, -9999.0, -9999.0, -9999.0, -9999.0, -9999.0, -9999.0, -9999.0, -9999.0, -9999.0, -9999.0, -9999.0, -9999.0, -9999.0, -9999.0, -9999.0, -9999.0, -9999.0, -9999.0, -9999.0, -9999.0, -9999.0, -9999.0, -9999.0, -9999.0, -9999.0, -9999.0, -9999.0, -9999.0, -9999.0, -9999.0, -9999.0, -9999.0, -9999.0, -9999.0, -9999.0, -9999.0, -9999.0, -9999.0, -9999.0, -9999.0, -9999.0, -9999.0, -9999.0, -9999.0, -9999.0, -9999.0, -9999.0, -9999.0, -9999.0, -9999.0, -9999.0, -9999.0, -9999.0, -9999.0, -9999.0, -9999.0, -9999.0, -9999.0, -9999.0, -9999.0, -9999.0, -9999.0, -9999.0, -9999.0, -9999.0, -9999.0, -9999.0, -9999.0, -9999.0, -9999.0, -9999.0, -9999.0, -9999.0, -9999.0, -9999.0, -9999.0, -9999.0, -9999.0, -9999.0, -9999.0, -9999.0, -9999.0, -9999.0, -9999.0, -9999.0]",
floatingse.member3.section_t,output,m,"[0.5, 0.1, 0.1, 0.5, 0.01, -9999.0, -9999.0, -9999.0, -9999.0, -9999.0, -9999.0, -9999.0, -9999.0, -9999.0, -9999.0, -9999.0, -9999.0, -9999.0, -9999.0, -9999.0, -9999.0, -9999.0, -9999.0, -9999.0, -9999.0, -9999.0, -9999.0, -9999.0, -9999.0, -9999.0, -9999.0, -9999.0, -9999.0, -9999.0, -9999.0, -9999.0, -9999.0, -9999.0, -9999.0, -9999.0, -9999.0, -9999.0, -9999.0, -9999.0, -9999.0, -9999.0, -9999.0, -9999.0, -9999.0, -9999.0, -9999.0, -9999.0, -9999.0, -9999.0, -9999.0, -9999.0, -9999.0, -9999.0, -9999.0, -9999.0, -9999.0, -9999.0, -9999.0, -9999.0, -9999.0, -9999.0, -9999.0, -9999.0, -9999.0, -9999.0, -9999.0, -9999.0, -9999.0, -9999.0, -9999.0, -9999.0, -9999.0, -9999.0, -9999.0, -9999.0, -9999.0, -9999.0, -9999.0, -9999.0, -9999.0, -9999.0, -9999.0, -9999.0, -9999.0, -9999.0, -9999.0, -9999.0, -9999.0, -9999.0, -9999.0, -9999.0, -9999.0, -9999.0, -9999.0, -9999.0, -9999.0, -9999.0, -9999.0, -9999.0, -9999.0, -9999.0, -9999.0, -9999.0, -9999.0, -9999.0, -9999.0, -9999.0, -9999.0, -9999.0, -9999.0, -9999.0, -9999.0, -9999.0, -9999.0, -9999.0, -9999.0, -9999.0, -9999.0, -9999.0, -9999.0, -9999.0, -9999.0, -9999.0, -9999.0, -9999.0, -9999.0, -9999.0, -9999.0, -9999.0, -9999.0, -9999.0, -9999.0, -9999.0, -9999.0, -9999.0, -9999.0, -9999.0, -9999.0, -9999.0, -9999.0, -9999.0, -9999.0, -9999.0, -9999.0, -9999.0, -9999.0, -9999.0, -9999.0, -9999.0, -9999.0, -9999.0, -9999.0, -9999.0, -9999.0, -9999.0, -9999.0, -9999.0, -9999.0, -9999.0, -9999.0, -9999.0, -9999.0, -9999.0, -9999.0, -9999.0, -9999.0, -9999.0, -9999.0, -9999.0, -9999.0, -9999.0, -9999.0, -9999.0, -9999.0, -9999.0, -9999.0, -9999.0, -9999.0, -9999.0, -9999.0, -9999.0, -9999.0, -9999.0, -9999.0, -9999.0, -9999.0, -9999.0, -9999.0, -9999.0, -9999.0, -9999.0, -9999.0, -9999.0, -9999.0, -9999.0]",
floatingse.member3.section_A,output,m**2,"[0.7853981633974483, 0.2827433388230813, 0.2827433388230813, 0.7853981633974483, 0.01, -9999.0, -9999.0, -9999.0, -9999.0, -9999.0, -9999.0, -9999.0, -9999.0, -9999.0, -9999.0, -9999.0, -9999.0, -9999.0, -9999.0, -9999.0, -9999.0, -9999.0, -9999.0, -9999.0, -9999.0, -9999.0, -9999.0, -9999.0, -9999.0, -9999.0, -9999.0, -9999.0, -9999.0, -9999.0, -9999.0, -9999.0, -9999.0, -9999.0, -9999.0, -9999.0, -9999.0, -9999.0, -9999.0, -9999.0, -9999.0, -9999.0, -9999.0, -9999.0, -9999.0, -9999.0, -9999.0, -9999.0, -9999.0, -9999.0, -9999.0, -9999.0, -9999.0, -9999.0, -9999.0, -9999.0, -9999.0, -9999.0, -9999.0, -9999.0, -9999.0, -9999.0, -9999.0, -9999.0, -9999.0, -9999.0, -9999.0, -9999.0, -9999.0, -9999.0, -9999.0, -9999.0, -9999.0, -9999.0, -9999.0, -9999.0, -9999.0, -9999.0, -9999.0, -9999.0, -9999.0, -9999.0, -9999.0, -9999.0, -9999.0, -9999.0, -9999.0, -9999.0, -9999.0, -9999.0, -9999.0, -9999.0, -9999.0, -9999.0, -9999.0, -9999.0, -9999.0, -9999.0, -9999.0, -9999.0, -9999.0, -9999.0, -9999.0, -9999.0, -9999.0, -9999.0, -9999.0, -9999.0, -9999.0, -9999.0, -9999.0, -9999.0, -9999.0, -9999.0, -9999.0, -9999.0, -9999.0, -9999.0, -9999.0, -9999.0, -9999.0, -9999.0, -9999.0, -9999.0, -9999.0, -9999.0, -9999.0, -9999.0, -9999.0, -9999.0, -9999.0, -9999.0, -9999.0, -9999.0, -9999.0, -9999.0, -9999.0, -9999.0, -9999.0, -9999.0, -9999.0, -9999.0, -9999.0, -9999.0, -9999.0, -9999.0, -9999.0, -9999.0, -9999.0, -9999.0, -9999.0, -9999.0, -9999.0, -9999.0, -9999.0, -9999.0, -9999.0, -9999.0, -9999.0, -9999.0, -9999.0, -9999.0, -9999.0, -9999.0, -9999.0, -9999.0, -9999.0, -9999.0, -9999.0, -9999.0, -9999.0, -9999.0, -9999.0, -9999.0, -9999.0, -9999.0, -9999.0, -9999.0, -9999.0, -9999.0, -9999.0, -9999.0, -9999.0, -9999.0, -9999.0, -9999.0, -9999.0, -9999.0, -9999.0, -9999.0, -9999.0, -9999.0, -9999.0, -9999.0, -9999.0, -9999.0]",
floatingse.member3.section_Asx,output,m**2,"[0.698606753390037, 0.18261539511206404, 0.18261539511206404, 0.698606753390037, 0.01, -9999.0, -9999.0, -9999.0, -9999.0, -9999.0, -9999.0, -9999.0, -9999.0, -9999.0, -9999.0, -9999.0, -9999.0, -9999.0, -9999.0, -9999.0, -9999.0, -9999.0, -9999.0, -9999.0, -9999.0, -9999.0, -9999.0, -9999.0, -9999.0, -9999.0, -9999.0, -9999.0, -9999.0, -9999.0, -9999.0, -9999.0, -9999.0, -9999.0, -9999.0, -9999.0, -9999.0, -9999.0, -9999.0, -9999.0, -9999.0, -9999.0, -9999.0, -9999.0, -9999.0, -9999.0, -9999.0, -9999.0, -9999.0, -9999.0, -9999.0, -9999.0, -9999.0, -9999.0, -9999.0, -9999.0, -9999.0, -9999.0, -9999.0, -9999.0, -9999.0, -9999.0, -9999.0, -9999.0, -9999.0, -9999.0, -9999.0, -9999.0, -9999.0, -9999.0, -9999.0, -9999.0, -9999.0, -9999.0, -9999.0, -9999.0, -9999.0, -9999.0, -9999.0, -9999.0, -9999.0, -9999.0, -9999.0, -9999.0, -9999.0, -9999.0, -9999.0, -9999.0, -9999.0, -9999.0, -9999.0, -9999.0, -9999.0, -9999.0, -9999.0, -9999.0, -9999.0, -9999.0, -9999.0, -9999.0, -9999.0, -9999.0, -9999.0, -9999.0, -9999.0, -9999.0, -9999.0, -9999.0, -9999.0, -9999.0, -9999.0, -9999.0, -9999.0, -9999.0, -9999.0, -9999.0, -9999.0, -9999.0, -9999.0, -9999.0, -9999.0, -9999.0, -9999.0, -9999.0, -9999.0, -9999.0, -9999.0, -9999.0, -9999.0, -9999.0, -9999.0, -9999.0, -9999.0, -9999.0, -9999.0, -9999.0, -9999.0, -9999.0, -9999.0, -9999.0, -9999.0, -9999.0, -9999.0, -9999.0, -9999.0, -9999.0, -9999.0, -9999.0, -9999.0, -9999.0, -9999.0, -9999.0, -9999.0, -9999.0, -9999.0, -9999.0, -9999.0, -9999.0, -9999.0, -9999.0, -9999.0, -9999.0, -9999.0, -9999.0, -9999.0, -9999.0, -9999.0, -9999.0, -9999.0, -9999.0, -9999.0, -9999.0, -9999.0, -9999.0, -9999.0, -9999.0, -9999.0, -9999.0, -9999.0, -9999.0, -9999.0, -9999.0, -9999.0, -9999.0, -9999.0, -9999.0, -9999.0, -9999.0, -9999.0, -9999.0, -9999.0, -9999.0, -9999.0, -9999.0, -9999.0, -9999.0]",
floatingse.member3.section_Asy,output,m**2,"[0.698606753390037, 0.18261539511206404, 0.18261539511206404, 0.698606753390037, 0.01, -9999.0, -9999.0, -9999.0, -9999.0, -9999.0, -9999.0, -9999.0, -9999.0, -9999.0, -9999.0, -9999.0, -9999.0, -9999.0, -9999.0, -9999.0, -9999.0, -9999.0, -9999.0, -9999.0, -9999.0, -9999.0, -9999.0, -9999.0, -9999.0, -9999.0, -9999.0, -9999.0, -9999.0, -9999.0, -9999.0, -9999.0, -9999.0, -9999.0, -9999.0, -9999.0, -9999.0, -9999.0, -9999.0, -9999.0, -9999.0, -9999.0, -9999.0, -9999.0, -9999.0, -9999.0, -9999.0, -9999.0, -9999.0, -9999.0, -9999.0, -9999.0, -9999.0, -9999.0, -9999.0, -9999.0, -9999.0, -9999.0, -9999.0, -9999.0, -9999.0, -9999.0, -9999.0, -9999.0, -9999.0, -9999.0, -9999.0, -9999.0, -9999.0, -9999.0, -9999.0, -9999.0, -9999.0, -9999.0, -9999.0, -9999.0, -9999.0, -9999.0, -9999.0, -9999.0, -9999.0, -9999.0, -9999.0, -9999.0, -9999.0, -9999.0, -9999.0, -9999.0, -9999.0, -9999.0, -9999.0, -9999.0, -9999.0, -9999.0, -9999.0, -9999.0, -9999.0, -9999.0, -9999.0, -9999.0, -9999.0, -9999.0, -9999.0, -9999.0, -9999.0, -9999.0, -9999.0, -9999.0, -9999.0, -9999.0, -9999.0, -9999.0, -9999.0, -9999.0, -9999.0, -9999.0, -9999.0, -9999.0, -9999.0, -9999.0, -9999.0, -9999.0, -9999.0, -9999.0, -9999.0, -9999.0, -9999.0, -9999.0, -9999.0, -9999.0, -9999.0, -9999.0, -9999.0, -9999.0, -9999.0, -9999.0, -9999.0, -9999.0, -9999.0, -9999.0, -9999.0, -9999.0, -9999.0, -9999.0, -9999.0, -9999.0, -9999.0, -9999.0, -9999.0, -9999.0, -9999.0, -9999.0, -9999.0, -9999.0, -9999.0, -9999.0, -9999.0, -9999.0, -9999.0, -9999.0, -9999.0, -9999.0, -9999.0, -9999.0, -9999.0, -9999.0, -9999.0, -9999.0, -9999.0, -9999.0, -9999.0, -9999.0, -9999.0, -9999.0, -9999.0, -9999.0, -9999.0, -9999.0, -9999.0, -9999.0, -9999.0, -9999.0, -9999.0, -9999.0, -9999.0, -9999.0, -9999.0, -9999.0, -9999.0, -9999.0, -9999.0, -9999.0, -9999.0, -9999.0, -9999.0, -9999.0]",
floatingse.member3.section_Ixx,output,kg*m**2,"[0.04908738521234052, 0.028981192229365838, 0.028981192229365838, 0.04908738521234052, 0.01, -9999.0, -9999.0, -9999.0, -9999.0, -9999.0, -9999.0, -9999.0, -9999.0, -9999.0, -9999.0, -9999.0, -9999.0, -9999.0, -9999.0, -9999.0, -9999.0, -9999.0, -9999.0, -9999.0, -9999.0, -9999.0, -9999.0, -9999.0, -9999.0, -9999.0, -9999.0, -9999.0, -9999.0, -9999.0, -9999.0, -9999.0, -9999.0, -9999.0, -9999.0, -9999.0, -9999.0, -9999.0, -9999.0, -9999.0, -9999.0, -9999.0, -9999.0, -9999.0, -9999.0, -9999.0, -9999.0, -9999.0, -9999.0, -9999.0, -9999.0, -9999.0, -9999.0, -9999.0, -9999.0, -9999.0, -9999.0, -9999.0, -9999.0, -9999.0, -9999.0, -9999.0, -9999.0, -9999.0, -9999.0, -9999.0, -9999.0, -9999.0, -9999.0, -9999.0, -9999.0, -9999.0, -9999.0, -9999.0, -9999.0, -9999.0, -9999.0, -9999.0, -9999.0, -9999.0, -9999.0, -9999.0, -9999.0, -9999.0, -9999.0, -9999.0, -9999.0, -9999.0, -9999.0, -9999.0, -9999.0, -9999.0, -9999.0, -9999.0, -9999.0, -9999.0, -9999.0, -9999.0, -9999.0, -9999.0, -9999.0, -9999.0, -9999.0, -9999.0, -9999.0, -9999.0, -9999.0, -9999.0, -9999.0, -9999.0, -9999.0, -9999.0, -9999.0, -9999.0, -9999.0, -9999.0, -9999.0, -9999.0, -9999.0, -9999.0, -9999.0, -9999.0, -9999.0, -9999.0, -9999.0, -9999.0, -9999.0, -9999.0, -9999.0, -9999.0, -9999.0, -9999.0, -9999.0, -9999.0, -9999.0, -9999.0, -9999.0, -9999.0, -9999.0, -9999.0, -9999.0, -9999.0, -9999.0, -9999.0, -9999.0, -9999.0, -9999.0, -9999.0, -9999.0, -9999.0, -9999.0, -9999.0, -9999.0, -9999.0, -9999.0, -9999.0, -9999.0, -9999.0, -9999.0, -9999.0, -9999.0, -9999.0, -9999.0, -9999.0, -9999.0, -9999.0, -9999.0, -9999.0, -9999.0, -9999.0, -9999.0, -9999.0, -9999.0, -9999.0, -9999.0, -9999.0, -9999.0, -9999.0, -9999.0, -9999.0, -9999.0, -9999.0, -9999.0, -9999.0, -9999.0, -9999.0, -9999.0, -9999.0, -9999.0, -9999.0, -9999.0, -9999.0, -9999.0, -9999.0, -9999.0, -9999.0]",
floatingse.member3.section_Iyy,output,kg*m**2,"[0.04908738521234052, 0.028981192229365838, 0.028981192229365838, 0.04908738521234052, 0.01, -9999.0, -9999.0, -9999.0, -9999.0, -9999.0, -9999.0, -9999.0, -9999.0, -9999.0, -9999.0, -9999.0, -9999.0, -9999.0, -9999.0, -9999.0, -9999.0, -9999.0, -9999.0, -9999.0, -9999.0, -9999.0, -9999.0, -9999.0, -9999.0, -9999.0, -9999.0, -9999.0, -9999.0, -9999.0, -9999.0, -9999.0, -9999.0, -9999.0, -9999.0, -9999.0, -9999.0, -9999.0, -9999.0, -9999.0, -9999.0, -9999.0, -9999.0, -9999.0, -9999.0, -9999.0, -9999.0, -9999.0, -9999.0, -9999.0, -9999.0, -9999.0, -9999.0, -9999.0, -9999.0, -9999.0, -9999.0, -9999.0, -9999.0, -9999.0, -9999.0, -9999.0, -9999.0, -9999.0, -9999.0, -9999.0, -9999.0, -9999.0, -9999.0, -9999.0, -9999.0, -9999.0, -9999.0, -9999.0, -9999.0, -9999.0, -9999.0, -9999.0, -9999.0, -9999.0, -9999.0, -9999.0, -9999.0, -9999.0, -9999.0, -9999.0, -9999.0, -9999.0, -9999.0, -9999.0, -9999.0, -9999.0, -9999.0, -9999.0, -9999.0, -9999.0, -9999.0, -9999.0, -9999.0, -9999.0, -9999.0, -9999.0, -9999.0, -9999.0, -9999.0, -9999.0, -9999.0, -9999.0, -9999.0, -9999.0, -9999.0, -9999.0, -9999.0, -9999.0, -9999.0, -9999.0, -9999.0, -9999.0, -9999.0, -9999.0, -9999.0, -9999.0, -9999.0, -9999.0, -9999.0, -9999.0, -9999.0, -9999.0, -9999.0, -9999.0, -9999.0, -9999.0, -9999.0, -9999.0, -9999.0, -9999.0, -9999.0, -9999.0, -9999.0, -9999.0, -9999.0, -9999.0, -9999.0, -9999.0, -9999.0, -9999.0, -9999.0, -9999.0, -9999.0, -9999.0, -9999.0, -9999.0, -9999.0, -9999.0, -9999.0, -9999.0, -9999.0, -9999.0, -9999.0, -9999.0, -9999.0, -9999.0, -9999.0, -9999.0, -9999.0, -9999.0, -9999.0, -9999.0, -9999.0, -9999.0, -9999.0, -9999.0, -9999.0, -9999.0, -9999.0, -9999.0, -9999.0, -9999.0, -9999.0, -9999.0, -9999.0, -9999.0, -9999.0, -9999.0, -9999.0, -9999.0, -9999.0, -9999.0, -9999.0, -9999.0, -9999.0, -9999.0, -9999.0, -9999.0, -9999.0, -9999.0]",
floatingse.member3.section_J0,output,kg*m**2,"[0.09817477042468103, 0.057962384458731676, 0.057962384458731676, 0.09817477042468103, 0.01, -9999.0, -9999.0, -9999.0, -9999.0, -9999.0, -9999.0, -9999.0, -9999.0, -9999.0, -9999.0, -9999.0, -9999.0, -9999.0, -9999.0, -9999.0, -9999.0, -9999.0, -9999.0, -9999.0, -9999.0, -9999.0, -9999.0, -9999.0, -9999.0, -9999.0, -9999.0, -9999.0, -9999.0, -9999.0, -9999.0, -9999.0, -9999.0, -9999.0, -9999.0, -9999.0, -9999.0, -9999.0, -9999.0, -9999.0, -9999.0, -9999.0, -9999.0, -9999.0, -9999.0, -9999.0, -9999.0, -9999.0, -9999.0, -9999.0, -9999.0, -9999.0, -9999.0, -9999.0, -9999.0, -9999.0, -9999.0, -9999.0, -9999.0, -9999.0, -9999.0, -9999.0, -9999.0, -9999.0, -9999.0, -9999.0, -9999.0, -9999.0, -9999.0, -9999.0, -9999.0, -9999.0, -9999.0, -9999.0, -9999.0, -9999.0, -9999.0, -9999.0, -9999.0, -9999.0, -9999.0, -9999.0, -9999.0, -9999.0, -9999.0, -9999.0, -9999.0, -9999.0, -9999.0, -9999.0, -9999.0, -9999.0, -9999.0, -9999.0, -9999.0, -9999.0, -9999.0, -9999.0, -9999.0, -9999.0, -9999.0, -9999.0, -9999.0, -9999.0, -9999.0, -9999.0, -9999.0, -9999.0, -9999.0, -9999.0, -9999.0, -9999.0, -9999.0, -9999.0, -9999.0, -9999.0, -9999.0, -9999.0, -9999.0, -9999.0, -9999.0, -9999.0, -9999.0, -9999.0, -9999.0, -9999.0, -9999.0, -9999.0, -9999.0, -9999.0, -9999.0, -9999.0, -9999.0, -9999.0, -9999.0, -9999.0, -9999.0, -9999.0, -9999.0, -9999.0, -9999.0, -9999.0, -9999.0, -9999.0, -9999.0, -9999.0, -9999.0, -9999.0, -9999.0, -9999.0, -9999.0, -9999.0, -9999.0, -9999.0, -9999.0, -9999.0, -9999.0, -9999.0, -9999.0, -9999.0, -9999.0, -9999.0, -9999.0, -9999.0, -9999.0, -9999.0, -9999.0, -9999.0, -9999.0, -9999.0, -9999.0, -9999.0, -9999.0, -9999.0, -9999.0, -9999.0, -9999.0, -9999.0, -9999.0, -9999.0, -9999.0, -9999.0, -9999.0, -9999.0, -9999.0, -9999.0, -9999.0, -9999.0, -9999.0, -9999.0, -9999.0, -9999.0, -9999.0, -9999.0, -9999.0, -9999.0]",
floatingse.member3.section_rho,output,kg/m**3,"[7800.0, 7800.0, 7800.0, 7800.0, 0.01, -9999.0, -9999.0, -9999.0, -9999.0, -9999.0, -9999.0, -9999.0, -9999.0, -9999.0, -9999.0, -9999.0, -9999.0, -9999.0, -9999.0, -9999.0, -9999.0, -9999.0, -9999.0, -9999.0, -9999.0, -9999.0, -9999.0, -9999.0, -9999.0, -9999.0, -9999.0, -9999.0, -9999.0, -9999.0, -9999.0, -9999.0, -9999.0, -9999.0, -9999.0, -9999.0, -9999.0, -9999.0, -9999.0, -9999.0, -9999.0, -9999.0, -9999.0, -9999.0, -9999.0, -9999.0, -9999.0, -9999.0, -9999.0, -9999.0, -9999.0, -9999.0, -9999.0, -9999.0, -9999.0, -9999.0, -9999.0, -9999.0, -9999.0, -9999.0, -9999.0, -9999.0, -9999.0, -9999.0, -9999.0, -9999.0, -9999.0, -9999.0, -9999.0, -9999.0, -9999.0, -9999.0, -9999.0, -9999.0, -9999.0, -9999.0, -9999.0, -9999.0, -9999.0, -9999.0, -9999.0, -9999.0, -9999.0, -9999.0, -9999.0, -9999.0, -9999.0, -9999.0, -9999.0, -9999.0, -9999.0, -9999.0, -9999.0, -9999.0, -9999.0, -9999.0, -9999.0, -9999.0, -9999.0, -9999.0, -9999.0, -9999.0, -9999.0, -9999.0, -9999.0, -9999.0, -9999.0, -9999.0, -9999.0, -9999.0, -9999.0, -9999.0, -9999.0, -9999.0, -9999.0, -9999.0, -9999.0, -9999.0, -9999.0, -9999.0, -9999.0, -9999.0, -9999.0, -9999.0, -9999.0, -9999.0, -9999.0, -9999.0, -9999.0, -9999.0, -9999.0, -9999.0, -9999.0, -9999.0, -9999.0, -9999.0, -9999.0, -9999.0, -9999.0, -9999.0, -9999.0, -9999.0, -9999.0, -9999.0, -9999.0, -9999.0, -9999.0, -9999.0, -9999.0, -9999.0, -9999.0, -9999.0, -9999.0, -9999.0, -9999.0, -9999.0, -9999.0, -9999.0, -9999.0, -9999.0, -9999.0, -9999.0, -9999.0, -9999.0, -9999.0, -9999.0, -9999.0, -9999.0, -9999.0, -9999.0, -9999.0, -9999.0, -9999.0, -9999.0, -9999.0, -9999.0, -9999.0, -9999.0, -9999.0, -9999.0, -9999.0, -9999.0, -9999.0, -9999.0, -9999.0, -9999.0, -9999.0, -9999.0, -9999.0, -9999.0, -9999.0, -9999.0, -9999.0, -9999.0, -9999.0, -9999.0]",
floatingse.member3.section_E,output,Pa,"[200000000000.0, 200000000000.0, 200000000000.0, 200000000000.0, 20000000000000.0, -9999.0, -9999.0, -9999.0, -9999.0, -9999.0, -9999.0, -9999.0, -9999.0, -9999.0, -9999.0, -9999.0, -9999.0, -9999.0, -9999.0, -9999.0, -9999.0, -9999.0, -9999.0, -9999.0, -9999.0, -9999.0, -9999.0, -9999.0, -9999.0, -9999.0, -9999.0, -9999.0, -9999.0, -9999.0, -9999.0, -9999.0, -9999.0, -9999.0, -9999.0, -9999.0, -9999.0, -9999.0, -9999.0, -9999.0, -9999.0, -9999.0, -9999.0, -9999.0, -9999.0, -9999.0, -9999.0, -9999.0, -9999.0, -9999.0, -9999.0, -9999.0, -9999.0, -9999.0, -9999.0, -9999.0, -9999.0, -9999.0, -9999.0, -9999.0, -9999.0, -9999.0, -9999.0, -9999.0, -9999.0, -9999.0, -9999.0, -9999.0, -9999.0, -9999.0, -9999.0, -9999.0, -9999.0, -9999.0, -9999.0, -9999.0, -9999.0, -9999.0, -9999.0, -9999.0, -9999.0, -9999.0, -9999.0, -9999.0, -9999.0, -9999.0, -9999.0, -9999.0, -9999.0, -9999.0, -9999.0, -9999.0, -9999.0, -9999.0, -9999.0, -9999.0, -9999.0, -9999.0, -9999.0, -9999.0, -9999.0, -9999.0, -9999.0, -9999.0, -9999.0, -9999.0, -9999.0, -9999.0, -9999.0, -9999.0, -9999.0, -9999.0, -9999.0, -9999.0, -9999.0, -9999.0, -9999.0, -9999.0, -9999.0, -9999.0, -9999.0, -9999.0, -9999.0, -9999.0, -9999.0, -9999.0, -9999.0, -9999.0, -9999.0, -9999.0, -9999.0, -9999.0, -9999.0, -9999.0, -9999.0, -9999.0, -9999.0, -9999.0, -9999.0, -9999.0, -9999.0, -9999.0, -9999.0, -9999.0, -9999.0, -9999.0, -9999.0, -9999.0, -9999.0, -9999.0, -9999.0, -9999.0, -9999.0, -9999.0, -9999.0, -9999.0, -9999.0, -9999.0, -9999.0, -9999.0, -9999.0, -9999.0, -9999.0, -9999.0, -9999.0, -9999.0, -9999.0, -9999.0, -9999.0, -9999.0, -9999.0, -9999.0, -9999.0, -9999.0, -9999.0, -9999.0, -9999.0, -9999.0, -9999.0, -9999.0, -9999.0, -9999.0, -9999.0, -9999.0, -9999.0, -9999.0, -9999.0, -9999.0, -9999.0, -9999.0, -9999.0, -9999.0, -9999.0, -9999.0, -9999.0, -9999.0]",
floatingse.member3.section_G,output,Pa,"[79300000000.0, 79300000000.0, 79300000000.0, 79300000000.0, 7930000000000.0, -9999.0, -9999.0, -9999.0, -9999.0, -9999.0, -9999.0, -9999.0, -9999.0, -9999.0, -9999.0, -9999.0, -9999.0, -9999.0, -9999.0, -9999.0, -9999.0, -9999.0, -9999.0, -9999.0, -9999.0, -9999.0, -9999.0, -9999.0, -9999.0, -9999.0, -9999.0, -9999.0, -9999.0, -9999.0, -9999.0, -9999.0, -9999.0, -9999.0, -9999.0, -9999.0, -9999.0, -9999.0, -9999.0, -9999.0, -9999.0, -9999.0, -9999.0, -9999.0, -9999.0, -9999.0, -9999.0, -9999.0, -9999.0, -9999.0, -9999.0, -9999.0, -9999.0, -9999.0, -9999.0, -9999.0, -9999.0, -9999.0, -9999.0, -9999.0, -9999.0, -9999.0, -9999.0, -9999.0, -9999.0, -9999.0, -9999.0, -9999.0, -9999.0, -9999.0, -9999.0, -9999.0, -9999.0, -9999.0, -9999.0, -9999.0, -9999.0, -9999.0, -9999.0, -9999.0, -9999.0, -9999.0, -9999.0, -9999.0, -9999.0, -9999.0, -9999.0, -9999.0, -9999.0, -9999.0, -9999.0, -9999.0, -9999.0, -9999.0, -9999.0, -9999.0, -9999.0, -9999.0, -9999.0, -9999.0, -9999.0, -9999.0, -9999.0, -9999.0, -9999.0, -9999.0, -9999.0, -9999.0, -9999.0, -9999.0, -9999.0, -9999.0, -9999.0, -9999.0, -9999.0, -9999.0, -9999.0, -9999.0, -9999.0, -9999.0, -9999.0, -9999.0, -9999.0, -9999.0, -9999.0, -9999.0, -9999.0, -9999.0, -9999.0, -9999.0, -9999.0, -9999.0, -9999.0, -9999.0, -9999.0, -9999.0, -9999.0, -9999.0, -9999.0, -9999.0, -9999.0, -9999.0, -9999.0, -9999.0, -9999.0, -9999.0, -9999.0, -9999.0, -9999.0, -9999.0, -9999.0, -9999.0, -9999.0, -9999.0, -9999.0, -9999.0, -9999.0, -9999.0, -9999.0, -9999.0, -9999.0, -9999.0, -9999.0, -9999.0, -9999.0, -9999.0, -9999.0, -9999.0, -9999.0, -9999.0, -9999.0, -9999.0, -9999.0, -9999.0, -9999.0, -9999.0, -9999.0, -9999.0, -9999.0, -9999.0, -9999.0, -9999.0, -9999.0, -9999.0, -9999.0, -9999.0, -9999.0, -9999.0, -9999.0, -9999.0, -9999.0, -9999.0, -9999.0, -9999.0, -9999.0, -9999.0]",
floatingse.member3.section_TorsC,output,m**3,"[0.0, 0.11592476891746335, 0.11592476891746335, 0.0, 0.11592476891746335, -9999.0, -9999.0, -9999.0, -9999.0, -9999.0, -9999.0, -9999.0, -9999.0, -9999.0, -9999.0, -9999.0, -9999.0, -9999.0, -9999.0, -9999.0, -9999.0, -9999.0, -9999.0, -9999.0, -9999.0, -9999.0, -9999.0, -9999.0, -9999.0, -9999.0, -9999.0, -9999.0, -9999.0, -9999.0, -9999.0, -9999.0, -9999.0, -9999.0, -9999.0, -9999.0, -9999.0, -9999.0, -9999.0, -9999.0, -9999.0, -9999.0, -9999.0, -9999.0, -9999.0, -9999.0, -9999.0, -9999.0, -9999.0, -9999.0, -9999.0, -9999.0, -9999.0, -9999.0, -9999.0, -9999.0, -9999.0, -9999.0, -9999.0, -9999.0, -9999.0, -9999.0, -9999.0, -9999.0, -9999.0, -9999.0, -9999.0, -9999.0, -9999.0, -9999.0, -9999.0, -9999.0, -9999.0, -9999.0, -9999.0, -9999.0, -9999.0, -9999.0, -9999.0, -9999.0, -9999.0, -9999.0, -9999.0, -9999.0, -9999.0, -9999.0, -9999.0, -9999.0, -9999.0, -9999.0, -9999.0, -9999.0, -9999.0, -9999.0, -9999.0, -9999.0, -9999.0, -9999.0, -9999.0, -9999.0, -9999.0, -9999.0, -9999.0, -9999.0, -9999.0, -9999.0, -9999.0, -9999.0, -9999.0, -9999.0, -9999.0, -9999.0, -9999.0, -9999.0, -9999.0, -9999.0, -9999.0, -9999.0, -9999.0, -9999.0, -9999.0, -9999.0, -9999.0, -9999.0, -9999.0, -9999.0, -9999.0, -9999.0, -9999.0, -9999.0, -9999.0, -9999.0, -9999.0, -9999.0, -9999.0, -9999.0, -9999.0, -9999.0, -9999.0, -9999.0, -9999.0, -9999.0, -9999.0, -9999.0, -9999.0, -9999.0, -9999.0, -9999.0, -9999.0, -9999.0, -9999.0, -9999.0, -9999.0, -9999.0, -9999.0, -9999.0, -9999.0, -9999.0, -9999.0, -9999.0, -9999.0, -9999.0, -9999.0, -9999.0, -9999.0, -9999.0, -9999.0, -9999.0, -9999.0, -9999.0, -9999.0, -9999.0, -9999.0, -9999.0, -9999.0, -9999.0, -9999.0, -9999.0, -9999.0, -9999.0, -9999.0, -9999.0, -9999.0, -9999.0, -9999.0, -9999.0, -9999.0, -9999.0, -9999.0, -9999.0, -9999.0, -9999.0, -9999.0, -9999.0, -9999.0, -9999.0]",
floatingse.member3.section_sigma_y,output,Pa,"[345000000.0, 345000000.0, 345000000.0, 345000000.0, 34500000000.0, -9999.0, -9999.0, -9999.0, -9999.0, -9999.0, -9999.0, -9999.0, -9999.0, -9999.0, -9999.0, -9999.0, -9999.0, -9999.0, -9999.0, -9999.0, -9999.0, -9999.0, -9999.0, -9999.0, -9999.0, -9999.0, -9999.0, -9999.0, -9999.0, -9999.0, -9999.0, -9999.0, -9999.0, -9999.0, -9999.0, -9999.0, -9999.0, -9999.0, -9999.0, -9999.0, -9999.0, -9999.0, -9999.0, -9999.0, -9999.0, -9999.0, -9999.0, -9999.0, -9999.0, -9999.0, -9999.0, -9999.0, -9999.0, -9999.0, -9999.0, -9999.0, -9999.0, -9999.0, -9999.0, -9999.0, -9999.0, -9999.0, -9999.0, -9999.0, -9999.0, -9999.0, -9999.0, -9999.0, -9999.0, -9999.0, -9999.0, -9999.0, -9999.0, -9999.0, -9999.0, -9999.0, -9999.0, -9999.0, -9999.0, -9999.0, -9999.0, -9999.0, -9999.0, -9999.0, -9999.0, -9999.0, -9999.0, -9999.0, -9999.0, -9999.0, -9999.0, -9999.0, -9999.0, -9999.0, -9999.0, -9999.0, -9999.0, -9999.0, -9999.0, -9999.0, -9999.0, -9999.0, -9999.0, -9999.0, -9999.0, -9999.0, -9999.0, -9999.0, -9999.0, -9999.0, -9999.0, -9999.0, -9999.0, -9999.0, -9999.0, -9999.0, -9999.0, -9999.0, -9999.0, -9999.0, -9999.0, -9999.0, -9999.0, -9999.0, -9999.0, -9999.0, -9999.0, -9999.0, -9999.0, -9999.0, -9999.0, -9999.0, -9999.0, -9999.0, -9999.0, -9999.0, -9999.0, -9999.0, -9999.0, -9999.0, -9999.0, -9999.0, -9999.0, -9999.0, -9999.0, -9999.0, -9999.0, -9999.0, -9999.0, -9999.0, -9999.0, -9999.0, -9999.0, -9999.0, -9999.0, -9999.0, -9999.0, -9999.0, -9999.0, -9999.0, -9999.0, -9999.0, -9999.0, -9999.0, -9999.0, -9999.0, -9999.0, -9999.0, -9999.0, -9999.0, -9999.0, -9999.0, -9999.0, -9999.0, -9999.0, -9999.0, -9999.0, -9999.0, -9999.0, -9999.0, -9999.0, -9999.0, -9999.0, -9999.0, -9999.0, -9999.0, -9999.0, -9999.0, -9999.0, -9999.0, -9999.0, -9999.0, -9999.0, -9999.0, -9999.0, -9999.0, -9999.0, -9999.0, -9999.0, -9999.0]",
floatingse.line_mass,output,kg,145425.618,
floatingse.mooring_mass,output,kg,436276.85399999993,
floatingse.mooring_cost,output,USD,1127775.66759,
floatingse.mooring_plot_matrix,output,m,"[[[-2.600000000008241, -4.503332099693357, -69.9999999999776], [-6.255148814894513, -10.834235556301554, -75.33238943826868], [-9.92539047221507, -17.191280582836566, -80.62296152502947], [-13.610729628833013, -23.574475245221876, -85.8711978813848], [-17.311167989168748, -29.983822495600247, -91.07657573240002], [-21.026704218276357, -36.41932002177751, -96.2385679917256], [-24.757333854149486, -42.88096009533194, -101.3566433527422], [-28.50304921933152, -49.36872941851864, -106.43026638638915], [-32.26383933191978, -55.88260897012421, -111.45889764587065], [-36.03968981604375, -62.42257385041046, -116.44199377840596], [-39.83058281192207, -68.9885931253287, -121.37900764421667], [-43.63649688559151, -75.58062967016562, -126.26938844291334], [-47.45740693841868, -82.19864001281297, -131.11258184745907], [-51.293284116507444, -88.84257417685664, -135.9080301458683], [-55.14409572011926, -95.5123755246881, -140.65517239080324], [-59.00980511323423, -102.20798060085947, -145.35344455721562], [-62.890371633382586, -108.9293189759072, -150.00227970817892], [-66.78575050188577, -115.6763130908849, -154.6011081690445], [-70.69589273465145, -122.44887810285587, -159.14935771004772], [-74.62074505367251, -129.24692173160486, -163.64645373747894], [-78.56024979938717, -136.07034410784138, -168.0918194935205], [-82.5143448440629, -142.91903762317608, -172.48487626484527], [-86.48296350637348, -149.79288678216403, -176.82504360004972], [-90.4660344673433, -156.69176805671597, -181.1117395359879], [-94.4634816878407, -163.61554974319245, -185.34438083305574], [-98.47522432780491, -170.56409182250096, -189.52238321945515], [-102.50117666739928, -177.53724582352922, -193.64516164445442], [-106.5412480302866, -184.5348546902541, -197.7121305406422], [-110.59534270922754, -191.55675265287442, -201.72270409515116], [-114.66335989420779, -198.60276510332355, -205.67629652980952], [-118.74519360330369, -205.67270847552498, -209.57232239015593], [-122.84073261649918, -212.76639013076007, -213.41019684323277], [-126.9498604126701, -219.88360824852165, -217.18933598404698], [-131.07245510995443, -227.02415172323217, -220.90915715056624], [-135.20838940972982, -234.18780006720993, -224.56907924709242], [-139.35753054442148, -241.3743233202699, -228.1685230758294], [-143.5197402293603, -248.58348196633918, -231.70691167643315], [-147.69487461891936, -255.81502685748353, -235.18367067331064], [-151.8827842671477, -263.068699145723, -238.59822863039923], [-156.08331409312575, -270.34423022302536, -241.9500174131381], [-160.2963033512596, -277.64134166985514, -245.2384725573054], [-164.52158560673365, -284.9597452126554, -248.4630336443771], [-168.75898871633245, -292.29914269063084, -251.62314468302307], [-173.0083348148427, -299.6592260321952, -254.71825449633585], [-177.2694403072356, -307.0396772414305, -257.74781711435094], [-181.54211586683047, -314.4401683949066, -260.71129217139503], [-185.82616643962652, -321.860361649184, -263.6081453077662], [-190.12139125498504, -329.29990925931554, -266.437848575218], [-194.42758384283596, -336.75845360864986, -269.1998808457024], [-198.74453205756777, -344.2356272502091, -271.89372822278335], [-203.0720181087567, -351.73105295991394, -274.5188844551244], [-207.40981859887074, -359.24434380188865, -277.07485135141224], [-211.75770456807658, -366.775103206069, -279.5611391960622], [-216.1154415462622, -374.32292505830816, -281.97726716502916], [-220.48278961237108, -381.88739380314644, -284.3227637410203], [-224.85950346113424, -389.4680845593945, -286.597167127392], [-229.2453324772604, -397.0645632486349, -288.8000256599899], [-233.64002081713681, -404.6763867367314, -290.93089821617787], [-238.0433074980707, -412.3031029884002, -292.98935462028805], [-242.4549264950803, -419.9442512348569, -294.97497604470755], [-246.87460684523163, -427.5993621545328, -296.8873554058124], [-251.30207275949212, -435.2679580668114, -298.7260977539514], [-255.73704374205153, -442.9495531386979, -300.49082065667153], [-260.1792347170454, -450.6436536043113, -302.18115457438677], [-264.6283561625883, -458.34975799703585, -303.79674322767767], [-269.0841142520069, -466.06735739414484, -305.3372439554274], [-273.546211002142, -473.79593567366686, -306.8023280629947], [-278.0143444285633, -481.53496978322534, -308.1916811596403], [-282.4882087075232, -489.2839300205514, -309.5050034844339], [-286.967494344454, -497.04228032532905, -310.74201021988415], [-291.4518883487877, -504.80947858199227, -311.90243179255185], [-295.941074414864, -512.5849769330666, -312.98601415992977], [-300.43473310866625, -520.3682221026057, -313.9925190828967], [-304.9325420601079, -528.1586557292408, -314.921724383077], [-309.43417616057286, -535.9557147083307, -315.77342418447586], [-313.9393077653948, -543.7588315426666, -316.54742913878147], [-318.44760690094466, -551.5674347011578, -317.24356663377296], [-322.95874147597584, -559.3809489848925, -317.8616809843018], [-327.4723774968665, -567.1987958999481, -318.40163360536155], [-331.988179286381, -575.0203940362977, -318.8633031667979], [-336.5058097055596, -582.8451594521338, -319.2465857292627], [-341.02493037833744, -590.6725060629198, -319.5513948610531], [-345.5452019184798, -598.5018460344539, -319.77766173553704], [-350.06628415841584, -606.3325901792205, -319.925335208903], [-354.5878363795426, -614.1641483552879, -319.99438187803344], [-359.2699999999999, -622.2738936352706, -320.0], [-363.7809999999999, -630.087174828214, -320.0], [-368.2919999999999, -637.9004560211572, -320.0], [-372.8029999999999, -645.7137372141003, -320.0], [-377.3139999999999, -653.5270184070436, -320.0], [-381.8249999999999, -661.3402995999867, -320.0], [-386.3359999999999, -669.1535807929299, -320.0], [-390.84699999999987, -676.9668619858732, -320.0], [-395.3579999999999, -684.7801431788164, -320.0], [-399.8689999999999, -692.5934243717596, -320.0], [-404.3799999999999, -700.4067055647027, -320.0], [-408.8909999999999, -708.219986757646, -320.0], [-413.4019999999999, -716.0332679505891, -320.0], [-417.9129999999999, -723.8465491435323, -320.0], [-422.42399999999986, -731.6598303364756, -320.0], [-426.9349999999999, -739.4731115294188, -320.0]], [[5.200000000016485, 0.0, -69.99999999997755], [12.510297629789033, 0.0, -75.33238943826859], [19.850780944430152, 0.0, -80.62296152502961], [27.221459257666037, 0.0, -85.87119788138492], [34.62233597833729, 0.0, -91.07657573239985], [42.05340843655297, 0.0, -96.23856799172566], [49.514667708298774, 0.0, -101.35664335274203], [57.006098438663074, 0.0, -106.43026638638918], [64.5276786638395, 0.0, -111.45889764587062], [72.07937963208731, 0.0, -116.44199377840593], [79.66116562384441, 0.0, -121.37900764421661], [87.27299377118295, 0.0, -126.26938844291348], [94.9148138768373, 0.0, -131.1125818474592], [102.58656823301483, 0.0, -135.90803014586842], [110.28819144023846, 0.0, -140.6551723908034], [118.01961022646863, 0.0, -145.35344455721568], [125.78074326676524, 0.0, -150.00227970817897], [133.57150100377163, 0.0, -154.60110816904478], [141.391785469303, 0.0, -159.14935771004798], [149.24149010734487, 0.0, -163.6464537374789], [157.1204995987742, 0.0, -168.0918194935207], [165.02868968812578, 0.0, -172.48487626484544], [172.96592701274704, 0.0, -176.8250436000499], [180.93206893468658, 0.0, -181.11173953598805], [188.9269633756814, 0.0, -185.34438083305588], [196.9504486556097, 0.0, -189.52238321945526], [205.00235333479856, 0.0, -193.6451616444545], [213.0824960605732, 0.0, -197.71213054064228], [221.19068541845508, 0.0, -201.72270409515144], [229.32671978841546, 0.0, -205.67629652980958], [237.4903872066074, 0.0, -209.57232239015616], [245.6814652329984, 0.0, -213.410196843233], [253.89972082534024, 0.0, -217.1893359840472], [262.1449102199087, 0.0, -220.90915715056644], [270.4167788194598, 0.0, -224.5690792470926], [278.715061088843, 0.0, -228.16852307582957], [287.0394804587207, 0.0, -231.70691167643332], [295.38974923783877, 0.0, -235.1836706733108], [303.7655685342956, 0.0, -238.5982286303996], [312.16662818625144, 0.0, -241.95001741313823], [320.59260670251905, 0.0, -245.23847255730576], [329.04317121346713, 0.0, -248.4630336443772], [337.5179774326651, 0.0, -251.62314468302338], [346.0166696296854, 0.0, -254.71825449633613], [354.53888061447117, 0.0, -257.74781711435116], [363.0842317336609, 0.0, -260.71129217139526], [371.6523328792528, 0.0, -263.6081453077662], [380.24278250997014, 0.0, -266.43784857521825], [388.855167685672, 0.0, -269.19988084570264], [397.48906411513553, 0.0, -271.8937282227835], [406.1440362175134, 0.0, -274.51888445512463], [414.81963719774143, 0.0, -277.0748513514124], [423.51540913615344, 0.0, -279.5611391960626], [432.23088309252455, 0.0, -281.9772671650295], [440.96557922474216, 0.0, -284.3227637410205], [449.71900692226865, 0.0, -286.5971671273924], [458.49066495452075, 0.0, -288.80002565999007], [467.2800416342738, 0.0, -290.930898216178], [476.0866149961415, 0.0, -292.98935462028817], [484.90985299016063, 0.0, -294.97497604470766], [493.74921369046325, 0.0, -296.8873554058125], [502.60414551898424, 0.0, -298.72609775395154], [511.4740874841032, 0.0, -300.4908206566719], [520.3584694340911, 0.0, -302.18115457438705], [529.256712325177, 0.0, -303.796743227678], [538.1682285040141, 0.0, -305.3372439554277], [547.0924220042843, 0.0, -306.802328062995], [556.0286888571266, 0.0, -308.1916811596404], [564.9764174150466, 0.0, -309.505003484434], [573.9349886889083, 0.0, -310.7420102198844], [582.9037766975757, 0.0, -311.9024317925521], [591.8821488297282, 0.0, -312.98601415993005], [600.8694662173326, 0.0, -313.9925190828967], [609.8650841202158, 0.0, -314.921724383077], [618.8683523211457, 0.0, -315.77342418447586], [627.8786155307898, 0.0, -316.54742913878147], [636.8952138018896, 0.0, -317.24356663377296], [645.9174829519518, 0.0, -317.8616809843018], [654.9447549937333, 0.0, -318.4016336053618], [663.976358572762, 0.0, -318.8633031667979], [673.0116194111195, 0.0, -319.24658572926273], [682.0498607566751, 0.0, -319.5513948610531], [691.0904038369598, 0.0, -319.77766173553704], [700.1325683168318, 0.0, -319.925335208903], [709.1756727590853, 0.0, -319.99438187803344], [718.5400000000001, 0.0, -320.0], [727.5620000000001, 0.0, -320.0], [736.5840000000001, 0.0, -320.0], [745.6060000000001, 0.0, -320.0], [754.6280000000002, 0.0, -320.0], [763.6500000000001, 0.0, -320.0], [772.6720000000001, 0.0, -320.0], [781.6940000000001, 0.0, -320.0], [790.7160000000001, 0.0, -320.0], [799.738, 0.0, -320.0], [808.7600000000001, 0.0, -320.0], [817.7820000000002, 0.0, -320.0], [826.8040000000001, 0.0, -320.0], [835.8260000000001, 0.0, -320.0], [844.8480000000001, 0.0, -320.0], [853.8700000000001, 0.0, -320.0]], [[-2.600000000008184, 4.503332099693259, -69.99999999997735], [-6.25514881489457, 10.834235556301653, -75.33238943826868], [-9.925390472215014, 17.191280582836466, -80.62296152502947], [-13.61072962883307, 23.574475245221976, -85.8711978813848], [-17.31116798916869, 29.983822495600148, -91.07657573239979], [-21.026704218276414, 36.41932002177761, -96.2385679917256], [-24.75733385414943, 42.880960095331844, -101.35664335274197], [-28.503049219331576, 49.36872941851874, -106.43026638638915], [-32.263839331919726, 55.88260897012411, -111.45889764587042], [-36.03968981604375, 62.42257385041046, -116.44199377840596], [-39.83058281192207, 68.9885931253287, -121.37900764421667], [-43.63649688559151, 75.58062967016562, -126.26938844291334], [-47.45740693841868, 82.19864001281297, -131.11258184745907], [-51.293284116507444, 88.84257417685664, -135.9080301458683], [-55.14409572011926, 95.5123755246881, -140.65517239080302], [-59.009805113234286, 102.20798060085957, -145.35344455721562], [-62.89037163338264, 108.9293189759073, -150.00227970817892], [-66.78575050188583, 115.676313090885, -154.6011081690445], [-70.69589273465145, 122.44887810285587, -159.14935771004772], [-74.6207450536724, 129.24692173160466, -163.6464537374787], [-78.56024979938711, 136.07034410784127, -168.0918194935205], [-82.5143448440629, 142.91903762317608, -172.48487626484527], [-86.48296350637354, 149.79288678216412, -176.8250436000497], [-90.46603446734336, 156.69176805671606, -181.1117395359879], [-94.46348168784075, 163.61554974319256, -185.34438083305574], [-98.47522432780491, 170.56409182250096, -189.52238321945515], [-102.50117666739916, 177.53724582352902, -193.6451616444542], [-106.54124803028654, 184.53485469025398, -197.7121305406422], [-110.59534270922754, 191.55675265287442, -201.72270409515116], [-114.66335989420779, 198.60276510332355, -205.67629652980952], [-118.74519360330369, 205.67270847552498, -209.57232239015593], [-122.8407326164993, 212.76639013076027, -213.41019684323277], [-126.94986041267016, 219.88360824852174, -217.18933598404698], [-131.07245510995432, 227.02415172323197, -220.909157150566], [-135.20838940972993, 234.18780006721013, -224.56907924709242], [-139.35753054442142, 241.37432332026978, -228.16852307582914], [-143.51974022936042, 248.58348196633938, -231.70691167643315], [-147.69487461891924, 255.81502685748333, -235.18367067331042], [-151.88278426714766, 263.06869914572286, -238.59822863039923], [-156.0833140931257, 270.34423022302525, -241.9500174131381], [-160.29630335125955, 277.641341669855, -245.2384725573054], [-164.52158560673365, 284.9597452126554, -248.4630336443771], [-168.75898871633245, 292.29914269063084, -251.62314468302307], [-173.00833481484267, 299.65922603219514, -254.71825449633585], [-177.26944030723558, 307.03967724143047, -257.74781711435094], [-181.54211586683044, 314.44016839490655, -260.71129217139503], [-185.8261664396264, 321.86036164918374, -263.608145307766], [-190.1213912549851, 329.29990925931565, -266.437848575218], [-194.42758384283593, 336.7584536086498, -269.1998808457022], [-198.74453205756765, 344.2356272502089, -271.8937282227831], [-203.07201810875668, 351.73105295991394, -274.5188844551244], [-207.40981859887071, 359.2443438018886, -277.07485135141224], [-211.75770456807663, 366.7751032060691, -279.5611391960622], [-216.11544154626216, 374.3229250583081, -281.97726716502916], [-220.48278961237105, 381.8873938031464, -284.3227637410203], [-224.8595034611342, 389.4680845593945, -286.597167127392], [-229.24533247726038, 397.06456324863484, -288.8000256599899], [-233.64002081713687, 404.6763867367315, -290.93089821617787], [-238.04330749807076, 412.3031029884003, -292.98935462028805], [-242.45492649508034, 419.944251234857, -294.97497604470755], [-246.8746068452316, 427.59936215453274, -296.8873554058124], [-251.302072759492, 435.26795806681116, -298.7260977539512], [-255.73704374205147, 442.9495531386978, -300.49082065667153], [-260.1792347170455, 450.64365360431145, -302.18115457438677], [-264.6283561625884, 458.34975799703597, -303.79674322767767], [-269.08411425200694, 466.06735739414495, -305.3372439554274], [-273.546211002142, 473.79593567366686, -306.8023280629947], [-278.0143444285632, 481.5349697832252, -308.1916811596403], [-282.48820870752326, 489.2839300205515, -309.5050034844339], [-286.96749434445405, 497.04228032532916, -310.74201021988415], [-291.45188834878763, 504.80947858199215, -311.90243179255185], [-295.94107441486386, 512.5849769330664, -312.98601415992977], [-300.4347331086662, 520.3682221026056, -313.9925190828967], [-304.93254206010783, 528.1586557292406, -314.921724383077], [-309.4341761605727, 535.9557147083304, -315.77342418447563], [-313.93930776539486, 543.7588315426667, -316.54742913878147], [-318.44760690094466, 551.5674347011578, -317.24356663377296], [-322.9587414759757, 559.3809489848923, -317.8616809843018], [-327.4723774968665, 567.1987958999481, -318.40163360536155], [-331.98817928638096, 575.0203940362976, -318.8633031667979], [-336.50580970555967, 582.8451594521338, -319.2465857292627], [-341.0249303783375, 590.6725060629199, -319.5513948610531], [-345.5452019184798, 598.5018460344539, -319.77766173553704], [-350.0662841584157, 606.3325901792202, -319.925335208903], [-354.5878363795425, 614.1641483552878, -319.99438187803344], [-359.2699999999999, 622.2738936352706, -320.0], [-363.7809999999999, 630.087174828214, -320.0], [-368.2919999999999, 637.9004560211572, -320.0], [-372.8029999999999, 645.7137372141003, -320.0], [-377.3139999999999, 653.5270184070436, -320.0], [-381.8249999999999, 661.3402995999867, -320.0], [-386.3359999999999, 669.1535807929299, -320.0], [-390.84699999999987, 676.9668619858732, -320.0], [-395.3579999999999, 684.7801431788164, -320.0], [-399.8689999999999, 692.5934243717596, -320.0], [-404.3799999999999, 700.4067055647027, -320.0], [-408.8909999999999, 708.219986757646, -320.0], [-413.4019999999999, 716.0332679505891, -320.0], [-417.9129999999999, 723.8465491435323, -320.0], [-422.42399999999986, 731.6598303364756, -320.0], [-426.9349999999999, 739.4731115294188, -320.0]]]",
floatingse.constr_axial_load,output,,1.4270867140743813,
floatingse.constr_mooring_length,output,,0.860322511279694,
floatingse.constr_anchor_vertical,output,,"[1e+30, 1e+30, 1e+30]",
floatingse.constr_anchor_lateral,output,,"[1e+30, 1e+30, 1e+30]",
inverse_design.objective,output,,0.9754359616464987,
towerse.env.Px,output,N/m,"[227.55310497814088, 237.35329219309685, 244.6909176818015, 250.25984344998443, 254.3065979006115, 257.2711759180875, 259.3453105554329, 260.8557794692754, 261.7268575760124, 262.03771155320146, 261.8503053378624, 261.2139350687499, 260.1683964423017, 258.5347029174848, 256.55140949959645, 254.24959642465242, 251.88210290736413, 249.25901727558653, 246.40734878874358, 243.35419231334984, 240.12709972107507, 236.7543906075711, 233.26541805143427, 229.6839546156674, 225.98967607147384, 221.957465636091, 217.81387923151314, 213.55984424319536, 209.42028540198248, 205.16950385070342, 200.80448402334167]",
towerse.env.Py,output,N/m,"[0.0, 0.0, 0.0, 0.0, 0.0, 0.0, 0.0, 0.0, 0.0, 0.0, 0.0, 0.0, 0.0, 0.0, 0.0, 0.0, 0.0, 0.0, 0.0, 0.0, 0.0, 0.0, 0.0, 0.0, 0.0, 0.0, 0.0, 0.0, 0.0, 0.0, 0.0]",
towerse.env.Pz,output,N/m,"[0.0, 0.0, 0.0, 0.0, 0.0, 0.0, 0.0, 0.0, 0.0, 0.0, 0.0, 0.0, 0.0, 0.0, 0.0, 0.0, 0.0, 0.0, 0.0, 0.0, 0.0, 0.0, 0.0, 0.0, 0.0, 0.0, 0.0, 0.0, 0.0, 0.0, 0.0]",
towerse.env.qdyn,output,N/m**2,"[52.0368059185017, 54.81461226075241, 57.16769451278723, 59.220297162848226, 61.047815335375624, 62.69970882038091, 64.21031016265441, 65.60449766327447, 66.90091889984666, 68.11393850878956, 69.2548743861871, 70.33281448193279, 71.35517491566141, 72.32809235700607, 73.25670672096419, 74.14536921620198, 74.99779833935037, 75.81719878437485, 76.6063534249443, 77.36769541101567, 78.10336535416356, 78.8152571767959, 79.5050552348074, 80.17426464546861, 80.82423626915501, 81.45618744409857, 82.07121931732514, 82.67033142508326, 83.25443403369833, 83.82435864390939, 84.38086697922002]",
towerse.env.wind.U,output,m/s,"[9.217269144339143, 9.46008691859387, 9.661004681162748, 9.832914087367392, 9.983481486353764, 10.117651483594354, 10.238806544184321, 10.34936635451852, 10.451123864951844, 10.545445946873556, 10.633399393953274, 10.715833372559583, 10.793435262244524, 10.866769593544973, 10.936305888333905, 11.002439003532453, 11.06550428330482, 11.125789036682983, 11.183541363471612, 11.23897703319473, 11.292284912160598, 11.34363129253112, 11.393163380375551, 11.441012132012041, 11.487294579924699, 11.532115754981103, 11.57557028646353, 11.61774374281019, 11.658713762059257, 11.698551010495196, 11.73732]",
towerse.env.windLoads.windLoads_Px,output,N/m,"[227.55310497814088, 237.35329219309685, 244.6909176818015, 250.25984344998443, 254.3065979006115, 257.2711759180875, 259.3453105554329, 260.8557794692754, 261.7268575760124, 262.03771155320146, 261.8503053378624, 261.2139350687499, 260.1683964423017, 258.5347029174848, 256.55140949959645, 254.24959642465242, 251.88210290736413, 249.25901727558653, 246.40734878874358, 243.35419231334984, 240.12709972107507, 236.7543906075711, 233.26541805143427, 229.6839546156674, 225.98967607147384, 221.957465636091, 217.81387923151314, 213.55984424319536, 209.42028540198248, 205.16950385070342, 200.80448402334167]",
towerse.env.windLoads.windLoads_Py,output,N/m,"[0.0, 0.0, 0.0, 0.0, 0.0, 0.0, 0.0, 0.0, 0.0, 0.0, 0.0, 0.0, 0.0, 0.0, 0.0, 0.0, 0.0, 0.0, 0.0, 0.0, 0.0, 0.0, 0.0, 0.0, 0.0, 0.0, 0.0, 0.0, 0.0, 0.0, 0.0]",
towerse.env.windLoads.windLoads_Pz,output,N/m,"[0.0, 0.0, 0.0, 0.0, 0.0, 0.0, 0.0, 0.0, 0.0, 0.0, 0.0, 0.0, 0.0, 0.0, 0.0, 0.0, 0.0, 0.0, 0.0, 0.0, 0.0, 0.0, 0.0, 0.0, 0.0, 0.0, 0.0, 0.0, 0.0, 0.0, 0.0]",
towerse.env.windLoads.windLoads_qdyn,output,N/m**2,"[52.0368059185017, 54.81461226075241, 57.16769451278723, 59.220297162848226, 61.047815335375624, 62.69970882038091, 64.21031016265441, 65.60449766327447, 66.90091889984666, 68.11393850878956, 69.2548743861871, 70.33281448193279, 71.35517491566141, 72.32809235700607, 73.25670672096419, 74.14536921620198, 74.99779833935037, 75.81719878437485, 76.6063534249443, 77.36769541101567, 78.10336535416356, 78.8152571767959, 79.5050552348074, 80.17426464546861, 80.82423626915501, 81.45618744409857, 82.07121931732514, 82.67033142508326, 83.25443403369833, 83.82435864390939, 84.38086697922002]",
towerse.env.windLoads.windLoads_z,output,m,"[10.0, 12.666666666666668, 15.333333333333336, 18.000000000000004, 20.666666666666668, 23.333333333333336, 26.0, 28.666666666666668, 31.333333333333332, 34.0, 36.666666666666664, 39.333333333333336, 42.0, 44.66666666666667, 47.333333333333336, 50.0, 52.666666666666664, 55.33333333333334, 58.00000000000001, 60.66666666666667, 63.33333333333333, 66.0, 68.66666666666666, 71.33333333333334, 74.0, 76.66666666666667, 79.33333333333334, 82.00000000000001, 84.66666666666667, 87.33333333333333, 90.0]",
towerse.env.windLoads.windLoads_beta,output,deg,0.0,
towerse.g2e.Px,output,N/m,"[0.0, 0.0, 0.0, 0.0, 0.0, 0.0, 0.0, 0.0, 0.0, 0.0, 0.0, 0.0, 0.0, 0.0, 0.0, 0.0, 0.0, 0.0, 0.0, 0.0, 0.0, 0.0, 0.0, 0.0, 0.0, 0.0, 0.0, 0.0, 0.0, 0.0, 0.0]",
towerse.g2e.Py,output,N/m,"[0.0, 0.0, 0.0, 0.0, 0.0, 0.0, 0.0, 0.0, 0.0, 0.0, 0.0, 0.0, 0.0, 0.0, 0.0, 0.0, 0.0, 0.0, 0.0, 0.0, 0.0, 0.0, 0.0, 0.0, 0.0, 0.0, 0.0, 0.0, 0.0, 0.0, 0.0]",
towerse.g2e.Pz,output,N/m,"[-227.55310497814088, -237.35329219309685, -244.6909176818015, -250.25984344998443, -254.3065979006115, -257.2711759180875, -259.3453105554329, -260.8557794692754, -261.7268575760124, -262.03771155320146, -261.8503053378624, -261.2139350687499, -260.1683964423017, -258.5347029174848, -256.55140949959645, -254.24959642465242, -251.88210290736413, -249.25901727558653, -246.40734878874358, -243.35419231334984, -240.12709972107507, -236.7543906075711, -233.26541805143427, -229.6839546156674, -225.98967607147384, -221.957465636091, -217.81387923151314, -213.55984424319536, -209.42028540198248, -205.16950385070342, -200.80448402334167]",
towerse.g2e.qdyn,output,Pa,"[52.0368059185017, 54.81461226075241, 57.16769451278723, 59.220297162848226, 61.047815335375624, 62.69970882038091, 64.21031016265441, 65.60449766327447, 66.90091889984666, 68.11393850878956, 69.2548743861871, 70.33281448193279, 71.35517491566141, 72.32809235700607, 73.25670672096419, 74.14536921620198, 74.99779833935037, 75.81719878437485, 76.6063534249443, 77.36769541101567, 78.10336535416356, 78.8152571767959, 79.5050552348074, 80.17426464546861, 80.82423626915501, 81.45618744409857, 82.07121931732514, 82.67033142508326, 83.25443403369833, 83.82435864390939, 84.38086697922002]",
towerse.post.axial_stress,output,Pa,"[[97346916.18005946], [96576167.5941468], [95709631.74274015], [97686816.23981638], [96678550.25953102], [95548798.02526154], [97199244.90851921], [95630736.82096481], [93905757.61350779], [95004494.27129014], [92854823.82374787], [90503676.30038019], [90950865.90293086], [88162279.75237282], [85108217.08452852], [84552743.17339401], [80651780.28006487], [76409082.2693402], [74384643.59711976], [69184842.78592575], [63540167.379970714], [59562268.89305447], [52670557.64050056], [45218608.36183472], [38663024.418492064], [29783086.46908032], [20439311.30666062], [11639234.16699453], [4719537.541832464], [7018484.804259015]]",
towerse.post.shear_stress,output,Pa,"[[4116673.281691504], [4175485.69482205], [4235995.767703535], [4432421.619504421], [4501149.233254675], [4572032.900037735], [4791954.090952151], [4866894.624900646], [4944206.114879811], [5189566.023172756], [5274676.104128989], [5362611.936586817], [5641195.498067057], [5742283.609460873], [5847044.690150035], [6163678.5899221], [6275900.2563644545], [6392264.838480106], [6751189.729388824], [6881126.626548645], [7016138.845484169], [7428187.74745748], [7579808.751018939], [7737716.685102491], [8217482.952093568], [8403113.379945274], [8597279.990465652], [9158106.984434694], [9371332.497913575], [9594666.42256521]]",
towerse.post.hoop_stress,output,Pa,"[[-6457.347202260175], [-6676.208315669844], [-6844.066044329613], [-7189.515887829869], [-7289.592527593752], [-7365.208194701502], [-7661.237241860234], [-7705.189973145491], [-7734.101081891377], [-8007.220535118552], [-8011.583489808888], [-8005.273819704157], [-8261.17383712166], [-8230.518405993456], [-8191.523912337217], [-8437.257762797917], [-8387.249076767877], [-8330.576606036026], [-8572.516940658345], [-8501.343026840914], [-8424.538555039424], [-8661.754552455457], [-8571.357777859102], [-8476.059966802824], [-8706.103721685788], [-8590.855646298161], [-8471.141027531663], [-8696.652934600348], [-8570.539202738213], [-8440.463078540692]]",
towerse.post.hoop_stress_euro,output,Pa,"[[0.0], [0.0], [0.0], [0.0], [0.0], [0.0], [0.0], [0.0], [0.0], [0.0], [0.0], [0.0], [0.0], [0.0], [0.0], [0.0], [0.0], [0.0], [0.0], [0.0], [0.0], [0.0], [0.0], [0.0], [0.0], [0.0], [0.0], [0.0], [0.0], [0.0]]",
towerse.post.constr_stress,output,,"[[0.49654250681082546], [0.49267127945845496], [0.48831655298449406], [0.4984790568015496], [0.4934145369958436], [0.4877377268700256], [0.49626712652310934], [0.48837523996358745], [0.4796963094264662], [0.48546224285087447], [0.4746495424792972], [0.462826747655895], [0.4653461716705673], [0.4513433448997541], [0.4360168584394638], [0.4335523438556178], [0.41400285428852335], [0.3927699580370509], [0.383059939623149], [0.35714566495105166], [0.3291055203515543], [0.31000039023873754], [0.27615192170888886], [0.23993630457702136], [0.2096015737577143], [0.16864815419799495], [0.12865860727709794], [0.10009623887243851], [0.08599517308630983], [0.09177570415204629]]",
towerse.post.constr_shell_buckling,output,,"[[0.08047252627637619], [0.07979131848086844], [0.0791370624247519], [0.08284822430460363], [0.08224988502834198], [0.08168345577135099], [0.08574519189147832], [0.08520246558752345], [0.08469334202691373], [0.08914821024073491], [0.08868999263292822], [0.08826943544726923], [0.09320863622778951], [0.09287759837426046], [0.09259185166608531], [0.09809149241908514], [0.09785367684021738], [0.09766454922267002], [0.1038052574788652], [0.10370619262556426], [0.1036633087662207], [0.1105833602115164], [0.11065090645226118], [0.11078415441630401], [0.11866148867815639], [0.11898161975268362], [0.11938542686564751], [0.1284077325784815], [0.12893859683429257], [0.12956446143962308]]",
towerse.post.constr_global_buckling,output,,"[[0.8385210329660107], [0.8360806441653108], [0.8330244320258959], [0.8559229455449124], [0.8525055953220358], [0.8482906050562868], [0.8700540280853515], [0.8627095261340536], [0.854252819973585], [0.87304655653221], [0.8617644832990039], [0.848973500421125], [0.8643592797660014], [0.8489266083560464], [0.831424901702167], [0.8404843885442044], [0.8161602396431664], [0.7889727849709692], [0.7873660072511989], [0.7524007590215352], [0.7134653734409386], [0.6966621056528381], [0.646827546041697], [0.591608728833269], [0.5531363985910468], [0.48108296739854794], [0.4043188715070756], [0.3423372572854775], [0.28638215159864844], [0.31147960288974846]]",
towerse.tower.f1,output,Hz,0.3788930201594715,
towerse.tower.f2,output,Hz,0.40638847149070356,
towerse.tower.structural_frequencies,output,Hz,"[0.3788930201594715, 0.40638847149070356, 1.3068769349543807, 1.71943228394784, 2.478285168005592, 5.1360513900286575]",
towerse.tower.fore_aft_modes,output,,"[[1.0154043308067813, -0.1457666477460787, 0.4713481684126922, -0.381862573867341, 0.040876722393888155], [-1035.5120597166658, 1047.7225182296536, -818.2664280876718, 1252.2336001476037, -445.33959736917967], [-78.39602069598207, 105.47690140610509, 2.494675709725788, 17.617768963117637, -46.19332538296621]]",
towerse.tower.side_side_modes,output,,"[[0.9499139826162044, -0.09878656268124959, 0.44760263496963076, -0.3527176738846917, 0.053987618980043825], [7.825687854885403, -5.6562480805809905, 3.9877873326793094, -5.219338558336713, 0.06211145135281989], [-64.83222652755636, 87.36008937597586, -22.186887854824658, 50.11528596032805, -49.45626095392271]]",
towerse.tower.torsion_modes,output,,"[[8.33560519841176, -31.918931499292228, 57.78853990535725, -48.89388170909327, 15.688668104616431], [0.0, 0.0, 0.0, 0.0, 0.0], [0.0, 0.0, 0.0, 0.0, 0.0]]",
towerse.tower.fore_aft_freqs,output,Hz,"[0.40638847149070356, 2.478285168005592, 5.659789180293956]",
towerse.tower.side_side_freqs,output,Hz,"[0.3788930201594715, 1.3068769349543807, 5.1360513900286575]",
towerse.tower.torsion_freqs,output,Hz,"[8.468587764659635, 0.0, 0.0]",
towerse.tower.tower_deflection,output,m,"[[0.0], [0.0007321735138362244], [0.0026633082359192387], [0.005800385370739138], [0.010172976502753174], [0.015802004768677602], [0.022693585470328063], [0.030876901797972228], [0.04036880299813698], [0.05116877489628444], [0.06330107625900956], [0.07677664954974275], [0.09158800381786637], [0.10775387837137398], [0.12527838860820878], [0.14414617425627654], [0.16436682600204353], [0.18592928804359135], [0.20880003905197028], [0.2329698349685957], [0.25840548355225806], [0.2850502079971579], [0.31286791225844357], [0.3417922608122258], [0.3717317293944006], [0.4026088247756821], [0.4343077961525666], [0.4666861481658555], [0.49960037545692665], [0.5328538254745953], [0.5662216567253261]]",
towerse.tower.top_deflection,output,m,0.5662216567253261,
towerse.tower.tower_Fz,output,N,"[[-5321629.8417755375], [-5203894.896050813], [-5087742.775507864], [-4976618.8626336], [-4867097.125053784], [-4759180.153865829], [-4656102.235229878], [-4554524.803733127], [-4454449.442908373], [-4358996.275623644], [-4264999.714359589], [-4172460.878950124], [-4084383.4379822006], [-3997772.297649394], [-3912628.3398315837], [-3831751.2680851133], [-3752240.065087819], [-3674095.3635081872], [-3600000.5411662306], [-3527225.171211893], [-3455769.6818348817], [-3388173.7537830872], [-3321850.2088666693], [-3256799.311686453], [-3195440.909454097], [-3135354.9576713494], [-3076541.755500837], [-3021224.7935101916], [-2967085.725949053], [-2914124.844005118]]",
towerse.tower.tower_Vx,output,N,"[[1284760.5673143845], [1284786.7971232478], [1284812.4654604644], [1284835.229672633], [1284859.693232879], [1284883.5210109353], [1284902.2110513374], [1284924.8031140268], [1284946.6442653686], [1284961.1049011052], [1284981.4312782288], [1285000.8885228187], [1285010.8401970416], [1285028.41738303], [1285044.9960104376], [1285050.3831913918], [1285065.1559028924], [1285078.743170023], [1285079.3833668232], [1285090.609278351], [1285100.439992994], [1285095.9739924967], [1285103.0109995008], [1285108.3935626745], [1285098.3867251277], [1285100.1615209281], [1285099.9577646554], [1285084.1980270445], [1285080.2066705227], [1285073.8099754602]]",
towerse.tower.tower_Vy,output,N,"[[-0.5429918807640206], [-1.6296843191375956], [-2.732004513964057], [-3.7527967812493443], [-4.888115926645696], [-6.041380113456398], [-7.013238990679383], [-8.210378342308104], [-9.426876047626138], [-10.34847077447921], [-11.610839186236262], [-12.895014852285385], [-13.759801256470382], [-15.090388997457922], [-16.44678648840636], [-17.261979904025793], [-18.693375390954316], [-20.153214504942298], [-20.919840706512332], [-22.4536653123796], [-24.02026685886085], [-24.731991801410913], [-26.386102434247732], [-28.078305957838893], [-28.725551042705774], [-30.502368297427893], [-32.32579229772091], [-32.92786916345358], [-34.90516631864011], [-36.9353740233928]]",
towerse.tower.tower_Mxx,output,N*m,"[[4105291.990681269], [4104899.1446125945], [4104246.372593129], [4103330.0492062755], [4102145.5091434196], [4100692.431217123], [4098965.5772572383], [4096958.5306722], [4094670.5554509833], [4092095.152517695], [4089223.696231693], [4086054.276831221], [4082578.116180476], [4078783.112956088], [4074664.9531137124], [4070211.572013527], [4065407.4737311527], [4060246.998363547], [4054715.1172688603], [4048791.915592693], [4042468.8768328205], [4035726.2154623047], [4028538.0082081184], [4020891.8303705975], [4012761.1168822497], [4004110.760520965], [3994921.0267921984], [3985155.228901759], [3974767.972656943], [3963733.401452139]]",
towerse.tower.tower_Myy,output,N*m,"[[99126263.70696715], [95690009.8319927], [92247713.25996545], [88799500.90166062], [85345527.79059333], [81886032.61808091], [78421140.3297311], [74951005.88569796], [71475885.52853614], [67995919.24402273], [64511264.392766714], [61022188.24448204], [57528840.881567836], [54031378.91182506], [50530076.08124602], [47025098.89287782], [43516629.28669977], [40004979.80368674], [36490360.83920264], [32972993.57052791], [29453232.130074143], [25931342.612816572], [22407608.213257313], [18882446.731849015], [15356209.152606606], [11829274.127228081], [8302151.903639555], [4775329.093597293], [1249352.8739771843], [-2275104.880522132]]",
towerse.tower.tower_Mzz,output,N*m,"[[-346822.57340590865], [-346822.22310387535], [-346821.87527727627], [-346822.77160159685], [-346822.46913221374], [-346822.1709044942], [-346823.1461975818], [-346822.85269733734], [-346822.5637835841], [-346823.6159744196], [-346823.35747738386], [-346823.10493534064], [-346824.27342979866], [-346824.0834423579], [-346823.90236619866], [-346825.1983228174], [-346825.0334511277], [-346824.87851689156], [-346826.3068176945], [-346826.20160241623], [-346826.10911986046], [-346827.71174769383], [-346827.67880866013], [-346827.6621957969], [-346829.493724505], [-346829.58758468035], [-346829.70500762376], [-346831.8036289231], [-346831.97409890185], [-346832.17220084684]]",
towerse.tower.turbine_F,output,N,"[[1284744.1962049836], [3.888271749019623e-08], [-5440942.027415699]]",
towerse.tower.turbine_M,output,N*m,"[[4105423.8104034476], [102556223.82821275], [-346781.6819283862]]",
towerse.turbine_mass,output,kg,541311.1874840711,
towerse.turbine_center_of_mass,output,m,"[-0.5972370323454533, 0.0, 64.00284662384153]",
towerse.turbine_I_base,output,kg*m**2,"[2861711658.9485645, 2768816383.9485645, 20621101.68684753, 0.0, 503710.467, 0.0]",
towerse.constr_d_to_t,output,,"[239.47368421052633, 236.6279069767442, 233.6, 230.57851239669424, 227.1367521367521, 223.45132743362828, 219.72477064220183, 215.71428571428575, 211.13861386138615, 206.18556701030928]",
towerse.constr_taper,output,,"[0.9600000000000001, 0.9567307692307692, 0.9564489112227806, 0.9544658493870403, 0.9504587155963302, 0.9498069498069498, 0.9471544715447154, 0.9442060085836911, 0.9386363636363635, 0.9370460048426149]",
towerse.slope,output,,"[0.9600000000000001, 0.9567307692307692, 0.9564489112227806, 0.9544658493870403, 0.9504587155963302, 0.9498069498069498, 0.9471544715447154, 0.9442060085836911, 0.9386363636363635, 0.9370460048426149]",
towerse.thickness_slope,output,,"[0.9699248120300752, 0.9689922480620156, 0.968, 0.9669421487603307, 0.9658119658119658, 0.9646017699115044, 0.9633027522935779, 0.9619047619047622, 0.9603960396039602]",
towerse.member.ca_usr_grid_full,output,,"[0.0, 0.0, 0.0, 0.0, 0.0, 0.0, 0.0, 0.0, 0.0, 0.0, 0.0, 0.0, 0.0, 0.0, 0.0, 0.0, 0.0, 0.0, 0.0, 0.0, 0.0, 0.0, 0.0, 0.0, 0.0, 0.0, 0.0, 0.0, 0.0, 0.0, 0.0]",
towerse.member.cd_usr_grid_full,output,,"[0.0, 0.0, 0.0, 0.0, 0.0, 0.0, 0.0, 0.0, 0.0, 0.0, 0.0, 0.0, 0.0, 0.0, 0.0, 0.0, 0.0, 0.0, 0.0, 0.0, 0.0, 0.0, 0.0, 0.0, 0.0, 0.0, 0.0, 0.0, 0.0, 0.0, 0.0]",
towerse.member.nu_full,output,,"[0.26103404791929385, 0.26103404791929385, 0.26103404791929385, 0.26103404791929385, 0.26103404791929385, 0.26103404791929385, 0.26103404791929385, 0.26103404791929385, 0.26103404791929385, 0.26103404791929385, 0.26103404791929385, 0.26103404791929385, 0.26103404791929385, 0.26103404791929385, 0.26103404791929385, 0.26103404791929385, 0.26103404791929385, 0.26103404791929385, 0.26103404791929385, 0.26103404791929385, 0.26103404791929385, 0.26103404791929385, 0.26103404791929385, 0.26103404791929385, 0.26103404791929385, 0.26103404791929385, 0.26103404791929385, 0.26103404791929385, 0.26103404791929385, 0.26103404791929385]",
towerse.member.nodes_r,output,m,"[3.25, 3.2066666666666666, 3.1633333333333336, 3.12, 3.075, 3.03, 2.985, 2.9416666666666664, 2.8983333333333334, 2.855, 2.8116666666666665, 2.7683333333333335, 2.725, 2.68, 2.635, 2.59, 2.5466666666666664, 2.5033333333333334, 2.46, 2.4166666666666665, 2.3733333333333335, 2.33, 2.2866666666666666, 2.2433333333333336, 2.2, 2.1550000000000002, 2.11, 2.065, 2.0216666666666665, 1.9783333333333333, 1.9349999999999998]",
towerse.member.center_of_buoyancy,output,m,"[0.0, 0.0, 0.0]",
towerse.member.displacement,output,m**3,0.0,
towerse.member.buoyancy_force,output,N,0.0,
towerse.member.idx_cb,output,,0.0,
towerse.member.Awater,output,m**2,0.0,
towerse.member.Iwaterx,output,m**4,0.0,
towerse.member.Iwatery,output,m**4,0.0,
towerse.member.added_mass,output,kg,"[0.0, 0.0, 0.0, 0.0, 0.0, 0.0]",
towerse.member.waterline_centroid,output,m,"[0.0, 0.0]",
towerse.member.z_dim,output,m,"[10.0, 12.666666666666668, 15.333333333333336, 18.000000000000004, 20.666666666666668, 23.333333333333336, 26.0, 28.666666666666668, 31.333333333333332, 34.0, 36.666666666666664, 39.333333333333336, 42.0, 44.66666666666667, 47.333333333333336, 50.0, 52.666666666666664, 55.33333333333334, 58.00000000000001, 60.66666666666667, 63.33333333333333, 66.0, 68.66666666666666, 71.33333333333334, 74.0, 76.66666666666667, 79.33333333333334, 82.00000000000001, 84.66666666666667, 87.33333333333333, 90.0]",
towerse.member.d_eff,output,m,"[6.5, 6.413333333333333, 6.326666666666667, 6.24, 6.15, 6.06, 5.97, 5.883333333333333, 5.796666666666667, 5.71, 5.623333333333333, 5.536666666666667, 5.45, 5.36, 5.27, 5.18, 5.093333333333333, 5.006666666666667, 4.92, 4.833333333333333, 4.746666666666667, 4.66, 4.573333333333333, 4.486666666666667, 4.4, 4.3100000000000005, 4.22, 4.13, 4.043333333333333, 3.9566666666666666, 3.8699999999999997]",
towerse.tower_section_height,output,m,"[8.000000000000004, 7.9999999999999964, 8.0, 8.0, 8.0, 8.000000000000007, 7.999999999999993, 8.0, 8.000000000000014, 7.999999999999986]",
towerse.member.sigma_ult,output,Pa,"[450000000.0, 450000000.0, 450000000.0, 450000000.0, 450000000.0, 450000000.0, 450000000.0, 450000000.0, 450000000.0, 450000000.0]",
towerse.member.wohler_exp,output,,"[3.0, 3.0, 3.0, 3.0, 3.0, 3.0, 3.0, 3.0, 3.0, 3.0]",
towerse.member.wohler_A,output,,"[35534648443.719765, 35534648443.719765, 35534648443.719765, 35534648443.719765, 35534648443.719765, 35534648443.719765, 35534648443.719765, 35534648443.719765, 35534648443.719765, 35534648443.719765]",
towerse.member.ballast_density,output,kg/m**3,[],
towerse.member.ballast_unit_cost,output,USD/kg,[],
towerse.z_param,output,m,"[10.0, 18.000000000000004, 26.0, 34.0, 42.0, 50.0, 58.00000000000001, 66.0, 74.0, 82.00000000000001, 90.0]",
towerse.member.sec_loc,output,,"[0.0, 0.11111111111111109, 0.2222222222222222, 0.3333333333333333, 0.4444444444444444, 0.5555555555555556, 0.6666666666666666, 0.7777777777777778, 0.8888888888888888, 1.0]",normalized sectional location
towerse.member.str_tw,output,deg,"[0.0, 0.0, 0.0, 0.0, 0.0, 0.0, 0.0, 0.0, 0.0, 0.0]",structural twist of section
towerse.member.tw_iner,output,deg,"[0.0, 0.0, 0.0, 0.0, 0.0, 0.0, 0.0, 0.0, 0.0, 0.0]",inertial twist of section
towerse.member.mass_den,output,kg/m,"[4477.9234649124655, 4162.354538052258, 3858.003877048705, 3568.0826149654213, 3286.0623325159872, 3015.260315923185, 2758.5692387731515, 2512.884121161559, 2275.524595820387, 2049.3833363357853]",sectional mass per unit length
towerse.member.foreaft_iner,output,kg*m,"[22523.636603372048, 19228.69308801123, 16307.227800227509, 13767.223443553168, 11501.866388891971, 9526.436629479529, 7839.924975265373, 6386.344849105919, 5125.259357513938, 4059.2014624247845]",sectional fore-aft intertia per unit length about the Y_G inertia axis
towerse.member.sideside_iner,output,kg*m,"[22523.636603372048, 19228.69308801123, 16307.227800227509, 13767.223443553168, 11501.866388891971, 9526.436629479529, 7839.924975265373, 6386.344849105919, 5125.259357513938, 4059.2014624247845]",sectional side-side intertia per unit length about the Y_G inertia axis
towerse.member.foreaft_stff,output,N*m**2,"[533267907364.91815, 455257075266.0282, 386088685281.3294, 325951735292.59106, 272317313940.19394, 225547189181.98563, 185617467511.07733, 151202614984.63242, 121345250787.55444, 96105345134.00066]",sectional fore-aft bending stiffness per unit length about the Y_E elastic axis
towerse.member.sideside_stff,output,N*m**2,"[533267907364.91815, 455257075266.0282, 386088685281.3294, 325951735292.59106, 272317313940.19394, 225547189181.98563, 185617467511.07733, 151202614984.63242, 121345250787.55444, 96105345134.00066]",sectional side-side bending stiffness per unit length about the Y_E elastic axis
towerse.member.tor_stff,output,N*m**2,"[422881450540.3801, 361018860685.9603, 306168327428.09424, 258479726087.0247, 215947629954.5738, 178858921021.3146, 147194651736.28433, 119903673682.8135, 96226783874.53067, 76211538691.26251]",sectional torsional stiffness
towerse.member.axial_stff,output,N,"[106018975422.31848, 98547589508.06776, 91341806403.12297, 84477652649.701, 77800561889.24373, 71389073938.09181, 65311675516.091385, 59494853355.1521, 53875147283.6704, 48521044021.49267]",sectional axial stiffness
towerse.member.cg_offst,output,m,"[0.0, 0.0, 0.0, 0.0, 0.0, 0.0, 0.0, 0.0, 0.0, 0.0]",offset from the sectional center of mass
towerse.member.sc_offst,output,m,"[0.0, 0.0, 0.0, 0.0, 0.0, 0.0, 0.0, 0.0, 0.0, 0.0]",offset from the sectional shear center
towerse.member.tc_offst,output,m,"[0.0, 0.0, 0.0, 0.0, 0.0, 0.0, 0.0, 0.0, 0.0, 0.0]",offset from the sectional tension center
towerse.member.axial_load2stress,output,m**2,"[[0.0, 0.0, 1.8864547521169233, 1.1945215363655803, 1.1945215363655803, 0.0], [0.0, 0.0, 2.029476327106171, 1.3410005756489476, 1.3410005756489476, 0.0], [0.0, 0.0, 2.18957789292376, 1.5126058397035373, 1.5126058397035373, 0.0], [0.0, 0.0, 2.3674900251943476, 1.7119098921167286, 1.7119098921167286, 0.0], [0.0, 0.0, 2.5706755214019976, 1.9517671950771647, 1.9517671950771647, 0.0], [0.0, 0.0, 2.80154915825689, 2.2389993057840076, 2.2389993057840076, 0.0], [0.0, 0.0, 3.062239613661792, 2.5805760978363423, 2.5805760978363423, 0.0], [0.0, 0.0, 3.361635313328838, 2.995979930942603, 2.995979930942603, 0.0], [0.0, 0.0, 3.7122868350954867, 3.5147646671948967, 3.5147646671948967, 0.0], [0.0, 0.0, 4.121922848803683, 4.162099407085797, 4.162099407085797, 0.0]]",
towerse.member.shear_load2stress,output,m**2,"[[3.1010729914133783, 3.1010729914133783, 0.0, 0.0, 0.0, 0.5972607681827902], [3.3361048411928076, 3.3361048411928076, 0.0, 0.0, 0.0, 0.6705002878244738], [3.599194379720246, 3.599194379720246, 0.0, 0.0, 0.0, 0.7563029198517687], [3.891544463950636, 3.891544463950636, 0.0, 0.0, 0.0, 0.8559549460583643], [4.2254029721927715, 4.2254029721927715, 0.0, 0.0, 0.0, 0.9758835975385823], [4.6047364788691825, 4.6047364788691825, 0.0, 0.0, 0.0, 1.1194996528920038], [5.033043779298999, 5.033043779298999, 0.0, 0.0, 0.0, 1.2902880489181712], [5.524912517001665, 5.524912517001665, 0.0, 0.0, 0.0, 1.4979899654713016], [6.100935791940572, 6.100935791940572, 0.0, 0.0, 0.0, 1.7573823335974483], [6.773798187676042, 6.773798187676042, 0.0, 0.0, 0.0, 2.0810497035428983]]",
towerse.member.labor_hours,output,h,809.9909381375041,
towerse.tower_cost,output,USD,792023.3373145775,
towerse.member.section_D,output,m,"[6.456666666666667, 6.37, 6.283333333333333, 6.195, 6.105, 6.015, 5.926666666666666, 5.84, 5.753333333333334, 5.666666666666666, 5.58, 5.493333333333334, 5.405, 5.3149999999999995, 5.225, 5.136666666666667, 5.05, 4.963333333333333, 4.876666666666667, 4.79, 4.703333333333333, 4.616666666666667, 4.53, 4.443333333333333, 4.355, 4.265000000000001, 4.175, 4.086666666666666, 4.0, 3.913333333333333]",
towerse.member.section_t,output,m,"[0.028807799999999998, 0.028807799999999998, 0.028807799999999998, 0.027941399999999998, 0.027941399999999998, 0.027941399999999998, 0.027075000000000002, 0.027075000000000002, 0.027075000000000002, 0.0262086, 0.0262086, 0.0262086, 0.0253422, 0.0253422, 0.0253422, 0.024475800000000002, 0.024475800000000002, 0.024475800000000002, 0.0236094, 0.0236094, 0.0236094, 0.022742999999999996, 0.022742999999999996, 0.022742999999999996, 0.021876600000000003, 0.021876600000000003, 0.021876600000000003, 0.0210102, 0.0210102, 0.0210102]",
towerse.member.section_sigma_y,output,Pa,"[345000000.0, 345000000.0, 345000000.0, 345000000.0, 345000000.0, 345000000.0, 345000000.0, 345000000.0, 345000000.0, 345000000.0, 345000000.0, 345000000.0, 345000000.0, 345000000.0, 345000000.0, 345000000.0, 345000000.0, 345000000.0, 345000000.0, 345000000.0, 345000000.0, 345000000.0, 345000000.0, 345000000.0, 345000000.0, 345000000.0, 345000000.0, 345000000.0, 345000000.0, 345000000.0]",
towerse.height_constraint,output,m,0.0,
towerse.transition_piece_height,output,m,10.0,
towerse.z_start,output,m,10.0,
airfoils.ac,output,,"[0.275, 0.5, 0.275, 0.275, 0.275, 0.275, 0.275]",1D array of the aerodynamic centers of each airfoil.
airfoils.r_thick,output,,"[0.4, 1.0, 0.3, 0.21, 0.25, 0.35, 0.18]",1D array of the relative thicknesses of each airfoil.
airfoils.aoa,output,rad,"[-3.141592653589793, -3.0892327760299634, -3.036872898470133, -2.9845130209103035, -2.9321531433504737, -2.8797932657906435, -2.827433388230814, -2.775073510670984, -2.722713633111154, -2.670353755551324, -2.617993877991494, -2.5656340004316642, -2.5132741228718345, -2.4609142453120043, -2.4085543677521746, -2.356194490192345, -2.3038346126325147, -2.251474735072685, -2.199114857512855, -2.146754979953025, -2.0943951023931953, -2.0420352248333655, -1.9896753472735356, -1.9373154697137056, -1.8849555921538759, -1.832595714594046, -1.780235837034216, -1.727875959474386, -1.6755160819145563, -1.6231562043547263, -1.5707963267948963, -1.5184364492350666, -1.4660765716752366, -1.4137166941154067, -1.361356816555577, -1.308996938995747, -1.256637061435917, -1.2042771838760873, -1.1519173063162573, -1.0995574287564276, -1.0471975511965974, -0.9948376736367677, -0.9424777960769379, -0.8901179185171078, -0.837758040957278, -0.7853981633974483, -0.7330382858376181, -0.6806784082777884, -0.6283185307179586, -0.5759586531581284, -0.5235987755982988, -0.513021022555909, -0.502443269513519, -0.4918655164711292, -0.4812877634287393, -0.4707100103863494, -0.46013225734395957, -0.4495545043015697, -0.4389767512591798, -0.42839899821678995, -0.41782124517440006, -0.40724349213201017, -0.39666573908962033, -0.38608798604723044, -0.37551023300484054, -0.3649324799624507, -0.3543547269200608, -0.3437769738776709, -0.3331992208352811, -0.3226214677928912, -0.3120437147505013, -0.30146596170811146, -0.29088820866572157, -0.2803104556233317, -0.26973270258094184, -0.25915494953855195, -0.24857719649616206, -0.23799944345377216, -0.22742169041138233, -0.21684393736899243, -0.20626618432660254, -0.1956884312842127, -0.1851106782418228, -0.17453292519943292, -0.16395517215704308, -0.1533774191146532, -0.1427996660722633, -0.13222191302987346, -0.12164415998748357, -0.11106640694509368, -0.10048865390270378, -0.08991090086031395, -0.07933314781792405, -0.06875539477553416, -0.058177641733144325, -0.04759988869075443, -0.03702213564836454, -0.026444382605974703, -0.015866629563584866, -0.0052888765211949185, 0.0052888765211949185, 0.015866629563584866, 0.026444382605974703, 0.03702213564836454, 0.04759988869075449, 0.058177641733144325, 0.06875539477553416, 0.07933314781792411, 0.08991090086031395, 0.10048865390270378, 0.11106640694509373, 0.12164415998748357, 0.1322219130298734, 0.14279966607226335, 0.1533774191146532, 0.16395517215704303, 0.17453292519943298, 0.1851106782418228, 0.19568843128421265, 0.2062661843266026, 0.21684393736899243, 0.22742169041138227, 0.23799944345377222, 0.24857719649616206, 0.2591549495385519, 0.26973270258094184, 0.2803104556233317, 0.2908882086657215, 0.30146596170811146, 0.3120437147505013, 0.32262146779289125, 0.3331992208352811, 0.3437769738776709, 0.35435472692006087, 0.3649324799624507, 0.37551023300484054, 0.3860879860472305, 0.39666573908962033, 0.40724349213201017, 0.4178212451744001, 0.42839899821678995, 0.4389767512591798, 0.44955450430156974, 0.46013225734395957, 0.4707100103863494, 0.48128776342873925, 0.4918655164711291, 0.5024432695135191, 0.513021022555909, 0.5235987755982988, 0.5759586531581287, 0.6283185307179586, 0.6806784082777885, 0.7330382858376183, 0.7853981633974483, 0.8377580409572781, 0.890117918517108, 0.9424777960769379, 0.9948376736367679, 1.0471975511965979, 1.0995574287564276, 1.1519173063162573, 1.2042771838760875, 1.2566370614359172, 1.3089969389957472, 1.3613568165555772, 1.413716694115407, 1.4660765716752369, 1.5184364492350668, 1.5707963267948966, 1.6231562043547263, 1.6755160819145565, 1.7278759594743862, 1.780235837034216, 1.8325957145940461, 1.8849555921538759, 1.937315469713706, 1.9896753472735358, 2.0420352248333655, 2.0943951023931957, 2.1467549799530254, 2.199114857512855, 2.2514747350726854, 2.303834612632515, 2.356194490192345, 2.408554367752175, 2.4609142453120048, 2.5132741228718345, 2.5656340004316642, 2.6179938779914944, 2.670353755551324, 2.722713633111154, 2.775073510670984, 2.827433388230814, 2.8797932657906435, 2.9321531433504737, 2.9845130209103035, 3.036872898470133, 3.0892327760299634, 3.141592653589793]",1D array of the angles of attack used to define the polars of the airfoils. All airfoils defined in openmdao share this grid.
airfoils.Re,output,,1000000.0,1D array of the Reynolds numbers used to define the polars of the airfoils. All airfoils defined in openmdao share this grid.
airfoils.cl,output,,"[[[[0.012774299814956497]], [[0.14269327218499767]], [[0.2586370117479547]], [[0.3623386438927308]], [[0.44846540213334535]], [[0.5258962146947556]], [[0.5932747256952848]], [[0.6483731015052915]], [[0.6919714774537448]], [[0.724561884158482]], [[0.7475588397302069]], [[0.761476518094192]], [[0.7649770522520746]], [[0.7610743400910195]], [[0.7512774380781152]], [[0.7313798387745672]], [[0.7053181409441592]], [[0.6728915426068911]], [[0.634057340901292]], [[0.590171891142727]], [[0.5410148133866781]], [[0.48740716155951874]], [[0.42985986987276736]], [[0.3685763349494897]], [[0.3044320123794003]], [[0.23760988069898553]], [[0.16873016172346023]], [[0.09833293688442458]], [[0.02670874222112079]], [[-0.04539424263359261]], [[-0.117688842156067]], [[-0.18961620380430833]], [[-0.2606048613871396]], [[-0.3303845295102284]], [[-0.39818700075596947]], [[-0.46373523804603245]], [[-0.5264952231737257]], [[-0.5858109650288182]], [[-0.6415695381785984]], [[-0.6928091067102785]], [[-0.7393831898384677]], [[-0.7808112224110497]], [[-0.81611327995889]], [[-0.8458394186133674]], [[-0.8683507703076264]], [[-0.8834865804009255]], [[-0.8900593780814409]], [[-0.890834276816703]], [[-0.8807641250363609]], [[-0.8634573989452705]], [[-0.834899292600962]], [[-0.8282489306690205]], [[-0.8209342610459643]], [[-0.8130379108983156]], [[-0.804642507392596]], [[-0.7958306776953279]], [[-0.7866850489730332]], [[-0.7772882483922339]], [[-0.7677229031194519]], [[-0.757642826424416]], [[-0.746714949015]], [[-0.7354598970264341]], [[-0.723751051434922]], [[-0.7115736689186716]], [[-0.6989349299180345]], [[-0.6858221810715147]], [[-0.6722290584227956]], [[-0.6581300051061376]], [[-0.6434981088933348]], [[-0.6283058740281965]], [[-0.6125266628415562]], [[-0.5961303038207688]], [[-0.5790939409637361]], [[-0.5613855416799043]], [[-0.5429808773658764]], [[-0.5238497699943111]], [[-0.5039455731724146]], [[-0.48331527043284084]], [[-0.46184828498002933]], [[-0.43951673403929203]], [[-0.416384286969858]], [[-0.39235389628802414]], [[-0.3675495803246012]], [[-0.3419926182048192]], [[-0.31576519070347914]], [[-0.28893931081761076]], [[-0.2615473308199055]], [[-0.2336907396717728]], [[-0.2054051833434165]], [[-0.17675892289432352]], [[-0.14783043277550198]], [[-0.11865391393879493]], [[-0.08937954619790792]], [[-0.059860095852091344]], [[-0.030185078540683603]], [[0.0012276019638754424]], [[0.035077649579663424]], [[0.07314602872212428]], [[0.11636666891197389]], [[0.166292415723779]], [[0.22403376141165418]], [[0.2907425444002591]], [[0.3652231354797523]], [[0.44573809999042824]], [[0.5303855569486363]], [[0.6160593764113568]], [[0.70158900252098]], [[0.7838622877333025]], [[0.8621393122542008]], [[0.935702772940798]], [[1.0048242248664394]], [[1.069786819538331]], [[1.1306029864843783]], [[1.1879114452355026]], [[1.2413575000795158]], [[1.291427025620277]], [[1.3382500549164937]], [[1.3820187279231424]], [[1.4229244423480307]], [[1.4611558647009941]], [[1.4969023588186527]], [[1.5303538676614972]], [[1.5616804879844108]], [[1.5909828749291866]], [[1.6183431962266996]], [[1.643843995988398]], [[1.6675688299847076]], [[1.6896042718028865]], [[1.7100333113018582]], [[1.7289386078333222]], [[1.746403029450979]], [[1.762511085708032]], [[1.7773607847528972]], [[1.7909570443296023]], [[1.8035401559564967]], [[1.8150604270277528]], [[1.82564497776333]], [[1.8353774297611998]], [[1.8443376241529081]], [[1.8526135288184375]], [[1.860289296289324]], [[1.8674457505639261]], [[1.8741736088302692]], [[1.8802946201466608]], [[1.8860939669516341]], [[1.8914413019319458]], [[1.8961736822282051]], [[1.900525535294271]], [[1.9044326767258222]], [[1.9076799063903955]], [[1.9152886268953402]], [[1.913708174109812]], [[1.8942547863247823]], [[1.8634835437590251]], [[1.815671319614068]], [[1.7527231925405065]], [[1.6737503956327202]], [[1.5765429516184701]], [[1.463220505921252]], [[1.3342366508018952]], [[1.1953155117819012]], [[1.051696886081918]], [[0.9064407545832502]], [[0.7670097848150973]], [[0.6356478103389553]], [[0.5177141807138634]], [[0.41113935764915804]], [[0.3148901019407244]], [[0.22633041939349696]], [[0.14376557334508758]], [[0.06503676966750052]], [[-0.011793380444871436]], [[-0.08774937110969894]], [[-0.1624196350704996]], [[-0.23547116150071226]], [[-0.30630966744662236]], [[-0.3742863533863529]], [[-0.43921290564776194]], [[-0.5001720776223696]], [[-0.5569541461155774]], [[-0.6090250095165141]], [[-0.6555259800300086]], [[-0.6966907370648507]], [[-0.7310982922380173]], [[-0.7587989660341019]], [[-0.7799816948279059]], [[-0.7906161409454636]], [[-0.7950150432209698]], [[-0.7914675204942629]], [[-0.7771749373511712]], [[-0.75327399066682]], [[-0.7192891181489044]], [[-0.6737401420588566]], [[-0.6161306932475592]], [[-0.5456212440970902]], [[-0.4645602813766505]], [[-0.3746427178499516]], [[-0.26680067154758935]], [[-0.13878272406752298]], [[0.012774299814956529]]], [[[0.0]], [[0.0]], [[0.0]], [[0.0]], [[0.0]], [[0.0]], [[0.0]], [[0.0]], [[0.0]], [[0.0]], [[0.0]], [[0.0]], [[0.0]], [[0.0]], [[0.0]], [[0.0]], [[0.0]], [[0.0]], [[0.0]], [[0.0]], [[0.0]], [[0.0]], [[0.0]], [[0.0]], [[0.0]], [[0.0]], [[0.0]], [[0.0]], [[0.0]], [[0.0]], [[0.0]], [[0.0]], [[0.0]], [[0.0]], [[0.0]], [[0.0]], [[0.0]], [[0.0]], [[0.0]], [[0.0]], [[0.0]], [[0.0]], [[0.0]], [[0.0]], [[0.0]], [[0.0]], [[0.0]], [[0.0]], [[0.0]], [[0.0]], [[0.0]], [[0.0]], [[0.0]], [[0.0]], [[0.0]], [[0.0]], [[0.0]], [[0.0]], [[0.0]], [[0.0]], [[0.0]], [[0.0]], [[0.0]], [[0.0]], [[0.0]], [[0.0]], [[0.0]], [[0.0]], [[0.0]], [[0.0]], [[0.0]], [[0.0]], [[0.0]], [[0.0]], [[0.0]], [[0.0]], [[0.0]], [[0.0]], [[0.0]], [[0.0]], [[0.0]], [[0.0]], [[0.0]], [[0.0]], [[0.0]], [[0.0]], [[0.0]], [[0.0]], [[0.0]], [[0.0]], [[0.0]], [[0.0]], [[0.0]], [[0.0]], [[0.0]], [[0.0]], [[0.0]], [[0.0]], [[0.0]], [[0.0]], [[0.0]], [[0.0]], [[0.0]], [[0.0]], [[0.0]], [[0.0]], [[0.0]], [[0.0]], [[0.0]], [[0.0]], [[0.0]], [[0.0]], [[0.0]], [[0.0]], [[0.0]], [[0.0]], [[0.0]], [[0.0]], [[0.0]], [[0.0]], [[0.0]], [[0.0]], [[0.0]], [[0.0]], [[0.0]], [[0.0]], [[0.0]], [[0.0]], [[0.0]], [[0.0]], [[0.0]], [[0.0]], [[0.0]], [[0.0]], [[0.0]], [[0.0]], [[0.0]], [[0.0]], [[0.0]], [[0.0]], [[0.0]], [[0.0]], [[0.0]], [[0.0]], [[0.0]], [[0.0]], [[0.0]], [[0.0]], [[0.0]], [[0.0]], [[0.0]], [[0.0]], [[0.0]], [[0.0]], [[0.0]], [[0.0]], [[0.0]], [[0.0]], [[0.0]], [[0.0]], [[0.0]], [[0.0]], [[0.0]], [[0.0]], [[0.0]], [[0.0]], [[0.0]], [[0.0]], [[0.0]], [[0.0]], [[0.0]], [[0.0]], [[0.0]], [[0.0]], [[0.0]], [[0.0]], [[0.0]], [[0.0]], [[0.0]], [[0.0]], [[0.0]], [[0.0]], [[0.0]], [[0.0]], [[0.0]], [[0.0]], [[0.0]], [[0.0]], [[0.0]], [[0.0]], [[0.0]], [[0.0]], [[0.0]], [[0.0]], [[0.0]], [[0.0]], [[0.0]], [[0.0]], [[0.0]], [[0.0]]], [[[0.04964209610768981]], [[0.18728247933488665]], [[0.31002095168231864]], [[0.4197144359489547]], [[0.5106991363681169]], [[0.5924429394439092]], [[0.6635103121657981]], [[0.7215388854029396]], [[0.7673865118191947]], [[0.8015843789771776]], [[0.8256485921551736]], [[0.8400961981985308]], [[0.843702760386986]], [[0.8394444296466287]], [[0.8289938242178687]], [[0.8080256543206343]], [[0.7806321710826848]], [[0.7466342734001926]], [[0.7060153128499983]], [[0.6602081999837803]], [[0.6090118339637887]], [[0.5533041752551805]], [[0.49364207119826703]], [[0.43026327666183745]], [[0.3641026544735597]], [[0.2953770621220479]], [[0.22475499336493257]], [[0.15282746828955382]], [[0.0799153696412935]], [[0.006830498587953557]], [[-0.06610873016717743]], [[-0.1382744282075125]], [[-0.2091146494597552]], [[-0.2783623163152973]], [[-0.3457249666850165]], [[-0.4111544300960605]], [[-0.4745009608088385]], [[-0.5355831827593236]], [[-0.5943839060863658]], [[-0.6506998689248986]], [[-0.7042851867756956]], [[-0.7551355236093819]], [[-0.8005802042448851]], [[-0.8404406635564805]], [[-0.871232633180789]], [[-0.8902420264897877]], [[-0.8935596412969572]], [[-0.8920097340788381]], [[-0.8704473942338138]], [[-0.8496621277746017]], [[-0.8360105155061717]], [[-0.8364319170528584]], [[-0.837651180659868]], [[-0.8396008947776253]], [[-0.842213647856555]], [[-0.8454220283470817]], [[-0.84915862469963]], [[-0.8533560253646247]], [[-0.8579468187924902]], [[-0.8647688223719059]], [[-0.8750541155037499]], [[-0.8862978972438583]], [[-0.8992564093183807]], [[-0.9142976351807424]], [[-0.9322863208005226]], [[-0.9539001376819924]], [[-0.980194821189284]], [[-1.011774282526046]], [[-1.0496252169726716]], [[-1.0937918675176013]], [[-1.1403857817161722]], [[-1.186376193041567]], [[-1.2242055045071811]], [[-1.2507948917409322]], [[-1.2548945730736596]], [[-1.2543978298863578]], [[-1.228670649367338]], [[-1.1904373208481211]], [[-1.1396299200975855]], [[-1.0807080605203003]], [[-1.01890919931456]], [[-0.9559477002022148]], [[-0.8986853259640485]], [[-0.8479714431363805]], [[-0.8072531609810798]], [[-0.7699275458301977]], [[-0.7340461901368132]], [[-0.6922652607045104]], [[-0.6422666207565266]], [[-0.57699388892989]], [[-0.5011537365373427]], [[-0.41570664690505504]], [[-0.3304839217503235]], [[-0.2453385825423862]], [[-0.16135472938184708]], [[-0.0781178670652549]], [[0.004412087510226579]], [[0.08632850367660144]], [[0.16768663713800064]], [[0.24854436820941997]], [[0.32899470763543365]], [[0.4090743302507231]], [[0.4888761585658733]], [[0.5684593655987711]], [[0.6478796087988709]], [[0.7272610420728656]], [[0.8065225459389558]], [[0.8854077271924518]], [[0.9633183513944151]], [[1.0399017140545257]], [[1.1143275937629418]], [[1.1863230149999486]], [[1.255086353808457]], [[1.320492244052257]], [[1.3808451416281722]], [[1.433931118904791]], [[1.4770291648953342]], [[1.5076697555782053]], [[1.5226807865726688]], [[1.519900723239487]], [[1.4944307252610132]], [[1.4553800141978996]], [[1.4165183733181508]], [[1.3816306817072508]], [[1.3519703642070686]], [[1.3288607536830792]], [[1.313652451017612]], [[1.3081213075051374]], [[1.3113049316085135]], [[1.3270408235293274]], [[1.3509079157662678]], [[1.3774407560323114]], [[1.4012151392352752]], [[1.4143574610412732]], [[1.4198013580075086]], [[1.4161782030037942]], [[1.4075414481564543]], [[1.3952758921019044]], [[1.3829428714274528]], [[1.3711261556190608]], [[1.3601943086936434]], [[1.3499780863475288]], [[1.3404055208984913]], [[1.3316481834746832]], [[1.3233724277914574]], [[1.3156210763429435]], [[1.3084852682835109]], [[1.3018609160670271]], [[1.2956956372384731]], [[1.2899901097466615]], [[1.2672188915935685]], [[1.2500579077264622]], [[1.235201958883625]], [[1.2168362418596117]], [[1.1932919317470658]], [[1.1592008600230026]], [[1.116117928215041]], [[1.0632830045026074]], [[1.0033276572011578]], [[0.9360245506051608]], [[0.8628467007575726]], [[0.7847452125190102]], [[0.7022109958919858]], [[0.616772318620103]], [[0.528888208599961]], [[0.43967685289003583]], [[0.35018426166044636]], [[0.26096675744443065]], [[0.17347186560929934]], [[0.08816071259616412]], [[0.006090071507540515]], [[-0.07261668492490235]], [[-0.14792781747763964]], [[-0.2196434818619227]], [[-0.2878182273109148]], [[-0.35235005179773804]], [[-0.41309038969525097]], [[-0.47015587339460335]], [[-0.523243037447776]], [[-0.5724612881034933]], [[-0.6177031659307005]], [[-0.6587596653581551]], [[-0.6958766374831244]], [[-0.7286411624213136]], [[-0.7571192435331721]], [[-0.781484500769481]], [[-0.7994765967361901]], [[-0.8126090987742801]], [[-0.8133286154579451]], [[-0.8109652027509235]], [[-0.7965426029921661]], [[-0.7709466282180923]], [[-0.7322356166802069]], [[-0.6798880600475492]], [[-0.6111445924148585]], [[-0.5291067917545871]], [[-0.43653108136544194]], [[-0.32075991128823245]], [[-0.16266292116639633]], [[0.04964209610768984]]], [[[0.00921676639997223]], [[0.25147128101163213]], [[0.42715697353694854]], [[0.5546876910378238]], [[0.6186145451769408]], [[0.6628203413283077]], [[0.6938831543798423]], [[0.7134517023017004]], [[0.7246759439574989]], [[0.7452236741669606]], [[0.7739610979927354]], [[0.8035287327862465]], [[0.8185902307985563]], [[0.8234836678199766]], [[0.8178976438581758]], [[0.7972220924119334]], [[0.7681933393814395]], [[0.7313595201772793]], [[0.6879378650003364]], [[0.640678063092424]], [[0.5895108925722523]], [[0.5351887076834958]], [[0.4779475623199586]], [[0.4179054720071945]], [[0.35559236790475446]], [[0.29111792265922615]], [[0.2248560689793226]], [[0.15713675868656718]], [[0.08812841292293498]], [[0.018291229046321144]], [[-0.052208796941995046]], [[-0.12302767964464062]], [[-0.19383377027396026]], [[-0.2644577905479207]], [[-0.33438885056352]], [[-0.40319805540672643]], [[-0.4701513375134536]], [[-0.5342934556164555]], [[-0.5953193454129955]], [[-0.6519298216208483]], [[-0.7037786439321458]], [[-0.7501474414703292]], [[-0.7896788104965823]], [[-0.8229247704366778]], [[-0.8477982094402521]], [[-0.8636393568493153]], [[-0.8684398610082152]], [[-0.8681097937126746]], [[-0.8524603187653123]], [[-0.8276803298568334]], [[-0.8011772881802078]], [[-0.7988680629131615]], [[-0.7966657055638412]], [[-0.7946269276978027]], [[-0.7928084408806018]], [[-0.7912669566777939]], [[-0.7900591866549354]], [[-0.7892418423775815]], [[-0.7888716354112882]], [[-0.7909641475823819]], [[-0.7966103767858694]], [[-0.8033162866011881]], [[-0.8116876984011139]], [[-0.8220474468358867]], [[-0.8343133901599069]], [[-0.8487063083807073]], [[-0.865377105214045]], [[-0.884347838895094]], [[-0.9058277072049403]], [[-0.9296594497809416]], [[-0.9544506849722145]], [[-0.9791063516645745]], [[-1.0010241439365108]], [[-1.0192431184704995]], [[-1.0314986908098287]], [[-1.0355127518656941]], [[-1.0305357603170158]], [[-1.017892376784259]], [[-0.9944162382564778]], [[-0.9621539787041551]], [[-0.9227768090607795]], [[-0.8752741443050032]], [[-0.8216545255892146]], [[-0.761723349304874]], [[-0.6965293875553347]], [[-0.6267527740676063]], [[-0.5526906468324642]], [[-0.47545995568807276]], [[-0.39539852210946713]], [[-0.313267722121883]], [[-0.22990068795983645]], [[-0.14568091403114114]], [[-0.06164335851299934]], [[0.021816481672126797]], [[0.1040343243562381]], [[0.18495768493122225]], [[0.26455507747655094]], [[0.34281648423562505]], [[0.4197409202863443]], [[0.4953257519807379]], [[0.5695427348756178]], [[0.6424046114802859]], [[0.7138832571217151]], [[0.7839748381155316]], [[0.8526817119727674]], [[0.9199764142679712]], [[0.9858608070331852]], [[1.050512195993086]], [[1.1128889581844994]], [[1.1726723039193037]], [[1.2270659125807475]], [[1.2752769358740255]], [[1.3148935324396747]], [[1.3453408448461388]], [[1.364215077491246]], [[1.3693098786701754]], [[1.3638059950393773]], [[1.3493859790032487]], [[1.329346943873698]], [[1.3068899015538749]], [[1.285125181540227]], [[1.2672098960171547]], [[1.2561217060831744]], [[1.2537185150941974]], [[1.2576023646138907]], [[1.2671227951481123]], [[1.2799168417313862]], [[1.2942746481784528]], [[1.3083502409040026]], [[1.3203021025754256]], [[1.3283020470769402]], [[1.330945142279679]], [[1.3275587115507608]], [[1.3163028993773243]], [[1.2978852389457352]], [[1.2748513241718629]], [[1.2483499131073517]], [[1.2205133648762037]], [[1.1937609228848125]], [[1.168433533849677]], [[1.1448640440159594]], [[1.1228770548320446]], [[1.102321295084218]], [[1.083637685576073]], [[1.0660249562552329]], [[1.049652442086331]], [[1.0348006827671679]], [[1.0211163752006545]], [[1.0085398801091126]], [[0.9972118120371214]], [[0.9555588067348608]], [[0.9334989299115172]], [[0.9225970611316626]], [[0.9149891095858532]], [[0.9076744656871922]], [[0.8912002398796282]], [[0.8671064572948797]], [[0.8338029412971538]], [[0.7939925117393026]], [[0.7470129898168785]], [[0.6941220881492408]], [[0.6359387376756891]], [[0.5726971960359782]], [[0.5056046080564932]], [[0.4348527829188079]], [[0.3612809890177059]], [[0.285590605079623]], [[0.2081628011746643]], [[0.1299662486331714]], [[0.051305704925849134]], [[-0.027199448599835432]], [[-0.10495654261613545]], [[-0.18167263034204442]], [[-0.25654380541281613]], [[-0.329271391702217]], [[-0.3992876583610322]], [[-0.4659148900366639]], [[-0.529002173109885]], [[-0.587570955219782]], [[-0.6414419160888952]], [[-0.6900876415668283]], [[-0.7325417712351244]], [[-0.7691966154051664]], [[-0.7984667176659584]], [[-0.8211555317527629]], [[-0.8376707343478791]], [[-0.8463716831780459]], [[-0.850436948653864]], [[-0.8488220570043553]], [[-0.8414971061320172]], [[-0.8284180819857495]], [[-0.807964855311958]], [[-0.7763804676098537]], [[-0.7308062694237145]], [[-0.6671027522589141]], [[-0.5881541248749942]], [[-0.4956496360117654]], [[-0.3712883394174779]], [[-0.2066755550549938]], [[0.00921676639997221]]], [[[-0.002616468238648685]], [[0.23206900252153614]], [[0.4603181882842975]], [[0.6930017691262662]], [[0.7206625884778394]], [[0.7224940606574921]], [[0.724042517217225]], [[0.7286224145878468]], [[0.7432243241439088]], [[0.7743263584953606]], [[0.8182150197859032]], [[0.8475932097294956]], [[0.8562812804243328]], [[0.8559088044398866]], [[0.848310137238659]], [[0.8244348255650564]], [[0.7944906077302177]], [[0.7580456618158811]], [[0.7161403014998445]], [[0.6698705512386851]], [[0.6190869076774835]], [[0.5643711588155162]], [[0.5061264981235706]], [[0.4444953082081353]], [[0.3801568940966412]], [[0.3132402718889729]], [[0.24422198204879905]], [[0.17351535606415375]], [[0.10133400461399346]], [[0.028256928642579743]], [[-0.045505643957431036]], [[-0.11953465454539544]], [[-0.19335604620539582]], [[-0.2667402329440988]], [[-0.33878318694595244]], [[-0.40911395952502716]], [[-0.4770562377919175]], [[-0.5418208264847281]], [[-0.6031957488410511]], [[-0.6600595411911092]], [[-0.7121652967033243]], [[-0.7589060752760906]], [[-0.7991450354022657]], [[-0.8333728338966895]], [[-0.859728529763199]], [[-0.878025762689064]], [[-0.8871600938577962]], [[-0.8887790153727972]], [[-0.8802828416325041]], [[-0.8668810724656328]], [[-0.8475396219516327]], [[-0.8435937876761197]], [[-0.8394828177921558]], [[-0.8352478011813351]], [[-0.8309298267252514]], [[-0.8265699833054988]], [[-0.822209359803671]], [[-0.8178890451013624]], [[-0.8136501280801666]], [[-0.8094784245519336]], [[-0.8054468041158873]], [[-0.8014801358779907]], [[-0.7986029911398755]], [[-0.7967160777012372]], [[-0.7973423384760688]], [[-0.7995858282152296]], [[-0.8057288987300519]], [[-0.8150402254566712]], [[-0.8284112530084973]], [[-0.8440615358256713]], [[-0.8615396926976412]], [[-0.8799559859252027]], [[-0.8980322647376757]], [[-0.91523621784193]], [[-0.9304950930790624]], [[-0.942413431203417]], [[-0.9512192040947905]], [[-0.9546454762324963]], [[-0.9527137252079912]], [[-0.9439387871877649]], [[-0.9284922926971095]], [[-0.9033935665176519]], [[-0.8700883610098411]], [[-0.8270090759729221]], [[-0.7758867897845587]], [[-0.7175690934518452]], [[-0.6523266842540123]], [[-0.5818748509734252]], [[-0.5064633903523231]], [[-0.4271505141574296]], [[-0.34499131063436694]], [[-0.2604518711222642]], [[-0.17488019238721864]], [[-0.08877572034977002]], [[-0.0030015220230726553]], [[0.08223883159210894]], [[0.16683214255734632]], [[0.25060668002555214]], [[0.3334594031529094]], [[0.4152833722544482]], [[0.49588434320030544]], [[0.5752071692546012]], [[0.6530583031678809]], [[0.7293241502406013]], [[0.8039201516564705]], [[0.8766298098879021]], [[0.947406478561816]], [[1.0162017990866998]], [[1.0821456415163473]], [[1.1449753361239645]], [[1.202455686496474]], [[1.254038085494264]], [[1.2977251991665586]], [[1.3332960105496208]], [[1.3585201510298999]], [[1.3726745888430492]], [[1.373869131445424]], [[1.365449536694834]], [[1.3499321528039856]], [[1.3308166793862883]], [[1.3113071429679923]], [[1.2940051518286881]], [[1.2810358200291048]], [[1.2747652274934762]], [[1.2753026195804178]], [[1.2812449121542835]], [[1.2909198454213517]], [[1.30255188375978]], [[1.3143512156984505]], [[1.3245481416714615]], [[1.331312267673752]], [[1.3332609626927117]], [[1.3309014885585173]], [[1.3244222189934274]], [[1.3147468755697793]], [[1.3027261076559569]], [[1.2886831474767493]], [[1.2733141100874439]], [[1.2575555916074548]], [[1.241726601610428]], [[1.2266684706057875]], [[1.21233017250945]], [[1.1987376570206512]], [[1.186065701896023]], [[1.1739501213850068]], [[1.1624510144609033]], [[1.1516818517781682]], [[1.1415289574255643]], [[1.131950201208858]], [[1.1229677217737193]], [[1.08593241400807]], [[1.058813919916643]], [[1.0381408865601018]], [[1.0199312884340919]], [[1.0021015494457755]], [[0.9800529933895374]], [[0.9519077003539834]], [[0.9140858918343574]], [[0.8688909985119098]], [[0.8157606398983058]], [[0.7563152277320806]], [[0.6913649547611471]], [[0.6212933911819628]], [[0.5475751859186863]], [[0.4705466871407976]], [[0.3912617908945412]], [[0.31064498280595226]], [[0.22920733957964814]], [[0.14824213451476245]], [[0.06818697762083922]], [[-0.010000414060626444]], [[-0.0860542379191686]], [[-0.1598307396733716]], [[-0.2309646749331465]], [[-0.29937484355237]], [[-0.36481519552244795]], [[-0.4269771798942595]], [[-0.48586307625290426]], [[-0.540986283772392]], [[-0.5923380694523884]], [[-0.639671275942614]], [[-0.682580587851279]], [[-0.7212707371392048]], [[-0.7550909114880705]], [[-0.7839377276984641]], [[-0.8082575653067923]], [[-0.8229749922343437]], [[-0.8309961991552474]], [[-0.8276490324286447]], [[-0.812153328474872]], [[-0.7790834510508912]], [[-0.7376085279356305]], [[-0.6942866171984232]], [[-0.6929948686289784]], [[-0.7052200413905353]], [[-0.7174452141520924]], [[-0.6966272978689372]], [[-0.4607460995828775]], [[-0.2330895014007418]], [[-0.0026164682386487174]]], [[[0.018044297553556108]], [[0.14940292936070623]], [[0.26676311810881936]], [[0.37184574202104037]], [[0.459327832609112]], [[0.5380583121024374]], [[0.6067099548761082]], [[0.6630759619069262]], [[0.7078512545269574]], [[0.7415826452276482]], [[0.7656879225541662]], [[0.7809072057292176]], [[0.7849042154407859]], [[0.7820136790001008]], [[0.7733331913378843]], [[0.754141826738946]], [[0.7288220468444292]], [[0.6970632530777141]], [[0.6588148047077906]], [[0.6154521326010057]], [[0.566732094013432]], [[0.5134825553972703]], [[0.4562102021298326]], [[0.39511120641012765]], [[0.33106447342347467]], [[0.2642449508526661]], [[0.19527277769327706]], [[0.12468428338095572]], [[0.05276690599345895]], [[-0.019733548302731222]], [[-0.09253337626831099]], [[-0.16507537710710085]], [[-0.23679362593452047]], [[-0.3074160993521714]], [[-0.3761831401057264]], [[-0.4428166608744562]], [[-0.5067844584573098]], [[-0.5674418173978354]], [[-0.6246619230483285]], [[-0.6775064776028537]], [[-0.7258186764907292]], [[-0.7691114664534304]], [[-0.8064504835211237]], [[-0.8382989516438504]], [[-0.8630739106199713]], [[-0.8807531966420868]], [[-0.8907376221990388]], [[-0.8928570539234237]], [[-0.8860643624134216]], [[-0.8722595451946025]], [[-0.8468339948534888]], [[-0.840887678623592]], [[-0.8342711249442187]], [[-0.8270697405818078]], [[-0.8193689323027982]], [[-0.811254106873629]], [[-0.8028106710607393]], [[-0.7941240316305678]], [[-0.7852795953495537]], [[-0.7759325241196888]], [[-0.7657463275718548]], [[-0.7552394438916182]], [[-0.7442860904730118]], [[-0.732871091011862]], [[-0.7209965852994233]], [[-0.7086690832898925]], [[-0.6958805534191188]], [[-0.6827703398978145]], [[-0.6693826674418567]], [[-0.655865294345908]], [[-0.6423042088145846]], [[-0.6287792964016465]], [[-0.6154382022137287]], [[-0.6023341369623725]], [[-0.5896011422462287]], [[-0.5773472445419224]], [[-0.5656446487095023]], [[-0.5545814189202929]], [[-0.544304876292798]], [[-0.5349500473437488]], [[-0.5264724063477177]], [[-0.5189156752400378]], [[-0.5115061410052029]], [[-0.5039187729385417]], [[-0.49540202085874857]], [[-0.4854515729251999]], [[-0.47344884352340466]], [[-0.4588431723141543]], [[-0.4410468983562104]], [[-0.4193904220291376]], [[-0.39350678462435895]], [[-0.3624918912100299]], [[-0.32610715179005945]], [[-0.28357600470042815]], [[-0.23417393194235994]], [[-0.17790893307585603]], [[-0.11410373121193833]], [[-0.04430180276036432]], [[0.03116572155517389]], [[0.11151402019364313]], [[0.19556392121349686]], [[0.28299375013046174]], [[0.37260591794811077]], [[0.4637589517877755]], [[0.5558052372466824]], [[0.6475941527539673]], [[0.7386976877173175]], [[0.8280094715076933]], [[0.9150175575618789]], [[0.999336910944634]], [[1.0804222172467932]], [[1.158154002386628]], [[1.2319109123485366]], [[1.3018998307103988]], [[1.3671707207619306]], [[1.4276798936561483]], [[1.4828452381016506]], [[1.532080418305339]], [[1.5748107134493288]], [[1.6104184191799789]], [[1.6382642721582057]], [[1.6576593262751267]], [[1.668560626682865]], [[1.6713675752288517]], [[1.6689689757706465]], [[1.6609761289731089]], [[1.649404578269317]], [[1.6354173027523113]], [[1.6203394307362702]], [[1.6054923793991054]], [[1.5920483595632784]], [[1.5802864809739574]], [[1.57007933407109]], [[1.561421289135802]], [[1.5539913545454254]], [[1.5478721417445693]], [[1.5428924182757005]], [[1.5388872886448053]], [[1.5358520946201901]], [[1.5335646930318703]], [[1.5319838799345749]], [[1.5310217334041432]], [[1.5304632425865563]], [[1.530463811815848]], [[1.5308180284289807]], [[1.5313643646868758]], [[1.5320014973875913]], [[1.5329906515407428]], [[1.5342309311905247]], [[1.5354637098026827]], [[1.5401735956337035]], [[1.539835542103524]], [[1.5265280833035295]], [[1.5041039626805115]], [[1.46774989461565]], [[1.4197654497264338]], [[1.3595263122185595]], [[1.2855697852919836]], [[1.1996452453507955]], [[1.1019167180656488]], [[0.9962406649636701]], [[0.886022347987682]], [[0.7732746943174021]], [[0.6628802903211917]], [[0.556319453490864]], [[0.45716316234185894]], [[0.3642135709442855]], [[0.2770860039600689]], [[0.1941975069614218]], [[0.11473069390663591]], [[0.03743951062240684]], [[-0.03865124723487228]], [[-0.1140972612355698]], [[-0.18832794902708228]], [[-0.261010536014891]], [[-0.3315447855565196]], [[-0.3992650939437521]], [[-0.4639725572177981]], [[-0.5247288742103813]], [[-0.5813131536288851]], [[-0.6331773206764699]], [[-0.6794387849370547]], [[-0.7203340254201033]], [[-0.7544068136156351]], [[-0.7816971089344517]], [[-0.8024675161162952]], [[-0.8123002779886351]], [[-0.8159168508309186]], [[-0.8119305533472634]], [[-0.7964342024747622]], [[-0.7713665095596736]], [[-0.7360579510850251]], [[-0.6889909333230678]], [[-0.6296048443647976]], [[-0.557106534987666]], [[-0.47386067904320894]], [[-0.3815922724841882]], [[-0.2711221527499519]], [[-0.13912972807869703]], [[0.01804429755355611]]], [[[-0.0012980832577013347]], [[0.2292009629488962]], [[0.46455875051111]], [[0.716268381853667]], [[0.7343865752244809]], [[0.7049538117425548]], [[0.6755210482606289]], [[0.671874844651653]], [[0.7118206717912932]], [[0.7529485597627625]], [[0.7877773216487074]], [[0.804946230893374]], [[0.8089385361480931]], [[0.8023448568842237]], [[0.7890459031247791]], [[0.7657183040393372]], [[0.7377836940861604]], [[0.7047645561316509]], [[0.6667861899295056]], [[0.6245947200155327]], [[0.5780050697675925]], [[0.5274914386536655]], [[0.47335074608520666]], [[0.4156376691753185]], [[0.35490104656911975]], [[0.2911833611241573]], [[0.22484894255304483]], [[0.15619158287057033]], [[0.08533449345257137]], [[0.012792325755064407]], [[-0.061045293690459676]], [[-0.13538880942081147]], [[-0.20934698970063492]], [[-0.2824805732137822]], [[-0.3536273534612184]], [[-0.42233844840801643]], [[-0.4878023463182307]], [[-0.5489984801427885]], [[-0.6057613758286579]], [[-0.6565982452962243]], [[-0.701260233755285]], [[-0.7389547621249315]], [[-0.7683863448981071]], [[-0.7907574288449412]], [[-0.8064028070096749]], [[-0.8177427267136551]], [[-0.8256938486044151]], [[-0.8325858287457306]], [[-0.8390856995702491]], [[-0.8475788038261709]], [[-0.8589638024794374]], [[-0.8618048677741449]], [[-0.8649427986574385]], [[-0.868350745137283]], [[-0.8720018572216433]], [[-0.8758692849184841]], [[-0.8799261782357707]], [[-0.8841456871814676]], [[-0.8885009617635398]], [[-0.8932234754026177]], [[-0.8985095478221862]], [[-0.9040142029024567]], [[-0.9099345096363662]], [[-0.916406203320658]], [[-0.9241535434115233]], [[-0.9335826568446685]], [[-0.9454673200891647]], [[-0.9602424881442552]], [[-0.9786189908026629]], [[-1.0007042081482784]], [[-1.02451692378966]], [[-1.0483613843274824]], [[-1.0685010051602222]], [[-1.0826893955373307]], [[-1.0838412255637169]], [[-1.082920085697249]], [[-1.0628213266424618]], [[-1.0338106705270822]], [[-0.9955703132584024]], [[-0.9503000653788151]], [[-0.9005512816901116]], [[-0.8467158293833918]], [[-0.7897970976690408]], [[-0.7298153409295237]], [[-0.6671113656264843]], [[-0.6019822352642008]], [[-0.5345505880245267]], [[-0.4652539448549449]], [[-0.39420923567016036]], [[-0.3216807638627022]], [[-0.24795735367106847]], [[-0.17316139441533943]], [[-0.0976458163980292]], [[-0.021570932023350448]], [[0.05483916910998949]], [[0.13127599748168478]], [[0.20761493946949902]], [[0.28352015174166595]], [[0.35880633262699546]], [[0.43327916749898504]], [[0.5066024884015147]], [[0.5786674894475444]], [[0.6491393849285334]], [[0.7178113071540623]], [[0.7845327198500397]], [[0.8489140047234612]], [[0.9108862584851104]], [[0.9701070477222689]], [[1.0263314359482645]], [[1.0794971262870439]], [[1.1290897622207023]], [[1.175155362860969]], [[1.2172005279862064]], [[1.255816174860693]], [[1.2905611906484824]], [[1.3218636356009625]], [[1.349798480370815]], [[1.374506781666265]], [[1.3961305990136843]], [[1.414800097825901]], [[1.4306442432587214]], [[1.4437913069556252]], [[1.4543919691882305]], [[1.4625854069268043]], [[1.468500515771614]], [[1.4722603182423069]], [[1.4738546756247481]], [[1.4734038626065218]], [[1.470112139900382]], [[1.4639619840498446]], [[1.4546091317342857]], [[1.4417174447954193]], [[1.4249814626114456]], [[1.4042362155872725]], [[1.3802011093708269]], [[1.353257058113252]], [[1.3237822890331923]], [[1.2922080065674537]], [[1.2592528400711491]], [[1.2251340101666235]], [[1.1905120023093092]], [[1.1558089447278674]], [[1.1212799788901069]], [[1.0882785455561614]], [[1.0559185559451834]], [[1.0253221872471427]], [[0.9977828129557536]], [[0.9724194693930955]], [[0.9491434090957073]], [[0.9285049718966855]], [[0.8561284333799619]], [[0.8212568076313145]], [[0.8056291360658641]], [[0.7928895323124705]], [[0.7808848079601696]], [[0.7650390637211777]], [[0.7456937832988406]], [[0.7218311499055337]], [[0.6930480316216417]], [[0.6584610812542632]], [[0.6175064258502287]], [[0.5708770627198892]], [[0.518495719393311]], [[0.46164954500831784]], [[0.40037703618690584]], [[0.3354847948100945]], [[0.26758112120580313]], [[0.19697271207251588]], [[0.12457105350130862]], [[0.05067104425975604]], [[-0.024054725316187096]], [[-0.09896584832168753]], [[-0.173724305280718]], [[-0.2474695192061768]], [[-0.31986007076960676]], [[-0.3902686672405953]], [[-0.45798358978992404]], [[-0.5227763008072537]], [[-0.5836507632076099]], [[-0.6403551236234919]], [[-0.692301759381108]], [[-0.738544819769565]], [[-0.7793231651433781]], [[-0.813089114004263]], [[-0.8398531686680367]], [[-0.8601550788355445]], [[-0.8682028075841017]], [[-0.8700613439039103]], [[-0.8644001498841054]], [[-0.8443113226432083]], [[-0.8142041835197227]], [[-0.7835084195342937]], [[-0.7582625355563639]], [[-0.7358297514604144]], [[-0.7180538029064889]], [[-0.6945539243950556]], [[-0.6474965775423123]], [[-0.5097050515665223]], [[-0.3051203769252373]], [[-0.0012980832577012616]]]]","4D array with the lift coefficients of the airfoils. Dimension 0 is along the different airfoils defined in the yaml, dimension 1 is along the angles of attack, dimension 2 is along the Reynolds number, dimension 3 is along the number of tabs, which may describe multiple sets at the same station, for example in presence of a flap."
airfoils.cd,output,,"[[[[0.06162547426059073]], [[0.06296797797883891]], [[0.06920073530496863]], [[0.10217134189398058]], [[0.14436773261526759]], [[0.19916113989223314]], [[0.2613159042273307]], [[0.3249693802145587]], [[0.39401562162258014]], [[0.46416159470315793]], [[0.5351486407224958]], [[0.6061805126538875]], [[0.676562470269005]], [[0.7459237112253301]], [[0.8133302599499371]], [[0.8784285521720816]], [[0.9405318277556405]], [[0.9989244392895479]], [[1.0534728181523614]], [[1.1036870487468315]], [[1.149679982103966]], [[1.1913010999243736]], [[1.228220156950608]], [[1.260780828331162]], [[1.288288296902172]], [[1.3110192379399626]], [[1.3289930576565618]], [[1.3411305973405871]], [[1.3492052255262386]], [[1.3494226144757384]], [[1.3471516103075742]], [[1.338310712651388]], [[1.3238807582607919]], [[1.3038752677474148]], [[1.2794216371157345]], [[1.2498660023889852]], [[1.2158116332882771]], [[1.1774606977626247]], [[1.1347222059598447]], [[1.0882014690947377]], [[1.0377798353713914]], [[0.9838046057871134]], [[0.9265108853719466]], [[0.8659307526094487]], [[0.8024606800514815]], [[0.7362176599432407]], [[0.6674788785888516]], [[0.5974768059666742]], [[0.526777547771337]], [[0.4570586090701714]], [[0.3889926248891426]], [[0.3756716562058564]], [[0.3624538965235285]], [[0.34934519264831915]], [[0.33635139138638853]], [[0.32347833954389693]], [[0.3107318839270045]], [[0.29811787134187145]], [[0.2856421485946579]], [[0.2734043403371759]], [[0.26147470576409987]], [[0.2497148331704735]], [[0.23817487413336985]], [[0.22685657368838125]], [[0.21577434843464335]], [[0.20493921686687402]], [[0.1943553338962619]], [[0.1840818276208784]], [[0.17413153386004743]], [[0.16456595524049228]], [[0.15542077420422765]], [[0.14671543660700853]], [[0.13852743787669108]], [[0.13085733453698772]], [[0.12377022969838634]], [[0.117317607574238]], [[0.11150629514842382]], [[0.10636463448608106]], [[0.10197779600256834]], [[0.09838501231621694]], [[0.0956025683343815]], [[0.09354916704252768]], [[0.09199067839108818]], [[0.09067626355958172]], [[0.08933502269836993]], [[0.08771271019266315]], [[0.08554237688191808]], [[0.08257091343530584]], [[0.0785302965793859]], [[0.07306747975920203]], [[0.06620585770202356]], [[0.05777222551161496]], [[0.04910720454294258]], [[0.04079139702759626]], [[0.03365694596112839]], [[0.027741623940545457]], [[0.022885308754333377]], [[0.01906126379690795]], [[0.016118958250108492]], [[0.013913457470965201]], [[0.012443774095294876]], [[0.011481229177436842]], [[0.011061771174093743]], [[0.010930090914738285]], [[0.011093865401821676]], [[0.011359448119156493]], [[0.011719776087900712]], [[0.011961675038045764]], [[0.012218116287528598]], [[0.012556821522520736]], [[0.013257847786480047]], [[0.01466447814710148]], [[0.017032929527078012]], [[0.020503810673543777]], [[0.025559846162295063]], [[0.03231444630372062]], [[0.0409124654302864]], [[0.051389093733268366]], [[0.0637737311737497]], [[0.07808443335177134]], [[0.09434130721503471]], [[0.11256562506198056]], [[0.13273218388546476]], [[0.1546186897791256]], [[0.1779502838382692]], [[0.20245517346028657]], [[0.22786510326297255]], [[0.2539199551079846]], [[0.28034924478811474]], [[0.3068796582559082]], [[0.33327191567896575]], [[0.3594826041691513]], [[0.3855538864653276]], [[0.4115278610049022]], [[0.4374522672713143]], [[0.4633725610405744]], [[0.48933039504583203]], [[0.5153607451943794]], [[0.5415267567900305]], [[0.5678522995336853]], [[0.5943994961917812]], [[0.6211943692632529]], [[0.6482639799475812]], [[0.6756116625186395]], [[0.7031726391831338]], [[0.7308923622041218]], [[0.7587279539395325]], [[0.7867294775390098]], [[0.8148421038406662]], [[0.8429678857989144]], [[0.9820034794874484]], [[1.1173943075051989]], [[1.2470917701860833]], [[1.368058448936091]], [[1.4795347032857058]], [[1.5799798335512765]], [[1.6665768371878524]], [[1.7402345557044105]], [[1.79649243215625]], [[1.8357630631699153]], [[1.8566346249899217]], [[1.8607671534637866]], [[1.844346711505926]], [[1.8125354983935245]], [[1.756766805256532]], [[1.682954025879271]], [[1.5997344056868772]], [[1.5132185463464742]], [[1.4403067535719705]], [[1.3931188846134672]], [[1.3862640901799959]], [[1.3824643631319327]], [[1.3797825013923224]], [[1.3716121478932406]], [[1.354506133891423]], [[1.3319234751681994]], [[1.3036216873554227]], [[1.2694405722799318]], [[1.2304832262966465]], [[1.1864390186447098]], [[1.1379294954743198]], [[1.0853028395299462]], [[1.0286215190015136]], [[0.9685589134691722]], [[0.9051749936063894]], [[0.8389196060184211]], [[0.7703285841149609]], [[0.6996533712558838]], [[0.6276613541289572]], [[0.5546157606416738]], [[0.4809746484650379]], [[0.4074875184087239]], [[0.33434378664647546]], [[0.26805920827483054]], [[0.2041031839828012]], [[0.14802746565038263]], [[0.10496395151485671]], [[0.07156878026322783]], [[0.06373136782614273]], [[0.06162547426059073]]], [[[0.5000000000000001]], [[0.5000000000000001]], [[0.5000000000000001]], [[0.5]], [[0.5]], [[0.5000000000000001]], [[0.5000000000000001]], [[0.5000000000000001]], [[0.5000000000000001]], [[0.5000000000000001]], [[0.5000000000000001]], [[0.5000000000000001]], [[0.5000000000000001]], [[0.5000000000000001]], [[0.5000000000000001]], [[0.5000000000000001]], [[0.5000000000000001]], [[0.5000000000000001]], [[0.49999999999999994]], [[0.49999999999999994]], [[0.5]], [[0.5]], [[0.5]], [[0.49999999999999994]], [[0.49999999999999994]], [[0.5]], [[0.5000000000000001]], [[0.5000000000000001]], [[0.5]], [[0.5]], [[0.5000000000000001]], [[0.5000000000000002]], [[0.5000000000000002]], [[0.5000000000000001]], [[0.5000000000000001]], [[0.5000000000000001]], [[0.5000000000000001]], [[0.5000000000000001]], [[0.5000000000000001]], [[0.5000000000000001]], [[0.5000000000000001]], [[0.5000000000000001]], [[0.5000000000000001]], [[0.5000000000000001]], [[0.5000000000000001]], [[0.5]], [[0.5000000000000001]], [[0.5000000000000001]], [[0.5000000000000001]], [[0.5000000000000001]], [[0.5000000000000001]], [[0.5000000000000001]], [[0.5000000000000001]], [[0.5000000000000001]], [[0.5]], [[0.5]], [[0.5]], [[0.5]], [[0.5]], [[0.5]], [[0.5]], [[0.5]], [[0.5000000000000001]], [[0.5000000000000001]], [[0.5000000000000001]], [[0.5000000000000001]], [[0.5000000000000001]], [[0.5000000000000001]], [[0.5]], [[0.5]], [[0.5]], [[0.5]], [[0.5]], [[0.5]], [[0.5000000000000001]], [[0.5000000000000001]], [[0.5]], [[0.5]], [[0.5]], [[0.5]], [[0.5]], [[0.5000000000000001]], [[0.5000000000000001]], [[0.5]], [[0.5000000000000001]], [[0.5000000000000002]], [[0.5000000000000001]], [[0.5000000000000001]], [[0.5000000000000001]], [[0.5000000000000001]], [[0.5000000000000001]], [[0.5]], [[0.5000000000000001]], [[0.5000000000000001]], [[0.5000000000000001]], [[0.5000000000000001]], [[0.5000000000000001]], [[0.5000000000000001]], [[0.5000000000000001]], [[0.5000000000000001]], [[0.5000000000000001]], [[0.5000000000000001]], [[0.5000000000000001]], [[0.5000000000000001]], [[0.5000000000000001]], [[0.5000000000000001]], [[0.5000000000000001]], [[0.5000000000000001]], [[0.5000000000000001]], [[0.5000000000000001]], [[0.5000000000000001]], [[0.5000000000000001]], [[0.5000000000000001]], [[0.5000000000000001]], [[0.5000000000000001]], [[0.5000000000000002]], [[0.5]], [[0.5000000000000001]], [[0.5000000000000001]], [[0.5000000000000001]], [[0.5000000000000001]], [[0.5]], [[0.5]], [[0.5000000000000001]], [[0.5000000000000001]], [[0.5000000000000001]], [[0.5000000000000001]], [[0.5]], [[0.5000000000000001]], [[0.5]], [[0.5000000000000001]], [[0.5000000000000001]], [[0.5000000000000001]], [[0.5]], [[0.5]], [[0.5000000000000001]], [[0.5000000000000001]], [[0.5]], [[0.5]], [[0.5]], [[0.5]], [[0.5]], [[0.5000000000000001]], [[0.5000000000000001]], [[0.5000000000000001]], [[0.5000000000000001]], [[0.5000000000000001]], [[0.5000000000000001]], [[0.5000000000000001]], [[0.5000000000000001]], [[0.5000000000000001]], [[0.5000000000000001]], [[0.5000000000000001]], [[0.5000000000000001]], [[0.5]], [[0.5]], [[0.5]], [[0.5000000000000001]], [[0.5000000000000001]], [[0.5000000000000001]], [[0.5000000000000002]], [[0.5000000000000002]], [[0.5000000000000001]], [[0.5000000000000001]], [[0.5000000000000001]], [[0.5000000000000001]], [[0.5000000000000001]], [[0.5000000000000001]], [[0.5000000000000001]], [[0.5]], [[0.5]], [[0.5]], [[0.5]], [[0.5]], [[0.5]], [[0.49999999999999994]], [[0.49999999999999994]], [[0.49999999999999994]], [[0.5]], [[0.5]], [[0.5]], [[0.5]], [[0.5000000000000001]], [[0.5000000000000001]], [[0.5000000000000001]], [[0.5000000000000001]], [[0.5000000000000001]], [[0.5000000000000001]], [[0.5000000000000001]], [[0.5000000000000001]], [[0.5000000000000001]], [[0.5000000000000001]], [[0.5000000000000001]], [[0.5000000000000001]], [[0.5000000000000001]], [[0.5000000000000001]], [[0.5000000000000001]], [[0.5000000000000001]], [[0.5000000000000001]], [[0.5000000000000001]]], [[[0.02308492094443014]], [[0.032086520954452094]], [[0.05037982267181087]], [[0.08443153586492445]], [[0.1274122116595934]], [[0.18092383788049274]], [[0.2412358022050174]], [[0.3046912263143485]], [[0.37553257817886976]], [[0.4484956633591017]], [[0.5230309081956682]], [[0.5975055986387536]], [[0.6712901424732032]], [[0.7439586856978176]], [[0.8146613466174393]], [[0.8830694609718447]], [[0.948537715616582]], [[1.010397937727545]], [[1.0685139235439762]], [[1.122406927131489]], [[1.1721609712963215]], [[1.2176092229665436]], [[1.2584269234578822]], [[1.294899957939489]], [[1.3263695442545094]], [[1.3530723622669172]], [[1.3749374939779317]], [[1.3911866269713253]], [[1.403152077500785]], [[1.4072267762646138]], [[1.4086794243950378]], [[1.4032237439686555]], [[1.3924364456345173]], [[1.3749386044885321]], [[1.3526322156191395]], [[1.3245849691159117]], [[1.2916131995781985]], [[1.253936169598917]], [[1.2114625207449412]], [[1.1649268222293299]], [[1.1141973330428045]], [[1.059702294540421]], [[1.0017278113537322]], [[0.9403335916999719]], [[0.8760289859057198]], [[0.8088639012909451]], [[0.739110321542582]], [[0.6672995624733133]], [[0.5936384191579316]], [[0.5202986692378802]], [[0.4482573057027471]], [[0.4341800484247276]], [[0.420202820978267]], [[0.4063374011814084]], [[0.39259556685219427]], [[0.3789890958086674]], [[0.36552976586887076]], [[0.35222935485084694]], [[0.3390996405726386]], [[0.3262561718762394]], [[0.3137784205703369]], [[0.3015101505227714]], [[0.28951280129678175]], [[0.27778873218137046]], [[0.2663606741992021]], [[0.255237123712147]], [[0.2444262597644654]], [[0.2339559639862967]], [[0.22381876003458168]], [[0.21403117653875087]], [[0.20447051943645106]], [[0.1950617416270463]], [[0.18561154058395232]], [[0.17605259206492893]], [[0.16621080277441788]], [[0.15596781104556234]], [[0.14518901693244773]], [[0.1338997682356868]], [[0.12225871694003211]], [[0.11063927066652338]], [[0.09947280171057794]], [[0.08891509963707576]], [[0.07994888723049592]], [[0.07150557847170264]], [[0.06143720491294779]], [[0.048316897233169655]], [[0.030484729617207627]], [[0.021029139058295423]], [[0.015917645008721646]], [[0.01373125521183282]], [[0.012242992246776965]], [[0.01106963650681019]], [[0.01015711465783964]], [[0.009458074924798091]], [[0.008931720611047248]], [[0.008586138543964882]], [[0.008364922062609546]], [[0.008313494342799394]], [[0.008301503373561742]], [[0.008408199464890671]], [[0.008567325912207812]], [[0.008776903599688923]], [[0.009001381704737634]], [[0.009225793794812847]], [[0.009435584891130177]], [[0.009589795782368443]], [[0.009702728752582714]], [[0.00977907599761941]], [[0.009867101884431077]], [[0.010016507483082837]], [[0.010263174268688911]], [[0.010669589511983355]], [[0.01127651841675432]], [[0.012116057575901954]], [[0.013373423686750218]], [[0.015353895911566287]], [[0.01840779959717143]], [[0.022887277720326078]], [[0.029148632509815146]], [[0.037534978464943226]], [[0.048387870500634166]], [[0.06204736444757632]], [[0.07865999336761255]], [[0.09762619724268821]], [[0.11815277528933966]], [[0.13945799652024224]], [[0.16076669204571353]], [[0.18132646344552153]], [[0.20034843363669405]], [[0.21713271472969245]], [[0.231996855627088]], [[0.24595609503791588]], [[0.26002601559620114]], [[0.27531664632301306]], [[0.29200326739207316]], [[0.30988912679293595]], [[0.328651683320085]], [[0.34798866606861084]], [[0.3674805964912859]], [[0.38706069046847175]], [[0.40665777994708496]], [[0.42628215664555674]], [[0.4459293474867355]], [[0.46558788472575235]], [[0.4852586208905108]], [[0.5049271111378852]], [[0.5245786219865183]], [[0.5442245201957029]], [[0.5638539798050259]], [[0.5834456820414533]], [[0.6797952055683814]], [[0.7743019578977194]], [[0.8664933397275966]], [[0.954971847172957]], [[1.0392750790168772]], [[1.1184952763398004]], [[1.1914460084664686]], [[1.2581061701995047]], [[1.316662546824552]], [[1.3669693362906266]], [[1.408502241020993]], [[1.4387539078347131]], [[1.4605183222482498]], [[1.46503781663669]], [[1.4661331169871241]], [[1.4576182922647358]], [[1.4436375899243634]], [[1.427358873603013]], [[1.412645488460162]], [[1.4007897064007269]], [[1.3946919489641414]], [[1.3888995942058053]], [[1.3820875020107655]], [[1.3697976329960628]], [[1.350252880877346]], [[1.3257658884524262]], [[1.2962077160299232]], [[1.2613473625638385]], [[1.2215690118543392]], [[1.1765813579063038]], [[1.126986276791735]], [[1.0732253683936697]], [[1.0154066133408657]], [[0.9542906597314205]], [[0.8899760568988211]], [[0.8229819163832265]], [[0.7538592714313873]], [[0.6828806617483839]], [[0.61082740658643]], [[0.5379791000190465]], [[0.46482967731169855]], [[0.39209730153281425]], [[0.31998117243104574]], [[0.2540748149540736]], [[0.19053295583335977]], [[0.1337377521792688]], [[0.08806919238153652]], [[0.05179241752670451]], [[0.032472604515130385]], [[0.02308492094443014]]], [[[0.018131403053539573]], [[0.024839050518760397]], [[0.04066577043123339]], [[0.07552517729752162]], [[0.11954879664761735]], [[0.17477996951468933]], [[0.23676451982494714]], [[0.3009168321414361]], [[0.37104300227081927]], [[0.44150565488277543]], [[0.5122931392195399]], [[0.5830444554921393]], [[0.6536116823724493]], [[0.7238914634733354]], [[0.7929557373153658]], [[0.8604010871191733]], [[0.9255019870042304]], [[0.9874038884241508]], [[1.0458727398500023]], [[1.0997793718047273]], [[1.1492338199232537]], [[1.194026389440358]], [[1.233936665136545]], [[1.2693289103346455]], [[1.2996142475740469]], [[1.3251103292164932]], [[1.3458085110558025]], [[1.3610313920432182]], [[1.3721372244998402]], [[1.3756882412716138]], [[1.376903802781469]], [[1.3717132408291532]], [[1.3615254046471248]], [[1.3452018984292273]], [[1.324148728373445]], [[1.2973936713912415]], [[1.2656575973605788]], [[1.2291408257252217]], [[1.1877046778529028]], [[1.1420559582483578]], [[1.0920143431147635]], [[1.0379522412122997]], [[0.9801926223235694]], [[0.9187853499426523]], [[0.8547467790857333]], [[0.7883582012165467]], [[0.7203968995205835]], [[0.6515783385003081]], [[0.5823027250416513]], [[0.5132776660028219]], [[0.443969971804437]], [[0.4297761144783814]], [[0.41554480291621165]], [[0.4012676780168206]], [[0.3869363806791004]], [[0.37254255180194373]], [[0.3580778322842431]], [[0.34353386302489086]], [[0.32890228492277973]], [[0.3141162630940959]], [[0.2991314530970754]], [[0.2840320576193813]], [[0.2687845655534953]], [[0.2533832718435734]], [[0.23781666902877172]], [[0.2220775434325951]], [[0.20615780230439731]], [[0.19004003787065893]], [[0.17373027413591113]], [[0.1572355767090207]], [[0.14080571418229232]], [[0.12460624138672222]], [[0.10906129078739651]], [[0.09430580787784766]], [[0.08070292734450227]], [[0.06858967416659702]], [[0.05808307104088824]], [[0.04922291770459472]], [[0.04194188968029668]], [[0.03597428126771214]], [[0.030967487164252263]], [[0.026797825249857767]], [[0.023195920191346718]], [[0.02007447234679635]], [[0.017378261144207412]], [[0.015095601503874088]], [[0.013168540348989769]], [[0.011596725531139468]], [[0.010314165976606407]], [[0.009287121674177968]], [[0.008470786745934177]], [[0.007816550214442013]], [[0.00728109245531156]], [[0.006822877977698641]], [[0.006404894322231979]], [[0.006034821963166246]], [[0.005709368817123515]], [[0.005442885969418003]], [[0.005245041940358229]], [[0.005101614292761501]], [[0.0050786177367499775]], [[0.00510014878952581]], [[0.005210677941226059]], [[0.005437747098201199]], [[0.005773983692004276]], [[0.006213457963336121]], [[0.0067819177339687]], [[0.0074690872820032065]], [[0.008312725442906265]], [[0.009359339388764388]], [[0.0106697067570557]], [[0.012320670948218872]], [[0.014386675980498396]], [[0.01687909226309213]], [[0.019941232440907605]], [[0.023591789352592946]], [[0.02790504056471937]], [[0.03294806325951423]], [[0.038788110911865216]], [[0.045489710877254466]], [[0.05311728653195913]], [[0.061735490542992474]], [[0.07141114631526907]], [[0.0820986657749856]], [[0.09351592763488899]], [[0.10534554875797442]], [[0.11727767479454516]], [[0.12913278571058956]], [[0.14108554469489887]], [[0.15339556893460582]], [[0.16628701695473264]], [[0.17979862587147818]], [[0.19388330828376488]], [[0.2085241083976403]], [[0.22361885966719483]], [[0.23916127556665212]], [[0.25510040392562416]], [[0.2713997377561375]], [[0.28799160411103897]], [[0.3048574709527854]], [[0.3219410613002134]], [[0.3392064667963104]], [[0.3566252670756121]], [[0.37414028581561254]], [[0.39174613455629254]], [[0.4093640666933012]], [[0.42691447556544215]], [[0.4444518312308718]], [[0.4619284842228619]], [[0.47924552723676506]], [[0.562554137878643]], [[0.6420571347670161]], [[0.718364915158614]], [[0.7919053708586888]], [[0.8629326096797632]], [[0.931987860895038]], [[0.9984152136637842]], [[1.062106228060969]], [[1.122110208181186]], [[1.1781951460277875]], [[1.2297784321948193]], [[1.2761201619410953]], [[1.3173905841570432]], [[1.3529740072774505]], [[1.3832723920450067]], [[1.4082958396603362]], [[1.4275080044725217]], [[1.4420926552930322]], [[1.4499966218466012]], [[1.453715455896014]], [[1.4510778058718212]], [[1.4449996043918656]], [[1.432086854002881]], [[1.414890036298525]], [[1.3922414422240361]], [[1.364759188254282]], [[1.3324794949032275]], [[1.2951016978179373]], [[1.2531956514756357]], [[1.206420429567057]], [[1.155020346361865]], [[1.0990948736734543]], [[1.038477650744873]], [[0.9736371195938702]], [[0.904822372347731]], [[0.8329996438944111]], [[0.7591513483585198]], [[0.683802086119663]], [[0.6082863713559491]], [[0.5330521748335265]], [[0.4590904621643909]], [[0.38652650227568963]], [[0.3153716041404965]], [[0.24879954890205797]], [[0.18347906793884897]], [[0.12479443330522738]], [[0.0777452777160933]], [[0.04012199744723111]], [[0.024439720656833953]], [[0.018131403053539573]]], [[[0.016774455834262427]], [[0.026839654107628143]], [[0.046204424693165436]], [[0.08086971120085673]], [[0.12441099273921623]], [[0.17827882632688677]], [[0.2388367771594735]], [[0.30254746937396493]], [[0.3735786644120182]], [[0.44676756552423413]], [[0.5215813806181616]], [[0.5964285983284542]], [[0.6706727682108446]], [[0.7438865417041464]], [[0.815210761928668]], [[0.8843107671174356]], [[0.9505334555939673]], [[1.013205281307807]], [[1.0721793743234518]], [[1.1269684462066152]], [[1.1776440297851076]], [[1.2240285072271555]], [[1.2657871931992764]], [[1.3031923235698224]], [[1.3355771434016308]], [[1.3631659606724051]], [[1.3858713155084346]], [[1.4029146878598118]], [[1.4155761744796778]], [[1.4204800946786436]], [[1.42237508322744]], [[1.417281226667955]], [[1.407007104259881]], [[1.389744401396634]], [[1.3676190183758496]], [[1.3396557567764842]], [[1.3067129466104652]], [[1.2690181650144399]], [[1.2264886194174063]], [[1.1798849980901605]], [[1.1290818972713152]], [[1.0745270748633573]], [[1.0165216152378416]], [[0.9551377579838212]], [[0.8909038206544002]], [[0.8238819733253259]], [[0.7543941092605924]], [[0.6828685745968401]], [[0.6094850344232461]], [[0.535583367070951]], [[0.4617286247449963]], [[0.44699983030283796]], [[0.43230149320148964]], [[0.4176421366872496]], [[0.40303028400641544]], [[0.3884744584052852]], [[0.3739831831301568]], [[0.3595649814273281]], [[0.345228376543097]], [[0.3310318400234824]], [[0.3170006791299569]], [[0.30306821802594414]], [[0.28916576112302894]], [[0.275261976221654]], [[0.2612560840004342]], [[0.24709524914154116]], [[0.23271146444025326]], [[0.21804103712022252]], [[0.20308257576393227]], [[0.18792483495471268]], [[0.1726422550258209]], [[0.15729953292246163]], [[0.14201290731136068]], [[0.1268256068154156]], [[0.11188668160617925]], [[0.09710832607731798]], [[0.08248678932583041]], [[0.06741518668277706]], [[0.05293795050333592]], [[0.04139323499588102]], [[0.034946637986306185]], [[0.032273762636458196]], [[0.030062338916306285]], [[0.027975709132811014]], [[0.025278087445548388]], [[0.02235231682783081]], [[0.019311849001460508]], [[0.01639327563456037]], [[0.013720231669898447]], [[0.011454453899257647]], [[0.009714968907947322]], [[0.008414208388043428]], [[0.00750443653169726]], [[0.006861059171122635]], [[0.006405255607510504]], [[0.006147716078475064]], [[0.006006196594055663]], [[0.006027617309487937]], [[0.006109344551722346]], [[0.006305792721127906]], [[0.0065602840069377]], [[0.00686556652849386]], [[0.007189317330215463]], [[0.007516002986766458]], [[0.007830218705337549]], [[0.008098966428113098]], [[0.0083147557084817]], [[0.00842240395036817]], [[0.008537598779507648]], [[0.008736490580937764]], [[0.009194497672756702]], [[0.010188170630769246]], [[0.01188127867977542]], [[0.014382261523525815]], [[0.018036704629151204]], [[0.022936729218034097]], [[0.029258363670547474]], [[0.03696351678833281]], [[0.04592241139237329]], [[0.05599333717101679]], [[0.06703763268314987]], [[0.07891849136397586]], [[0.09150603516999503]], [[0.10466232158747098]], [[0.1181827790591566]], [[0.13177803787138517]], [[0.14515284620820557]], [[0.15802602764718304]], [[0.17033620977880398]], [[0.18244303304242682]], [[0.19476524514681332]], [[0.2076566036711319]], [[0.22126237607963384]], [[0.2357510423983707]], [[0.2510642078034736]], [[0.2672273140382244]], [[0.2840622567717901]], [[0.3014312441307663]], [[0.31908330533176976]], [[0.33694127913324495]], [[0.3547862314460219]], [[0.3726223949672996]], [[0.39042501811918984]], [[0.40818416675278046]], [[0.4259163079197367]], [[0.44361082892492915]], [[0.46125428657017525]], [[0.47885377417185593]], [[0.49640492501616224]], [[0.5138964514279726]], [[0.5995695747520435]], [[0.6832959503833879]], [[0.7649074672753908]], [[0.8436224740918031]], [[0.9192286855308585]], [[0.9912621973203875]], [[1.0590792223014656]], [[1.1226320675991412]], [[1.1807688606326627]], [[1.2333144551061082]], [[1.2797001185265175]], [[1.3186605553096866]], [[1.3509196390792864]], [[1.3743420206296482]], [[1.3907952971489181]], [[1.4011110547596377]], [[1.405147558088399]], [[1.406232805072976]], [[1.4051985480442382]], [[1.4015305649323841]], [[1.3974133152858903]], [[1.3915791427856163]], [[1.3827108289931958]], [[1.3697777534447437]], [[1.351235367354727]], [[1.326066930060676]], [[1.2950366621615008]], [[1.2579755445456267]], [[1.2164597991233583]], [[1.170244473330438]], [[1.1199005138116631]], [[1.0656878937659144]], [[1.0076383924021137]], [[0.9462967710207697]], [[0.8817172792957342]], [[0.814262449529698]], [[0.7446085141943068]], [[0.673067423449282]], [[0.6005881005144406]], [[0.5275165644567039]], [[0.45448035632164113]], [[0.38227314797676615]], [[0.31113113432962874]], [[0.24636628378077213]], [[0.1841522827022918]], [[0.1285100017510995]], [[0.08352342792895816]], [[0.047686443832315926]], [[0.027449351825510133]], [[0.01677445583426243]]], [[[0.037735912391203906]], [[0.04508672354653929]], [[0.061589787365546655]], [[0.09501804639458958]], [[0.13748506441465366]], [[0.19086948783414803]], [[0.2512100575509591]], [[0.3145564814454104]], [[0.38519824246356116]], [[0.4576324070396615]], [[0.5312393293501028]], [[0.604245593894391]], [[0.6761310786625343]], [[0.7465167773885699]], [[0.8147024104143893]], [[0.880430828782791]], [[0.9431726119308478]], [[1.00235807454094]], [[1.0579016671267945]], [[1.1093180690870155]], [[1.1566776221698276]], [[1.199798172790401]], [[1.2383248720035476]], [[1.272553466132286]], [[1.3017769432120205]], [[1.32623003373337]], [[1.3458739944284275]], [[1.3597855099159464]], [[1.3696237540354566]], [[1.370439119928295]], [[1.3699678719083608]], [[1.3623607675001426]], [[1.3487728202475124]], [[1.329505698383122]], [[1.305697081575047]], [[1.2766236405358142]], [[1.2429377953538063]], [[1.2048459455824772]], [[1.1622550529097153]], [[1.1158027661841223]], [[1.0653653261335052]], [[1.0113096044998755]], [[0.9538825505617379]], [[0.8931216262406159]], [[0.829448392192381]], [[0.7629697858883991]], [[0.693978589620761]], [[0.623557393059364]], [[0.5522070331109916]], [[0.4814039936012458]], [[0.41173533742280066]], [[0.39799592052461513]], [[0.38433490185567276]], [[0.370757892018641]], [[0.3572705016161866]], [[0.34387834125097666]], [[0.3305870215256784]], [[0.31740215304295877]], [[0.30432934640548476]], [[0.29145013343204795]], [[0.27882164838367335]], [[0.26633233100026166]], [[0.2540232837597792]], [[0.24189679419291651]], [[0.22996595353495933]], [[0.21823683173083905]], [[0.2067149448383753]], [[0.1954186908297803]], [[0.1843506816914205]], [[0.17352955568537642]], [[0.16296474503173464]], [[0.15266235221621405]], [[0.1426440519171532]], [[0.13291051584889882]], [[0.12348052860875829]], [[0.11436714142135715]], [[0.10557971052963293]], [[0.09710938365349477]], [[0.08899749580308906]], [[0.08125255634112538]], [[0.0738659377146496]], [[0.06685706687335863]], [[0.060251716187876184]], [[0.05404426212821401]], [[0.04825015228976676]], [[0.04289340674931447]], [[0.03795714171269463]], [[0.033487062375027084]], [[0.029472891272303885]], [[0.025919381596011273]], [[0.022875552010384867]], [[0.020290336466531483]], [[0.018237895527460024]], [[0.01671919359204472]], [[0.015688858717377744]], [[0.015253603560889973]], [[0.015078938487321602]], [[0.014724897945774548]], [[0.014150248516433409]], [[0.013147469316074368]], [[0.012127918410087844]], [[0.011201083754966897]], [[0.010525714636202041]], [[0.010077436737014889]], [[0.009794329852012737]], [[0.009765845864656245]], [[0.009840912261653319]], [[0.010080880900249072]], [[0.010480577705821129]], [[0.010988765701359558]], [[0.011545400504487659]], [[0.01212994220852258]], [[0.012686555038962849]], [[0.013187221242346947]], [[0.013576668303979748]], [[0.013857920231509687]], [[0.014370249704897496]], [[0.0156964321787108]], [[0.01845239147665648]], [[0.023226504753696024]], [[0.030601798938667015]], [[0.0411609863379234]], [[0.05532996926188673]], [[0.07283870194474959]], [[0.09323756511618737]], [[0.11609222783890764]], [[0.14097609954595294]], [[0.16737437419161605]], [[0.19443964958325816]], [[0.22124551910011253]], [[0.24699783398618066]], [[0.27165864192687805]], [[0.29551711394693225]], [[0.31887577805533884]], [[0.34202660222520087]], [[0.36527333190337336]], [[0.3886091574829273]], [[0.41207146657596405]], [[0.4356182602279382]], [[0.4592396716945046]], [[0.482909997846514]], [[0.506613125007123]], [[0.5303362822906255]], [[0.5540579705092719]], [[0.5777850932576463]], [[0.6014957251214854]], [[0.6251664184455645]], [[0.6488140895773269]], [[0.6724234409187648]], [[0.6959634164634035]], [[0.8113623327775291]], [[0.9237257289600027]], [[1.0324105434339392]], [[1.1353405075487968]], [[1.2318633479218086]], [[1.3207188216851786]], [[1.3999383211334038]], [[1.4697870352205762]], [[1.5272360127272608]], [[1.5727932829961786]], [[1.606968629323977]], [[1.623808458304745]], [[1.6306089683890763]], [[1.6250145686794701]], [[1.60304797846683]], [[1.5679576377121174]], [[1.5243371182308398]], [[1.4764116580273037]], [[1.4341382304300174]], [[1.4061197373175007]], [[1.4026831110700113]], [[1.3994177850302667]], [[1.3942603735331467]], [[1.3834549261462465]], [[1.364356275640404]], [[1.3397395434737367]], [[1.3095716906259915]], [[1.273760989263376]], [[1.233391489583557]], [[1.1881900923782547]], [[1.1386908300264391]], [[1.0851793080931984]], [[1.0276811915587525]], [[0.9667684007093411]], [[0.9024819356693905]], [[0.8351983626315249]], [[0.7655418904172251]], [[0.6937967799622217]], [[0.6208484555579799]], [[0.5470085710807484]], [[0.4728377770084386]], [[0.3991257261800915]], [[0.3260950400141247]], [[0.2597456715921401]], [[0.1958593369474308]], [[0.13927635697390858]], [[0.09474667656150723]], [[0.05995047976497747]], [[0.04432275292601602]], [[0.037735912391203906]]], [[[0.01799702586935321]], [[0.02719080351167274]], [[0.04580377661345292]], [[0.08035682279318103]], [[0.12363111209621935]], [[0.1771397143037864]], [[0.23704375309746192]], [[0.29951998933448865]], [[0.36833644704426877]], [[0.43838600041161296]], [[0.5094186178647794]], [[0.5806148452625299]], [[0.6512926088701528]], [[0.7210800624033817]], [[0.7889618501107563]], [[0.8546098350154978]], [[0.9172998144084088]], [[0.9767191217452046]], [[1.0328340459076824]], [[1.0851657854579553]], [[1.1337131809743501]], [[1.1782324259466628]], [[1.2183068579981908]], [[1.254169124022018]], [[1.2850527406222845]], [[1.3111289032152034]], [[1.3322984502867161]], [[1.3475779559430878]], [[1.3585630516066574]], [[1.3602983274236828]], [[1.3605978656390612]], [[1.353950976556861]], [[1.3416194524768668]], [[1.3237564229398235]], [[1.301504220422807]], [[1.2741125522076573]], [[1.2421975338764975]], [[1.2059329350537487]], [[1.1651958352618654]], [[1.1205878172428598]], [[1.0719554579768504]], [[1.0196241764456133]], [[0.9638360097310406]], [[0.9046091276686951]], [[0.8425538443115655]], [[0.7777670792853001]], [[0.7106846976075316]], [[0.6416752569099377]], [[0.5709209615625105]], [[0.49894798785376726]], [[0.42593466629006393]], [[0.4111202738930524]], [[0.3962666651397454]], [[0.38138090896057614]], [[0.36647007428597783]], [[0.3515412300463835]], [[0.3366014451722263]], [[0.3216577885939393]], [[0.30671732924195555]], [[0.29177291455766247]], [[0.2768154289844779]], [[0.26186244766819267]], [[0.24691207744680038]], [[0.23196384197458061]], [[0.2170088812096405]], [[0.20204103423047182]], [[0.18705388202496465]], [[0.17203720002737527]], [[0.15698708299203304]], [[0.14189330205609482]], [[0.12674953151735405]], [[0.11154988429852442]], [[0.0962839240298354]], [[0.08094753212207392]], [[0.06542385504944928]], [[0.05010944341708549]], [[0.0350704423413494]], [[0.022632675026360457]], [[0.014480000081430446]], [[0.010473603402721049]], [[0.009368265110639287]], [[0.009762294984622763]], [[0.010644633504187803]], [[0.011596477761307088]], [[0.011370862702146215]], [[0.010834180712429387]], [[0.009733805211381157]], [[0.008950382723234441]], [[0.00842506463649037]], [[0.00815120574692995]], [[0.007993298574348382]], [[0.007897371803612881]], [[0.007734868592011331]], [[0.007476602339364554]], [[0.0070061664854308885]], [[0.006426355452338488]], [[0.005768658556668946]], [[0.005140893394622561]], [[0.004626051050776315]], [[0.004239597810249827]], [[0.0041866056437996485]], [[0.004303935465932876]], [[0.0046211998848805025]], [[0.005144437470145056]], [[0.005776005811945607]], [[0.006457013240359692]], [[0.007160940601768258]], [[0.007826629569999478]], [[0.008396049932544577]], [[0.008869261654680244]], [[0.009047066748052553]], [[0.009119726922389377]], [[0.009142340343687681]], [[0.00933986370804336]], [[0.01113810997253533]], [[0.015101695840401408]], [[0.02192715220479392]], [[0.03136421441539009]], [[0.04271254212065977]], [[0.05525584997614344]], [[0.06855302314388473]], [[0.08241205152546506]], [[0.0966596777412621]], [[0.11111531117165944]], [[0.12559619551181767]], [[0.139918897038972]], [[0.15393266388570664]], [[0.16761826357370568]], [[0.1809982051721452]], [[0.19409567317586932]], [[0.20693389689866434]], [[0.21953582391109078]], [[0.2319258152724767]], [[0.24411646174282037]], [[0.2561516195998421]], [[0.26803945629982306]], [[0.2798065113438651]], [[0.29147109090879597]], [[0.3030662618311441]], [[0.3146045831735406]], [[0.3261165162868672]], [[0.3376231657897159]], [[0.34913739006422684]], [[0.36072204457748164]], [[0.37234495250828903]], [[0.384045477714107]], [[0.3958723195971461]], [[0.4078229324898913]], [[0.41988430597378695]], [[0.43205201048271297]], [[0.493827681966947]], [[0.5576222143367818]], [[0.6228585490389984]], [[0.6887346142961741]], [[0.7549208810890833]], [[0.8207748380715546]], [[0.8856813639935024]], [[0.94934862482264]], [[1.0109268148656465]], [[1.0701564758888966]], [[1.1264430260666587]], [[1.1794948587685787]], [[1.2293121362995525]], [[1.2754341793202448]], [[1.3178828484648246]], [[1.3565657053718128]], [[1.3906904840367755]], [[1.420638636050457]], [[1.443216199562711]], [[1.4560896854765633]], [[1.4563164419364032]], [[1.4549934265702313]], [[1.4406276284880484]], [[1.422474360760216]], [[1.399117342669056]], [[1.3712329480256973]], [[1.3386147842914768]], [[1.3008537475558961]], [[1.2583304099494488]], [[1.2106617731777856]], [[1.1579610081505693]], [[1.1007919145049725]], [[1.0392500736717742]], [[0.9742875569581]], [[0.906046164514023]], [[0.8351544829120817]], [[0.7621985638656538]], [[0.6874759157303932]], [[0.6120904897038433]], [[0.5364812619242645]], [[0.46149649801497933]], [[0.387846974609099]], [[0.31576011415741145]], [[0.24922759546731077]], [[0.18460577938950845]], [[0.12674982855107822]], [[0.08031717722940304]], [[0.04333319338304656]], [[0.02569179247604264]], [[0.017997025869353207]]]]","4D array with the drag coefficients of the airfoils. Dimension 0 is along the different airfoils defined in the yaml, dimension 1 is along the angles of attack, dimension 2 is along the Reynolds number, dimension 3 is along the number of tabs, which may describe multiple sets at the same station, for example in presence of a flap."
airfoils.cm,output,,"[[[[0.00037085425900144003]], [[0.05789068666447339]], [[0.10944205268392417]], [[0.15569918449408784]], [[0.19507878147596056]], [[0.2307373568338717]], [[0.2627043328445252]], [[0.29061030484228934]], [[0.3141404144065819]], [[0.3343575112310095]], [[0.351744183046338]], [[0.36656801137987616]], [[0.37898353201069507]], [[0.389368709427592]], [[0.3977114677049898]], [[0.4043744133861834]], [[0.4095105700795795]], [[0.41322783743125346]], [[0.41591949868740685]], [[0.4171591249818208]], [[0.4176916122685259]], [[0.41703207792602837]], [[0.41565329042575444]], [[0.41318811191431487]], [[0.4100491940633608]], [[0.4061107928112066]], [[0.40152487016880545]], [[0.39634605350131735]], [[0.3905917239655103]], [[0.3843951165497207]], [[0.377760180861634]], [[0.3707744751207791]], [[0.3634330709373342]], [[0.35573196738468327]], [[0.34767610157823114]], [[0.33925317105720204]], [[0.3304631189756253]], [[0.3213049704964981]], [[0.3117676420569007]], [[0.3018573539585031]], [[0.29156295234660873]], [[0.28088389362943783]], [[0.26981898699074613]], [[0.25835793743376406]], [[0.24650594427456407]], [[0.23425266225637845]], [[0.22159721083590359]], [[0.20853822999130642]], [[0.1950660104895885]], [[0.18118499556132284]], [[0.16688543831303493]], [[0.16394488716472386]], [[0.1609836148942787]], [[0.15800343702214772]], [[0.15500616906877923]], [[0.15199362655462142]], [[0.14896762500012267]], [[0.14592997992573112]], [[0.14288250685189507]], [[0.13981382511037682]], [[0.136714470305278]], [[0.13360203239923635]], [[0.13047217185388857]], [[0.127324805142607]], [[0.12416842382008624]], [[0.12097302118631227]], [[0.11774062777182148]], [[0.11422990349654172]], [[0.1103313784653508]], [[0.10577536525600711]], [[0.10046177667955168]], [[0.09417602124881466]], [[0.08713898031032849]], [[0.07934134419998852]], [[0.0709927683052058]], [[0.0621373319826026]], [[0.052828153689765144]], [[0.04319119584578551]], [[0.033247843990796985]], [[0.023109179059931782]], [[0.012758578714072153]], [[0.0021858611977625185]], [[-0.00945760085804781]], [[-0.022188624385069206]], [[-0.036815899947827045]], [[-0.049268640595802556]], [[-0.058890245651517875]], [[-0.05898523077715619]], [[-0.056745304137224055]], [[-0.05213815744307647]], [[-0.05085541904427936]], [[-0.052676662506736686]], [[-0.05361806542016163]], [[-0.054416731683135024]], [[-0.056031135582720513]], [[-0.05578354387509189]], [[-0.051914539833571714]], [[-0.048397199252834824]], [[-0.046770522527351574]], [[-0.05342936342274991]], [[-0.062010780004164975]], [[-0.07110245544478265]], [[-0.07793366418455097]], [[-0.0832277258318718]], [[-0.08724222048350204]], [[-0.09015152842157369]], [[-0.09230739135094211]], [[-0.09391950541638967]], [[-0.09513384112014016]], [[-0.09608408210350367]], [[-0.0966081774336829]], [[-0.09686804889072587]], [[-0.09669193846847345]], [[-0.09624834211334175]], [[-0.09533927471299905]], [[-0.09405979728306883]], [[-0.09250727924923291]], [[-0.09086665421765414]], [[-0.08932536053128223]], [[-0.0880729950111528]], [[-0.08729544192260039]], [[-0.0872177004241385]], [[-0.08795853430696951]], [[-0.08957326466803296]], [[-0.09205662590450103]], [[-0.09541662956226818]], [[-0.09966271522417183]], [[-0.10472829646191796]], [[-0.1102893519564242]], [[-0.1159655948884649]], [[-0.12142234225751206]], [[-0.12657532421543158]], [[-0.1314515892368022]], [[-0.13606206506327143]], [[-0.14046320772999416]], [[-0.1446574575130773]], [[-0.14867834728452903]], [[-0.15254695293373127]], [[-0.1562988532834723]], [[-0.1599504415103158]], [[-0.16353609795605636]], [[-0.16707712971975777]], [[-0.17059283754544327]], [[-0.17407961446890358]], [[-0.17754737330784284]], [[-0.18099375301011594]], [[-0.1844152196283123]], [[-0.18781277127707927]], [[-0.1911871519247212]], [[-0.19453808424783317]], [[-0.210785980105559]], [[-0.22646075099631718]], [[-0.24161098233743097]], [[-0.25620680408916585]], [[-0.27026822802703887]], [[-0.2838034945199159]], [[-0.29681741653332483]], [[-0.3093273709859146]], [[-0.32132995800567804]], [[-0.3328425182302101]], [[-0.3438700881456854]], [[-0.3544172333245589]], [[-0.3645019194012123]], [[-0.3741200035206051]], [[-0.3832893993105802]], [[-0.3920149906773047]], [[-0.4003009772496097]], [[-0.40816618140116595]], [[-0.41560538000811365]], [[-0.4226373157213831]], [[-0.4292726756734257]], [[-0.43549457922882145]], [[-0.4413227311132443]], [[-0.44660946100605026]], [[-0.4513146733471013]], [[-0.4553629623957365]], [[-0.45856134583674807]], [[-0.4610495507095331]], [[-0.4622482940515648]], [[-0.4627744297104864]], [[-0.4619434132861477]], [[-0.46015302368716005]], [[-0.4567613721850611]], [[-0.45216250280771847]], [[-0.44596925306865653]], [[-0.4382007385255059]], [[-0.4286444839974412]], [[-0.4169147640537381]], [[-0.40294062796985575]], [[-0.38631641663974964]], [[-0.36684526985376253]], [[-0.34435764086957305]], [[-0.318434602711072]], [[-0.2878041895243511]], [[-0.25285271790714037]], [[-0.21389528203634225]], [[-0.17081084375904043]], [[-0.12014086783452521]], [[-0.06334457401672926]], [[0.00037085425900143835]]], [[[0.0]], [[0.0]], [[0.0]], [[0.0]], [[0.0]], [[0.0]], [[0.0]], [[0.0]], [[0.0]], [[0.0]], [[0.0]], [[0.0]], [[0.0]], [[0.0]], [[0.0]], [[0.0]], [[0.0]], [[0.0]], [[0.0]], [[0.0]], [[0.0]], [[0.0]], [[0.0]], [[0.0]], [[0.0]], [[0.0]], [[0.0]], [[0.0]], [[0.0]], [[0.0]], [[0.0]], [[0.0]], [[0.0]], [[0.0]], [[0.0]], [[0.0]], [[0.0]], [[0.0]], [[0.0]], [[0.0]], [[0.0]], [[0.0]], [[0.0]], [[0.0]], [[0.0]], [[0.0]], [[0.0]], [[0.0]], [[0.0]], [[0.0]], [[0.0]], [[0.0]], [[0.0]], [[0.0]], [[0.0]], [[0.0]], [[0.0]], [[0.0]], [[0.0]], [[0.0]], [[0.0]], [[0.0]], [[0.0]], [[0.0]], [[0.0]], [[0.0]], [[0.0]], [[0.0]], [[0.0]], [[0.0]], [[0.0]], [[0.0]], [[0.0]], [[0.0]], [[0.0]], [[0.0]], [[0.0]], [[0.0]], [[0.0]], [[0.0]], [[0.0]], [[0.0]], [[0.0]], [[0.0]], [[0.0]], [[0.0]], [[0.0]], [[0.0]], [[0.0]], [[0.0]], [[0.0]], [[0.0]], [[0.0]], [[0.0]], [[0.0]], [[0.0]], [[0.0]], [[0.0]], [[0.0]], [[0.0]], [[0.0]], [[0.0]], [[0.0]], [[0.0]], [[0.0]], [[0.0]], [[0.0]], [[0.0]], [[0.0]], [[0.0]], [[0.0]], [[0.0]], [[0.0]], [[0.0]], [[0.0]], [[0.0]], [[0.0]], [[0.0]], [[0.0]], [[0.0]], [[0.0]], [[0.0]], [[0.0]], [[0.0]], [[0.0]], [[0.0]], [[0.0]], [[0.0]], [[0.0]], [[0.0]], [[0.0]], [[0.0]], [[0.0]], [[0.0]], [[0.0]], [[0.0]], [[0.0]], [[0.0]], [[0.0]], [[0.0]], [[0.0]], [[0.0]], [[0.0]], [[0.0]], [[0.0]], [[0.0]], [[0.0]], [[0.0]], [[0.0]], [[0.0]], [[0.0]], [[0.0]], [[0.0]], [[0.0]], [[0.0]], [[0.0]], [[0.0]], [[0.0]], [[0.0]], [[0.0]], [[0.0]], [[0.0]], [[0.0]], [[0.0]], [[0.0]], [[0.0]], [[0.0]], [[0.0]], [[0.0]], [[0.0]], [[0.0]], [[0.0]], [[0.0]], [[0.0]], [[0.0]], [[0.0]], [[0.0]], [[0.0]], [[0.0]], [[0.0]], [[0.0]], [[0.0]], [[0.0]], [[0.0]], [[0.0]], [[0.0]], [[0.0]], [[0.0]], [[0.0]], [[0.0]], [[0.0]], [[0.0]], [[0.0]], [[0.0]], [[0.0]], [[0.0]], [[0.0]], [[0.0]], [[0.0]], [[0.0]]], [[[-1.8604272519832774e-07]], [[0.08250255519163899]], [[0.17022861183786944]], [[0.2676921429463001]], [[0.2774040655410892]], [[0.27590890169673815]], [[0.27441373785238715]], [[0.2768782339083548]], [[0.3035376538696982]], [[0.32453682909800013]], [[0.3413486757426983]], [[0.3548273351352087]], [[0.3664140105827809]], [[0.376725667396589]], [[0.3845086572781973]], [[0.3903082863832627]], [[0.3943009287800022]], [[0.3969065000601869]], [[0.3986649951625838]], [[0.39882407001737286]], [[0.39881973787632286]], [[0.3976930377590618]], [[0.3956453564653734]], [[0.39277823092945063]], [[0.38926378566626907]], [[0.3850110891581233]], [[0.38013346913843454]], [[0.374675973143719]], [[0.3686443648811435]], [[0.36214540769998316]], [[0.35518021856640447]], [[0.34782034865804956]], [[0.34010971682265384]], [[0.33206854647423173]], [[0.3237162289471403]], [[0.3150457115156353]], [[0.3060621385780459]], [[0.2967698878561025]], [[0.28716433422329835]], [[0.2772565391904764]], [[0.26704177280546204]], [[0.25652505500315026]], [[0.2457104471741165]], [[0.23459449144244549]], [[0.22318673711561002]], [[0.21148365200016092]], [[0.19950271115639195]], [[0.1872007624845397]], [[0.17455892715049307]], [[0.16125847923535686]], [[0.1471473997229389]], [[0.14415798979361077]], [[0.14112239087052397]], [[0.13803996111094707]], [[0.1349100586721486]], [[0.13173204171139702]], [[0.128505268385961]], [[0.12522909685310896]], [[0.12190288527010944]], [[0.11850819984007771]], [[0.11490184081671916]], [[0.1109921222088401]], [[0.10664362874317157]], [[0.10178171682637718]], [[0.09653615041197959]], [[0.09096850024711445]], [[0.0851701651173172]], [[0.07927330711042724]], [[0.07332169519017186]], [[0.06743779191260066]], [[0.061582756382804645]], [[0.05574728561049069]], [[0.04987950749280933]], [[0.04393555601836595]], [[0.03783454016214891]], [[0.03119556335544791]], [[0.02363449754228895]], [[0.01501965099151642]], [[0.005495240048834543]], [[-0.004351843180740526]], [[-0.013845759275179172]], [[-0.022767513943594116]], [[-0.029873725072084745]], [[-0.03594586980762257]], [[-0.041933006131934514]], [[-0.04871306292818963]], [[-0.056831172650869004]], [[-0.0591392872954843]], [[-0.060568840058096346]], [[-0.0669434649300405]], [[-0.07343661096526888]], [[-0.07836131046765339]], [[-0.08241701435081586]], [[-0.08601391704663125]], [[-0.08954472315946242]], [[-0.09292449368040219]], [[-0.09616045729747112]], [[-0.0992558274473253]], [[-0.10221683172070113]], [[-0.10504891677286435]], [[-0.10775607754960727]], [[-0.110344924294947]], [[-0.11281942016594015]], [[-0.11518537989256404]], [[-0.11744850098448203]], [[-0.11961691717785786]], [[-0.12168182934615743]], [[-0.1236125184105281]], [[-0.1253294452916634]], [[-0.12684125054987874]], [[-0.12784232446523724]], [[-0.128399348609824]], [[-0.12771068953759876]], [[-0.1259463436053513]], [[-0.12232074515442509]], [[-0.11758362611197425]], [[-0.11212757405226333]], [[-0.10638604545930272]], [[-0.1007967146043902]], [[-0.09580666159531297]], [[-0.09186657891752613]], [[-0.08945681044031022]], [[-0.08883804190884649]], [[-0.08979200230187494]], [[-0.09222272044469292]], [[-0.09576693511806345]], [[-0.10018926609996552]], [[-0.10524864721062942]], [[-0.11068455688047954]], [[-0.1162504240145118]], [[-0.12182761066746967]], [[-0.12738837456406818]], [[-0.13291607573337133]], [[-0.13833735543618828]], [[-0.14349883480876532]], [[-0.1479149862831316]], [[-0.15182403498832123]], [[-0.15530408880487828]], [[-0.15868683212144172]], [[-0.16201661250221785]], [[-0.16534049076791882]], [[-0.16864663244508551]], [[-0.1719354650360508]], [[-0.17520190419430762]], [[-0.17845336714254606]], [[-0.18168832339891758]], [[-0.1849040086662691]], [[-0.18810116996476828]], [[-0.19128033814981796]], [[-0.19444124852384306]], [[-0.2098225003493435]], [[-0.22475175528519087]], [[-0.23926318889633566]], [[-0.2533278088922402]], [[-0.2669571517970723]], [[-0.28015298526987314]], [[-0.29291379171712867]], [[-0.3052497748972952]], [[-0.3171520048470734]], [[-0.3286305955110283]], [[-0.33968458161726783]], [[-0.35031183198174887]], [[-0.36052400828490105]], [[-0.3703103406841057]], [[-0.3796823600046429]], [[-0.38863873269781424]], [[-0.3971763976198838]], [[-0.4053091810559625]], [[-0.41302640997676904]], [[-0.42033322561684794]], [[-0.42723253133078554]], [[-0.43362974841246793]], [[-0.4395256764918041]], [[-0.4447738227436484]], [[-0.44935956225706797]], [[-0.45323069211488004]], [[-0.456210823586161]], [[-0.45847551049426966]], [[-0.4593950542609165]], [[-0.4597600981166992]], [[-0.45881999876714635]], [[-0.4568867705868882]], [[-0.4535167810015536]], [[-0.4490273274660211]], [[-0.44308915095763024]], [[-0.4357304276035835]], [[-0.42677773881671804]], [[-0.415913467557285]], [[-0.4028632297271768]], [[-0.3867213388584255]], [[-0.3647599049319651]], [[-0.34011332057873733]], [[-0.31409664493282696]], [[-0.30115146621493705]], [[-0.295006891787009]], [[-0.28766778505116636]], [[-0.26454528345124734]], [[-0.16953181938448328]], [[-0.0825480838884032]], [[-1.8604272519970356e-07]]], [[[2.6328884904914362e-05]], [[0.1381971249096504]], [[0.21824819695032566]], [[0.2637166839182505]], [[0.270415608198343]], [[0.2716058470114898]], [[0.2727415699437516]], [[0.27786531537930054]], [[0.30201137627713437]], [[0.32369452621112244]], [[0.3424922390436657]], [[0.3566529653355435]], [[0.368067242601738]], [[0.37746525140324066]], [[0.3849401317779571]], [[0.3908144525541236]], [[0.3952090472068166]], [[0.39817897912471434]], [[0.4001806462965743]], [[0.4007110834513769]], [[0.40087180257147104]], [[0.399959551999428]], [[0.3982285882769596]], [[0.3956198035732105]], [[0.39236561672749154]], [[0.3883596369105577]], [[0.38371516684224116]], [[0.37847148965880084]], [[0.37262809332554314]], [[0.36628944594207014]], [[0.3594499769534858]], [[0.35217517452326813]], [[0.3445131443689445]], [[0.33648295300925424]], [[0.3281542477609032]], [[0.3195205788791624]], [[0.3105917487750207]], [[0.30136509456395805]], [[0.2918337652508463]], [[0.28200259256816773]], [[0.2718646819633736]], [[0.261420295142471]], [[0.2506692753334402]], [[0.2396052830556648]], [[0.22823249019082892]], [[0.21654452428206855]], [[0.20454143312210354]], [[0.1922360649393193]], [[0.17963560287108607]], [[0.1665604192401164]], [[0.152471649676097]], [[0.14933433896076356]], [[0.14610778213809486]], [[0.14278535741182558]], [[0.13936044298569042]], [[0.13582641706342402]], [[0.13217665784876115]], [[0.12840454354543637]], [[0.1245034523571845]], [[0.12040070562569327]], [[0.1157619642023399]], [[0.11035198331133304]], [[0.10389124810200087]], [[0.09613123115512166]], [[0.08744476315982272]], [[0.07795230077695925]], [[0.06788977791842399]], [[0.05758208081694831]], [[0.04712899200120553]], [[0.03681840518051913]], [[0.026404641386980263]], [[0.015749042891016727]], [[0.004386081313664227]], [[-0.007667161401578232]], [[-0.020771518791845127]], [[-0.03144954896647892]], [[-0.03896273617703439]], [[-0.0408779495500504]], [[-0.03974276488729706]], [[-0.0366504817800821]], [[-0.03530189757797798]], [[-0.03545340485117555]], [[-0.03807599674067127]], [[-0.04644644745851975]], [[-0.05699531877482473]], [[-0.0690393552210253]], [[-0.08161869582586637]], [[-0.09304248645406041]], [[-0.102525369028302]], [[-0.10894829449867799]], [[-0.1134491141050414]], [[-0.11666779888036626]], [[-0.11934197304856427]], [[-0.12166213440336034]], [[-0.12381502446227553]], [[-0.1258368185321159]], [[-0.12775170617955284]], [[-0.12956826920593298]], [[-0.1312992805414803]], [[-0.1329561233857192]], [[-0.13456018259234398]], [[-0.13610290457796073]], [[-0.13753951656849664]], [[-0.1387430794638843]], [[-0.13973432800955563]], [[-0.14004056264753884]], [[-0.14012625177564006]], [[-0.1395574330838514]], [[-0.13829092192175127]], [[-0.13632529139306268]], [[-0.13386734055510524]], [[-0.13086218672011557]], [[-0.12744167558192615]], [[-0.12366832071086475]], [[-0.11956998928725886]], [[-0.11524511239227737]], [[-0.1107886715671765]], [[-0.10632209733482106]], [[-0.10196740940503819]], [[-0.0978495540135114]], [[-0.09409410727770015]], [[-0.09082812399388668]], [[-0.08816891493452622]], [[-0.08620114082897735]], [[-0.08494055062349258]], [[-0.08441293415495073]], [[-0.08459733805292986]], [[-0.08552536016021928]], [[-0.08718901674391442]], [[-0.08959197269474246]], [[-0.09271735253934167]], [[-0.09641793002991937]], [[-0.10048359503744708]], [[-0.10469871949099574]], [[-0.1089478825933295]], [[-0.1131971072483771]], [[-0.1174271651069164]], [[-0.12161971324544088]], [[-0.12574565397894386]], [[-0.1298020092362855]], [[-0.1337857591633483]], [[-0.13770041255193774]], [[-0.14155006074367224]], [[-0.14531844241621342]], [[-0.14903303345713712]], [[-0.15269063059359353]], [[-0.15628361508860772]], [[-0.15981452534344834]], [[-0.16328734102306863]], [[-0.1667042002125977]], [[-0.1828400235378734]], [[-0.1978217872066428]], [[-0.21188449300581927]], [[-0.2252390367149256]], [[-0.23801755360382246]], [[-0.25044679679001297]], [[-0.2625252303213085]], [[-0.2742798708033924]], [[-0.28569574286793126]], [[-0.29677845725655116]], [[-0.3075257877940818]], [[-0.3179346787228811]], [[-0.32801184156253776]], [[-0.3377481061167311]], [[-0.34715009440519073]], [[-0.35621530024493303]], [[-0.3649407804450507]], [[-0.37333543236199845]], [[-0.3813808488758216]], [[-0.389053164883091]], [[-0.3963026105411294]], [[-0.40304658333366894]], [[-0.40928371931396085]], [[-0.41489122506242726]], [[-0.41986176880410986]], [[-0.4241463651174929]], [[-0.4276082147542318]], [[-0.4303666550368482]], [[-0.43210942275956193]], [[-0.4330027767168922]], [[-0.43270081774467856]], [[-0.431872933764268]], [[-0.42950894951379404]], [[-0.4261682715324198]], [[-0.42141474582412075]], [[-0.415089867601574]], [[-0.40700567498650925]], [[-0.3967253979141012]], [[-0.3843067825046784]], [[-0.3691102303266816]], [[-0.3499319542290574]], [[-0.327280302432205]], [[-0.30088317923252905]], [[-0.2900114429438742]], [[-0.2854189891122763]], [[-0.280381464633628]], [[-0.26698195891054116]], [[-0.21914223683618556]], [[-0.13713110653060476]], [[2.632888490490884e-05]]], [[[-5.556297131044114e-07]], [[0.11057298082017548]], [[0.2274908204118889]], [[0.3567102161985245]], [[0.3594690163777208]], [[0.319028735091672]], [[0.27858845380562364]], [[0.2707065342417513]], [[0.29635782564652463]], [[0.31704549446456287]], [[0.3336358091573034]], [[0.34595167477218175]], [[0.35672711778391836]], [[0.3668282495293583]], [[0.37438395393667584]], [[0.3799252696846753]], [[0.38360616498495975]], [[0.3858579609015151]], [[0.38726168744386896]], [[0.38729587508238617]], [[0.38690227606925043]], [[0.3854824624075054]], [[0.3832094472002611]], [[0.38012042548089015]], [[0.37639502656354373]], [[0.3719567916952665]], [[0.36691393530370886]], [[0.3613138599914274]], [[0.35516544195745003]], [[0.3485733021393408]], [[0.3415421883269903]], [[0.3341436142204929]], [[0.32642193718964]], [[0.31839895824774345]], [[0.31008913652162745]], [[0.3014851108992356]], [[0.29258842977206406]], [[0.2834005324230888]], [[0.2739157133201641]], [[0.2641408492810213]], [[0.25406928048903554]], [[0.24370280540447475]], [[0.23303321572227423]], [[0.22205069253162052]], [[0.2107486593017974]], [[0.1991163636742011]], [[0.1871257178816131]], [[0.17483965403903873]], [[0.16226982321144306]], [[0.1501195457112718]], [[0.13800592126559721]], [[0.13549351438228704]], [[0.13302356194642964]], [[0.13055562977865534]], [[0.12804928369959426]], [[0.12546408952987667]], [[0.12275961309013277]], [[0.11989542020099275]], [[0.11683107668308687]], [[0.1133807066967645]], [[0.10942599204187578]], [[0.10513662856029513]], [[0.1004583977117157]], [[0.09535755458627647]], [[0.08983839424129282]], [[0.08387852512174668]], [[0.07745718406679789]], [[0.07058535943846994]], [[0.06324956983463553]], [[0.05552440765539992]], [[0.04744451921009444]], [[0.03904868868896783]], [[0.030410888814322738]], [[0.021552099080162746]], [[0.012534101081863787]], [[0.003423513961066673]], [[-0.005736596652242856]], [[-0.01475875434683446]], [[-0.023522939153895216]], [[-0.031333960794965525]], [[-0.035228149346871386]], [[-0.03623622362274906]], [[-0.0393192336773043]], [[-0.04520041432274912]], [[-0.050587582666446515]], [[-0.05777883033740838]], [[-0.06836045328790671]], [[-0.07675731396351623]], [[-0.08395162099673711]], [[-0.09059181190110335]], [[-0.09809447832578383]], [[-0.10687033008791907]], [[-0.11262811573522172]], [[-0.11672296976191013]], [[-0.11964002131734343]], [[-0.12226563976076203]], [[-0.12477100467490906]], [[-0.12714398337588034]], [[-0.12942170339420317]], [[-0.13163729590857112]], [[-0.13385278210472573]], [[-0.13606814060632835]], [[-0.13824850757843832]], [[-0.14026743520637916]], [[-0.14207439867822977]], [[-0.14347807160572112]], [[-0.14441278390142637]], [[-0.1444754914914647]], [[-0.14441940941052045]], [[-0.14320167045761015]], [[-0.14133167710408184]], [[-0.13852897241287823]], [[-0.13484093595280397]], [[-0.13039280892487684]], [[-0.12535151359136457]], [[-0.12020572068211051]], [[-0.1152898744138353]], [[-0.11076876763044248]], [[-0.10673044037078813]], [[-0.10326582556129367]], [[-0.10046572463111778]], [[-0.09840787926950101]], [[-0.09713735263152157]], [[-0.0967907634824816]], [[-0.09715914379527152]], [[-0.09836743234711633]], [[-0.10023114339081989]], [[-0.10267501839036189]], [[-0.10560015839652166]], [[-0.10890999049255608]], [[-0.11250935351256165]], [[-0.1163162309819257]], [[-0.12028929885996109]], [[-0.12440479503713436]], [[-0.1286221018859301]], [[-0.1329178082588883]], [[-0.13726300327489388]], [[-0.1416339631076425]], [[-0.1459877405991483]], [[-0.1503106039693882]], [[-0.15456494636247395]], [[-0.15875367593339285]], [[-0.16287632567052246]], [[-0.16691718320246277]], [[-0.1709040022996136]], [[-0.17483286475216137]], [[-0.17869538365287646]], [[-0.18249459245669183]], [[-0.18623395244688484]], [[-0.1899145889816434]], [[-0.20731252530866634]], [[-0.2234434777224668]], [[-0.23852512354619176]], [[-0.2526838603270497]], [[-0.26606320693021185]], [[-0.2788400072140643]], [[-0.2911727167808485]], [[-0.30314994922921257]], [[-0.3147784960427098]], [[-0.3260583976696464]], [[-0.33697847671049214]], [[-0.3475275096471934]], [[-0.35771015664728845]], [[-0.36750555837252524]], [[-0.37691813817981373]], [[-0.38593810260985584]], [[-0.3945524785783647]], [[-0.402769918573007]], [[-0.41056686724581914]], [[-0.41794456984976114]], [[-0.42489651267167683]], [[-0.4313321627085689]], [[-0.43725443571881994]], [[-0.4425219199557379]], [[-0.4471236648739901]], [[-0.4510101189239261]], [[-0.4540120789095939]], [[-0.4563004199052985]], [[-0.4572858490770028]], [[-0.4576911077082063]], [[-0.45681789892863095]], [[-0.4549999470387703]], [[-0.45176078097803624]], [[-0.4474382405490384]], [[-0.4416950108734169]], [[-0.43454355731517913]], [[-0.4256512043150258]], [[-0.4145109763526803]], [[-0.4008982833547224]], [[-0.3842722291818607]], [[-0.3640237471692663]], [[-0.339611456590784]], [[-0.3099081914690557]], [[-0.3133897204918505]], [[-0.3386578306701346]], [[-0.3639259408484189]], [[-0.35715251572936935]], [[-0.2276698727197008]], [[-0.11061036770396891]], [[-5.55629713106652e-07]]], [[[0.00040906107437695263]], [[0.058069816173762126]], [[0.10974488541029707]], [[0.1561114968777322]], [[0.19556896958866343]], [[0.2312937891597676]], [[0.26330530389071644]], [[0.29122291002967776]], [[0.3147393415073346]], [[0.3349069272237839]], [[0.3522136760496807]], [[0.36692274505239636]], [[0.379194880536038]], [[0.38941949207845844]], [[0.3975873342603854]], [[0.4040737280669798]], [[0.4090379540749483]], [[0.4125952828046121]], [[0.4151492917008358]], [[0.416229758165464]], [[0.41667155426318997]], [[0.41593033696172216]], [[0.41442634084618296]], [[0.4118748581708537]], [[0.4086472834475477]], [[0.4046235837815199]], [[0.3999501311262714]], [[0.39468047601157]], [[0.3888300175920895]], [[0.3825287709587171]], [[0.3757795624246074]], [[0.3686674337005617]], [[0.3611911376416861]], [[0.3533478806299063]], [[0.3451477098977642]], [[0.33658011002764965]], [[0.3276488385042223]], [[0.3183561595818624]], [[0.30869354137390215]], [[0.2986711882750558]], [[0.28828045477878567]], [[0.2775242994554303]], [[0.2664046548812471]], [[0.2549142373402885]], [[0.2430616323825608]], [[0.2308394769543901]], [[0.21825019229461434]], [[0.20529545146483336]], [[0.19196888399120218]], [[0.1782778954754791]], [[0.1642160568308371]], [[0.16132981308798805]], [[0.15842536396657222]], [[0.1555043226506305]], [[0.15256830232420365]], [[0.14961891617133258]], [[0.1466577773760581]], [[0.14368649912242104]], [[0.14070669459446222]], [[0.1377084763165975]], [[0.13468361145952448]], [[0.13164743658624584]], [[0.1285961980814457]], [[0.12552984233685674]], [[0.12245108341478293]], [[0.11935050355389129]], [[0.1162296569088021]], [[0.11301084455600571]], [[0.10966322999518978]], [[0.1061034226426045]], [[0.10228450929066248]], [[0.09814479603456149]], [[0.09362098015098788]], [[0.08865819911806917]], [[0.083195678816228]], [[0.07720125456074069]], [[0.07061409900091714]], [[0.06347067771481071]], [[0.055668894034384644]], [[0.047187473303917093]], [[0.03802578914560152]], [[0.02805799374801744]], [[0.016999432138984957]], [[0.004745814930318771]], [[-0.008951483207208571]], [[-0.023215466163952606]], [[-0.037647327813644604]], [[-0.05106098112337172]], [[-0.06280751252482525]], [[-0.0726077373404409]], [[-0.07775592897103129]], [[-0.08012452356569214]], [[-0.07998913011548706]], [[-0.07882800717488395]], [[-0.06853376005277628]], [[-0.06605314934203758]], [[-0.07146589437783589]], [[-0.07488742828682456]], [[-0.07805494413876873]], [[-0.08205434540789118]], [[-0.08565646965346849]], [[-0.08881865873961278]], [[-0.09200560931388732]], [[-0.09512609824371933]], [[-0.09815760095382417]], [[-0.10103259945254799]], [[-0.1037334162099301]], [[-0.10620751566001492]], [[-0.10838906973459407]], [[-0.1102813536774307]], [[-0.11174420924600414]], [[-0.1127561474325778]], [[-0.11313661182811498]], [[-0.11316470673571062]], [[-0.11241224393744635]], [[-0.1109746742340481]], [[-0.10888258156558714]], [[-0.10622756001882325]], [[-0.10310873913028738]], [[-0.09963066583495765]], [[-0.09589602456766501]], [[-0.09200783184462999]], [[-0.08816495298948906]], [[-0.08489605120149779]], [[-0.08279086008276819]], [[-0.08272082846135273]], [[-0.08488691404087768]], [[-0.08982731906377635]], [[-0.09651260101519037]], [[-0.10373916591004519]], [[-0.11046123765850156]], [[-0.11645269203940893]], [[-0.12184489724059233]], [[-0.12675285102910594]], [[-0.13134669937578983]], [[-0.1357309120721057]], [[-0.13994157979935215]], [[-0.1440134366268746]], [[-0.14797056274040318]], [[-0.15182662299081834]], [[-0.1556094852988063]], [[-0.1593368850035461]], [[-0.16302534842049954]], [[-0.16666727042201898]], [[-0.17027840690322535]], [[-0.17385588834221413]], [[-0.17739463949025194]], [[-0.18089612408149908]], [[-0.18436200081291212]], [[-0.18779257977303726]], [[-0.20427082628251667]], [[-0.21993757194159305]], [[-0.23489595852731765]], [[-0.24916550390925746]], [[-0.26280518699566785]], [[-0.2758743952231884]], [[-0.28843815345587276]], [[-0.30053950083939773]], [[-0.3122442447559567]], [[-0.32356116141721947]], [[-0.3344948340794137]], [[-0.345033192309697]], [[-0.3551832746509782]], [[-0.36492650366869267]], [[-0.374269695973297]], [[-0.38320532103948984]], [[-0.3917228791018342]], [[-0.3998331356143747]], [[-0.4075128200009033]], [[-0.414772312269757]], [[-0.4216081094004227]], [[-0.4279906739467117]], [[-0.43393737579493097]], [[-0.439306510029126]], [[-0.44406751492893154]], [[-0.44815286643363883]], [[-0.45138132743555864]], [[-0.45389446892881313]], [[-0.4551549958568016]], [[-0.4557214074694217]], [[-0.45496395358625896]], [[-0.45330699877446984]], [[-0.45008293926412807]], [[-0.44570432145375777]], [[-0.4397953185041964]], [[-0.43237933796229605]], [[-0.42322586967249126]], [[-0.4119355362464175]], [[-0.3984117959419042]], [[-0.38223293762895627]], [[-0.36317672373992116]], [[-0.3410663792286453]], [[-0.31545956110683904]], [[-0.28515032898297027]], [[-0.2505019935499308]], [[-0.21186456055708286]], [[-0.1691604143611503]], [[-0.11896233947304258]], [[-0.06270043053271526]], [[0.00040906107437694704]]], [[[-1.1693462894286646e-07]], [[0.11268070205225389]], [[0.23178417847499982]], [[0.36337527300616873]], [[0.3663603087040572]], [[0.3258507356343704]], [[0.2853411625646839]], [[0.2776113280562874]], [[0.3047178080242563]], [[0.3258609934600095]], [[0.34282438489817885]], [[0.35706196825978825]], [[0.36913598127421077]], [[0.3794974902050352]], [[0.3873354656345861]], [[0.3933563173779664]], [[0.39802267433130983]], [[0.40132809363065713]], [[0.40367353592851496]], [[0.4044564915470801]], [[0.40473326029823686]], [[0.4038306823997621]], [[0.40208957238398946]], [[0.3993889666888625]], [[0.3960340401610914]], [[0.39192791848214936]], [[0.38721631079875124]], [[0.38196132025573476]], [[0.3761884047058922]], [[0.370018734047005]], [[0.36343861755446577]], [[0.3564750122942935]], [[0.3491329532329666]], [[0.34140482091418156]], [[0.3333129564396034]], [[0.32484939407603547]], [[0.3160251174303001]], [[0.3068484174633637]], [[0.2973149089498805]], [[0.2874426774752337]], [[0.2772271365586418]], [[0.2666779758032403]], [[0.25580233031686983]], [[0.2445976711640422]], [[0.23307477700012386]], [[0.22122905911623642]], [[0.20906507398918114]], [[0.19662075688827807]], [[0.18392680077730275]], [[0.17044014090782192]], [[0.1549253921660906]], [[0.15110912495285675]], [[0.14700133596125228]], [[0.1426142939243852]], [[0.13796026757536337]], [[0.13305152564729467]], [[0.127900336873287]], [[0.12251896998644823]], [[0.11691969371988632]], [[0.11078639018702408]], [[0.1038748581509624]], [[0.09659302277777579]], [[0.08884174818110639]], [[0.08061525320355804]], [[0.07208036604734297]], [[0.0633274247729396]], [[0.05446638992851955]], [[0.04563878360598553]], [[0.03695600780423872]], [[0.02885352065376051]], [[0.02158677588703837]], [[0.01567753537586061]], [[0.007899461129103905]], [[-0.002386996866096861]], [[-0.01426681597426834]], [[-0.026741376685651845]], [[-0.038901212414818614]], [[-0.05001507152303662]], [[-0.0594766476187754]], [[-0.06678321191662677]], [[-0.07097414683333719]], [[-0.07295637788274872]], [[-0.07352378125572734]], [[-0.0738464384578254]], [[-0.07520054855903437]], [[-0.07712590074117615]], [[-0.0793597764457424]], [[-0.08109450370344097]], [[-0.08244476259947302]], [[-0.08342032066506773]], [[-0.08426468037084632]], [[-0.08504610291370517]], [[-0.08600348447591735]], [[-0.08719798810767806]], [[-0.08881902431609111]], [[-0.09076274772960242]], [[-0.09304404174177452]], [[-0.09554265231141501]], [[-0.09823104402169604]], [[-0.10105127628542157]], [[-0.10392623273866934]], [[-0.10682853172799553]], [[-0.10969389603080201]], [[-0.1124824987676838]], [[-0.11516368828119045]], [[-0.11768050063476447]], [[-0.11998288175106105]], [[-0.12215656266055638]], [[-0.12307677993296706]], [[-0.12314464602035673]], [[-0.1224133834645201]], [[-0.11991334347498317]], [[-0.11798980459432779]], [[-0.11642530772378472]], [[-0.11538590664437756]], [[-0.11477238311419129]], [[-0.11457391427339063]], [[-0.11473466300483998]], [[-0.11525952863262943]], [[-0.11608386647450171]], [[-0.11604605634224115]], [[-0.11420618967414947]], [[-0.11197475624085673]], [[-0.11113412036746524]], [[-0.11115720396472871]], [[-0.11126741301768613]], [[-0.11086123142017083]], [[-0.10997152842083999]], [[-0.10893907287970017]], [[-0.1080816993869581]], [[-0.10775472708272504]], [[-0.10821947414932379]], [[-0.10985145521144367]], [[-0.11241461782674914]], [[-0.11513951364594648]], [[-0.11704323806519397]], [[-0.11919681301635954]], [[-0.12287057989879545]], [[-0.1290720637713571]], [[-0.1374935107059502]], [[-0.14175005804177507]], [[-0.14482726460785614]], [[-0.14730521544795044]], [[-0.1499424285309044]], [[-0.15274844282937555]], [[-0.15561181061771592]], [[-0.15846433255492998]], [[-0.1613252699628873]], [[-0.16419553395943554]], [[-0.16705333559228203]], [[-0.18100720388570377]], [[-0.19469372058283782]], [[-0.20812476708214578]], [[-0.22126919069061327]], [[-0.23412610892042135]], [[-0.24668517599372866]], [[-0.2589331015374286]], [[-0.27086958560955776]], [[-0.28247339935606836]], [[-0.2937440699301045]], [[-0.30466936078770773]], [[-0.3152347279056135]], [[-0.32544276420937013]], [[-0.3352685965896385]], [[-0.34471453822644316]], [[-0.35376772736793904]], [[-0.3624115140829081]], [[-0.370653252471882]], [[-0.3784620790677436]], [[-0.3858448334145487]], [[-0.39278788207729165]], [[-0.39927136883653713]], [[-0.40531253116455873]], [[-0.41086154163967264]], [[-0.415893622609862]], [[-0.420351470908658]], [[-0.42409166462303455]], [[-0.42718536080227654]], [[-0.42944420449579707]], [[-0.4307004235475656]], [[-0.4306999281592769]], [[-0.4304948553602446]], [[-0.42824980789244754]], [[-0.4248641904498031]], [[-0.4197454559420601]], [[-0.4128877265555987]], [[-0.4042192722388355]], [[-0.39346842857563513]], [[-0.38153352060677026]], [[-0.3675456702404107]], [[-0.3487702148959045]], [[-0.32561071469254466]], [[-0.2973170795209489]], [[-0.3029141169139793]], [[-0.3356932133434087]], [[-0.3684723097728383]], [[-0.3634403860977337]], [[-0.23171650069208966]], [[-0.11259484944328856]], [[-1.169346289371737e-07]]]]","4D array with the moment coefficients of the airfoils. Dimension 0 is along the different airfoils defined in the yaml, dimension 1 is along the angles of attack, dimension 2 is along the Reynolds number, dimension 3 is along the number of tabs, which may describe multiple sets at the same station, for example in presence of a flap."
airfoils.coord_xy,output,,"[[[1.0, -0.0034700000994449644], [0.9820597816541057, 0.00044799827076439204], [0.9638257951208583, 0.002562300543678886], [0.9454880951222242, 0.003023684045540901], [0.9271850122637587, 0.002168636322217311], [0.9089846695986212, 0.00031952153145206244], [0.8909249170874796, -0.0023575578765565918], [0.8730364126434582, -0.005782758531322301], [0.8553547802293828, -0.009933998078348693], [0.8378859154533621, -0.014686611772106374], [0.8206401456288113, -0.019975819425831147], [0.8036163371947943, -0.02571871157764933], [0.78681025004173, -0.03184321868133613], [0.7702163560267894, -0.03828811944164715], [0.7538190597361925, -0.044976930450943975], [0.73761420262575, -0.051870877686477565], [0.7215891534875234, -0.058915827794968643], [0.7057345077374256, -0.06607029980001787], [0.6900466692609899, -0.07330827415116534], [0.67451819399107, -0.08059756316261073], [0.6591405365578592, -0.08790550174115697], [0.6439098056135406, -0.0952107171046654], [0.628820957068219, -0.1024902963907604], [0.6138733069035895, -0.10973117297318775], [0.5990510604713636, -0.11688969151821908], [0.5843591915712586, -0.12396553117665489], [0.5697889681888981, -0.13093028026786172], [0.5553321033432861, -0.1377563512816679], [0.5409792108642142, -0.14441335729074328], [0.5267321811028085, -0.15089449732285926], [0.512578230880377, -0.15716011267324712], [0.49851583661088333, -0.16319438125826594], [0.4845358776950189, -0.16896159130128907], [0.4706512693805032, -0.17447824439225712], [0.4568485021705694, -0.17969409535278802], [0.44313453339137493, -0.184608012712113], [0.42951253389741584, -0.18920900924093634], [0.4159841594616013, -0.1934793616630954], [0.4025571397736688, -0.19741782523275933], [0.3892345072781299, -0.2010064948940336], [0.37601865150811425, -0.20421979906407695], [0.36291852855738266, -0.20705330868462912], [0.34994116741222453, -0.20949011485048916], [0.33709165696993026, -0.21149111546052143], [0.32438739026240176, -0.21308692547788424], [0.3118368341279804, -0.2142384712756459], [0.2994541439322799, -0.21492765013997475], [0.2872559981361116, -0.21515818137493262], [0.275258336680217, -0.21496390468601387], [0.263478182302473, -0.21430104180726714], [0.25193292971953, -0.21319623185360917], [0.2406354375301551, -0.21168923667132938], [0.22960073208764747, -0.2097834485095679], [0.21883508863122164, -0.2075260523314385], [0.20834846924648973, -0.2049366019791082], [0.19813704116382003, -0.20207471880743366], [0.18820603018883603, -0.19895528834909254], [0.17856117889443932, -0.1955901378645855], [0.16919025313904223, -0.19203735949849104], [0.16010178814211742, -0.18829064182926777], [0.15129702726830577, -0.18436393644805524], [0.14276987279935902, -0.18028582649957897], [0.13452590527783492, -0.17605683076842718], [0.12655899807796187, -0.17169893923908394], [0.1188678570150223, -0.16722472835365942], [0.11144865650366108, -0.1626480323599473], [0.10430186876993354, -0.15797576694993015], [0.09742079011497823, -0.15322540784662725], [0.09081746447018783, -0.14838571239262172], [0.08446770513536458, -0.14349548472464155], [0.07838087502763824, -0.13854713215419215], [0.07254939769214545, -0.13355442854191465], [0.06697966648274498, -0.12851512534180523], [0.06165351030811544, -0.12345321290581886], [0.056576222682194144, -0.11836652039106309], [0.051734714450611896, -0.11327112821016908], [0.04713374370581045, -0.10816557148935989], [0.04276105214900434, -0.1030639204221209], [0.038620664091772686, -0.09796515918046844], [0.03469447433072042, -0.09288637960681331], [0.030992736352350392, -0.08782134742329933], [0.027503919793689127, -0.08278145223373326], [0.02423516660647086, -0.07776358547213151], [0.02119876100967612, -0.07276356423632026], [0.01839049757289263, -0.06778770227921126], [0.01579903423697654, -0.0628462387388374], [0.013429938232602813, -0.05793958761031667], [0.011269317792045732, -0.05307840981549306], [0.009311216547577446, -0.048268302918832405], [0.007561260623105265, -0.04351075419598191], [0.006016935976864029, -0.038809921127301465], [0.004693590068593818, -0.03416654345223733], [0.003596358724099026, -0.029584367221903166], [0.0026914723910881825, -0.025076868511348778], [0.001939837271475653, -0.020655040604101952], [0.0012971651481071113, -0.016327054513121463], [0.0007567064813305822, -0.012093672066669], [0.00034218510169904594, -0.007951658580253932], [9.928722015265984e-05, -0.0039000239030913325], [0.0, 5.767064202841165e-05], [0.0001051333868807391, 0.004013680929798218], [0.0003604397199567735, 0.00805924493078073], [0.0008022857355826073, 0.01218924937978123], [0.0013635733176724691, 0.016407069082136485], [0.001997241998074524, 0.020719375171283753], [0.002699421576928823, 0.02512805434194912], [0.0035240677961761516, 0.02962497503923797], [0.0045503180739482705, 0.03419262998395726], [0.005822834821891975, 0.03881378536323017], [0.007353122012443275, 0.043476905266864214], [0.009118548724150348, 0.048180630725262755], [0.01109288037902849, 0.05292913521938228], [0.013281892139280731, 0.05771576207857617], [0.015679667723836048, 0.06253897899483875], [0.01830074363952093, 0.06738732202505406], [0.021152439860697373, 0.07225207062963526], [0.02424386858500084, 0.0771222337315085], [0.02757500128829615, 0.08199248461547758], [0.031152731236374256, 0.08685210340342171], [0.0349638730405048, 0.09170571122101198], [0.039022526971617344, 0.09653653657052759], [0.04332996649347916, 0.10133813378100674], [0.047886642819581014, 0.10610366939810073], [0.05270237101557608, 0.11081731399127391], [0.05777386566508683, 0.11547560937676743], [0.06310400970819134, 0.12006793670437658], [0.06869683057491315, 0.1245826030829052], [0.07454798706155599, 0.12901687338954673], [0.08065998389470762, 0.1333588355588184], [0.08702792138269919, 0.13760804076501973], [0.09366061860556138, 0.1417418760007264], [0.100546312895621, 0.1457702984173698], [0.10769828883088907, 0.14966056392752403], [0.11510242786505667, 0.1534282426273555], [0.12275890346926693, 0.15706218051094153], [0.1306670971948581, 0.16055390359779875], [0.13882217604986244, 0.16390324774474688], [0.1472340039726434, 0.16707193952368501], [0.15588968932245487, 0.17007970332074251], [0.16479184045154177, 0.17290458064683792], [0.17393278770554954, 0.17555319392248078], [0.1833160689533104, 0.1779948662026723], [0.19293362020689295, 0.18023963034188736], [0.20278724456223593, 0.18225325731074982], [0.21286755037072097, 0.18405199698035205], [0.22317342413585883, 0.18560924190913858], [0.23369684857375922, 0.18694001578536235], [0.2444369448247084, 0.18799906305831257], [0.2553840714492565, 0.18882240163226316], [0.2665344116304473, 0.18937510758533754], [0.27788032556588677, 0.18970155259716598], [0.2894175616960369, 0.18978980242514956], [0.3011413386307495, 0.18965718016394412], [0.3130469911039233, 0.18928847870279336], [0.32513132951955953, 0.18871079764155135], [0.33739038497563945, 0.18791785798119517], [0.349820773213966, 0.18691567844852808], [0.3624205692839328, 0.18572342442626602], [0.3751847674875939, 0.18432398814832646], [0.3881088378821135, 0.18271165928281238], [0.40118989167012653, 0.1808934674155396], [0.41442216748072797, 0.17885828296595488], [0.4278047318682553, 0.17662391691806587], [0.4413322218927239, 0.17418344093833527], [0.45500015690261325, 0.1715357041887142], [0.4688070703225492, 0.1686941559383987], [0.48274920803661, 0.16566060390192502], [0.4968199607660522, 0.16242478768196003], [0.5110174502267326, 0.15899866113705624], [0.525339261635727, 0.15539046184467922], [0.5397791385877074, 0.15159335608280491], [0.5543371308232065, 0.14762602612692757], [0.569014945318098, 0.1435109758932989], [0.583806022408511, 0.1392410299829466], [0.5987065423794287, 0.13481961198633186], [0.6137228650773167, 0.13028391764089403], [0.6288483826138904, 0.12562751786568527], [0.6440789604054087, 0.12085314600742575], [0.6594126995054979, 0.11597070975468562], [0.6748481977819976, 0.11099191151503517], [0.6903827914365568, 0.10592484871300867], [0.7060131609158609, 0.10077572488898387], [0.7217361647864452, 0.09555181112276577], [0.7375500269656704, 0.0902646553377828], [0.7534509309264878, 0.08492011054677727], [0.7694364860454673, 0.07952863579522418], [0.7855042923201937, 0.07410101221762626], [0.8016471355243202, 0.06863399830662117], [0.8178632004200173, 0.0631408714226251], [0.8341484662078468, 0.05762870155195726], [0.8505092815745027, 0.05213554537664145], [0.8669330374710127, 0.04664377188169685], [0.8834206183436443, 0.04117632361211025], [0.8999668909859898, 0.03573854231992895], [0.9165663333168026, 0.030334791994557787], [0.9332185433362381, 0.024985692977110723], [0.9498982187971298, 0.019634564508833892], [0.9665890308396359, 0.014252387898080962], [0.9832830802366876, 0.008836575269001097], [1.0, 0.0034700000994449644]], [[0.9999999999999998, 0.0], [0.999310113472703, -0.022458662776405094], [0.9977156747146716, -0.04481597788321213], [0.9955181329469308, -0.06708079917920928], [0.9919396862074491, -0.08919315157447236], [0.9874356440341693, -0.11110058375506153], [0.9819915326294707, -0.13275865457979566], [0.975626529462686, -0.15412712184956692], [0.9682675382227565, -0.17512661114177105], [0.9600606107281728, -0.19575847919035483], [0.950926566601507, -0.21593630789162574], [0.9409403354275221, -0.23563835393691956], [0.9301479657016355, -0.25483397354807125], [0.9185415472119017, -0.2734635504633433], [0.9061818532599231, -0.2915091340658063], [0.8930916444348402, -0.30892667274752666], [0.8793058160179222, -0.32568448178550324], [0.8649045992106825, -0.3417904599428264], [0.8498519199312867, -0.3571497281866142], [0.8342455035576795, -0.3717941767975284], [0.8181212017044299, -0.3856982435999456], [0.8014930485318992, -0.3988121693809405], [0.7844334870013709, -0.411156320613968], [0.7669737666731877, -0.4227039625993649], [0.7491624871044766, -0.43345406593867836], [0.7310219145418266, -0.44336317218729826], [0.7126368618751303, -0.45250639865253334], [0.694007845027337, -0.4607951640768016], [0.6751845969458387, -0.4682485934576786], [0.6562257930050002, -0.4749085858226996], [0.637177455561516, -0.4808088426081778], [0.6180385075504279, -0.48581809050568], [0.5988819912454484, -0.4900676300218615], [0.579739650495367, -0.49355633014005473], [0.5606406879428678, -0.49626787573508435], [0.5416244297290831, -0.49825209874064336], [0.5227143691038316, -0.49943314123860055], [0.5039513335119744, -0.4999223247247999], [0.48536209631600463, -0.4997380488138091], [0.4669730714335399, -0.49886883192034326], [0.448811124507421, -0.4973536591223899], [0.430904350275759, -0.49516304726634575], [0.41327136346913906, -0.49238318222563127], [0.3959385296838809, -0.488993189490426], [0.37891769256131813, -0.48506089960094984], [0.36223201735528465, -0.48058499829206475], [0.3458913117197512, -0.47561214337811186], [0.3299202954617155, -0.4701328184876935], [0.3143240807655798, -0.4641965662803957], [0.2991074237497537, -0.457844201721311], [0.2842972618229185, -0.4510612235414027], [0.26989932294588054, -0.44387977909455717], [0.2559150188710926, -0.43633693959717973], [0.24234860887904422, -0.4284599351869234], [0.22920570242422247, -0.4202706873200781], [0.21648870045744983, -0.4117940145070322], [0.20419913639880616, -0.4030536555085155], [0.19233737791757724, -0.39407285495969185], [0.18090314103472596, -0.3848737799912002], [0.1699007465446024, -0.37547173876446477], [0.15931967390528445, -0.3658960923181233], [0.1491558741675362, -0.35616753030955783], [0.1394043080417189, -0.3463063195144983], [0.1300595314981649, -0.3363315602706393], [0.12111737925678266, -0.32625984615756204], [0.11261094866931466, -0.3160760637949729], [0.1044972827853424, -0.30582911345429314], [0.09675955375727384, -0.2955419227554436], [0.08938455682996531, -0.28523245770912736], [0.08236650339543387, -0.2749118997200268], [0.07575692236959942, -0.2645541464243929], [0.06950117317228469, -0.2542047343037275], [0.06356955827980676, -0.24388750598756095], [0.05794658337208492, -0.23361518372392842], [0.05269144884714007, -0.22336119546093502], [0.047768514971428935, -0.21315258469469006], [0.043118574375617155, -0.20302140462239798], [0.03875535749200771, -0.1929635142905562], [0.03473293759139035, -0.18296247772519303], [0.030962341603364644, -0.17305818109840526], [0.027444217361930416, -0.16325127755489982], [0.02421743855009463, -0.15353217826076873], [0.021200382231983592, -0.14393132190862676], [0.018436446787367028, -0.13443452183279775], [0.01594409751520625, -0.1250417519552673], [0.013625364061802184, -0.11578036747099696], [0.011553843096176259, -0.10663358145699245], [0.009663029267988323, -0.0976194418392808], [0.007966188852572413, -0.0887328969179156], [0.0064915665100005095, -0.07997244435331433], [0.005152828965165052, -0.07135273906847964], [0.0040286644388448645, -0.06286333655364618], [0.002989965084555453, -0.054521156950105384], [0.002205487047828941, -0.04630604496940855], [0.0015054240704896638, -0.038237664176317465], [0.000968201091584951, -0.03030716171339099], [0.0005515446627134147, -0.022518749411906385], [0.0002653664021357644, -0.014871199858295195], [8.9039329764774e-05, -0.007365028943058315], [0.0, 0.0], [8.900962772126276e-05, 0.007363561990107388], [0.0002651844439675249, 0.014865268559062365], [0.0005509333091508455, 0.022505263896775644], [0.0009666759055770174, 0.030282947154827707], [0.0015026597623462431, 0.03819943815200925], [0.002199988057285168, 0.04625052666134543], [0.0029820538575014116, 0.054444832632551586], [0.004016144757350464, 0.06276279058584311], [0.005133824803336867, 0.07122454084110143], [0.006465770395324351, 0.07981283306518364], [0.00793097671090473, 0.08853840995198978], [0.00961937501988019, 0.09738574313235833], [0.01149080450620685, 0.10635882911176983], [0.013548881011865688, 0.11545915206081463], [0.015847899686502763, 0.12467111053728341], [0.018318189569612797, 0.13401076324985162], [0.02106150390453491, 0.14344916545926298], [0.02404162181606755, 0.15299206592539097], [0.027235227274345842, 0.16264734585653198], [0.03071710725971024, 0.17238665435784548], [0.034435598237709995, 0.18222433446561942], [0.038411732906360734, 0.19215184914353253], [0.04272767489707802, 0.20213100263008532], [0.047311140242092486, 0.21218675460779546], [0.05216685656067009, 0.22231551940478805], [0.05736038875178387, 0.23248086765582374], [0.0628996758986949, 0.2426703189634773], [0.06873478613884447, 0.2529069750979339], [0.07489693399410334, 0.2631689206833758], [0.08141550364173349, 0.27343114294371595], [0.08831854810544237, 0.28366562248371563], [0.09556164968618143, 0.2938957131800372], [0.10316190942808337, 0.3041027742324407], [0.11113752118302991, 0.31426464240993146], [0.11950388478206951, 0.3243585621136699], [0.12828723771405454, 0.33434944119891485], [0.13745549948940025, 0.3442540755823177], [0.14701725708344926, 0.3540531149237791], [0.15697988667619772, 0.3637265508690636], [0.16734946310365414, 0.3732538833746503], [0.17813290274297466, 0.3826118160770229], [0.18935085096380516, 0.3917583067071237], [0.2009847160309968, 0.4006952942623902], [0.21303476434878924, 0.40940187435619213], [0.2255008057831851, 0.41785594390440556], [0.23838152340985078, 0.4260350093722625], [0.25167457754377326, 0.43391596405283095], [0.2653756882936205, 0.44147676472934017], [0.2794783875490727, 0.44869720184829354], [0.2939759116741604, 0.4555552446987326], [0.30887191191509034, 0.46200129022099895], [0.3241541239627464, 0.46801713600945316], [0.3398040988085609, 0.4735991335995824], [0.35580325261260193, 0.4787439751519952], [0.37216081479794966, 0.4833525597856641], [0.3888492369235169, 0.4874459287140901], [0.4058459563931706, 0.4910193773338437], [0.42314408870229003, 0.49399930186392854], [0.44071412377813984, 0.4964173198233501], [0.4585392037765558, 0.49822494396960454], [0.47659566887172405, 0.4994079326200873], [0.49486039777549234, 0.4999624214727385], [0.5133061702015472, 0.49979105337718], [0.5319058735902095, 0.49894299457208474], [0.5506268737388516, 0.4973685699826268], [0.5694445969688419, 0.49510018556485663], [0.5883296725914275, 0.49212174466377323], [0.6072302047284699, 0.48832390166514955], [0.6261288693787724, 0.48378487619702326], [0.644980839595923, 0.4784592054973734], [0.6637614847140635, 0.47237826240463604], [0.6824233377242515, 0.4655004358187974], [0.7009169091050262, 0.45780408619291457], [0.7192197894143488, 0.4493257333550774], [0.73729483234536, 0.4400705492827109], [0.7550723529294948, 0.42998479446725035], [0.7725425490187584, 0.4191325157666161], [0.7896512521946386, 0.40749850593827613], [0.8063618544313749, 0.39509858280326116], [0.8226178261871462, 0.38192709606565783], [0.838395938869225, 0.36802020046521466], [0.8536664352266886, 0.35340619810292395], [0.8683331945059514, 0.3380478237074927], [0.8824250539355031, 0.322033605271093], [0.8958799738812888, 0.3053653705881875], [0.9086336283811663, 0.28804842984712353], [0.9206886635755727, 0.27014281742568497], [0.9319849287536027, 0.25166247186650587], [0.9425076208070479, 0.23265305742574474], [0.95223782490726, 0.21315492288986485], [0.9611337412723463, 0.19319814477847602], [0.9691357623931091, 0.17280962811003842], [0.9762861395319717, 0.15205977248441663], [0.9824807425059061, 0.13096073690998672], [0.9877804271976285, 0.10958307738520225], [0.9921627636228181, 0.08796663966495431], [0.9956451517766974, 0.06615314798662696], [0.9977673067134225, 0.04419444329902356], [0.999327245898236, 0.022146577662310228], [1.0, -5.9224543672020664e-18]], [[1.0, -0.0024600000005134083], [0.9791825143610087, 0.002215221269638621], [0.9580456873986922, 0.005017134569368539], [0.9367824505443482, 0.006170706031358618], [0.9155310264876814, 0.006020279287832268], [0.8943731863414348, 0.004787623265240583], [0.873367193641175, 0.002586758528554732], [0.8525604474007586, -0.0004973010926334121], [0.8319870122135766, -0.004362174964526627], [0.8116628869065907, -0.008873023830756235], [0.7916029901368559, -0.013943198045754439], [0.7718135179714021, -0.01948102790661157], [0.752290236050932, -0.025383567996520962], [0.7330261293479496, -0.03156018897178471], [0.7140128060241437, -0.03793099483697179], [0.6952466470916242, -0.04444046739745381], [0.6767243954149194, -0.051040405291990824], [0.6584420587147513, -0.05768533955749773], [0.6403972750342135, -0.06433806512865134], [0.6225904082392789, -0.07097157206824162], [0.6050203854406715, -0.07755727803813901], [0.5876879713986147, -0.08407347795404185], [0.5705910454695994, -0.09049254083490638], [0.5537292743865434, -0.09679311288693458], [0.5370990061914339, -0.10294621179487928], [0.5207026083074809, -0.10894016723539013], [0.5045425318865088, -0.11476480550790456], [0.48861888487745764, -0.12040455530637832], [0.4729290018617691, -0.12583674812202927], [0.45746846909698435, -0.1310335436162161], [0.4422332854124007, -0.1359673826268052], [0.42722173872862623, -0.14061656786099122], [0.41243354327773324, -0.1449626700104386], [0.39787018415715825, -0.14899144630533176], [0.38352517995548685, -0.15265643065029566], [0.369398615112051, -0.15592761798592872], [0.3554933179348131, -0.15877902921002623], [0.34181446825639034, -0.16118535701013925], [0.3283698932978363, -0.16312413224643008], [0.31517145334083707, -0.16458678467429905], [0.30223072787891364, -0.16554302447493008], [0.2895640294289113, -0.165985138854643], [0.2771892467282582, -0.1659275412582237], [0.26512410149521726, -0.16538326569548598], [0.2533851225753259, -0.16437136409778183], [0.24198562520288566, -0.16292830192477037], [0.23093618043224345, -0.1610864676178905], [0.2202399861615444, -0.15890682119185526], [0.20989561251532413, -0.15644268089789573], [0.199900025403141, -0.15373587854581167], [0.19024563726617857, -0.15083415928768226], [0.18092847198100026, -0.14776251039763227], [0.17193970090916555, -0.1445535512807786], [0.16327080770489255, -0.1412350722414059], [0.15491451766147177, -0.13782599369535734], [0.1468633983215866, -0.1343432511229429], [0.1391110781348146, -0.13079968434367462], [0.1316501054431905, -0.12720803863522748], [0.12447349903158887, -0.12357981416188006], [0.11757538742946107, -0.11992201233702383], [0.11094538581844211, -0.1162502535827559], [0.1045747945052396, -0.11257469130173221], [0.09845733173941477, -0.10890127058952347], [0.09258277529612795, -0.10524113293680559], [0.08694448302310329, -0.10159928551758944], [0.0815358121113451, -0.09798027128264215], [0.07635102931698302, -0.09438675014277749], [0.07138432383527314, -0.0908218925682882], [0.06662835201551362, -0.08729013335837936], [0.062078567625782274, -0.08379239500973629], [0.05772604435372043, -0.08033507039504618], [0.05356651419124011, -0.07691812098316686], [0.04959558315922193, -0.07354208057716807], [0.0458068551887658, -0.0702097679690488], [0.04219414686667237, -0.06692334198755442], [0.03875180990963492, -0.06368452708365495], [0.03547457331648651, -0.060494633186493015], [0.03235758420614901, -0.05735424956971034], [0.029395262706501932, -0.05426483686815213], [0.02658500461079792, -0.05122505201523496], [0.023924424620557463, -0.048233644638465745], [0.021411700963255783, -0.04528882367460882], [0.01904284434313998, -0.04239111584308955], [0.01681426632981735, -0.039540816581036836], [0.014722360361199664, -0.036738276278823215], [0.012766019047687708, -0.033981920744624285], [0.010946937941617711, -0.031268861049904], [0.009268060228468333, -0.028596206023895912], [0.007727916263220776, -0.0259643612100283], [0.0063280820405166895, -0.023372084654333942], [0.005072332506624902, -0.020818203316165334], [0.00396040285737978, -0.018304354811111104], [0.0029864108096577745, -0.015834822621689008], [0.002150389278720468, -0.013411107402804821], [0.0014587565753114823, -0.011033735660660503], [0.0009116623255976452, -0.008706534563268186], [0.000502791681611121, -0.006434881993229667], [0.00021381248288746688, -0.004224797539369156], [6.568486678814444e-05, -0.0020791805147900113], [0.0, -3.3451888595562394e-06], [6.275385992985337e-05, 0.0020715591791794427], [0.00020465879762133896, 0.0042147727197014975], [0.00048370178048242533, 0.006420789600672438], [0.0009004534417756729, 0.008683350136493708], [0.0014836303181404726, 0.010991600460137651], [0.0022458317754008314, 0.013333999602576578], [0.0031846770967821447, 0.0157029003445234], [0.0042863427323947, 0.018098220956429736], [0.005546678108736091, 0.02051690340566449], [0.006957860374009286, 0.022959350896076657], [0.008517541113401582, 0.025425209622257895], [0.010220552887981358, 0.027916005572934874], [0.012067358293665282, 0.03043063388189371], [0.01406030726086024, 0.03296742594615798], [0.01619727107455939, 0.03552815744912288], [0.01847972444717246, 0.038112025259677704], [0.020910020555476406, 0.040718303344367976], [0.02349001294124316, 0.04334664850647538], [0.026223351622036643, 0.045994891724665976], [0.029111844186344098, 0.04866320216783267], [0.03215899865197834, 0.05135019802333357], [0.03536760559947822, 0.05405502493097849], [0.03874016766166761, 0.0567775261618227], [0.042282005976894806, 0.05951449943915973], [0.045996042739923214, 0.06226517749362706], [0.04988609064019484, 0.06502800279034954], [0.053956754186485364, 0.06780058994750665], [0.058212504761800364, 0.07058017921857813], [0.06265774371852556, 0.07336426176682617], [0.06729630345591876, 0.07615150645275835], [0.07213273302444188, 0.07893879032648041], [0.07717255767107682, 0.08172173551946103], [0.08241968743984175, 0.08449842632602232], [0.08787788490112815, 0.08726699771843038], [0.09355424334474728, 0.09001947967209342], [0.09945219999205046, 0.0927540765951848], [0.10557694837363835, 0.09546596777536767], [0.11193237773267542, 0.09815225237150083], [0.11852427957328644, 0.10080573378980452], [0.1253566065259288, 0.10342302668879577], [0.13243443253554946, 0.10599733235585997], [0.13976236076739362, 0.10852278979107746], [0.1473454243864452, 0.11099106751092382], [0.15518792848167592, 0.11339558337007079], [0.16329382836158018, 0.11572962997681081], [0.1716672743417284, 0.11798498488718585], [0.1803129772359526, 0.12015008924546557], [0.18923485499946693, 0.12221353676897069], [0.19843635988922947, 0.12416532238972293], [0.2079216557334844, 0.12598693892826984], [0.21769417087459475, 0.1276612126438707], [0.22775615942007502, 0.129170737731058], [0.23810940365513472, 0.13049505953143106], [0.24875405747032595, 0.13162078336435526], [0.25968867802205137, 0.13253905509612104], [0.2709108896830732, 0.13325715824244388], [0.282418840629741, 0.1337790110937853], [0.2942109149831152, 0.13410472495622655], [0.30628560523179155, 0.13423387564413486], [0.3186415096178277, 0.13417918237613624], [0.33127714173830897, 0.13392781915235247], [0.3441909544949343, 0.13348729528585412], [0.35738132257595284, 0.1328587979052597], [0.3708463465634473, 0.13204163976196293], [0.3845838920159262, 0.131035201554524], [0.3985915869186942, 0.12983937358858702], [0.4128668907505091, 0.12845528182854535], [0.4274072910874482, 0.12688670501829638], [0.44220971970187606, 0.12513464751187833], [0.4572710609668504, 0.12320223038296331], [0.4725885438305618, 0.1210970618721417], [0.4881583270659131, 0.11882100451483009], [0.5039758094007815, 0.11637345937700207], [0.5200364959262355, 0.1137571061451373], [0.5363357474108131, 0.1109762933891758], [0.5528684141121142, 0.10803451728635133], [0.5696287013226128, 0.10493399846185845], [0.5866110765230581, 0.10168062000276493], [0.6038087155451005, 0.0982757971231399], [0.6212153282618118, 0.0947257445563913], [0.6388240966227791, 0.0910361902646586], [0.656627266933237, 0.08721028355427408], [0.6746178716185485, 0.08325692394661174], [0.6927878529150103, 0.07918173078221502], [0.7111289063086279, 0.07499102578452674], [0.7296331865073359, 0.07069483632182534], [0.7482911685126038, 0.06629754266167603], [0.7670930543702111, 0.061804052792137194], [0.7860296677499838, 0.057223360701893614], [0.8050910025005855, 0.052562420593207544], [0.8242662209963184, 0.04782611494079722], [0.8435460643794355, 0.04302693685789539], [0.8629204543221305, 0.03817508805647564], [0.882378777847279, 0.03327960570153563], [0.9019089578946802, 0.028344629710818338], [0.9214989967483393, 0.02337542010836361], [0.9411321677157508, 0.01835937945176518], [0.9607812571987658, 0.013244495096571099], [0.9804067147503193, 0.00793618866188317], [0.9999999999999999, 0.0024600000005134087]], [[1.0, -0.0019390003863749914], [0.976833665149484, 0.001208361137042085], [0.9536067525881421, 0.003665775460056233], [0.9303612281180204, 0.005413693773527257], [0.907136857567678, 0.0063485255675481845], [0.8839836467138208, 0.00640694056609687], [0.8609554346105258, 0.005615403820964768], [0.8381027645933942, 0.004010257848180921], [0.8154696623077826, 0.0016562620281935648], [0.7930941101758334, -0.0013838751954557207], [0.7710060511857401, -0.005033735853470301], [0.7492228509046417, -0.00918342207993364], [0.7277522545328445, -0.01371781610503486], [0.7065964263397544, -0.01852894363359143], [0.6857531137586059, -0.023514410415689167], [0.665219055803436, -0.028585232142654435], [0.6449918091346095, -0.033667207290816126], [0.6250651432071732, -0.03867864650401782], [0.6054369382605294, -0.04355876079722798], [0.5861076132769566, -0.04825942599744765], [0.5670803256428834, -0.05274533441408093], [0.5483609422224197, -0.0569943092520531], [0.5299539017410897, -0.060979718813891616], [0.5118669658151533, -0.06469181635484221], [0.4941048669698873, -0.06810830220709334], [0.476674624039263, -0.0712202042209839], [0.45958357169081593, -0.07402294064700962], [0.44283824703245006, -0.0765103204584538], [0.42644696824416745, -0.07869333872553681], [0.4104163089885555, -0.0805772672755562], [0.3947539405289884, -0.08218651504223115], [0.3794651282967609, -0.08353785357529404], [0.36455400951732825, -0.08464831206341238], [0.3500229572222893, -0.08552678920592025], [0.3358736103233505, -0.08618470229599984], [0.32210673710233323, -0.08663359317563102], [0.30872210671007394, -0.08687769835974042], [0.2957190225693669, -0.08693081066326169], [0.2830959842361401, -0.08680018569901497], [0.27085061712225716, -0.08650649328682286], [0.2589799402368991, -0.08605852959091011], [0.24748011169844716, -0.08547071116507572], [0.236346918316473, -0.08475076833363332], [0.22557504511685714, -0.08391553505295268], [0.21515927781466052, -0.08297322057100169], [0.20509371378159943, -0.0819330645968134], [0.1953719805619064, -0.08080542108869825], [0.1859877283198222, -0.0795976044141403], [0.17693470971748357, -0.07831309018395959], [0.16820546124617322, -0.07696306933578013], [0.1597923100015228, -0.07555735212928322], [0.15168788947527967, -0.07410190211878478], [0.14388458321201403, -0.07260371492918799], [0.13637489995347157, -0.07106730876089845], [0.1291510183125324, -0.06949931534520246], [0.12220498832051264, -0.06790517266730207], [0.11552916071252398, -0.06628965887392392], [0.1091160071669243, -0.0646558757102865], [0.10295778967763498, -0.06300845938319456], [0.09704649940861748, -0.06135231872033051], [0.09137444329246425, -0.05969131618256568], [0.08593388752619717, -0.058029529205358116], [0.08071789321075612, -0.05636811307470058], [0.07571946228399956, -0.05470910598153158], [0.07093213611013029, -0.05305305301499982], [0.0663495341912115, -0.05140042845291343], [0.0619653874312663, -0.04975220864427004], [0.05777372794283596, -0.04810874466116675], [0.053769930073348744, -0.04646724020754628], [0.04994706470192736, -0.04483141248226345], [0.04630159525933502, -0.04319741726077135], [0.042828032326817006, -0.041566178533173924], [0.039520537772017895, -0.039939686679886066], [0.03637489933216424, -0.038317123041320456], [0.03338708041294475, -0.036697827176894286], [0.030551886693255, -0.03508364185419755], [0.027865079356194082, -0.03347474508120782], [0.025320868133828126, -0.031874273878024315], [0.022914247001505916, -0.030284252658473617], [0.02064074250304801, -0.028705822507704204], [0.01849450621203169, -0.027142258436032733], [0.01647167232497869, -0.02559403603209867], [0.014567276227523643, -0.024063085719034257], [0.012780519542323468, -0.022546560188791104], [0.011110362355195297, -0.021042429766064432], [0.009555472114434976, -0.019549909032399764], [0.00811880156674035, -0.018064431839683], [0.006799557412234693, -0.016586235374829034], [0.005603042582487561, -0.015111136479746129], [0.004529916639226064, -0.013640148682911052], [0.00358057997505402, -0.012175447603258779], [0.0027545331102219826, -0.010720713769838741], [0.0020489537694226437, -0.009280876101202961], [0.0014580532775576487, -0.00786246486537281], [0.000974682831419139, -0.006471500595078246], [0.0005942559554855975, -0.005112724448295314], [0.0003106346448722071, -0.00379023648192473], [0.00014116750183871952, -0.0025080260487017315], [4.258139086602137e-05, -0.0012695533489186256], [0.0, -8.07429297230791e-05], [2.703891499212054e-05, 0.0011069199220914228], [0.00010378583685978981, 0.0023463389613667418], [0.00020744862220917312, 0.00363568584945485], [0.0003816828972885719, 0.004975410831033728], [0.0006030101805307147, 0.006366807059576295], [0.0008878711022507387, 0.007808283902545333], [0.001258654264062728, 0.009296151539153993], [0.0017298293925535454, 0.010824722314343478], [0.002318420264565575, 0.012385430642848853], [0.0030279520931767593, 0.013973831525221282], [0.003860885201402828, 0.015585552957443603], [0.004813145990132303, 0.0172203765719415], [0.005881209150564557, 0.01887912587605692], [0.007066052918597293, 0.020560734211970248], [0.008369178486117275, 0.022264132932130788], [0.00979396334755535, 0.02398719080213806], [0.011341020447446256, 0.025730319229957697], [0.013014672176022236, 0.02749087034601176], [0.014817196271639516, 0.02926847262288773], [0.01675176360937592, 0.03106202891238467], [0.018821453607853436, 0.0328710435982317], [0.021027140674163794, 0.034697882543222903], [0.0233678740777282, 0.036547779080403756], [0.025846155316889594, 0.03842271140365949], [0.028462524182506856, 0.04032780198847428], [0.03122106182970686, 0.04226408289858773], [0.034125805202193105, 0.04423298741761204], [0.03718293369864889, 0.04623296805154601], [0.04039825516050278, 0.04826309344890298], [0.04377706530488838, 0.05032345519980894], [0.04732549808332928, 0.052413149020942296], [0.051050697654810594, 0.05452952108568916], [0.05495834640282493, 0.05667246955880652], [0.059054075382790214, 0.05884236295040647], [0.06334544626152543, 0.06103636206770174], [0.067837406979526, 0.06325655174436466], [0.07253886729980405, 0.06549729490156694], [0.077455307806497, 0.06776047903890209], [0.08259425039832943, 0.07004346209531598], [0.08796409826904701, 0.07234173101803344], [0.09357027866988114, 0.07465806492378418], [0.09942177412033257, 0.07698637814444588], [0.10552599466299857, 0.07932494325486192], [0.1118902564041423, 0.0816718741548791], [0.11852277995421671, 0.08402309568988438], [0.1254313456865069, 0.08637551583222416], [0.13262439735127599, 0.08872382895507279], [0.14010909115266929, 0.09106652748962484], [0.14789473201647851, 0.09339484236060501], [0.15598803729836194, 0.09570788033841601], [0.1643972046635561, 0.09799966669823054], [0.17313090366978234, 0.1002610872509072], [0.18219625317466745, 0.1024884488631392], [0.19160117821602232, 0.10467335873138892], [0.20135344524726753, 0.10680676439671803], [0.21146022404876227, 0.10888079203218182], [0.22192844695403505, 0.11088615149452234], [0.23276482863235115, 0.1128125833838306], [0.24397619002542187, 0.11464623545401881], [0.2555682585224673, 0.1163755018250437], [0.26754640771606897, 0.11798625718591638], [0.27991534312512684, 0.11946430842985416], [0.2926791337144857, 0.12079352694957869], [0.3058413098641695, 0.12195308207260977], [0.31940384148479045, 0.12292744072569248], [0.3333678277062395, 0.12369939967764504], [0.34773338935256437, 0.12424734146192619], [0.3624994401061996, 0.12454374707019648], [0.3776631061817516, 0.12455877804589938], [0.3932199528759583, 0.12427764970120815], [0.4091644181511098, 0.123688684735866], [0.4254903247199473, 0.12278798262829886], [0.44219025448480037, 0.1215611694377844], [0.45925702641684335, 0.12001225605453936], [0.476681803968363, 0.11813163885334634], [0.4944550896531459, 0.11591404779782791], [0.5125695144716125, 0.11337560155722455], [0.5310200897257158, 0.110547841109068], [0.5497999905081514, 0.10744910372683311], [0.5689011686737899, 0.10409203147706791], [0.5883149457245113, 0.1004887102558854], [0.6080328475234409, 0.09665561281447625], [0.6280439482121664, 0.0925997312516052], [0.6483384732623448, 0.0883376004448897], [0.6689085639001933, 0.08389762909050197], [0.6897423853274149, 0.07929258054528318], [0.7108267803898747, 0.07453284872357485], [0.7321514832360727, 0.0696450339949219], [0.7537010110249314, 0.06463614761507476], [0.7754537421328584, 0.059490679634671306], [0.7973941986248114, 0.054222948192427144], [0.819504531008367, 0.04884028541645812], [0.8417672635894113, 0.0433542518876065], [0.8641661965906428, 0.03778390129512104], [0.8866844582644239, 0.03214751880531952], [0.9092952294959807, 0.026425690468781578], [0.9319737423240684, 0.020609410003958113], [0.9546923924012913, 0.014680795933421403], [0.9774075651046532, 0.00856452995214576], [1.0, 0.0019390003863749914]], [[1.0, -0.0021310000037788237], [0.9775895506124036, 0.001913825441129126], [0.9551154895669566, 0.005460874488214712], [0.9325586090905654, 0.008110895069965679], [0.9099532987184192, 0.009576357901559583], [0.8873790541383196, 0.009790345158715203], [0.8649202241520522, 0.008837259561191219], [0.8426486093380259, 0.006806289485366869], [0.8206260822117297, 0.0037701604950420263], [0.798903541911447, -0.0001856974827955256], [0.7775176100929174, -0.004957166667947012], [0.7564860293297848, -0.010409378811988463], [0.7358096489395104, -0.01639674153013128], [0.7154756898593609, -0.022769690184532912], [0.6954709312990447, -0.029409199301813974], [0.6757750342577828, -0.03619537941516732], [0.6563722513341982, -0.04303564156417387], [0.6372449837998863, -0.0498403353385295], [0.6183780211685944, -0.05653120726959001], [0.5997575752891673, -0.06303580343579426], [0.581377706179153, -0.06930401667433099], [0.5632372062538326, -0.07529910991986614], [0.5453375058551059, -0.080991726105571], [0.5276821925163424, -0.08635875763658644], [0.5102733700063681, -0.09137169654228748], [0.49311599104548703, -0.0960100245026935], [0.47621598223145306, -0.10025563066166528], [0.4595817035464255, -0.1040994557900956], [0.44322244762509394, -0.10753644348560926], [0.42714862984453866, -0.11056852392269112], [0.41137183081557877, -0.11320788380688977], [0.3959032131277498, -0.11547082632487621], [0.38075415761114656, -0.1173870412278172], [0.36593236222482944, -0.11896977171472001], [0.35144439893657214, -0.12023184480455676], [0.3372961914771097, -0.12119024054078342], [0.32349191985612324, -0.12185001562930087], [0.310035453699868, -0.12222143189490473], [0.29693003679938645, -0.12231997060612315], [0.2841779630204797, -0.12216110597225541], [0.27178059089939094, -0.12176047782909886], [0.2597384273953142, -0.12113289800826667], [0.24805082117300198, -0.12029689217099597], [0.23671626244598157, -0.11926871602744005], [0.22573199871669167, -0.1180691405546001], [0.21509523976795883, -0.11671083177930136], [0.2048025386823678, -0.11520534123769119], [0.1948497659778504, -0.11356527966102646], [0.18523261775774236, -0.1118021120987719], [0.17594630170230205, -0.10992587517098534], [0.1669853322728502, -0.10794780314140884], [0.1583435752085564, -0.10588084043531373], [0.1500141329336694, -0.10373746251771955], [0.14199036596947448, -0.10152778694884575], [0.13426571445275678, -0.09926034109978014], [0.12683378976933388, -0.096941480664656], [0.11968782637954307, -0.0945789422858882], [0.11282073583887381, -0.09217963210301357], [0.10622396296189889, -0.08975475484557091], [0.09989169248967072, -0.0873062950133011], [0.0938157717793872, -0.08484300661502199], [0.08798911385331058, -0.08236946580406715], [0.08240412883455009, -0.0798919354025253], [0.07705447175509314, -0.0774128237242287], [0.07193356950514176, -0.07493565906607039], [0.06703666870997646, -0.07245990013191281], [0.062357519098972976, -0.06998823475775515], [0.057893105501384705, -0.06751793835433442], [0.053636188639384845, -0.06505362273556718], [0.04958318686699468, -0.06259413160490264], [0.04572903745909673, -0.060141235065651104], [0.042070012048431936, -0.0576942129363743], [0.03860144341303854, -0.05525488917965123], [0.03531982834222699, -0.05282350499751225], [0.03221973181342968, -0.050402715562928566], [0.02929474708193874, -0.04799670834888614], [0.026539955138780626, -0.04560793620639587], [0.023947923700053452, -0.04324138455340664], [0.0215121300668762, -0.040900483275683144], [0.019225059112753833, -0.038589696318032565], [0.017081281464323948, -0.03631120882450674], [0.015076115602385807, -0.034066392429998524], [0.013207003183071294, -0.0318548588868981], [0.011471976267418102, -0.02967584392044276], [0.009868568941108338, -0.02752950322849306], [0.008395503909290317, -0.025415549040862625], [0.007055217193135279, -0.02333164634980711], [0.005851527227973457, -0.02127579323812431], [0.0047801769183548675, -0.019251376910864836], [0.0038369755340859346, -0.01726168841761263], [0.003018095260854638, -0.01530975782682571], [0.0023162031965869335, -0.013399978917961278], [0.0017255505699662738, -0.011535658288542564], [0.0012346674064630117, -0.009721309378249216], [0.0008363981877629224, -0.007959390483112637], [0.0005221537638503409, -0.006252241272248731], [0.00028356430990150125, -0.004601185986835134], [0.00013619902915584456, -0.0030067509319451], [3.921481363896574e-05, -0.0014690108233549192], [0.0, 9.298762469517623e-06], [3.9098609559773754e-05, 0.0014872569777088318], [0.00013512213683419127, 0.0030235353673022675], [0.0002847955009281827, 0.004614935503083575], [0.0005325774116353969, 0.006260848931649252], [0.0008656364915078178, 0.00795900845094744], [0.0013135691205238206, 0.00970196944488994], [0.0019111376545913302, 0.011475253235688985], [0.0026807408629849166, 0.013262673818526837], [0.003600724192793185, 0.015065037490570313], [0.004655079145994932, 0.016885255259873916], [0.005838820104025359, 0.018723807528616517], [0.007149590803959554, 0.020581114595865084], [0.008582253268339148, 0.022460155154746704], [0.01013691344252921, 0.02436124688994229], [0.01181459703257944, 0.026284389823412274], [0.01361497124005293, 0.02823152306790788], [0.015541022195220685, 0.030202097372300566], [0.017593183006739087, 0.0321981131732947], [0.019774141096053854, 0.03421981701468313], [0.022086386923098993, 0.036267907698765096], [0.024533259536285393, 0.038342543187190554], [0.027118475505200506, 0.04044369336965364], [0.02984636494041035, 0.04257062391606884], [0.03272022840463407, 0.04472401651833227], [0.03574442530574879, 0.046903452956441896], [0.038922370216802456, 0.04911021367311241], [0.04226026684961364, 0.051341652743278815], [0.04576195550201479, 0.053598595493724525], [0.04943248524787235, 0.05588022653366529], [0.05327829990153091, 0.058183851280348094], [0.05730288733678112, 0.06051154020029567], [0.061511976633918365, 0.06286179490674991], [0.0659113357913531, 0.06523321192770579], [0.07050673457776377, 0.0676246039440324], [0.07530478728132266, 0.07003289447354384], [0.08031103485159174, 0.07245729915089472], [0.0855321680418123, 0.07489491822622212], [0.09097480053592173, 0.0773424929347805], [0.09664442278120114, 0.07979968292947948], [0.10254848580422807, 0.08226146743756876], [0.10869298033645212, 0.08472592285995215], [0.1150845425832937, 0.08718995240450775], [0.1217301425271503, 0.08964877987779266], [0.12863554389261436, 0.09210129846842356], [0.13580854555537267, 0.09453982690013492], [0.14325552570413355, 0.09696086549097907], [0.1509830079985321, 0.09935944351037918], [0.15899756410118376, 0.10173061615742444], [0.16730595257762976, 0.10406723975746107], [0.17591432479857244, 0.10636443985553647], [0.18482962923500224, 0.10861231892031875], [0.19405793773688093, 0.11080383232522216], [0.20360563137387952, 0.11292871131997767], [0.21347836035353773, 0.11497767700024242], [0.22368151831007996, 0.11694153728441808], [0.2342204087579503, 0.11880777737754625], [0.24510001188573416, 0.12056287098678577], [0.2563244825959865, 0.12219473868288744], [0.2678978973112228, 0.12368582745311961], [0.2798231192192673, 0.12502169454542358], [0.2921026932254879, 0.1261833719739644], [0.3047382269050219, 0.12715035010257258], [0.31773014274337685, 0.1279014893920215], [0.33107810922142333, 0.12840377505791067], [0.3447797401338944, 0.12862384158847284], [0.35883077901230326, 0.12855179276561313], [0.3732259519465621, 0.12816528994152396], [0.3879608026930812, 0.12749398063292514], [0.40303227983643647, 0.12656553719505417], [0.41843699636046044, 0.12539008021350354], [0.4341704369625366, 0.1239641879342099], [0.45022679956109685, 0.1222786592084061], [0.46660108701411773, 0.12033760350005591], [0.4832893793929064, 0.11815653205408093], [0.500287831619882, 0.11575172994564752], [0.5175897904250866, 0.11312166644489693], [0.5351875519097521, 0.11026270096196396], [0.5530753448488067, 0.10718720198855979], [0.5712456592350028, 0.10389988538554464], [0.589691670102226, 0.10041247756371383], [0.6084062068233907, 0.09673736651151824], [0.6273785604416049, 0.09287208036212348], [0.6466006414828296, 0.08883048634763589], [0.666062255100916, 0.08461914592291746], [0.6857542932764952, 0.08025248500914448], [0.7056666079530125, 0.07574273810067429], [0.7257893527706656, 0.07110594212527098], [0.7461125784132231, 0.06636002863079926], [0.7666197816744784, 0.06149747078395981], [0.787295179785559, 0.0565168331298729], [0.8081274618095289, 0.05143765628142989], [0.8291059235181037, 0.04628370389357834], [0.8502149754266094, 0.04106062395086157], [0.8714343874424391, 0.03575727538372294], [0.8927510957138587, 0.030393041427295014], [0.9141492832459778, 0.02497756693446031], [0.9356101221147702, 0.019509787672911134], [0.9571082369183749, 0.013964310264332888], [0.978595851680291, 0.008233380422732379], [0.9999999999999999, 0.002131000003778824]], [[1.0, -0.002830000001859169], [0.9811837773979705, 0.0016223767774116837], [0.9620065410687535, 0.004016711123607595], [0.9427030793669725, 0.004525824069067522], [0.9234401769276599, 0.0036418589289656743], [0.9042857290511003, 0.001770119741177596], [0.8852815848274262, -0.0009513764471235287], [0.8664560127358609, -0.00440949555478766], [0.8478400948839451, -0.008565537604841281], [0.8294379231858372, -0.013287272185901238], [0.8112509541923165, -0.018479045987033163], [0.7932807314260617, -0.02406888909049914], [0.7755146339430014, -0.029958862157686502], [0.7579500446384906, -0.03609641071323341], [0.7405759992287564, -0.0424132586066432], [0.7233886273372915, -0.04886770430887], [0.7063821924843103, -0.055417590857453146], [0.6895558265210109, -0.06203652547099119], [0.6729084344867632, -0.06869969058983716], [0.6564390726234987, -0.07538423132435551], [0.6401392915015507, -0.08205083045713511], [0.6240251736574562, -0.0887210770572695], [0.6080876088590171, -0.0953563621063244], [0.5923320845276658, -0.10195433558964156], [0.5767558309310191, -0.10849394090306932], [0.5613570843145801, -0.11495735540736762], [0.5461268087493617, -0.12131014182642451], [0.5310620081459319, -0.1275327482727866], [0.5161672946325815, -0.1336244578735832], [0.5014398339060264, -0.1395670765950957], [0.48687058924127385, -0.14532681331506625], [0.4724671083731676, -0.15091163809500116], [0.45821324357729964, -0.1562681942587021], [0.44411244262403754, -0.16139244226605526], [0.4301591197156747, -0.16625596120447764], [0.4163530643539329, -0.17084288655178587], [0.4026993321896731, -0.1751519618867307], [0.3891844816366457, -0.17912085374947762], [0.3758109672535017, -0.18273054609856348], [0.36257741940956467, -0.18594239759451095], [0.34949078202574574, -0.18874099770947106], [0.3365552966773616, -0.19108885975032783], [0.32378242250339717, -0.1929715796571311], [0.31118571829495256, -0.19437639614138644], [0.2987772449185568, -0.1952518225592638], [0.2865789076827296, -0.1956025193332545], [0.27461090010926503, -0.1954591885210043], [0.26289518607403345, -0.19477610972977827], [0.25145119076508426, -0.19361119318484618], [0.24029698926076964, -0.19199293586138377], [0.22945095378564076, -0.18992501640683349], [0.2189121041495221, -0.18750376627453813], [0.2086887605558708, -0.1847550104825263], [0.19877634390527602, -0.1817369517773952], [0.18916797993328816, -0.17849889830192267], [0.17986889036961612, -0.175048406941638], [0.17086301184350827, -0.17144422219646155], [0.16215266534885658, -0.16769044629227967], [0.15372829303302588, -0.1638192500176995], [0.14558745670190343, -0.1598415033777759], [0.13772510258334048, -0.1557730532193808], [0.13013902943452607, -0.15162201872798362], [0.1228233870001645, -0.14740255111739228], [0.1157768870345961, -0.14312024583875432], [0.1089816420952253, -0.13880582126306804], [0.10243814406044341, -0.13445844990172265], [0.09613938377605068, -0.130089312084225], [0.09009239345471137, -0.1256892117705499], [0.08427284708544944, -0.12129125487913094], [0.0786821954842468, -0.11689262243472914], [0.07331879231121385, -0.11249450190882329], [0.06818081355052494, -0.10809916640428857], [0.06325317708848213, -0.10372299745101958], [0.05852929693202671, -0.09937171256458543], [0.05402023772214769, -0.09503267658980481], [0.049700747872653515, -0.09073075917877081], [0.045580917065118035, -0.08645455498417223], [0.04164088243811803, -0.08222151716235207], [0.03789161922209649, -0.07802012484904075], [0.034312987463095655, -0.07386679889786679], [0.030913918648966233, -0.06975222680857743], [0.02767807424269851, -0.06568863067032356], [0.02462117609537189, -0.06166217465724496], [0.021743103301659895, -0.05767288535223195], [0.019045885748615096, -0.05371912141880981], [0.01652816470064147, -0.049802591906833324], [0.014190237918440938, -0.045923662141719154], [0.01203336195408771, -0.04208309734746071], [0.01005547880202385, -0.03828367427181771], [0.008264508236027838, -0.03452292895844611], [0.006650860056736503, -0.030808752584614397], [0.005219285123002688, -0.027141252884979084], [0.003988760126638076, -0.023517452886264077], [0.0029419676240969956, -0.01994829275889903], [0.002068753815089431, -0.016440134862041857], [0.0013427518632613273, -0.013002665980361759], [0.0007605654603107502, -0.009639195778434055], [0.0003361327935785092, -0.00634935662641029], [9.69413048596528e-05, -0.0031366691291961485], [0.0, -7.159524797938855e-06], [9.47436524686577e-05, 0.003120778887400487], [0.00032666725877720685, 0.006329221713402538], [0.000754988177268685, 0.009610040057745644], [0.001346974363676153, 0.012959599774243831], [0.00206590984165531, 0.01638224480998399], [0.0029094062826997068, 0.019877219400188606], [0.003923789226773694, 0.02343034948467338], [0.005163685383938457, 0.027020291373444822], [0.006637239876100507, 0.03063492883071392], [0.008327971998803172, 0.03427205371792008], [0.010217152135096818, 0.03793509725130167], [0.012303197026327005, 0.041619657363978976], [0.01458482831656629, 0.04532303697381763], [0.017055987101197868, 0.049045098094539226], [0.019726760037448672, 0.05277665639693846], [0.022590907052509653, 0.05651825570155244], [0.025662084080394585, 0.06025716868387596], [0.028933667385635645, 0.06399488550149399], [0.03240715229337781, 0.06772833390213286], [0.036079893359490425, 0.07145696870343868], [0.039955101129076874, 0.07517604706933811], [0.04403490936009387, 0.07888159923567299], [0.04832745440808799, 0.08256260768232888], [0.05283321175245189, 0.08621548700892999], [0.05754805344407235, 0.08984418333102602], [0.062480527214791755, 0.09343479104381897], [0.06763196035035153, 0.09698460047521142], [0.07300233606674326, 0.10049005289353487], [0.07859508095044829, 0.10394451013038586], [0.08441020781989178, 0.10734595238477074], [0.09044599558672183, 0.11069585507873596], [0.09671438850296947, 0.11396998119604908], [0.10320876783028253, 0.11717813302999087], [0.10993678367952997, 0.12030270347429231], [0.11689067625219011, 0.12335782173946641], [0.1240804141546554, 0.12631845131895092], [0.1314991985607487, 0.1291978988179016], [0.13915626569620768, 0.13196971919268854], [0.14704879140466004, 0.13463692190056986], [0.15518001058722258, 0.13718594077549678], [0.16355048662404914, 0.1396091181130266], [0.17215783116896108, 0.14190809158613674], [0.18100639480553213, 0.14405978481601203], [0.19009258420300848, 0.14607050271783675], [0.19942123709681336, 0.14790648421895705], [0.20898906290971803, 0.14956850086412524], [0.218794023998682, 0.15105206679304645], [0.22883980934283493, 0.15230874982945566], [0.23911860940319832, 0.15336021116794835], [0.24963077417350804, 0.15416639836407597], [0.26036996600625667, 0.15474175274863616], [0.27133150787027105, 0.15510170434060366], [0.28251195733839257, 0.1552488776272243], [0.29390802362672663, 0.15520248926960858], [0.3055171920283204, 0.15496123034431084], [0.31733744617557796, 0.15454181315458176], [0.3293667237148009, 0.15394521631459104], [0.34160325950348447, 0.15318002311210732], [0.35404736184716473, 0.15227548791061116], [0.3666956501611326, 0.15121159619591543], [0.3795464655126563, 0.1499914960114003], [0.39259630902119047, 0.1486024580251468], [0.4058434438307282, 0.14705264271505394], [0.41928177311588166, 0.14531430624662187], [0.432912988676036, 0.14342451511472723], [0.4467321972716483, 0.1413689112437097], [0.4607366635995013, 0.1391506151108981], [0.4749243499395826, 0.13677891877933435], [0.489289133735205, 0.13423888089724445], [0.5038315978874058, 0.1315550382545453], [0.5185428696172172, 0.12870147083502506], [0.5334206289069783, 0.12568942664807486], [0.5484626795087824, 0.12253037627469913], [0.5636669432731558, 0.11923595540869647], [0.5790287261195676, 0.11580683460648776], [0.5945421845710058, 0.11223962078616656], [0.6102036697912199, 0.10854143801543914], [0.6260111206841812, 0.10472702487180596], [0.6419557738494763, 0.10078386625741038], [0.6580371559345399, 0.0967341836484175], [0.6742511274972267, 0.09258583255355393], [0.6905905729835956, 0.08833583674892198], [0.7070527647947041, 0.08399890577471705], [0.7236319219802987, 0.07957888103572577], [0.7403207698117188, 0.07507462292069986], [0.7571155676460406, 0.07049909943144601], [0.774011472926964, 0.06586160245880944], [0.7910073306167331, 0.06118548159711414], [0.8080881569965305, 0.05644435567708264], [0.8252524374348109, 0.05166145510182463], [0.8424948621174428, 0.04684679128996201], [0.8598136826070358, 0.042023603447434305], [0.8771990265431705, 0.03718659298895044], [0.8946472592440337, 0.03235324534425167], [0.9121462097915316, 0.027510775479559515], [0.9296930295733455, 0.02268069945074008], [0.9472718967053774, 0.017837290272240226], [0.9648546536880673, 0.012911258903651792], [0.9824224201632052, 0.007869002858282629], [1.0, 0.002830000001859169]], [[1.0000004460870446, 0.0], [0.9765181377704962, 0.0033503458193860436], [0.9528349614920887, 0.004561231204037815], [0.9291688813399162, 0.004608758445173081], [0.9055880152373229, 0.003824865058949438], [0.8821340841577338, 0.0023897194778013603], [0.8588365112313732, 0.0004701683183538166], [0.8357202405309915, -0.0018618259980518021], [0.81280543502648, -0.004514097994112237], [0.790109855012354, -0.00741484964520475], [0.7676493554683339, -0.010501294844040143], [0.7454386075031907, -0.013719467484506432], [0.7234916962435533, -0.017024917387224905], [0.701821484285372, -0.020375743005920956], [0.6804410517356708, -0.023740850911270126], [0.659362672436373, -0.027092199842812914], [0.6385977712962958, -0.030403791738686202], [0.6181559717784221, -0.033645209790722205], [0.5980462195556562, -0.036788741949875865], [0.57827867848383, -0.039821082978229366], [0.5588614689380115, -0.04272160920504299], [0.5398025751371948, -0.045474839190014445], [0.5211094287298781, -0.04806863690517269], [0.5027887480765512, -0.05049395698077676], [0.48484578443271004, -0.05273273356398171], [0.4672858394242467, -0.05477295157075164], [0.4501143069542199, -0.056620245364824504], [0.43333360652816016, -0.05824514697782827], [0.4169461504468922, -0.05962744297496811], [0.40095266487034664, -0.060722502863564384], [0.3853567072204385, -0.06150599982499801], [0.3701649277842016, -0.06203539632249468], [0.355381384920251, -0.06237604651794746], [0.34100654055523255, -0.06255667891052247], [0.32703946015784113, -0.06259914783378641], [0.31347789610570337, -0.062527383923879], [0.30031875682473597, -0.06234848239119661], [0.28755811899588685, -0.06207800208349653], [0.2751914500210063, -0.061721642000887374], [0.26321350294620344, -0.0612918854747334], [0.25161853004225593, -0.06079806261592419], [0.24040043948143622, -0.06024511220125823], [0.22955276118573179, -0.059637656109613905], [0.21906841857646958, -0.058984358947994996], [0.2089402708760717, -0.05828932465831253], [0.19916097841829328, -0.057555687425669765], [0.18972289780235135, -0.0567876533592843], [0.18061811928692714, -0.05599015793759007], [0.17183863075274447, -0.05516735778138359], [0.16337659658480075, -0.0543202723360137], [0.15522388045133811, -0.053452045351549994], [0.14737221794612076, -0.05256615624617064], [0.13981338142947716, -0.051665159774593516], [0.13253954120990458, -0.05074860074129317], [0.1255424789734564, -0.049820152426795675], [0.1188141305759639, -0.04888101538768345], [0.11234652164393837, -0.047931840218594646], [0.10613198301570556, -0.04697477801382004], [0.10016197982561603, -0.04601357359152163], [0.0944294931637118, -0.04504677538582093], [0.08892703907977001, -0.04407455135488405], [0.08364784433088089, -0.043094516175208236], [0.07858452994226298, -0.042108581392924095], [0.07373015208819257, -0.04111701625704165], [0.06907774303305188, -0.04012093307702896], [0.06462034079592108, -0.039122074059337666], [0.06035164445939496, -0.038119759797479544], [0.0562655651671522, -0.037113604331459916], [0.05235588726678551, -0.03610441513115308], [0.04861700970837076, -0.03509130322152278], [0.045043261264874776, -0.03407364841317261], [0.041628964589765886, -0.03305247190548831], [0.038369795910604354, -0.032025878338957245], [0.03526037952026835, -0.030993267491825564], [0.03229693454038217, -0.02995257113532104], [0.02947625222409505, -0.028901908547674868], [0.02679253479586085, -0.02784092146075845], [0.0242464394876411, -0.026765958871982073], [0.02183129151117466, -0.025675967136068276], [0.01954386568652233, -0.024578097744019187], [0.017387194239583834, -0.02345618140706258], [0.015356209140913507, -0.022317024786431404], [0.013451562294869332, -0.02115699706070667], [0.011675543416938779, -0.019972824360107635], [0.010023096495350476, -0.01876755200210775], [0.008502145592580364, -0.017535227714924446], [0.007110307344740233, -0.01628010832421009], [0.005852468099240144, -0.015001190794745815], [0.004731861233070054, -0.013699990358819126], [0.0037565218899306223, -0.01237706549667903], [0.0029237479759216946, -0.011042311042056028], [0.0022258224921704105, -0.009707202384559015], [0.0016421944249791448, -0.00839025225014952], [0.0011674071379237964, -0.007096083381616987], [0.0007860219843689665, -0.005833240245907196], [0.000488855210643372, -0.00460670259922538], [0.00026857911001441063, -0.0034195341190326064], [0.00011564473527153583, -0.0022742370624388637], [3.8234935848622704e-05, -0.0011719679571971164], [4.460870447263659e-07, -0.00011515817860324363], [2.550770370222821e-05, 0.0009413721557157855], [9.572634522566156e-05, 0.002044235539651527], [0.00023055790745389116, 0.0031905361370785004], [0.0004375512762208543, 0.004378952444687019], [0.0007264693637629108, 0.005606002093691847], [0.001100171014200835, 0.006868903113325143], [0.001564108417242758, 0.008164542032458894], [0.00211852603671158, 0.009490964685678198], [0.002767885413041842, 0.010846577850726565], [0.003515361475208011, 0.012225682602326898], [0.004370584300987457, 0.013624136173776101], [0.0053324333890506686, 0.015040865027661691], [0.0063975632242433715, 0.016477422271039686], [0.007567016079226439, 0.01793363888612539], [0.008841436854896767, 0.019409941069326246], [0.010221949154150301, 0.020906796380060468], [0.011711642032627716, 0.022424698285992688], [0.013308481302085666, 0.02396602269883861], [0.015019953649015564, 0.025528818280583624], [0.0168459342254984, 0.027115340552175852], [0.018788606918538394, 0.028727587608190643], [0.020855750858690007, 0.030360336644069542], [0.023045926018218022, 0.03202307107015754], [0.02536231649764435, 0.0337137264808651], [0.0278155120454048, 0.03542737645510473], [0.0304062511622073, 0.037167910697463155], [0.033140097477944, 0.03893538012320256], [0.03602052775432978, 0.040731080268338625], [0.03905437132756379, 0.04255455839297211], [0.04224623902505725, 0.04440514463510852], [0.04560284507763927, 0.046282525533917936], [0.04912981195928125, 0.04818700913182559], [0.052832842748179655, 0.05011823206800806], [0.056718866995718646, 0.052075230649268764], [0.0607947047630223, 0.054057085676830506], [0.06506712861314437, 0.056063012697404595], [0.06954249371126948, 0.058093326751694076], [0.07422822025953532, 0.06014645457165258], [0.07913118181478787, 0.06222244926278399], [0.08425898501183735, 0.06431987928387095], [0.08961960600272317, 0.06643658610439666], [0.09522059487799849, 0.06857167442528608], [0.10107098586598588, 0.07072046706417735], [0.10717732063427275, 0.0728863228907043], [0.11354794385365692, 0.07506427985230078], [0.12019266958464805, 0.07725023502403297], [0.12711922776229506, 0.07944237306952034], [0.13433615738296922, 0.08163663945311392], [0.14185215621073743, 0.08383039983506743], [0.14967551327286635, 0.08602119010454895], [0.15781518297182554, 0.08820294014510692], [0.1662799953252845, 0.09037008845618683], [0.17507835666655924, 0.09251850738994281], [0.1842185013123418, 0.09464383175570071], [0.1937089033501212, 0.09673960280172594], [0.20355794740313432, 0.09879860173939893], [0.2137734436395392, 0.1008146415879302], [0.22436333753119594, 0.10277919050195869], [0.23533512054419053, 0.10468379499436553], [0.2466959707762309, 0.10651897416299538], [0.2584523516993665, 0.10827649300135887], [0.2706108420113542, 0.1099430651240096], [0.2831771712094237, 0.11150783543414322], [0.29615633591795154, 0.11295917818013856], [0.30955316216182216, 0.11427827214342408], [0.3233713336255826, 0.11544864715751399], [0.3376135405533433, 0.11645520129026267], [0.35228167141102223, 0.1172703084254569], [0.36737653638541357, 0.11786958810610806], [0.3828970252162417, 0.118205055013323], [0.39883998982774904, 0.11821378270490515], [0.4151976198348214, 0.11784515041861458], [0.43196192614486406, 0.1171097470836302], [0.4491269112419659, 0.11605247335959082], [0.4666852991254267, 0.11467287089175758], [0.48463052205572976, 0.11300700390236351], [0.5029535897805232, 0.11102508962419029], [0.5216452984122093, 0.10873454352282483], [0.540696201304628, 0.10615053341101109], [0.5600953119454253, 0.10326801896691279], [0.5798312644462318, 0.10008812985031398], [0.5998923495711984, 0.09661826512420554], [0.6202662032939105, 0.09286879637600434], [0.6409384746916718, 0.08884242251615486], [0.6618963982618496, 0.0845526074062937], [0.6831268849563861, 0.08001577628605991], [0.7046158480492397, 0.07524729126776412], [0.726347761047653, 0.07025938378848683], [0.7483058554736634, 0.06506254919278022], [0.7704753519406341, 0.059679015311801996], [0.7928413271823407, 0.054132403812706065], [0.8153888026361333, 0.048448520372908234], [0.8381028089481675, 0.04265548087670434], [0.8609681648624221, 0.03678274292921547], [0.883969135410253, 0.03085972944278778], [0.9070881940235476, 0.024910969895257654], [0.9303064559277823, 0.018957665257020556], [0.953599193306492, 0.012999870578538623], [0.9769185214056193, 0.006948866535300887], [1.0000004460870446, -1.0842026561340473e-19]]]",3D array of the x and y airfoil coordinates of the n_af airfoils.
airfoils.name,output,n/a,"['DU40_A17', 'Cylinder', 'DU30_A17', 'DU21_A17', 'DU25_A17', 'DU35_A17', 'NACA64_A17']",1D array of names of airfoils.
configuration.rated_power,output,W,5000000.0,Electrical rated power of the generator.
configuration.lifetime,output,year,25.0,Turbine design lifetime.
configuration.rotor_diameter_user,output,m,126.0,Diameter of the rotor specified by the user. It is defined as two times the blade length plus the hub diameter.
configuration.hub_height_user,output,m,90.0,Height of the hub center over the ground (land-based) or the mean sea level (offshore) specified by the user.
configuration.ws_class,output,n/a,I,"IEC wind turbine class. I - offshore, II coastal, III - land-based, IV - low wind speed site."
configuration.turb_class,output,n/a,B,"IEC wind turbine category. A - high turbulence intensity (land-based), B - mid turbulence, C - low turbulence (offshore)."
configuration.gearbox_type,output,n/a,geared,"Gearbox configuration (geared, direct-drive, etc.)."
configuration.rotor_orientation,output,n/a,upwind,"Rotor orientation, either upwind or downwind."
configuration.upwind,output,n/a,True,Convenient boolean for upwind (True) or downwind (False).
configuration.n_blades,output,n/a,3,Number of blades of the rotor.
control.V_in,output,m/s,3.0,Cut in wind speed. This is the wind speed where region II begins.
control.V_out,output,m/s,25.0,Cut out wind speed. This is the wind speed where region III ends.
control.minOmega,output,rad/s,0.72256,Minimum allowed rotor speed.
control.maxOmega,output,rad/s,2.0,Maximum allowed rotor speed.
control.max_TS,output,m/s,80.0,Maximum allowed blade tip speed.
control.max_pitch_rate,output,rad/s,0.1745,Maximum allowed blade pitch rate
control.max_torque_rate,output,N*m/s,1500000.0,Maximum allowed generator torque rate
control.rated_TSR,output,,7.01754386,Constant tip speed ratio in region II.
control.rated_pitch,output,rad,0.0,Constant pitch angle in region II.
control.ps_percent,output,,0.9,Scalar applied to the max thrust within RotorSE for peak thrust shaving.
control.fix_pitch_regI12,output,n/a,False,"If True, pitch is fixed in region I1/2, i.e. when min rpm is enforced."
costs.offset_tcc_per_kW,output,USD/kW,0.0,Offset to turbine capital cost
costs.bos_per_kW,output,USD/kW,2979.0,Balance of station/plant capital cost
costs.opex_per_kW,output,USD/kW/year,144.0,Average annual operational expenditures of the turbine
costs.wake_loss_factor,output,,0.15,The losses in AEP due to waked conditions
costs.fixed_charge_rate,output,,0.075,Fixed charge rate for coe calculation
costs.labor_rate,output,USD/h,58.8,
costs.painting_rate,output,USD/m**2,30.0,
costs.blade_mass_cost_coeff,output,USD/kg,14.6,
costs.hub_mass_cost_coeff,output,USD/kg,3.9,
costs.pitch_system_mass_cost_coeff,output,USD/kg,22.1,
costs.spinner_mass_cost_coeff,output,USD/kg,11.1,
costs.lss_mass_cost_coeff,output,USD/kg,11.9,
costs.bearing_mass_cost_coeff,output,USD/kg,4.5,
costs.gearbox_torque_cost,output,USD/kN/m,50.0,
costs.hss_mass_cost_coeff,output,USD/kg,6.8,
costs.generator_mass_cost_coeff,output,USD/kg,12.4,
costs.bedplate_mass_cost_coeff,output,USD/kg,2.9,
costs.yaw_mass_cost_coeff,output,USD/kg,8.3,
costs.converter_mass_cost_coeff,output,USD/kg,18.8,
costs.transformer_mass_cost_coeff,output,USD/kg,18.8,
costs.hvac_mass_cost_coeff,output,USD/kg,124.0,
costs.cover_mass_cost_coeff,output,USD/kg,5.7,
costs.elec_connec_machine_rating_cost_coeff,output,USD/kW,41.85,
costs.platforms_mass_cost_coeff,output,USD/kg,17.1,
costs.tower_mass_cost_coeff,output,USD/kg,2.9,
costs.controls_machine_rating_cost_coeff,output,USD/kW,21.15,
costs.crane_cost,output,USD,12000.0,
costs.electricity_price,output,USD/kW/h,0.04,
costs.reserve_margin_price,output,USD/kW/year,120.0,
costs.capacity_credit,output,,1.0,
costs.benchmark_price,output,USD/kW/h,0.071,
costs.turbine_number,output,n/a,120,Number of turbines at plant
env.rho_air,output,kg/m**3,1.225,Density of air
env.mu_air,output,kg/m/s,1.81e-05,Dynamic viscosity of air
env.shear_exp,output,,0.11,Shear exponent of the wind.
env.speed_sound_air,output,m/s,340.0,Speed of sound in air.
env.weibull_k,output,,2.0,Shape parameter of the Weibull probability density function of the wind.
env.rho_water,output,kg/m**3,1025.0,Density of ocean water
env.mu_water,output,kg/m/s,0.0013351,Dynamic viscosity of ocean water
env.water_depth,output,m,320.0,Water depth for analysis.  Values > 0 mean offshore
env.Hsig_wave,output,m,6.0,Significant wave height
env.Tsig_wave,output,s,10.0,Significant wave period
env.G_soil,output,N/m**2,140000000.0,Shear stress of soil
env.nu_soil,output,,0.4,Poisson ratio of soil
floating.member_spar:joint1,output,m,"[0.0, 0.0, -40.0]",
floating.member_spar:joint2,output,m,"[0.0, 0.0, -15.0]",
floating.member_spar:height,output,m,25.0,
floating.member_spar:s_ghost1,output,,0.0,
floating.member_spar:s_ghost2,output,,1.0,
floating.member_fairlead_leg1:joint1,output,m,"[5.2, 0.0, -70.0]",
floating.member_fairlead_leg1:joint2,output,m,"[0.0, 0.0, -30.3845]",
floating.member_fairlead_leg1:height,output,m,39.95532305275481,
floating.member_fairlead_leg1:s_ghost1,output,,0.0,
floating.member_fairlead_leg1:s_ghost2,output,,0.8823686147201368,
floating.member_fairlead_leg2:joint1,output,m,"[-2.5999999999999988, 4.503332099679081, -70.0]",
floating.member_fairlead_leg2:joint2,output,m,"[0.0, 0.0, -30.3845]",
floating.member_fairlead_leg2:height,output,m,39.95532305275481,
floating.member_fairlead_leg2:s_ghost1,output,,0.0,
floating.member_fairlead_leg2:s_ghost2,output,,0.8823686147201368,
floating.member_fairlead_leg3:joint1,output,m,"[-2.6000000000000023, -4.50333209967908, -70.0]",
floating.member_fairlead_leg3:joint2,output,m,"[0.0, 0.0, -30.3845]",
floating.member_fairlead_leg3:height,output,m,39.95532305275481,
floating.member_fairlead_leg3:s_ghost1,output,,0.0,
floating.member_fairlead_leg3:s_ghost2,output,,0.8823686147201368,
floating.joints_xyz,output,m,"[[0.0, 0.0, -40.0], [0.0, 0.0, -15.0], [5.2, 0.0, -70.0], [-2.5999999999999988, 4.503332099679081, -70.0], [-2.6000000000000023, -4.50333209967908, -70.0], [853.87, 0.0, -320.0], [-426.93499999999983, 739.4731115294187, -320.0], [-426.9350000000004, -739.4731115294185, -320.0], [0.0, 0.0, -30.3845]]",
floating.transition_node,output,m,"[0.0, 0.0, 10.0]",
floating.transition_piece_mass,output,kg,0.0,point mass of transition piece
floating.transition_piece_cost,output,USD,0.0,cost of transition piece
floating.memgrid0.outer_diameter,output,m,"[9.4, 9.4, 9.4, 9.4, 6.5, 6.5]",
floating.memgrid0.ca_usr_grid,output,,"[-1.0, -1.0, -1.0, -1.0, -1.0, -1.0]",
floating.memgrid0.cd_usr_grid,output,,"[-1.0, -1.0, -1.0, -1.0, -1.0, -1.0]",
floating.memgrid0.layer_thickness,output,m,"[[0.08, 0.08, 0.08, 0.08, 0.08, 0.08]]",
floating.memgrid1.outer_diameter,output,m,"[1.0, 1.0]",
floating.memgrid1.ca_usr_grid,output,,"[-1.0, -1.0]",
floating.memgrid1.cd_usr_grid,output,,"[-1.0, -1.0]",
floating.memgrid1.layer_thickness,output,m,"[[0.1, 0.1]]",
floating.memgrid2.outer_diameter,output,m,"[1.0, 1.0]",
floating.memgrid2.ca_usr_grid,output,,"[-1.0, -1.0]",
floating.memgrid2.cd_usr_grid,output,,"[-1.0, -1.0]",
floating.memgrid2.layer_thickness,output,m,"[[0.1, 0.1]]",
floating.memgrid3.outer_diameter,output,m,"[1.0, 1.0]",
floating.memgrid3.ca_usr_grid,output,,"[-1.0, -1.0]",
floating.memgrid3.cd_usr_grid,output,,"[-1.0, -1.0]",
floating.memgrid3.layer_thickness,output,m,"[[0.1, 0.1]]",
floating.memgrp0.s_in,output,,"[0.0, 0.8308, 0.8923, 1.0]",
floating.memgrp0.s,output,,"[0.0, 0.38462, 0.4, 0.8308, 0.8923, 1.0]",
floating.memgrp0.outer_diameter_in,output,m,"[9.4, 9.4, 6.5, 6.5]",
floating.memgrp0.ca_usr_geom,output,,"[-1.0, -1.0, -1.0, -1.0]",
floating.memgrp0.cd_usr_geom,output,,"[-1.0, -1.0, -1.0, -1.0]",
floating.memgrp0.layer_thickness_in,output,m,"[[0.08, 0.08, 0.08, 0.08]]",
floating.memgrp0.bulkhead_grid,output,,"[0.0, 0.1, 0.5, 0.8308, 1.0]",
floating.memgrp0.bulkhead_thickness,output,m,"[0.1, 0.05, 0.05, 0.05, 0.05]",
floating.memgrp0.ballast_grid,output,,"[[0.0, 0.4], [0.4, 1.0]]",
floating.memgrp0.ballast_volume,output,m**3,"[900.0, 0.0]",
floating.memgrp0.grid_axial_joints,output,,0.38462,
floating.memgrp0.outfitting_factor,output,,1.0,
floating.memgrp0.ring_stiffener_web_height,output,m,0.0,
floating.memgrp0.ring_stiffener_web_thickness,output,m,0.0,
floating.memgrp0.ring_stiffener_flange_width,output,m,0.0,
floating.memgrp0.ring_stiffener_flange_thickness,output,m,0.0,
floating.memgrp0.ring_stiffener_spacing,output,,0.0,
floating.memgrp0.axial_stiffener_web_height,output,m,0.0,
floating.memgrp0.axial_stiffener_web_thickness,output,m,0.0,
floating.memgrp0.axial_stiffener_flange_width,output,m,0.0,
floating.memgrp0.axial_stiffener_flange_thickness,output,m,0.0,
floating.memgrp0.axial_stiffener_spacing,output,rad,0.0,
floating.memgrp0.member_mass_user,output,kg,0.0,Override bottom-up calculation of total member mass with this value
floating.memgrp0.layer_materials,output,n/a,steel,
floating.memgrp0.ballast_materials,output,n/a,"['slurry', 'seawater']",
floating.memgrp1.s_in,output,,"[0.0, 1.0]",
floating.memgrp1.s,output,,"[0.0, 1.0]",
floating.memgrp1.outer_diameter_in,output,m,"[1.0, 1.0]",
floating.memgrp1.ca_usr_geom,output,,"[-1.0, -1.0]",
floating.memgrp1.cd_usr_geom,output,,"[-1.0, -1.0]",
floating.memgrp1.layer_thickness_in,output,m,"[[0.1, 0.1]]",
floating.memgrp1.bulkhead_grid,output,,"[0.0, 1.0]",
floating.memgrp1.bulkhead_thickness,output,m,"[0.02, 0.02]",
floating.memgrp1.ballast_grid,output,,[],
floating.memgrp1.ballast_volume,output,m**3,[],
floating.memgrp1.grid_axial_joints,output,,[],
floating.memgrp1.outfitting_factor,output,,1.0,
floating.memgrp1.ring_stiffener_web_height,output,m,0.0,
floating.memgrp1.ring_stiffener_web_thickness,output,m,0.0,
floating.memgrp1.ring_stiffener_flange_width,output,m,0.0,
floating.memgrp1.ring_stiffener_flange_thickness,output,m,0.0,
floating.memgrp1.ring_stiffener_spacing,output,,0.0,
floating.memgrp1.axial_stiffener_web_height,output,m,0.0,
floating.memgrp1.axial_stiffener_web_thickness,output,m,0.0,
floating.memgrp1.axial_stiffener_flange_width,output,m,0.0,
floating.memgrp1.axial_stiffener_flange_thickness,output,m,0.0,
floating.memgrp1.axial_stiffener_spacing,output,rad,0.0,
floating.memgrp1.member_mass_user,output,kg,0.0,Override bottom-up calculation of total member mass with this value
floating.memgrp1.layer_materials,output,n/a,steel,
floating.memgrp1.ballast_materials,output,n/a,[],
floating.memgrp2.s_in,output,,"[0.0, 1.0]",
floating.memgrp2.s,output,,"[0.0, 1.0]",
floating.memgrp2.outer_diameter_in,output,m,"[1.0, 1.0]",
floating.memgrp2.ca_usr_geom,output,,"[-1.0, -1.0]",
floating.memgrp2.cd_usr_geom,output,,"[-1.0, -1.0]",
floating.memgrp2.layer_thickness_in,output,m,"[[0.1, 0.1]]",
floating.memgrp2.bulkhead_grid,output,,"[0.0, 1.0]",
floating.memgrp2.bulkhead_thickness,output,m,"[0.02, 0.02]",
floating.memgrp2.ballast_grid,output,,[],
floating.memgrp2.ballast_volume,output,m**3,[],
floating.memgrp2.grid_axial_joints,output,,[],
floating.memgrp2.outfitting_factor,output,,1.0,
floating.memgrp2.ring_stiffener_web_height,output,m,0.0,
floating.memgrp2.ring_stiffener_web_thickness,output,m,0.0,
floating.memgrp2.ring_stiffener_flange_width,output,m,0.0,
floating.memgrp2.ring_stiffener_flange_thickness,output,m,0.0,
floating.memgrp2.ring_stiffener_spacing,output,,0.0,
floating.memgrp2.axial_stiffener_web_height,output,m,0.0,
floating.memgrp2.axial_stiffener_web_thickness,output,m,0.0,
floating.memgrp2.axial_stiffener_flange_width,output,m,0.0,
floating.memgrp2.axial_stiffener_flange_thickness,output,m,0.0,
floating.memgrp2.axial_stiffener_spacing,output,rad,0.0,
floating.memgrp2.member_mass_user,output,kg,0.0,Override bottom-up calculation of total member mass with this value
floating.memgrp2.layer_materials,output,n/a,steel,
floating.memgrp2.ballast_materials,output,n/a,[],
floating.memgrp3.s_in,output,,"[0.0, 1.0]",
floating.memgrp3.s,output,,"[0.0, 1.0]",
floating.memgrp3.outer_diameter_in,output,m,"[1.0, 1.0]",
floating.memgrp3.ca_usr_geom,output,,"[-1.0, -1.0]",
floating.memgrp3.cd_usr_geom,output,,"[-1.0, -1.0]",
floating.memgrp3.layer_thickness_in,output,m,"[[0.1, 0.1]]",
floating.memgrp3.bulkhead_grid,output,,"[0.0, 1.0]",
floating.memgrp3.bulkhead_thickness,output,m,"[0.02, 0.02]",
floating.memgrp3.ballast_grid,output,,[],
floating.memgrp3.ballast_volume,output,m**3,[],
floating.memgrp3.grid_axial_joints,output,,[],
floating.memgrp3.outfitting_factor,output,,1.0,
floating.memgrp3.ring_stiffener_web_height,output,m,0.0,
floating.memgrp3.ring_stiffener_web_thickness,output,m,0.0,
floating.memgrp3.ring_stiffener_flange_width,output,m,0.0,
floating.memgrp3.ring_stiffener_flange_thickness,output,m,0.0,
floating.memgrp3.ring_stiffener_spacing,output,,0.0,
floating.memgrp3.axial_stiffener_web_height,output,m,0.0,
floating.memgrp3.axial_stiffener_web_thickness,output,m,0.0,
floating.memgrp3.axial_stiffener_flange_width,output,m,0.0,
floating.memgrp3.axial_stiffener_flange_thickness,output,m,0.0,
floating.memgrp3.axial_stiffener_spacing,output,rad,0.0,
floating.memgrp3.member_mass_user,output,kg,0.0,Override bottom-up calculation of total member mass with this value
floating.memgrp3.layer_materials,output,n/a,steel,
floating.memgrp3.ballast_materials,output,n/a,[],
high_level_tower_props.tower_ref_axis,output,m,"[[0.0, 0.0, 10.0], [0.0, 0.0, 18.000000000000004], [0.0, 0.0, 26.0], [0.0, 0.0, 34.0], [0.0, 0.0, 42.0], [0.0, 0.0, 50.0], [0.0, 0.0, 58.00000000000001], [0.0, 0.0, 66.0], [0.0, 0.0, 74.0], [0.0, 0.0, 82.00000000000001], [0.0, 0.0, 90.0]]","2D array of the coordinates (x,y,z) of the tower reference axis. The coordinate system is the global coordinate system of OpenFAST: it is placed at tower base with x pointing downwind, y pointing on the side and z pointing vertically upwards. A standard tower configuration will have zero x and y values and positive z values."
high_level_tower_props.hub_height,output,m,90.0,"Height of the hub in the global reference system, i.e. distance rotor center to ground."
materials.ply_t,output,m,"[0.0, 0.0013457042957042958, 0.000885934065934066, 0.0009843711843711845, 0.0, 0.0, 0.0, 0.0, 0.005158730158730159, 0.0, 0.0, 0.0]",1D array of the ply thicknesses of the materials. Non-composite materials are kept at 0.
materials.fvf,output,,"[0.0, 0.5310344827586206, 0.4827586206896552, 0.43448275862068964, 0.0, 0.0, 0.0, 0.0, 0.1076923076923077, 0.0, 0.0, 0.0]",1D array of the non-dimensional fiber volume fraction of the composite materials. Non-composite materials are kept at 0.
materials.fwf,output,,"[0.0, 0.7191091954022988, 0.6784715750232991, 0.6346377373111197, 0.0, 0.0, 0.0, 0.0, 0.15889029003783103, 0.0, 0.0, 0.0]",1D array of the non-dimensional fiber weight- fraction of the composite materials. Non-composite materials are kept at 0.
materials.E,output,Pa,"[[3440000000.0, 3440000000.0, 3440000000.0], [41800000000.0, 14000000000.0, 2630000000.0], [27700000000.0, 13650000000.0, 7200000000.0], [13600000000.0, 13300000000.0, 11800000000.0], [200000000000.0, 200000000000.0, 200000000000.0], [205000000000.0, 205000000000.0, 205000000000.0], [118000000000.0, 118000000000.0, 118000000000.0], [98460000.0, 98460000.0, 98460000.0], [114500000000.0, 8390000000.0, 5990000000.0], [1000000.0, 1000000.0, 1000000.0], [1.0, 1.0, 1.0], [4560000.0, 4560000.0, 4560000.0]]","2D array of the Youngs moduli of the materials. Each row represents a material, the three columns represent E11, E22 and E33."
materials.G,output,Pa,"[[1323000000.0, 1323000000.0, 1323000000.0], [2630000000.0, 2630000000.0, 2630000000.0], [7200000000.0, 7200000000.0, 7200000000.0], [11800000000.0, 11800000000.0, 11800000000.0], [79300000000.0, 79300000000.0, 79300000000.0], [80000000000.0, 80000000000.0, 80000000000.0], [47600000000.0, 47600000000.0, 47600000000.0], [98460000.0, 98460000.0, 98460000.0], [5990000000.0, 5990000000.0, 5990000000.0], [384615.3846153846, 384615.3846153846, 384615.3846153846], [1.0, 1.0, 1.0], [1520000.0, 1520000.0, 1520000.0]]","2D array of the shear moduli of the materials. Each row represents a material, the three columns represent G12, G13 and G23."
materials.nu,output,,"[[0.3, 0.3, 0.3], [0.28, 0.28, 0.28], [0.39, 0.39, 0.39], [0.49, 0.49, 0.49], [0.3, 0.3, 0.3], [0.3, 0.3, 0.3], [0.3, 0.3, 0.3], [0.3, 0.3, 0.3], [0.27, 0.27, 0.27], [0.3, 0.3, 0.3], [0.3, 0.3, 0.3], [0.49, 0.49, 0.49]]","2D array of the Poisson ratio of the materials. Each row represents a material, the three columns represent nu12, nu13 and nu23."
materials.Xt,output,Pa,"[[74000000.0, 74000000.0, 74000000.0], [1060000000.0, 66300000.0, 26600000.0], [54500000.0, 54500000.0, 26600000.0], [54470000.0, 54470000.0, 26600000.0], [450000000.0, 450000000.0, 450000000.0], [814000000.0, 814000000.0, 814000000.0], [310000000.0, 310000000.0, 310000000.0], [6040000.0, 6040000.0, 6040000.0], [2236000000.0, 0.0, 0.0], [61510000.0, 61510000.0, 61510000.0], [0.0, 0.0, 0.0], [690000.0, 690000.0, 690000.0]]","2D array of the Ultimate Tensile Strength (UTS) of the materials. Each row represents a material, the three columns represent Xt12, Xt13 and Xt23."
materials.Xc,output,Pa,"[[87000000.0, 87000000.0, 87000000.0], [826000000.0, 196000000.0, 197000000.0], [74100000.0, 74100000.0, 197000000.0], [74100000.0, 74100000.0, 197000000.0], [450000000.0, 450000000.0, 450000000.0], [814000000.0, 814000000.0, 814000000.0], [310000000.0, 310000000.0, 310000000.0], [5100000.0, 5100000.0, 5100000.0], [1528000000.0, 0.0, 0.0], [65360000.0, 65360000.0, 65360000.0], [0.0, 0.0, 0.0], [400000.0, 400000.0, 400000.0]]","2D array of the Ultimate Compressive Strength (UCS) of the materials. Each row represents a material, the three columns represent Xc12, Xc13 and Xc23."
materials.S,output,Pa,"[[0.0, 0.0, 0.0], [0.0, 0.0, 0.0], [0.0, 0.0, 0.0], [0.0, 0.0, 0.0], [0.0, 0.0, 0.0], [0.0, 0.0, 0.0], [0.0, 0.0, 0.0], [0.0, 0.0, 0.0], [0.0, 0.0, 0.0], [0.0, 0.0, 0.0], [0.0, 0.0, 0.0], [310000.0, 310000.0, 310000.0]]","2D array of the Ultimate Shear Strength (USS) of the materials. Each row represents a material, the three columns represent S12, S13 and S23."
materials.sigma_y,output,Pa,"[0.0, 0.0, 0.0, 0.0, 345000000.0, 485000000.0, 265000000.0, 0.0, 0.0, 0.0, 0.0, 0.0]",Yield stress of the material (in the principle direction for composites).
materials.wohler_exp,output,,"[1.0, 10.0, 10.0, 10.0, 3.0, 3.0, 3.0, 1.0, 16.1, 1.0, 1.0, 1.0]",Exponent of S-N Wohler fatigue curve in the form of S = A*N^-(1/m).
materials.wohler_intercept,output,,"[87000000.0, 1060000000.0, 197000000.0, 197000000.0, 35534648443.719765, 35534648443.719765, 310000000.0, 6040000.0, 2236000000.0, 65360000.0, 0.0, 690000.0]","Stress-intercept (A) of S-N Wohler fatigue curve in the form of S = A*N^-(1/m), taken as ultimate stress unless otherwise specified."
materials.unit_cost,output,USD/kg,"[7.23, 1.87, 2.86, 3.0, 0.7, 0.9, 0.5, 13.0, 30.0, 3.63, 1.0, 9.0]",1D array of the unit costs of the materials.
materials.waste,output,,"[0.25, 0.05, 0.15, 0.15, 0.0, 0.0, 0.0, 0.2, 0.05, 0.0, 0.0, 0.0]",1D array of the non-dimensional waste fraction of the materials.
materials.roll_mass,output,kg,"[0.0, 0.0, 181.4368, 181.4368, 0.0, 0.0, 0.0, 0.0, 0.0, 0.0, 0.0, 0.0]",1D array of the roll mass of the composite fabrics. Non-composite materials are kept at 0.
materials.orth,output,n/a,"[0.0, 1.0, 1.0, 1.0, 0.0, 0.0, 0.0, 0.0, 1.0, 0.0, 0.0, 0.0]",1D array of flags to set whether a material is isotropic (0) or orthtropic (1). Each entry represents a material.
mooring.nodes_mass,output,kg,"[0.0, 0.0, 0.0, 0.0, 0.0, 0.0]",
mooring.nodes_volume,output,m**3,"[0.0, 0.0, 0.0, 0.0, 0.0, 0.0]",
mooring.nodes_added_mass,output,,"[0.0, 0.0, 0.0, 0.0, 0.0, 0.0]",
mooring.nodes_drag_area,output,m**2,"[0.0, 0.0, 0.0, 0.0, 0.0, 0.0]",
mooring.anchor_mass,output,kg,"[0.0, 0.0, 0.0]",
mooring.anchor_cost,output,USD,"[0.0, 0.0, 0.0]",
mooring.anchor_max_vertical_load,output,N,"[1e+30, 1e+30, 1e+30]",
mooring.anchor_max_lateral_load,output,N,"[1e+30, 1e+30, 1e+30]",
mooring.node_names,output,n/a,"['line1_anchor', 'line2_anchor', 'line3_anchor', 'line1_vessel', 'line2_vessel', 'line3_vessel']",
mooring.n_lines,output,n/a,3,
mooring.line_id,output,n/a,"['main', 'main', 'main']",
mooring.mooring_nodes,output,m,"[[853.87, 0.0, -320.0], [-426.93499999999983, 739.4731115294187, -320.0], [-426.9350000000004, -739.4731115294185, -320.0], [5.2, 0.0, -70.0], [-2.5999999999999988, 4.503332099679081, -70.0], [-2.6000000000000023, -4.50333209967908, -70.0]]",
mooring.fairlead_nodes,output,m,"[[-2.6000000000000023, -4.50333209967908, -70.0], [5.2, 0.0, -70.0], [-2.5999999999999988, 4.503332099679081, -70.0]]",
mooring.fairlead,output,m,"[70.0, 70.0, 70.0]",
mooring.fairlead_radius,output,m,"[5.2, 5.2, 5.2]",
mooring.anchor_nodes,output,m,"[[-426.9350000000004, -739.4731115294185, -320.0], [853.87, 0.0, -320.0], [-426.93499999999983, 739.4731115294187, -320.0]]",
mooring.anchor_radius,output,m,"[853.8700000000001, 853.8699999999999, 853.87]",
mooring.unstretched_length,output,m,"[902.2, 902.2, 902.2]",
mooring.line_diameter,output,m,"[0.09, 0.09, 0.09]",
mooring.line_mass_density,output,kg/m,"[161.18999999999997, 161.18999999999997, 161.18999999999997]",
mooring.line_stiffness,output,N,"[691740000.0, 691740000.0, 691740000.0]",
mooring.line_breaking_load,output,N,"[9911347.2, 9911347.2, 9911347.2]",
mooring.line_cost_rate,output,USD/m,"[416.6761499999999, 416.6761499999999, 416.6761499999999]",
mooring.line_transverse_added_mass,output,kg/m,"[1.0, 1.0, 1.0]",
mooring.line_tangential_added_mass,output,kg/m,"[0.0, 0.0, 0.0]",
mooring.line_transverse_drag,output,,"[1.6, 1.6, 1.6]",
mooring.line_tangential_drag,output,,"[0.1, 0.1, 0.1]",
tower.ref_axis,output,m,"[[0.0, 0.0, 10.0], [0.0, 0.0, 17.76], [0.0, 0.0, 25.52], [0.0, 0.0, 33.28], [0.0, 0.0, 41.04], [0.0, 0.0, 48.8], [0.0, 0.0, 56.56], [0.0, 0.0, 64.32], [0.0, 0.0, 72.08], [0.0, 0.0, 79.84], [0.0, 0.0, 87.6]]","2D array of the coordinates (x,y,z) of the tower reference axis. The coordinate system is the global coordinate system of OpenFAST: it is placed at tower base with x pointing downwind, y pointing on the side and z pointing vertically upwards. A standard tower configuration will have zero x and y values and positive z values."
tower.diameter,output,m,"[6.5, 6.24, 5.97, 5.71, 5.45, 5.18, 4.92, 4.66, 4.4, 4.13, 3.8699999999999997]",1D array of the outer diameter values defined along the tower axis.
tower.cd,output,,"[1.0, 1.0, 1.0, 1.0, 1.0, 1.0, 1.0, 1.0, 1.0, 1.0, 1.0]",1D array of the drag coefficients defined along the tower height.
tower.layer_thickness,output,m,"[[0.027, 0.0262, 0.0254, 0.0246, 0.0238, 0.023, 0.0222, 0.0214, 0.0206, 0.0198, 0.019000000000000003]]","2D array of the thickness of the layers of the tower structure. The first dimension represents each layer, the second dimension represents each piecewise-constant entry of the tower sections."
tower.outfitting_factor,output,,1.083,Multiplier that accounts for secondary structure mass inside of tower
tower.tower_mass_user,output,kg,0.0,Override bottom-up calculation of total tower mass with this value
tower.layer_name,output,n/a,tower_wall,1D array of the names of the layers modeled in the tower structure.
tower.layer_mat,output,n/a,steel,1D array of the names of the materials of each layer modeled in the tower structure.
tower_grid.s,output,,"[0.0, 0.10000000000000005, 0.2, 0.3, 0.4, 0.5, 0.6000000000000001, 0.7, 0.8, 0.9000000000000001, 1.0]","1D array of the non-dimensional grid defined along the tower axis (0-tower base, 1-tower top)"
tower_grid.height,output,m,80.0,Scalar of the tower height computed along the z axis.
tower_grid.length,output,m,80.0,Scalar of the tower length computed along its curved axis. A standard straight tower will be as high as long.
tower_grid.foundation_height,output,m,10.0,Foundation height in respect to the ground level.
